game_id,season,week,kickoff,actual_margin,rolling_recency,frozen_recency,rolling_v0,frozen_v0
2018_01_ATL_PHI,2018,1,2018-09-06T20:20-04:00,6.0,-0.4177990697489866,-0.41555790030942497,3.6138365405258286,3.6151534218099224
2018_01_BUF_BAL,2018,1,2018-09-09T13:00-04:00,44.0,11.257632689476404,11.254230792749485,4.759554503649869,4.7595947673257655
2018_01_CIN_IND,2018,1,2018-09-09T13:00-04:00,-11.0,5.541117806077903,5.933075767143702,0.7504929105212321,0.7519588846982155
2018_01_HOU_NE,2018,1,2018-09-09T13:00-04:00,7.0,12.60727821199,12.605567881253354,10.494308457785952,10.492564661736923
2018_01_JAX_NYG,2018,1,2018-09-09T13:00-04:00,-5.0,-1.1490007372446103,-1.1470341374709099,-1.556576324822914,-1.5587965450025862
2018_01_PIT_CLE,2018,1,2018-09-09T13:00-04:00,0.0,-7.177003810331699,-6.68210362749221,-3.9821622988077117,-3.981832542671203
2018_01_SF_MIN,2018,1,2018-09-09T13:00-04:00,8.0,4.70660083745623,4.698446846671514,6.957203064300311,6.956520149230182
2018_01_TB_NO,2018,1,2018-09-09T13:00-04:00,-8.0,7.580342661804032,7.582144361965282,5.464856260596324,5.4648223335742045
2018_01_TEN_MIA,2018,1,2018-09-09T13:00-04:00,7.0,-2.741510495661932,-2.7371028823567674,1.0125644284673228,1.0110628213822186
2018_01_KC_LAC,2018,1,2018-09-09T16:05-04:00,-10.0,8.060080117309738,8.440312704316392,2.6015632300830207,2.6012847648761364
2018_01_DAL_CAR,2018,1,2018-09-09T16:25-04:00,8.0,0.27603150713749836,-0.5661472736123527,2.1068101735462887,2.106172096860531
2018_01_SEA_DEN,2018,1,2018-09-09T16:25-04:00,3.0,1.2676776630425004,0.7179519503057517,-0.8684239420805433,-0.8664986835189024
2018_01_WAS_ARI,2018,1,2018-09-09T16:25-04:00,-18.0,1.9623758648417005,2.0388812514838435,2.8373365947939733,2.8374698689758513
2018_01_CHI_GB,2018,1,2018-09-09T20:20-04:00,1.0,-0.8341172179927887,-0.8363271933437506,2.458884712154749,2.458575490818859
2018_01_NYJ_DET,2018,1,2018-09-10T19:10-04:00,-31.0,16.29508280088516,15.240193894104184,4.999520857873593,4.997771449467401
2018_01_LA_OAK,2018,1,2018-09-10T22:20-04:00,-20.0,0.6047463539370456,0.7883341430546368,-0.6971898397819629,-0.6952997614887915
2018_02_BAL_CIN,2018,2,2018-09-13T20:20-04:00,11.0,0.16132196320756065,-2.822716890527042,-0.5823651184926941,0.0360696212636582
2018_02_CAR_ATL,2018,2,2018-09-16T13:00-04:00,7.0,3.025618713524275,5.471050064258393,2.832811051802996,3.4535702192085225
2018_02_CLE_NO,2018,2,2018-09-16T13:00-04:00,3.0,9.818603534620395,10.097970119111002,7.704711653141321,9.01149977487145
2018_02_HOU_TEN,2018,2,2018-09-16T13:00-04:00,3.0,0.8262407108115188,10.703154499535627,4.746215220897497,5.457549144915276
2018_02_IND_WAS,2018,2,2018-09-16T13:00-04:00,-12.0,6.899692136915802,2.199115755753304,6.603859981419827,4.220519449772681
2018_02_KC_PIT,2018,2,2018-09-16T13:00-04:00,-5.0,-0.7228959325615008,5.133502892193055,1.829433249061966,3.071771270500535
2018_02_LAC_BUF,2018,2,2018-09-16T13:00-04:00,-11.0,-4.9255820954996405,-7.832879765445307,-0.675240273489838,-0.12121994128838232
2018_02_MIA_NYJ,2018,2,2018-09-16T13:00-04:00,-8.0,1.463255041056254,-5.914932386113733,3.566805170231498,2.5161172823007982
2018_02_MIN_GB,2018,2,2018-09-16T13:00-04:00,0.0,-6.520167489602217,-4.065857514950244,-2.6901401587991884,-2.502995723301698
2018_02_PHI_TB,2018,2,2018-09-16T13:00-04:00,6.0,0.6361483019923173,-3.222281359350281,-0.3477493708812833,-1.1798437959293837
2018_02_ARI_LA,2018,2,2018-09-16T16:05-04:00,34.0,8.741916394589225,-0.6886332997105358,7.753137219129222,4.805045682414272
2018_02_DET_SF,2018,2,2018-09-16T16:05-04:00,3.0,1.900169344319198,1.0598631894023403,2.4379842561545253,1.0169239149772726
2018_02_NE_JAX,2018,2,2018-09-16T16:25-04:00,11.0,-3.662927016668506,-1.4457944958016724,-0.11033103706623404,-0.6284997148813121
2018_02_OAK_DEN,2018,2,2018-09-16T16:25-04:00,1.0,6.0361178296588704,2.658902685720454,3.654281887492895,1.9162872339491153
2018_02_NYG_DAL,2018,2,2018-09-16T20:20-04:00,7.0,6.852748102439436,6.882707925407546,6.417227883038326,6.600838125643504
2018_02_SEA_CHI,2018,2,2018-09-17T20:15-04:00,7.0,0.9920600216389202,4.569350536582632,0.15187278874438492,-0.24837800618437633
2018_03_NYJ_CLE,2018,3,2018-09-20T20:20-04:00,4.0,1.5015298633245382,4.255920099747979,0.38866032166598163,0.3697517795505836
2018_03_BUF_MIN,2018,3,2018-09-23T13:00-04:00,-21.0,9.875362571635872,12.205468911956158,8.863934449343366,6.711337638365851
2018_03_CIN_CAR,2018,3,2018-09-23T13:00-04:00,10.0,1.8736068082432653,3.8275167595798716,2.852861974101559,4.4720071118603375
2018_03_DEN_BAL,2018,3,2018-09-23T13:00-04:00,13.0,7.216103345943519,8.633891606846237,6.668835583203411,6.127949020414998
2018_03_GB_WAS,2018,3,2018-09-23T13:00-04:00,14.0,7.64642299513797,6.104572570742814,3.0707205070377688,3.0598008079961683
2018_03_IND_PHI,2018,3,2018-09-23T13:00-04:00,4.0,8.502124185103568,0.6304116990144149,7.479360964987606,8.288771868180566
2018_03_NO_ATL,2018,3,2018-09-23T13:00-04:00,-6.0,2.887493113041429,5.149101366378503,3.5962530350278277,2.0998680405452568
2018_03_NYG_HOU,2018,3,2018-09-23T13:00-04:00,-5.0,1.5401600377196016,-0.7346534184978762,2.3879327743870906,1.694731598146975
2018_03_OAK_MIA,2018,3,2018-09-23T13:00-04:00,8.0,4.567802412100147,3.872786092089475,4.575013548426981,2.0086463294285437
2018_03_SF_KC,2018,3,2018-09-23T13:00-04:00,11.0,6.99987391853766,-1.1558906320435596,6.7562524637007275,5.265117687276577
2018_03_TEN_JAX,2018,3,2018-09-23T13:00-04:00,-3.0,8.166429485063356,0.45661888591605404,6.077856900501608,4.406515801940335
2018_03_LAC_LA,2018,3,2018-09-23T16:05-04:00,12.0,3.9931070303874416,-3.7744953458439534,5.409844901465146,2.289438333162062
2018_03_CHI_ARI,2018,3,2018-09-23T16:25-04:00,-2.0,0.059116194904371366,2.7296435010743965,-0.2684504231644671,3.3558461677908786
2018_03_DAL_SEA,2018,3,2018-09-23T16:25-04:00,11.0,1.388495619714805,-1.7062646572672189,1.9314763125275216,2.3366450268404404
2018_03_NE_DET,2018,3,2018-09-23T20:20-04:00,16.0,-4.856292713065844,0.10826211610744774,-1.9558175289266888,-1.5100639636712279
2018_03_PIT_TB,2018,3,2018-09-24T20:15-04:00,-3.0,1.3096417186228524,-4.166277870346493,1.8630345741436347,-0.43515510137395896
2018_04_MIN_LA,2018,4,2018-09-27T20:20-04:00,7.0,6.210487167094133,-3.5080415776133558,5.764126316978254,0.6993206360845932
2018_04_BUF_GB,2018,4,2018-09-30T13:00-04:00,22.0,-0.050749924854800454,5.82008993963519,1.757619352391889,1.7083419150641523
2018_04_CIN_ATL,2018,4,2018-09-30T13:00-04:00,-1.0,5.193614366868756,6.979045366467544,3.6270677424494013,5.42557733106886
2018_04_DET_DAL,2018,4,2018-09-30T13:00-04:00,2.0,1.194379540022072,1.8620957186567932,2.5397816441214593,3.4236058294308336
2018_04_HOU_IND,2018,4,2018-09-30T13:00-04:00,-3.0,4.2043915562317835,8.972093717058087,4.227968638837057,3.2922303971949383
2018_04_MIA_NE,2018,4,2018-09-30T13:00-04:00,31.0,8.40045960531864,9.278559178815943,5.00892168993853,9.023952695439428
2018_04_NYJ_JAX,2018,4,2018-09-30T13:00-04:00,19.0,7.373730859571683,13.501457921396248,5.926927420610366,5.879335698257318
2018_04_PHI_TEN,2018,4,2018-09-30T13:00-04:00,3.0,-1.2609190365220786,5.739691998204567,-0.4662082956969966,-1.123453120460228
2018_04_TB_CHI,2018,4,2018-09-30T13:00-04:00,38.0,0.3016669268752068,8.677706294307125,1.2251773123567036,1.5932150787064714
2018_04_CLE_OAK,2018,4,2018-09-30T16:05-04:00,3.0,2.3338070121931196,6.8180728760274185,2.6768172754672355,5.105484608720074
2018_04_SEA_ARI,2018,4,2018-09-30T16:05-04:00,-3.0,-6.4966654434515725,4.917912793353366,-2.3993640475548403,0.6074681616065019
2018_04_NO_NYG,2018,4,2018-09-30T16:25-04:00,-15.0,-3.5952362550752794,0.5047343832358955,-1.6664456467627957,-2.560712401167301
2018_04_SF_LAC,2018,4,2018-09-30T16:25-04:00,2.0,9.326700087979606,4.9649006149021115,5.053750127912241,5.366402452152713
2018_04_BAL_PIT,2018,4,2018-09-30T20:20-04:00,-12.0,3.1622001062039855,0.1688437457517169,1.780150425339701,3.3321116795870154
2018_04_KC_DEN,2018,4,2018-10-01T20:15-04:00,-4.0,-6.455669790980551,1.0929300282024228,-3.5471958815216027,-1.3882894295014783
2018_05_IND_NE,2018,5,2018-10-04T20:20-04:00,14.0,10.505324831145668,5.952995621565986,8.527458872256032,9.700334264541985
2018_05_ATL_PIT,2018,5,2018-10-07T13:00-04:00,24.0,1.3436406432458003,0.7131179714855994,2.3224845155944447,2.8704647272544976
2018_05_BAL_CLE,2018,5,2018-10-07T13:00-04:00,3.0,-4.568807135792827,-8.77122155217828,-4.391253764407763,-3.1497208630841875
2018_05_DEN_NYJ,2018,5,2018-10-07T13:00-04:00,18.0,2.6291236896586767,-4.516369618945896,2.408125059571144,2.6084763777802267
2018_05_GB_DET,2018,5,2018-10-07T13:00-04:00,8.0,2.6540586618328104,7.647193095292221,3.6014875052418285,4.529551659094244
2018_05_JAX_KC,2018,5,2018-10-07T13:00-04:00,16.0,4.752165891759468,-0.9846118619686974,3.3191031322034066,2.900477353463934
2018_05_MIA_CIN,2018,5,2018-10-07T13:00-04:00,10.0,6.1198008352098485,2.0315307048476976,5.059072033299946,3.5716595461992275
2018_05_NYG_CAR,2018,5,2018-10-07T13:00-04:00,2.0,6.743488704988491,4.427957702955038,7.621142238566162,6.207010222504035
2018_05_TEN_BUF,2018,5,2018-10-07T13:00-04:00,1.0,-2.1302863696582377,-6.81756462236079,-0.3469210562887848,2.2870579789920225
2018_05_OAK_LAC,2018,5,2018-10-07T16:05-04:00,16.0,7.903367473654588,9.944725574901486,6.493037708332043,5.9058614283267294
2018_05_ARI_SF,2018,5,2018-10-07T16:25-04:00,-10.0,3.7230662384362834,2.8215641329056895,5.199225731651192,2.1492048970994966
2018_05_LA_SEA,2018,5,2018-10-07T16:25-04:00,-2.0,-2.0534015751380306,2.4830457307375866,-1.5255438520204052,2.087486155979226
2018_05_MIN_PHI,2018,5,2018-10-07T16:25-04:00,-2.0,3.668833627754967,-2.0341898191158574,3.0219541845144957,2.125057503102355
2018_05_DAL_HOU,2018,5,2018-10-07T20:20-04:00,3.0,-0.33324427801681616,-5.297839886534702,-0.908085336492193,-2.4061065274965285
2018_05_WAS_NO,2018,5,2018-10-08T20:15-04:00,24.0,3.204750913111094,0.22539834077364018,5.286725852384552,5.853230956052705
2018_06_PHI_NYG,2018,6,2018-10-11T20:20-04:00,-21.0,-2.759903920124785,0.4102338319082681,-2.406987039890014,-3.275733863522479
2018_06_ARI_MIN,2018,6,2018-10-14T13:00-04:00,10.0,7.671647591167292,5.200489522206482,7.302200556975251,6.605725046329679
2018_06_BUF_HOU,2018,6,2018-10-14T13:00-04:00,7.0,1.767255680316549,3.072974494937334,2.6019232396600205,-0.24460712390729888
2018_06_CAR_WAS,2018,6,2018-10-14T13:00-04:00,6.0,1.1673773339033933,4.058435615585381,-0.22329918438103524,0.5004712226105597
2018_06_CHI_MIA,2018,6,2018-10-14T13:00-04:00,3.0,-3.2365028415060015,-0.6873524441347607,-0.5774017097581563,1.9742384181449026
2018_06_IND_NYJ,2018,6,2018-10-14T13:00-04:00,8.0,2.7507337371121574,-9.363615517229562,3.921947878929986,3.192498851403355
2018_06_LAC_CLE,2018,6,2018-10-14T13:00-04:00,-24.0,-4.7250215239375,-9.98891343961555,-1.8770105320237072,-3.5113460370468044
2018_06_PIT_CIN,2018,6,2018-10-14T13:00-04:00,-7.0,-0.29065390234830835,-0.7335989658409725,1.1150775008260687,-0.7960420583233567
2018_06_SEA_OAK,2018,6,2018-10-14T13:00-04:00,-24.0,-7.217519537239804,-2.2324532045576433,-4.865021769153687,-2.7827859174680176
2018_06_TB_ATL,2018,6,2018-10-14T13:00-04:00,5.0,5.03896457862163,9.980805762442497,3.010424814482988,5.064690374119461
2018_06_LA_DEN,2018,6,2018-10-14T16:05-04:00,-3.0,-7.8753064467793585,1.0661555844714292,-6.438125248276744,-1.2790125275396762
2018_06_BAL_TEN,2018,6,2018-10-14T16:25-04:00,-21.0,-0.4278280230608353,2.5218982017234723,-0.8733367030136923,0.4533472536822116
2018_06_JAX_DAL,2018,6,2018-10-14T16:25-04:00,33.0,1.4891432820512733,3.4161523305659145,0.6922678769926891,2.542041580640918
2018_06_KC_NE,2018,6,2018-10-14T20:20-04:00,3.0,3.5005754950313714,9.512090303748415,1.9377240782128418,5.228022361417378
2018_06_SF_GB,2018,6,2018-10-15T20:15-04:00,3.0,8.094056791193918,-1.686932125649454,3.66269911340144,1.9535244259284839
2018_07_DEN_ARI,2018,7,2018-10-18T20:20-04:00,-35.0,1.5509604679522795,6.519482300418338,3.0672853227624817,3.973966845125404
2018_07_BUF_IND,2018,7,2018-10-21T13:00-04:00,32.0,5.093280182326019,9.7255467546247,2.5661514457990537,0.5476232732876394
2018_07_CAR_PHI,2018,7,2018-10-21T13:00-04:00,-4.0,4.10110014016553,2.7359707065782453,4.9902395479456025,4.568723641018445
2018_07_CLE_TB,2018,7,2018-10-21T13:00-04:00,3.0,6.716628901948561,4.835347214516442,5.567910124624718,6.046677441297244
2018_07_DET_MIA,2018,7,2018-10-21T13:00-04:00,-11.0,-3.842207268810336,-2.859175431341786,-0.21911332003745798,-0.013888731768199492
2018_07_HOU_JAX,2018,7,2018-10-21T13:00-04:00,-13.0,5.215901121211035,8.840251928080956,5.299748902000177,7.364064946855611
2018_07_MIN_NYJ,2018,7,2018-10-21T13:00-04:00,-20.0,-1.8334278128920138,-11.658858313762208,-0.9792549800964769,-2.9712155136748564
2018_07_NE_CHI,2018,7,2018-10-21T13:00-04:00,-7.0,-3.4958503250284707,-2.0635608710995763,-1.0605059846295735,-3.4981911135843307
2018_07_NO_BAL,2018,7,2018-10-21T16:05-04:00,-1.0,0.232657230572336,5.262457083581818,2.961285483251115,1.6382210882127393
2018_07_DAL_WAS,2018,7,2018-10-21T16:25-04:00,3.0,2.316607367653351,1.2343266715352441,0.006168806231367618,0.10664331947109096
2018_07_LA_SF,2018,7,2018-10-21T16:25-04:00,-29.0,-8.17121634877897,5.706599316121074,-4.683741874637272,-0.1558407853147754
2018_07_CIN_KC,2018,7,2018-10-21T20:20-04:00,35.0,7.7422885792466065,2.5586604457600886,6.580956683931954,5.224270787822822
2018_07_TEN_LAC,2018,7,2018-10-21T21:30-04:00,1.0,6.466134790334489,0.6622528870086404,4.967781535290801,2.4082779202804048
2018_07_NYG_ATL,2018,7,2018-10-22T20:15-04:00,3.0,9.368267175027604,6.779209079714516,6.598355665375097,7.160580441712558
2018_08_MIA_HOU,2018,8,2018-10-25T20:20-04:00,19.0,4.787213838762582,-1.007487245066689,4.243963769851259,1.031388033702505
2018_08_BAL_CAR,2018,8,2018-10-28T13:00-04:00,15.0,0.803130983554395,-1.1300422275190782,-0.3270863348857733,2.0080767331239953
2018_08_CLE_PIT,2018,8,2018-10-28T13:00-04:00,15.0,12.008714687098406,11.752065050764221,9.466075146831027,8.981832542671203
2018_08_DEN_KC,2018,8,2018-10-28T13:00-04:00,7.0,11.716513354325137,3.36143352574021,10.39804429715548,6.388289429501478
2018_08_NYJ_CHI,2018,8,2018-10-28T13:00-04:00,14.0,7.079075150128589,13.068370906897162,5.120796788251836,3.0096442995542994
2018_08_SEA_DET,2018,8,2018-10-28T13:00-04:00,-14.0,-0.4832068844668802,6.310255015259089,1.4028151989949196,1.7397491437287258
2018_08_TB_CIN,2018,8,2018-10-28T13:00-04:00,3.0,2.778105404748738,5.752200361876243,2.681167416602176,2.139113043050602
2018_08_WAS_NYG,2018,8,2018-10-28T13:00-04:00,-7.0,-3.862676306347939,-1.2200300117635603,-0.8705557938665449,0.7925185548854055
2018_08_IND_OAK,2018,8,2018-10-28T16:05-04:00,-14.0,-1.7603080563333162,-2.1283882260674183,-0.9778366750329974,3.667735239674013
2018_08_GB_LA,2018,8,2018-10-28T16:25-04:00,2.0,7.90329034311073,2.5079786731099833,10.12044762824605,5.702316359386291
2018_08_SF_ARI,2018,8,2018-10-28T16:25-04:00,3.0,1.3581602799195713,2.00215814263457,1.8286207363645226,2.8507951029005034
2018_08_NO_MIN,2018,8,2018-10-28T20:20-04:00,-10.0,-0.3025846429823984,6.5830539243861175,1.821731713601407,3.5899639592528243
2018_08_PHI_JAX,2018,8,2018-10-28T21:30-04:00,-6.0,-5.82116237309385,1.2042057133032973,-3.6766937394476322,-1.7169373185198935
2018_08_NE_BUF,2018,8,2018-10-29T20:15-04:00,-19.0,-11.172651153194685,-8.719978004078518,-6.7454781415837495,-2.747957537829624
2018_09_OAK_SF,2018,9,2018-11-01T20:20-04:00,31.0,-1.4834588027012678,7.299346417370099,4.844064947026342,3.039458976174016
2018_09_ATL_WAS,2018,9,2018-11-04T13:00-05:00,-24.0,-0.7246346897743456,0.783787434831835,2.771661793757722,-0.45309899659796304
2018_09_CHI_BUF,2018,9,2018-11-04T13:00-05:00,-32.0,-7.1795483418739785,-4.398455462541155,-3.8790774349109434,3.2502335757547067
2018_09_DET_MIN,2018,9,2018-11-04T13:00-05:00,15.0,4.932597989700659,3.377228791770194,5.047800787341686,5.473444064207455
2018_09_KC_CLE,2018,9,2018-11-04T13:00-05:00,-16.0,-5.573713029261838,-3.8681221926698783,-7.605038748166152,-3.410061272170668
2018_09_NYJ_MIA,2018,9,2018-11-04T13:00-05:00,7.0,2.1841950369048124,10.677094874721055,1.7761384087329501,2.4838827176992018
2018_09_PIT_BAL,2018,9,2018-11-04T13:00-05:00,-7.0,0.5596584816385768,4.408639382056792,2.262225043220777,1.6678883204129848
2018_09_TB_CAR,2018,9,2018-11-04T13:00-05:00,14.0,8.124652705658,7.4448750248842055,6.456510007210397,4.111120154910939
2018_09_HOU_DEN,2018,9,2018-11-04T16:05-05:00,-2.0,-2.325270734452704,4.186407605707361,0.8189410104590493,3.8762528708180666
2018_09_LAC_SEA,2018,9,2018-11-04T16:05-05:00,-8.0,1.746705272658442,-3.8572102202088425,3.3338578394563534,1.876924489141288
2018_09_LA_NO,2018,9,2018-11-04T16:25-05:00,10.0,2.846352281257805,3.883552025339407,1.9522369486861288,3.2107154046625825
2018_09_GB_NE,2018,9,2018-11-04T20:20-05:00,14.0,7.812480683786143,9.79689264962256,8.448668549262758,8.53961562276547
2018_09_TEN_DAL,2018,9,2018-11-05T20:15-05:00,-14.0,4.120566214523791,1.5532497591112464,5.25679192315346,4.448557382581252
2018_10_CAR_PIT,2018,10,2018-11-08T20:20-05:00,31.0,3.429301539713585,3.679967217574456,3.3947034702144685,3.82403494646302
2018_10_ARI_KC,2018,10,2018-11-11T13:00-05:00,12.0,17.431247669479838,-1.0847664650391584,13.117674301221214,4.914322584376074
2018_10_ATL_CLE,2018,10,2018-11-11T13:00-05:00,12.0,-9.040582433454517,-8.288507113377335,-3.4589677405604844,-3.6113678154167053
2018_10_BUF_NYJ,2018,10,2018-11-11T13:00-05:00,-31.0,5.133420007368416,-1.772910859176772,6.034610545551855,1.2401221246909944
2018_10_DET_CHI,2018,10,2018-11-11T13:00-05:00,12.0,4.054610265190773,0.1476984701636994,5.1352159028621065,0.5118728500868976
2018_10_JAX_IND,2018,10,2018-11-11T13:00-05:00,3.0,5.5986886953659845,2.4513632463478547,3.0281591766518257,-1.5718345496606725
2018_10_NE_TEN,2018,10,2018-11-11T13:00-05:00,24.0,-5.243970733250666,0.3555482887200565,-3.3643354755159773,-2.5350155168216464
2018_10_NO_CIN,2018,10,2018-11-11T13:00-05:00,-37.0,-6.561225862182653,0.9204959658122477,-4.528192009473086,-0.8257092905236023
2018_10_WAS_TB,2018,10,2018-11-11T13:00-05:00,-13.0,-1.1008011585735678,-4.606306055290355,2.4070863362739594,2.8884086224785017
2018_10_LAC_OAK,2018,10,2018-11-11T16:05-05:00,-14.0,-9.54867136666282,-5.121003299361224,-8.883323391580653,-0.9058614283267294
2018_10_MIA_GB,2018,10,2018-11-11T16:25-05:00,19.0,6.517114779712482,1.7396281996311673,5.124309819303274,2.984337072673956
2018_10_SEA_LA,2018,10,2018-11-11T16:25-05:00,5.0,5.090497569038121,1.9713178232050461,4.885941910350729,2.912513844020774
2018_10_DAL_PHI,2018,10,2018-11-11T20:20-05:00,-7.0,7.935912542545179,0.09654112332692177,5.454989398115514,4.174895737878976
2018_10_NYG_SF,2018,10,2018-11-12T20:15-05:00,-4.0,1.8567551928130148,5.772676461488403,4.801623899278529,4.194156211189942
2018_11_GB_SEA,2018,11,2018-11-15T20:20-05:00,3.0,4.8242969898262125,3.2255410288732893,5.279975083339215,5.289802515365517
2018_11_CAR_DET,2018,11,2018-11-18T13:00-05:00,1.0,-2.012721748486648,5.477936566268913,-0.1292722509484272,1.970222073708635
2018_11_CIN_BAL,2018,11,2018-11-18T13:00-05:00,3.0,5.094241895997829,7.892678313799054,7.560874209509897,4.963930378736341
2018_11_DAL_ATL,2018,11,2018-11-18T13:00-05:00,-3.0,5.88524596778034,2.400701972476504,1.4940026158347588,3.0597423160690536
2018_11_HOU_WAS,2018,11,2018-11-18T13:00-05:00,-2.0,3.0605294246762003,8.420769506910103,1.6473582547418393,5.012749846967619
2018_11_PIT_JAX,2018,11,2018-11-18T13:00-05:00,-4.0,-6.3327791583320705,2.563434194156061,-4.317122849776531,1.5277513760355312
2018_11_TB_NYG,2018,11,2018-11-18T13:00-05:00,3.0,3.318729639769698,5.705797500897517,1.6185945066059144,0.40410993240690374
2018_11_TEN_IND,2018,11,2018-11-18T13:00-05:00,28.0,2.4472522530047804,0.5884606748931867,0.3241200926684069,0.33468125227966183
2018_11_DEN_LAC,2018,11,2018-11-18T16:05-05:00,-1.0,10.382388593574769,9.235985624954127,8.530387585308826,6.489574194377615
2018_11_OAK_ARI,2018,11,2018-11-18T16:05-05:00,-2.0,1.7663880253531232,6.7973037418351305,6.315968891159228,3.3902540790745195
2018_11_PHI_NO,2018,11,2018-11-18T16:25-05:00,41.0,9.52482326686859,2.225020906043093,8.068378401054446,1.7849785376448208
2018_11_MIN_CHI,2018,11,2018-11-18T20:20-05:00,5.0,1.1833563568473773,-1.3409273727663362,1.6094440409070159,-2.461571214120557
2018_11_KC_LA,2018,11,2018-11-19T20:15-05:00,3.0,0.6659519330916701,2.346295901101716,1.5293575206271672,2.390723098038198
2018_12_CHI_DET,2018,12,2018-11-22T12:30-05:00,-7.0,1.9591566543730092,4.491344444577747,-1.3345297955436322,4.488127149913103
2018_12_WAS_DAL,2018,12,2018-11-22T16:30-05:00,8.0,3.298206443522374,3.404716243206203,4.529983599938181,4.893356680528909
2018_12_ATL_NO,2018,12,2018-11-22T20:20-05:00,14.0,10.212717221592506,-0.5100584516370552,11.99816696980548,2.9001319594547432
2018_12_CLE_CIN,2018,12,2018-11-25T13:00-05:00,-15.0,4.387500944241626,7.837107610491394,4.1151129093344405,5.685790484347846
2018_12_JAX_BUF,2018,12,2018-11-25T13:00-05:00,3.0,-2.2915264132272433,-4.523743542375556,-1.9596398098830985,0.38054217705168814
2018_12_NE_NYJ,2018,12,2018-11-25T13:00-05:00,-14.0,-6.909923915605345,-12.812410320626014,-6.965395733599625,-4.007835413138629
2018_12_NYG_PHI,2018,12,2018-11-25T13:00-05:00,3.0,4.384772653263528,4.228809082833178,6.687899218599787,8.275733863522479
2018_12_OAK_BAL,2018,12,2018-11-25T13:00-05:00,17.0,7.086971249277402,8.727033687464218,12.013115584970567,5.5442362543641135
2018_12_SEA_CAR,2018,12,2018-11-25T13:00-05:00,-3.0,1.8185147187029,3.2133996932938365,1.4052878289716246,2.269527070020091
2018_12_SF_TB,2018,12,2018-11-25T13:00-05:00,18.0,0.9300852501102823,-5.197067246536071,2.296419767002779,2.901733856403154
2018_12_ARI_LAC,2018,12,2018-11-25T16:05-05:00,35.0,15.750959183281278,5.4669432904370785,10.743774589623106,5.01560734925221
2018_12_MIA_IND,2018,12,2018-11-25T16:25-05:00,3.0,9.917364078954702,5.21416650609011,7.906139466881303,1.8236184308974432
2018_12_PIT_DEN,2018,12,2018-11-25T16:25-05:00,7.0,-5.569647395949684,-1.721051406619909,-4.2469869506169635,-1.9600607000020132
2018_12_GB_MIN,2018,12,2018-11-25T20:20-05:00,7.0,4.273108733265798,8.520221068892877,5.599887597276464,7.502995723301698
2018_12_TEN_HOU,2018,12,2018-11-26T20:15-05:00,17.0,4.179104876666391,-6.06411158479418,3.0092094192579677,-0.45754914491527643
2018_13_NO_DAL,2018,13,2018-11-29T20:20-05:00,3.0,-7.576202311536965,5.067920851272721,-5.207955440524978,1.5401257244762032
2018_13_ARI_GB,2018,13,2018-12-02T13:00-05:00,-3.0,12.153667574137035,-1.1848894501144867,8.986042337410982,1.6027293230279804
2018_13_BAL_ATL,2018,13,2018-12-02T13:00-05:00,-10.0,5.432867722181196,2.021486379368591,-0.7129374125208452,2.9616469523325177
2018_13_BUF_MIA,2018,13,2018-12-02T13:00-05:00,4.0,3.596332036347263,6.3999831973747465,3.549638903697474,1.2240048423901961
2018_13_CAR_TB,2018,13,2018-12-02T13:00-05:00,7.0,-2.827200616659673,-2.805832110142759,-0.7543098698851463,0.8888798450890611
2018_13_CHI_NYG,2018,13,2018-12-02T13:00-05:00,3.0,-2.647103228498133,-0.7139471229718208,-4.459635850094494,1.3108948537004326
2018_13_CLE_HOU,2018,13,2018-12-02T13:00-05:00,16.0,7.048300992731266,5.167448382174635,6.468607868716084,3.145518971851123
2018_13_DEN_CIN,2018,13,2018-12-02T13:00-05:00,-14.0,-0.8533086549216964,3.306973898149659,-0.8523036822051457,3.6640186416786564
2018_13_IND_JAX,2018,13,2018-12-02T13:00-05:00,6.0,-2.523060596064535,2.1876796683935904,0.4958363878540535,6.5718345496606725
2018_13_LA_DET,2018,13,2018-12-02T13:00-05:00,-14.0,-4.786565266010996,6.904697797156519,-4.163850790670289,1.327235299707952
2018_13_KC_OAK,2018,13,2018-12-02T16:05-05:00,-7.0,-10.25635536717976,0.4457498651880021,-11.406012525534564,-0.8045766634505935
2018_13_NYJ_TEN,2018,13,2018-12-02T16:05-05:00,4.0,8.281638692197909,15.487480066716792,7.079346284508024,3.972819896316983
2018_13_MIN_NE,2018,13,2018-12-02T16:25-05:00,14.0,3.6437409992046526,3.4730734642345302,3.8923926645699476,3.536619899463773
2018_13_SF_SEA,2018,13,2018-12-02T16:25-05:00,27.0,11.434097627894737,-0.7809125541468891,9.661772017211627,4.743326941294002
2018_13_LAC_PIT,2018,13,2018-12-02T20:20-05:00,-3.0,2.6604083694108978,-0.9872883547526156,2.3026334818081873,2.9704865056243985
2018_13_WAS_PHI,2018,13,2018-12-03T20:15-05:00,15.0,3.5282133069092025,0.56613803983302,3.7633331807584134,6.568252418407885
2018_14_JAX_TEN,2018,14,2018-12-06T20:20-05:00,21.0,3.09620434336317,4.182424028825392,2.3549314436889373,0.5934841980596652
2018_14_ATL_GB,2018,14,2018-12-09T13:00-05:00,14.0,5.238134770884606,-2.6319049569426274,3.1779979100745095,-1.0128998045941309
2018_14_BAL_KC,2018,14,2018-12-09T13:00-05:00,3.0,10.060237459837982,-2.583577902137678,5.117883644833551,2.7603404090864805
2018_14_CAR_CLE,2018,14,2018-12-09T13:00-05:00,6.0,-3.1525575232964185,-5.321657867288478,-1.3508824915897875,-2.657797596208183
2018_14_IND_HOU,2018,14,2018-12-09T13:00-05:00,-3.0,4.411657570150106,-4.33305080231664,4.730025760918551,1.7077696028050617
2018_14_NE_MIA,2018,14,2018-12-09T13:00-05:00,1.0,-7.678892096064603,-4.639516264074496,-7.330283177627367,-4.023952695439428
2018_14_NO_TB,2018,14,2018-12-09T13:00-05:00,-14.0,-10.305986434667775,-3.1277808080226515,-7.357282011778297,-0.46482233357420455
2018_14_NYG_WAS,2018,14,2018-12-09T13:00-05:00,-24.0,0.9486849331916987,5.735953352639131,3.4691584548511996,4.2074814451145945
2018_14_NYJ_BUF,2018,14,2018-12-09T13:00-05:00,-4.0,3.0645109451091908,6.411953773918217,2.600229706608614,3.7598778753090056
2018_14_CIN_LAC,2018,14,2018-12-09T16:05-05:00,5.0,15.821165686081887,8.679451692705758,12.493383843391605,5.325555552698958
2018_14_DEN_SF,2018,14,2018-12-09T16:05-05:00,6.0,-4.320544831108449,7.021524975953306,-3.5752593275357913,3.623171742224901
2018_14_DET_ARI,2018,14,2018-12-09T16:25-05:00,-14.0,-1.9090083501392003,0.4962607269344348,-0.9128613727792625,1.367719017877776
2018_14_PHI_DAL,2018,14,2018-12-09T16:25-05:00,6.0,3.6703099800858707,5.219659447676843,3.5599995257852943,0.8251042621210241
2018_14_PIT_OAK,2018,14,2018-12-09T16:25-05:00,3.0,-10.106230454439423,-1.9988728480367015,-9.260849509493138,-1.3763479339511284
2018_14_LA_CHI,2018,14,2018-12-09T20:20-05:00,9.0,-1.9448175589381602,4.917554170748309,-0.7766843439150168,-0.6608918502051502
2018_14_MIN_SEA,2018,14,2018-12-10T20:15-05:00,14.0,4.268223624111868,-3.1598379434476787,4.121917029396859,0.2868067920638193
2018_15_LAC_KC,2018,15,2018-12-13T20:20-05:00,-1.0,2.207282326125194,-3.8012697895749463,3.394662111640053,2.3987152351238636
2018_15_HOU_NYJ,2018,15,2018-12-15T16:30-05:00,-7.0,-6.559097237364648,-2.526363896743384,-4.096308569320952,3.9847292485982932
2018_15_CLE_DEN,2018,15,2018-12-15T20:20-05:00,-1.0,6.023725267089875,7.280573678243025,5.03162065238591,4.52177184266919
2018_15_ARI_ATL,2018,15,2018-12-16T13:00-05:00,26.0,11.088577073730889,3.7665369641988646,6.68002331702197,5.115629127622111
2018_15_DAL_IND,2018,15,2018-12-16T13:00-05:00,23.0,1.5477305594802067,1.3547323731526637,0.9248038344734306,-1.6138761303015903
2018_15_DET_BUF,2018,15,2018-12-16T13:00-05:00,1.0,-1.2271488991001742,-6.508718662815242,-2.2894334090693302,1.2621064258416042
2018_15_GB_CHI,2018,15,2018-12-16T13:00-05:00,7.0,4.65581447808472,5.4753701080851975,6.00891538318387,2.541424509181141
2018_15_MIA_MIN,2018,15,2018-12-16T13:00-05:00,24.0,8.225964782648909,8.063447385019197,8.056121951625624,7.987332795975655
2018_15_OAK_CIN,2018,15,2018-12-16T13:00-05:00,14.0,2.3405496227432785,3.584795339566451,4.902667281606958,3.0803058756277713
2018_15_TB_BAL,2018,15,2018-12-16T13:00-05:00,8.0,3.535743546948448,10.894438709774006,7.740948974543938,4.603043421786944
2018_15_TEN_NYG,2018,15,2018-12-16T13:00-05:00,-17.0,1.9326118346140497,-3.1946160697243924,0.9191843626600005,0.3477192569377485
2018_15_WAS_JAX,2018,15,2018-12-16T13:00-05:00,-3.0,4.012126657859662,2.4927647308098253,3.4599654553532035,4.851315099887992
2018_15_SEA_SF,2018,15,2018-12-16T16:05-05:00,3.0,-7.170154063518924,5.481515255821273,-7.2852179878599355,0.25667305870599844
2018_15_NE_PIT,2018,15,2018-12-16T16:25-05:00,7.0,0.5501001193972843,-1.8743865933858241,0.9075080755825691,0.3437489090831569
2018_15_PHI_LA,2018,15,2018-12-16T20:20-05:00,-7.0,11.2454524357967,0.6609903380744107,7.149131867771963,1.0742631329822383
2018_15_NO_CAR,2018,15,2018-12-17T20:15-05:00,-3.0,-8.076847512084544,2.1822521202896445,-6.3156386583617845,1.1462978213367345
2018_16_WAS_TEN,2018,16,2018-12-22T16:30-05:00,9.0,5.718635968163298,4.170987941465679,6.97109860053681,2.944799297947657
2018_16_BAL_LAC,2018,16,2018-12-22T20:20-05:00,-12.0,7.685202345676272,3.7218927056068063,4.2157098179322645,2.8616251739626164
2018_16_ATL_CAR,2018,16,2018-12-23T13:00-05:00,-14.0,-4.4786326633875735,-0.7088875756510715,3.6732649560092576,1.5464297807914775
2018_16_BUF_NE,2018,16,2018-12-23T13:00-05:00,12.0,14.104208384744805,13.359020918819965,12.614077835432306,7.747957537829624
2018_16_CIN_CLE,2018,16,2018-12-23T13:00-05:00,8.0,3.9743030856339456,-3.567423417347576,3.782760834718375,-0.6857904843478462
2018_16_GB_NYJ,2018,16,2018-12-23T13:00-05:00,-6.0,-3.094972001366481,-5.211919554508302,-2.6484635444492994,2.031780209626842
2018_16_HOU_PHI,2018,16,2018-12-23T13:00-05:00,2.0,-1.562970523692279,7.221424171768842,2.42208270461027,9.081002265375504
2018_16_JAX_MIA,2018,16,2018-12-23T13:00-05:00,-10.0,2.7611627126806644,-0.8742003109020986,0.766767812177378,-0.8954529805581162
2018_16_MIN_DET,2018,16,2018-12-23T13:00-05:00,-18.0,-2.744930869869531,1.2618141229712547,-1.9461684363251237,-0.4734440642074551
2018_16_NYG_IND,2018,16,2018-12-23T13:00-05:00,1.0,8.110727556304052,5.917918841189489,7.429733881520178,2.4869619953419133
2018_16_TB_DAL,2018,16,2018-12-23T13:00-05:00,7.0,3.6204500667502346,10.33054375586728,5.081152598924001,4.504948058050408
2018_16_CHI_SF,2018,16,2018-12-23T16:05-05:00,-5.0,-4.817455675905086,3.170126389676427,-5.095163189934275,3.0050510648903748
2018_16_LA_ARI,2018,16,2018-12-23T16:05-05:00,-22.0,-12.534750575718565,5.266116427519045,-9.688231977237393,0.194954317585728
2018_16_PIT_NO,2018,16,2018-12-23T16:25-05:00,3.0,7.125941981536427,1.0347852473151309,7.351913420711364,2.5296672322002456
2018_16_KC_SEA,2018,16,2018-12-23T20:20-05:00,7.0,-1.8640519562736593,2.50982017446858,1.4847273822699227,1.978209254017424
2018_16_DEN_OAK,2018,16,2018-12-24T20:15-05:00,13.0,-3.5223680348500555,1.9801402290209902,-4.176905578612313,3.0837127660508847
2018_17_ATL_TB,2018,17,2018-12-30T13:00-05:00,-2.0,-1.4687467645721113,-5.772681356231615,-0.10229624870824283,-0.06469037411946132
2018_17_CAR_NO,2018,17,2018-12-30T13:00-05:00,-19.0,11.340046939126136,2.456790794451802,11.81739422475486,3.8537021786632657
2018_17_DAL_NYG,2018,17,2018-12-30T13:00-05:00,-1.0,-0.8204426230969278,-2.243665010666101,-0.6666135610134347,-1.600838125643504
2018_17_DET_GB,2018,17,2018-12-30T13:00-05:00,-31.0,-1.3792023343508983,-3.0081501805507744,5.2331681345838374,0.47044834090575627
2018_17_JAX_HOU,2018,17,2018-12-30T13:00-05:00,17.0,6.882337102290871,-4.201209013339511,6.6536159242819295,-2.3640649468556107
2018_17_MIA_BUF,2018,17,2018-12-30T13:00-05:00,25.0,2.4218210078840494,-1.7609402826332987,2.559080248418452,3.775995157609804
2018_17_NYJ_NE,2018,17,2018-12-30T13:00-05:00,35.0,14.379122617680814,17.45145323536746,12.394066845539635,9.00783541313863
2018_17_ARI_SEA,2018,17,2018-12-30T16:25-05:00,3.0,18.21378612792806,-0.27886987861192214,15.997866669037357,4.392531838393499
2018_17_CHI_MIN,2018,17,2018-12-30T16:25-05:00,-14.0,3.1092036908985303,5.549051778977217,3.2219994339976,7.461571214120557
2018_17_CIN_PIT,2018,17,2018-12-30T16:25-05:00,3.0,11.249584439437502,5.372641880582419,10.436378185863513,5.796042058323357
2018_17_CLE_BAL,2018,17,2018-12-30T16:25-05:00,2.0,6.929451685507303,13.471824253852665,8.91809061767455,8.149720863084188
2018_17_LAC_DEN,2018,17,2018-12-30T16:25-05:00,-14.0,-4.1319253768920134,-5.150980792609123,-3.1791272641809964,-1.4895741943776146
2018_17_OAK_KC,2018,17,2018-12-30T16:25-05:00,32.0,12.589740670694221,3.8854941148887563,13.317492590910671,5.804576663450593
2018_17_PHI_WAS,2018,17,2018-12-30T16:25-05:00,-24.0,0.16122715350254224,3.94978530104255,-2.4630320511239248,-1.5682524184078854
2018_17_SF_LA,2018,17,2018-12-30T16:25-05:00,16.0,11.9873731288199,-1.1291161883125662,11.686074008380057,5.155840785314775
2018_17_IND_TEN,2018,17,2018-12-30T20:20-05:00,-16.0,-0.6686606381527573,4.112142026781197,2.4733570562925737,4.665318747720338
2019_01_GB_CHI,2019,1,2019-09-05T20:20-04:00,-7.0,5.92475927257158,5.816783781045407,5.595362779922368,5.595381096096057
2019_01_ATL_MIN,2019,1,2019-09-08T13:00-04:00,16.0,1.9998048208898873,2.1546701157311894,3.695468142970097,3.695441804159491
2019_01_BAL_MIA,2019,1,2019-09-08T13:00-04:00,-49.0,1.1502090449041424,1.041944434105924,-3.0765399809939673,-3.076591947622454
2019_01_BUF_NYJ,2019,1,2019-09-08T13:00-04:00,-1.0,-2.836060882934275,-2.815907274067538,1.0639496572889122,1.0638812073268107
2019_01_KC_JAX,2019,1,2019-09-08T13:00-04:00,-14.0,4.717486101577334,4.6037439621761305,-2.161102595088243,-2.1609935010999095
2019_01_LA_CAR,2019,1,2019-09-08T13:00-04:00,-3.0,-1.5750383616753778,-1.6851105614461248,-0.004684562269423154,-0.0048230773248501
2019_01_TEN_CLE,2019,1,2019-09-08T13:00-04:00,-30.0,0.7750590492940992,0.6672647592310552,1.74258468700213,1.7422649142821403
2019_01_WAS_PHI,2019,1,2019-09-08T13:00-04:00,5.0,1.8597108501921307,1.6252997552155448,6.481516025561962,6.481547692293601
2019_01_CIN_SEA,2019,1,2019-09-08T16:05-04:00,1.0,4.916397352137706,4.8117484512936475,5.967118084074336,5.966773286384939
2019_01_IND_LAC,2019,1,2019-09-08T16:05-04:00,6.0,5.0778687003491685,4.988118461758765,3.340837746815378,3.340749648218815
2019_01_DET_ARI,2019,1,2019-09-08T16:25-04:00,0.0,-7.513404759936844,-7.680038600056903,-0.9113640733296515,-0.9111484387356352
2019_01_NYG_DAL,2019,1,2019-09-08T16:25-04:00,18.0,5.139345820188727,5.029426339416052,4.10831076343071,4.108224368922233
2019_01_SF_TB,2019,1,2019-09-08T16:25-04:00,-14.0,2.5133500335527943,2.4271418592910114,3.528447269960604,3.5283505556408183
2019_01_PIT_NE,2019,1,2019-09-08T20:20-04:00,30.0,8.058325710272744,8.125520316840625,3.681948577741902,3.6817901894852145
2019_01_HOU_NO,2019,1,2019-09-09T19:10-04:00,2.0,9.083571581865886,8.982900913311147,4.598080967493259,4.597342071145315
2019_01_DEN_OAK,2019,1,2019-09-09T22:20-04:00,8.0,-3.8877408154227826,-3.8708287031937916,0.15500382884212982,0.15502652617913437
2019_02_TB_CAR,2019,2,2019-09-12T20:20-04:00,-6.0,6.919341201621368,4.026071476906733,4.973434508748749,3.8834351030892407
2019_02_ARI_BAL,2019,2,2019-09-15T13:00-04:00,6.0,10.241197986807837,13.83340002364535,9.867049028226724,8.435713006588887
2019_02_BUF_NYG,2019,2,2019-09-15T13:00-04:00,-14.0,2.52832979649797,-1.9587581923889767,2.1284872105881756,3.3248518333354538
2019_02_DAL_WAS,2019,2,2019-09-15T13:00-04:00,-10.0,-3.509184255913349,1.7562689205373763,-1.1949732402300448,-0.26408645005648923
2019_02_IND_TEN,2019,2,2019-09-15T13:00-04:00,-2.0,3.370067767540524,3.9018032240401146,2.80061391791319,1.101149239159508
2019_02_JAX_HOU,2019,2,2019-09-15T13:00-04:00,1.0,8.381312222503263,0.5546230780366086,6.435560145750196,5.352699642287859
2019_02_LAC_DET,2019,2,2019-09-15T13:00-04:00,3.0,0.08104008132334917,-0.041651904858171385,-0.5987145332625872,-0.33171365959388543
2019_02_MIN_GB,2019,2,2019-09-15T13:00-04:00,5.0,0.6649916624419125,-1.8920442344719826,0.3570997798455866,0.3352302164818979
2019_02_NE_MIA,2019,2,2019-09-15T13:00-04:00,-43.0,-11.365206078216108,-3.276591905376929,-7.040523204267956,-4.0404383727202955
2019_02_SEA_PIT,2019,2,2019-09-15T13:00-04:00,-2.0,1.2121688650810443,2.1055479380673483,1.3158765012232323,2.443704251266798
2019_02_SF_CIN,2019,2,2019-09-15T13:00-04:00,-24.0,1.4892040305645857,4.517022499534349,2.089606199963856,3.032065793312995
2019_02_KC_OAK,2019,2,2019-09-15T16:05-04:00,-18.0,-6.817830023603752,-1.4051848614307827,-4.609476943668577,-4.309941071499795
2019_02_CHI_DEN,2019,2,2019-09-15T16:25-04:00,-2.0,-1.742204286071079,1.2188140830040104,-0.9258733800598566,-1.281373511371294
2019_02_NO_LA,2019,2,2019-09-15T16:25-04:00,18.0,2.7052569004867775,-1.646637701368129,2.265492180283781,1.8461368250483225
2019_02_PHI_ATL,2019,2,2019-09-15T20:20-04:00,4.0,1.7355443059033253,5.259939436633617,0.39628820550530275,1.2076638667040835
2019_02_CLE_NYJ,2019,2,2019-09-16T20:15-04:00,-20.0,-0.8164986515835597,-0.4964051326247547,1.0523420887191857,-0.29284430055940014
2019_03_TEN_JAX,2019,3,2019-09-19T20:20-04:00,13.0,-3.6416069060301934,1.3273330772740963,-0.7278367550885951,0.8923944195399838
2019_03_ATL_IND,2019,3,2019-09-22T13:00-04:00,3.0,0.7543667689693367,-0.3543992252994843,4.467429227810252,3.655110043245681
2019_03_BAL_KC,2019,3,2019-09-22T13:00-04:00,5.0,4.727994367870268,-1.3512620619369204,4.302932102789704,3.620936603321219
2019_03_CIN_BUF,2019,3,2019-09-22T13:00-04:00,4.0,5.272188389571495,6.513022510943674,4.573325135460372,2.081509391116364
2019_03_DEN_GB,2019,3,2019-09-22T13:00-04:00,11.0,3.9270076533246687,-0.46309703713939254,5.148592030132935,3.185992415275236
2019_03_DET_PHI,2019,3,2019-09-22T13:00-04:00,-3.0,3.558310454342879,1.5519602060328241,4.044870699828552,4.628190101425306
2019_03_MIA_DAL,2019,3,2019-09-22T13:00-04:00,25.0,17.39908854689172,2.3790526468530793,11.16526471499292,6.462756238957395
2019_03_NYJ_NE,2019,3,2019-09-22T13:00-04:00,16.0,19.36226325935054,11.413171308738107,13.601829647066486,8.946877128693778
2019_03_OAK_MIN,2019,3,2019-09-22T13:00-04:00,20.0,7.657718107097167,10.06377220847128,8.687033695477723,7.695735672614203
2019_03_CAR_ARI,2019,3,2019-09-22T16:05-04:00,-18.0,0.24369993990129263,-5.247720011827858,-0.2811290240506379,-1.6870115699668435
2019_03_NYG_TB,2019,3,2019-09-22T16:05-04:00,-1.0,5.974878449106832,0.4006447440003733,4.350042303198492,2.5899235378760057
2019_03_HOU_LAC,2019,3,2019-09-22T16:25-04:00,-7.0,3.337395827477004,5.979269427555852,3.636851251929605,3.4945063472314644
2019_03_NO_SEA,2019,3,2019-09-22T16:25-04:00,-6.0,4.535358608446796,-2.804453882450138,2.179331009637009,0.9283671686913475
2019_03_PIT_SF,2019,3,2019-09-22T16:25-04:00,4.0,4.798515176064167,-2.311145309481303,3.1211576649414683,-1.4425433309647318
2019_03_LA_CLE,2019,3,2019-09-22T20:20-04:00,-7.0,-7.625257251171043,0.5047491319787478,-2.3513747380164842,-0.9463080437393394
2019_03_CHI_WAS,2019,3,2019-09-23T20:15-04:00,-16.0,-0.45775496248948844,0.9225210332051637,-2.0008193950154105,-2.315264675735131
2019_04_PHI_GB,2019,4,2019-09-26T20:20-04:00,-7.0,2.2953944284563472,0.7585690099479252,2.880252708201326,0.23833588734547284
2019_04_CAR_HOU,2019,4,2019-09-29T13:00-04:00,-6.0,5.654742688527075,3.5394907683297725,3.864309973199368,3.561344181131213
2019_04_CLE_BAL,2019,4,2019-09-29T13:00-04:00,-15.0,8.454306054426098,4.249966602364363,6.6965266377526715,5.190186403036535
2019_04_KC_DET,2019,4,2019-09-29T13:00-04:00,-4.0,-4.976840792248241,4.321074217762513,-2.3593041913781567,-1.1455011711744723
2019_04_LAC_MIA,2019,4,2019-09-29T13:00-04:00,-20.0,-10.773651895264361,0.31127376827567005,-6.552802660846153,-3.383741039363086
2019_04_NE_BUF,2019,4,2019-09-29T13:00-04:00,-6.0,-5.637597260452273,-1.6874140106974131,-4.369412476597489,-2.5107583360205883
2019_04_OAK_IND,2019,4,2019-09-29T13:00-04:00,-7.0,7.44112377759419,7.554702867440607,8.970226183615477,7.655403911700393
2019_04_TEN_ATL,2019,4,2019-09-29T13:00-04:00,-14.0,3.4198867729765374,3.092566667582022,2.09169389068095,2.743740717594811
2019_04_WAS_NYG,2019,4,2019-09-29T13:00-04:00,21.0,1.2893963497013132,0.1241547640197278,3.404841275616306,3.6558620811342557
2019_04_SEA_ARI,2019,4,2019-09-29T16:05-04:00,-17.0,-5.720748452505461,-7.9208681082202315,-3.507334730483742,-3.2740649909347184
2019_04_TB_LA,2019,4,2019-09-29T16:05-04:00,-15.0,10.190745472204814,7.991975433206365,9.034396952388969,6.388258180414091
2019_04_JAX_DEN,2019,4,2019-09-29T16:25-04:00,-2.0,2.6971851883046325,2.2885469904686455,1.0390371458421694,2.6960259034209804
2019_04_MIN_CHI,2019,4,2019-09-29T16:25-04:00,10.0,3.072033772974865,1.3740667940694093,2.193401228321365,3.4306113125779554
2019_04_DAL_NO,2019,4,2019-09-29T20:20-04:00,2.0,-0.5126488210700473,7.155685255187074,2.02263781761188,5.523820524319541
2019_04_CIN_PIT,2019,4,2019-09-30T20:15-04:00,24.0,4.308383987111625,4.636502994507484,5.180323574805758,5.910477537651737
2019_05_LA_SEA,2019,5,2019-10-03T20:20-04:00,1.0,1.6864216572988986,1.1904470531841276,1.603515831237976,1.582230343643025
2019_05_ARI_CIN,2019,5,2019-10-06T13:00-04:00,-3.0,3.9927265284866227,9.884030002074491,4.293516995635269,4.80729170454978
2019_05_ATL_HOU,2019,5,2019-10-06T13:00-04:00,21.0,2.867301737776153,-1.3455501910965721,5.095100872455605,3.5013533442330314
2019_05_BAL_PIT,2019,5,2019-10-06T13:00-04:00,-3.0,0.3655695963041685,0.6871329729366238,2.221215234108298,2.282056235612628
2019_05_BUF_TEN,2019,5,2019-10-06T13:00-04:00,-7.0,6.2384040683650035,1.5748198890331815,4.7323305829208,4.614460593604071
2019_05_CHI_OAK,2019,5,2019-10-06T13:00-04:00,3.0,-6.591558063282921,-8.917190777835916,-6.965107813582165,-6.126346985192159
2019_05_JAX_CAR,2019,5,2019-10-06T13:00-04:00,7.0,2.8739737629539066,-0.6366044560270296,4.535987700003163,4.291355461156646
2019_05_MIN_NYG,2019,5,2019-10-06T13:00-04:00,-18.0,-2.4148307242789446,-2.1408441984127182,-1.5973221696207522,-0.22879128202291987
2019_05_NE_WAS,2019,5,2019-10-06T13:00-04:00,-26.0,-12.275912860676602,-3.702857127693492,-9.062718033898395,-2.8417685838193902
2019_05_NYJ_PHI,2019,5,2019-10-06T13:00-04:00,25.0,13.598602360964916,4.436677949490009,9.252747574817196,7.586656237167988
2019_05_TB_NO,2019,5,2019-10-06T13:00-04:00,7.0,3.9103715908016716,11.986876368840633,5.6718336939008775,7.042121355365769
2019_05_DEN_LAC,2019,5,2019-10-06T16:05-04:00,-7.0,7.984272046429014,4.11040583629856,7.627156215823438,6.151180086098343
2019_05_GB_DAL,2019,5,2019-10-06T16:25-04:00,-10.0,5.575298383015507,4.7806263754753155,5.294774540169562,3.5442028704174158
2019_05_IND_KC,2019,5,2019-10-06T20:20-04:00,-6.0,9.84849487646513,0.6253923391380796,7.369400933050555,4.154537159799402
2019_05_CLE_SF,2019,5,2019-10-07T20:15-04:00,28.0,1.8199647860701746,-1.3958738085863274,2.759250155171649,1.02969930768443
2019_06_NYG_NE,2019,6,2019-10-10T20:20-04:00,21.0,15.577807023975422,10.488552387646921,13.0190999343606,6.6859065026851345
2019_06_CAR_TB,2019,6,2019-10-13T09:30-04:00,-11.0,-3.6580789693379536,-3.7187468076428427,-2.0818244718196746,-1.3834351030892407
2019_06_CIN_BAL,2019,6,2019-10-13T13:00-04:00,6.0,9.429913057122127,6.162693577011744,9.220664721707363,6.12842130203911
2019_06_HOU_KC,2019,6,2019-10-13T13:00-04:00,-7.0,4.1855061109634635,1.616543304935168,4.335152477718953,4.308293858812052
2019_06_NO_JAX,2019,6,2019-10-13T13:00-04:00,-7.0,-1.9058405060289587,-2.7626136461998505,-1.1948237129987596,-2.4500417134331727
2019_06_PHI_MIN,2019,6,2019-10-13T13:00-04:00,18.0,-0.16702128084616663,5.133816157511297,3.458977814830454,2.4031056708635745
2019_06_SEA_CLE,2019,6,2019-10-13T13:00-04:00,-4.0,-3.177233400569615,1.3926859554102524,-0.6069206712091395,-0.02853838738236414
2019_06_WAS_MIA,2019,6,2019-10-13T13:00-04:00,-1.0,-4.25620891582224,3.179347493058458,0.444189189550789,1.3013302110990943
2019_06_ATL_ARI,2019,6,2019-10-13T16:05-04:00,1.0,-2.3897208558511154,-9.930351453016325,-0.24041420917209777,-1.7470024068650245
2019_06_SF_LA,2019,6,2019-10-13T16:05-04:00,-13.0,5.055080454437432,8.408203255294373,3.3346820594852105,7.41660873605491
2019_06_DAL_NYJ,2019,6,2019-10-13T16:25-04:00,2.0,-7.61813649900164,-1.3249886313875936,-5.979672758333878,-1.3691949949308762
2019_06_TEN_DEN,2019,6,2019-10-13T16:25-04:00,16.0,-1.9344083676726946,1.537496191127111,0.41253258618344724,1.088420322960964
2019_06_PIT_LAC,2019,6,2019-10-13T20:20-04:00,-7.0,6.97760781059904,4.537654643188025,2.8628452955840338,3.025092856128005
2019_06_DET_GB,2019,6,2019-10-14T20:15-04:00,1.0,1.8487351178078666,-0.44255305476114515,3.8975341260998517,2.366525988770779
2019_07_KC_DEN,2019,7,2019-10-17T20:20-04:00,-24.0,-2.781331523015788,4.813907076029145,-1.2492563074896452,-1.96496759767893
2019_07_ARI_NYG,2019,7,2019-10-20T13:00-04:00,-6.0,0.6747455027781748,10.146586888572674,4.196609501332343,5.213652929001596
2019_07_HOU_IND,2019,7,2019-10-20T13:00-04:00,7.0,-1.1506530796337615,3.744233236538981,0.6210252487970604,2.6537566990126495
2019_07_JAX_CIN,2019,7,2019-10-20T13:00-04:00,-10.0,-0.48136356673943037,-0.2920018978369139,-0.546502894528019,2.4116355957395816
2019_07_LA_ATL,2019,7,2019-10-20T13:00-04:00,-27.0,-0.2666728869777353,3.1999303979802205,-2.053484304397827,0.055167759573331754
2019_07_MIA_BUF,2019,7,2019-10-20T13:00-04:00,10.0,11.91162033437047,4.34226016542141,11.26306336963273,4.029680036699708
2019_07_MIN_DET,2019,7,2019-10-20T13:00-04:00,-12.0,0.36900668278331294,0.08913398160378394,-1.8654945847653979,0.4687042277111191
2019_07_OAK_GB,2019,7,2019-10-20T13:00-04:00,18.0,3.9074722756589284,5.216236185019525,6.771520607075978,5.530965889096102
2019_07_SF_WAS,2019,7,2019-10-20T13:00-04:00,-9.0,-5.787625601739873,6.733808498628435,-7.404075830613111,2.2825649366305565
2019_07_LAC_TEN,2019,7,2019-10-20T16:05-04:00,3.0,-2.2058423696020744,1.1944781571348604,1.2250379714991917,0.2603995909406933
2019_07_BAL_SEA,2019,7,2019-10-20T16:25-04:00,-14.0,5.462834896084223,0.9298482691354121,3.0148336946857124,2.33835198434583
2019_07_NO_CHI,2019,7,2019-10-20T16:25-04:00,-11.0,2.5809946705844977,-1.2880617022594585,1.7795966859019043,1.5273577013591009
2019_07_PHI_DAL,2019,7,2019-10-20T20:20-04:00,27.0,1.490742989332924,3.460811508807609,2.3569385267519367,1.2825387577628884
2019_07_NE_NYJ,2019,7,2019-10-21T20:15-04:00,-33.0,-13.455425603675588,-6.9865241978563395,-11.535281391655946,-3.946877128693777
2019_08_WAS_MIN,2019,8,2019-10-24T20:20-04:00,10.0,13.064400204226166,4.478322517873331,14.503978932148694,6.384653363157176
2019_08_ARI_NO,2019,8,2019-10-27T13:00-04:00,22.0,8.213394086656812,17.5677021752309,11.153835324149806,9.84569782224337
2019_08_CIN_LA,2019,8,2019-10-27T13:00-04:00,14.0,8.788390447610965,1.6478326725198977,8.468840430374385,4.3845429427419145
2019_08_DEN_IND,2019,8,2019-10-27T13:00-04:00,2.0,6.169877951673915,1.200671251155427,6.213825056565815,5.310430437879528
2019_08_LAC_CHI,2019,8,2019-10-27T13:00-04:00,-1.0,2.6717552084382,1.2432809076074531,3.5260724221871906,2.630193425272951
2019_08_NYG_DET,2019,8,2019-10-27T13:00-04:00,5.0,8.770121944023085,4.5782414142826395,6.386031234680242,3.197495509734039
2019_08_NYJ_JAX,2019,8,2019-10-27T13:00-04:00,14.0,8.398450991258272,5.785530079787443,9.225960358285633,4.442973805817244
2019_08_PHI_BUF,2019,8,2019-10-27T13:00-04:00,-18.0,-0.1972868218624817,4.9517301514875545,2.41182885733225,-1.1505374444947982
2019_08_SEA_ATL,2019,8,2019-10-27T13:00-04:00,-7.0,-5.8265748932928645,4.290276739649602,-2.7699423379693835,0.9729374159303068
2019_08_TB_TEN,2019,8,2019-10-27T13:00-04:00,4.0,2.3759651083943156,7.4246407694783025,3.2616468140007466,3.6996852223926115
2019_08_CAR_SF,2019,8,2019-10-27T16:05-04:00,38.0,2.606552041972898,-0.08312202752559639,3.9386988839362496,0.08821434126994099
2019_08_CLE_NE,2019,8,2019-10-27T16:25-04:00,14.0,15.987287177557679,8.096214065958833,13.428320073199526,6.154032828134377
2019_08_OAK_HOU,2019,8,2019-10-27T16:25-04:00,3.0,6.357814691445883,6.56355190164352,9.072701839365305,7.501647212687744
2019_08_GB_KC,2019,8,2019-10-27T20:20-04:00,-7.0,1.0673007722693848,2.6939796639086575,5.230212035752055,6.278975182403693
2019_08_MIA_PIT,2019,8,2019-10-28T20:15-04:00,13.0,14.719056552667217,2.4657406489852196,12.863298083611095,7.858648183235081
2019_09_SF_ARI,2019,9,2019-10-31T20:20-04:00,-3.0,-5.453085252725657,-3.153683947099256,-7.891767582424539,0.7247740887632159
2019_09_HOU_JAX,2019,9,2019-11-03T09:30-05:00,-23.0,-5.883336292318274,-0.31476824818534455,-2.5829031913106384,-2.8526996422878588
2019_09_CHI_PHI,2019,9,2019-11-03T13:00-05:00,8.0,3.542190882010453,0.2670273935671983,2.8615635836124573,1.6662830165584699
2019_09_IND_PIT,2019,9,2019-11-03T13:00-05:00,2.0,3.144138731227549,2.6637873740116236,2.7533552954042384,2.8156567920908104
2019_09_MIN_KC,2019,9,2019-11-03T13:00-05:00,3.0,-1.4609254747990899,-2.0860865201304706,1.3302020237279866,4.114205398885591
2019_09_NYJ_MIA,2019,9,2019-11-03T13:00-05:00,8.0,3.063618030593946,5.720846329682416,1.611808640375699,2.4064387559734812
2019_09_TEN_CAR,2019,9,2019-11-03T13:00-05:00,10.0,3.720306202210927,-1.5900647736064442,3.602527498096033,2.6837498806966296
2019_09_WAS_BUF,2019,9,2019-11-03T13:00-05:00,15.0,9.833549212503682,4.093826993611712,7.177790320821311,2.8310102477988024
2019_09_DET_OAK,2019,9,2019-11-03T16:05-05:00,7.0,-0.3868229034080921,-3.37799584492716,-0.33125966766439374,-0.664439900325323
2019_09_TB_SEA,2019,9,2019-11-03T16:05-05:00,6.0,8.352020345970486,6.901629091536984,5.212123970015182,5.4704885240571155
2019_09_CLE_DEN,2019,9,2019-11-03T16:25-05:00,5.0,1.7559500135368802,3.1510248267495666,2.2383671208849867,1.8461554086788237
2019_09_GB_LAC,2019,9,2019-11-03T16:25-05:00,15.0,0.6807478205280277,6.854296268291463,0.2943324353523633,5.465187670823107
2019_09_NE_BAL,2019,9,2019-11-03T20:20-05:00,17.0,-3.4620278567326794,-1.565454068740959,-4.094034664766078,1.5361535749021575
2019_09_DAL_NYG,2019,9,2019-11-04T20:15-05:00,-19.0,-8.61109737446315,-0.9401284255974147,-4.624468767133268,0.8917756310777667
2019_10_LAC_OAK,2019,10,2019-11-07T20:20-05:00,2.0,-2.7950572214747424,-5.700441144638842,-2.2650188083696934,-3.4961535599192084
2019_10_ARI_TB,2019,10,2019-11-10T13:00-05:00,3.0,4.5845793662533465,7.659209683005899,6.052168137560918,5.303576466877603
2019_10_ATL_NO,2019,10,2019-11-10T13:00-05:00,-17.0,11.753327812996385,5.356557327361066,11.99494563429451,5.598695415378346
2019_10_BAL_CIN,2019,10,2019-11-10T13:00-05:00,-36.0,-9.934870587481974,-1.1288179114163412,-7.637526791185007,-1.1284213020391092
2019_10_BUF_CLE,2019,10,2019-11-10T13:00-05:00,3.0,0.1389283903722569,-0.03870874658927326,1.9326849569102458,3.8567255078862113
2019_10_DET_CHI,2019,10,2019-11-10T13:00-05:00,7.0,7.502248990723421,3.5657262073191363,4.392301851136432,5.461907084866836
2019_10_KC_TEN,2019,10,2019-11-10T13:00-05:00,3.0,-6.03631134862516,5.557204279755544,-2.499189747839866,-0.553387920639894
2019_10_NYG_NYJ,2019,10,2019-11-10T13:00-05:00,7.0,0.2600276786711294,1.491114152587576,-0.4172555600859251,0.23902937399135737
2019_10_MIA_IND,2019,10,2019-11-10T16:05-05:00,-4.0,8.73679338151732,1.5429879545260956,12.207835370848686,7.542991391144271
2019_10_CAR_GB,2019,10,2019-11-10T16:25-05:00,8.0,4.951421538275837,2.6644639275941624,3.3132012285000156,1.590662857539571
2019_10_LA_PIT,2019,10,2019-11-10T16:25-05:00,5.0,-0.727782200228211,0.5429127205095826,0.4359470951281095,1.5259345949098229
2019_10_MIN_DAL,2019,10,2019-11-10T20:20-05:00,-4.0,3.3213014674700743,0.5403189067371971,1.4979175886000142,1.3794330868993137
2019_10_SEA_SF,2019,10,2019-11-11T20:15-05:00,-3.0,2.5354137955038807,-2.2839812480295865,5.775528932987033,-1.4988390796979338
2019_11_PIT_CLE,2019,11,2019-11-14T20:20-05:00,14.0,-3.6215428067458255,1.837810769846918,-0.9863498727821356,0.02775736135083795
2019_11_ATL_CAR,2019,11,2019-11-17T13:00-05:00,-26.0,3.4531081178228202,-2.6042475645728342,6.295554837035761,2.440009163101818
2019_11_BUF_MIA,2019,11,2019-11-17T13:00-05:00,-17.0,-2.7819398155049018,0.6916155001739943,-3.3957716008381844,0.9703199633002919
2019_11_DAL_DET,2019,11,2019-11-17T13:00-05:00,-8.0,-5.8886616516683326,1.8296084697200978,-2.3575850772146634,1.5892711408118054
2019_11_DEN_MIN,2019,11,2019-11-17T13:00-05:00,4.0,8.993253562012233,3.439861234535596,9.265738006828792,5.350762198793339
2019_11_HOU_BAL,2019,11,2019-11-17T13:00-05:00,34.0,3.5713278232184757,4.776309885837216,4.817206198675054,3.187357255490832
2019_11_JAX_IND,2019,11,2019-11-17T13:00-05:00,20.0,4.418933916531862,1.1409550073579369,4.641104405839768,5.506456341300508
2019_11_NO_TB,2019,11,2019-11-17T13:00-05:00,-17.0,-3.382882541993665,-7.425289579133612,-2.590621929601644,-2.0421213553657687
2019_11_NYJ_WAS,2019,11,2019-11-17T13:00-05:00,-17.0,1.8551300369227406,5.834339822666862,3.3540292864983536,3.605108544874387
2019_11_ARI_SF,2019,11,2019-11-17T16:05-05:00,10.0,7.948583081408154,7.647800897393649,11.27092516476976,4.2752259112367845
2019_11_CIN_OAK,2019,11,2019-11-17T16:25-05:00,7.0,11.922347311879587,-0.8854607784124742,7.028244914752001,0.4394168338605331
2019_11_NE_PHI,2019,11,2019-11-17T16:25-05:00,-7.0,-4.483146868060157,-4.358350767331457,-3.766991337105056,1.1397791084742106
2019_11_CHI_LA,2019,11,2019-11-17T20:20-05:00,10.0,3.992226393360718,2.327036432220596,4.9283919640126275,2.8187791236892217
2019_11_KC_LAC,2019,11,2019-11-18T20:15-05:00,-7.0,-4.696713831190509,2.5916669152689416,-2.03109475544845,-0.8137875115805868
2019_12_IND_HOU,2019,12,2019-11-21T20:20-05:00,3.0,5.06717859660526,1.289642429056423,3.289881615908853,2.3462433009873505
2019_12_CAR_NO,2019,12,2019-11-24T13:00-05:00,3.0,10.77353992982107,10.241598286787411,7.7800941525386245,5.658686252276528
2019_12_DEN_BUF,2019,12,2019-11-24T13:00-05:00,17.0,4.99312261069322,3.7300641044002374,3.460041141530761,1.7971190834349653
2019_12_DET_WAS,2019,12,2019-11-24T13:00-05:00,3.0,-2.822730968061574,2.2074538456707886,-4.094620543075839,0.6466424091317053
2019_12_MIA_CLE,2019,12,2019-11-24T13:00-05:00,17.0,8.596823464008148,1.7528786663281224,10.13284718460769,5.386405544585919
2019_12_NYG_CHI,2019,12,2019-11-24T13:00-05:00,5.0,10.426407125088495,5.390885350859881,8.970249693476973,6.159402594600875
2019_12_OAK_NYJ,2019,12,2019-11-24T13:00-05:00,31.0,-3.1877147431384154,4.78498553352649,-1.1535956344544536,2.7059737645826414
2019_12_PIT_CIN,2019,12,2019-11-24T13:00-05:00,-6.0,-8.375995188239566,-0.27732572303834235,-5.450670819746669,-0.9104775376517367
2019_12_SEA_PHI,2019,12,2019-11-24T13:00-05:00,-8.0,-0.006794977901766197,0.9063116613937372,2.0874493405858607,2.2652735492262233
2019_12_TB_ATL,2019,12,2019-11-24T13:00-05:00,-13.0,5.14807501400541,8.911112436333077,3.6763796505870125,3.9434259399874225
2019_12_JAX_TEN,2019,12,2019-11-24T16:05-05:00,22.0,4.169757773958523,3.7065425883213075,4.924794140013507,4.1076055804600164
2019_12_DAL_NE,2019,12,2019-11-24T16:25-05:00,4.0,4.317437703105113,7.739919443084378,6.948909048770403,5.077682133762901
2019_12_GB_SF,2019,12,2019-11-24T20:20-05:00,29.0,0.7829139988484943,-0.4667925602662484,4.173810683917337,0.9975514837303701
2019_12_BAL_LA,2019,12,2019-11-25T20:15-05:00,-39.0,-3.2712941372068443,2.020194610804794,-1.300945790533118,3.256121640702805
2019_13_CHI_DET,2019,13,2019-11-28T12:30-05:00,-4.0,-4.218554521454793,0.995860582387885,-0.06059490369572984,-0.4619070848668363
2019_13_BUF_DAL,2019,13,2019-11-28T16:30-05:00,-11.0,6.341078939356289,0.789874752173565,5.712848848577371,4.933076202257687
2019_13_NO_ATL,2019,13,2019-11-28T20:20-05:00,-8.0,-2.7807834113475502,-0.7949705376540454,-4.467870401928014,-0.5986954153783457
2019_13_CLE_PIT,2019,13,2019-12-01T13:00-05:00,7.0,2.322078859207074,2.723776019860102,3.2645606192293917,4.972242638649162
2019_13_GB_NYG,2019,13,2019-12-01T13:00-05:00,-18.0,-8.439083516213474,2.2344029491506525,-3.849747785532001,1.9359785014951825
2019_13_NYJ_CIN,2019,13,2019-12-01T13:00-05:00,16.0,0.5104111836394751,3.1452649476843932,0.0883877683962524,4.354609401556825
2019_13_PHI_MIA,2019,13,2019-12-01T13:00-05:00,6.0,-6.771824745917015,3.362552256808038,-6.8990276178588275,-2.6802174811945063
2019_13_SF_BAL,2019,13,2019-12-01T13:00-05:00,3.0,8.618157804847705,8.331452842279958,6.139001456960713,6.660487095352105
2019_13_TB_JAX,2019,13,2019-12-01T13:00-05:00,-17.0,-1.094505531755425,6.943469327787271,-0.28242780011488566,2.092079641932595
2019_13_TEN_IND,2019,13,2019-12-01T13:00-05:00,-14.0,5.539206033702225,0.8621930839047847,3.2612452866444728,3.8988507608404923
2019_13_WAS_CAR,2019,13,2019-12-01T13:00-05:00,-8.0,9.825402391647053,-0.2805951624306924,9.908343928602152,5.129220722099502
2019_13_LA_ARI,2019,13,2019-12-01T16:05-05:00,-27.0,-3.1226349502387922,-8.538925574001231,-4.41834205648189,-4.191834647291693
2019_13_LAC_DEN,2019,13,2019-12-01T16:25-05:00,3.0,-5.978560811151055,0.04636191693270297,-0.7384305918478073,-1.1511800860983428
2019_13_OAK_KC,2019,13,2019-12-01T16:25-05:00,31.0,10.793852201044132,6.304120848200933,10.531147004510455,9.309941071499795
2019_13_NE_HOU,2019,13,2019-12-01T20:20-05:00,6.0,-2.6798839715512113,-4.803138793263553,-3.4542894556936368,0.8487963194113255
2019_13_MIN_SEA,2019,13,2019-12-02T20:15-05:00,7.0,1.3062036078050627,-0.07485554670864392,0.3574171922202547,2.8316207799102022
2019_14_DAL_CHI,2019,14,2019-12-05T20:20-05:00,7.0,-0.8941201886693473,3.114541282185723,0.15230191454092168,4.551178225678642
2019_14_BAL_BUF,2019,14,2019-12-08T13:00-05:00,-7.0,-6.311543769059678,2.8335318470233206,-4.115190631291438,-1.546911910922745
2019_14_CAR_ATL,2019,14,2019-12-08T13:00-05:00,20.0,4.301053558277751,7.368243872517734,1.1734257025195782,2.559990836898182
2019_14_CIN_CLE,2019,14,2019-12-08T13:00-05:00,8.0,7.4692983440281795,4.1935203695008925,8.2949807066272,3.438234899002575
2019_14_DEN_HOU,2019,14,2019-12-08T13:00-05:00,-14.0,10.439150202620798,0.41192980359621867,7.18485646942816,5.156673738866878
2019_14_DET_MIN,2019,14,2019-12-08T13:00-05:00,13.0,10.086778067527726,4.135103611040105,9.54196410797142,4.531295772288881
2019_14_IND_TB,2019,14,2019-12-08T13:00-05:00,3.0,0.7191077868541156,-1.7143330264730618,2.0835188059486507,-0.09853598323310342
2019_14_MIA_NYJ,2019,14,2019-12-08T13:00-05:00,1.0,2.135784104020919,-1.226729379388022,4.145224772255314,2.5935612440265188
2019_14_SF_NO,2019,14,2019-12-08T13:00-05:00,-2.0,4.6392325583740135,12.335634351516013,1.261039973539221,8.070471911006587
2019_14_WAS_GB,2019,14,2019-12-08T13:00-05:00,5.0,14.149159403295766,0.10307537030995961,10.784201032826708,4.219883579639074
2019_14_LAC_JAX,2019,14,2019-12-08T16:05-05:00,-35.0,-4.900370553185528,0.24101783955544542,-3.949418836989362,-1.3472059895193231
2019_14_KC_NE,2019,14,2019-12-08T16:25-05:00,-7.0,1.8452692111626305,10.231385191126794,4.486523667177347,2.3429098217766233
2019_14_PIT_ARI,2019,14,2019-12-08T16:25-05:00,-6.0,-3.5666303453904877,-7.745622651434069,-4.855907886259865,-3.2177692422015163
2019_14_TEN_OAK,2019,14,2019-12-08T16:25-05:00,-21.0,-0.40368803040161627,-4.614125906920191,-5.059401661502527,-1.2565531508599017
2019_14_SEA_LA,2019,14,2019-12-08T20:20-05:00,16.0,0.5704258967421416,3.4386095759355193,2.94718346098142,3.417769656356975
2019_14_NYG_PHI,2019,14,2019-12-09T20:15-05:00,6.0,9.37903399054282,3.8494082254619526,9.084410748555701,5.325685611159345
2019_15_NYJ_BAL,2019,15,2019-12-12T20:20-05:00,21.0,15.691419375273512,7.027165129842627,17.67519424816438,7.983030703595935
2019_15_CHI_GB,2019,15,2019-12-15T13:00-05:00,8.0,4.7282023334696035,-1.4576065095762658,2.7934566460674204,-0.5953810960960575
2019_15_DEN_KC,2019,15,2019-12-15T13:00-05:00,20.0,12.620996313826668,-0.25232028632212344,9.095968114628706,6.96496759767893
2019_15_HOU_TEN,2019,15,2019-12-15T13:00-05:00,-3.0,-0.15092957251724393,4.8929541898372015,4.273421902541625,1.2549059381721575
2019_15_MIA_NYG,2019,15,2019-12-15T13:00-05:00,16.0,2.33863051404456,-0.4370501371220863,3.3752016748468323,4.854531870035162
2019_15_NE_CIN,2019,15,2019-12-15T13:00-05:00,-21.0,-9.353238134240158,-5.919643126787578,-10.005894792340381,-2.092267727136951
2019_15_PHI_WAS,2019,15,2019-12-15T13:00-05:00,-10.0,-6.828156600693244,3.003756873904101,-3.2311802800765266,-1.481547692293601
2019_15_SEA_CAR,2019,15,2019-12-15T13:00-05:00,-6.0,-6.018697318173073,-0.5947642197767422,-2.998554498677928,0.912946579032125
2019_15_TB_DET,2019,15,2019-12-15T13:00-05:00,-21.0,0.06628020654883893,6.660799583373654,-0.17556547038874148,3.107571971858033
2019_15_CLE_ARI,2019,15,2019-12-15T16:05-05:00,14.0,-2.0128721291038576,-7.302640026427479,-3.594714715448352,-0.7455266035523538
2019_15_JAX_OAK,2019,15,2019-12-15T16:05-05:00,-4.0,4.631711845494116,-3.660665589340777,2.779539793611364,0.35105242960011473
2019_15_MIN_LAC,2019,15,2019-12-15T16:05-05:00,-29.0,1.168117285134529,2.479049120728092,0.20551509595089223,3.3004178873050045
2019_15_ATL_SF,2019,15,2019-12-15T16:25-05:00,-7.0,5.366361333996663,-4.495874111063557,10.069234793804,0.028223504371759134
2019_15_LA_DAL,2019,15,2019-12-15T16:25-05:00,23.0,1.480226620582994,1.6032119883920894,0.163712974424568,0.1300426506321366
2019_15_BUF_PIT,2019,15,2019-12-15T20:20-05:00,-7.0,2.82440353777843,0.40427387841731854,1.7894033909920002,6.328968146535373
2019_15_IND_NO,2019,15,2019-12-16T20:15-05:00,27.0,6.9587591117768985,7.9917499475140605,6.561561807278051,4.443585372132665
2019_16_HOU_TB,2019,16,2019-12-21T13:00-05:00,-3.0,-2.590773613976221,-0.7231820606759751,1.8566837736139963,0.055220715779546126
2019_16_BUF_NE,2019,16,2019-12-21T16:30-05:00,7.0,8.029294207533644,6.249000800404433,7.277110231076801,7.510758336020588
2019_16_LA_SF,2019,16,2019-12-21T20:15-05:00,3.0,3.1086436225100704,-3.5767371079368484,3.882793590898207,-2.4166087360549096
2019_16_BAL_CLE,2019,16,2019-12-22T13:00-05:00,-16.0,-9.512411366842183,0.10921066910477961,-8.260279668524554,-0.19018640303653456
2019_16_CAR_IND,2019,16,2019-12-22T13:00-05:00,32.0,8.142614364380393,4.463171894714235,4.502077223775085,3.7151008801438627
2019_16_CIN_MIA,2019,16,2019-12-22T13:00-05:00,3.0,2.557932792809555,4.92384461626416,0.9711119457179649,0.5518293544166557
2019_16_JAX_ATL,2019,16,2019-12-22T13:00-05:00,12.0,10.05306837692552,4.248436503399314,8.629978895575311,4.351346298054827
2019_16_NO_TEN,2019,16,2019-12-22T13:00-05:00,-10.0,-0.47783518191261265,-1.7416834892078104,-0.5148459786753126,-0.8424361329731571
2019_16_NYG_WAS,2019,16,2019-12-22T13:00-05:00,-6.0,1.3077229097837604,4.504901865099919,1.4360475028150708,1.344137918865744
2019_16_PIT_NYJ,2019,16,2019-12-22T13:00-05:00,6.0,-3.8290010631056917,-0.7369782393934687,-4.506840779621928,-2.7650869392085626
2019_16_DET_DEN,2019,16,2019-12-22T16:05-05:00,10.0,6.401036531796486,2.773626253120142,5.770716193253116,1.6805335734955424
2019_16_OAK_LAC,2019,16,2019-12-22T16:05-05:00,-7.0,8.853259271239992,10.262027934345861,10.67834452789885,8.496153559919208
2019_16_ARI_SEA,2019,16,2019-12-22T16:25-05:00,-14.0,10.31352847890618,12.482454897927251,9.983509072545116,8.274064990934718
2019_16_DAL_PHI,2019,16,2019-12-22T16:25-05:00,8.0,0.033684896334846615,1.1007752808994118,-1.2048158454047107,3.7174612422371114
2019_16_KC_CHI,2019,16,2019-12-22T20:20-05:00,-23.0,-4.961416173485549,5.60600703022814,-3.968344125779515,1.816405913692364
2019_16_GB_MIN,2019,16,2019-12-23T20:15-05:00,-13.0,5.847843261309208,6.656040542416883,6.952286377710399,4.664769783518102
2019_17_ATL_TB,2019,17,2019-12-29T13:00-05:00,-6.0,-2.1298899885560707,-4.3495256466260575,3.60335247370244,1.0565740600125775
2019_17_CHI_MIN,2019,17,2019-12-29T13:00-05:00,-2.0,4.594347334828606,3.052580316812358,7.957677239105962,1.5693886874220446
2019_17_CLE_CIN,2019,17,2019-12-29T13:00-05:00,10.0,-2.0808468849996116,0.3680664202061279,-2.3273754667594595,1.5617651009974252
2019_17_GB_DET,2019,17,2019-12-29T13:00-05:00,-3.0,-7.883561376399823,4.5993208079924095,-5.422000877899605,2.633474011229221
2019_17_LAC_KC,2019,17,2019-12-29T13:00-05:00,10.0,11.659959096524831,-2.081932727767175,11.489354533119867,3.313787511580587
2019_17_MIA_NE,2019,17,2019-12-29T13:00-05:00,-3.0,15.651294005729776,7.838178695083949,18.010948756369448,9.040438372720295
2019_17_NO_CAR,2019,17,2019-12-29T13:00-05:00,-32.0,-10.750399762173785,-5.6800114970803905,-8.775025582652486,-0.6586862522765276
2019_17_NYJ_BUF,2019,17,2019-12-29T13:00-05:00,-7.0,8.781555710298605,7.3774940637745585,10.768618106137843,3.9361187926731893
2019_17_ARI_LA,2019,17,2019-12-29T16:25-05:00,7.0,8.5302181931937,13.572801239596636,9.229716121097534,9.191834647291692
2019_17_IND_JAX,2019,17,2019-12-29T16:25-05:00,18.0,-5.49468769949753,2.9483429064606996,-4.382094832906151,-0.5064563413005083
2019_17_OAK_DEN,2019,17,2019-12-29T16:25-05:00,1.0,4.5429447662300255,8.43241549290081,7.674196579338969,4.844973473820866
2019_17_PHI_NYG,2019,17,2019-12-29T16:25-05:00,-17.0,-6.4893007212405855,0.7121785642450675,-3.3152083665743417,-0.3256856111593449
2019_17_PIT_BAL,2019,17,2019-12-29T16:25-05:00,18.0,11.488564452537318,3.80698397735777,12.535566414650097,2.717943764387372
2019_17_TEN_HOU,2019,17,2019-12-29T16:25-05:00,-21.0,0.06218850758331973,-0.33136740013018073,2.89322921746002,3.7450940618278423
2019_17_WAS_DAL,2019,17,2019-12-29T16:25-05:00,31.0,12.60413139807679,2.8053178691696448,12.818661457775535,5.264086450056489
2019_17_SF_SEA,2019,17,2019-12-29T20:20-05:00,-5.0,2.2842121863281157,7.0479775559744855,-0.9965816008158934,6.498839079697934
2020_01_HOU_KC,2020,1,2020-09-10T20:20-04:00,14.0,9.248468367445353,9.442091029486146,6.317414355737133,6.317393698201968
2020_01_CHI_DET,2020,1,2020-09-13T13:00-04:00,-4.0,0.6216129072124548,0.8177740765289518,0.25552860653102094,0.25553244843234246
2020_01_CLE_BAL,2020,1,2020-09-13T13:00-04:00,32.0,15.08585547074593,15.284242040694092,9.127811698577037,9.127812822046668
2020_01_GB_MIN,2020,1,2020-09-13T13:00-04:00,-9.0,0.6971922456290525,0.3500499991210204,2.947133846981681,2.947134272062619
2020_01_IND_JAX,2020,1,2020-09-13T13:00-04:00,7.0,-6.089611211823358,-5.90130302227015,0.5589525835469247,0.5589224838037956
2020_01_LV_CAR,2020,1,2020-09-13T13:00-04:00,-4.0,1.6219596428892515,1.810894391297936,2.019108309343359,2.018923533696142
2020_01_MIA_NE,2020,1,2020-09-13T13:00-04:00,10.0,9.263325411952883,9.454784295818111,8.755474378184724,8.755454450458622
2020_01_NYJ_BUF,2020,1,2020-09-13T13:00-04:00,10.0,3.4004110797323683,3.5941181464122236,5.3016626951085835,5.301671929219581
2020_01_PHI_WAS,2020,1,2020-09-13T13:00-04:00,10.0,-5.271051390909808,-5.086080316826515,-2.6922638761776456,-2.692267415358593
2020_01_SEA_ATL,2020,1,2020-09-13T13:00-04:00,-13.0,-0.39620110749879056,-0.2041526530954021,2.4136004718491004,2.4136003780104582
2020_01_LAC_CIN,2020,1,2020-09-13T16:05-04:00,-3.0,-5.227421129265414,-4.9300038693298305,-0.3310223243559043,-0.33108329261776603
2020_01_ARI_SF,2020,1,2020-09-13T16:25-04:00,-4.0,5.102207487276527,5.298957399046765,6.55655917210875,6.556542368810278
2020_01_TB_NO,2020,1,2020-09-13T16:25-04:00,11.0,6.752507126043119,6.946145198444052,6.31823004618489,6.318201444937705
2020_01_DAL_LA,2020,1,2020-09-13T20:20-04:00,3.0,3.0286831315800855,2.7505794497613207,1.7810143167745003,1.781001858330551
2020_01_PIT_NYG,2020,1,2020-09-14T19:15-04:00,-10.0,-5.070944259174855,-5.934969890972373,-0.18983504392042994,-0.18993087028778
2020_01_TEN_DEN,2020,1,2020-09-14T22:10-04:00,-2.0,-0.5259518809366228,-0.34448959786193356,0.14872198648646728,0.14869660254279005
2020_02_CIN_CLE,2020,2,2020-09-17T20:20-04:00,5.0,0.49341165209532745,4.327735768690953,2.689307899046078,3.989130382019549
2020_02_ATL_DAL,2020,2,2020-09-20T13:00-04:00,1.0,3.6198502901266805,1.5619977165270764,5.559598680227625,4.495015330125515
2020_02_BUF_MIA,2020,2,2020-09-20T13:00-04:00,-3.0,-3.015058419878378,-1.155984913468933,-1.9170940704999158,-1.4713987822410974
2020_02_CAR_TB,2020,2,2020-09-20T13:00-04:00,14.0,5.427140236696056,8.55320442715099,5.919583121805971,5.81931083904414
2020_02_DEN_PIT,2020,2,2020-09-20T13:00-04:00,5.0,4.139317527785886,4.597736084169899,3.7375560434647968,2.8405933729281614
2020_02_DET_GB,2020,2,2020-09-20T13:00-04:00,21.0,7.181189139345621,7.406887744005734,7.494550057120785,6.279339343273236
2020_02_JAX_TEN,2020,2,2020-09-20T13:00-04:00,3.0,5.5403455801934385,8.27801469927234,6.536787647707273,6.858716121316348
2020_02_LA_PHI,2020,2,2020-09-20T13:00-04:00,-18.0,-0.07279414458885713,0.8011178416225623,0.8449747228933062,1.8883468800734766
2020_02_MIN_IND,2020,2,2020-09-20T13:00-04:00,17.0,0.9996116927665937,0.7197918767343807,0.23153261469859965,-0.1811829305460244
2020_02_NYG_CHI,2020,2,2020-09-20T13:00-04:00,4.0,9.509534244148576,9.009978833376163,6.537146954326731,5.482179156474512
2020_02_SF_NYJ,2020,2,2020-09-20T13:00-04:00,-18.0,-2.8691103316773914,-1.777498846640694,-1.6195411455346518,-2.058775101411321
2020_02_WAS_ARI,2020,2,2020-09-20T16:05-04:00,15.0,6.945463107962112,6.235305620788675,4.946138232057485,5.1062995157276125
2020_02_BAL_HOU,2020,2,2020-09-20T16:25-04:00,-17.0,-5.58596040104995,-4.883834852185397,-4.296556550074808,-2.220293814092937
2020_02_KC_LAC,2020,2,2020-09-20T16:25-04:00,-3.0,-8.581373330902702,-7.840547636093549,-2.2589962742223513,-1.8829597955574817
2020_02_NE_SEA,2020,2,2020-09-20T20:20-04:00,5.0,0.6803840224252098,1.3262212225796475,0.987283496685341,-0.07549141174508289
2020_02_NO_LV,2020,2,2020-09-21T20:15-04:00,10.0,-4.036451802880701,-9.710455696051365,-4.0563207240049834,-4.156435817677986
2020_03_MIA_JAX,2020,3,2020-09-24T20:20-04:00,-18.0,3.9027339054874344,-1.4119455089539286,4.088705980743958,3.1658851750780586
2020_03_CHI_ATL,2020,3,2020-09-27T13:00-04:00,-4.0,1.6481372327939705,3.982316567113804,1.8444795326723291,2.787423858671908
2020_03_CIN_PHI,2020,3,2020-09-27T13:00-04:00,0.0,4.301842987116448,9.126746046928279,4.441641395911711,6.433366835496726
2020_03_HOU_PIT,2020,3,2020-09-27T13:00-04:00,7.0,2.8213130303975174,-0.4565126818270091,4.152144751039014,1.7926812321352656
2020_03_LA_BUF,2020,3,2020-09-27T13:00-04:00,3.0,-1.9723441226692973,-0.43381555664899807,0.5304809422953831,1.6018181770610336
2020_03_LV_NE,2020,3,2020-09-27T13:00-04:00,16.0,6.014045875207845,10.745673929985394,6.455491404765691,8.168684387619173
2020_03_SF_NYG,2020,3,2020-09-27T13:00-04:00,-27.0,-2.1825697066669236,-7.423737814662037,-3.88684376289606,-2.9045415528552585
2020_03_TEN_MIN,2020,3,2020-09-27T13:00-04:00,-1.0,-1.2751501842821211,4.472373192250857,0.714194061259682,2.76354432542588
2020_03_WAS_CLE,2020,3,2020-09-27T13:00-04:00,14.0,4.983572849822156,4.086964199009996,3.723361141407144,5.248030961881416
2020_03_CAR_LAC,2020,3,2020-09-27T16:05-04:00,-5.0,5.716986680274406,7.050260478646672,6.751818973585724,5.549950345838988
2020_03_NYJ_IND,2020,3,2020-09-27T16:05-04:00,29.0,8.221215047158893,5.027543666049109,6.292607954763406,3.9372358382527466
2020_03_DAL_SEA,2020,3,2020-09-27T16:25-04:00,7.0,4.535204469335605,4.341996177199537,2.481764557466311,0.5913842918640269
2020_03_DET_ARI,2020,3,2020-09-27T16:25-04:00,-3.0,3.3617837780848836,1.8276744816163593,5.988122182526756,3.1102875791381273
2020_03_TB_DEN,2020,3,2020-09-27T16:25-04:00,-18.0,1.645896507443637,-2.551629591825165,1.237406526679306,1.7482934633574656
2020_03_GB_NO,2020,3,2020-09-27T20:20-04:00,-7.0,3.0044318016375473,5.000050424423263,2.2901490668255287,4.902194530759768
2020_03_KC_BAL,2020,3,2020-09-28T20:15-04:00,-14.0,3.0769964595100014,1.2343197878930097,5.223937327009311,3.4029001158909686
2020_04_DEN_NYJ,2020,4,2020-10-01T20:20-04:00,-9.0,2.350602646093185,2.4090580810084665,-0.3857951468603691,0.996428954084319
2020_04_ARI_CAR,2020,4,2020-10-04T13:00-04:00,10.0,-0.5161183612180036,-1.0892802035074134,-0.11399585306743187,0.9337340109130323
2020_04_BAL_WAS,2020,4,2020-10-04T13:00-04:00,-14.0,-13.865397903530994,-13.547718699656146,-8.459581806025792,-6.875843783928083
2020_04_CLE_DAL,2020,4,2020-10-04T13:00-04:00,-11.0,5.287499633836381,7.039888952047201,6.058680420186349,6.27488771507315
2020_04_JAX_CIN,2020,4,2020-10-04T13:00-04:00,8.0,2.5064980845185056,2.090436645482654,2.8700532601265656,2.1586754746787555
2020_04_LAC_TB,2020,4,2020-10-04T13:00-04:00,7.0,4.357799252182601,3.40289102871472,5.20401859246923,2.7693604932051517
2020_04_MIN_HOU,2020,4,2020-10-04T13:00-04:00,-8.0,1.7120369040314622,2.137333056094522,1.472548700920186,0.9330644179098058
2020_04_NO_DET,2020,4,2020-10-04T13:00-04:00,-6.0,-2.9653049717705056,-6.738008502651972,-2.939646271676774,-3.681533874033004
2020_04_SEA_MIA,2020,4,2020-10-04T13:00-04:00,-8.0,-1.9745852681261928,-4.988429553203999,-1.6504760587934886,-1.1799630387135398
2020_04_NYG_LA,2020,4,2020-10-04T16:05-04:00,8.0,13.859436270338758,11.57411975129297,10.41070456720808,7.0456202036024855
2020_04_BUF_LV,2020,4,2020-10-04T16:25-04:00,-7.0,0.273666523732978,-2.4159629727820313,-0.7136560102401166,-0.8846287194016473
2020_04_IND_CHI,2020,4,2020-10-04T16:25-04:00,-8.0,-2.594135704958417,0.20523170466192875,1.492069132173134,3.1991768667778273
2020_04_PHI_SF,2020,4,2020-10-04T20:20-04:00,-5.0,5.297269909496323,2.6482885425881193,8.605819856594202,3.970574469179297
2020_04_NE_KC,2020,4,2020-10-05T19:05-04:00,16.0,9.495417205649556,7.763240931700617,5.348418299569086,3.7831492874734387
2020_04_ATL_GB,2020,4,2020-10-05T21:00-04:00,14.0,5.738087293499733,4.242345253420881,7.605561752252608,3.7474479330336705
2020_05_TB_CHI,2020,5,2020-10-08T20:20-04:00,1.0,-0.09303907687877522,-0.6096373807368713,0.4040736972757881,2.3811351224723585
2020_05_ARI_NYJ,2020,5,2020-10-11T13:00-04:00,-20.0,-2.706815527466242,1.7142461967582179,-1.842446407238711,1.9977672673989566
2020_05_CAR_ATL,2020,5,2020-10-11T13:00-04:00,-7.0,4.9564723522457745,8.095077878252933,3.673417252981044,5.987869820188406
2020_05_CIN_BAL,2020,5,2020-10-11T13:00-04:00,24.0,8.062053265947846,17.712030729174643,11.699046718777529,10.616943204066216
2020_05_JAX_HOU,2020,5,2020-10-11T13:00-04:00,16.0,3.074269675046394,11.118738362051095,4.238752561058067,5.555324864652034
2020_05_LA_WAS,2020,5,2020-10-11T13:00-04:00,-20.0,-9.703648983229595,-6.1849095554143565,-5.431124815744456,-3.3039205352851173
2020_05_LV_KC,2020,5,2020-10-11T13:00-04:00,-8.0,12.686821972644289,16.578056206621426,12.005930420384232,9.451833675092612
2020_05_PHI_PIT,2020,5,2020-10-11T13:00-04:00,9.0,3.982362312249842,1.3759016428777378,3.977885810623651,1.2559637866118183
2020_05_MIA_SF,2020,5,2020-10-11T16:05-04:00,-26.0,7.054360685936049,6.939153934539016,8.295752090335602,8.228501954432836
2020_05_IND_CLE,2020,5,2020-10-11T16:25-04:00,9.0,-2.424649404459884,-3.190290043954797,-0.556180653686865,1.7067283405021003
2020_05_NYG_DAL,2020,5,2020-10-11T16:25-04:00,3.0,8.182448391350322,10.723487381742052,7.577641789798923,7.764618345271934
2020_05_MIN_SEA,2020,5,2020-10-11T20:20-04:00,1.0,5.303948300444796,3.2115457213951126,4.735644213854616,0.8918174168932524
2020_05_LAC_NO,2020,5,2020-10-12T20:15-04:00,3.0,7.90058189635895,8.44908914694837,6.288917277237648,6.587561938142857
2020_05_BUF_TEN,2020,5,2020-10-13T19:00-04:00,26.0,3.2921920768664603,2.157482715262139,2.4873203474048498,3.55320251415331
2020_06_ATL_MIN,2020,6,2020-10-18T13:00-04:00,-17.0,3.4374686170174344,2.6924481723314986,5.435459619129843,4.194582205096289
2020_06_BAL_PHI,2020,6,2020-10-18T13:00-04:00,-2.0,-7.516903133321998,-6.592602877473412,-6.087191108793428,-1.68357636856949
2020_06_CHI_CAR,2020,6,2020-10-18T13:00-04:00,-7.0,1.6651726644405782,-2.3364605303454593,0.782524487391629,-0.7004459615164982
2020_06_CIN_IND,2020,6,2020-10-18T13:00-04:00,4.0,8.002544938569374,9.417972892856154,7.630230150665756,4.782402041517448
2020_06_CLE_PIT,2020,6,2020-10-18T13:00-04:00,31.0,5.216138703012481,6.051265621698331,3.680724946165654,3.7002002400889955
2020_06_DEN_NE,2020,6,2020-10-18T13:00-04:00,-6.0,11.034863586591523,8.478488069721926,6.8441621244001105,6.082156551521425
2020_06_DET_JAX,2020,6,2020-10-18T13:00-04:00,-18.0,-1.5765165839204038,-3.3407956670195063,0.9730017595862686,2.104213168593626
2020_06_HOU_TEN,2020,6,2020-10-18T13:00-04:00,6.0,8.60144791878834,-0.9716881574225358,6.8987339416574525,3.803391256664314
2020_06_WAS_NYG,2020,6,2020-10-18T13:00-04:00,1.0,3.090632386732113,0.3106310447525962,4.318014706671672,3.758300331682632
2020_06_NYJ_MIA,2020,6,2020-10-18T16:05-04:00,24.0,7.936748352584074,0.5381861527328882,8.768303277566854,1.3302731469784836
2020_06_GB_TB,2020,6,2020-10-18T16:25-04:00,28.0,-2.311840750187427,-0.10797084351875297,-0.21362557849823194,1.0839930858220632
2020_06_LA_SF,2020,6,2020-10-18T20:20-04:00,8.0,-2.3462135753249447,1.549459304000278,0.5438399101648548,3.3589213492527734
2020_06_KC_BUF,2020,6,2020-10-19T17:00-04:00,-9.0,-5.262777197501546,-8.554986717770733,-2.849322811680133,-1.067204955690964
2020_06_ARI_DAL,2020,6,2020-10-19T20:15-04:00,-28.0,0.6946155610260354,4.798812805705973,2.546690146202668,6.416619161226953
2020_07_NYG_PHI,2020,7,2020-10-22T20:20-04:00,1.0,6.024325238453654,10.47529051270513,6.456066290727556,6.433967083675961
2020_07_BUF_NYJ,2020,7,2020-10-25T13:00-04:00,-8.0,-5.657385051904069,0.23668758886276509,-5.661813726700606,-0.3016719292195811
2020_07_CAR_NO,2020,7,2020-10-25T13:00-04:00,3.0,9.623098294687125,13.78487199450974,7.421229357028618,9.637512283981845
2020_07_CLE_CIN,2020,7,2020-10-25T13:00-04:00,-3.0,1.4532343040970788,-0.527841608270148,0.7647906662680106,1.0108696179804508
2020_07_DAL_WAS,2020,7,2020-10-25T13:00-04:00,22.0,-1.6368490785209753,-5.303365611009255,-1.9601591250003816,-4.022918676954566
2020_07_DET_ATL,2020,7,2020-10-25T13:00-04:00,-1.0,0.785624672918311,5.064489570795255,3.4639200477231054,5.031891410239565
2020_07_GB_HOU,2020,7,2020-10-25T13:00-04:00,-15.0,-1.0608070069733087,0.5874359750051382,-1.7087824809704362,1.3801986899724246
2020_07_PIT_TEN,2020,7,2020-10-25T13:00-04:00,-3.0,3.4041333517946413,1.4465947543232436,3.0469996987983867,4.510710024529049
2020_07_TB_LV,2020,7,2020-10-25T16:05-04:00,-25.0,-0.7182445991563173,-4.447876553838432,-1.8077559625480086,-0.3382343727402817
2020_07_JAX_LAC,2020,7,2020-10-25T16:25-04:00,10.0,7.50622333602117,9.19859176871054,7.806424221863135,4.989758767296522
2020_07_KC_DEN,2020,7,2020-10-25T16:25-04:00,-27.0,-9.990695733860154,-10.665534060208067,-4.2883063088278135,-2.365305838994864
2020_07_SF_NE,2020,7,2020-10-25T16:25-04:00,-27.0,2.955579391058169,4.415577441489499,1.7973249847184192,3.0269524960257854
2020_07_SEA_ARI,2020,7,2020-10-25T20:20-04:00,3.0,-0.7095457198813446,-3.6573487662535826,1.4750448346506806,0.4919965469090197
2020_07_CHI_LA,2020,7,2020-10-26T20:15-04:00,14.0,7.67812453423774,4.494999572981394,5.251965856275154,4.063441047127974
2020_08_ATL_CAR,2020,8,2020-10-29T20:20-04:00,-8.0,-0.07433947805732233,-4.326095292686309,1.51029220376812,-0.987869820188406
2020_08_IND_DET,2020,8,2020-11-01T13:00-05:00,-20.0,-0.6628274082477766,-1.0933223229988074,-0.17226284634042965,0.9547093152101698
2020_08_LA_MIA,2020,8,2020-11-01T13:00-05:00,11.0,-5.353553423547114,-3.2733665263490512,-1.206425480029989,-2.3695806051800634
2020_08_LV_CLE,2020,8,2020-11-01T13:00-05:00,-10.0,1.7172271286519933,2.559045528674522,3.6311575654906996,3.726920968936913
2020_08_MIN_GB,2020,8,2020-11-01T13:00-05:00,-6.0,6.890333944163779,3.2334631373205034,7.42661547818567,2.052865727937381
2020_08_NE_BUF,2020,8,2020-11-01T13:00-05:00,3.0,3.332970281716774,-2.5989581417179686,2.274208083657062,0.21594433178247474
2020_08_NYJ_KC,2020,8,2020-11-01T13:00-05:00,26.0,19.699775490753225,13.987228794684992,18.60910208712617,8.868876884910545
2020_08_PIT_BAL,2020,8,2020-11-01T13:00-05:00,-4.0,4.7882658206685,11.34930452318545,6.595923859193939,7.927612581957671
2020_08_TEN_CIN,2020,8,2020-11-01T13:00-05:00,11.0,-6.302712562465155,-4.225807823870914,-3.7917683012562513,-2.200040646637593
2020_08_LAC_DEN,2020,8,2020-11-01T16:05-05:00,1.0,-3.9117272443232762,-1.048685643320849,0.8887032898738392,2.0176539565626177
2020_08_NO_CHI,2020,8,2020-11-01T16:25-05:00,-3.0,-5.198969449777072,-5.686747073824703,0.13911446968628027,-1.4370663224653462
2020_08_SF_SEA,2020,8,2020-11-01T16:25-05:00,10.0,1.4234691247469622,3.841851583858743,0.8533955994609315,0.45146108428070253
2020_08_DAL_PHI,2020,8,2020-11-01T20:20-05:00,14.0,6.332234925017764,1.7444849357360301,4.407014694593528,1.1693487384040275
2020_08_TB_NYG,2020,8,2020-11-02T20:15-05:00,-2.0,-8.085617786955718,-7.596022834485897,-6.749757675655342,-0.601044034002153
2020_09_GB_SF,2020,9,2020-11-05T20:20-05:00,-17.0,-1.4481482887619241,-0.2802558633426102,2.601915697552119,3.3874906046751687
2020_09_BAL_IND,2020,9,2020-11-08T13:00-05:00,-14.0,0.6283738919467532,-6.394110756108087,-1.097912912471556,-3.334541162548767
2020_09_CAR_KC,2020,9,2020-11-08T13:00-05:00,2.0,15.09725177118873,16.605285745825526,13.403174510409535,9.93291014139647
2020_09_CHI_TEN,2020,9,2020-11-08T13:00-05:00,7.0,7.953292875451971,2.202391547194445,4.520243514699575,4.218461738342317
2020_09_DEN_ATL,2020,9,2020-11-08T13:00-05:00,7.0,6.008106395929019,6.017043502764649,4.347353515421451,3.4202655177868007
2020_09_DET_MIN,2020,9,2020-11-08T13:00-05:00,14.0,4.139642297580251,5.856990662916351,5.558662110662109,6.726473615335855
2020_09_HOU_JAX,2020,9,2020-11-08T13:00-05:00,-2.0,-5.092443769909864,-7.318844201630289,-1.6609967239256846,-0.5553248646520346
2020_09_NYG_WAS,2020,9,2020-11-08T13:00-05:00,-3.0,1.7242149547985783,3.705644139647494,1.9142507018503618,1.2416996683173682
2020_09_SEA_BUF,2020,9,2020-11-08T13:00-05:00,10.0,-1.7104757867838385,-2.0252322840872132,-0.4134234674001602,2.7914357435275576
2020_09_LV_LAC,2020,9,2020-11-08T16:05-05:00,-5.0,2.3602375708626098,6.961207789734207,3.2595375401353035,5.06887387953513
2020_09_MIA_ARI,2020,9,2020-11-08T16:25-05:00,-3.0,5.081201851222088,3.7565246396819374,2.8542886408025128,4.1719595856225595
2020_09_PIT_DAL,2020,9,2020-11-08T16:25-05:00,-5.0,-7.239549234288476,2.888570410559275,-5.208576437023601,5.074687474984154
2020_09_NO_TB,2020,9,2020-11-08T20:20-05:00,-35.0,0.4524292111210002,-3.17716261287743,4.62639964032623,-1.3182014449377046
2020_09_NE_NYJ,2020,9,2020-11-09T20:15-05:00,-3.0,-5.9369981282384945,-4.293129207919789,-6.738216533778269,-2.5857275974371063
2020_10_IND_TEN,2020,10,2020-11-12T20:20-05:00,-17.0,1.885396719616169,0.5076761716459711,2.480888732063737,4.917638605120144
2020_10_HOU_CLE,2020,10,2020-11-15T13:00-05:00,3.0,2.3424393414899574,-4.391450199335654,2.2676377562247363,0.5924809920462701
2020_10_JAX_GB,2020,10,2020-11-15T13:00-05:00,4.0,14.001873949427265,12.523984191818911,13.352034594908613,6.67512617467961
2020_10_PHI_NYG,2020,10,2020-11-15T13:00-05:00,10.0,-1.7583162447466827,-6.891777376263606,-0.63232961671098,-1.4339670836759617
2020_10_TB_CAR,2020,10,2020-11-15T13:00-05:00,-23.0,-1.860951207199542,-4.753310266730184,-2.4779120060289195,-0.8193108390441397
2020_10_WAS_DET,2020,10,2020-11-15T13:00-05:00,3.0,5.633306695031807,6.3075782193827195,3.9469290735108613,4.496011936589486
2020_10_BUF_ARI,2020,10,2020-11-15T16:05-05:00,2.0,1.0326132315238117,0.4842116220233176,2.711137838697608,0.2005608033814621
2020_10_DEN_LV,2020,10,2020-11-15T16:05-05:00,25.0,7.010701509974591,-0.21268090578214793,4.153478465325472,0.4134721639022527
2020_10_LAC_MIA,2020,10,2020-11-15T16:05-05:00,8.0,2.192307007823069,-1.9013355700003007,5.2786953958368095,-0.6556439423745797
2020_10_CIN_PIT,2020,10,2020-11-15T16:25-05:00,26.0,7.679187927418332,8.262673286199599,8.82148699134618,5.189330622108544
2020_10_SEA_LA,2020,10,2020-11-15T16:25-05:00,7.0,4.702165701014058,0.5249113767514721,3.3199725566906384,3.689617566466524
2020_10_SF_NO,2020,10,2020-11-15T16:25-05:00,14.0,7.06855301886354,7.118430218267912,4.682125782202386,4.014703926084599
2020_10_BAL_NE,2020,10,2020-11-15T20:20-05:00,6.0,-3.517071064577981,-3.3595426286707832,-4.990272217753748,0.31395059663559266
2020_10_MIN_CHI,2020,10,2020-11-16T20:15-05:00,-6.0,-2.971617562752386,-0.9749234988140936,1.075686180031379,0.5179939362318029
2020_11_ARI_SEA,2020,11,2020-11-19T20:20-05:00,7.0,1.6909505537965501,7.240861902695105,3.4176053882466464,4.50800345309098
2020_11_ATL_NO,2020,11,2020-11-22T13:00-05:00,15.0,2.6905052184736933,7.1569791485086425,7.290390907177737,6.149642463793438
2020_11_CIN_WAS,2020,11,2020-11-22T13:00-05:00,11.0,-1.449012020061448,2.2334533744539113,1.3787079135280265,1.241099420138133
2020_11_DET_CAR,2020,11,2020-11-22T13:00-05:00,20.0,-2.0612684934237144,-1.1615528021014578,2.6377907260689892,1.5440215900511594
2020_11_NE_HOU,2020,11,2020-11-22T13:00-05:00,7.0,0.3008542496325983,0.2520085572790558,-0.29967666542192584,-0.03424441072852957
2020_11_PHI_CLE,2020,11,2020-11-22T13:00-05:00,5.0,1.80618248677133,-2.9917979225894733,1.5460441056987904,0.05576354652282278
2020_11_PIT_JAX,2020,11,2020-11-22T13:00-05:00,-24.0,-10.263701598808815,-4.962384439592875,-8.219749350272469,0.1519939032126998
2020_11_TEN_BAL,2020,11,2020-11-22T13:00-05:00,-6.0,6.2167458665214905,11.493541100530775,8.689133482110334,5.916902557428623
2020_11_MIA_DEN,2020,11,2020-11-22T16:05-05:00,7.0,-6.1254981543412015,2.7525970068898555,-3.1568786155895285,5.173297898937197
2020_11_NYJ_LAC,2020,11,2020-11-22T16:05-05:00,6.0,10.197264983543763,4.153999353818492,9.874133177774837,4.485917089353063
2020_11_DAL_MIN,2020,11,2020-11-22T16:25-05:00,-3.0,8.727197476436439,2.8140165120355425,7.6775710685655625,2.1995668749707744
2020_11_GB_IND,2020,11,2020-11-22T16:25-05:00,3.0,1.5300775429323095,-0.7373704797924514,1.8998071929113207,0.2659513415165944
2020_11_KC_LV,2020,11,2020-11-22T20:20-05:00,-4.0,-4.342271499549921,-13.025454645034085,-4.024508331771093,-4.451833675092612
2020_11_LA_TB,2020,11,2020-11-23T20:15-05:00,-3.0,0.4030320393461512,1.814479048386686,3.798027630786586,1.055423830399668
2020_12_HOU_DET,2020,12,2020-11-26T12:30-05:00,-16.0,-1.2132483804121468,-2.2944824783796633,-0.8000758642465371,-0.1595380332456604
2020_12_WAS_DAL,2020,12,2020-11-26T16:30-05:00,-25.0,1.567060973268925,9.134171346284244,3.6330985056541483,9.022918676954566
2020_12_ARI_NE,2020,12,2020-11-29T13:00-05:00,3.0,0.8442189093749948,7.72185303576331,1.9432218903142155,7.083494864836063
2020_12_CAR_MIN,2020,12,2020-11-29T13:00-05:00,1.0,5.536369135047799,8.918490545228211,5.185784686322228,7.682452025284695
2020_12_CLE_JAX,2020,12,2020-11-29T13:00-05:00,-2.0,-4.157729385331233,-0.8110658981049483,-2.275575036028722,1.3521941433016953
2020_12_LAC_BUF,2020,12,2020-11-29T13:00-05:00,10.0,2.996150473777011,1.3709774476583196,5.09169607336901,3.3157548398665178
2020_12_LV_ATL,2020,12,2020-11-29T13:00-05:00,37.0,-2.6608498054458822,8.03693676419465,1.0117132159382605,5.506793353884548
2020_12_MIA_NYJ,2020,12,2020-11-29T13:00-05:00,-17.0,-5.206052459753753,3.261708007687919,-7.008698379733797,3.6697268530215164
2020_12_NYG_CIN,2020,12,2020-11-29T13:00-05:00,-2.0,-0.7735259214990079,2.939375797445418,0.8504032358193738,2.5006002481792353
2020_12_TEN_IND,2020,12,2020-11-29T13:00-05:00,-19.0,1.2806937126536195,3.2922179887748353,4.4220740271192,0.08236139487985561
2020_12_NO_DEN,2020,12,2020-11-29T16:05-05:00,-28.0,-6.0397153813644975,-7.597827710058814,-5.852096181078426,-2.069907981580239
2020_12_SF_LA,2020,12,2020-11-29T16:05-05:00,-3.0,7.383275784939836,2.0340538324412454,5.219190430385844,1.6410786507472266
2020_12_KC_TB,2020,12,2020-11-29T16:25-05:00,-3.0,-5.517601634235124,-6.275780537880865,-0.7228002752453468,-1.6135993023523296
2020_12_CHI_GB,2020,12,2020-11-29T20:20-05:00,16.0,7.493487561593913,6.139245291199184,7.420739720395064,4.034871791705578
2020_12_SEA_PHI,2020,12,2020-11-30T20:15-05:00,-6.0,-2.5171024680800462,-0.8830336103782028,-1.1915423101910703,3.0779644465400007
2020_12_BAL_PIT,2020,12,2020-12-02T15:40-05:00,5.0,6.901367667616766,-7.3330293387853605,3.4080276572121555,-2.9276125819576713
2020_13_CIN_MIA,2020,13,2020-12-06T13:00-05:00,12.0,8.318918687172525,4.928615379539934,8.915937378944918,2.175439350243186
2020_13_CLE_TEN,2020,13,2020-12-06T13:00-05:00,-6.0,7.717237807965442,5.597913295811171,7.438088922399089,5.710910264618044
2020_13_DET_CHI,2020,13,2020-12-06T13:00-05:00,-4.0,4.489800995678346,2.889385359329304,6.739607675861098,4.7444675515676575
2020_13_IND_HOU,2020,13,2020-12-06T13:00-05:00,-6.0,0.9287526378260353,3.410222984133093,0.21143645340840234,3.61424734845583
2020_13_JAX_MIN,2020,13,2020-12-06T13:00-05:00,3.0,9.964681321797666,10.881352386166977,9.47974096112976,7.122260446742229
2020_13_LV_NYJ,2020,13,2020-12-06T13:00-05:00,-3.0,-5.935538874068836,4.521686067001017,-6.018249872041752,3.0829567901820663
2020_13_NO_ATL,2020,13,2020-12-06T13:00-05:00,-5.0,0.25616478587359914,-3.57346601206712,-3.4468322711010764,-1.1496424637934384
2020_13_LA_ARI,2020,13,2020-12-06T16:05-05:00,-10.0,0.2692440547390702,-1.8495510148360839,-0.03093280557167999,-0.6976210195575039
2020_13_NYG_SEA,2020,13,2020-12-06T16:05-05:00,-5.0,8.55940025666337,13.134624903877,7.616829876372029,5.856002637135961
2020_13_NE_LAC,2020,13,2020-12-06T16:25-05:00,-45.0,2.76356839966426,-1.8536074851866016,0.18191331658155097,-0.599810508084043
2020_13_PHI_GB,2020,13,2020-12-06T16:25-05:00,14.0,9.308147562049422,4.859403060995316,8.842875045391525,3.083083864504128
2020_13_DEN_KC,2020,13,2020-12-06T20:20-05:00,6.0,19.66058159734225,14.496339795483056,14.585172755401118,7.365305838994864
2020_13_WAS_PIT,2020,13,2020-12-07T17:00-05:00,-6.0,8.953814418489596,7.960078566810273,11.600875847069481,6.448231201970412
2020_13_BUF_SF,2020,13,2020-12-07T20:15-05:00,-10.0,-4.142025895145907,-0.4106340912815645,0.43302735403141956,1.7571031721917398
2020_13_DAL_BAL,2020,13,2020-12-08T20:05-05:00,17.0,13.445503651129455,9.958830719732195,12.320953832785001,5.352925106973517
2020_14_NE_LA,2020,14,2020-12-10T20:20-05:00,21.0,6.18697842146891,-0.265195504858567,4.67687423838672,1.1141261547214412
2020_14_ARI_NYG,2020,14,2020-12-13T13:00-05:00,-19.0,-1.6563921505024486,-4.024727495825676,0.9719696689097499,1.152000815955019
2020_14_DAL_CIN,2020,14,2020-12-13T13:00-05:00,-23.0,1.0870003113052351,-5.60596033039858,2.4508432911225704,-2.7640180970926984
2020_14_DEN_CAR,2020,14,2020-12-13T13:00-05:00,-5.0,8.205794984346928,-0.08535257071533087,4.695734157443154,-0.06760430240160531
2020_14_HOU_CHI,2020,14,2020-12-13T13:00-05:00,29.0,-0.8337167537993158,-1.2123094746982117,0.8199303495675889,2.084929518321997
2020_14_KC_MIA,2020,14,2020-12-13T13:00-05:00,-6.0,-6.888028991051488,-11.549095561741703,-2.327285657395837,-5.038603737932061
2020_14_MIN_TB,2020,14,2020-12-13T13:00-05:00,12.0,4.117071353794366,1.7510419861124646,6.609233996055172,0.6368588137594444
2020_14_TEN_JAX,2020,14,2020-12-13T13:00-05:00,-21.0,-7.231613773314732,-4.509032113705715,-5.678490461758839,-1.8587161213163483
2020_14_IND_LV,2020,14,2020-12-13T16:05-05:00,-17.0,-1.9379926145610389,-3.849388492418917,-0.8108756468547469,0.47980737156518716
2020_14_NYJ_SEA,2020,14,2020-12-13T16:05-05:00,37.0,13.511775477076092,7.519297510709839,13.112812388623338,5.0102361856920234
2020_14_ATL_LAC,2020,14,2020-12-13T16:25-05:00,3.0,1.486368787907315,0.8242181057499598,-1.739237480181341,2.062080525650582
2020_14_GB_DET,2020,14,2020-12-13T16:25-05:00,-7.0,-9.735520969881133,-3.6069935835849276,-7.528550234102955,-1.2793393432732358
2020_14_NO_PHI,2020,14,2020-12-13T16:25-05:00,3.0,-5.375137016683272,-4.15961224478737,-6.607434904252184,-0.48527839526389593
2020_14_WAS_SF,2020,14,2020-12-13T16:25-05:00,-8.0,-2.7182275905795397,5.340459907483795,2.205526091429678,6.66284188453789
2020_14_PIT_BUF,2020,14,2020-12-13T20:20-05:00,11.0,-0.6563715431221637,1.4054401432507917,-0.6232916295060882,3.4575075103757387
2020_14_BAL_CLE,2020,14,2020-12-14T20:15-05:00,-5.0,-2.927654089664804,-11.42252473056492,-4.147526249844979,-4.127812822046667
2020_15_LAC_LV,2020,15,2020-12-17T20:20-05:00,-3.0,1.1663035726724877,-3.1613136293134003,3.5480159660078736,-0.06887387953513002
2020_15_BUF_DEN,2020,15,2020-12-19T16:30-05:00,-29.0,-7.9901013522651105,-0.303334986789481,-3.6606364177942403,1.2018991166961
2020_15_CAR_GB,2020,15,2020-12-19T20:15-05:00,8.0,9.69384559203235,10.468387626317597,9.825509325228735,7.235317753222077
2020_15_CHI_MIN,2020,15,2020-12-20T13:00-05:00,-6.0,3.4338905314416577,4.774817659234899,2.929542139636102,4.482006063768197
2020_15_DET_TEN,2020,15,2020-12-20T13:00-05:00,21.0,13.055184626402099,3.284564550875897,10.742698707022807,6.462929289909974
2020_15_HOU_IND,2020,15,2020-12-20T13:00-05:00,7.0,7.54732592556123,0.4824059008502637,8.434463341088751,1.3857526515441698
2020_15_JAX_BAL,2020,15,2020-12-20T13:00-05:00,26.0,12.153608033914862,17.96434344415526,15.616689874194305,10.275618678744971
2020_15_NE_MIA,2020,15,2020-12-20T13:00-05:00,10.0,1.828944558020421,-5.747624859959855,3.695154464228841,-3.7554544504586227
2020_15_SEA_WAS,2020,15,2020-12-20T13:00-05:00,-5.0,-4.363244331429629,-7.776326282852571,-1.1265627706249468,-2.114302968818593
2020_15_SF_DAL,2020,15,2020-12-20T13:00-05:00,8.0,-0.09738007081368205,1.3998024868696108,-0.9780072799896398,2.3600767924166757
2020_15_TB_ATL,2020,15,2020-12-20T13:00-05:00,-4.0,-1.9252811647033177,1.4727321061665295,-1.4917664524421044,2.6685589811442663
2020_15_NYJ_LA,2020,15,2020-12-20T16:05-05:00,-3.0,17.081351575039058,6.020615507834176,18.167064641654285,6.199853752158548
2020_15_PHI_ARI,2020,15,2020-12-20T16:05-05:00,7.0,8.51434115466272,-0.7507217762482429,5.434398138053487,-0.0859678996309805
2020_15_KC_NO,2020,15,2020-12-20T16:25-05:00,-3.0,-0.3361630623306642,-1.1986708447930319,1.5312877684855861,2.204602142585375
2020_15_CLE_NYG,2020,15,2020-12-20T20:20-05:00,-14.0,-3.5679867388953403,-1.7527397746302629,0.3963207760542593,1.0102693698012155
2020_15_PIT_CIN,2020,15,2020-12-21T20:15-05:00,10.0,-12.636115028101237,-4.679160149758076,-8.17604995209072,-0.18933062210854468
2020_16_MIN_NO,2020,16,2020-12-25T16:30-05:00,19.0,6.773797193866092,6.580859080366831,9.570644145671682,4.455060258697149
2020_16_TB_DET,2020,16,2020-12-26T13:00-05:00,-40.0,-7.243098966217161,-1.6918103844183232,-7.89383140624734,0.13666757090470094
2020_16_SF_ARI,2020,16,2020-12-26T16:30-05:00,-8.0,7.709976413724409,-1.4990632386259581,4.544258939897189,-1.5565423688102777
2020_16_MIA_LV,2020,16,2020-12-26T20:15-05:00,-1.0,-0.2882886980309707,0.7327037454598542,-2.349512551138247,3.08677006283945
2020_16_ATL_KC,2020,16,2020-12-27T13:00-05:00,3.0,10.948069843846264,10.47197809749136,9.811368953848277,6.445040321208063
2020_16_CHI_JAX,2020,16,2020-12-27T13:00-05:00,-24.0,-5.048130465424505,-4.206587646721674,-5.271507362304553,-0.1402543829740317
2020_16_CIN_HOU,2020,16,2020-12-27T13:00-05:00,-6.0,7.333171316004683,10.866425647070479,5.266707220815684,5.896649389973279
2020_16_CLE_NYJ,2020,16,2020-12-27T13:00-05:00,7.0,-6.81356099208179,3.8625876185368972,-6.574012550688693,1.856035821245153
2020_16_IND_PIT,2020,16,2020-12-27T13:00-05:00,4.0,0.9770310259502857,0.9301169226789465,1.963641398535989,2.906928580591096
2020_16_NYG_BAL,2020,16,2020-12-27T13:00-05:00,14.0,13.511213023500677,18.967840470388943,13.23754885395347,10.617543452245451
2020_16_CAR_WAS,2020,16,2020-12-27T16:05-05:00,-7.0,1.7206868455337738,0.5229042484957633,4.048056136513573,1.459966473359355
2020_16_DEN_LAC,2020,16,2020-12-27T16:05-05:00,3.0,9.334584207231586,4.910402953450022,4.52501484012946,2.9823460434373823
2020_16_LA_SEA,2020,16,2020-12-27T16:25-05:00,11.0,3.3903115953460343,3.4913638076486184,2.23625553917218,1.310382433533476
2020_16_PHI_DAL,2020,16,2020-12-27T16:25-05:00,20.0,0.941964080568896,2.148143949247326,1.4936732894570801,3.8306512615959725
2020_16_TEN_GB,2020,16,2020-12-27T20:20-05:00,26.0,1.5462790836076417,6.0531818481944235,3.300358195599262,2.3164100533632612
2020_16_BUF_NE,2020,16,2020-12-28T20:15-05:00,-29.0,-3.6646939162956014,6.367940727284592,-1.861176750014356,4.784055668217525
2020_17_ATL_TB,2020,17,2021-01-03T13:00-05:00,17.0,6.311518741975648,2.35807362910846,7.857148813037168,2.3314410188557337
2020_17_BAL_CIN,2020,17,2021-01-03T13:00-05:00,-35.0,-8.84059040209321,-13.912136568753837,-8.263628305427243,-5.6169432040662155
2020_17_DAL_NYG,2020,17,2021-01-03T13:00-05:00,4.0,-0.3107598354174176,-6.923593221321245,-0.4905631906325967,-2.764618345271934
2020_17_MIA_BUF,2020,17,2021-01-03T13:00-05:00,30.0,6.796127017260295,4.894055924181372,6.321508896755209,6.471398782241097
2020_17_MIN_DET,2020,17,2021-01-03T13:00-05:00,-2.0,-4.935534112495166,-2.0880080773497283,-2.9109476439862716,-1.7264736153358546
2020_17_NYJ_NE,2020,17,2021-01-03T13:00-05:00,14.0,5.797693483267477,8.062111793486412,9.050807182541085,7.585727597437106
2020_17_PIT_CLE,2020,17,2021-01-03T13:00-05:00,2.0,1.8104133765518968,-2.2513714612775244,-1.543394298253224,1.2997997599110045
2020_17_ARI_LA,2020,17,2021-01-03T16:25-05:00,11.0,4.115250851403858,5.618533600402707,4.9187480379729065,5.697621019557504
2020_17_GB_CHI,2020,17,2021-01-03T16:25-05:00,-19.0,-3.235120477004572,-2.5248205799034764,-2.64897663437128,0.9651282082944217
2020_17_JAX_IND,2020,17,2021-01-03T16:25-05:00,14.0,14.33925216465999,9.701197182690954,15.36064999548871,4.441077516196204
2020_17_LAC_KC,2020,17,2021-01-03T16:25-05:00,-17.0,3.8762962539743855,11.547707071951805,12.264025539956073,6.882959795557482
2020_17_LV_DEN,2020,17,2021-01-03T16:25-05:00,-1.0,-3.8111010190456756,3.98166349134877,0.4223342604381881,4.586527836097748
2020_17_NO_CAR,2020,17,2021-01-03T16:25-05:00,-26.0,-6.015401152301349,-9.8613315346722,-5.537421787444462,-4.637512283981844
2020_17_SEA_SF,2020,17,2021-01-03T16:25-05:00,-3.0,-11.240007252622059,-4.304901880724995,-3.6321853451818704,2.0485389157192975
2020_17_TEN_HOU,2020,17,2021-01-03T16:25-05:00,-3.0,-4.540851936397417,4.709759168134975,-2.9803196876189926,1.1966087433356858
2020_17_WAS_PHI,2020,17,2021-01-03T20:20-05:00,-6.0,-2.1131270979158665,8.885974477247323,1.107504653418657,7.692267415358593
2021_01_DAL_TB,2021,1,2021-09-09T20:20-04:00,2.0,9.938847057753751,10.14523375758691,6.644894719355273,6.644896010138107
2021_01_ARI_TEN,2021,1,2021-09-12T13:00-04:00,-25.0,2.392281876438869,2.7627730971121567,3.6327722857940827,3.6328254879844093
2021_01_JAX_HOU,2021,1,2021-09-12T13:00-04:00,16.0,1.2228476699110473,1.1819841120061132,5.672777618010834,5.672781315402264
2021_01_LAC_WAS,2021,1,2021-09-12T13:00-04:00,-4.0,-2.3314961823054423,-2.3106297682014874,2.61008164069027,2.610039034340713
2021_01_MIN_CIN,2021,1,2021-09-12T13:00-04:00,3.0,1.921934318512989,1.8750639192973595,0.6908232524848799,0.6908655340162264
2021_01_NYJ_CAR,2021,1,2021-09-12T13:00-04:00,5.0,4.789012759228227,4.746820573094084,5.164714209763986,5.164672584055226
2021_01_PHI_ATL,2021,1,2021-09-12T13:00-04:00,-26.0,9.145864531984381,9.10446453721063,4.263552926688213,4.263548436868361
2021_01_PIT_BUF,2021,1,2021-09-12T13:00-04:00,-7.0,6.133440533917696,6.208726082121204,4.79821676929291,4.798211978677873
2021_01_SEA_IND,2021,1,2021-09-12T13:00-04:00,-12.0,1.9011185502359584,2.6719430171413947,2.1075124273615535,2.1075690350040284
2021_01_SF_DET,2021,1,2021-09-12T13:00-04:00,-8.0,-0.26741593723201773,-0.31473213387849075,-1.3948959893194433,-1.3948884290438643
2021_01_CLE_KC,2021,1,2021-09-12T16:25-04:00,4.0,12.855528190115304,12.813181275608873,5.561173270691322,5.56117570458312
2021_01_DEN_NYG,2021,1,2021-09-12T16:25-04:00,-14.0,3.0208833315749986,2.9736340862472708,2.9066970570695347,2.906657587685485
2021_01_GB_NO,2021,1,2021-09-12T16:25-04:00,35.0,-5.562841454726669,-5.283463385192153,0.29400815940820024,0.2940073197727737
2021_01_MIA_NE,2021,1,2021-09-12T16:25-04:00,-1.0,-0.5107218141230039,-0.5720553842604597,1.6657608040251364,1.6657570308385805
2021_01_CHI_LA,2021,1,2021-09-12T20:20-04:00,20.0,6.858078033196721,6.816116741394337,4.320906237655777,4.320905606380573
2021_01_BAL_LV,2021,1,2021-09-13T20:15-04:00,6.0,-7.2798867746875775,-7.322923990664056,-2.7687512610372673,-2.768738966061429
2021_02_NYG_WAS,2021,2,2021-09-16T20:20-04:00,1.0,5.041179859913059,4.510454058379035,4.677099581670633,3.9048510211540153
2021_02_BUF_MIA,2021,2,2021-09-19T13:00-04:00,-35.0,-2.2352461712911844,-5.932752592504688,0.17404386962124896,-0.9107528743315734
2021_02_CIN_CHI,2021,2,2021-09-19T13:00-04:00,3.0,2.8943110261098495,7.7185538495930075,3.8919175288196253,5.240995473370667
2021_02_DEN_JAX,2021,2,2021-09-19T13:00-04:00,-10.0,-4.309103103936363,0.7886846304105546,-1.8952639711704435,0.14728177694841982
2021_02_HOU_CLE,2021,2,2021-09-19T13:00-04:00,10.0,6.924861693727327,3.540084305618776,3.0447970529910364,3.702237708271646
2021_02_LA_IND,2021,2,2021-09-19T13:00-04:00,-3.0,-4.989976534626896,0.1674186880852262,0.14717166826146055,2.38122298491637
2021_02_LV_PIT,2021,2,2021-09-19T13:00-04:00,-9.0,6.283800682751738,4.338709124873033,5.359952891671191,5.1327325854082355
2021_02_NE_NYJ,2021,2,2021-09-19T13:00-04:00,-19.0,-2.9459962517543503,-0.8466964303078834,-0.9343074265457765,-1.1465853343896661
2021_02_NO_CAR,2021,2,2021-09-19T13:00-04:00,19.0,-8.30863536424431,-5.945849190210314,-4.531064459454529,-3.018706751309752
2021_02_SF_PHI,2021,2,2021-09-19T13:00-04:00,-6.0,-0.3421155847679658,-2.460799237764734,1.4874921236357976,0.48288433346861837
2021_02_ATL_TB,2021,2,2021-09-19T16:05-04:00,23.0,6.8615672431113905,5.462137389140214,7.015921141589151,5.864291593843058
2021_02_MIN_ARI,2021,2,2021-09-19T16:05-04:00,1.0,3.1818587685118342,5.882847071565636,5.260487647124881,3.5873008553968475
2021_02_DAL_LAC,2021,2,2021-09-19T16:25-04:00,-3.0,1.822888896340677,8.588946628195053,2.783671447833189,2.636328569575447
2021_02_TEN_SEA,2021,2,2021-09-19T16:25-04:00,-3.0,5.8281560682377,5.259590012550742,5.8644137675243595,3.3062942202985512
2021_02_KC_BAL,2021,2,2021-09-19T20:20-04:00,1.0,0.328312604635022,2.1779543282813885,3.2902092392756024,3.8307744936253725
2021_02_DET_GB,2021,2,2021-09-20T20:15-04:00,18.0,12.491445235633252,12.248942320863996,8.865211688646957,9.8698232127275
2021_03_CAR_HOU,2021,3,2021-09-23T20:20-04:00,-15.0,-2.4280971903928594,-0.41609970753912817,1.2357174281353522,2.470515089322615
2021_03_ARI_JAX,2021,3,2021-09-26T13:00-04:00,-12.0,-7.772971999967449,-2.586758163622952,-4.844501506731861,-2.2815931419705757
2021_03_ATL_NYG,2021,3,2021-09-26T13:00-04:00,-3.0,2.071297838595049,-2.795317368939122,2.267490273892566,0.5609121664670944
2021_03_BAL_DET,2021,3,2021-09-26T13:00-04:00,-2.0,-6.086509013868351,-9.729123192258625,-5.560860040521721,-5.209826776993276
2021_03_CHI_CLE,2021,3,2021-09-26T13:00-04:00,20.0,5.707102977253934,-3.2786374964428973,4.130379539576486,2.2488657297132884
2021_03_CIN_PIT,2021,3,2021-09-26T13:00-04:00,-14.0,6.049299179540961,7.930951825648829,6.313593590324896,6.745805020639255
2021_03_IND_TEN,2021,3,2021-09-26T13:00-04:00,9.0,2.591006581730476,-2.8220018703318264,2.5450695769022564,2.0861367446974204
2021_03_LAC_KC,2021,3,2021-09-26T13:00-04:00,-6.0,6.744685151201132,5.1228623045763175,5.874709703157576,5.8820069307066625
2021_03_NO_NE,2021,3,2021-09-26T13:00-04:00,-15.0,-1.9766248159893618,-6.439619226756306,-0.8818371681990742,-2.036794000975312
2021_03_WAS_BUF,2021,3,2021-09-26T13:00-04:00,22.0,8.409821910819062,7.606510260136017,8.151589538627075,6.764947988016002
2021_03_MIA_LV,2021,3,2021-09-26T16:05-04:00,3.0,3.8314048552758764,2.2379976639552144,4.014515451683926,0.9798083102454642
2021_03_NYJ_DEN,2021,3,2021-09-26T16:05-04:00,26.0,9.608106076445472,4.063229176258391,7.533549868492932,4.315124581027157
2021_03_SEA_MIN,2021,3,2021-09-26T16:25-04:00,13.0,-1.1160003710488204,-7.0925019687481194,-0.7733060943446297,-0.5264205636798076
2021_03_TB_LA,2021,3,2021-09-26T16:25-04:00,10.0,3.612111251705648,2.67124138842597,1.4458390667748642,0.8843036622281661
2021_03_GB_SF,2021,3,2021-09-26T20:20-04:00,-2.0,-2.060069842419928,-6.784706961660847,0.896902688195776,-0.9749347836836364
2021_03_PHI_DAL,2021,3,2021-09-27T20:15-04:00,20.0,4.133810946625835,4.301451970870889,3.3266508246855553,3.482944020573311
2021_04_JAX_CIN,2021,4,2021-09-30T20:20-04:00,3.0,8.853489412401009,1.9853291175948833,8.044306399410075,4.385157820589955
2021_04_CAR_DAL,2021,4,2021-10-03T13:00-04:00,8.0,3.213940187233643,1.9455524791667154,2.5429096224079992,3.2155930018952716
2021_04_CLE_MIN,2021,4,2021-10-03T13:00-04:00,-7.0,0.8441498488238284,0.4977279400329446,1.1697099777316624,1.819273262899818
2021_04_DET_CHI,2021,4,2021-10-03T13:00-04:00,10.0,3.2639752531824087,6.452566218483085,4.54939385798246,6.0690108490714945
2021_04_HOU_BUF,2021,4,2021-10-03T13:00-04:00,40.0,13.378325722738818,13.119929662345655,10.374951958781542,7.7563935045048185
2021_04_IND_MIA,2021,4,2021-10-03T13:00-04:00,-10.0,0.13617940147668728,-4.791986910687124,1.7443988120216682,1.1901400603179446
2021_04_KC_PHI,2021,4,2021-10-03T13:00-04:00,-12.0,-5.968144537906416,-11.360440955019236,-1.477379218913108,-2.0012795208554204
2021_04_NYG_NO,2021,4,2021-10-03T13:00-04:00,-6.0,11.062495673853892,8.765337660159048,10.90775283022488,8.461597166652336
2021_04_TEN_NYJ,2021,4,2021-10-03T13:00-04:00,3.0,-9.156273146772461,-5.091913908043743,-5.253320433218051,-2.8768249879305614
2021_04_WAS_ATL,2021,4,2021-10-03T13:00-04:00,-4.0,1.8981724252896917,3.5143106678134433,2.540667636832308,3.0342368123788903
2021_04_ARI_LA,2021,4,2021-10-03T16:05-04:00,-17.0,5.030998179388277,8.823710385598964,4.501874079965052,4.165465758370619
2021_04_SEA_SF,2021,4,2021-10-03T16:05-04:00,-7.0,-0.2039203994795793,-3.6367182844623462,2.210763794344806,0.7313180236794556
2021_04_BAL_DEN,2021,4,2021-10-03T16:25-04:00,-16.0,1.088569948880055,-10.322798399169432,0.4430685815170192,-3.9142509988308225
2021_04_PIT_GB,2021,4,2021-10-03T16:25-04:00,10.0,7.015727609805424,7.287155179445196,5.89055405058303,4.7960028163874195
2021_04_TB_NE,2021,4,2021-10-03T20:20-04:00,-2.0,-2.3435421637700316,-7.634913377796696,-1.491351159752603,-1.3785762616989388
2021_04_LV_LAC,2021,4,2021-10-04T20:15-04:00,14.0,2.6768267558511383,6.794843504322418,2.349980742131942,3.055957541729395
2021_05_LA_SEA,2021,5,2021-10-07T20:20-04:00,-9.0,0.49655960080989153,-0.8013472759360651,2.2711644548283316,2.773653949912341
2021_05_NYJ_ATL,2021,5,2021-10-10T09:30-04:00,7.0,3.891976082733606,5.812251291478508,3.475175784723745,4.160870002245548
2021_05_DEN_PIT,2021,5,2021-10-10T13:00-04:00,8.0,4.345853405199369,7.2986114674140605,2.250301164789458,6.278244618177629
2021_05_DET_MIN,2021,5,2021-10-10T13:00-04:00,2.0,8.755932445449462,0.2653025558329234,7.025993656675577,5.137149841684601
2021_05_GB_CIN,2021,5,2021-10-10T13:00-04:00,-3.0,-3.990940084845269,-9.988659647840668,-2.3906790670699545,-4.041807837026673
2021_05_MIA_TB,2021,5,2021-10-10T13:00-04:00,28.0,8.458248450005525,8.766035046656341,7.896202488841851,5.5443332925375195
2021_05_NE_HOU,2021,5,2021-10-10T13:00-04:00,-3.0,-5.668408643893921,0.07767032900686388,-1.03417779482663,1.4886023389881746
2021_05_NO_WAS,2021,5,2021-10-10T13:00-04:00,-11.0,-5.122384829779643,-2.5517065486599093,-3.1671556648365797,-2.0567461454983205
2021_05_PHI_CAR,2021,5,2021-10-10T13:00-04:00,-3.0,2.871395391551201,3.8991882809668863,6.16465835883684,2.7673510186780392
2021_05_TEN_JAX,2021,5,2021-10-10T13:00-04:00,-18.0,-5.42411173660186,-3.5264380097219608,-3.9851015549049684,-3.4144186299549846
2021_05_CHI_LV,2021,5,2021-10-10T16:05-04:00,-11.0,4.150275389571183,-0.7199570425770041,4.181089703571751,1.3720769618603517
2021_05_CLE_LAC,2021,5,2021-10-10T16:05-04:00,5.0,2.058815837913992,9.353523958188312,1.5638179380653296,2.179168773876458
2021_05_NYG_DAL,2021,5,2021-10-10T16:25-04:00,24.0,6.184679315086276,1.5185751067326334,6.219614903955966,3.6584834172378553
2021_05_SF_ARI,2021,5,2021-10-10T16:25-04:00,7.0,6.220841547668476,2.427063387279862,5.397812240013531,2.329562268037584
2021_05_BUF_KC,2021,5,2021-10-10T20:20-04:00,-18.0,-0.9718796883556458,3.1134197209889516,-1.6934795737766901,1.5070199083499478
2021_05_IND_BAL,2021,5,2021-10-11T20:15-04:00,6.0,4.723488883483791,4.768934743932149,5.972837746562989,4.938687336624838
2021_06_TB_PHI,2021,6,2021-10-14T20:20-04:00,-6.0,-5.458061860414626,-9.337154569097486,-4.78877685477487,-2.6278400307114183
2021_06_MIA_JAX,2021,6,2021-10-17T09:30-04:00,3.0,-6.104261878415165,-5.816214705119028,-4.005477731531574,-5.0184219455755095
2021_06_CIN_DET,2021,6,2021-10-17T13:00-04:00,-23.0,-2.0741442371751977,2.9691646842300274,-0.58930937949268,1.6719846242991725
2021_06_GB_CHI,2021,6,2021-10-17T13:00-04:00,-10.0,-5.835306812910817,-4.093199049260809,-1.9427696036998379,-1.3008123636560063
2021_06_HOU_IND,2021,6,2021-10-17T13:00-04:00,28.0,11.216698018757807,12.059108112456785,7.3682842979363,5.655500569855301
2021_06_KC_WAS,2021,6,2021-10-17T13:00-04:00,-18.0,-4.96254535745074,-5.730315019657701,-1.409295754464409,-0.7719678963659495
2021_06_LAC_BAL,2021,6,2021-10-17T13:00-04:00,28.0,3.541502331716921,5.597639579737601,5.267522039402238,7.212781424332035
2021_06_LA_NYG,2021,6,2021-10-17T13:00-04:00,-27.0,-7.337903200203401,-7.642258238158142,-4.0392903578154655,-1.1876830896041293
2021_06_MIN_CAR,2021,6,2021-10-17T13:00-04:00,-6.0,-1.2171820173963965,3.190995674367821,3.426998989017372,2.007973939505921
2021_06_ARI_CLE,2021,6,2021-10-17T16:05-04:00,-23.0,-0.5465361321824692,-1.2710438522382697,0.9400616039787146,2.0934258817033347
2021_06_DAL_NE,2021,6,2021-10-17T16:25-04:00,-6.0,-2.604525432708497,0.8071433266701087,-0.8037460088010198,2.7663197484391686
2021_06_LV_DEN,2021,6,2021-10-17T16:25-04:00,-10.0,1.814390717836949,-1.2966973553852705,3.3046447652682707,1.354487967230607
2021_06_SEA_PIT,2021,6,2021-10-17T20:20-04:00,3.0,3.7287125134901857,-0.8127565279351829,1.1353914747661487,1.9102499909756727
2021_06_BUF_TEN,2021,6,2021-10-18T20:15-04:00,3.0,-7.2096358029972185,-3.9627675521493915,-4.31045860883615,-0.01475618995209782
2021_07_DEN_CLE,2021,7,2021-10-21T20:20-04:00,3.0,1.4769701077444979,2.104398941795237,4.607737357996452,4.52230080062233
2021_07_ATL_MIA,2021,7,2021-10-24T13:00-04:00,-2.0,-2.4305255268316643,-2.000441264039506,1.2196327307454902,2.819958301305538
2021_07_CAR_NYG,2021,7,2021-10-24T13:00-04:00,22.0,0.2154415581540311,2.2900426894115777,-1.7972963060234033,2.0571095846574163
2021_07_CIN_BAL,2021,7,2021-10-24T13:00-04:00,-24.0,5.522184351580663,14.361492863644408,8.204534903972984,9.381811401292449
2021_07_KC_TEN,2021,7,2021-10-24T13:00-04:00,24.0,-0.798279209680023,-5.4129822859825865,1.6329806061215772,0.9782239016979546
2021_07_NYJ_NE,2021,7,2021-10-24T13:00-04:00,41.0,6.937944282801308,3.973246074797654,8.33521459672576,6.146585334389666
2021_07_WAS_GB,2021,7,2021-10-24T13:00-04:00,14.0,10.860947631173277,8.804855555353054,10.274709519727303,6.762738825725547
2021_07_DET_LA,2021,7,2021-10-24T16:05-04:00,9.0,14.610084911379705,11.565505906757318,13.234062724807373,7.8899164554520675
2021_07_PHI_LV,2021,7,2021-10-24T16:05-04:00,11.0,3.68546885360352,6.095555094743523,4.212099331945,3.0633150484193634
2021_07_CHI_TB,2021,7,2021-10-24T16:25-04:00,35.0,9.124884539325308,5.9679686039815145,9.264427879767261,5.936601944152407
2021_07_HOU_ARI,2021,7,2021-10-24T16:25-04:00,26.0,16.878288608649108,6.51430521097715,13.058367491778359,4.108811826568312
2021_07_IND_SF,2021,7,2021-10-24T20:20-04:00,-12.0,-0.03902592311132247,-4.325679786733201,0.5519427898305567,1.1237489886754273
2021_07_NO_SEA,2021,7,2021-10-25T20:15-04:00,-3.0,-5.299181297728978,1.0822067486597546,-0.8126476080046974,0.4997398728641347
2021_08_GB_ARI,2021,8,2021-10-28T20:20-04:00,-3.0,1.7767909799807295,-6.100792693465436,4.0225621786006975,-1.1453725156460526
2021_08_CAR_ATL,2021,8,2021-10-31T13:00-04:00,-6.0,5.147960360759589,6.908453309363848,2.30606857929356,3.996197418190322
2021_08_CIN_NYJ,2021,8,2021-10-31T13:00-04:00,3.0,-10.50569876547791,-0.0245347117834136,-7.0365439990049055,1.1524358214344685
2021_08_LA_HOU,2021,8,2021-10-31T13:00-04:00,-16.0,-13.742365295457969,-10.228484437215803,-8.43848255761262,-0.7742775849389307
2021_08_MIA_BUF,2021,8,2021-10-31T13:00-04:00,15.0,14.06906236409884,9.578939094530984,14.110916087981867,5.910752874331573
2021_08_PHI_DET,2021,8,2021-10-31T13:00-04:00,-38.0,-0.6115061518380009,3.849244157006348,-0.49164500182373505,0.6222272374875173
2021_08_PIT_CLE,2021,8,2021-10-31T13:00-04:00,-5.0,1.8719699886035537,-3.650923736356112,2.7367070692880193,0.7440561824447014
2021_08_SF_CHI,2021,8,2021-10-31T13:00-04:00,-11.0,-2.6212952550837136,4.434657031484489,0.09684542359940451,2.17412242002763
2021_08_TEN_IND,2021,8,2021-10-31T13:00-04:00,-3.0,1.2332066457295765,6.228355976572034,2.3264765642107386,2.9138632553025796
2021_08_JAX_SEA,2021,8,2021-10-31T16:05-04:00,24.0,8.32025236292399,10.329316811535413,10.189013986172657,9.220712850253536
2021_08_NE_LAC,2021,8,2021-10-31T16:05-04:00,-3.0,4.787755376408452,9.88470101428853,1.6383422668498908,2.3700088211362784
2021_08_TB_NO,2021,8,2021-10-31T16:25-04:00,9.0,-0.9371096536683801,0.46791083611536477,0.36265332657620863,3.158217739276373
2021_08_WAS_DEN,2021,8,2021-10-31T16:25-04:00,7.0,3.5894396272367945,-2.2546407873729493,4.8383473800842784,0.6884913911604993
2021_08_DAL_MIN,2021,8,2021-10-31T20:20-04:00,-4.0,4.892982415760991,-0.18690525803161817,-0.9920445523438581,2.2764330585988075
2021_08_NYG_KC,2021,8,2021-11-01T20:15-04:00,3.0,7.535098019886753,11.94394613115684,7.104098370800192,7.176818917519965
2021_09_NYJ_IND,2021,9,2021-11-04T20:20-04:00,15.0,13.779247480694078,13.023446937735882,12.553335985395467,8.290688243233141
2021_09_ATL_NO,2021,9,2021-11-07T13:00-05:00,-2.0,5.350358252620174,4.146927040206778,10.624024801068192,6.52250933311943
2021_09_BUF_JAX,2021,9,2021-11-07T13:00-05:00,3.0,-13.430033757502617,-9.312298812884501,-12.926604949416205,-5.929174819907082
2021_09_CLE_CIN,2021,9,2021-11-07T13:00-05:00,-25.0,2.3317893932164164,0.6696148062102009,3.590324914905753,0.01013879691604469
2021_09_DEN_DAL,2021,9,2021-11-07T13:00-05:00,-14.0,5.481938273282709,2.789032139859799,7.5747168562137555,4.0651410049233405
2021_09_HOU_MIA,2021,9,2021-11-07T13:00-05:00,8.0,4.953417669506703,5.603916214613907,5.55723212538603,4.345640630173245
2021_09_LV_NYG,2021,9,2021-11-07T13:00-05:00,7.0,-0.6561539869312457,-0.30604478400854235,-0.5369043935356173,1.7611455549160921
2021_09_MIN_BAL,2021,9,2021-11-07T13:00-05:00,3.0,3.305969862837961,14.813184191572102,7.040321409689331,7.5726769353086745
2021_09_NE_CAR,2021,9,2021-11-07T13:00-05:00,-18.0,-0.21803552189511066,2.1969470896660956,-0.12083183076494919,1.5180872496655597
2021_09_LAC_PHI,2021,9,2021-11-07T16:05-05:00,-3.0,0.6709878615608162,-7.900783637598675,1.6307531321346052,1.3807274098512419
2021_09_ARI_SF,2021,9,2021-11-07T16:25-05:00,-14.0,-0.8436160497890621,0.8593745210673013,-2.6912029812004077,2.670437731962416
2021_09_GB_KC,2021,9,2021-11-07T16:25-05:00,6.0,2.8053575224346106,1.8751023598075665,-1.4907044556580744,1.5092290706404023
2021_09_TEN_LA,2021,9,2021-11-07T20:20-05:00,-12.0,3.2709316061574545,7.764114341606911,3.6522847423963913,3.03264027038621
2021_09_CHI_PIT,2021,9,2021-11-08T20:15-05:00,2.0,9.778398240874207,1.9155750291759253,6.977981359456907,4.004809547268588
2021_10_BAL_MIA,2021,10,2021-11-11T20:20-05:00,12.0,-5.604364549305491,-7.857744601499167,-5.33946880710174,-1.2485472763068937
2021_10_ATL_DAL,2021,10,2021-11-14T13:00-05:00,40.0,3.378777657639501,-3.099835513219637,6.5747767743266445,1.71939558370495
2021_10_BUF_NYJ,2021,10,2021-11-14T13:00-05:00,-28.0,-13.404410162226613,-10.637942315420194,-11.395920704301744,-5.391581177882659
2021_10_CLE_NE,2021,10,2021-11-14T13:00-05:00,38.0,-0.08892234839400137,1.4917765247346715,3.8305495952583453,2.3091599527401794
2021_10_DET_PIT,2021,10,2021-11-14T13:00-05:00,0.0,6.674382246714234,6.385159732788471,9.979139349446921,7.573820396340082
2021_10_JAX_IND,2021,10,2021-11-14T13:00-05:00,6.0,12.660346871972871,11.697803435200187,12.062029090288174,8.828281885257564
2021_10_NO_TEN,2021,10,2021-11-14T13:00-05:00,2.0,3.6380065337217657,-2.194401749020446,3.1528533920592796,-0.30655434743441656
2021_10_TB_WAS,2021,10,2021-11-14T13:00-05:00,10.0,-8.542445682997613,-3.7470006997003003,-7.681502968357048,-1.3985284062219474
2021_10_CAR_ARI,2021,10,2021-11-14T16:05-05:00,-24.0,8.728319717333537,4.395028450317918,11.525019240091021,4.079326915890926
2021_10_MIN_LAC,2021,10,2021-11-14T16:05-05:00,-7.0,1.090575055794517,10.598945137239818,2.4692060794567463,2.8598955109766395
2021_10_PHI_DEN,2021,10,2021-11-14T16:25-05:00,-17.0,0.7150673180700872,3.2155968841311933,4.160150665780663,1.9178030156499704
2021_10_SEA_GB,2021,10,2021-11-14T16:25-05:00,17.0,5.219938812346497,4.611333334532516,4.873485587809485,4.206252807363092
2021_10_KC_LV,2021,10,2021-11-14T20:20-05:00,-27.0,-2.376976195815704,-6.808174649538425,0.4213501146659273,-1.437964472436057
2021_10_LA_SF,2021,10,2021-11-15T20:15-05:00,21.0,-4.920797517320791,-6.141242613518515,-1.89811756310577,1.004971973591797
2021_11_NE_ATL,2021,11,2021-11-18T20:20-05:00,-25.0,-3.307726433338312,7.4022233459098405,-4.954809290977938,3.0142846678558817
2021_11_BAL_CHI,2021,11,2021-11-21T13:00-05:00,-3.0,-1.8377798755863148,-4.819845763038251,-3.624950118937229,-1.640815927921781
2021_11_DET_CLE,2021,11,2021-11-21T13:00-05:00,3.0,11.461979600261103,1.4707516689200828,8.680253509092488,5.817876578784783
2021_11_GB_MIN,2021,11,2021-11-21T13:00-05:00,3.0,-1.7101947882951913,-10.28046271191097,-2.0627161269178034,-2.2326733710428996
2021_11_HOU_TEN,2021,11,2021-11-21T13:00-05:00,-9.0,11.446798639136977,7.294096793218766,14.691090373445666,5.241637314552721
2021_11_IND_BUF,2021,11,2021-11-21T13:00-05:00,-26.0,6.451043606046317,2.843942734937669,7.675543245664581,4.600892934649518
2021_11_MIA_NYJ,2021,11,2021-11-21T13:00-05:00,-7.0,-4.490434901715537,-3.2418450655814905,-3.57511109902942,-1.9808283035510854
2021_11_NO_PHI,2021,11,2021-11-21T13:00-05:00,11.0,0.857335365795993,-8.141860418057096,-1.9769758329801839,-3.286057769987792
2021_11_SF_JAX,2021,11,2021-11-21T13:00-05:00,-20.0,-5.641429497735356,-1.8228997634988446,-4.4766178514529855,-2.4520308739329915
2021_11_WAS_CAR,2021,11,2021-11-21T13:00-05:00,-6.0,5.817474678858851,-1.6909655884303012,3.9885248671597,1.5380393941885684
2021_11_CIN_LV,2021,11,2021-11-21T16:05-05:00,-19.0,0.17006884687486623,5.05558735810981,1.1376477292550546,4.113072435231018
2021_11_ARI_SEA,2021,11,2021-11-21T16:25-05:00,-10.0,0.9768332357394947,6.3191860565427955,-1.1621146311186905,4.439119708282961
2021_11_DAL_KC,2021,11,2021-11-21T16:25-05:00,10.0,3.415196012336943,12.12854807754431,1.8561054508878279,6.0183355002821095
2021_11_PIT_LAC,2021,11,2021-11-21T20:20-05:00,4.0,2.9413546087252733,4.199283498533837,2.2673040004015665,0.4232249563211594
2021_11_NYG_TB,2021,11,2021-11-22T20:15-05:00,20.0,8.906235077178053,9.680827349449002,9.746991285396398,7.803379427375964
2021_12_CHI_DET,2021,12,2021-11-25T12:30-05:00,-2.0,-0.12633883861743178,-3.046212112242876,-0.12027198843838738,-1.0690108490714945
2021_12_LV_DAL,2021,12,2021-11-25T16:30-05:00,-3.0,7.076423683582426,-0.21084226864557498,9.111752343262832,2.919628972153948
2021_12_BUF_NO,2021,12,2021-11-25T20:20-05:00,-25.0,-5.619232669930112,-0.06518875000884083,-0.2976371640160549,2.791798157482319
2021_12_ATL_JAX,2021,12,2021-11-28T13:00-05:00,-7.0,-2.317675952685267,-5.220099220561926,0.14872742830439378,-2.198463644269971
2021_12_CAR_MIA,2021,12,2021-11-28T13:00-05:00,23.0,-1.308813585869861,3.4846394539546752,2.1837313600099266,4.3161557194958595
2021_12_NYJ_HOU,2021,12,2021-11-28T13:00-05:00,-7.0,7.305960001702301,2.627543812434851,5.6078702994914575,5.135187673377841
2021_12_PHI_NYG,2021,12,2021-11-28T13:00-05:00,6.0,-2.2068189684166217,4.446081851294013,-1.636294488025885,2.3244606033354556
2021_12_PIT_CIN,2021,12,2021-11-28T13:00-05:00,31.0,1.9404335960259709,-4.524597719408622,3.9182621769382386,-1.7458050206392546
2021_12_TB_IND,2021,12,2021-11-28T13:00-05:00,-7.0,1.305212577451642,1.1754550893554403,1.0038752718235764,0.7655266471445359
2021_12_TEN_NE,2021,12,2021-11-28T13:00-05:00,23.0,3.2209593048108522,-2.422124226722711,4.6579988224151405,0.7697603464591047
2021_12_LAC_DEN,2021,12,2021-11-28T16:05-05:00,15.0,-0.5562123680952,-6.108559344837147,1.6765290840844513,0.7985304255012122
2021_12_LA_GB,2021,12,2021-11-28T16:25-05:00,8.0,0.9491123562484433,2.146781071440695,5.140049379915114,4.479906757275433
2021_12_MIN_SF,2021,12,2021-11-28T16:25-05:00,8.0,1.8789538203112413,5.158960737405878,3.429395426000276,3.7577385873592632
2021_12_CLE_BAL,2021,12,2021-11-28T20:20-05:00,6.0,2.566340174658924,13.327930616734506,5.823264106806418,6.891950198208493
2021_12_SEA_WAS,2021,12,2021-11-29T20:15-05:00,2.0,-0.4808807234194626,-2.210540705949997,0.060551291571044885,-0.05648601836245515
2021_13_DAL_NO,2021,13,2021-12-02T20:20-05:00,-10.0,-1.3615514582620825,8.949939606546517,2.288008640440376,7.30311374941448
2021_13_ARI_CHI,2021,13,2021-12-05T13:00-05:00,-11.0,-6.334284541138074,3.5508824334673386,-6.2086860884703,2.3445601519900463
2021_13_IND_HOU,2021,13,2021-12-05T13:00-05:00,-31.0,-9.671357872308144,-8.692726072180925,-7.70528534814833,-0.6555005698553003
2021_13_LAC_CIN,2021,13,2021-12-05T13:00-05:00,-19.0,2.9385064687622466,-7.020704164822355,6.390314095290574,0.3309700230395869
2021_13_MIN_DET,2021,13,2021-12-05T13:00-05:00,2.0,-3.7837487352325203,3.2609677483003274,-4.452616234047256,-0.1371498416846011
2021_13_NYG_MIA,2021,13,2021-12-05T13:00-05:00,11.0,5.4276547853748065,2.897773817663201,4.337084191418884,4.759046134838444
2021_13_PHI_NYJ,2021,13,2021-12-05T13:00-05:00,-15.0,-7.3726202087191215,0.8555447609929061,-5.797020285116266,0.10267843462281334
2021_13_TB_ATL,2021,13,2021-12-05T13:00-05:00,-13.0,-7.04469964096087,-1.935867085006961,-8.02596663263073,-0.8642915938430575
2021_13_JAX_LA,2021,13,2021-12-05T16:05-05:00,30.0,12.55038930475483,13.113645602342018,12.360647336316244,8.947058900341194
2021_13_WAS_LV,2021,13,2021-12-05T16:05-05:00,-2.0,1.2325651921771101,0.7852056870967732,1.7024383797879317,1.8340034239298924
2021_13_BAL_PIT,2021,13,2021-12-05T16:25-05:00,1.0,-0.360709608895285,-4.727363984875474,-2.2384375476464857,-0.13600638065319393
2021_13_SF_SEA,2021,13,2021-12-05T16:25-05:00,7.0,0.3459975254071981,7.003100324738205,0.41005884291238104,4.268681976320544
2021_13_DEN_KC,2021,13,2021-12-05T20:20-05:00,13.0,7.6539703628219335,13.494207626034445,6.54235407959133,7.58347650520545
2021_13_NE_BUF,2021,13,2021-12-06T20:15-05:00,-4.0,3.5252250481097946,11.734255334018503,3.3107896825581484,6.744995843492993
2021_14_PIT_MIN,2021,14,2021-12-09T20:20-05:00,8.0,2.616869645596834,-4.6964845855858774,4.65851036567504,0.06332944534451945
2021_14_ATL_CAR,2021,14,2021-12-12T13:00-05:00,-8.0,2.9965013537125507,-3.2222947413732035,3.7398608152206188,1.0038025818096783
2021_14_BAL_CLE,2021,14,2021-12-12T13:00-05:00,2.0,1.5138857831063501,-9.64177204874386,-0.606891674711969,-1.8919501982084928
2021_14_DAL_WAS,2021,14,2021-12-12T13:00-05:00,-7.0,-1.6681944388565286,4.5751398068734614,-2.141345641110272,2.74636760391616
2021_14_JAX_TEN,2021,14,2021-12-12T13:00-05:00,20.0,10.98200489835697,7.33251277560565,13.63153895883865,8.414418629954984
2021_14_LV_KC,2021,14,2021-12-12T13:00-05:00,39.0,10.746245749940673,10.214528755778632,9.543066873287518,6.437964472436057
2021_14_NO_NYJ,2021,14,2021-12-12T13:00-05:00,-21.0,-5.727314483197571,-9.109408908077338,-7.1687946603346155,-5.683379335364979
2021_14_SEA_HOU,2021,14,2021-12-12T13:00-05:00,-20.0,-7.774406224388904,-7.723960108159634,-6.540822552128091,-1.0479315348512719
2021_14_DET_DEN,2021,14,2021-12-12T16:05-05:00,28.0,7.71114912257045,1.0695297802449488,7.30200497628044,3.795575778162453
2021_14_NYG_LAC,2021,14,2021-12-12T16:05-05:00,16.0,7.585500499004753,8.524260879700627,5.574379162596559,3.7948119868133023
2021_14_BUF_TB,2021,14,2021-12-12T16:25-05:00,6.0,1.2888285459445254,1.170077466995898,1.8422338566431664,2.133580418205946
2021_14_SF_CIN,2021,14,2021-12-12T16:25-05:00,-3.0,-0.5660787248328816,-1.5807197649884137,1.412182252317505,-0.5668730533430368
2021_14_CHI_GB,2021,14,2021-12-12T20:20-05:00,15.0,13.902606512461045,7.779357617251454,11.270333934675833,6.300812363656006
2021_14_LA_ARI,2021,14,2021-12-13T20:15-05:00,-7.0,2.683762869047452,-5.417356279358756,4.903139763675487,0.8345342416293808
2021_15_KC_LAC,2021,15,2021-12-16T20:20-05:00,-6.0,-3.3896052206175096,-1.7165081983361101,-2.419805682288505,-0.8820069307066625
2021_15_NE_IND,2021,15,2021-12-18T20:20-05:00,10.0,1.8085223908889414,10.513545520272242,-0.013353434685063448,4.644102908843475
2021_15_ARI_DET,2021,15,2021-12-19T13:00-05:00,18.0,-8.634980328288266,-0.9986464020739008,-9.593584122178452,-1.2244506970814482
2021_15_CAR_BUF,2021,15,2021-12-19T13:00-05:00,17.0,9.93902199760012,11.120569099579466,13.758634066262118,7.726908593827433
2021_15_DAL_NYG,2021,15,2021-12-19T13:00-05:00,-15.0,-4.843163459607185,1.8877789995075747,-4.873633192415323,1.3415165827621445
2021_15_HOU_JAX,2021,15,2021-12-19T13:00-05:00,-14.0,2.995488461426608,2.224369994234094,2.161295329253303,-0.6727813154022639
2021_15_NYJ_MIA,2021,15,2021-12-19T13:00-05:00,7.0,12.529010231237093,6.808087435679091,11.870536726447916,6.980828303551085
2021_15_TEN_PIT,2021,15,2021-12-19T13:00-05:00,6.0,-1.3564047026017099,2.9834888272815436,-2.110201431144813,2.7165442112742237
2021_15_ATL_SF,2021,15,2021-12-19T16:05-05:00,18.0,5.469650867058571,-1.5341341400855852,8.58972441151997,2.7535672296630205
2021_15_CIN_DEN,2021,15,2021-12-19T16:05-05:00,-5.0,4.903477935813676,2.3355174113548727,2.631325851074373,2.9675604024616256
2021_15_GB_BAL,2021,15,2021-12-19T16:25-05:00,-1.0,-5.396355613238136,2.5497399647905916,-0.7256268456682604,2.840003564265775
2021_15_NO_TB,2021,15,2021-12-19T20:20-05:00,-9.0,10.15578124731892,2.8984712041604945,7.287654502777247,1.841782260723627
2021_15_LV_CLE,2021,15,2021-12-20T17:00-05:00,-2.0,2.8409174155240873,-0.895475466710137,6.397571479010518,3.376788767852937
2021_15_MIN_CHI,2021,15,2021-12-20T20:15-05:00,-8.0,-7.69610128093731,7.770524517877218,-1.956124047159494,3.4318610073868934
2021_15_SEA_LA,2021,15,2021-12-21T19:00-05:00,10.0,5.480764374776244,4.1677293162119255,4.978516456175996,2.226346050087659
2021_15_WAS_PHI,2021,15,2021-12-21T19:00-05:00,10.0,6.014668365732103,-3.6071723545266456,5.459224644415533,1.270688375510529
2021_16_SF_TEN,2021,16,2021-12-23T20:20-05:00,3.0,0.20468490079129387,3.4866594312719155,1.4514431546275182,3.462387756021993
2021_16_CLE_GB,2021,16,2021-12-25T16:30-05:00,2.0,4.856253943793233,12.481367705064017,9.091880616674104,6.551946633942718
2021_16_IND_ARI,2021,16,2021-12-25T20:15-05:00,-6.0,-0.3628141727362264,-3.881597914323879,0.1901592602689366,0.9533112567130111
2021_16_BAL_CIN,2021,16,2021-12-26T13:00-05:00,20.0,3.2431434408107744,-10.9551387574042,1.380238077450282,-4.381811401292448
2021_16_BUF_NE,2021,16,2021-12-26T13:00-05:00,-12.0,-0.25429777348945715,-8.20798502988525,2.103557277945616,-1.744995843492993
2021_16_DET_ATL,2021,16,2021-12-26T13:00-05:00,4.0,7.804352887871761,6.958397433324387,3.6248291300802142,6.141321199380844
2021_16_JAX_NYJ,2021,16,2021-12-26T13:00-05:00,5.0,1.1896066143987472,0.2576173526913661,3.9812767498557573,3.037593642024423
2021_16_LAC_HOU,2021,16,2021-12-26T13:00-05:00,12.0,-9.285407934711225,-7.943965368304168,-5.974888840552792,1.6185935178518962
2021_16_LA_MIN,2021,16,2021-12-26T13:00-05:00,-7.0,-2.217227599186875,-9.636998363768638,-1.1639003708635096,-0.25276661376746645
2021_16_NYG_PHI,2021,16,2021-12-26T13:00-05:00,24.0,5.812086927490331,-1.0796998110181515,8.56274970412481,2.6755393966645444
2021_16_TB_CAR,2021,16,2021-12-26T13:00-05:00,-26.0,-7.325800192483909,-7.141143341250704,-7.746061201730857,-2.360489012033379
2021_16_CHI_SEA,2021,16,2021-12-26T16:05-05:00,-1.0,10.300445258367283,4.351564478302516,8.294866823199484,4.594559556292914
2021_16_DEN_LV,2021,16,2021-12-26T16:25-05:00,4.0,1.1209520779147912,4.703051461625478,-1.3298986058785212,3.645512032769393
2021_16_PIT_KC,2021,16,2021-12-26T16:25-05:00,26.0,10.329989309977627,7.738884947883095,9.897653699734816,3.8052318870278214
2021_16_WAS_DAL,2021,16,2021-12-26T20:20-05:00,42.0,7.816028987008693,-1.288701898526298,8.970179457181416,2.25363239608384
2021_16_MIA_NO,2021,16,2021-12-27T20:15-05:00,-17.0,0.9501220567571385,7.570740895615951,6.459803077028394,6.202551031813893
2021_17_ATL_BUF,2021,17,2022-01-02T13:00-05:00,14.0,12.226312243365818,5.915292843335723,15.216017853967925,6.230711175637111
2021_17_JAX_NE,2021,17,2022-01-02T13:00-05:00,40.0,15.748311913224459,2.807490836119354,19.046514852177996,6.684178976414089
2021_17_KC_CIN,2021,17,2022-01-02T13:00-05:00,3.0,-5.322917758648983,-10.440389416278569,-2.1496857820534476,-3.0510369076670756
2021_17_LA_BAL,2021,17,2022-01-02T13:00-05:00,-1.0,-7.9021523451559865,3.2331763788972716,-1.8239257186311901,4.819910321541208
2021_17_LV_IND,2021,17,2022-01-02T13:00-05:00,-3.0,9.586509947235342,7.703492472056567,12.068187479417455,5.330051629436591
2021_17_MIA_TEN,2021,17,2022-01-02T13:00-05:00,31.0,3.572440533646893,3.833050357332793,3.685548953437439,3.395996684379476
2021_17_NYG_CHI,2021,17,2022-01-02T13:00-05:00,26.0,4.383884772971525,5.815756458231071,4.685329098953969,4.366777483223556
2021_17_PHI_WAS,2021,17,2022-01-02T13:00-05:00,-4.0,-5.101783984386403,7.29333092251729,-3.7981347199438424,3.729311624489471
2021_17_TB_NYJ,2021,17,2022-01-02T13:00-05:00,-4.0,-11.63332926923864,-10.184786861224685,-13.736906787979152,-5.025161596088605
2021_17_DEN_LAC,2021,17,2022-01-02T16:05-05:00,21.0,5.472884274497332,9.794717912827792,1.9466558827657703,4.2014695744987876
2021_17_HOU_SF,2021,17,2022-01-02T16:05-05:00,16.0,8.40252470630582,5.910335074710437,12.012039606164382,4.2792495585307275
2021_17_ARI_DAL,2021,17,2022-01-02T16:25-05:00,-3.0,3.7053488076186585,-0.6263827201380552,5.258766498763381,1.6362660860043454
2021_17_CAR_NO,2021,17,2022-01-02T16:25-05:00,8.0,4.367146981098182,9.312231230486173,10.270600284240384,8.018706751309752
2021_17_DET_SEA,2021,17,2022-01-02T16:25-05:00,22.0,10.983210254354145,9.060981577701147,8.951810404595513,8.163570405364409
2021_17_MIN_GB,2021,17,2022-01-02T20:20-05:00,27.0,9.837908544427883,13.726788884115525,6.846763513361486,7.2326733710429
2021_17_CLE_PIT,2021,17,2022-01-03T20:15-05:00,12.0,-0.19479162758944502,6.857417512774578,0.40660711052588905,4.255943817555298
2021_18_KC_DEN,2021,18,2022-01-08T16:30-05:00,-4.0,-10.524417856644511,-9.8080490580438,-6.002057723410907,-2.58347650520545
2021_18_DAL_PHI,2021,18,2022-01-08T20:15-05:00,-25.0,-0.3624377981096638,-0.8950978646306815,-0.037497353826109414,1.517055979426689
2021_18_CHI_MIN,2021,18,2022-01-09T13:00-05:00,14.0,4.419914436949353,-4.484086609530057,3.727882956160373,1.5681389926131066
2021_18_CIN_CLE,2021,18,2022-01-09T13:00-05:00,5.0,1.1649266661754005,2.6967672340656583,-1.8256578736116014,4.989861203083955
2021_18_GB_DET,2021,18,2022-01-09T13:00-05:00,7.0,-12.342454089500844,-8.84258821462379,-10.604434294053146,-4.869823212727501
2021_18_IND_JAX,2021,18,2022-01-09T13:00-05:00,15.0,-15.010568262707132,-8.171533131066935,-14.927079112105474,-3.8282818852575646
2021_18_PIT_BAL,2021,18,2022-01-09T13:00-05:00,-3.0,-0.2551818542501214,8.17369015708003,5.182407459075187,5.136006380653194
2021_18_TEN_HOU,2021,18,2022-01-09T13:00-05:00,-3.0,-9.074431164278899,-4.167547148728995,-7.9948633171354455,-0.24163731455272064
2021_18_WAS_NYG,2021,18,2022-01-09T13:00-05:00,-15.0,-0.29822136879841254,-1.1040999521388277,-1.0650626325580346,1.0951489788459845
2021_18_CAR_TB,2021,18,2022-01-09T16:25-05:00,24.0,14.031656510182382,10.547497447490912,14.583588991054764,7.360489012033379
2021_18_NE_MIA,2021,18,2022-01-09T16:25-05:00,9.0,-5.224059499123516,3.9784094905006664,-5.3488776410806915,3.3342429691614193
2021_18_NO_ATL,2021,18,2022-01-09T16:25-05:00,-10.0,1.554060452147751,-0.7405729339665705,-3.5534706158037785,-1.5225093331194302
2021_18_NYJ_BUF,2021,18,2022-01-09T16:25-05:00,17.0,18.050978205856623,14.164212619553446,19.102936580400797,10.39158117788266
2021_18_SEA_ARI,2021,18,2022-01-09T16:25-05:00,-8.0,1.8491420115178192,-2.9128319503025875,4.346442856058668,0.5608802917170395
2021_18_SF_LA,2021,18,2022-01-09T16:25-05:00,-3.0,6.150541053248267,9.547596719758722,4.419389486122061,3.995028026408203
2021_18_LAC_LV,2021,18,2022-01-09T20:20-05:00,3.0,-2.438842757399448,-3.388489398082211,-0.2759564455987711,1.9440424582706053
2022_01_BUF_LA,2022,1,2022-09-08T20:20-04:00,-21.0,-1.2205292328600588,-0.6620398612749061,0.7759611019776811,0.7759522086563342
2022_01_BAL_NYJ,2022,1,2022-09-11T13:00-04:00,-15.0,-4.901523515163547,-4.998247569165455,-1.7909275442440222,-1.7909270375677888
2022_01_CLE_CAR,2022,1,2022-09-11T13:00-04:00,-2.0,0.2610063823773924,0.16460359748015052,-0.27530288794539937,-0.27531374805868225
2022_01_IND_HOU,2022,1,2022-09-11T13:00-04:00,0.0,-6.559946157470848,-6.895026319621945,-2.5820707579605093,-2.5820712458907167
2022_01_JAX_WAS,2022,1,2022-09-11T13:00-04:00,6.0,7.380656960421769,7.286945225539968,6.568697996213141,6.568687635899873
2022_01_NE_MIA,2022,1,2022-09-11T13:00-04:00,13.0,-2.571408917984698,-2.6688290331805207,-0.34827299745929396,-0.3482711175170614
2022_01_NO_ATL,2022,1,2022-09-11T13:00-04:00,-1.0,-3.9514398225969845,-4.044603694858988,-1.0102250117166056,-1.0102240943055882
2022_01_PHI_DET,2022,1,2022-09-11T13:00-04:00,-3.0,0.26660756801593377,1.1367504157367754,-0.7088016490168165,-0.7088036729992488
2022_01_PIT_CIN,2022,1,2022-09-11T13:00-04:00,-3.0,5.378453551231726,5.389656464853704,4.277218464856544,4.277219019169977
2022_01_SF_CHI,2022,1,2022-09-11T13:00-04:00,9.0,-2.565108997212007,-2.6696700687631605,-0.8064386730610416,-0.8064393450260194
2022_01_GB_MIN,2022,1,2022-09-11T16:25-04:00,16.0,-4.096801014282898,-4.195543354675182,-0.1280110815097637,-0.12801106479514246
2022_01_KC_ARI,2022,1,2022-09-11T16:25-04:00,-23.0,-2.285362597201406,-1.6329994039017404,0.53496536174482,0.5349544795244605
2022_01_LV_LAC,2022,1,2022-09-11T16:25-04:00,5.0,3.002158742189282,3.1847848198044524,3.642281489379478,3.6422810903876117
2022_01_NYG_TEN,2022,1,2022-09-11T16:25-04:00,-1.0,8.176377548424936,8.079982596157622,8.263239330498816,8.263249952329886
2022_01_TB_DAL,2022,1,2022-09-11T20:20-04:00,-16.0,0.11752646592804239,0.0233072322493435,2.3056163568587533,2.305615998677666
2022_01_DEN_SEA,2022,1,2022-09-12T20:15-04:00,1.0,1.2364427902317336,1.1632671830899133,4.638601680369522,4.638588420009156
2022_02_LAC_KC,2022,2,2022-09-15T20:15-04:00,3.0,8.421392748550433,8.006098613873343,7.044642425315507,5.646469823788043
2022_02_CAR_NYG,2022,2,2022-09-18T13:00-04:00,3.0,-1.1057254310942541,-0.3454750083277759,2.3896895108012566,1.5655966317986825
2022_02_IND_JAX,2022,2,2022-09-18T13:00-04:00,24.0,-7.192104363215801,-6.0011595025300215,-4.4772318994897145,-4.713540349489604
2022_02_MIA_BAL,2022,2,2022-09-18T13:00-04:00,-4.0,3.911163216974302,0.859119228938563,2.40462273153004,2.4150606862988826
2022_02_NE_PIT,2022,2,2022-09-18T13:00-04:00,-3.0,0.2760305308933213,-4.212396630014773,0.3861784642652277,-1.1607332425301364
2022_02_NYJ_CLE,2022,2,2022-09-18T13:00-04:00,-1.0,7.937007000152611,7.046780811126178,7.3097509602944735,6.18971864877979
2022_02_TB_NO,2022,2,2022-09-18T13:00-04:00,-10.0,-3.0856122090543403,-2.93963166078361,-1.3118480382964592,0.06183830388080658
2022_02_WAS_DET,2022,2,2022-09-18T13:00-04:00,9.0,0.048166591907616185,-1.3785425793548938,1.0536579290724892,1.182843247639697
2022_02_ATL_LA,2022,2,2022-09-18T16:05-04:00,4.0,5.428568847641657,10.663404035467385,5.704886544177632,7.205654416364423
2022_02_SEA_SF,2022,2,2022-09-18T16:05-04:00,20.0,-0.25517613640318304,1.8242536852415079,2.5560293926755424,3.0186177053671583
2022_02_ARI_LV,2022,2,2022-09-18T16:25-04:00,-6.0,-2.5745533130073874,-2.993208107628721,1.5744529469671167,0.17629460629988447
2022_02_CIN_DAL,2022,2,2022-09-18T16:25-04:00,3.0,0.4066290469925504,1.9235971629375803,3.800304351926533,4.627423757641324
2022_02_HOU_DEN,2022,2,2022-09-18T16:25-04:00,7.0,7.150247656357775,8.365595404522523,5.068057535640609,4.988818977389067
2022_02_CHI_GB,2022,2,2022-09-18T20:20-04:00,17.0,10.626661604818128,10.755098864648009,4.567277606285112,6.512361490384875
2022_02_TEN_BUF,2022,2,2022-09-19T19:15-04:00,34.0,6.644494226581713,5.845499605745438,7.095242033585904,4.9004959368230985
2022_02_MIN_PHI,2022,2,2022-09-19T20:30-04:00,17.0,1.8358311263276548,0.26953121669761293,2.0671672007644997,3.1049292696108353
2022_03_PIT_CLE,2022,3,2022-09-22T20:15-04:00,12.0,-0.7971741211809824,1.1688821066598676,1.8406068299092737,2.6263144225239587
2022_03_BAL_NE,2022,3,2022-09-25T13:00-04:00,-11.0,3.5850870328779396,6.73321674585246,4.175719405995005,5.433210431218178
2022_03_BUF_MIA,2022,3,2022-09-25T13:00-04:00,2.0,-5.526453900127711,-3.4494733940164126,-2.7864160949099066,-1.2678810704038685
2022_03_CIN_NYJ,2022,3,2022-09-25T13:00-04:00,-15.0,-4.029297780568393,-7.985217208246346,-2.7223033926834734,-2.8406232454258085
2022_03_DET_MIN,2022,3,2022-09-25T13:00-04:00,4.0,3.967020526216773,3.4988658032652054,4.769376085637569,5.103874403388414
2022_03_HOU_CHI,2022,3,2022-09-25T13:00-04:00,3.0,2.2112713541595914,3.759939262480283,4.093866989826697,4.339585757739362
2022_03_KC_IND,2022,3,2022-09-25T13:00-04:00,3.0,-5.3857836051212935,-2.0026618454778498,-1.8979286158974347,0.9923806716509418
2022_03_LV_TEN,2022,3,2022-09-25T13:00-04:00,2.0,4.651064378579081,5.496307506258491,3.547047373396181,5.0718779165497425
2022_03_NO_CAR,2022,3,2022-09-25T13:00-04:00,8.0,2.092206584977011,-1.3756600500814784,-1.3326126826324574,-1.8098644075491652
2022_03_PHI_WAS,2022,3,2022-09-25T13:00-04:00,-16.0,-1.8730056912593736,4.1748214815394125,-1.3220774459990094,0.6083530793610543
2022_03_JAX_LAC,2022,3,2022-09-25T16:05-04:00,-28.0,4.673291769738787,6.562398656281863,6.937214453868967,8.07468985405062
2022_03_ATL_SEA,2022,3,2022-09-25T16:25-04:00,-4.0,4.837048096824534,6.937266217051028,4.573969433057979,6.283796091669352
2022_03_GB_TB,2022,3,2022-09-25T16:25-04:00,-2.0,1.6464600508274776,1.6438290271339582,5.741728669575318,3.4400498480294157
2022_03_LA_ARI,2022,3,2022-09-25T16:25-04:00,-8.0,-0.3104858778226883,0.5560047714056855,2.271330976931508,1.5753793316709408
2022_03_SF_DEN,2022,3,2022-09-25T20:20-04:00,1.0,-2.4258886001676667,1.9543455791899884,-0.31224293171201545,-0.15720612537631418
2022_03_DAL_NYG,2022,3,2022-09-26T20:15-04:00,-7.0,-3.466047081448575,-6.3252429319790435,-2.8145871108110647,-4.988045470547343
2022_04_MIA_CIN,2022,4,2022-09-29T20:15-04:00,12.0,3.4846471574126827,3.8460888680194527,2.0593683671939234,3.4647568941569027
2022_04_MIN_NO,2022,4,2022-10-02T09:30-04:00,-3.0,-7.148468120487015,-0.2988725399580239,-0.25435884899671035,1.1298992167053645
2022_04_BUF_BAL,2022,4,2022-10-02T13:00-04:00,-3.0,-3.044537424001254,-4.249882651525592,-2.3453266105415045,-1.3528203841049855
2022_04_CHI_NYG,2022,4,2022-10-02T13:00-04:00,8.0,3.0977303415755397,1.1551257445308587,0.47560126146211523,-0.2300181334553857
2022_04_CLE_ATL,2022,4,2022-10-02T13:00-04:00,3.0,0.48714829215853983,-2.559418565030084,1.027943110915565,0.5243265651848952
2022_04_JAX_PHI,2022,4,2022-10-02T13:00-04:00,8.0,6.407968511711535,4.771652230448299,7.810339279010689,8.460334556538818
2022_04_LAC_HOU,2022,4,2022-10-02T13:00-04:00,-10.0,-5.022676342454161,-4.118848994567392,0.28240164076436125,-0.9432207504517316
2022_04_NYJ_PIT,2022,4,2022-10-02T13:00-04:00,-4.0,8.042523222499916,7.574146202735869,6.881554244132964,6.063404226255831
2022_04_SEA_DET,2022,4,2022-10-02T13:00-04:00,-3.0,-1.8669302385638848,-1.1037836497095148,1.1987348714467385,-1.507345617457542
2022_04_TEN_IND,2022,4,2022-10-02T13:00-04:00,-7.0,2.7724150380196995,2.08746411322644,3.6937146903153395,2.7092536692768543
2022_04_WAS_DAL,2022,4,2022-10-02T13:00-04:00,15.0,5.890703068143356,4.700664876895127,7.780829891726011,7.1603945625303345
2022_04_ARI_CAR,2022,4,2022-10-02T16:05-04:00,-10.0,-0.3268878536916975,-3.571879702752334,0.14641192437037098,-2.080674061278941
2022_04_DEN_LV,2022,4,2022-10-02T16:25-04:00,9.0,-0.6714499632771317,-0.8852148135231579,1.2420283924106825,2.3121206826750527
2022_04_NE_GB,2022,4,2022-10-02T16:25-04:00,3.0,7.062997374167465,1.433720738393209,4.187072556390211,1.9982436875740839
2022_04_KC_TB,2022,4,2022-10-02T20:20-04:00,-10.0,-1.819231013057752,0.7515815847478478,3.3169121757276976,2.7023065219138784
2022_04_LA_SF,2022,4,2022-10-03T20:15-04:00,15.0,1.4348261581053228,-1.8651651213530318,3.4286728111329388,2.0967593806720872
2022_05_IND_DEN,2022,5,2022-10-06T20:15-04:00,-3.0,1.0080018342045578,-0.1522403897253457,1.969447381091676,-0.09325226850164903
2022_05_NYG_GB,2022,5,2022-10-09T09:30-04:00,-5.0,7.464097531652056,8.02416933375952,5.9658940312157736,6.742379623840261
2022_05_ATL_TB,2022,5,2022-10-09T13:00-04:00,6.0,6.79579532557079,11.907742297253098,7.97393416701161,8.448385790424782
2022_05_CHI_MIN,2022,5,2022-10-09T13:00-04:00,7.0,8.25383478558025,4.918386529435993,4.965549716117539,3.8843504255897328
2022_05_DET_NE,2022,5,2022-10-09T13:00-04:00,29.0,3.526115921162063,9.561385886531752,6.270391588885039,8.23364178060947
2022_05_HOU_JAX,2022,5,2022-10-09T13:00-04:00,-7.0,5.5821493573669,2.5350357976287565,4.0373394743498,0.3685308964011118
2022_05_LAC_CLE,2022,5,2022-10-09T13:00-04:00,-2.0,0.5579798086291728,0.9954469292022852,2.319879243526826,1.8760639900922444
2022_05_MIA_NYJ,2022,5,2022-10-09T13:00-04:00,23.0,-3.6570871880054976,-5.835375838496452,-3.4429255758166004,-1.8758663512689058
2022_05_PIT_BUF,2022,5,2022-10-09T13:00-04:00,35.0,10.949882320020844,8.293738457835241,11.056706025646845,7.080343195416943
2022_05_SEA_NO,2022,5,2022-10-09T13:00-04:00,7.0,-4.356397664056925,2.030844419418461,2.5775174935582097,2.2264280026362364
2022_05_TEN_WAS,2022,5,2022-10-09T13:00-04:00,-4.0,-3.7308484067766456,0.09091187516272059,-1.2077547653493501,-0.43559904431287766
2022_05_SF_CAR,2022,5,2022-10-09T16:05-04:00,-22.0,-5.069502376499531,-1.1323503040827085,-4.180459989863594,-2.602054110280087
2022_05_DAL_LA,2022,5,2022-10-09T16:25-04:00,-12.0,1.2222896086349448,1.941254443394975,0.3038862374683995,1.4516526272619754
2022_05_PHI_ARI,2022,5,2022-10-09T16:25-04:00,-3.0,0.4677347610868665,6.467598137535608,-0.05237473197380771,3.2957796008243045
2022_05_CIN_BAL,2022,5,2022-10-09T20:20-04:00,2.0,0.661803554049467,-1.400879176276782,1.86911082626815,1.4503037921419804
2022_05_LV_KC,2022,5,2022-10-10T20:15-04:00,1.0,11.197283417036463,9.549714453140963,8.588864823825292,6.788750914175655
2022_06_WAS_CHI,2022,6,2022-10-13T20:15-04:00,-5.0,1.3548927071485921,-2.7797037996147744,3.896772060112312,2.402367225438377
2022_06_BAL_NYG,2022,6,2022-10-16T13:00-04:00,4.0,-3.4719830198096355,-3.0558451104974056,-1.606764552938392,-1.8109255050479982
2022_06_CIN_NO,2022,6,2022-10-16T13:00-04:00,-4.0,-4.1447380471168325,-1.0393417300953736,-0.013692592740976117,2.3836460628444653
2022_06_JAX_IND,2022,6,2022-10-16T13:00-04:00,7.0,5.436035427995394,9.338575981336415,5.757281512140681,9.713540349489605
2022_06_MIN_MIA,2022,6,2022-10-16T13:00-04:00,-8.0,-2.0074280060917316,3.37533154417512,1.9859435637007758,2.7814962597039967
2022_06_NE_CLE,2022,6,2022-10-16T13:00-04:00,-23.0,0.23302110628133654,-4.684683503891739,-0.9419336839339634,-1.0344188200061772
2022_06_NYJ_GB,2022,6,2022-10-16T13:00-04:00,-17.0,9.37251845590995,13.165185053411125,7.58656157582449,9.22238115636005
2022_06_SF_ATL,2022,6,2022-10-16T13:00-04:00,14.0,-5.783735321167236,-3.8196534547711254,-3.4134942001924973,-1.8024137970365102
2022_06_TB_PIT,2022,6,2022-10-16T13:00-04:00,2.0,-6.548456203177051,-4.007608434468273,-4.682368855815492,-1.599026778133636
2022_06_ARI_SEA,2022,6,2022-10-16T16:05-04:00,10.0,0.22082770063277812,-0.944726111015648,1.424096937515556,2.502762343633988
2022_06_CAR_LA,2022,6,2022-10-16T16:05-04:00,14.0,9.162458693087876,7.93938187295715,6.929762133350696,8.005294729608
2022_06_BUF_KC,2022,6,2022-10-16T16:25-04:00,-4.0,0.12707122123710013,1.508604808121611,-1.1148323184609232,1.8163770608028145
2022_06_DAL_PHI,2022,6,2022-10-16T20:20-04:00,9.0,2.682372251226342,-3.951979416824038,2.0140031606186306,-0.26874764189138833
2022_06_DEN_LAC,2022,6,2022-10-17T20:15-04:00,3.0,5.023640661075495,0.6033225080117357,3.893098748772635,3.4544017730626644
2022_07_NO_ARI,2022,7,2022-10-20T20:15-04:00,8.0,4.665413214411307,3.8373886332076887,2.4907935188180588,2.7708096537297755
2022_07_ATL_CIN,2022,7,2022-10-23T13:00-04:00,18.0,5.002741852273033,10.007452366564863,5.222687069062894,6.126578031461123
2022_07_CLE_BAL,2022,7,2022-10-23T13:00-04:00,3.0,7.211384087731337,2.87497369964978,5.993750589459065,3.1012083887879984
2022_07_DET_DAL,2022,7,2022-10-23T13:00-04:00,18.0,10.00790933932345,7.6102194013214035,9.631857832377085,8.477551314890636
2022_07_GB_WAS,2022,7,2022-10-23T13:00-04:00,2.0,-4.773289040770073,-2.996809605690007,-1.1298109780124612,-1.4147287158232524
2022_07_IND_TEN,2022,7,2022-10-23T13:00-04:00,9.0,1.5451012893069471,1.3233903892235879,2.6538484656594354,2.2907463307231457
2022_07_NYG_JAX,2022,7,2022-10-23T13:00-04:00,-6.0,0.21707492111622462,0.8839492457803731,1.1324875021100773,1.2589632721171355
2022_07_TB_CAR,2022,7,2022-10-23T13:00-04:00,18.0,-11.323903088308455,-5.956460691401922,-6.146831008963961,-4.248026103668359
2022_07_HOU_LV,2022,7,2022-10-23T16:05-04:00,18.0,6.144855375981988,5.839211610462532,5.210647888183788,4.800939660064119
2022_07_NYJ_DEN,2022,7,2022-10-23T16:05-04:00,-7.0,-0.6834006324805313,8.65691131134219,2.96004457168754,5.859252885624882
2022_07_KC_SF,2022,7,2022-10-23T16:25-04:00,-21.0,-0.3691944669453995,-4.054169296660456,1.3865208179631914,1.0563345285256067
2022_07_SEA_LAC,2022,7,2022-10-23T16:25-04:00,-14.0,1.7385958459336723,1.1179433172804725,2.846996240821854,1.3158133530535083
2022_07_PIT_MIA,2022,7,2022-10-23T20:20-04:00,6.0,2.5511266217537427,3.1847365773710856,4.443481036839861,3.3124621250130746
2022_07_CHI_NE,2022,7,2022-10-24T20:15-04:00,-19.0,10.438228966200638,10.907468589058908,9.8809851063265,7.014117802810791
2022_08_BAL_TB,2022,8,2022-10-27T20:15-04:00,-5.0,-0.9443677323629076,6.52842855030596,3.203234732592684,5.871503966821678
2022_08_DEN_JAX,2022,8,2022-10-30T09:30-04:00,-4.0,-3.2861059249987217,-7.4063633932513975,-1.9294312985976914,-4.620288080987955
2022_08_ARI_MIN,2022,8,2022-10-30T13:00-04:00,8.0,1.74636839908936,-1.7401843889790836,3.631037422870534,1.09929112956486
2022_08_CAR_ATL,2022,8,2022-10-30T13:00-04:00,3.0,7.055559365298629,-1.0277746642406749,5.317878226384408,3.2996403132435774
2022_08_CHI_DAL,2022,8,2022-10-30T13:00-04:00,20.0,11.360193166765917,9.158256668868553,7.870062012390265,7.258027337091956
2022_08_LV_NO,2022,8,2022-10-30T13:00-04:00,24.0,1.1088549277991222,4.1344049337642605,1.0578547426938378,4.5528957399703405
2022_08_MIA_DET,2022,8,2022-10-30T13:00-04:00,-4.0,-2.3377240790865974,-1.9690499117407307,-1.3087290269988174,-0.3853706630924103
2022_08_NE_NYJ,2022,8,2022-10-30T13:00-04:00,-5.0,-1.767509874998291,-10.071935828570172,-1.1529886123574276,-4.724137468785967
2022_08_PIT_PHI,2022,8,2022-10-30T13:00-04:00,22.0,9.08057060571387,0.20745279126993899,9.189601035789705,3.635895134919913
2022_08_TEN_HOU,2022,8,2022-10-30T16:05-04:00,-7.0,-2.427266948922124,-6.448731186932338,-2.321235191048653,-2.372817576613862
2022_08_NYG_SEA,2022,8,2022-10-30T16:25-04:00,14.0,7.251321758439275,6.254966561138129,4.9147114319643475,8.017839773114247
2022_08_SF_LA,2022,8,2022-10-30T16:25-04:00,-17.0,1.6305447699666396,5.2760196238030606,0.9126510469797773,2.9032406193279128
2022_08_WAS_IND,2022,8,2022-10-30T16:25-04:00,-1.0,1.9367037802136697,3.6377212186005536,5.094787991952611,5.6448527135897315
2022_08_GB_BUF,2022,8,2022-10-30T20:20-04:00,10.0,9.573486149531318,2.7761376308036185,10.67058895680174,3.921366265312723
2022_08_CIN_CLE,2022,8,2022-10-31T20:15-04:00,19.0,-5.4443278730963085,-2.579605377657003,-3.0582539597567973,0.8490954033539819
2022_09_PHI_HOU,2022,9,2022-11-03T20:15-04:00,-12.0,-10.393681222849263,-2.3831810864665544,-6.564237750361556,-1.3288654529399304
2022_09_BUF_NYJ,2022,9,2022-11-06T13:00-05:00,3.0,-8.901103755352157,-10.889299201227882,-7.013643048711792,-5.643747421672774
2022_09_CAR_CIN,2022,9,2022-11-06T13:00-05:00,21.0,9.6424996799628,7.320149215876446,8.283321368109037,6.926218344704701
2022_09_GB_DET,2022,9,2022-11-06T13:00-05:00,6.0,-4.191786427592228,-6.071599683314462,-2.6019755434315393,-2.731885468183556
2022_09_IND_NE,2022,9,2022-11-06T13:00-05:00,23.0,5.027860940310686,4.5451220885763055,6.359352495588057,3.771632314659437
2022_09_LAC_ATL,2022,9,2022-11-06T13:00-05:00,-3.0,-0.5975966796796912,-3.2785786400082677,2.472064859501325,-0.09960944472286037
2022_09_LV_JAX,2022,9,2022-11-06T13:00-05:00,7.0,-0.8950494845282893,-1.681366338207849,-0.571543845225551,-1.9324087636630072
2022_09_MIA_CHI,2022,9,2022-11-06T13:00-05:00,-3.0,-2.197798200630018,-3.3702111320006107,0.5966974460856211,0.8341533147062703
2022_09_MIN_WAS,2022,9,2022-11-06T13:00-05:00,-3.0,-4.076709792714491,2.7848242117892825,-1.3850044521186842,1.2132823489718896
2022_09_SEA_ARI,2022,9,2022-11-06T16:05-05:00,-10.0,-0.6225902925132538,4.227064072089316,0.43011453525139975,2.497237656366012
2022_09_LA_TB,2022,9,2022-11-06T16:25-05:00,3.0,1.0017541472512415,2.9956642777879994,4.884739419194901,3.7427313740603587
2022_09_TEN_KC,2022,9,2022-11-06T20:20-05:00,3.0,12.812504961910893,5.804732962884758,7.231854268986066,4.216872997625913
2022_09_BAL_NO,2022,9,2022-11-07T20:15-05:00,-14.0,0.24493983004368886,1.8925493912527906,1.4151956940333825,3.433342270702485
2022_10_ATL_CAR,2022,10,2022-11-10T20:15-05:00,10.0,-5.088491913017583,4.310112625314343,-0.5135425253559696,1.7003596867564226
2022_10_SEA_TB,2022,10,2022-11-13T09:30-05:00,5.0,-4.591575959020778,3.413031799755349,-1.4254479803723137,2.16458969875543
2022_10_CLE_MIA,2022,10,2022-11-13T13:00-05:00,22.0,3.2966026626314933,3.5468664157826,2.5997267966981035,3.186147702489116
2022_10_DEN_TEN,2022,10,2022-11-13T13:00-05:00,7.0,2.8505099244337684,2.859766676733047,5.692008158355253,4.883998599224795
2022_10_DET_CHI,2022,10,2022-11-13T13:00-05:00,-1.0,0.6241872799783741,0.24000776027695436,3.894216644820829,3.7195239777986804
2022_10_HOU_NYG,2022,10,2022-11-13T13:00-05:00,8.0,6.214528879427878,3.3656935560288517,5.227378022333835,1.6095676242839763
2022_10_JAX_KC,2022,10,2022-11-13T13:00-05:00,10.0,12.278257954009707,12.872249771885645,11.46123510240953,11.221159677838664
2022_10_MIN_BUF,2022,10,2022-11-13T13:00-05:00,-3.0,5.221089297910998,8.484333424639276,8.566372670092589,6.549377330107865
2022_10_NO_PIT,2022,10,2022-11-13T13:00-05:00,10.0,-0.8050691798445342,0.7017087482285311,-0.9285962613285967,0.8391349179855574
2022_10_IND_LV,2022,10,2022-11-13T16:05-05:00,-5.0,2.2866857624683847,-2.6786241837853373,3.0508785835535113,-0.2811315858265968
2022_10_ARI_LA,2022,10,2022-11-13T16:25-05:00,-10.0,-0.5262389452460088,2.7263331896679825,2.60692615834833,3.424620668329059
2022_10_DAL_GB,2022,10,2022-11-13T16:25-05:00,3.0,-5.028603462890681,3.1278541408508382,-2.541842451892168,1.7543341532929184
2022_10_LAC_SF,2022,10,2022-11-13T20:20-05:00,6.0,5.5507290773503115,2.439276878052414,6.338718230524945,4.20280435231365
2022_10_WAS_PHI,2022,10,2022-11-14T20:15-05:00,-11.0,10.576164326155983,-0.8190454968221099,10.16435212182222,4.391646920638946
2022_11_TEN_GB,2022,11,2022-11-17T20:15-05:00,-10.0,1.1122745393699869,4.783968979122289,1.0141685144734758,3.479129671510375
2022_11_CAR_BAL,2022,11,2022-11-20T13:00-05:00,10.0,9.335606125189392,4.40661760043919,9.206372899379524,5.876522136846681
2022_11_CHI_ATL,2022,11,2022-11-20T13:00-05:00,3.0,4.867406833072916,0.5462641122615945,3.2563551527008903,1.5040255479895093
2022_11_CLE_BUF,2022,11,2022-11-20T13:00-05:00,8.0,6.638265203207515,5.567412070728652,8.62605028334302,4.454028772892984
2022_11_DET_NYG,2022,11,2022-11-20T13:00-05:00,-13.0,2.786552481944531,-0.2276759698181119,4.43518676422093,0.9895058443432947
2022_11_LA_NO,2022,11,2022-11-20T13:00-05:00,7.0,-1.2102955474058301,-1.64021488126517,3.155565199308861,1.3045696779411653
2022_11_NYJ_NE,2022,11,2022-11-20T13:00-05:00,7.0,6.365531770926985,13.372633295554749,7.227065654681326,9.724137468785967
2022_11_PHI_IND,2022,11,2022-11-20T13:00-05:00,-1.0,-8.071035957661175,6.171373719603132,-2.506890331635784,3.7532057929507863
2022_11_WAS_HOU,2022,11,2022-11-20T13:00-05:00,-13.0,-3.0632686681357884,-4.880114575647315,-1.4231966143100645,0.5627814676990155
2022_11_LV_DEN,2022,11,2022-11-20T16:05-05:00,-6.0,1.3056685892439746,4.1675527745968255,2.7420550526175607,2.6878793173249473
2022_11_CIN_PIT,2022,11,2022-11-20T16:25-05:00,-7.0,-6.689195036338306,-2.2358350451563975,-3.701969775912036,0.7227809808300227
2022_11_DAL_MIN,2022,11,2022-11-20T16:25-05:00,-37.0,-1.7262057042223922,-2.5803416529848167,0.6390265625495606,-0.8736769115022236
2022_11_KC_LAC,2022,11,2022-11-20T20:20-05:00,-3.0,-5.417281679544169,-4.723760652799676,-3.6563630138942305,-0.6464698237880429
2022_11_SF_ARI,2022,11,2022-11-21T20:15-05:00,-28.0,-7.162252371775241,0.8637256123119956,-3.2688939828104067,-0.5213800490011462
2022_12_BUF_DET,2022,12,2022-11-24T12:30-05:00,-3.0,-7.132094237771671,-7.078051792204885,-6.686667785116466,-4.153251733496278
2022_12_NYG_DAL,2022,12,2022-11-24T16:30-05:00,8.0,13.554831881308335,9.607580893052711,11.443269474651139,9.988045470547343
2022_12_NE_MIN,2022,12,2022-11-24T20:20-05:00,7.0,-0.9929133120338081,-4.402991596818808,-0.8973338590108466,-0.6297673772210581
2022_12_ATL_WAS,2022,12,2022-11-27T13:00-05:00,6.0,2.555783086371102,7.212025146696408,4.686159649127953,3.5936072265721135
2022_12_BAL_JAX,2022,12,2022-11-27T13:00-05:00,1.0,-3.7554793659191636,-3.6845483038775058,-3.7524061824124146,-3.0519622329308627
2022_12_CHI_NYJ,2022,12,2022-11-27T13:00-05:00,21.0,3.7774685013224856,-0.7689172082262816,5.234861062086511,-0.2100196659751763
2022_12_CIN_TEN,2022,12,2022-11-27T13:00-05:00,-4.0,-0.014857073728512082,0.451077383775218,1.5425573770155911,2.902628239423868
2022_12_DEN_CAR,2022,12,2022-11-27T13:00-05:00,13.0,-3.0057200321392883,-1.463886408646771,1.118184552274085,0.055152015096227025
2022_12_HOU_MIA,2022,12,2022-11-27T13:00-05:00,15.0,10.932228197012218,8.899835916394089,9.501322866223706,6.005432443033092
2022_12_TB_CLE,2022,12,2022-11-27T13:00-05:00,6.0,-2.4258564771987947,-4.608411849721599,-0.8812999897736598,-1.4727123556096768
2022_12_LAC_ARI,2022,12,2022-11-27T16:05-05:00,-1.0,0.8779028107241951,4.713570723523861,1.4697892870937301,3.681424303312504
2022_12_LV_SEA,2022,12,2022-11-27T16:05-05:00,-6.0,6.601216437521912,3.8181675185262662,5.933620049981123,4.826467737334104
2022_12_LA_KC,2022,12,2022-11-27T16:25-05:00,16.0,14.940616877015026,3.8301731558442587,10.16056465017212,3.5404248521464803
2022_12_NO_SF,2022,12,2022-11-27T16:25-05:00,13.0,10.246685514441642,1.3978592345380627,8.10910893885363,3.292189702730922
2022_12_GB_PHI,2022,12,2022-11-27T20:20-05:00,7.0,4.066320234661189,-5.62225963624713,6.732258897635124,0.4769182048156928
2022_12_PIT_IND,2022,12,2022-11-28T20:15-05:00,-7.0,3.0192205714847673,4.5907814830489695,4.552677039587984,4.889100927870699
2022_13_BUF_NE,2022,13,2022-12-01T20:15-05:00,-14.0,-2.4848383640264373,0.8421651137900344,-0.20292909485920596,1.5803900471131933
2022_13_CLE_HOU,2022,13,2022-12-04T13:00-05:00,-13.0,-6.393114282816402,-3.473126943232843,-2.4670071445472903,-0.31928474054397604
2022_13_DEN_BAL,2022,13,2022-12-04T13:00-05:00,1.0,8.451654804178645,1.2464836935228587,8.478307211645193,3.4316741519429073
2022_13_GB_CHI,2022,13,2022-12-04T13:00-05:00,-9.0,-3.659981713869022,-7.472760903574342,-1.0171825619775219,-1.5123614903848752
2022_13_JAX_DET,2022,13,2022-12-04T13:00-05:00,26.0,2.92477057686414,4.3223121833809675,3.234291723759708,5.251530883539569
2022_13_NYJ_MIN,2022,13,2022-12-04T13:00-05:00,5.0,3.4199365360673277,7.383551235931834,3.205586566550582,6.594370091564909
2022_13_PIT_ATL,2022,13,2022-12-04T13:00-05:00,-3.0,1.9657791516185268,-2.958267415263416,2.499310275043154,0.6506409877088544
2022_13_TEN_PHI,2022,13,2022-12-04T13:00-05:00,25.0,3.325363858658192,-2.42438111992895,4.030074520891114,1.4560478763260682
2022_13_WAS_NYG,2022,13,2022-12-04T13:00-05:00,0.0,-0.5247692571218492,-3.1923090119771143,-0.2961173722861874,-0.32765090801700847
2022_13_MIA_SF,2022,13,2022-12-04T16:05-05:00,16.0,5.10108312269138,0.9406279172993841,5.896452209878365,4.14059265973229
2022_13_SEA_LA,2022,13,2022-12-04T16:05-05:00,-4.0,-6.422056229126466,5.312228281220464,-1.3223561075765233,3.421858324695071
2022_13_KC_CIN,2022,13,2022-12-04T16:25-05:00,3.0,-2.3492324763539782,-1.1487083459403877,0.4210825318169804,0.38049876295021967
2022_13_LAC_LV,2022,13,2022-12-04T16:25-05:00,7.0,1.7979161285277097,0.09755314126921433,2.4529311289614237,1.357718909612388
2022_13_IND_DAL,2022,13,2022-12-04T20:20-05:00,35.0,11.898179894801297,2.7959101683859506,10.193432174319408,4.015541848940602
2022_13_NO_TB,2022,13,2022-12-05T20:15-05:00,1.0,5.411705447521976,6.221969621857276,4.936278087711971,4.938161696119193
2022_14_LV_LA,2022,14,2022-12-08T20:15-05:00,1.0,-0.14363352466402968,7.360710277833537,-0.22063252235222297,5.748326062029175
2022_14_BAL_PIT,2022,14,2022-12-11T13:00-05:00,-2.0,0.5518050156644154,0.8796511353008536,-1.6167069480020526,1.7724771886880426
2022_14_CLE_CIN,2022,14,2022-12-11T13:00-05:00,13.0,6.565098309122469,5.86194333873067,6.97046249295005,4.1509045966460185
2022_14_HOU_DAL,2022,14,2022-12-11T13:00-05:00,4.0,19.5111724086711,11.258667444901093,16.591292078838414,9.097613094831319
2022_14_JAX_TEN,2022,14,2022-12-11T13:00-05:00,-14.0,6.393662024352606,8.837202330914083,7.406606100842426,9.50428668021275
2022_14_MIN_DET,2022,14,2022-12-11T13:00-05:00,11.0,0.9355832877863071,-0.23488734810244516,0.14741425016072407,-0.10387440338841358
2022_14_NYJ_BUF,2022,14,2022-12-11T13:00-05:00,8.0,9.485025327887382,14.226715680034278,9.290610766963272,10.643747421672774
2022_14_PHI_NYG,2022,14,2022-12-11T13:00-05:00,-26.0,-6.960115628218938,-0.7320945346181701,-5.378526218749477,-2.2192978286559537
2022_14_KC_DEN,2022,14,2022-12-11T16:05-05:00,-6.0,-10.452489720364172,-3.740992698007304,-5.958819904169719,-1.6008715968507072
2022_14_CAR_SEA,2022,14,2022-12-11T16:25-05:00,-6.0,8.410500887566293,4.139806030897159,6.799354332585844,7.083436404912929
2022_14_TB_SF,2022,14,2022-12-11T16:25-05:00,28.0,3.4049574438892707,-3.146222394960562,7.459451451151134,0.8540280066117283
2022_14_MIA_LAC,2022,14,2022-12-11T20:20-05:00,6.0,0.11346797066019781,0.2710365611601646,0.8929222258515099,2.4377883074186397
2022_14_NE_ARI,2022,14,2022-12-12T20:15-05:00,-14.0,0.25337861433474596,-0.8747621800156207,-2.0672112522872306,0.7709414932140817
2022_15_SF_SEA,2022,15,2022-12-15T20:15-05:00,-8.0,-0.8233095431412005,1.4764437817430687,-4.340652098784006,1.9813822946328419
2022_15_IND_MIN,2022,15,2022-12-17T13:00-05:00,3.0,4.879105229998841,-1.6275550301556958,7.003641063164379,0.6418649374383787
2022_15_BAL_CLE,2022,15,2022-12-17T16:30-05:00,10.0,1.4152838796966036,0.4073642614238876,-0.5412458585629052,1.8987916112120016
2022_15_MIA_BUF,2022,15,2022-12-17T20:15-05:00,3.0,6.98697998206353,6.7501708610009885,9.45920929366552,6.2678810704038685
2022_15_ATL_NO,2022,15,2022-12-18T13:00-05:00,3.0,4.964561814243983,7.3085821500217465,4.300082943596143,6.010224094305588
2022_15_DAL_JAX,2022,15,2022-12-18T13:00-05:00,6.0,-8.937109011236348,-7.082462666735504,-6.518377747603186,-6.229082198430207
2022_15_DET_NYJ,2022,15,2022-12-18T13:00-05:00,-3.0,-1.5490440632694977,-2.1700784284861614,3.160689044555581,1.009504311823504
2022_15_KC_HOU,2022,15,2022-12-18T13:00-05:00,-6.0,-17.678393049947154,-10.483778627903902,-9.268240015045203,-4.089690574239775
2022_15_PHI_CHI,2022,15,2022-12-18T13:00-05:00,-5.0,-11.378679687144526,-0.13589426314674347,-8.888313932819063,0.5107203047994318
2022_15_PIT_CAR,2022,15,2022-12-18T13:00-05:00,-8.0,-1.3012000872230436,-0.30768327639681614,2.588428200507006,-0.14899932553472306
2022_15_ARI_DEN,2022,15,2022-12-18T16:05-05:00,9.0,-3.428907415959849,-0.4484648076578206,2.4509430570932276,0.3641739236248318
2022_15_NE_LV,2022,15,2022-12-18T16:05-05:00,6.0,-1.0532307312051645,-5.509139268181175,-1.3590774472824587,-1.5527639004860339
2022_15_CIN_TB,2022,15,2022-12-18T16:25-05:00,-11.0,-3.1854451703428133,3.5414589112250705,-2.658768135408537,4.821807758963659
2022_15_TEN_LAC,2022,15,2022-12-18T16:25-05:00,3.0,3.6166346861762575,-0.6887132118281118,3.099112348937854,1.0704031738378694
2022_15_NYG_WAS,2022,15,2022-12-18T20:20-05:00,-8.0,5.353252666208517,6.658242032159869,6.751699766443259,5.3276509080170085
2022_15_LA_GB,2022,15,2022-12-19T20:15-05:00,12.0,5.172425254940272,3.0113637371017834,5.134377873434823,2.802681526030943
2022_16_JAX_NYJ,2022,16,2022-12-22T20:15-05:00,-16.0,2.5545864275432075,0.45598625662524594,4.807994690141328,3.761035195363074
2022_16_ATL_BAL,2022,16,2022-12-24T13:00-05:00,8.0,4.991440650327057,7.038842233394882,6.582940532953289,5.076881823603103
2022_16_BUF_CHI,2022,16,2022-12-24T13:00-05:00,-22.0,-11.705531615263016,-8.497572518375675,-8.981512920571197,-2.933727755697598
2022_16_CIN_NE,2022,16,2022-12-24T13:00-05:00,-4.0,-3.105076546879529,3.7462471067715706,0.5066194325302051,4.383514223360159
2022_16_DET_CAR,2022,16,2022-12-24T13:00-05:00,14.0,-2.8982511518526906,1.7589680190464976,-0.8827729605950783,1.9239092125446122
2022_16_NO_CLE,2022,16,2022-12-24T13:00-05:00,-7.0,5.820428364425986,0.11926483888611217,3.5178110511180987,0.9654493405095166
2022_16_NYG_MIN,2022,16,2022-12-24T13:00-05:00,3.0,2.8529729664182346,5.404429765441968,6.308128577156403,6.6143685590451184
2022_16_SEA_KC,2022,16,2022-12-24T13:00-05:00,14.0,10.670908989119397,7.446153938795165,7.8122549166183095,4.462283176841551
2022_16_HOU_TEN,2022,16,2022-12-24T14:00-05:00,-5.0,2.543893573110035,9.731069148006005,7.35314204529384,7.372817576613862
2022_16_WAS_SF,2022,16,2022-12-24T16:05-05:00,17.0,8.388885239343642,1.5862137674179464,11.212724174911365,5.708806570464397
2022_16_PHI_DAL,2022,16,2022-12-24T16:25-05:00,6.0,5.356385229678255,7.234317377897707,1.434442339760838,5.268747641891388
2022_16_LV_PIT,2022,16,2022-12-24T20:15-05:00,3.0,0.5575646456582066,3.0113496423468695,0.9092879566071681,2.8920306579558974
2022_16_GB_MIA,2022,16,2022-12-25T13:00-05:00,-6.0,0.8361027079165774,-2.4246617792150795,3.0532817287436522,0.15348519490885426
2022_16_DEN_LA,2022,16,2022-12-25T16:30-05:00,37.0,1.1842506321926989,4.815966977862638,1.5034704858586743,5.560446744704227
2022_16_TB_ARI,2022,16,2022-12-25T20:20-05:00,-3.0,-2.9536706184338186,-0.7434120081127544,0.6201943210114922,0.3326479576105821
2022_16_LAC_IND,2022,16,2022-12-26T20:15-05:00,-17.0,-4.743163510554066,4.435705811502295,-0.4287194646759529,4.138850495438985
2022_17_DAL_TEN,2022,17,2022-12-29T20:15-05:00,-14.0,-11.80996954759376,0.11357068364174516,-4.934362367435158,0.7752044817825432
2022_17_ARI_ATL,2022,17,2023-01-01T13:00-05:00,1.0,3.3165337705415316,-6.222463841618934,3.122220085498618,-1.2810337480353637
2022_17_CAR_TB,2022,17,2023-01-01T13:00-05:00,6.0,4.938338104455297,9.220439146564681,3.0844981575557364,9.248026103668359
2022_17_CHI_DET,2022,17,2023-01-01T13:00-05:00,31.0,8.299266185240747,3.0423302007967132,7.530475658375947,1.2804760222013196
2022_17_CLE_WAS,2022,17,2023-01-01T13:00-05:00,-14.0,0.5250228974914539,3.066516118862215,1.8015000549899667,1.6179337917570087
2022_17_DEN_KC,2022,17,2023-01-01T13:00-05:00,3.0,14.555240387945428,7.041690164991879,12.192780527951488,6.600871596850707
2022_17_IND_NYG,2022,17,2023-01-01T13:00-05:00,28.0,7.231928835866471,-5.207220755951743,4.085922009969353,-3.47250362160674
2022_17_JAX_HOU,2022,17,2023-01-01T13:00-05:00,-28.0,-3.8649078288688115,0.7105831516230939,-1.9514951959542755,4.631469103598889
2022_17_MIA_NE,2022,17,2023-01-01T13:00-05:00,2.0,3.561881105914985,5.969526500165097,4.983102693280809,5.348271117517061
2022_17_NO_PHI,2022,17,2023-01-01T13:00-05:00,-10.0,6.633008482014381,-0.9890405237910851,8.774848700632091,1.9750300529054707
2022_17_NYJ_SEA,2022,17,2023-01-01T16:05-05:00,17.0,3.9318537852290127,8.16065000798436,3.3156926754238443,7.997841305634037
2022_17_SF_LV,2022,17,2023-01-01T16:05-05:00,-3.0,-7.424709299041467,-0.5720382148700041,-5.288987506285432,-0.3450854427012615
2022_17_LA_LAC,2022,17,2023-01-01T16:25-05:00,21.0,5.087098562642576,-2.553115983403159,5.127458730091085,0.39395502835843743
2022_17_MIN_GB,2022,17,2023-01-01T16:25-05:00,24.0,4.805366559086993,7.459521809837941,3.232338836406553,5.1280110647951425
2022_17_PIT_BAL,2022,17,2023-01-01T20:20-05:00,-3.0,1.220955974110236,2.402686825772814,5.038951408145542,3.2275228113119576
2022_18_KC_LV,2022,18,2023-01-07T16:30-05:00,-18.0,-9.260856829682279,-6.267376492067296,-2.380590730741546,-1.7887509141756546
2022_18_TEN_JAX,2022,18,2023-01-07T20:15-05:00,4.0,6.049289670393369,-5.609942887573141,6.131247279896875,-4.504286680212751
2022_18_BAL_CIN,2022,18,2023-01-08T13:00-05:00,11.0,10.150768711550441,4.609779113706816,7.084471442703394,3.5496962078580196
2022_18_CAR_NO,2022,18,2023-01-08T13:00-05:00,-3.0,2.78560557702676,4.657998011155147,5.4108454975639315,6.809864407549165
2022_18_CLE_PIT,2022,18,2023-01-08T13:00-05:00,14.0,2.549555035490579,2.1134558544138002,1.734031711981956,2.3736855774760413
2022_18_HOU_IND,2022,18,2023-01-08T13:00-05:00,-1.0,1.7157713498745626,10.177364280695611,2.839336383668721,7.582071245890717
2022_18_MIN_CHI,2022,18,2023-01-08T13:00-05:00,-16.0,-7.552719843496239,-1.6360485683623252,-3.3609471164182345,1.115649574410267
2022_18_NE_BUF,2022,18,2023-01-08T13:00-05:00,12.0,7.646839604029321,2.421813341372724,7.8863405689438775,3.4196099528868067
2022_18_NYJ_MIA,2022,18,2023-01-08T13:00-05:00,5.0,3.3606817370256543,9.062635281837395,5.155361855303342,6.875866351268906
2022_18_TB_ATL,2022,18,2023-01-08T13:00-05:00,13.0,1.9159814396195307,-8.62540433617943,0.32155611376267057,-3.4483857904247817
2022_18_ARI_SF,2022,18,2023-01-08T16:25-05:00,25.0,11.781692742960281,-0.7800009122218827,13.614020304148907,3.021380049001146
2022_18_DAL_WAS,2022,18,2023-01-08T16:25-05:00,20.0,-10.37682236517063,-1.4917649394650945,-6.517520567555065,-2.1603945625303345
2022_18_LAC_DEN,2022,18,2023-01-08T16:25-05:00,3.0,-6.323600265002702,2.623936935329206,-2.6319112715965662,1.5455982269373356
2022_18_LA_SEA,2022,18,2023-01-08T16:25-05:00,3.0,4.197984839703204,-2.029890320146796,6.165657007553631,1.5781416753049289
2022_18_NYG_PHI,2022,18,2023-01-08T16:25-05:00,6.0,8.99093225299886,4.014432495691838,8.481885070952728,7.219297828655954
2022_18_DET_GB,2022,18,2023-01-08T20:20-05:00,-4.0,4.690188682843571,9.353937644388129,4.062810294448841,7.731885468183556
2023_01_DET_KC,2023,1,2023-09-07T20:20-04:00,-1.0,5.97236935263723,6.126308980255956,4.89309469899032,4.893097964884085
2023_01_ARI_WAS,2023,1,2023-09-10T13:00-04:00,4.0,1.4434467115531597,0.6868443339727346,3.9368573957551196,3.9368579068779366
2023_01_CAR_ATL,2023,1,2023-09-10T13:00-04:00,14.0,2.017507824418213,1.7078843821823018,2.0817247134177754,2.0817247055849766
2023_01_CIN_CLE,2023,1,2023-09-10T13:00-04:00,21.0,-4.47491908707125,-4.526354315917763,-0.6826120575038295,-0.6826121129660816
2023_01_HOU_BAL,2023,1,2023-09-10T13:00-04:00,16.0,5.666354322818709,5.809051923979384,5.825592926207008,5.825592270494033
2023_01_JAX_IND,2023,1,2023-09-10T13:00-04:00,-10.0,-3.980929493956041,-4.155722045363355,-1.120132747534221,-1.1201325697557714
2023_01_SF_PIT,2023,1,2023-09-10T13:00-04:00,-23.0,-2.189054976078845,-2.3737444041408438,-1.6127490900872479,-1.6127467174708503
2023_01_TB_MIN,2023,1,2023-09-10T13:00-04:00,-3.0,0.6699305018366777,0.4959655257669119,3.28823996827274,3.288240121602337
2023_01_TEN_NO,2023,1,2023-09-10T13:00-04:00,1.0,2.7971422227627034,2.620268479516514,3.9188085973432814,3.918804983384951
2023_01_GB_CHI,2023,1,2023-09-10T16:25-04:00,-18.0,-4.598393339614688,-5.1779923113261255,-2.4682520735048783,-2.468252048379222
2023_01_LA_SEA,2023,1,2023-09-10T16:25-04:00,-17.0,1.527343596938215,1.3581008127563643,4.095404228210294,4.095404416500909
2023_01_LV_DEN,2023,1,2023-09-10T16:25-04:00,-1.0,3.584079313436545,3.3972942375199224,1.5802881612734534,1.580288465849283
2023_01_MIA_LAC,2023,1,2023-09-10T16:25-04:00,-2.0,3.315605846577453,3.1291379169697207,3.072459312804362,3.0724596024237316
2023_01_PHI_NE,2023,1,2023-09-10T16:25-04:00,-5.0,1.259691114775332,1.7714577946887973,1.4473197198729322,1.447322263755627
2023_01_DAL_NYG,2023,1,2023-09-10T20:20-04:00,-40.0,-0.9151036651308696,-1.0896164298128306,-0.5015280772088784,-0.5015279388314156
2023_01_BUF_NYJ,2023,1,2023-09-11T20:15-04:00,6.0,-4.091664424495355,-3.908436619503723,-2.6871060158586833,-2.687105981841129
2023_02_MIN_PHI,2023,2,2023-09-14T20:15-04:00,6.0,4.8301911819480114,4.25981934870463,5.7231196935007755,4.767952692849423
2023_02_BAL_CIN,2023,2,2023-09-17T13:00-04:00,-3.0,5.996328156961613,4.504978446940489,2.822819832614468,5.085900470043917
2023_02_CHI_TB,2023,2,2023-09-17T13:00-04:00,10.0,9.326848874068085,9.85121865507786,7.226661648312599,5.590162612394471
2023_02_GB_ATL,2023,2,2023-09-17T13:00-04:00,1.0,-1.1252023709948904,-0.013938366182481399,0.21256138305579864,0.48357184304881295
2023_02_IND_HOU,2023,2,2023-09-17T13:00-04:00,-11.0,0.8438470869544392,3.6756129511410336,2.5211915503412525,2.6182816775347906
2023_02_KC_JAX,2023,2,2023-09-17T13:00-04:00,-8.0,-3.385519772811623,-4.207850459477628,0.854999773218696,-0.252972127299369
2023_02_LAC_TEN,2023,2,2023-09-17T13:00-04:00,3.0,-1.0803285614736358,-0.9292611742640626,1.078493235027553,0.47914857743502015
2023_02_LV_BUF,2023,2,2023-09-17T13:00-04:00,28.0,6.216873896938283,7.962006531456098,6.177413802967484,7.022467829607165
2023_02_SEA_DET,2023,2,2023-09-17T13:00-04:00,-6.0,5.123010119924046,5.612823335150496,5.015644933907401,3.073662377773783
2023_02_NYG_ARI,2023,2,2023-09-17T16:05-04:00,-3.0,-2.0828508225924356,0.3965354696994956,2.55117470235786,1.0559100026739512
2023_02_SF_LA,2023,2,2023-09-17T16:05-04:00,-7.0,-2.9904200370076803,-3.3531329541543253,-3.1859324744815014,-3.1859325357764794
2023_02_NYJ_DAL,2023,2,2023-09-17T16:25-04:00,20.0,7.548589982809938,4.25941146149051,6.783285525049171,5.934816101502964
2023_02_WAS_DEN,2023,2,2023-09-17T16:25-04:00,-2.0,1.4879378477272078,5.129528490402385,1.6206103110048278,1.8188705458598116
2023_02_MIA_NE,2023,2,2023-09-17T20:20-04:00,-7.0,0.7902474389849923,4.0575526568347335,2.5053990581028174,3.3693826326373326
2023_02_NO_CAR,2023,2,2023-09-18T19:15-04:00,-3.0,-2.373272455397868,-0.29957899308463487,1.0004306618424081,1.67539096463483
2023_02_CLE_PIT,2023,2,2023-09-18T20:15-04:00,4.0,0.18220979521475011,3.5140705875230824,0.036963477592331095,3.0369634510953336
2023_03_NYG_SF,2023,3,2023-09-21T20:15-04:00,18.0,10.31723652232146,5.9982455146619476,10.33658598867656,7.466868799594523
2023_03_ATL_DET,2023,3,2023-09-24T13:00-04:00,14.0,1.7137814686659179,6.674367655792162,3.002613983426714,4.339733529860116
2023_03_BUF_WAS,2023,3,2023-09-24T13:00-04:00,-34.0,-6.3565487249547985,-6.357816299922969,-2.833233403564515,-2.261049909617693
2023_03_DEN_MIA,2023,3,2023-09-24T13:00-04:00,50.0,7.406293320671365,0.5095836004746359,5.629509740863089,4.07110223935741
2023_03_HOU_JAX,2023,3,2023-09-24T13:00-04:00,-20.0,8.562789986344233,5.499598594314694,7.780885668347028,6.001850892220981
2023_03_IND_BAL,2023,3,2023-09-24T13:00-04:00,-3.0,7.454856747626733,7.811501708422957,6.7955676587877,5.943873948028823
2023_03_LAC_MIN,2023,3,2023-09-24T13:00-04:00,-4.0,-0.17916121035535637,-0.0536673564980652,1.6138141712118341,1.5816480736085514
2023_03_NE_NYJ,2023,3,2023-09-24T13:00-04:00,-5.0,-3.150582303109592,-0.5546324005026764,1.1713219998587352,0.31458850992200915
2023_03_NO_GB,2023,3,2023-09-24T13:00-04:00,1.0,4.192980543545714,1.432145604259473,4.298245089282723,3.2735438271709936
2023_03_TEN_CLE,2023,3,2023-09-24T13:00-04:00,24.0,2.1978468885222306,1.2171390369485333,4.22255922386061,3.3828097564004773
2023_03_CAR_SEA,2023,3,2023-09-24T16:05-04:00,10.0,5.294897636695726,2.809036098741272,3.867871991919527,3.3477958576713087
2023_03_CHI_KC,2023,3,2023-09-24T16:25-04:00,31.0,16.933490745905413,16.291567414494306,11.27967674878526,9.684655386172235
2023_03_DAL_ARI,2023,3,2023-09-24T16:25-04:00,12.0,-8.111728672117165,-2.3662441268107925,-4.85794506314917,-1.9456179361574648
2023_03_PIT_LV,2023,3,2023-09-24T20:20-04:00,-5.0,1.0810936671082463,0.8741779617103729,1.7735211866392648,1.877227907438744
2023_03_PHI_TB,2023,3,2023-09-25T19:15-04:00,-14.0,-0.6588454525465415,0.23399907868285386,-0.3808893131434914,-0.55619281445176
2023_03_LA_CIN,2023,3,2023-09-25T20:15-04:00,3.0,0.9467678436579257,7.0111617785005365,3.568175541273554,6.718834480176377
2023_04_DET_GB,2023,4,2023-09-28T20:15-04:00,-14.0,1.2780158870713016,-1.6409397895173081,3.0945365080366565,2.676694627091072
2023_04_ATL_JAX,2023,4,2023-10-01T09:30-04:00,16.0,-1.020782252914942,1.678225444761459,-0.146403410918168,1.479859367444831
2023_04_BAL_CLE,2023,4,2023-10-01T13:00-04:00,-25.0,-1.7310051969752707,-1.6945390356747314,4.12424418110351,1.9032883570778358
2023_04_CIN_TEN,2023,4,2023-10-01T13:00-04:00,24.0,-4.1481727170013105,-4.070330186168839,-0.7063824257138664,-1.565421869366558
2023_04_DEN_CHI,2023,4,2023-10-01T13:00-04:00,-3.0,-2.554451962990366,-6.7918355668364585,-1.0400278273466617,-0.1531928186071152
2023_04_LA_IND,2023,4,2023-10-01T13:00-04:00,-6.0,-4.335271684543894,-1.9490901944886712,0.5152654335771178,0.689060062103636
2023_04_MIA_BUF,2023,4,2023-10-01T13:00-04:00,28.0,5.113505771856169,7.41135687583578,6.126204898347323,6.371077124400472
2023_04_MIN_CAR,2023,4,2023-10-01T13:00-04:00,-8.0,-2.2768359878715065,-0.19836195109360055,1.251304203369521,1.9916964518462497
2023_04_PIT_HOU,2023,4,2023-10-01T13:00-04:00,24.0,-2.8557322858938,-0.9359308090379037,-0.3482564344330399,-0.7658440786672029
2023_04_TB_NO,2023,4,2023-10-01T13:00-04:00,-17.0,0.1828127500365926,0.6070844167372733,4.274850935446897,3.604545608813757
2023_04_WAS_PHI,2023,4,2023-10-01T13:00-04:00,3.0,10.39463216454898,6.242141937346172,8.061500196571986,5.312033154098928
2023_04_LV_LAC,2023,4,2023-10-01T16:05-04:00,7.0,8.910681464515623,3.6896894215693634,5.434831535612057,3.7238503076304252
2023_04_ARI_SF,2023,4,2023-10-01T16:25-04:00,19.0,12.248344532260827,7.304578758597884,10.42849766278545,8.910958796920571
2023_04_NE_DAL,2023,4,2023-10-01T16:25-04:00,35.0,4.508252956802776,2.021714045311051,5.709919666424938,3.749404611424973
2023_04_KC_NYJ,2023,4,2023-10-01T20:20-04:00,-3.0,-11.520420249644602,-5.487227990851153,-4.280125619000995,-1.7763891856483678
2023_04_SEA_NYG,2023,4,2023-10-02T20:15-04:00,-21.0,-0.34802063176578646,2.719144840463822,0.17915830051018755,1.6236593196810487
2023_05_CHI_WAS,2023,5,2023-10-05T20:15-04:00,-20.0,8.053024363764079,6.681796576526447,7.989119490684457,5.834322272747304
2023_05_JAX_BUF,2023,5,2023-10-08T09:30-04:00,-5.0,5.580430493670898,2.347699929235045,7.799311410875954,3.663688923492131
2023_05_BAL_PIT,2023,5,2023-10-08T13:00-04:00,7.0,-4.7183144725157256,0.14636838515089323,-1.7196308321555183,2.4402518081731697
2023_05_CAR_DET,2023,5,2023-10-08T13:00-04:00,18.0,9.18325010551781,6.738794418214984,7.991821790945314,3.9214582354450918
2023_05_HOU_ATL,2023,5,2023-10-08T13:00-04:00,2.0,0.6519622888191781,1.8965563708985993,2.216308823446333,4.5219915247761495
2023_05_NO_NE,2023,5,2023-10-08T13:00-04:00,-34.0,3.1997432072677516,4.256896934704935,2.336871638747077,3.39896946939363
2023_05_NYG_MIA,2023,5,2023-10-08T13:00-04:00,15.0,10.148404279920177,1.7129042434362032,7.634495715464684,3.38274069476911
2023_05_TEN_IND,2023,5,2023-10-08T13:00-04:00,7.0,-1.602004315028219,-1.543595453425453,0.7500537416901794,0.5356474512938174
2023_05_CIN_ARI,2023,5,2023-10-08T16:05-04:00,-14.0,-2.8109711997178746,-4.240249369216288,1.235875940403956,-2.443860741320469
2023_05_PHI_LA,2023,5,2023-10-08T16:05-04:00,-9.0,-0.5229780605969936,-1.3439846960951911,-0.42479738274623724,-1.0238647998327726
2023_05_KC_MIN,2023,5,2023-10-08T16:25-04:00,-7.0,-7.806685175808764,-5.944383233649532,-2.630979844055922,-0.8062526521754267
2023_05_NYJ_DEN,2023,5,2023-10-08T16:25-04:00,-10.0,1.9917375311786332,2.680148809983138,1.1334167014041125,2.2449266180832472
2023_05_DAL_SF,2023,5,2023-10-08T20:20-04:00,32.0,4.483596496706283,3.2354659181516583,4.742107034399746,4.465340860763106
2023_05_GB_LV,2023,5,2023-10-09T20:15-04:00,4.0,-1.0560552276212212,1.5331698044473507,-0.40359542686449057,1.10465230437861
2023_06_DEN_KC,2023,6,2023-10-12T20:15-04:00,11.0,14.920784935160066,7.826568680960388,11.617372839047848,7.03146256756512
2023_06_BAL_TEN,2023,6,2023-10-15T09:30-04:00,-8.0,-5.850368596971591,-4.846396700257226,-2.879704816139581,-1.4795213993226413
2023_06_CAR_MIA,2023,6,2023-10-15T13:00-04:00,21.0,11.975598983773983,3.8452496043497533,8.098219211378435,3.3541958721214673
2023_06_IND_JAX,2023,6,2023-10-15T13:00-04:00,17.0,6.411425489283319,7.502048378758271,5.730058461507621,6.120132569755771
2023_06_MIN_CHI,2023,6,2023-10-15T13:00-04:00,-6.0,-5.973739242752392,-5.297989133814423,-2.3300573722396685,-1.3784027339968086
2023_06_NO_HOU,2023,6,2023-10-15T13:00-04:00,7.0,0.546568391484324,-0.4882509818009326,0.1456840144342304,-0.764875854556343
2023_06_SEA_CIN,2023,6,2023-10-15T13:00-04:00,4.0,2.5171723037355864,7.266813038565675,1.5007108079350635,5.123430063675469
2023_06_SF_CLE,2023,6,2023-10-15T13:00-04:00,2.0,-13.07292040476157,-4.14533888211119,-5.4673060392039385,-2.149710168566184
2023_06_WAS_ATL,2023,6,2023-10-15T13:00-04:00,-8.0,3.3107533934119227,1.7988781550741346,3.3625292154676294,2.1175016186807314
2023_06_NE_LV,2023,6,2023-10-15T16:05-04:00,4.0,3.543981824211209,-1.2816796770187853,3.1112206791908346,0.9792266621559738
2023_06_ARI_LA,2023,6,2023-10-15T16:25-04:00,17.0,6.7911140260039655,2.2485770908081246,5.269370256268072,3.225026261144092
2023_06_DET_TB,2023,6,2023-10-15T16:25-04:00,-14.0,-0.086888534172954,-0.24472683630520953,-0.5165263570824052,0.7986051911063212
2023_06_PHI_NYJ,2023,6,2023-10-15T16:25-04:00,6.0,-5.862644820352786,-0.4563377725113362,-2.398921649618819,-0.738089226322364
2023_06_NYG_BUF,2023,6,2023-10-15T20:20-04:00,5.0,17.986783855850565,7.4411961035952,13.85316507933646,7.253817819169582
2023_06_DAL_LAC,2023,6,2023-10-16T20:15-04:00,-3.0,1.5821164887973271,0.4655104910741299,-0.2593618389786916,0.9536723583614259
2023_07_JAX_NO,2023,7,2023-10-19T20:15-04:00,-7.0,0.5149827420103753,0.008141887578612339,0.5594055530382969,2.263024962335362
2023_07_ATL_TB,2023,7,2023-10-22T13:00-04:00,-3.0,5.3467764283534,4.687164709934217,4.736531718130743,2.6383387209664364
2023_07_BUF_NE,2023,7,2023-10-22T13:00-04:00,4.0,-9.794736372280013,-1.6806410523035897,-6.526489261265279,-0.5016944917631387
2023_07_CLE_IND,2023,7,2023-10-22T13:00-04:00,-1.0,-1.0999979105151896,-1.097473172655854,-1.8756691975453261,-0.34716230510665946
2023_07_DET_BAL,2023,7,2023-10-22T13:00-04:00,32.0,0.4154973874290382,0.5844542306835353,0.17446200078785346,1.9638672158577686
2023_07_LV_CHI,2023,7,2023-10-22T13:00-04:00,18.0,-5.159703502844462,-5.067704496013994,-1.3120986558690975,-1.0729043527578321
2023_07_WAS_NYG,2023,7,2023-10-22T13:00-04:00,7.0,-1.3500779015459958,3.936109696420143,0.9523051434596224,2.5072320904481122
2023_07_ARI_SEA,2023,7,2023-10-22T16:05-04:00,10.0,9.334676826486664,1.9335147368670311,7.741145184096599,4.820430677645
2023_07_PIT_LA,2023,7,2023-10-22T16:05-04:00,-7.0,3.7154479045335895,0.6244616738286975,4.449462518201338,0.9268141816943705
2023_07_GB_DEN,2023,7,2023-10-22T16:25-04:00,2.0,-1.9458829726311075,3.2573008752698143,-1.6679302589932599,0.18494077022789313
2023_07_LAC_KC,2023,7,2023-10-22T16:25-04:00,14.0,8.05024507728423,7.57378089282825,6.966103480853415,4.887900725783978
2023_07_MIA_PHI,2023,7,2023-10-22T20:20-04:00,14.0,1.1417782242929897,3.959258028843393,2.9680338686977494,4.422060368881706
2023_07_SF_MIN,2023,7,2023-10-23T20:15-04:00,5.0,-6.860958142455603,-2.922641273368848,-6.145649509098247,-1.9300204287931297
2023_08_TB_BUF,2023,8,2023-10-26T20:15-04:00,6.0,10.741094420408576,6.534720554766471,9.373567093882293,7.505209569970526
2023_08_ATL_TEN,2023,8,2023-10-29T13:00-04:00,5.0,-2.8272543174644857,2.733391741030929,3.222052149860191,2.3240793463952425
2023_08_HOU_CAR,2023,8,2023-10-29T13:00-04:00,2.0,-3.753970862951004,1.8618351554137553,-0.8787643731662889,4.940266819191173
2023_08_JAX_PIT,2023,8,2023-10-29T13:00-04:00,-10.0,-0.15396231852608788,0.42611616787760587,-0.5030768761365829,2.263993186446222
2023_08_LA_DAL,2023,8,2023-10-29T13:00-04:00,23.0,4.664887362099369,5.1965676299709935,6.5298967383919155,6.220591675013372
2023_08_MIN_GB,2023,8,2023-10-29T13:00-04:00,-14.0,-0.15630066854680225,1.533362646250508,1.996929070632646,3.5898493143824135
2023_08_NE_MIA,2023,8,2023-10-29T13:00-04:00,14.0,6.419222546823141,-0.7112263234398173,6.4273823257280895,1.6306173673626674
2023_08_NO_IND,2023,8,2023-10-29T13:00-04:00,-11.0,-3.2510893187658847,-2.5204063131824843,0.1526753609739977,-0.8831575320911336
2023_08_NYJ_NYG,2023,8,2023-10-29T13:00-04:00,-3.0,-0.6422682798397492,1.417417073145618,-0.418340888622589,2.933288162671548
2023_08_PHI_WAS,2023,8,2023-10-29T13:00-04:00,-7.0,-6.663351415705229,-2.9057174529305816,-4.2442811225869335,-0.31203315409892785
2023_08_CLE_SEA,2023,8,2023-10-29T16:05-04:00,4.0,6.429451055437848,2.2196196835685065,2.646781631691071,3.0591820492906123
2023_08_BAL_ARI,2023,8,2023-10-29T16:25-04:00,-7.0,-8.686268263200246,-1.4084340889732565,-5.044624656941,0.14203972872344828
2023_08_CIN_SF,2023,8,2023-10-29T16:25-04:00,-14.0,2.4569275443465615,1.2921477328908844,9.22398990271376,3.9670980556001023
2023_08_KC_DEN,2023,8,2023-10-29T16:25-04:00,15.0,-10.772410632210313,-4.480242347565472,-6.777214382702171,-2.0314625675651197
2023_08_CHI_LAC,2023,8,2023-10-29T20:20-04:00,17.0,9.777743543556248,10.430557084280814,6.903279854861047,7.296754660388258
2023_08_LV_DET,2023,8,2023-10-30T20:15-04:00,12.0,5.371406259090625,5.097553938224355,8.68659257704591,3.718653068530318
2023_09_TEN_PIT,2023,9,2023-11-02T20:15-04:00,4.0,4.515242108533196,3.0679483067534834,2.86513511341178,3.919773207495811
2023_09_MIA_KC,2023,9,2023-11-05T09:30-05:00,7.0,2.771585358490812,5.392168301831117,1.5204987883263663,2.9603603282077096
2023_09_ARI_CLE,2023,9,2023-11-05T13:00-05:00,27.0,8.02754886678072,1.387058219995982,7.978353547897294,4.261248628354387
2023_09_CHI_NO,2023,9,2023-11-05T13:00-05:00,7.0,9.880487325107792,8.77523805613835,7.861616037243482,6.694708221208229
2023_09_LA_GB,2023,9,2023-11-05T13:00-05:00,17.0,4.704708690198196,1.9539524780566604,2.729099296814695,4.845761421365763
2023_09_MIN_ATL,2023,9,2023-11-05T13:00-05:00,-3.0,-1.9010949354433828,-0.16364073560875614,-1.6946436577101753,1.5734211574312262
2023_09_SEA_BAL,2023,9,2023-11-05T13:00-05:00,34.0,4.359554125343472,4.494408852198598,4.509813023565147,2.5375295936315516
2023_09_TB_HOU,2023,9,2023-11-05T13:00-05:00,2.0,1.7486729988787988,-1.5939371276784193,2.0571841908485413,0.3396697542574141
2023_09_WAS_NE,2023,9,2023-11-05T13:00-05:00,-3.0,2.063026862876403,6.350338414316837,2.8328025987013437,4.259355417854555
2023_09_IND_CAR,2023,9,2023-11-05T16:05-05:00,-14.0,0.6677962661590042,3.864284939857332,1.7617050746672032,5.0585484967259635
2023_09_DAL_PHI,2023,9,2023-11-05T16:25-05:00,5.0,2.4234631370643758,1.226317660092525,1.8289930023392218,2.3032731248194
2023_09_NYG_LV,2023,9,2023-11-05T16:25-05:00,24.0,3.397447206917904,1.1325490408779093,2.286372996683959,2.7313499895624167
2023_09_BUF_CIN,2023,9,2023-11-05T20:20-05:00,6.0,-1.7521169070833926,0.512209521777523,-0.5852614535802614,1.2459529248248389
2023_09_LAC_NYJ,2023,9,2023-11-06T20:15-05:00,-21.0,-2.450934211886678,0.3737823393623372,1.5254611936659495,0.6115115401356104
2023_10_CAR_CHI,2023,10,2023-11-09T20:15-05:00,3.0,2.6457777090611287,-3.4561695629613403,3.1436539146547187,-0.8700991858430585
2023_10_IND_NE,2023,10,2023-11-12T09:30-05:00,-4.0,-0.9742853025385285,4.82278092229481,-0.3630301102973923,4.282127001484763
2023_10_CLE_BAL,2023,10,2023-11-12T13:00-05:00,-2.0,6.53495504969739,5.040865369069647,4.932953926594854,3.0967116429221644
2023_10_GB_PIT,2023,10,2023-11-12T13:00-05:00,4.0,2.3793887170155132,2.401467952289714,1.5766433868002365,1.7274243969398662
2023_10_HOU_CIN,2023,10,2023-11-12T13:00-05:00,-3.0,6.617770707363081,8.640867204222417,6.723269808703307,8.41149274053795
2023_10_NO_MIN,2023,10,2023-11-12T13:00-05:00,8.0,-1.45929612040687,1.571946124706423,4.025995662800289,2.18369451278858
2023_10_SF_JAX,2023,10,2023-11-12T13:00-05:00,-31.0,0.05769059483285255,-1.1564029522589676,-0.18718127463719902,-1.376739903917072
2023_10_TEN_TB,2023,10,2023-11-12T13:00-05:00,14.0,5.273360206423795,3.666543531518049,3.063074934639384,2.814259374571194
2023_10_ATL_ARI,2023,10,2023-11-12T16:05-05:00,2.0,0.36883712462962354,2.504061464107526,-0.5168522335670716,1.445640474441332
2023_10_DET_LAC,2023,10,2023-11-12T16:05-05:00,-3.0,1.3613400567327425,0.19598570718718727,1.810151874490268,2.505197239100107
2023_10_NYG_DAL,2023,10,2023-11-12T16:25-05:00,32.0,14.08852396568287,4.435942763207746,12.21830657264176,5.5015279388314156
2023_10_WAS_SEA,2023,10,2023-11-12T16:25-05:00,3.0,3.458079819793653,2.9198335695917543,4.96782691789431,3.3835727707670635
2023_10_NYJ_LV,2023,10,2023-11-12T20:20-05:00,4.0,1.2946676034838076,0.9659195881399995,1.9807832413547581,3.1646381522339646
2023_10_DEN_BUF,2023,10,2023-11-13T20:15-05:00,-2.0,10.443226143890966,6.17846436675768,9.461990674093117,7.942179363757882
2023_11_CIN_BAL,2023,11,2023-11-16T20:15-05:00,14.0,2.619981047396925,-1.1586521135455738,5.120493407775882,-0.08590047004391721
2023_11_ARI_HOU,2023,11,2023-11-19T13:00-05:00,5.0,6.451055003576332,0.6188716650862465,7.170546235121716,1.5323680007825184
2023_11_CHI_DET,2023,11,2023-11-19T13:00-05:00,5.0,9.838320618367428,11.80871605399783,10.914550233534234,7.29155742128815
2023_11_DAL_CAR,2023,11,2023-11-19T13:00-05:00,-23.0,-10.038945865059567,-3.2021580927677302,-9.40785156292462,-0.472983116183773
2023_11_LAC_GB,2023,11,2023-11-19T13:00-05:00,3.0,-2.403412131909827,-0.2330752728623171,0.1540178023203187,2.6714973879909647
2023_11_LV_MIA,2023,11,2023-11-19T13:00-05:00,7.0,9.052436285112927,2.303027614152379,6.674786876718992,3.151390705206693
2023_11_NYG_WAS,2023,11,2023-11-19T13:00-05:00,-12.0,9.209963779291403,-0.5897833630252274,6.6961603664031895,2.4927679095518878
2023_11_PIT_CLE,2023,11,2023-11-19T13:00-05:00,3.0,0.7316861615559289,-0.16774425412816707,6.616072047691464,1.9630365489046662
2023_11_TEN_JAX,2023,11,2023-11-19T13:00-05:00,20.0,6.260810964390265,4.285289758635359,6.698134704524039,4.155780021049589
2023_11_TB_SF,2023,11,2023-11-19T16:05-05:00,13.0,8.971371031729074,5.091769965833217,10.181702284717762,7.718260550395467
2023_11_NYJ_BUF,2023,11,2023-11-19T16:25-05:00,26.0,12.346365015520544,7.2448611039193125,8.215041001906389,7.687105981841129
2023_11_SEA_LA,2023,11,2023-11-19T16:25-05:00,1.0,0.14289912565462531,2.05753846349383,0.0002160775328063913,0.9045955834990917
2023_11_MIN_DEN,2023,11,2023-11-19T20:20-05:00,1.0,0.9623880194704086,3.127402203802191,-0.8568840802138045,1.2747900846103064
2023_11_PHI_KC,2023,11,2023-11-20T20:15-05:00,-4.0,5.356627716939601,6.704053385037274,2.4320744757486574,3.538299959326004
2023_12_GB_DET,2023,12,2023-11-23T12:30-05:00,-7.0,7.462228847246541,4.987266122912224,5.6003131720219095,2.323305372908928
2023_12_WAS_DAL,2023,12,2023-11-23T16:30-05:00,35.0,11.536285583076486,6.69888929293043,13.411023380603199,5.508760029279528
2023_12_SF_SEA,2023,12,2023-11-23T20:20-05:00,-18.0,-6.850186135208315,-3.6681953080954193,-5.262631742315919,-1.5905281192755716
2023_12_MIA_NYJ,2023,12,2023-11-24T15:00-05:00,-21.0,-7.666666890795098,1.8297570896345996,-2.8167155409736324,1.183971142559342
2023_12_CAR_TEN,2023,12,2023-11-26T13:00-05:00,7.0,5.241344473882922,2.6988000136604953,5.703835098735907,1.905804051980219
2023_12_JAX_HOU,2023,12,2023-11-26T13:00-05:00,-3.0,-0.8080297181937524,-2.153272260919779,-1.1973694569034263,-1.0018508922209808
2023_12_NE_NYG,2023,12,2023-11-26T13:00-05:00,3.0,-4.371778108435645,-0.8103784940545158,0.668529212750677,0.7478766725935575
2023_12_NO_ATL,2023,12,2023-11-26T13:00-05:00,9.0,-2.147635816830665,-0.264857777599791,-0.2551650384809112,1.2571156702198065
2023_12_PIT_CIN,2023,12,2023-11-26T13:00-05:00,-6.0,-0.6224692080591896,6.061478775425031,4.45142107952754,5.145648661870748
2023_12_TB_IND,2023,12,2023-11-26T13:00-05:00,7.0,-0.9656091405116922,-3.497368422328741,0.6902441557482095,0.2213880767226235
2023_12_CLE_DEN,2023,12,2023-11-26T16:05-05:00,17.0,2.017468095992829,4.429314604379137,-1.592634762917525,1.4944798243833606
2023_12_LA_ARI,2023,12,2023-11-26T16:05-05:00,-23.0,-1.7538741772792041,1.0977492425867905,-0.33079938646652085,1.7749737388559081
2023_12_BUF_PHI,2023,12,2023-11-26T16:25-05:00,3.0,-2.4796563901494757,-1.7888375292742547,2.30229478511703,0.5509832444812344
2023_12_KC_LV,2023,12,2023-11-26T16:25-05:00,-14.0,-10.455242493978743,-6.194471569408613,-3.5591962453613295,-1.1117510334144032
2023_12_BAL_LAC,2023,12,2023-11-26T20:20-05:00,-10.0,-0.10114630617913678,1.324302039118411,-0.9826592256403952,3.0413300232423386
2023_12_CHI_MIN,2023,12,2023-11-27T20:15-05:00,-2.0,4.310072967684838,8.674021014147314,8.984336089815228,6.378402733996809
2023_13_SEA_DAL,2023,13,2023-11-30T20:15-05:00,6.0,11.020581158300837,5.452218890036134,12.36644488642414,4.625187258512464
2023_13_ARI_PIT,2023,13,2023-12-03T13:00-05:00,-14.0,7.4688778883113205,3.2279656408216075,9.439007111905616,4.798212079449721
2023_13_ATL_NYJ,2023,13,2023-12-03T13:00-05:00,-5.0,-3.1745965213925356,3.9869260097607016,0.15627270555004857,2.4564423090958325
2023_13_DEN_HOU,2023,13,2023-12-03T13:00-05:00,5.0,0.39750298246780336,-1.851174825893957,1.1791423933411305,0.7766395480447703
2023_13_DET_NO,2023,13,2023-12-03T13:00-05:00,-5.0,-1.6450451323135324,-1.4197259250379755,-0.274975506037507,1.9031507999200783
2023_13_IND_TEN,2023,13,2023-12-03T13:00-05:00,-3.0,0.619376414662991,4.889921786820368,0.9438552605697073,4.464352548706183
2023_13_LAC_NE,2023,13,2023-12-03T13:00-05:00,-6.0,-3.4656698433868742,2.601577906562472,-1.95442244953954,2.796923030213601
2023_13_MIA_WAS,2023,13,2023-12-03T13:00-05:00,-30.0,-7.172685253761462,-0.6097207418053214,-6.1904171171033155,1.6100272147827779
2023_13_CAR_TB,2023,13,2023-12-03T16:05-05:00,3.0,6.105614669002769,4.721885925419061,8.317697040969836,2.220063426551413
2023_13_CLE_LA,2023,13,2023-12-03T16:25-05:00,17.0,3.2586465386505203,2.5346820375096004,-0.0035647777934597613,1.4637776327897043
2023_13_SF_PHI,2023,13,2023-12-03T16:25-05:00,-23.0,-3.5361165979901394,-0.3656906382996523,-0.9704527055912013,0.3379322640562932
2023_13_KC_GB,2023,13,2023-12-03T20:20-05:00,8.0,-6.165657659844015,-6.06438005613783,-1.5238226701710866,0.28359666220698676
2023_13_CIN_JAX,2023,13,2023-12-04T20:15-05:00,-3.0,5.685749028718308,-1.4681054432102632,4.854816017985103,0.0903581516830303
2023_14_NE_PIT,2023,14,2023-12-07T20:15-05:00,-3.0,5.246531253586775,-0.4628907740730498,4.796816654368966,1.60199875471723
2023_14_CAR_NO,2023,14,2023-12-10T13:00-05:00,22.0,8.305964543649186,3.6459053264795505,7.736485184792063,3.32460903536517
2023_14_DET_CHI,2023,14,2023-12-10T13:00-05:00,15.0,-3.051848563128927,-8.432684173664937,-3.6128958409135006,-2.29155742128815
2023_14_HOU_NYJ,2023,14,2023-12-10T13:00-05:00,24.0,-4.11520935917596,4.190515516003192,-1.5561082682028848,4.478433833871982
2023_14_IND_CIN,2023,14,2023-12-10T13:00-05:00,20.0,3.982460631408175,10.633415139686665,5.1137607213736285,8.52977441807274
2023_14_JAX_CLE,2023,14,2023-12-10T13:00-05:00,4.0,1.1503171361237214,-1.3751838570307164,0.4706769597852265,1.7270297353508886
2023_14_LA_BAL,2023,14,2023-12-10T13:00-05:00,6.0,6.404993665316765,4.248659441112783,8.12922482035403,4.13293401013246
2023_14_TB_ATL,2023,14,2023-12-10T13:00-05:00,-4.0,-0.9659738462738854,-1.3408383765393022,2.0906497072223686,2.3616612790335636
2023_14_MIN_LV,2023,14,2023-12-10T16:05-05:00,-3.0,-1.3802441341193135,1.4230748309383783,-1.389927007081297,2.1945016187610236
2023_14_SEA_SF,2023,14,2023-12-10T16:05-05:00,12.0,13.559879106966168,6.984816094552358,13.19575361448672,6.590528119275572
2023_14_BUF_KC,2023,14,2023-12-10T16:25-05:00,-3.0,-1.1540046069546834,3.182641595189609,1.3906595619546804,1.5892832038072382
2023_14_DEN_LAC,2023,14,2023-12-10T16:25-05:00,-17.0,3.7800065977397943,1.965558350746898,3.959389244364589,4.643561841781143
2023_14_PHI_DAL,2023,14,2023-12-10T20:20-05:00,20.0,6.355342445770846,2.1497142202403667,7.186177244565002,2.6967268751806
2023_14_GB_NYG,2023,14,2023-12-11T20:15-05:00,2.0,-6.27198620546048,2.1629005710808284,-3.8526984969151803,0.8733023148161936
2023_14_TEN_MIA,2023,14,2023-12-11T20:15-05:00,-1.0,11.529860986747607,2.8196127573867162,11.220809243198056,3.9483918201412482
2023_15_LAC_LV,2023,15,2023-12-14T20:15-05:00,42.0,-0.31467704387486173,-0.34336308817444705,-0.3234287511885965,1.2761496923695748
2023_15_MIN_CIN,2023,15,2023-12-16T13:00-05:00,3.0,4.254625857077997,6.580670097715059,3.51683543227412,5.462922373193027
2023_15_PIT_IND,2023,15,2023-12-16T16:30-05:00,17.0,0.6638925459503776,-2.9680861404194556,1.8273517007543583,-0.8841257562019935
2023_15_DEN_DET,2023,15,2023-12-16T20:15-05:00,25.0,2.605088489234549,3.3734228674018913,2.0268859512282367,4.638364602681035
2023_15_ATL_CAR,2023,15,2023-12-17T13:00-05:00,2.0,-3.9017614071940603,1.6384419512126136,-2.7236570751456464,2.9182752944150234
2023_15_CHI_CLE,2023,15,2023-12-17T13:00-05:00,3.0,1.1918822505834048,7.382010462549696,5.373811252209148,6.158712994223754
2023_15_HOU_TEN,2023,15,2023-12-17T13:00-05:00,-3.0,4.97795832105516,2.877570153397467,2.070571844582754,4.346070871171392
2023_15_KC_NE,2023,15,2023-12-17T13:00-05:00,-10.0,-8.522716562025929,-3.2297268767130425,-4.355555197458941,0.40902230442962306
2023_15_NYG_NO,2023,15,2023-12-17T13:00-05:00,18.0,7.657423922469561,1.5135599655660013,6.8501368736582355,3.3531538580128126
2023_15_NYJ_MIA,2023,15,2023-12-17T13:00-05:00,30.0,12.277029378544922,1.5066673947809908,10.014367969503986,3.8160288574406582
2023_15_TB_GB,2023,15,2023-12-17T13:00-05:00,-14.0,3.10710642724052,0.3363613073613112,4.454064431786288,4.378089435984751
2023_15_SF_ARI,2023,15,2023-12-17T16:05-05:00,-16.0,-10.781377318160796,-3.8592339354097156,-12.808868561119356,-3.9109587969205712
2023_15_WAS_LA,2023,15,2023-12-17T16:05-05:00,8.0,9.692151810018807,3.1655829806775695,9.58502399926931,1.7881683542661553
2023_15_DAL_BUF,2023,15,2023-12-17T16:25-05:00,21.0,1.341374674942128,4.678416507084912,-1.2248650514255006,4.252289880338166
2023_15_BAL_JAX,2023,15,2023-12-17T20:20-05:00,-16.0,-3.138227106670586,1.3637098370327685,-1.2518790855043718,2.6762586217269475
2023_15_PHI_SEA,2023,15,2023-12-18T20:15-05:00,3.0,-0.4526267054348257,-1.659047050036285,-0.67458268115139,0.5715396166681357
2023_16_NO_LA,2023,16,2023-12-21T20:15-05:00,8.0,2.937071367947517,1.1414544439209453,2.057694206320618,0.9277824058052304
2023_16_CIN_PIT,2023,16,2023-12-23T16:30-05:00,23.0,-4.275221530481398,-2.685446895092139,-2.7732342789448055,-0.14564866187074754
2023_16_BUF_LAC,2023,16,2023-12-23T20:00-05:00,-2.0,-11.60748436774733,-2.579350245230626,-6.146996736766527,-0.7986175219767397
2023_16_CLE_HOU,2023,16,2023-12-24T13:00-05:00,-14.0,-1.4943052561944885,0.9049766117877209,0.23086402793844396,-0.2288806275718689
2023_16_DET_MIN,2023,16,2023-12-24T13:00-05:00,-6.0,-1.453208243568837,-1.4912374200910337,1.2792751553874173,1.5868453127086586
2023_16_GB_CAR,2023,16,2023-12-24T13:00-05:00,-3.0,-5.570640079049525,-0.04865958166732631,-4.262340142773025,0.9018471374638364
2023_16_IND_ATL,2023,16,2023-12-24T13:00-05:00,19.0,-0.2587510384859968,3.8891043063628508,1.4267720669968784,4.64027320231094
2023_16_SEA_TEN,2023,16,2023-12-24T13:00-05:00,-3.0,-1.9013875191015162,1.582730779575333,-0.3814614040323199,1.0580081943089104
2023_16_WAS_NYJ,2023,16,2023-12-24T13:00-05:00,2.0,0.36372991340828476,4.122542847116703,4.141689252127075,2.073943927776564
2023_16_JAX_TB,2023,16,2023-12-24T16:05-05:00,18.0,2.9702115875787456,1.0841224865181234,2.08998356536652,1.1584793535216054
2023_16_ARI_CHI,2023,16,2023-12-24T16:25-05:00,11.0,4.27187154045812,-4.3217890758562545,5.8673554835641655,0.6025356341306329
2023_16_DAL_MIA,2023,16,2023-12-24T16:25-05:00,2.0,1.7367106991525945,-1.0597772020534104,0.3782021053716482,0.3812127559376943
2023_16_NE_DEN,2023,16,2023-12-24T20:15-05:00,-3.0,6.174010041867935,0.46225509176233004,5.940441948856927,0.05951512800525682
2023_16_LV_KC,2023,16,2023-12-25T13:00-05:00,-6.0,11.060503307557862,9.520994204844877,8.12581947580718,6.111751033414404
2023_16_NYG_PHI,2023,16,2023-12-25T16:30-05:00,8.0,9.992983635147496,3.979195407623487,10.124895711418414,5.304801063650816
2023_16_BAL_SF,2023,16,2023-12-25T20:15-05:00,-14.0,5.7006842032060066,4.1932759559891934,5.866494646819724,6.5529985256440195
2023_17_NYJ_CLE,2023,17,2023-12-28T20:15-05:00,17.0,9.031013787694649,-0.07600262769854049,8.932401026900262,3.250446793699887
2023_17_DET_DAL,2023,17,2023-12-30T20:15-05:00,1.0,4.089250868879012,1.5422642685210715,7.136784602577196,4.051524880738681
2023_17_ARI_PHI,2023,17,2023-12-31T13:00-05:00,-4.0,10.120155456517677,5.25582310462145,10.656382987163035,6.748891060976865
2023_17_ATL_CHI,2023,17,2023-12-31T13:00-05:00,20.0,1.041843131404132,-3.490890778446186,1.9486586163829678,-0.45182389142803503
2023_17_CAR_JAX,2023,17,2023-12-31T13:00-05:00,26.0,6.678561766865506,5.310926605598397,9.198475067082672,3.561584073029808
2023_17_LA_NYG,2023,17,2023-12-31T13:00-05:00,-1.0,-6.814766808816133,2.3347695436674503,-3.366616305099691,3.219063736181957
2023_17_LV_IND,2023,17,2023-12-31T13:00-05:00,3.0,1.6917988747778354,-2.119591690535742,0.062096841908290124,-0.2613536636407372
2023_17_MIA_BAL,2023,17,2023-12-31T13:00-05:00,37.0,2.742851304014449,3.4383916486314647,5.096547595421099,2.531129579181393
2023_17_NE_BUF,2023,17,2023-12-31T13:00-05:00,6.0,14.2643092315158,5.03686923467783,12.065270028566284,5.501694491763139
2023_17_NO_TB,2023,17,2023-12-31T13:00-05:00,-10.0,2.7820899997520243,2.719438218698992,3.8573316819651833,1.395454391186243
2023_17_SF_WAS,2023,17,2023-12-31T13:00-05:00,-17.0,-12.159161199640597,-4.904963862010391,-12.597978219610926,-2.474100890042635
2023_17_TEN_HOU,2023,17,2023-12-31T13:00-05:00,23.0,2.857917698579053,0.4588543310181228,2.8190895247068517,0.653929128828608
2023_17_PIT_SEA,2023,17,2023-12-31T16:05-05:00,-7.0,2.971081236171906,0.368810413763557,4.048164844205054,2.5222185981952787
2023_17_CIN_KC,2023,17,2023-12-31T16:25-05:00,8.0,6.61916872245162,4.363398938068195,4.956872284248977,2.8433302789823993
2023_17_LAC_DEN,2023,17,2023-12-31T16:25-05:00,7.0,4.142377320550489,1.3708661336686925,3.059052854213652,0.3564381582188578
2023_17_GB_MIN,2023,17,2023-12-31T20:20-05:00,-23.0,-0.8511378138883252,1.8228655361237325,3.605401394028415,1.4101506856175865
2023_18_PIT_BAL,2023,18,2024-01-06T16:30-05:00,-7.0,6.035397929019201,3.1999579482440215,13.12678626702726,2.5597481918268303
2023_18_HOU_IND,2023,18,2024-01-06T20:15-05:00,-4.0,-0.12669950544153713,-0.329286617746118,1.4125874120384152,2.3817183224652094
2023_18_ATL_NO,2023,18,2024-01-07T13:00-05:00,31.0,6.2862600491841,3.6111841109947065,6.472354797456641,3.7428843297801935
2023_18_CLE_CIN,2023,18,2024-01-07T13:00-05:00,17.0,2.0901597471592726,7.842975102374702,0.9431520255442427,5.682612112966082
2023_18_JAX_TEN,2023,18,2024-01-07T13:00-05:00,8.0,-1.976982303730711,-0.9389634252404433,-3.294254795746152,0.8442199789504115
2023_18_MIN_DET,2023,18,2024-01-07T13:00-05:00,10.0,8.404870478348709,4.847465602465276,6.772874963113985,3.4131546872913416
2023_18_NYJ_NE,2023,18,2024-01-07T13:00-05:00,-14.0,5.86330578264875,3.871253186959615,5.75344270249195,4.685411490077991
2023_18_TB_CAR,2023,18,2024-01-07T13:00-05:00,-9.0,-5.87908888038285,-1.3755595920241455,-6.395775591465625,2.779936573448587
2023_18_CHI_GB,2023,18,2024-01-07T16:25-05:00,8.0,4.707043979520732,8.524318644721042,4.03205480306177,7.468252048379222
2023_18_DAL_WAS,2023,18,2024-01-07T16:25-05:00,-28.0,-9.848321512866278,-3.362464808514841,-11.36333117316305,-0.5087600292795278
2023_18_DEN_LV,2023,18,2024-01-07T16:25-05:00,13.0,2.587452568168053,-0.0509679041250064,2.350016327234946,3.419711534150717
2023_18_KC_LAC,2023,18,2024-01-07T16:25-05:00,-1.0,-2.872114829758287,-4.187847163516032,-2.455735123290858,0.11209927421602206
2023_18_LA_SF,2023,18,2024-01-07T16:25-05:00,-1.0,7.177154741961884,6.6994592875492405,10.973309436027245,8.18593253577648
2023_18_PHI_NYG,2023,18,2024-01-07T16:25-05:00,17.0,-6.827375729992722,-0.6427709232078973,-3.5294364077859477,-0.3048010636508156
2023_18_SEA_ARI,2023,18,2024-01-07T16:25-05:00,-1.0,-1.0877240981493168,1.4128115965278845,-1.4609041938857033,0.1795693223549999
2023_18_BUF_MIA,2023,18,2024-01-07T20:20-05:00,-7.0,-2.034181564617571,-4.065030542440865,0.49062200629423547,-1.3710771244004714
2024_01_BAL_KC,2024,1,2024-09-05T20:20-04:00,7.0,1.2561986234083502,1.423889317759315,-0.05311881135717167,-0.053118770659538406
2024_01_GB_PHI,2024,1,2024-09-06T20:15-04:00,5.0,-3.182829500014849,-3.0151514597211517,-0.8817995972535747,-0.8817995871032631
2024_01_ARI_BUF,2024,1,2024-09-08T13:00-04:00,6.0,7.874032416174567,8.04414457738634,8.318404788776986,8.318405521701573
2024_01_CAR_NO,2024,1,2024-09-08T13:00-04:00,37.0,10.070171606832941,10.244445066379079,8.156180246217648,8.156180140375692
2024_01_HOU_IND,2024,1,2024-09-08T13:00-04:00,-2.0,1.1549284787645404,1.4828678468713634,1.5503496501163263,1.5503496907247019
2024_01_JAX_MIA,2024,1,2024-09-08T13:00-04:00,3.0,3.9489736090368472,4.119223126132161,4.28797302380335,4.287972920946832
2024_01_MIN_NYG,2024,1,2024-09-08T13:00-04:00,-22.0,3.9523242536508354,3.8310322318121983,1.3205966356076533,1.3205966120341395
2024_01_NE_CIN,2024,1,2024-09-08T13:00-04:00,-6.0,2.051656069685148,2.2226992560532377,5.259010998344297,5.25901091247959
2024_01_PIT_ATL,2024,1,2024-09-08T13:00-04:00,-8.0,2.981111979994812,3.151960325707594,0.08277507026333009,0.08277443409132035
2024_01_TEN_CHI,2024,1,2024-09-08T13:00-04:00,7.0,1.1830084430804444,1.0856648899490464,4.115967338769326,4.115966601523633
2024_01_DEN_SEA,2024,1,2024-09-08T16:05-04:00,6.0,7.986260997724209,8.393079357177262,2.665466248569885,2.6654654485456044
2024_01_LV_LAC,2024,1,2024-09-08T16:05-04:00,12.0,1.4754796334240976,1.6419230514963088,1.6551100527364424,1.6551100080190957
2024_01_DAL_CLE,2024,1,2024-09-08T16:25-04:00,-16.0,-3.3371646066197864,-3.285356097040656,-1.3136432427700329,-1.3136425833929208
2024_01_WAS_TB,2024,1,2024-09-08T16:25-04:00,17.0,8.24051481631789,8.373697198123308,6.887263498311318,6.88726354455456
2024_01_LA_DET,2024,1,2024-09-08T20:20-04:00,6.0,2.7356114782918866,2.9012107086030916,3.6030641901974,3.603064078615513
2024_01_NYJ_SF,2024,1,2024-09-09T20:15-04:00,13.0,6.083723209013401,6.653349827672565,8.666628750712816,8.666628026974855
2024_02_BUF_MIA,2024,2,2024-09-12T20:15-04:00,-21.0,-0.2058635741711352,-0.4881026532065388,1.0107967350480727,0.9335143279015747
2024_02_CLE_JAX,2024,2,2024-09-15T13:00-04:00,-5.0,2.4746262662705294,1.0415308994090493,3.359836863681357,2.1617622797413443
2024_02_IND_GB,2024,2,2024-09-15T13:00-04:00,6.0,3.222771986683851,5.525182961895997,4.515399998454573,4.6902580001380665
2024_02_LAC_CAR,2024,2,2024-09-15T13:00-04:00,-23.0,-6.718512614139593,-4.995271130951555,-3.254681418028608,-0.9788153122254974
2024_02_LV_BAL,2024,2,2024-09-15T13:00-04:00,-3.0,9.057559298010352,6.357877185993494,6.823799126685207,6.576916218459959
2024_02_NO_DAL,2024,2,2024-09-15T13:00-04:00,-25.0,4.164338821061909,5.110709830489891,4.880653387230467,5.279176638578545
2024_02_NYG_WAS,2024,2,2024-09-15T13:00-04:00,3.0,-0.8887187537891341,-2.667034137018344,0.9809955857133108,0.23945080892069814
2024_02_NYJ_TEN,2024,2,2024-09-15T13:00-04:00,-7.0,-2.464761583480391,-0.34281172166514917,2.698788772063055,2.5900885173234847
2024_02_SEA_NE,2024,2,2024-09-15T13:00-04:00,-3.0,1.3201862446651793,1.9960567673545122,1.6174641111739738,1.0231290548293024
2024_02_SF_MIN,2024,2,2024-09-15T13:00-04:00,6.0,-5.837396218823381,-6.721597569725857,-0.9390670231341613,-2.114064021715831
2024_02_TB_DET,2024,2,2024-09-15T13:00-04:00,-4.0,4.553043674717989,4.432164225314721,3.3524758501730534,3.9311607330185048
2024_02_LA_ARI,2024,2,2024-09-15T16:05-04:00,31.0,-1.8689442611923992,-2.170881398809265,-0.2981211470055234,-0.6517717362596658
2024_02_CIN_KC,2024,2,2024-09-15T16:25-04:00,1.0,5.145870729009437,5.89266923870801,4.673358590367927,3.2999489130097377
2024_02_PIT_DEN,2024,2,2024-09-15T16:25-04:00,-7.0,-3.8071910953207317,-4.59614753481101,0.6564217413195408,1.5127200162236039
2024_02_CHI_HOU,2024,2,2024-09-15T20:20-04:00,6.0,4.053483279642235,3.573964550243451,2.372988670861484,2.323015602933178
2024_02_ATL_PHI,2024,2,2024-09-16T20:15-04:00,-1.0,7.007625578966804,1.938283972152047,5.4085487611890235,4.361205642264093
2024_03_NE_NYJ,2024,3,2024-09-19T20:15-04:00,21.0,4.731747977768071,1.4152348219989328,2.2590771491113375,2.3547867312171027
2024_03_CHI_IND,2024,3,2024-09-22T13:00-04:00,5.0,0.9097933902931662,3.293529312977655,1.0514667230298431,1.3733652936578795
2024_03_DEN_TB,2024,3,2024-09-22T13:00-04:00,-19.0,7.0831105922114626,8.867313398686523,5.677469534546198,3.543256205360431
2024_03_GB_TEN,2024,3,2024-09-22T13:00-04:00,-16.0,-3.727731387343252,-2.724397808778194,-0.793512267889497,-0.17958989531957847
2024_03_HOU_MIN,2024,3,2024-09-22T13:00-04:00,27.0,0.011223976962447146,-0.8584592923063197,4.005621911142939,2.52349328347873
2024_03_LAC_PIT,2024,3,2024-09-22T13:00-04:00,10.0,4.849215172336215,1.048001788460292,2.5320872264182506,3.608413094693487
2024_03_NYG_CLE,2024,3,2024-09-22T13:00-04:00,-6.0,4.591784614949246,3.9354169093715985,5.782159668219581,4.605223920533556
2024_03_PHI_NO,2024,3,2024-09-22T13:00-04:00,-3.0,6.736914229013585,2.8276845466257,7.1644779248982235,4.124971657101295
2024_03_CAR_LV,2024,3,2024-09-22T16:05-04:00,-14.0,6.878153242161071,8.64325733186673,9.765521701351876,6.823705304206402
2024_03_MIA_SEA,2024,3,2024-09-22T16:05-04:00,21.0,1.842779007190012,-0.5272862762865715,2.3869629574299456,0.19396447543869977
2024_03_BAL_DAL,2024,3,2024-09-22T16:25-04:00,-3.0,2.205962594086348,2.3074739923896965,3.4019815680616667,2.5347352562878767
2024_03_DET_ARI,2024,3,2024-09-22T16:25-04:00,-7.0,-1.5520794977725598,-3.308789023275197,0.290709980089666,-1.7548358148751788
2024_03_SF_LA,2024,3,2024-09-22T16:25-04:00,3.0,-3.119002982453904,-1.0062415222564747,-2.3229995130082504,-0.8386564018034424
2024_03_KC_ATL,2024,3,2024-09-22T20:20-04:00,-5.0,-5.098219834515248,-1.8131143185927547,-1.5565482416478948,-1.1774999109965183
2024_03_JAX_BUF,2024,3,2024-09-23T19:30-04:00,37.0,10.269935791208542,6.560779392719649,7.710968099960876,5.854458593045257
2024_03_WAS_CIN,2024,3,2024-09-23T20:15-04:00,-5.0,7.976033197858989,8.591613011747476,7.3297180926374885,7.291612755048625
2024_04_DAL_NYG,2024,4,2024-09-26T20:15-04:00,-5.0,-5.058291626676274,-5.457469922275093,-3.307958067076914,-3.418866503926476
2024_04_CIN_CAR,2024,4,2024-09-29T13:00-04:00,-10.0,-5.904146919062335,-5.179061834752115,-2.5347993508439535,-2.547553838997085
2024_04_DEN_NYJ,2024,4,2024-09-29T13:00-04:00,-1.0,5.632554444665132,8.467915307500174,2.1756786076472805,1.0433812345920093
2024_04_JAX_HOU,2024,4,2024-09-29T13:00-04:00,4.0,3.5028735423365305,0.9303781821472075,2.957615808707235,1.8889239042122314
2024_04_LA_CHI,2024,4,2024-09-29T13:00-04:00,6.0,-1.4358510390293544,-3.2043355627429597,2.3067653027206316,1.3780834936757034
2024_04_MIN_GB,2024,4,2024-09-29T13:00-04:00,-2.0,0.6751371303958236,7.739743081577822,1.0073810202493165,3.7171144073840385
2024_04_NO_ATL,2024,4,2024-09-29T13:00-04:00,2.0,-5.121679157331579,0.7140912628775236,-3.6076674094179344,-0.9861772993653872
2024_04_PHI_TB,2024,4,2024-09-29T13:00-04:00,17.0,-0.24087387894503598,1.0709916696488913,2.199057387075729,3.1119961452286216
2024_04_PIT_IND,2024,4,2024-09-29T13:00-04:00,3.0,-3.5853411124529346,0.6014038784103544,-1.1864928628369222,0.6355216633206098
2024_04_NE_SF,2024,4,2024-09-29T16:05-04:00,17.0,10.930187541144413,6.115131036290548,8.834216652918471,8.521414758191959
2024_04_WAS_ARI,2024,4,2024-09-29T16:05-04:00,-28.0,3.5046571097025243,6.033849741636441,4.872966678538323,4.0635884626978855
2024_04_CLE_LV,2024,4,2024-09-29T16:25-04:00,4.0,-0.7320171585890818,1.8633677844498961,2.0210601409508016,2.201991108645085
2024_04_KC_LAC,2024,4,2024-09-29T16:25-04:00,-7.0,-5.9967697267812206,-2.4230867547383896,1.3162438558247738,0.13131256021867443
2024_04_BUF_BAL,2024,4,2024-09-29T20:20-04:00,25.0,-2.223624694178249,2.445621272199782,-0.3490533929686461,3.262686454318443
2024_04_TEN_MIA,2024,4,2024-09-30T19:30-04:00,-19.0,7.132998268195052,6.148554809788221,5.429653744422776,6.338031221191411
2024_04_SEA_DET,2024,4,2024-09-30T20:15-04:00,13.0,5.853688674773103,4.9063982668239845,2.9917117272858484,4.808951489833332
2024_05_TB_ATL,2024,5,2024-10-03T20:15-04:00,6.0,-1.1612508488964246,2.4074006301064035,-0.8564142005931492,0.026798212507285868
2024_05_NYJ_MIN,2024,5,2024-10-06T09:30-04:00,6.0,-0.8828183635642635,-5.637046337349985,3.72874854207766,1.5525640052590246
2024_05_BAL_CIN,2024,5,2024-10-06T13:00-04:00,-3.0,-1.6929615421586948,-2.515326307567746,-2.5012101771082715,-0.8530676836692761
2024_05_BUF_HOU,2024,5,2024-10-06T13:00-04:00,3.0,-4.858443928465663,-3.740331106939423,-3.675173476906684,-1.465534688833026
2024_05_CAR_CHI,2024,5,2024-10-06T13:00-04:00,26.0,5.506187777738997,5.114450568981708,8.315302963331566,6.349384776581715
2024_05_CLE_WAS,2024,5,2024-10-06T13:00-04:00,21.0,3.767493980109761,-4.839147962252781,1.4584979011297021,-1.8657731116128566
2024_05_IND_JAX,2024,5,2024-10-06T13:00-04:00,3.0,2.7495517564980503,2.940046733140842,1.7196520636626949,4.0607264050630665
2024_05_MIA_NE,2024,5,2024-10-06T13:00-04:00,-5.0,-0.3130788355780031,-0.040998554077502414,1.6897822652728136,-1.2829064697319978
2024_05_ARI_SF,2024,5,2024-10-06T16:05-04:00,-1.0,9.813154636688113,8.467032173477222,9.381132696075994,8.990428138063109
2024_05_LV_DEN,2024,5,2024-10-06T16:05-04:00,16.0,3.1766684597212644,-5.432828863128732,4.080758616657156,1.7762431189361865
2024_05_GB_LA,2024,5,2024-10-06T16:25-04:00,-5.0,0.04526570585257583,1.5656026439138107,0.415612374104835,2.5582932125283504
2024_05_NYG_SEA,2024,5,2024-10-06T16:25-04:00,-9.0,3.7490920220454647,3.215591896466827,5.885346122379586,3.748923596660431
2024_05_DAL_PIT,2024,5,2024-10-06T20:20-04:00,-3.0,-1.1925920100511884,-4.212123254289429,0.8301858705878531,-1.3481283720352533
2024_05_NO_KC,2024,5,2024-10-07T20:15-04:00,13.0,3.0433443845829,4.227125155859509,2.0096919408759795,2.6913226116311306
2024_06_SF_SEA,2024,6,2024-10-10T20:15-04:00,-12.0,-4.866051463901465,-3.0114290804773653,-1.15838553386439,-2.044543813021261
2024_06_JAX_CHI,2024,6,2024-10-13T09:30-04:00,19.0,-0.9634301856161773,-4.685778795118617,2.829933041869957,-0.43409169872094644
2024_06_ARI_GB,2024,6,2024-10-13T13:00-04:00,21.0,5.261977206578237,5.895188007306936,6.1791303584392425,5.593478523731315
2024_06_CLE_PHI,2024,6,2024-10-13T13:00-04:00,4.0,7.270207844803895,2.9072421344571415,4.494437949808212,1.909494287713081
2024_06_HOU_NE,2024,6,2024-10-13T13:00-04:00,-20.0,-4.527969014250451,3.1478463899074516,-0.5225969816286464,1.1161425470026027
2024_06_IND_TEN,2024,6,2024-10-13T13:00-04:00,-3.0,-1.9494082091517944,1.2910161079723577,1.289990285628369,2.010668104818488
2024_06_TB_NO,2024,6,2024-10-13T13:00-04:00,-24.0,-0.7226487311441794,3.2030784123743237,4.10006105802228,3.512975511872673
2024_06_WAS_BAL,2024,6,2024-10-13T13:00-04:00,7.0,7.393208360573356,12.870242403452384,8.113157183838448,10.644680438717902
2024_06_LAC_DEN,2024,6,2024-10-13T16:05-04:00,-7.0,-0.186835568476174,-5.755133398723384,3.355976453069608,2.621133110917091
2024_06_PIT_LV,2024,6,2024-10-13T16:05-04:00,-19.0,-4.4735160359616355,2.599984412454882,-1.187409897724487,2.2364768972874174
2024_06_ATL_CAR,2024,6,2024-10-13T16:25-04:00,-18.0,-5.283162521093194,-5.858777606088906,-3.588124333267868,0.3299971589896953
2024_06_DET_DAL,2024,6,2024-10-13T16:25-04:00,-38.0,1.7030057248043518,3.7548569980536346,3.470727206736909,4.860991417432714
2024_06_CIN_NYG,2024,6,2024-10-13T20:20-04:00,-10.0,-3.5530035455601077,-0.6346696223176502,1.1618434938098916,-0.031063563969323305
2024_06_BUF_NYJ,2024,6,2024-10-14T20:15-04:00,-3.0,-4.8328523735277935,-2.7038560633073607,-2.4206311942458374,-2.994605410613321
2024_07_DEN_NO,2024,7,2024-10-17T20:15-04:00,-23.0,2.2166479675362933,10.560622765915404,3.0179494581492734,4.5562317172331035
2024_07_NE_JAX,2024,7,2024-10-20T09:30-04:00,16.0,3.8328227331700173,-2.4670438113068496,2.252061833202892,1.9949335487851658
2024_07_CIN_CLE,2024,7,2024-10-20T13:00-04:00,-7.0,-5.6687104192257785,1.537444202916787,-0.7269071650567898,2.074160356564232
2024_07_DET_MIN,2024,7,2024-10-20T13:00-04:00,-2.0,-2.610941711585599,-4.709659529310576,1.6120962373419903,0.12152830147209803
2024_07_HOU_GB,2024,7,2024-10-20T13:00-04:00,2.0,5.8209743585268665,5.1179807051343404,4.765563454555667,3.7406076908627686
2024_07_MIA_IND,2024,7,2024-10-20T13:00-04:00,6.0,3.69425033449833,-2.2130451750970264,3.6003715714755216,-0.848699326009899
2024_07_PHI_NYG,2024,7,2024-10-20T13:00-04:00,-25.0,-0.34343655750279023,-1.1090652231817524,0.7942018774582174,0.9852817917533638
2024_07_SEA_ATL,2024,7,2024-10-20T13:00-04:00,-20.0,4.949573234376449,2.6914841423718765,3.2242259061497966,0.9045889693221121
2024_07_TEN_BUF,2024,7,2024-10-20T13:00-04:00,24.0,13.792080761688934,8.336577037383991,9.679398708653146,7.904516893289836
2024_07_CAR_WAS,2024,7,2024-10-20T16:05-04:00,33.0,10.517971798670636,1.9407415851640515,10.57077141974699,2.7559410839484597
2024_07_LV_LA,2024,7,2024-10-20T16:05-04:00,5.0,8.350242079820884,3.6458195363677657,4.804436649915273,3.1475959786996093
2024_07_KC_SF,2024,7,2024-10-20T16:25-04:00,-10.0,3.033578685696572,1.7165192390474102,3.0550411943688065,4.962454932702631
2024_07_NYJ_PIT,2024,7,2024-10-20T20:20-04:00,22.0,4.527764061638459,1.671675518714037,6.06312213826283,4.943898749184386
2024_07_BAL_TB,2024,7,2024-10-21T20:15-04:00,-10.0,-2.241888966108436,-2.733242121191913,-0.019987947232714465,-1.2574168941633417
2024_07_LAC_ARI,2024,7,2024-10-21T21:00-04:00,2.0,1.645079852364812,-0.610669482173313,-1.7148403123699953,0.8407142344208478
2024_08_MIN_LA,2024,8,2024-10-24T20:15-04:00,10.0,0.7262364060807438,7.542042641354472,-1.8190540770282801,3.775407619912389
2024_08_ARI_MIA,2024,8,2024-10-27T13:00-04:00,-1.0,-3.2571051508265683,5.856122349790571,3.008395061062215,6.751919849603148
2024_08_ATL_TB,2024,8,2024-10-27T13:00-04:00,-5.0,4.97572050971333,1.0558220284199895,5.9985604915417206,4.973201787492714
2024_08_BAL_CLE,2024,8,2024-10-27T13:00-04:00,5.0,-8.15385497212067,-2.6778016790401904,-6.101293631353482,-1.2789073271050442
2024_08_GB_JAX,2024,8,2024-10-27T13:00-04:00,-3.0,-3.016428226479251,-0.6950661251221355,-2.2191964341356663,1.870468404925
2024_08_IND_HOU,2024,8,2024-10-27T13:00-04:00,3.0,4.301619385053298,2.0437383214029583,4.096790688965207,3.449650309275298
2024_08_NYJ_NE,2024,8,2024-10-27T13:00-04:00,3.0,-3.9657611321274007,2.1113713462753894,-2.029045331579276,2.6452132687828973
2024_08_PHI_CIN,2024,8,2024-10-27T13:00-04:00,-20.0,3.8679674996936795,1.288907483273058,2.77711687034055,3.516345355722687
2024_08_TEN_DET,2024,8,2024-10-27T13:00-04:00,38.0,14.011441181635247,7.191211161295099,11.017607192051429,6.340947186463442
2024_08_BUF_SEA,2024,8,2024-10-27T16:05-04:00,-21.0,-6.55546250796413,-2.588541484386484,-2.5032659404360036,-1.3725211966597257
2024_08_NO_LAC,2024,8,2024-10-27T16:05-04:00,18.0,5.90697979936207,-0.21279872200775785,3.9008575333138102,0.3226351718498055
2024_08_CAR_DEN,2024,8,2024-10-27T16:25-04:00,14.0,12.463130294838857,1.6372759138446238,14.579078678649962,6.099948423142588
2024_08_CHI_WAS,2024,8,2024-10-27T16:25-04:00,3.0,-1.6585076800022893,-1.8540904679159995,1.3091182040504954,-1.093443692633255
2024_08_KC_LV,2024,8,2024-10-27T16:25-04:00,-7.0,-8.763258542952403,-2.3017067220975376,-5.597873796576895,0.976202552199579
2024_08_DAL_SF,2024,8,2024-10-27T20:20-04:00,6.0,3.7625337731800594,0.5794005254253107,3.412295395138552,2.3746009057552158
2024_08_NYG_PIT,2024,8,2024-10-28T20:15-04:00,8.0,9.710948343118503,3.1988002813666125,10.356633687467365,4.570738131891223
2024_09_HOU_NYJ,2024,9,2024-10-31T20:15-04:00,8.0,-2.0468386644802727,2.799778127769223,-0.4485938226025876,0.9709292782197052
2024_09_DAL_ATL,2024,9,2024-11-03T13:00-05:00,6.0,-0.29303806560459084,-2.6333154834752084,-0.6500084306884855,-3.7653539379439334
2024_09_DEN_BAL,2024,9,2024-11-03T13:00-05:00,31.0,8.211006355926823,13.363858604015597,5.39721112986449,7.300673099523773
2024_09_LAC_CLE,2024,9,2024-11-03T13:00-05:00,-17.0,-1.5585278698360565,1.7846184164652774,-1.5585620341492632,3.6428988833358193
2024_09_LV_CIN,2024,9,2024-11-03T13:00-05:00,17.0,9.035970564882572,1.8890972650447986,5.800672274624157,3.223848534790683
2024_09_MIA_BUF,2024,9,2024-11-03T13:00-05:00,3.0,12.088925808515452,4.01470882148086,11.868163935950097,4.066485672098425
2024_09_NE_TEN,2024,9,2024-11-03T13:00-05:00,3.0,0.9202720094930111,-0.7542634935513064,3.10122548094592,2.444875248540587
2024_09_NO_CAR,2024,9,2024-11-03T13:00-05:00,1.0,-5.987014371284433,-6.717838898104757,-5.996161550899025,-3.1561801403756924
2024_09_WAS_NYG,2024,9,2024-11-03T13:00-05:00,-5.0,-1.885464092910372,6.130256795544735,-2.171721631853477,4.760549191079302
2024_09_CHI_ARI,2024,9,2024-11-03T16:05-05:00,20.0,1.9552077804512855,2.7967572480708567,-1.993936046822066,0.4701447700646306
2024_09_JAX_PHI,2024,9,2024-11-03T16:05-05:00,5.0,6.860377914902554,3.1853297509497476,7.0761712933944665,2.2477320079717367
2024_09_DET_GB,2024,9,2024-11-03T16:25-05:00,-10.0,-4.564095600669143,0.8230958998945788,-0.9040018130678455,1.3386427088561368
2024_09_LA_SEA,2024,9,2024-11-03T16:25-05:00,-6.0,-2.043816052993453,-0.43203500332751643,1.7817039349109076,1.2941125887821814
2024_09_IND_MIN,2024,9,2024-11-03T20:20-05:00,8.0,4.495446608470211,-0.3878735257967343,5.511675150136375,3.473143592754028
2024_09_TB_KC,2024,9,2024-11-04T20:15-05:00,6.0,6.855037197374046,5.92043452308839,6.415979703424431,3.7042981235038037
2024_10_CIN_BAL,2024,10,2024-11-07T20:15-05:00,1.0,6.090132037345301,6.041932475842067,8.26087593930051,5.853067683669276
2024_10_NYG_CAR,2024,10,2024-11-10T09:30-05:00,3.0,-6.215441505537701,-6.586584639456836,-5.745602027762564,-2.5164902750277616
2024_10_ATL_NO,2024,10,2024-11-10T13:00-05:00,3.0,0.28887710407111344,2.8125149053967986,0.9413319830353901,5.986177299365387
2024_10_BUF_IND,2024,10,2024-11-10T13:00-05:00,-10.0,-8.525966030124678,-4.020766344205221,-4.546471237487363,-2.415184998108324
2024_10_DEN_KC,2024,10,2024-11-10T13:00-05:00,2.0,9.939358834976591,12.961061327889825,6.772707585870164,4.747554328864235
2024_10_MIN_JAX,2024,10,2024-11-10T13:00-05:00,-5.0,-3.5460991892684017,5.281373872318525,-1.9550830447819196,3.087582812309039
2024_10_NE_CHI,2024,10,2024-11-10T13:00-05:00,-16.0,8.32274228497749,-1.4319016877394208,9.027013835666537,4.06084185006422
2024_10_PIT_WAS,2024,10,2024-11-10T13:00-05:00,-1.0,-3.13636831125801,-4.482832392735371,-0.11929612488279329,-1.8312873229705247
2024_10_SF_TB,2024,10,2024-11-10T13:00-05:00,-3.0,-2.090043078806637,-2.980879607203609,-0.07048462098896024,-1.166753056206434
2024_10_TEN_LAC,2024,10,2024-11-10T16:05-05:00,10.0,9.57179825136221,4.493091620193216,11.019564298415537,3.7453971371674153
2024_10_NYJ_ARI,2024,10,2024-11-10T16:25-05:00,25.0,3.369161674199484,-0.24052979091128557,3.132336631377835,2.1761998889117478
2024_10_PHI_DAL,2024,10,2024-11-10T16:25-05:00,-28.0,-3.061058057430686,6.111707783230501,1.8268518469632957,6.90414829567984
2024_10_DET_HOU,2024,10,2024-11-10T20:20-05:00,-3.0,-3.3753155243574424,-2.3414311918588133,-4.211394719267483,0.098035017993368
2024_10_MIA_LA,2024,10,2024-11-11T20:15-05:00,-8.0,3.1620295084293013,1.668051811178107,4.727199451590647,1.3998518866565184
2024_11_WAS_PHI,2024,11,2024-11-14T20:15-05:00,8.0,6.257775027164049,9.06600861261158,5.055548030146469,6.275267399325938
2024_11_BAL_PIT,2024,11,2024-11-17T13:00-05:00,2.0,-2.763299271042791,-3.6679523460368926,0.7067641354026097,-1.3133931157473766
2024_11_CLE_NO,2024,11,2024-11-17T13:00-05:00,21.0,4.223309962850299,3.0208709507267417,3.8306289632262494,3.5344659448143756
2024_11_GB_CHI,2024,11,2024-11-17T13:00-05:00,-1.0,-3.725593576132995,-3.845720571201815,-0.4980252491721129,1.4363767062040536
2024_11_IND_NYJ,2024,11,2024-11-17T13:00-05:00,-1.0,3.109745536646639,3.0802133650350214,0.712961820641252,1.9205795874950033
2024_11_JAX_DET,2024,11,2024-11-17T13:00-05:00,46.0,13.142940949677138,5.161879477639038,11.404319966794782,4.2908888862188626
2024_11_LA_NE,2024,11,2024-11-17T13:00-05:00,-6.0,-5.130116497674477,0.05425271888155092,-1.3779853786649587,-0.18275835638851623
2024_11_LV_MIA,2024,11,2024-11-17T13:00-05:00,15.0,8.101384264348054,2.85370167285581,5.976277555261993,4.247744092043091
2024_11_MIN_TEN,2024,11,2024-11-17T13:00-05:00,-10.0,-6.477246175806149,3.2520421886624655,-5.5475776620859065,1.03752451206446
2024_11_ATL_DEN,2024,11,2024-11-17T16:05-05:00,32.0,1.0801887205017908,-5.984804776381444,3.9744525955188683,3.9299455821322837
2024_11_SEA_SF,2024,11,2024-11-17T16:05-05:00,-3.0,10.668517028535339,6.094350680516182,7.690173962583126,7.044543813021261
2024_11_KC_BUF,2024,11,2024-11-17T16:25-05:00,9.0,3.9886497218440446,1.4837821722003153,4.70970083934227,4.290432316341096
2024_11_CIN_LAC,2024,11,2024-11-17T20:20-05:00,7.0,0.44927962896066365,1.3259783413448833,4.4204132164094165,0.9312614732284126
2024_11_HOU_DAL,2024,11,2024-11-18T20:15-05:00,-24.0,-3.23575687261175,8.430042861780972,2.4453317625725255,7.262956399439346
2024_12_PIT_CLE,2024,12,2024-11-21T20:15-05:00,5.0,-5.4082738111306226,2.4999197121421464,-6.141101391647171,2.5344857886423324
2024_12_DAL_WAS,2024,12,2024-11-24T13:00-05:00,-8.0,6.7863017309575575,-9.63427310443888,4.89676622515122,-5.679415695005778
2024_12_DET_IND,2024,12,2024-11-24T13:00-05:00,-18.0,-9.723077611354594,-2.8120169583683987,-6.886334548627779,-0.8516152912819299
2024_12_KC_CAR,2024,12,2024-11-24T13:00-05:00,-3.0,-10.504750778852465,-8.737976401591602,-10.404566688333421,-3.3475027520068226
2024_12_MIN_CHI,2024,12,2024-11-24T13:00-05:00,-3.0,-1.8102912281046535,2.5744039944743506,-1.5546525892602174,2.6534911135880925
2024_12_NE_MIA,2024,12,2024-11-24T13:00-05:00,19.0,9.512520878241435,3.630988232099754,7.083296124768387,6.282906469731998
2024_12_TB_NYG,2024,12,2024-11-24T13:00-05:00,-23.0,-4.983088791161219,-0.416753808693483,-2.5772340693882407,0.3732856465247423
2024_12_TEN_HOU,2024,12,2024-11-24T13:00-05:00,-5.0,11.717124461260799,2.8329428463074087,9.844323204782254,3.93898220445681
2024_12_DEN_LV,2024,12,2024-11-24T16:05-05:00,-10.0,-5.687457603450426,8.959435031403054,-4.878968495162166,3.2237568810638138
2024_12_ARI_SEA,2024,12,2024-11-24T16:25-05:00,10.0,-3.4763269184999004,3.248615440627192,1.2156589405577933,4.445884325041847
2024_12_SF_GB,2024,12,2024-11-24T16:25-05:00,28.0,4.024625642387012,-0.8085410820331256,1.72730259355282,-0.8969496143317928
2024_12_PHI_LA,2024,12,2024-11-24T20:20-05:00,-17.0,-0.7530978174719137,2.4117946571167326,-1.7875778487070537,3.4400927996316133
2024_12_BAL_LAC,2024,12,2024-11-25T20:15-05:00,-7.0,-4.323284509085521,-2.7625005211162357,0.03913036661808089,-2.421806210440863
2024_13_CHI_DET,2024,13,2024-11-28T12:30-05:00,3.0,10.611170013294233,7.8688493554832135,12.655146257305212,4.724980584939809
2024_13_NYG_DAL,2024,13,2024-11-28T16:30-05:00,7.0,5.033479164838288,8.984076090549415,8.035488092519964,8.418866503926477
2024_13_MIA_GB,2024,13,2024-11-28T20:20-05:00,13.0,3.123638242112863,1.865752251401457,5.43228937234011,1.341558674128168
2024_13_LV_KC,2024,13,2024-11-29T15:00-05:00,2.0,13.277628161059365,5.828312890371859,11.442732367340307,4.023797447800421
2024_13_ARI_MIN,2024,13,2024-12-01T13:00-05:00,1.0,1.7149543819743798,-0.08125199013372386,5.778167165033841,4.376364116347277
2024_13_HOU_JAX,2024,13,2024-12-01T13:00-05:00,-3.0,-5.509760956778134,3.1032960641105487,-1.761310215058753,3.1110760957877686
2024_13_IND_NE,2024,13,2024-12-01T13:00-05:00,-1.0,0.21542324200415353,3.4282816271732495,-1.2231304517630597,2.065792856277901
2024_13_LAC_ATL,2024,13,2024-12-01T13:00-05:00,-4.0,-0.1661886785720028,2.8803435982662298,-2.383347860272478,1.1911875287848073
2024_13_PIT_CIN,2024,13,2024-12-01T13:00-05:00,-6.0,1.8833009898267623,2.9793126323542367,0.16661222195139702,2.9603254320781005
2024_13_SEA_NYJ,2024,13,2024-12-01T13:00-05:00,-5.0,1.9580376841112497,2.091673073451789,-0.635293287941888,0.8779157860464049
2024_13_TEN_WAS,2024,13,2024-12-01T13:00-05:00,23.0,6.827666834644267,-2.08804409386861,7.10583948526099,0.5225229088903776
2024_13_LA_NO,2024,13,2024-12-01T16:05-05:00,-7.0,1.824973218750197,2.3693435028899166,3.26545520525886,3.184878857469681
2024_13_TB_CAR,2024,13,2024-12-01T16:05-05:00,-3.0,-8.69967318189137,-5.024529530875878,-7.955653291361415,-2.1432046285030193
2024_13_PHI_BAL,2024,13,2024-12-01T16:25-05:00,-5.0,4.106121613786789,5.504153365230035,3.5582660691668613,6.869413039391963
2024_13_SF_BUF,2024,13,2024-12-01T20:20-05:00,25.0,13.252864176464534,1.7841000562817837,8.03866772814105,1.8279773836384647
2024_13_CLE_DEN,2024,13,2024-12-02T20:15-05:00,9.0,7.312077503996894,-5.522914692059784,8.891146959412367,1.4782342275812717
2024_14_GB_DET,2024,14,2024-12-05T20:15-05:00,3.0,4.625310190434182,2.703510268379743,6.681709473331051,3.6613572911438634
2024_14_ATL_MIN,2024,14,2024-12-08T13:00-05:00,21.0,5.1231621703501435,-3.128580502337763,7.6039807416833085,4.025890821983317
2024_14_CAR_PHI,2024,14,2024-12-08T13:00-05:00,6.0,13.728104921439115,9.243447113638469,16.251759518064894,6.531208483274398
2024_14_CLE_PIT,2024,14,2024-12-08T13:00-05:00,13.0,8.86851798824437,1.0900699658801045,9.940596077590522,2.4655142113576676
2024_14_JAX_TEN,2024,14,2024-12-08T13:00-05:00,-4.0,-0.47179926495558155,-0.2660285995188989,0.544475186259004,0.4499416997554211
2024_14_LV_TB,2024,14,2024-12-08T13:00-05:00,15.0,10.698079806090652,1.5444144319247732,9.024625049215683,2.819499324296617
2024_14_NO_NYG,2024,14,2024-12-08T13:00-05:00,-3.0,-4.857445233733133,-1.9199126466785748,-1.9515876242807657,-0.6396898653479308
2024_14_NYJ_MIA,2024,14,2024-12-08T13:00-05:00,6.0,6.643650037561214,4.1692070234817695,6.117903504221956,6.428119738514895
2024_14_SEA_ARI,2024,14,2024-12-08T16:05-05:00,-12.0,5.226011977714523,-0.1656938405883741,2.4976994344990553,0.5541156749581526
2024_14_BUF_LA,2024,14,2024-12-08T16:25-05:00,2.0,-7.795172582660484,-0.5833539261655929,-6.292538291815861,-0.1666337854419071
2024_14_CHI_SF,2024,14,2024-12-08T16:25-05:00,25.0,4.939399141352218,9.310335808167132,2.9581840343616475,6.960572908127739
2024_14_LAC_KC,2024,14,2024-12-08T20:20-05:00,2.0,4.394695886875187,6.076459942508569,2.4413374065316065,4.868687439781326
2024_14_CIN_DAL,2024,14,2024-12-09T20:15-05:00,-7.0,-2.746237672198352,6.776253913338392,1.5550676401304266,5.887802939957153
2024_15_LA_SF,2024,15,2024-12-12T20:15-05:00,-6.0,4.824488981606478,4.532847690530797,4.087730351009779,5.838656401803442
2024_15_BAL_NYG,2024,15,2024-12-15T13:00-05:00,-21.0,-12.759213678019268,-5.356983582258062,-9.020509772975604,-3.3841312476385994
2024_15_CIN_TEN,2024,15,2024-12-15T13:00-05:00,-10.0,-7.1183391098859286,-1.1502761557194539,-4.685386697397662,-0.3141356639390027
2024_15_DAL_CAR,2024,15,2024-12-15T13:00-05:00,-16.0,-1.1077739331471186,-10.001862134709558,-3.5540596738373846,-5.935356778954237
2024_15_KC_CLE,2024,15,2024-12-15T13:00-05:00,-14.0,-5.276557305165038,-2.401771422410274,-4.183070145049221,1.2742114435544938
2024_15_MIA_HOU,2024,15,2024-12-15T13:00-05:00,8.0,1.5632457351442648,-1.0452408013602177,3.0985012452163287,0.10095098326539942
2024_15_NYJ_JAX,2024,15,2024-12-15T13:00-05:00,-7.0,-1.0134653745614441,1.6231364522429814,2.592441179974476,4.640146817568064
2024_15_WAS_NO,2024,15,2024-12-15T13:00-05:00,-1.0,-3.889396090436655,9.623321997116683,-0.08192126310522152,7.900239056427233
2024_15_BUF_DET,2024,15,2024-12-15T16:25-05:00,-6.0,0.18792446958053222,0.7447042275441268,3.0116348768142522,0.9364302931736059
2024_15_IND_DEN,2024,15,2024-12-15T16:25-05:00,18.0,7.240718280840341,-3.497631838832133,7.2120271616263105,3.377198352902994
2024_15_NE_ARI,2024,15,2024-12-15T16:25-05:00,13.0,7.612887186602178,-0.842132092041231,7.368956392536683,2.03098662012885
2024_15_PIT_PHI,2024,15,2024-12-15T16:25-05:00,14.0,4.366083769185924,3.200174194226623,3.585538578116396,1.9439800763554134
2024_15_TB_LAC,2024,15,2024-12-15T16:25-05:00,-23.0,0.7996264288612531,1.7340446842128396,3.1453072406730187,1.3356106837224784
2024_15_GB_SEA,2024,15,2024-12-15T20:20-05:00,-17.0,-3.3917945844472275,-0.6297354435508669,-0.5841509288728446,1.3524058013105318
2024_15_CHI_MIN,2024,15,2024-12-16T20:00-05:00,18.0,7.129472390763355,0.9522021737999711,8.193657638569508,2.3465088864119075
2024_15_ATL_LV,2024,15,2024-12-16T20:30-05:00,-6.0,-1.6378850043309727,1.2113271708844482,0.5974088985888795,4.6537024631960975
2024_16_DEN_LAC,2024,16,2024-12-19T20:15-05:00,7.0,-0.8024355437339274,8.838054998762201,0.3619051769381074,2.378866889082909
2024_16_HOU_KC,2024,16,2024-12-21T13:00-05:00,8.0,5.3686179789377775,7.54645818715059,4.940338206009354,4.6751023724919305
2024_16_PIT_BAL,2024,16,2024-12-21T16:30-05:00,17.0,7.543969240223358,7.0044079850674255,5.808493074431196,6.313393115747377
2024_16_ARI_CAR,2024,16,2024-12-22T13:00-05:00,6.0,-7.265449744225151,-2.621298564641081,-5.18892269790176,0.6804704533536547
2024_16_CLE_CIN,2024,16,2024-12-22T13:00-05:00,18.0,10.948636720478891,1.9891619653575345,8.688167570256185,2.925839643435768
2024_16_DET_CHI,2024,16,2024-12-22T13:00-05:00,-17.0,-7.872559132500759,-4.405626696956821,-7.49034916955582,0.27501941506019056
2024_16_LA_NYJ,2024,16,2024-12-22T13:00-05:00,-10.0,-1.5155548162941201,-0.5473495822483941,-1.0589422336955385,-0.32797162517141354
2024_16_NYG_ATL,2024,16,2024-12-22T13:00-05:00,27.0,3.5691914089476655,4.524074013189116,6.529609759083689,2.153512565982543
2024_16_PHI_WAS,2024,16,2024-12-22T13:00-05:00,3.0,-1.6783445687302625,-5.539402444337258,-1.9985596079591943,-1.275267399325938
2024_16_TEN_IND,2024,16,2024-12-22T13:00-05:00,8.0,4.335325814493126,2.6158911187895395,6.146485946830021,2.989331895181512
2024_16_MIN_SEA,2024,16,2024-12-22T16:05-05:00,-3.0,-2.511984477813564,5.600238592881512,-1.9431798690059665,2.5695202086945703
2024_16_JAX_LV,2024,16,2024-12-22T16:25-05:00,5.0,0.6461872631000524,2.5217564594300783,0.9612110103730407,2.5402288289037407
2024_16_NE_BUF,2024,16,2024-12-22T16:25-05:00,3.0,17.66487794185668,5.882393969443452,16.84608186392329,7.849392141830423
2024_16_SF_MIA,2024,16,2024-12-22T16:25-05:00,12.0,-0.595591852118029,-1.1011407785412084,1.3796594514279503,0.2614917115400397
2024_16_TB_DAL,2024,16,2024-12-22T20:20-05:00,2.0,-2.9048651357570034,6.804019197718771,-1.404071256811577,6.292152150451218
2024_16_NO_GB,2024,16,2024-12-23T20:15-05:00,34.0,11.59597364089755,1.7986476738432597,9.548556477365201,1.7568279300019687
2024_17_KC_PIT,2024,17,2024-12-25T13:00-05:00,-19.0,-2.070006057577057,-3.1383880504152604,1.1302445211731835,1.2397256549121616
2024_17_BAL_HOU,2024,17,2024-12-25T16:30-05:00,-29.0,-5.817536914370838,-4.359265785254113,-4.01675110954765,-2.228221143151469
2024_17_SEA_CHI,2024,17,2024-12-26T20:15-05:00,-3.0,-1.0636501350932663,-1.199148004522069,-0.8553914262368756,2.5839709048935218
2024_17_LAC_NE,2024,17,2024-12-28T13:00-05:00,-33.0,-4.079433476196257,1.3609305965257854,-4.454420427936189,1.3097276142919976
2024_17_DEN_CIN,2024,17,2024-12-28T16:30-05:00,6.0,2.4130726736962558,8.895078683066904,1.7021142025360563,3.947605415854497
2024_17_ARI_LA,2024,17,2024-12-28T20:15-05:00,4.0,4.915845480860143,5.697487567083588,5.174267077603758,5.651771736259666
2024_17_CAR_TB,2024,17,2024-12-29T13:00-05:00,34.0,13.42160765410286,8.5511356991502,13.230547432969855,7.143204628503019
2024_17_DAL_PHI,2024,17,2024-12-29T13:00-05:00,34.0,-1.0658605590564503,-2.5851016149561796,7.8773776838390415,-1.90414829567984
2024_17_IND_NYG,2024,17,2024-12-29T13:00-05:00,12.0,-2.926137910277318,1.489705092634516,-3.1453368124520296,2.2937402047881674
2024_17_LV_NO,2024,17,2024-12-29T13:00-05:00,-15.0,1.259346073697578,3.3011073089015825,4.998138845292113,3.8324748361692906
2024_17_NYJ_BUF,2024,17,2024-12-29T13:00-05:00,26.0,12.422190659474012,6.230462231581683,13.159015813852944,7.994605410613321
2024_17_TEN_JAX,2024,17,2024-12-29T13:00-05:00,7.0,3.1196842264740168,3.79263476779322,4.652463380642662,4.550058300244579
2024_17_MIA_CLE,2024,17,2024-12-29T16:05-05:00,-17.0,-2.6865684126285756,0.12915522687027092,-3.3764583322222945,1.0502647993118237
2024_17_GB_MIN,2024,17,2024-12-29T16:25-05:00,2.0,-1.5717083440643087,-4.14975340355557,-0.024086910711399234,1.2828855926159615
2024_17_ATL_WAS,2024,17,2024-12-29T20:20-05:00,6.0,5.309138216096592,-5.491188575818229,5.50337062755106,0.585938242938155
2024_17_DET_SF,2024,17,2024-12-30T20:15-05:00,-6.0,-4.305611992697026,3.394940066064865,-5.563018587838837,4.735592323187929
2024_18_CLE_BAL,2024,18,2025-01-04T16:30-05:00,25.0,20.846968953237337,6.521325396054158,17.72270094959495,6.278907327105044
2024_18_CIN_PIT,2024,18,2025-01-04T20:00-05:00,-2.0,-1.7816051076284705,0.9909781041555896,0.8064323417175534,2.0396745679218995
2024_18_BUF_NE,2024,18,2025-01-05T13:00-05:00,7.0,-15.980218525473179,-2.292404291421202,-12.232243398295825,-2.849392141830423
2024_18_CAR_ATL,2024,18,2025-01-05T13:00-05:00,-6.0,9.129383308569189,9.19523324511944,9.925071051269008,4.670002841010305
2024_18_CHI_GB,2024,18,2025-01-05T13:00-05:00,-2.0,11.667346103369606,6.738491641996843,12.990220350332226,3.5636232937959464
2024_18_HOU_TEN,2024,18,2025-01-05T13:00-05:00,-9.0,-2.1841957377770425,0.376745773227267,-3.595286705704563,1.0610177955431899
2024_18_JAX_IND,2024,18,2025-01-05T13:00-05:00,3.0,2.6612013147061617,0.5865594351334797,2.9600841667771522,0.9392735949369331
2024_18_NO_TB,2024,18,2025-01-05T13:00-05:00,8.0,14.156161617380004,0.06999371690828093,11.859244008849402,1.487024488127327
2024_18_NYG_PHI,2024,18,2025-01-05T13:00-05:00,7.0,10.239261103789303,4.635671391456073,16.645855792466165,4.014718208246636
2024_18_WAS_DAL,2024,18,2025-01-05T13:00-05:00,-4.0,-3.2109213510111227,13.414413311704918,-0.6658492200073964,10.679415695005778
2024_18_KC_DEN,2024,18,2025-01-05T16:25-05:00,38.0,2.9745374181924094,-9.687989198607218,-0.022984892700018023,0.25244567113576544
2024_18_LAC_LV,2024,18,2025-01-05T16:25-05:00,-14.0,-4.828181205007416,1.8212996070300829,-4.756131724011227,3.3448899919809043
2024_18_MIA_NYJ,2024,18,2025-01-05T16:25-05:00,12.0,7.786744254339531,-0.4524503259636604,-3.4651167961418974,-1.4281197385148952
2024_18_SEA_LA,2024,18,2025-01-05T16:25-05:00,-5.0,3.115146770947872,3.641723622862192,3.642005181451645,3.7058874112178186
2024_18_SF_ARI,2024,18,2025-01-05T16:25-05:00,23.0,6.055978572624193,-4.8136589857070415,1.3391106343860368,-3.990428138063108
2024_18_MIN_DET,2024,18,2025-01-05T20:20-05:00,22.0,5.718758975779271,8.616566756072475,5.840669566839233,4.8784716985279015
2025_01_DAL_PHI,2025,1,2025-09-04T20:20-04:00,4.0,7.088510413875062,7.205460784116898,6.451999903951762,6.451999920220467
2025_01_KC_LAC,2025,1,2025-09-05T20:00-04:00,6.0,0.08770477206279459,0.02782488505187075,0.17513303160316362,0.1751330351498266
2025_01_ARI_NO,2025,1,2025-09-07T13:00-04:00,-7.0,-4.410861426288902,-3.5649713317518357,0.28104620037369,0.2810461983846593
2025_01_CAR_JAX,2025,1,2025-09-07T13:00-04:00,16.0,6.8926503021796535,6.835561919865409,4.142343431761537,4.142343620368217
2025_01_CIN_CLE,2025,1,2025-09-07T13:00-04:00,-1.0,-8.007600610413732,-8.076203070441755,-2.342664674510038,-2.3426646886430422
2025_01_LV_NE,2025,1,2025-09-07T13:00-04:00,-7.0,-0.05238891887193864,-0.1207359552730276,2.2187098358231916,2.2187098428117937
2025_01_MIA_IND,2025,1,2025-09-07T13:00-04:00,25.0,-2.1115968553483175,-2.0270506639544092,0.40911451973977897,0.4091145401585008
2025_01_NYG_WAS,2025,1,2025-09-07T13:00-04:00,15.0,5.759755117354786,5.795208057178545,6.730474726349501,6.730474720482102
2025_01_PIT_NYJ,2025,1,2025-09-07T13:00-04:00,-2.0,1.2160358993549494,1.151531721290214,0.5448785676290391,0.5448785730387726
2025_01_TB_ATL,2025,1,2025-09-07T13:00-04:00,-3.0,-4.139545251180795,-4.211674902408159,-1.1052067049411587,-1.105206694677089
2025_01_SF_SEA,2025,1,2025-09-07T16:05-04:00,-4.0,2.255487511315205,2.1932324216274557,3.67169142875323,3.6716914416901254
2025_01_TEN_DEN,2025,1,2025-09-07T16:05-04:00,8.0,13.528001260853607,13.494476489656913,8.188471392592326,8.188471421715093
2025_01_DET_GB,2025,1,2025-09-07T16:25-04:00,14.0,0.9365089661708068,0.8745684625340839,0.7717939992517415,0.7717940299515802
2025_01_HOU_LA,2025,1,2025-09-07T16:25-04:00,5.0,3.3653389197168564,3.5880716692227246,2.985261871150339,2.985261681916105
2025_01_BAL_BUF,2025,1,2025-09-07T20:20-04:00,1.0,0.8281216537307512,0.1954616873084205,1.1645597973872697,1.1645598047148344
2025_01_MIN_CHI,2025,1,2025-09-08T20:15-04:00,-3.0,3.8994644019232507,3.870972010324507,-0.46676508373278036,-0.4667650845278408
2025_02_WAS_GB,2025,2,2025-09-11T20:15-04:00,9.0,4.578017409852677,5.1756038638682975,4.81722599309105,4.44532493739789
2025_02_BUF_NYJ,2025,2,2025-09-14T13:00-04:00,-20.0,-7.898942380792822,-6.1391454216512145,-2.6699546213642193,-2.49143070647517
2025_02_CHI_DET,2025,2,2025-09-14T13:00-04:00,31.0,9.545482484263303,6.911162838750314,7.546926818303376,8.349049623726088
2025_02_CLE_BAL,2025,2,2025-09-14T13:00-04:00,24.0,13.784678496848997,15.686894038993216,10.568790037793647,10.657147899108578
2025_02_JAX_CIN,2025,2,2025-09-14T13:00-04:00,4.0,7.603599085904738,6.888302122897766,5.023610206715068,6.013634279227338
2025_02_LA_TEN,2025,2,2025-09-14T13:00-04:00,-14.0,-5.884643533925997,-9.29701412933769,-1.5752287262940783,-1.4382585356261717
2025_02_NE_MIA,2025,2,2025-09-14T13:00-04:00,-6.0,7.589476828040674,5.819498432139567,4.446350606726685,5.254947350906386
2025_02_NYG_DAL,2025,2,2025-09-14T13:00-04:00,3.0,3.7317875032149184,5.078010250167771,5.701603196166527,4.897488783474275
2025_02_SEA_PIT,2025,2,2025-09-14T13:00-04:00,-14.0,2.728701236001266,0.37185225819873047,3.1606811174853604,2.394438531720609
2025_02_SF_NO,2025,2,2025-09-14T13:00-04:00,-5.0,-3.702728221407633,-3.260967725217647,0.0791461953821897,1.20060152060491
2025_02_CAR_ARI,2025,2,2025-09-14T16:05-04:00,5.0,9.004895570440892,8.55875913431439,7.887539705241713,6.452136984071498
2025_02_DEN_IND,2025,2,2025-09-14T16:05-04:00,1.0,-1.6500506921737355,-4.704774954098227,0.012176574295741371,-1.50195881903882
2025_02_PHI_KC,2025,2,2025-09-14T16:25-04:00,-3.0,-0.16623318533409975,-1.3226961358723406,0.9875428816876799,1.2405080840679914
2025_02_ATL_MIN,2025,2,2025-09-14T20:20-04:00,-16.0,1.0805202208373865,1.3205464741208175,5.884501824631268,5.552399705672219
2025_02_TB_HOU,2025,2,2025-09-15T19:00-04:00,-1.0,-1.3788882443709247,-1.8035594906862442,-0.2747133184010022,0.01850174263756088
2025_02_LAC_LV,2025,2,2025-09-15T22:00-04:00,-11.0,-4.942780725927824,-3.323424907774438,-1.5668177676477946,-1.8213559874504384
2025_03_MIA_BUF,2025,3,2025-09-18T20:15-04:00,10.0,10.808358097669643,8.052011847709148,9.23964378933392,5.668756072717837
2025_03_ATL_CAR,2025,3,2025-09-21T13:00-04:00,30.0,-4.43891231905482,-2.542580351718622,-2.0488044643846717,-0.01815519593573134
2025_03_CIN_MIN,2025,3,2025-09-21T13:00-04:00,38.0,-0.5172634356372008,-4.681657003353571,1.7820404087003245,2.9145770020123956
2025_03_GB_CLE,2025,3,2025-09-21T13:00-04:00,3.0,-9.746953723627229,-8.3119130654612,-6.1237848107083686,-3.911320259805265
2025_03_HOU_JAX,2025,3,2025-09-21T13:00-04:00,7.0,0.6883240221904467,0.2249476738445506,1.672076860544079,0.5004799871178354
2025_03_IND_TEN,2025,3,2025-09-21T13:00-04:00,-21.0,-5.822152803204182,-3.6604525134458186,-1.6783218604549823,0.8134873973237262
2025_03_LA_PHI,2025,3,2025-09-21T13:00-04:00,7.0,4.047888725026603,4.724728895575766,4.303399724485022,5.271197201406042
2025_03_LV_WAS,2025,3,2025-09-21T13:00-04:00,17.0,3.671329992332955,4.474058339399499,6.109292828877221,5.786700885019981
2025_03_NYJ_TB,2025,3,2025-09-21T13:00-04:00,2.0,9.767755232130149,6.701299852036237,8.166897151407944,6.479771682312066
2025_03_PIT_NE,2025,3,2025-09-21T13:00-04:00,-7.0,-1.1611012227333934,-1.451584114794422,0.8008640860063863,-0.3873941441102806
2025_03_DEN_LAC,2025,3,2025-09-21T16:05-04:00,3.0,1.762581303567942,1.6364432625426695,3.6692012793815945,2.436625434534938
2025_03_NO_SEA,2025,3,2025-09-21T16:05-04:00,31.0,7.961862248738921,7.163949820882726,6.609778567523122,4.971089921085215
2025_03_ARI_SF,2025,3,2025-09-21T16:25-04:00,1.0,-1.4227989529263074,1.4057460675034328,2.20724451748224,1.5804446777797492
2025_03_DAL_CHI,2025,3,2025-09-21T16:25-04:00,17.0,-1.7155174175980004,1.725894483499119,0.48619483636673166,2.157467220728048
2025_03_KC_NYG,2025,3,2025-09-21T20:20-04:00,-13.0,-4.350711640028238,-4.022113819347238,-2.2716600403741394,-2.5899967877627326
2025_03_DET_BAL,2025,3,2025-09-22T20:15-04:00,-8.0,2.945487314670739,4.979543662362757,3.029419671298383,2.5176216692548925
2025_04_SEA_ARI,2025,4,2025-09-25T20:15-04:00,-3.0,1.37671977651833,1.5302705329819788,0.45624598773094505,2.2478638805301254
2025_04_MIN_PIT,2025,4,2025-09-28T09:30-04:00,3.0,-0.0941185250927179,1.083334864127806,-2.1729564321672266,-1.4718432663459682
2025_04_CAR_NE,2025,4,2025-09-28T13:00-04:00,29.0,1.5882617817372258,4.239007070699099,2.3910843299541424,3.7113174911517013
2025_04_CLE_DET,2025,4,2025-09-28T13:00-04:00,24.0,14.39151681826596,12.367268859210785,12.196974475370467,10.639526229853685
2025_04_LAC_NYG,2025,4,2025-09-28T13:00-04:00,3.0,-8.068238282905092,-4.744237008468084,-5.081512901808139,-2.7651298229125594
2025_04_NO_BUF,2025,4,2025-09-28T13:00-04:00,12.0,16.707729664038208,13.266223122357163,11.673290124243621,7.901837732319767
2025_04_PHI_TB,2025,4,2025-09-28T13:00-04:00,-6.0,-1.610940273416037,0.32975762203824316,1.1416173520109538,1.7250393740402923
2025_04_TEN_HOU,2025,4,2025-09-28T13:00-04:00,26.0,8.590020178289821,10.838191482227831,7.714749105230991,5.952996853710067
2025_04_WAS_ATL,2025,4,2025-09-28T13:00-04:00,7.0,5.3429562549761,-0.9626472257109353,-1.0265722153507495,0.2388466625758432
2025_04_IND_LA,2025,4,2025-09-28T16:05-04:00,7.0,3.9547490900194813,7.346311289929494,2.609251675765484,4.751745932949898
2025_04_JAX_SF,2025,4,2025-09-28T16:05-04:00,-5.0,3.2035733152154,3.1289432819524143,3.390318488059525,3.890238041483031
2025_04_BAL_KC,2025,4,2025-09-28T16:25-04:00,17.0,-0.29797760626705827,-4.164843413920487,-0.4554120300165816,-0.3316305094205707
2025_04_CHI_LV,2025,4,2025-09-28T16:25-04:00,-1.0,1.0013465936543615,-0.00468765357387646,1.0073864200742109,1.3888178312597983
2025_04_GB_DAL,2025,4,2025-09-28T20:20-04:00,0.0,-5.500099457740959,-2.622795897175727,-3.157106131021628,-1.2783108744057161
2025_04_NYJ_MIA,2025,4,2025-09-29T19:15-04:00,6.0,6.435013220348898,3.365876170426832,3.0102736366701146,4.322674633757333
2025_04_CIN_DEN,2025,4,2025-09-29T20:15-04:00,25.0,7.59810557407673,0.7221154242569301,4.860798851781026,3.2213603016598538
2025_05_SF_LA,2025,5,2025-10-02T20:15-04:00,-3.0,7.395422400356279,3.7035112529583043,4.568072343321289,3.5945436533152386
2025_05_MIN_CLE,2025,5,2025-10-05T09:30-04:00,-4.0,-4.873571480556148,-4.088844371157159,-6.166846684827248,-5.257241690655437
2025_05_DAL_NYJ,2025,5,2025-10-05T13:00-04:00,-15.0,1.7555278309278637,0.7342561712043063,1.465408618372019,1.697267611948693
2025_05_DEN_PHI,2025,5,2025-10-05T13:00-04:00,-4.0,2.5135611877657418,3.996597074789088,2.912048595642211,3.52098431531712
2025_05_HOU_BAL,2025,5,2025-10-05T13:00-04:00,-34.0,-0.5374738902318184,9.544860551723612,5.445620154134003,7.3285974768107085
2025_05_LV_IND,2025,5,2025-10-05T13:00-04:00,34.0,6.125433817726772,0.2522124648368873,6.560120666758473,2.8827717338766807
2025_05_MIA_CAR,2025,5,2025-10-05T13:00-04:00,3.0,-4.622704304364817,-4.879425289268498,-0.02274991357208833,-1.4662648420580875
2025_05_NYG_NO,2025,5,2025-10-05T13:00-04:00,12.0,-0.16732780013189985,0.44476958616105033,1.848937906932361,3.6843493695783707
2025_05_TB_SEA,2025,5,2025-10-05T16:05-04:00,-3.0,1.5178709383307143,-1.2860227524600911,3.8534364726673354,0.5809112129285525
2025_05_TEN_ARI,2025,5,2025-10-05T16:05-04:00,-1.0,11.355329109910898,11.17624907939834,10.162350452920933,6.263270204531183
2025_05_DET_CIN,2025,5,2025-10-05T16:25-04:00,-13.0,-10.046895472010046,0.7385208504292372,-6.194650295525431,-0.7968615412106432
2025_05_WAS_LAC,2025,5,2025-10-05T16:25-04:00,-17.0,2.3247871592734675,4.078277973402406,3.501388588351272,3.5346551024304578
2025_05_NE_BUF,2025,5,2025-10-05T20:20-04:00,-3.0,12.16677801526863,12.161760605811097,8.785636567983765,8.423703423624223
2025_05_KC_JAX,2025,5,2025-10-06T20:15-04:00,3.0,-3.107363832493547,-1.7355701158833314,-0.8793745276606528,-1.4964869802723029
2025_06_PHI_NYG,2025,6,2025-10-09T20:15-04:00,17.0,-7.959374343389629,-7.004728437799901,-5.561552954647292,-3.8494887036947407
2025_06_DEN_NYJ,2025,6,2025-10-12T09:30-04:00,-2.0,-9.233500533312217,-4.878655516230102,-8.201356700745219,-3.7337479929546538
2025_06_ARI_IND,2025,6,2025-10-12T13:00-04:00,4.0,6.781177766947284,-2.237053969467756,5.2934871052249575,0.4232423981450899
2025_06_CLE_PIT,2025,6,2025-10-12T13:00-04:00,14.0,7.1069822272848295,7.230747249523687,7.107320216123061,6.285398424309469
2025_06_DAL_CAR,2025,6,2025-10-12T13:00-04:00,3.0,-2.8220330406403766,-4.3482858700845055,-1.1068081068904672,-0.4463225963520614
2025_06_LAC_MIA,2025,6,2025-10-12T13:00-04:00,-2.0,1.5105630571710966,-0.9444993960685424,-0.6787286818812057,0.6523012062677411
2025_06_LA_BAL,2025,6,2025-10-12T13:00-04:00,-14.0,-4.182048428311829,7.517044982166611,3.584237120751959,6.843335794894604
2025_06_NE_NO,2025,6,2025-10-12T13:00-04:00,-6.0,-0.2220736404775554,0.7547807318634547,-0.5592531232420228,3.0218656913044564
2025_06_SEA_JAX,2025,6,2025-10-12T13:00-04:00,-8.0,-1.339023251422478,-0.2427578729243014,0.2671016020805661,-0.061929483173156274
2025_06_TEN_LV,2025,6,2025-10-12T16:05-04:00,10.0,3.4971136306353086,8.537489070721797,4.221364323449278,3.803740868799593
2025_06_CIN_GB,2025,6,2025-10-12T16:25-04:00,9.0,11.314012783921523,2.144784434886268,8.141284262918832,4.068655571162223
2025_06_SF_TB,2025,6,2025-10-12T16:25-04:00,11.0,6.046723547222717,5.189004848125169,4.499054345127054,5.590780228761573
2025_06_DET_KC,2025,6,2025-10-12T20:20-04:00,13.0,-0.6593444049695187,-0.9947118085099527,-1.95783063891907,-0.3140088401656782
2025_06_BUF_ATL,2025,6,2025-10-13T19:15-04:00,10.0,-5.470616617119692,-6.670370288439981,-2.1420007748031455,-2.1168657188401934
2025_06_CHI_WAS,2025,6,2025-10-13T20:15-04:00,-1.0,6.360757188604555,2.2114779057577,6.997738426962977,4.675518716279779
2025_07_PIT_CIN,2025,7,2025-10-16T20:15-04:00,2.0,-4.551543141623974,6.323523183232034,-0.5888116008530906,3.5572662643335726
2025_07_LA_JAX,2025,7,2025-10-19T09:30-04:00,-28.0,-4.3210874247247375,-4.107253490904448,-2.7801349470606787,-2.4847816947982695
2025_07_CAR_NYJ,2025,7,2025-10-19T13:00-04:00,-7.0,0.4022825340181571,6.842122906783732,2.7594965770457893,4.643590208300754
2025_07_LV_KC,2025,7,2025-10-19T13:00-04:00,31.0,11.963607853001438,5.921138683814238,10.90500259325098,6.6462229523006116
2025_07_MIA_CLE,2025,7,2025-10-19T13:00-04:00,25.0,-3.0388859808313144,-4.410844530517245,-0.17289793184784763,-1.1529516311055747
2025_07_NE_TEN,2025,7,2025-10-19T13:00-04:00,-18.0,-6.17015286554437,-3.2875040933359045,-4.155901293816139,1.4775492883886132
2025_07_NO_CHI,2025,7,2025-10-19T13:00-04:00,12.0,5.210475632161282,6.159810381676638,5.767777785089308,3.3706066346239516
2025_07_PHI_MIN,2025,7,2025-10-19T13:00-04:00,-6.0,0.320727385192094,-5.731714197037844,1.977111372175667,1.172232385035422
2025_07_IND_LAC,2025,7,2025-10-19T16:05-04:00,-14.0,0.8930980483684711,8.100799082135818,1.4288347732434783,6.438584253573758
2025_07_NYG_DEN,2025,7,2025-10-19T16:05-04:00,1.0,10.474179342889867,8.037718002209079,9.221209895795521,7.828504388377621
2025_07_GB_ARI,2025,7,2025-10-19T16:25-04:00,-4.0,-4.468847878884093,-1.8318219810210876,-1.3009837075703383,-0.27249648668627957
2025_07_WAS_DAL,2025,7,2025-10-19T16:25-04:00,22.0,0.32814628790765216,0.8928894841122486,-0.848049639170303,0.6670140629921735
2025_07_ATL_SF,2025,7,2025-10-19T20:20-04:00,10.0,-0.25186651782696434,4.052256693481256,1.960423104509475,3.014426465915516
2025_07_TB_DET,2025,7,2025-10-20T19:00-04:00,15.0,5.528336712387895,2.7617573986746136,6.238413369244024,4.829477550193378
2025_07_HOU_SEA,2025,7,2025-10-20T22:00-04:00,8.0,1.3393349473132883,1.728974497690774,3.3730295086092807,3.0624094702909916
2025_08_MIN_LAC,2025,8,2025-10-23T20:15-04:00,27.0,2.6011587154250995,7.090046881610471,1.632167390472856,2.7434087341823963
2025_08_BUF_CAR,2025,8,2025-10-26T13:00-04:00,-31.0,-1.2997352744788988,-11.570505803141126,-3.6154690024157627,-4.635020914775925
2025_08_CHI_BAL,2025,8,2025-10-26T13:00-04:00,14.0,0.14608581082968564,10.479943975819248,3.6648299110281544,8.366671292980982
2025_08_CLE_NE,2025,8,2025-10-26T13:00-04:00,19.0,5.402974484701605,3.7205951204905428,6.697320101926138,3.3980042801991885
2025_08_MIA_ATL,2025,8,2025-10-26T13:00-04:00,-24.0,3.2678671630077005,-0.6769264549695544,5.7615308502891525,1.0518903538776438
2025_08_NYG_PHI,2025,8,2025-10-26T13:00-04:00,18.0,6.951916639497684,10.424227785875146,7.543245565375804,8.84948870369474
2025_08_NYJ_CIN,2025,8,2025-10-26T13:00-04:00,-1.0,6.374835590481703,7.031234710351343,4.708370656960872,5.5123876912947996
2025_08_SF_HOU,2025,8,2025-10-26T13:00-04:00,11.0,4.726209616568244,1.7753580663159025,4.109058328540429,3.1092819713991338
2025_08_TB_NO,2025,8,2025-10-26T16:05-04:00,-20.0,-5.265870430295755,-6.839885282219794,-3.9986664717712355,-1.8901787081566628
2025_08_DAL_DEN,2025,8,2025-10-26T16:25-04:00,20.0,4.906481232463765,4.968444574822733,4.923272139637664,5.4310156049033464
2025_08_TEN_IND,2025,8,2025-10-26T16:25-04:00,24.0,15.718558306986887,7.079951861521062,13.813341144014235,4.186512602676274
2025_08_GB_PIT,2025,8,2025-10-26T20:20-04:00,-10.0,-1.1823809552841367,-2.8407466814324347,-0.577867114624123,-0.12592183549579605
2025_08_WAS_KC,2025,8,2025-10-27T20:15-04:00,21.0,14.699348356644496,3.3561547842815616,7.146770681114609,3.3595220672806314
2025_09_BAL_MIA,2025,9,2025-10-30T20:15-04:00,-22.0,-2.9601441776721114,-6.146800486363105,-1.2859117312674337,-2.004196268003003
2025_09_ATL_NE,2025,9,2025-11-02T13:00-05:00,1.0,4.30610309407264,-0.013322955057145869,6.185592312144678,1.19316229521597
2025_09_CAR_GB,2025,9,2025-11-02T13:00-05:00,-3.0,14.89852723757801,12.100330789373098,11.488959689202233,9.224633470757778
2025_09_CHI_CIN,2025,9,2025-11-02T13:00-05:00,-5.0,3.2773475030445556,5.939934015141929,1.0747394149020777,5.052188082515445
2025_09_DEN_HOU,2025,9,2025-11-02T13:00-05:00,-3.0,0.8367785025031936,-0.9465353333914578,0.6711872926609472,0.264525431994973
2025_09_IND_PIT,2025,9,2025-11-02T13:00-05:00,7.0,-2.372840838400981,4.498135042759753,-1.8017432131581579,4.723332253045394
2025_09_LAC_TEN,2025,9,2025-11-02T13:00-05:00,-7.0,-10.640055785274871,-10.200995495915915,-7.691850115470125,-3.125096856250032
2025_09_MIN_DET,2025,9,2025-11-02T13:00-05:00,-3.0,15.048211031567217,9.172047557951801,10.107061400736228,5.382284539198247
2025_09_SF_NYG,2025,9,2025-11-02T13:00-05:00,-10.0,-1.6948290767596943,-1.9959876373410754,-0.43152729695176584,0.01625215102653943
2025_09_JAX_LV,2025,9,2025-11-02T16:05-05:00,-1.0,-1.2094088349170624,0.9436804541819602,-1.3656643266644521,2.350264027971691
2025_09_NO_LA,2025,9,2025-11-02T16:05-05:00,24.0,13.596742636077567,9.023046992414676,12.120939490332058,4.893942132710329
2025_09_KC_BUF,2025,9,2025-11-02T16:25-05:00,7.0,0.7360011581612889,6.169717158181129,0.3228318356359834,3.996190314135405
2025_09_SEA_WAS,2025,9,2025-11-02T20:20-05:00,-24.0,-0.4685506914830566,1.257169658008913,-0.9664110385303082,3.075035429818515
2025_09_ARI_DAL,2025,9,2025-11-03T20:15-05:00,-10.0,3.1919935244467568,0.569957417681882,2.5516064866870334,1.494185612280563
2025_10_LV_DEN,2025,10,2025-11-06T20:15-05:00,3.0,11.642512308005374,6.666737092972735,12.712123224580644,6.884730552915501
2025_10_ATL_IND,2025,10,2025-11-09T09:30-05:00,6.0,4.15171629375581,-2.0444225130538296,5.0586656138608745,-0.642775813719143
2025_10_BAL_MIN,2025,10,2025-11-09T13:00-05:00,-8.0,-7.466814095488801,-9.022342198201688,-0.21529274507930873,-0.3999062084531402
2025_10_BUF_MIA,2025,10,2025-11-09T13:00-05:00,17.0,-6.520852827634421,-4.483018925262004,-6.1859873883609175,-0.6687560727178372
2025_10_CLE_NYJ,2025,10,2025-11-09T13:00-05:00,7.0,0.5735639375338999,6.323710956575179,2.889029587582227,4.330276997348242
2025_10_JAX_HOU,2025,10,2025-11-09T13:00-05:00,7.0,2.1925001807220776,3.2443828656879936,6.521817745677664,4.499520012882165
2025_10_NE_TB,2025,10,2025-11-09T13:00-05:00,-5.0,5.87473541209052,9.703065219779273,4.283895693605893,7.412044399461119
2025_10_NO_CAR,2025,10,2025-11-09T13:00-05:00,-10.0,6.526704193851929,0.13546121955031465,5.604099356909794,0.7668168175438423
2025_10_NYG_CHI,2025,10,2025-11-09T13:00-05:00,4.0,6.4969431695848865,4.944661485257367,5.764504648928804,4.554956004202323
2025_10_ARI_SEA,2025,10,2025-11-09T16:05-05:00,22.0,6.168634228370019,1.9390600065505663,7.016459068496888,2.7521361194698746
2025_10_DET_WAS,2025,10,2025-11-09T16:25-05:00,-22.0,-8.980260285253372,-2.591285727296592,-5.074008315363704,-1.1735309074463096
2025_10_LA_SF,2025,10,2025-11-09T16:25-05:00,-16.0,-4.694934003095646,-0.2840119048830603,-1.8263966436891197,1.4054563466847614
2025_10_PIT_LAC,2025,10,2025-11-09T20:20-05:00,15.0,2.1097764315557637,5.312413713413688,3.4402338565690607,4.2152520005283645
2025_10_PHI_GB,2025,10,2025-11-10T20:15-05:00,-3.0,3.457913880611254,0.19776579497059443,2.3807171887495135,2.32631095418525
2025_11_NYJ_NE,2025,11,2025-11-13T20:15-05:00,13.0,8.361135247294651,-0.8933661620470131,8.152742471733248,1.5677272828509468
2025_11_WAS_MIA,2025,11,2025-11-16T09:30-05:00,3.0,3.9054066282765474,-0.9800190748103557,0.6318365148975067,-0.8130436913018008
2025_11_CAR_ATL,2025,11,2025-11-16T13:00-05:00,-3.0,4.595187606969026,5.962079699793865,5.593754896199783,5.018155195935732
2025_11_CHI_MIN,2025,11,2025-11-16T13:00-05:00,-2.0,-3.777051553155375,-0.4514726622492633,3.0926920277275745,5.466765084527841
2025_11_CIN_PIT,2025,11,2025-11-16T13:00-05:00,22.0,5.51435809251269,-3.2528421753578898,5.170711429941199,1.4427337356664274
2025_11_GB_NYG,2025,11,2025-11-16T13:00-05:00,-7.0,-9.898162346842666,-5.791731707476674,-4.1742197342216905,-3.675799657879991
2025_11_HOU_TEN,2025,11,2025-11-16T13:00-05:00,-3.0,-7.271350800506591,-7.069873793951487,-8.234498650350808,-0.9529968537100668
2025_11_LAC_JAX,2025,11,2025-11-16T13:00-05:00,29.0,-4.561462505083094,-2.4576933050041765,-1.8141014923821324,-1.6716200154221292
2025_11_TB_BUF,2025,11,2025-11-16T13:00-05:00,12.0,2.942367520079653,4.5172634002705445,3.540180132752487,3.5116590241631043
2025_11_SEA_LA,2025,11,2025-11-16T16:05-05:00,2.0,4.925613712903299,3.2200285053684716,2.290332742060534,2.422852211625113
2025_11_SF_ARI,2025,11,2025-11-16T16:05-05:00,-19.0,-3.8504284200898193,2.0137532805718124,2.398114196852862,3.419555322220251
2025_11_BAL_CLE,2025,11,2025-11-16T16:25-05:00,-7.0,-7.560155441201562,-12.267394690917975,-5.7736864805212065,-5.657147899108578
2025_11_KC_DEN,2025,11,2025-11-16T16:25-05:00,3.0,-2.2804699584142556,2.2560233173669193,0.06793162739684666,2.7385076006148887
2025_11_DET_PHI,2025,11,2025-11-16T20:20-05:00,7.0,-1.2374475597318524,1.987902809942711,-0.9862154666250218,0.9454830757663304
2025_11_DAL_LV,2025,11,2025-11-17T20:15-05:00,-17.0,-3.0164408231245785,-0.13803641848428017,-1.0822231305939831,1.046285051987846
2025_12_BUF_HOU,2025,12,2025-11-20T20:15-05:00,4.0,-2.9106556204206386,-4.611073216919166,0.10123278796591517,-0.9931572815255434
2025_12_IND_KC,2025,12,2025-11-23T13:00-05:00,3.0,3.8043202824779634,7.029857552813873,4.861959233603783,6.263451218423931
2025_12_MIN_GB,2025,12,2025-11-23T13:00-05:00,17.0,11.408124438908043,8.18737277207636,6.1755841769175746,3.654078569149828
2025_12_NE_CIN,2025,12,2025-11-23T13:00-05:00,-6.0,-5.121454058422431,9.335363397692177,-4.190296607739913,6.444660408443854
2025_12_NYG_DET,2025,12,2025-11-23T13:00-05:00,7.0,14.248147095061036,10.096243458512758,13.199792950346122,10.404005627928411
2025_12_NYJ_BAL,2025,12,2025-11-23T13:00-05:00,13.0,12.641238211914468,10.923439182083762,10.223529159657229,8.826870901760335
2025_12_PIT_CHI,2025,12,2025-11-23T13:00-05:00,3.0,1.892405012772788,2.0933388421277277,1.1531774780475332,1.0050781818181274
2025_12_SEA_TEN,2025,12,2025-11-23T13:00-05:00,-6.0,-12.0515079197757,-7.786735298006839,-11.777181611925588,-1.5154063240010585
2025_12_CLE_LV,2025,12,2025-11-23T16:05-05:00,-14.0,3.0367072081779467,5.501249558343893,0.9762691684638103,3.679294437387395
2025_12_JAX_ARI,2025,12,2025-11-23T16:05-05:00,-3.0,0.37596041884797227,3.432946888486603,0.7430502803002099,4.809793363703282
2025_12_ATL_NO,2025,12,2025-11-23T16:25-05:00,-14.0,-0.8161694820349183,-0.6194735570302128,-0.7127077323581235,1.7150279865204263
2025_12_PHI_DAL,2025,12,2025-11-23T16:25-05:00,3.0,-1.5695933836943663,-3.835792627498954,-2.1435576361604305,-1.4519999202204668
2025_12_TB_LA,2025,12,2025-11-23T20:20-05:00,27.0,6.326574026836202,0.0747625044988578,6.485026490684384,0.5037634245536657
2025_12_CAR_SF,2025,12,2025-11-24T20:15-05:00,11.0,9.664640765033646,8.2547555277802,7.435058149013271,5.532581661851248
2025_13_GB_DET,2025,13,2025-11-27T13:00-05:00,-7.0,0.5215839775337767,2.5449308855411616,4.824890518250544,4.228205970048419
2025_13_KC_DAL,2025,13,2025-11-27T16:30-05:00,3.0,-3.2958452489625443,-0.8033468175889904,-3.165997824519714,-0.1925080042884577
2025_13_CIN_BAL,2025,13,2025-11-27T20:20-05:00,-18.0,8.032640846101677,5.90094129451384,10.877957733869096,5.814483210465536
2025_13_CHI_PHI,2025,13,2025-11-28T15:00-05:00,-9.0,4.694385034309651,7.189315974655402,6.793516918253962,6.794532699492419
2025_13_ARI_TB,2025,13,2025-11-30T13:00-05:00,3.0,4.1356390772587055,5.03449481596288,5.32825027496648,4.6712249065413225
2025_13_ATL_NYJ,2025,13,2025-11-30T13:00-05:00,3.0,-2.457987200495668,2.5897928810274897,-0.4018916809332671,2.125435012365023
2025_13_HOU_IND,2025,13,2025-11-30T13:00-05:00,-4.0,1.8735205984728158,-2.1979835210410466,4.205248701768643,0.733515748966207
2025_13_JAX_TEN,2025,13,2025-11-30T13:00-05:00,-22.0,-5.887865384658927,-5.884058942502216,-5.095806317876578,1.0465231591720978
2025_13_LA_CAR,2025,13,2025-11-30T13:00-05:00,3.0,-12.61845511450294,-6.878848950082938,-9.133090979318487,-1.6271253151664862
2025_13_NO_MIA,2025,13,2025-11-30T13:00-05:00,4.0,9.078970851897584,7.123285714514835,6.951548336289366,4.73308165960193
2025_13_SF_CLE,2025,13,2025-11-30T13:00-05:00,-18.0,-5.355509617496434,-4.267013038039101,-2.2057307350528896,-0.2192684508987348
2025_13_MIN_SEA,2025,13,2025-11-30T16:05-05:00,26.0,12.157052652821841,4.825280258073295,9.523292951345056,1.1337182019334229
2025_13_BUF_PIT,2025,13,2025-11-30T16:25-05:00,-19.0,0.5013515743588829,-5.730421043275706,-0.5437296882748268,-0.5363092795139428
2025_13_LV_LAC,2025,13,2025-11-30T16:25-05:00,17.0,12.15183631615852,6.992080213136183,10.677696711969432,6.821355987450438
2025_13_DEN_WAS,2025,13,2025-11-30T20:20-05:00,-1.0,-5.839211524133414,-0.6822538453648141,-4.458865859692608,1.4019703321044799
2025_13_NYG_NE,2025,13,2025-12-01T20:15-05:00,18.0,7.0970181771227825,1.399738528335218,8.606472070988332,3.1624836782739143
2025_14_DAL_DET,2025,14,2025-12-04T20:15-05:00,14.0,4.774940385544279,6.877476456754511,7.231772863095937,8.006516844454136
2025_14_CIN_BUF,2025,14,2025-12-07T13:00-05:00,5.0,5.082543918881984,4.237159733412739,10.620270742377304,4.47904301518037
2025_14_IND_JAX,2025,14,2025-12-07T13:00-05:00,17.0,-3.215863631933791,3.93335610309402,0.4653230220935165,2.2669642381516284
2025_14_MIA_NYJ,2025,14,2025-12-07T13:00-05:00,-24.0,-4.524397247890349,0.20311675202031276,0.8288695565734696,0.677325366242667
2025_14_NO_TB,2025,14,2025-12-07T13:00-05:00,-4.0,11.733912612766064,10.309215821752339,8.889271944627357,6.890178708156663
2025_14_PIT_BAL,2025,14,2025-12-07T13:00-05:00,-5.0,6.076723651677392,10.664208378080152,5.569857226525393,6.871749474799108
2025_14_SEA_ATL,2025,14,2025-12-07T13:00-05:00,-28.0,-5.426268647445504,-1.0664089015385454,-5.875305211724768,0.8138820923943584
2025_14_TEN_CLE,2025,14,2025-12-07T13:00-05:00,-2.0,4.4369618460835785,4.696157994958227,6.804897865360749,2.6244464314121982
2025_14_WAS_MIN,2025,14,2025-12-07T13:00-05:00,31.0,-3.104572702500085,-1.3020192341704409,2.6072636614124503,3.291246368248062
2025_14_DEN_LV,2025,14,2025-12-07T16:05-05:00,-7.0,-11.464363158105577,-3.2472377448974914,-9.007021128804368,-1.8847305529155012
2025_14_CHI_GB,2025,14,2025-12-07T16:25-05:00,7.0,6.218869845822,6.075981627246776,6.380044918070504,6.620843653677669
2025_14_LA_ARI,2025,14,2025-12-07T16:25-05:00,-28.0,-9.676325835421446,0.0199917016511289,-6.228676171579494,2.325011668905012
2025_14_HOU_KC,2025,14,2025-12-07T20:20-05:00,-10.0,3.5986097892286173,3.7699298466801054,5.210070560860231,4.496966967390138
2025_14_PHI_LAC,2025,14,2025-12-08T20:15-05:00,3.0,-1.846883917429675,-0.6504041382087964,0.9854825653527008,1.415641119217818
2025_15_ATL_TB,2025,15,2025-12-11T20:15-05:00,-1.0,5.314579413240766,7.6311742504834035,4.693282977567598,6.105206694677089
2025_15_ARI_HOU,2025,15,2025-12-14T13:00-05:00,20.0,10.897388832386264,1.521185651239014,10.112573890749246,2.189726649178883
2025_15_BAL_CIN,2025,15,2025-12-14T13:00-05:00,-24.0,-0.9380286905003792,-2.481441946438596,-1.6636981362013925,-0.8144832104655357
2025_15_BUF_NE,2025,15,2025-12-14T13:00-05:00,-4.0,-0.6547561825510186,-8.443274108992048,0.9675162745557939,-3.4237034236242234
2025_15_CLE_CHI,2025,15,2025-12-14T13:00-05:00,28.0,11.321446755573918,7.2655180774126915,8.77016720952577,4.790476606127596
2025_15_LAC_KC,2025,15,2025-12-14T13:00-05:00,-3.0,5.181246418514845,1.0374576763740775,5.238711100797651,2.324866964850173
2025_15_LV_PHI,2025,15,2025-12-14T13:00-05:00,31.0,13.997181703774409,8.853922110809602,12.838944247562441,7.905714868232621
2025_15_NYJ_JAX,2025,15,2025-12-14T13:00-05:00,28.0,13.18362486872766,1.7031886871192985,10.224277359110996,1.9987534120674622
2025_15_WAS_NYG,2025,15,2025-12-14T13:00-05:00,-8.0,2.37907710003273,-2.076721560359499,2.4928151562219742,-1.7304747204821016
2025_15_CAR_NO,2025,15,2025-12-14T16:25-05:00,3.0,-2.0254552159958688,2.9352197883238302,0.6408873457824238,4.233183182456157
2025_15_DET_LA,2025,15,2025-12-14T16:25-05:00,7.0,5.005864183091492,-1.1267387945100333,4.548495264512547,-1.8257141256397116
2025_15_GB_DEN,2025,15,2025-12-14T16:25-05:00,8.0,-1.2193168684532052,0.6358990036093842,1.2138827356233777,1.6527047304976303
2025_15_IND_SEA,2025,15,2025-12-14T16:25-05:00,2.0,8.430123505450219,5.836032458598643,8.988160350186538,4.828893721324785
2025_15_TEN_SF,2025,15,2025-12-14T16:25-05:00,13.0,14.387588186229255,11.07157023869335,13.219401650253648,5.343714882310933
2025_15_MIN_DAL,2025,15,2025-12-14T20:20-05:00,-8.0,6.316014935250571,4.004320775234913,3.7336334100470694,-0.12423230525588824
2025_15_MIA_PIT,2025,15,2025-12-15T20:15-05:00,13.0,0.5233787301298793,0.7613347047677206,3.4366095316761305,2.6324467932038944
2025_16_LA_SEA,2025,16,2025-12-18T20:15-05:00,1.0,-1.2283222094658326,0.1994708427067725,2.257688519026585,2.577147788374887
2025_16_PHI_WAS,2025,16,2025-12-20T17:00-05:00,-11.0,-7.645738563761881,-2.9192700546589796,-4.997603728873287,0.38098601678736
2025_16_GB_CHI,2025,16,2025-12-20T20:20-05:00,6.0,-0.5994930567662495,-2.60665108771423,0.47815807375388575,-1.6208436536776691
2025_16_BUF_CLE,2025,16,2025-12-21T13:00-05:00,-3.0,-12.399332846344693,-10.753106704188772,-9.5231800513142,-4.321707703823412
2025_16_CIN_MIA,2025,16,2025-12-21T13:00-05:00,-24.0,-0.04977415427041931,-2.0054400573441877,5.025455676854388,1.310286942462533
2025_16_KC_TEN,2025,16,2025-12-21T13:00-05:00,17.0,-5.179906516082484,-9.32937873242317,-9.466240424163038,-2.949963821100205
2025_16_LAC_DAL,2025,16,2025-12-21T13:00-05:00,-17.0,-0.7615284167328087,-1.5254700067098357,-0.36717463156074803,-0.3676410394382845
2025_16_MIN_NYG,2025,16,2025-12-21T13:00-05:00,-3.0,2.2715641108395768,0.6360601991047639,-2.281432147660655,-2.521721088730163
2025_16_NYJ_NO,2025,16,2025-12-21T13:00-05:00,23.0,4.193299734717716,-1.848335104221181,4.139122400560614,2.089592974155403
2025_16_TB_CAR,2025,16,2025-12-21T13:00-05:00,3.0,-2.8883722664593554,-8.613498502536302,0.15329427553557284,-3.62336189061282
2025_16_ATL_ARI,2025,16,2025-12-21T16:05-05:00,-7.0,-0.4861500102675884,4.156935534186245,0.5124124581817657,3.933981788135767
2025_16_JAX_DEN,2025,16,2025-12-21T16:05-05:00,-14.0,3.2965760509940463,5.900667873117075,2.905862104191263,6.734994580887191
2025_16_LV_HOU,2025,16,2025-12-21T16:25-05:00,2.0,15.213147155594381,4.010452085543656,16.04039169180531,4.649255984910473
2025_16_PIT_DET,2025,16,2025-12-21T16:25-05:00,-5.0,6.755339259119321,7.294752006840419,7.243897360164855,6.854127805544215
2025_16_NE_BAL,2025,16,2025-12-21T20:20-05:00,-4.0,2.9934020973229174,13.676048592540297,2.791515451216574,9.75914361890939
2025_16_SF_IND,2025,16,2025-12-22T20:15-05:00,-21.0,-1.4249782831645783,-1.9330503629335658,2.5868097346358976,1.3427977203653407
2025_17_DAL_WAS,2025,17,2025-12-25T13:00-05:00,-7.0,-4.273873446939137,2.6262722468775967,0.6233687533090997,4.332985937007827
2025_17_DET_MIN,2025,17,2025-12-25T16:30-05:00,13.0,-9.291946639708137,-5.603054635504655,-2.444570091825712,-0.3822845391982477
2025_17_DEN_KC,2025,17,2025-12-25T20:15-05:00,-7.0,-1.4900020023404228,0.9641512648791248,1.8004250998524483,2.2614923993851113
2025_17_HOU_LAC,2025,17,2025-12-27T16:30-05:00,-4.0,1.137669110898658,4.34255946142905,2.3666865298179065,4.672100002539965
2025_17_BAL_GB,2025,17,2025-12-27T20:00-05:00,-17.0,-0.03627144056821496,-2.34539433433375,3.7346252328126033,0.7541723606966877
2025_17_ARI_CIN,2025,17,2025-12-28T13:00-05:00,23.0,6.858052640432349,5.165104908448787,5.160834805518872,3.703840915524056
2025_17_JAX_IND,2025,17,2025-12-28T13:00-05:00,-6.0,-1.6869062959133485,-0.5636879464760751,-1.5225313983965183,2.7330357618483716
2025_17_NE_NYJ,2025,17,2025-12-28T13:00-05:00,-32.0,-9.439965606195129,4.312865510122258,-9.057711843298543,3.4322727171490532
2025_17_NO_TEN,2025,17,2025-12-28T13:00-05:00,-8.0,-0.1493882841150539,-2.332535151161736,-0.6909453432078934,0.9556835970841568
2025_17_PIT_CLE,2025,17,2025-12-28T13:00-05:00,7.0,-8.421335155572017,-3.462429561247343,-5.699013776644705,-1.2853984243094692
2025_17_SEA_CAR,2025,17,2025-12-28T13:00-05:00,-17.0,-6.042027547013914,-5.468232501666689,-8.623782587413352,-1.7042731035413725
2025_17_TB_MIA,2025,17,2025-12-28T13:00-05:00,3.0,-2.490807776645711,-1.8249987734009816,1.0094844045937665,0.34290295144526706
2025_17_NYG_LV,2025,17,2025-12-28T16:05-05:00,-24.0,0.019075707121330276,3.2302241576458672,-0.37746979853261653,3.4437738354621206
2025_17_PHI_BUF,2025,17,2025-12-28T16:25-05:00,-1.0,1.7619490366733408,3.087440156813866,2.6893807728249453,2.7366983982033966
2025_17_CHI_SF,2025,17,2025-12-28T20:20-05:00,4.0,3.510916731468652,2.0809127912819765,3.5922405276481926,2.9287918447711383
2025_17_LA_ATL,2025,17,2025-12-29T20:15-05:00,3.0,-8.590631298143496,-2.7261813072412946,-7.697404147679984,0.8910298807692452
2025_18_CAR_TB,2025,18,2026-01-03T16:30-05:00,2.0,4.8880225254250975,11.883504276239648,4.8986275020832935,8.62336189061282
2025_18_SEA_SF,2025,18,2026-01-03T20:00-05:00,-10.0,0.8703669500028863,1.2262669264477895,-2.0300537388850746,1.3283085583098746
2025_18_CLE_CIN,2025,18,2026-01-04T13:00-05:00,-2.0,12.806633153944723,11.495702418516998,6.769659052190974,7.342664688643042
2025_18_DAL_NYG,2025,18,2026-01-04T13:00-05:00,17.0,-1.215515731181597,-1.6585109020925266,0.36679611100864706,0.10251121652572515
2025_18_GB_MIN,2025,18,2026-01-04T13:00-05:00,13.0,1.621204343219714,-4.668211041086515,1.0469917918200524,1.3459214308501721
2025_18_IND_HOU,2025,18,2026-01-04T13:00-05:00,8.0,7.051243150942483,5.517820486201691,5.8841218588051785,4.266484251033793
2025_18_NO_ATL,2025,18,2026-01-04T13:00-05:00,2.0,3.6968357301871064,4.337960053849258,4.415652275839177,3.2849720134795737
2025_18_TEN_JAX,2025,18,2026-01-04T13:00-05:00,34.0,13.972700332601846,9.30355829057746,15.179821780127686,3.953476840827902
2025_18_ARI_LA,2025,18,2026-01-04T16:25-05:00,17.0,12.591639427107399,3.349676454966816,16.34748563673557,2.674988331094988
2025_18_DET_CHI,2025,18,2026-01-04T16:25-05:00,-3.0,3.955500920646414,-3.591325873589669,1.6009760323925089,-3.3490496237260885
2025_18_KC_LV,2025,18,2026-01-04T16:25-05:00,2.0,-7.848190899942581,-2.6511329101108934,-8.396430118408547,-1.6462229523006116
2025_18_LAC_DEN,2025,18,2026-01-04T16:25-05:00,16.0,6.955717579306427,1.8328872769898754,3.092550805417887,2.563374565465062
2025_18_MIA_NE,2025,18,2026-01-04T16:25-05:00,28.0,9.88989701196764,-2.399999084064322,10.206801997316207,-0.2549473509063862
2025_18_NYJ_BUF,2025,18,2026-01-04T16:25-05:00,27.0,17.34248144931687,9.558644769726458,16.56001728927444,7.49143070647517
2025_18_WAS_PHI,2025,18,2026-01-04T16:25-05:00,-7.0,9.50474399414227,6.189275828362325,11.746419384002346,4.61901398321264
2025_18_BAL_PIT,2025,18,2026-01-04T20:20-05:00,2.0,-0.9358487796861199,-7.145046647090307,-0.7918944298170394,-1.871749474799108
