game_id,kickoff,season,week,home_team,away_team,actual_margin,corrected_p_home,corrected_p_away,corrected_p_tie,corrected_selected_team,corrected_selected_probability,corrected_correct,corrected_raw_margin,postseason_p_home,postseason_p_away,postseason_p_tie,postseason_selected_team,postseason_selected_probability,postseason_correct,postseason_raw_margin,constant_p_home,constant_p_away,constant_p_tie,constant_selected_team,constant_selected_probability,constant_correct,corrected_confidence_points,corrected_realized_points,corrected_expected_points,postseason_confidence_points,postseason_realized_points,postseason_expected_points,constant_confidence_points,constant_realized_points,constant_expected_points
2020_01_HOU_KC,2020-09-10T20:20-04:00,2020,1,KC,HOU,14.0,0.7475180228223475,0.24469987601033732,0.007782101167315175,KC,0.7475180228223475,1,7.7199876022896134,0.7739986354775916,0.21821926335509334,0.007782101167315175,KC,0.7739986354775916,1,8.904400504283819,0.5553398058252427,0.4368932038834951,0.007766990291262136,KC,0.5553398058252427,1,13,13,9.717734296690518,15,15,11.609979532163875,6,6,3.3320388349514563
2020_01_CHI_DET,2020-09-13T13:00-04:00,2020,1,DET,CHI,-4.0,0.5070220223004959,0.48519587653218904,0.007782101167315175,DET,0.5070220223004959,0,0.3041865783250761,0.5065795483797735,0.4856383504529115,0.007782101167315175,DET,0.5065795483797735,0,0.2969176447912103,0.5553398058252427,0.4368932038834951,0.007766990291262136,DET,0.5553398058252427,0,1,0,0.5070220223004959,1,0,0.5065795483797735,2,0,1.1106796116504853
2020_01_CLE_BAL,2020-09-13T13:00-04:00,2020,1,BAL,CLE,32.0,0.8518941073111879,0.14032379152149715,0.007782101167315175,BAL,0.8518941073111879,1,12.467761109181058,0.799864180305022,0.19235371852766286,0.007782101167315175,BAL,0.799864180305022,1,10.02291880337365,0.5553398058252427,0.4368932038834951,0.007766990291262136,BAL,0.5553398058252427,1,16,16,13.630305716979006,16,16,12.797826884880353,3,3,1.6660194174757281
2020_01_GB_MIN,2020-09-13T13:00-04:00,2020,1,MIN,GB,-9.0,0.5275289065758053,0.4646889922568796,0.007782101167315175,MIN,0.5275289065758053,0,0.8768194723102569,0.5383962947452007,0.45382160408748423,0.007782101167315175,MIN,0.5383962947452007,0,1.2018922229573152,0.5553398058252427,0.4368932038834951,0.007766990291262136,MIN,0.5553398058252427,0,4,0,2.1101156263032212,5,0,2.6919814737260035,5,0,2.7766990291262132
2020_01_IND_JAX,2020-09-13T13:00-04:00,2020,1,JAX,IND,7.0,0.38329828861032383,0.608919610222361,0.007782101167315175,IND,0.608919610222361,0,-3.199864634673568,0.38644869145473154,0.6057692073779534,0.007782101167315175,IND,0.6057692073779534,0,-3.1613800472378606,0.5553398058252427,0.4368932038834951,0.007766990291262136,JAX,0.5553398058252427,1,9,0,5.480276492001249,9,0,5.45192286640158,7,7,3.887378640776699
2020_01_LV_CAR,2020-09-13T13:00-04:00,2020,1,CAR,LV,-4.0,0.42593083594198783,0.566287062890697,0.007782101167315175,LV,0.566287062890697,1,-1.9690049436689927,0.424415909958786,0.5678019888738988,0.007782101167315175,LV,0.5678019888738988,1,-2.047047232320338,0.5553398058252427,0.4368932038834951,0.007766990291262136,CAR,0.5553398058252427,0,7,7,3.9640094402348787,7,7,3.9746139221172916,9,0,4.998058252427184
2020_01_MIA_NE,2020-09-13T13:00-04:00,2020,1,NE,MIA,10.0,0.7607132034942767,0.23150469533840817,0.007782101167315175,NE,0.7607132034942767,1,8.22415883430921,0.7535540893662867,0.23866380946639826,0.007782101167315175,NE,0.7535540893662867,1,8.086275609120651,0.5553398058252427,0.4368932038834951,0.007766990291262136,NE,0.5553398058252427,1,14,14,10.649984848919875,14,14,10.549757251128014,10,10,5.5533980582524265
2020_01_NYJ_BUF,2020-09-13T13:00-04:00,2020,1,BUF,NYJ,10.0,0.6436167339278838,0.3486011649048012,0.007782101167315175,BUF,0.6436167339278838,1,4.238911910699755,0.6332560898148615,0.3589618090178233,0.007782101167315175,BUF,0.6332560898148615,1,3.9924042112327505,0.5553398058252427,0.4368932038834951,0.007766990291262136,BUF,0.5553398058252427,1,10,10,6.436167339278837,10,10,6.332560898148615,11,11,6.1087378640776695
2020_01_PHI_WAS,2020-09-13T13:00-04:00,2020,1,WAS,PHI,10.0,0.25995043281518687,0.7322674660174979,0.007782101167315175,PHI,0.7322674660174979,0,-7.159538763961018,0.303615138408454,0.6886027604242307,0.007782101167315175,PHI,0.6886027604242307,0,-5.759434698047044,0.5553398058252427,0.4368932038834951,0.007766990291262136,WAS,0.5553398058252427,1,12,0,8.787209592209976,11,0,7.574630364666538,12,12,6.6640776699029125
2020_01_SEA_ATL,2020-09-13T13:00-04:00,2020,1,ATL,SEA,-13.0,0.5283912623597635,0.4638266364729214,0.007782101167315175,ATL,0.5283912623597635,0,0.9009520287768833,0.5313105862877842,0.4609073125449008,0.007782101167315175,ATL,0.5313105862877842,0,0.9997543037454164,0.5553398058252427,0.4368932038834951,0.007766990291262136,ATL,0.5553398058252427,0,6,0,3.170347574158581,4,0,2.1252423451511366,14,0,7.774757281553398
2020_01_LAC_CIN,2020-09-13T16:05-04:00,2020,1,CIN,LAC,-3.0,0.39289443437948507,0.5993234644531998,0.007782101167315175,LAC,0.5993234644531998,1,-2.9191099301819694,0.4098552449352492,0.5823626538974356,0.007782101167315175,LAC,0.5823626538974356,1,-2.4706544831142607,0.5553398058252427,0.4368932038834951,0.007766990291262136,CIN,0.5553398058252427,0,8,8,4.794587715625599,8,8,4.658901231179485,8,0,4.442718446601941
2020_01_ARI_SF,2020-09-13T16:25-04:00,2020,1,SF,ARI,-4.0,0.666340589255385,0.32587730957729977,0.007782101167315175,SF,0.666340589255385,0,4.9447696039362175,0.6916717230843346,0.30054617574835024,0.007782101167315175,SF,0.6916717230843346,0,5.8621630088564185,0.5553398058252427,0.4368932038834951,0.007766990291262136,SF,0.5553398058252427,0,11,0,7.329746481809234,12,0,8.300060677012015,1,0,0.5553398058252427
2020_01_TB_NO,2020-09-13T16:25-04:00,2020,1,NO,TB,11.0,0.776293251196313,0.21592464763637198,0.007782101167315175,NO,0.776293251196313,1,8.845950728046528,0.7425074656892853,0.24971043314339966,0.007782101167315175,NO,0.7425074656892853,1,7.664191270322901,0.5553398058252427,0.4368932038834951,0.007766990291262136,NO,0.5553398058252427,1,15,15,11.644398767944695,13,13,9.652597053960708,15,15,8.33009708737864
2020_01_DAL_LA,2020-09-13T20:20-04:00,2020,1,LAR,DAL,3.0,0.5166784116785121,0.4755394871541727,0.007782101167315175,LAR,0.5166784116785121,1,0.5735812047504658,0.5161109133399273,0.4761069854927576,0.007782101167315175,LAR,0.5161109133399273,1,0.5674245313983755,0.5553398058252427,0.4368932038834951,0.007766990291262136,LAR,0.5553398058252427,1,2,2,1.0333568233570243,2,2,1.0322218266798546,4,4,2.2213592233009707
2020_01_PIT_NYG,2020-09-14T19:15-04:00,2020,1,NYG,PIT,-10.0,0.4643945992552268,0.527823299577458,0.007782101167315175,PIT,0.527823299577458,1,-0.8850572928106265,0.4723412720568596,0.5198766267758252,0.007782101167315175,PIT,0.5198766267758252,1,-0.6744027340792437,0.5553398058252427,0.4368932038834951,0.007766990291262136,NYG,0.5553398058252427,0,5,5,2.63911649788729,3,3,1.5596298803274757,13,0,7.219417475728155
2020_01_TEN_DEN,2020-09-14T22:10-04:00,2020,1,DEN,TEN,-2.0,0.4696014369252077,0.5226164619074771,0.007782101167315175,TEN,0.5226164619074771,1,-0.7394446947809383,0.4335878455721717,0.5586300532605131,0.007782101167315175,TEN,0.5586300532605131,1,-1.7821396114950674,0.5553398058252427,0.4368932038834951,0.007766990291262136,DEN,0.5553398058252427,0,3,3,1.5678493857224314,6,6,3.3517803195630784,16,0,8.885436893203883
2020_02_CIN_CLE,2020-09-17T20:20-04:00,2020,2,CLE,CIN,5.0,0.5486773185811203,0.4435405802515644,0.007782101167315175,CLE,0.5486773185811203,1,1.4705533557334118,0.5477910601528856,0.4444268386797991,0.007782101167315175,CLE,0.5477910601528856,1,1.4706817813961743,0.5553398058252427,0.4368932038834951,0.007766990291262136,CLE,0.5553398058252427,1,4,4,2.1947092743244814,3,3,1.6433731804586569,5,5,2.7766990291262132
2020_02_ATL_DAL,2020-09-20T13:00-04:00,2020,2,DAL,ATL,1.0,0.6746666288404598,0.31755126999222516,0.007782101167315175,DAL,0.6746666288404598,1,5.209535621029644,0.6693902345427354,0.3228276642899494,0.007782101167315175,DAL,0.6693902345427354,1,5.128881139542555,0.5553398058252427,0.4368932038834951,0.007766990291262136,DAL,0.5553398058252427,1,10,10,6.746666288404598,11,11,7.363292579970089,1,1,0.5553398058252427
2020_02_BUF_MIA,2020-09-20T13:00-04:00,2020,2,MIA,BUF,-3.0,0.3997130678251283,0.5925048310075566,0.007782101167315175,BUF,0.5925048310075566,1,-2.7210617557746373,0.4066890396027512,0.5855288592299336,0.007782101167315175,BUF,0.5855288592299336,1,-2.5633316284018717,0.5553398058252427,0.4368932038834951,0.007766990291262136,MIA,0.5553398058252427,0,6,6,3.5550289860453397,5,5,2.927644296149668,3,0,1.6660194174757281
2020_02_CAR_TB,2020-09-20T13:00-04:00,2020,2,TB,CAR,14.0,0.6510905567208769,0.3411273421118079,0.007782101167315175,TB,0.6510905567208769,1,4.468549424460172,0.6532995472933144,0.3389183515393704,0.007782101167315175,TB,0.6532995472933144,1,4.615661144243905,0.5553398058252427,0.4368932038834951,0.007766990291262136,TB,0.5553398058252427,1,9,9,5.8598150104878926,9,9,5.87969592563983,4,4,2.2213592233009707
2020_02_DEN_PIT,2020-09-20T13:00-04:00,2020,2,PIT,DEN,5.0,0.6109244112404967,0.3812934875921881,0.007782101167315175,PIT,0.6109244112404967,1,3.25884061306981,0.6059973588105051,0.3862205400221798,0.007782101167315175,PIT,0.6059973588105051,1,3.1681818608093,0.5553398058252427,0.4368932038834951,0.007766990291262136,PIT,0.5553398058252427,1,7,7,4.276470878683477,8,8,4.847978870484041,6,6,3.3320388349514563
2020_02_DET_GB,2020-09-20T13:00-04:00,2020,2,GB,DET,21.0,0.7305065880539034,0.2617113107787814,0.007782101167315175,GB,0.7305065880539034,1,7.096224533191838,0.6857654469380104,0.3064524518946744,0.007782101167315175,GB,0.6857654469380104,1,5.6649758324909145,0.5553398058252427,0.4368932038834951,0.007766990291262136,GB,0.5553398058252427,1,14,14,10.227092232754648,12,12,8.229185363256125,7,7,3.887378640776699
2020_02_JAX_TEN,2020-09-20T13:00-04:00,2020,2,TEN,JAX,3.0,0.7160185363802984,0.2761993624523863,0.007782101167315175,TEN,0.7160185363802984,1,6.58525924316896,0.7412038279027262,0.25101407092995853,0.007782101167315175,TEN,0.7412038279027262,1,7.615210732064553,0.5553398058252427,0.4368932038834951,0.007766990291262136,TEN,0.5553398058252427,1,13,13,9.30824097294388,14,14,10.376853590638166,8,8,4.442718446601941
2020_02_LA_PHI,2020-09-20T13:00-04:00,2020,2,PHI,LAR,-18.0,0.4942178376301201,0.49800006120256474,0.007782101167315175,LAR,0.49800006120256474,1,-0.052703836838063234,0.4498577613699744,0.5423601374627104,0.007782101167315175,LAR,0.5423601374627104,1,-1.3151819998427607,0.5553398058252427,0.4368932038834951,0.007766990291262136,PHI,0.5553398058252427,0,1,1,0.49800006120256474,2,2,1.0847202749254208,10,0,5.5533980582524265
2020_02_MIN_IND,2020-09-20T13:00-04:00,2020,2,IND,MIN,17.0,0.536269609584629,0.4559482892480559,0.007782101167315175,IND,0.536269609584629,1,1.1216959095878192,0.5663847203840205,0.4258331784486643,0.007782101167315175,IND,0.5663847203840205,1,2.0060234377850117,0.5553398058252427,0.4368932038834951,0.007766990291262136,IND,0.5553398058252427,1,3,3,1.608808828753887,4,4,2.265538881536082,11,11,6.1087378640776695
2020_02_NYG_CHI,2020-09-20T13:00-04:00,2020,2,CHI,NYG,4.0,0.7469878601825517,0.24523003865013307,0.007782101167315175,CHI,0.7469878601825517,1,7.7001214066648425,0.7471832645789073,0.24503463425377756,0.007782101167315175,CHI,0.7471832645789073,1,7.841284678743849,0.5553398058252427,0.4368932038834951,0.007766990291262136,CHI,0.5553398058252427,1,15,15,11.204817902738275,15,15,11.207748968683608,14,14,7.774757281553398
2020_02_SF_NYJ,2020-09-20T13:00-04:00,2020,2,NYJ,SF,-18.0,0.42483131921461614,0.5673865796180687,0.007782101167315175,SF,0.5673865796180687,1,-2.0002832239775716,0.40016635948444673,0.5920515393482383,0.007782101167315175,SF,0.5920515393482383,1,-2.7549606676191942,0.5553398058252427,0.4368932038834951,0.007766990291262136,NYJ,0.5553398058252427,0,5,5,2.8369328980903434,6,6,3.55230923608943,15,0,8.33009708737864
2020_02_WAS_ARI,2020-09-20T16:05-04:00,2020,2,ARI,WAS,15.0,0.7136034144878546,0.2786144843448303,0.007782101167315175,ARI,0.7136034144878546,1,6.501716315713576,0.7130664279874216,0.27915147084526315,0.007782101167315175,ARI,0.7130664279874216,1,6.595786056151929,0.5553398058252427,0.4368932038834951,0.007766990291262136,ARI,0.5553398058252427,1,12,12,8.563240973854255,13,13,9.26986356383648,16,16,8.885436893203883
2020_02_BAL_HOU,2020-09-20T16:25-04:00,2020,2,HOU,BAL,-17.0,0.2858405399392598,0.7063773588934251,0.007782101167315175,BAL,0.7063773588934251,1,-6.254347711800669,0.323317752063617,0.6689001467690678,0.007782101167315175,BAL,0.6689001467690678,1,-5.113061105813821,0.5553398058252427,0.4368932038834951,0.007766990291262136,HOU,0.5553398058252427,0,11,11,7.770150947827676,10,10,6.689001467690678,2,0,1.1106796116504853
2020_02_KC_LAC,2020-09-20T16:25-04:00,2020,2,LAC,KC,-3.0,0.22936220717938338,0.7628556916533014,0.007782101167315175,KC,0.7628556916533014,1,-8.307877119394234,0.2349389798269076,0.7572789190057773,0.007782101167315175,KC,0.7572789190057773,1,-8.23158605147556,0.5553398058252427,0.4368932038834951,0.007766990291262136,LAC,0.5553398058252427,0,16,16,12.205691066452822,16,16,12.116462704092436,9,0,4.998058252427184
2020_02_NE_SEA,2020-09-20T20:20-04:00,2020,2,SEA,NE,5.0,0.5220315276696831,0.47018637116300166,0.007782101167315175,SEA,0.5220315276696831,1,0.7230974578758238,0.5280360024640421,0.46418189636864265,0.007782101167315175,SEA,0.5280360024640421,1,0.9064825512930921,0.5553398058252427,0.4368932038834951,0.007766990291262136,SEA,0.5553398058252427,1,2,2,1.0440630553393662,1,1,0.5280360024640421,12,12,6.6640776699029125
2020_02_NO_LV,2020-09-21T20:15-04:00,2020,2,LV,NO,10.0,0.3569297970459622,0.6352881017867227,0.007782101167315175,NO,0.6352881017867227,0,-3.9856489959134827,0.39026281882686714,0.6019550800058178,0.007782101167315175,NO,0.6019550800058178,0,-3.047883032278522,0.5553398058252427,0.4368932038834951,0.007766990291262136,LV,0.5553398058252427,1,8,0,5.0823048142937814,7,0,4.213685560040725,13,13,7.219417475728155
2020_03_MIA_JAX,2020-09-24T20:20-04:00,2020,3,JAX,MIA,-18.0,0.6236600596573845,0.3685578391753004,0.007782101167315175,JAX,0.6236600596573845,0,3.6363206024995174,0.6217108877616088,0.3705070110710762,0.007782101167315175,JAX,0.6217108877616088,0,3.6403544582319234,0.5553398058252427,0.4368932038834951,0.007766990291262136,JAX,0.5553398058252427,0,10,0,6.236600596573845,10,0,6.217108877616088,11,0,6.1087378640776695
2020_03_CHI_ATL,2020-09-27T13:00-04:00,2020,3,ATL,CHI,-4.0,0.5714654059599387,0.42075249287274613,0.007782101167315175,ATL,0.5714654059599387,0,2.1164952408709317,0.5729334479617362,0.4192844508709487,0.007782101167315175,ATL,0.5729334479617362,0,2.195875739455417,0.5553398058252427,0.4368932038834951,0.007766990291262136,ATL,0.5553398058252427,0,6,0,3.428792435759632,5,0,2.8646672398086808,2,0,1.1106796116504853
2020_03_CIN_PHI,2020-09-27T13:00-04:00,2020,3,PHI,CIN,0.0,0.6303746686339755,0.36184323019870934,0.007782101167315175,PHI,0.6303746686339755,0,3.83745949950739,0.5898222702080791,0.4023956286246056,0.007782101167315175,PHI,0.5898222702080791,0,2.6893570510858833,0.5553398058252427,0.4368932038834951,0.007766990291262136,PHI,0.5553398058252427,0,11,0,6.934121354973731,6,0,3.5389336212484745,3,0,1.6660194174757281
2020_03_HOU_PIT,2020-09-27T13:00-04:00,2020,3,PIT,HOU,7.0,0.5663565416395956,0.42586135719308926,0.007782101167315175,PIT,0.5663565416395956,1,1.9709808306522534,0.5963180916142489,0.3958998072184358,0.007782101167315175,PIT,0.5963180916142489,1,2.8808513815608956,0.5553398058252427,0.4368932038834951,0.007766990291262136,PIT,0.5553398058252427,1,5,5,2.831782708197978,8,8,4.770544732913991,7,7,3.887378640776699
2020_03_LA_BUF,2020-09-27T13:00-04:00,2020,3,BUF,LAR,3.0,0.4489238562858081,0.5432940425468767,0.007782101167315175,LAR,0.5432940425468767,0,-1.3189928642558308,0.44370830545472906,0.5485095933779559,0.007782101167315175,LAR,0.5485095933779559,0,-1.4912810739255118,0.5553398058252427,0.4368932038834951,0.007766990291262136,BUF,0.5553398058252427,1,1,0,0.5432940425468767,3,0,1.6455287801338678,9,9,4.998058252427184
2020_03_LV_NE,2020-09-27T13:00-04:00,2020,3,NE,LV,16.0,0.6892922613525116,0.3029256374801732,0.007782101167315175,NE,0.6892922613525116,1,5.683761553855386,0.6830138446065342,0.30920405422615066,0.007782101167315175,NE,0.6830138446065342,1,5.573831421174408,0.5553398058252427,0.4368932038834951,0.007766990291262136,NE,0.5553398058252427,1,14,14,9.650091658935164,14,14,9.56219382449148,10,10,5.5533980582524265
2020_03_SF_NYG,2020-09-27T13:00-04:00,2020,3,NYG,SF,-27.0,0.38250288326525894,0.6097150155674259,0.007782101167315175,SF,0.6097150155674259,1,-3.2232495674982067,0.3556377621610671,0.6365801366716178,0.007782101167315175,SF,0.6365801366716178,1,-4.094656522555318,0.5553398058252427,0.4368932038834951,0.007766990291262136,NYG,0.5553398058252427,0,8,8,4.877720124539407,11,11,7.002381503387796,13,0,7.219417475728155
2020_03_TEN_MIN,2020-09-27T13:00-04:00,2020,3,MIN,TEN,-1.0,0.4380583887929996,0.5541595100396853,0.007782101167315175,TEN,0.5541595100396853,1,-1.6252616532454864,0.3815569212767658,0.610660977555919,0.007782101167315175,TEN,0.610660977555919,1,-3.3075415729827378,0.5553398058252427,0.4368932038834951,0.007766990291262136,MIN,0.5553398058252427,0,3,3,1.6624785301190559,9,9,5.495948798003271,15,0,8.33009708737864
2020_03_WAS_CLE,2020-09-27T13:00-04:00,2020,3,CLE,WAS,14.0,0.6653550812867085,0.32686281754597635,0.007782101167315175,CLE,0.6653550812867085,1,4.913663033592459,0.6686464672635455,0.3235714315691395,0.007782101167315175,CLE,0.6686464672635455,1,5.104877198876558,0.5553398058252427,0.4368932038834951,0.007766990291262136,CLE,0.5553398058252427,1,13,13,8.649616056727211,13,13,8.692404074426092,16,16,8.885436893203883
2020_03_CAR_LAC,2020-09-27T16:05-04:00,2020,3,LAC,CAR,-5.0,0.6995292673914264,0.29268863144125856,0.007782101167315175,LAC,0.6995292673914264,0,6.0233326854629645,0.7023706202409166,0.28984727859176845,0.007782101167315175,LAC,0.7023706202409166,0,6.225050126048703,0.5553398058252427,0.4368932038834951,0.007766990291262136,LAC,0.5553398058252427,0,15,0,10.492939010871396,15,0,10.535559303613748,1,0,0.5553398058252427
2020_03_NYJ_IND,2020-09-27T16:05-04:00,2020,3,IND,NYJ,29.0,0.7129207199016677,0.2792971789310172,0.007782101167315175,IND,0.7129207199016677,1,6.478181050196708,0.7055061709411893,0.2867117278914955,0.007782101167315175,IND,0.7055061709411893,1,6.332875944229753,0.5553398058252427,0.4368932038834951,0.007766990291262136,IND,0.5553398058252427,1,16,16,11.406731518426684,16,16,11.288098735059028,12,12,6.6640776699029125
2020_03_DAL_SEA,2020-09-27T16:25-04:00,2020,3,SEA,DAL,7.0,0.5900857407880946,0.40213215804459024,0.007782101167315175,SEA,0.5900857407880946,1,2.6510670523309656,0.5909422190380929,0.4012756797945921,0.007782101167315175,SEA,0.5909422190380929,1,2.722300627993261,0.5553398058252427,0.4368932038834951,0.007766990291262136,SEA,0.5553398058252427,1,7,7,4.130600185516663,7,7,4.13659553326665,4,4,2.2213592233009707
2020_03_DET_ARI,2020-09-27T16:25-04:00,2020,3,ARI,DET,-3.0,0.6521716920510254,0.3400462067816594,0.007782101167315175,ARI,0.6521716920510254,0,4.501963371906421,0.6463273027677772,0.3458905960649078,0.007782101167315175,ARI,0.6463273027677772,0,4.396980737278537,0.5553398058252427,0.4368932038834951,0.007766990291262136,ARI,0.5553398058252427,0,12,0,7.826060304612305,12,0,7.755927633213326,5,0,2.7766990291262132
2020_03_TB_DEN,2020-09-27T16:25-04:00,2020,3,DEN,TB,-18.0,0.5449140091528627,0.44730388967982215,0.007782101167315175,DEN,0.5449140091528627,0,1.3645664487857563,0.5415131466511526,0.4507047521815323,0.007782101167315175,DEN,0.5415131466511526,0,1.2909605279455698,0.5553398058252427,0.4368932038834951,0.007766990291262136,DEN,0.5553398058252427,0,2,0,1.0898280183057254,1,0,0.5415131466511526,14,0,7.774757281553398
2020_03_GB_NO,2020-09-27T20:20-04:00,2020,3,NO,GB,-7.0,0.5571543661227535,0.4350635327099314,0.007782101167315175,NO,0.5571543661227535,0,1.7099459307731832,0.5653987626370165,0.42681913619566836,0.007782101167315175,NO,0.5653987626370165,0,1.9775042447232931,0.5553398058252427,0.4368932038834951,0.007766990291262136,NO,0.5553398058252427,0,4,0,2.228617464491014,4,0,2.261595050548066,6,0,3.3320388349514563
2020_03_KC_BAL,2020-09-28T20:15-04:00,2020,3,BAL,KC,-14.0,0.6152097807477896,0.3770081180848952,0.007782101167315175,BAL,0.6152097807477896,0,3.385299359055045,0.5449874801946084,0.44723041863807633,0.007782101167315175,BAL,0.5449874801946084,0,1.3903665055642849,0.5553398058252427,0.4368932038834951,0.007766990291262136,BAL,0.5553398058252427,0,9,0,5.536888026730107,2,0,1.0899749603892168,8,0,4.442718446601941
2020_04_DEN_NYJ,2020-10-01T20:20-04:00,2020,4,NYJ,DEN,-9.0,0.5421882609562761,0.45002963787640876,0.007782101167315175,NYJ,0.5421882609562761,0,1.2879010107225586,0.538679052457313,0.453538846375372,0.007782101167315175,NYJ,0.538679052457313,0,1.2099683406426207,0.5553398058252427,0.4368932038834951,0.007766990291262136,NYJ,0.5553398058252427,0,3,0,1.6265647828688286,3,0,1.616037157371939,6,0,3.3320388349514563
2020_04_ARI_CAR,2020-10-04T13:00-04:00,2020,4,CAR,ARI,10.0,0.4534282693532076,0.5387896294794773,0.007782101167315175,ARI,0.5387896294794773,0,-1.1924197487210733,0.4572289346133758,0.534988964219309,0.007782101167315175,ARI,0.534988964219309,0,-1.104632723107563,0.5553398058252427,0.4368932038834951,0.007766990291262136,CAR,0.5553398058252427,1,2,0,1.0775792589589546,2,0,1.069977928438618,1,1,0.5553398058252427
2020_04_BAL_WAS,2020-10-04T13:00-04:00,2020,4,WAS,BAL,-14.0,0.1359986047332126,0.8562192940994723,0.007782101167315175,BAL,0.8562192940994723,1,-12.719204245876655,0.16452241052768007,0.8276954883050047,0.007782101167315175,BAL,0.8276954883050047,1,-11.362672726625442,0.5553398058252427,0.4368932038834951,0.007766990291262136,WAS,0.5553398058252427,0,15,15,12.843289411492083,14,14,11.587736836270066,3,0,1.6660194174757281
2020_04_CLE_DAL,2020-10-04T13:00-04:00,2020,4,DAL,CLE,-11.0,0.6832883410545703,0.3089295577781147,0.007782101167315175,DAL,0.6832883410545703,0,5.487608105481951,0.6795231298986828,0.31269476893400205,0.007782101167315175,DAL,0.6795231298986828,0,5.458840420643795,0.5553398058252427,0.4368932038834951,0.007766990291262136,DAL,0.5553398058252427,0,10,0,6.832883410545703,10,0,6.7952312989868275,5,0,2.7766990291262132
2020_04_JAX_CIN,2020-10-04T13:00-04:00,2020,4,CIN,JAX,8.0,0.5994462352137532,0.3927716636189318,0.007782101167315175,CIN,0.5994462352137532,1,2.922686430111055,0.6012347822773239,0.39098311655536105,0.007782101167315175,CIN,0.6012347822773239,1,3.026493351449052,0.5553398058252427,0.4368932038834951,0.007766990291262136,CIN,0.5553398058252427,1,6,6,3.596677411282519,6,6,3.607408693663943,8,8,4.442718446601941
2020_04_LAC_TB,2020-10-04T13:00-04:00,2020,4,TB,LAC,7.0,0.6356921188101063,0.3565257800225785,0.007782101167315175,TB,0.6356921188101063,1,3.9978734933216575,0.6323237039302192,0.35989419490246566,0.007782101167315175,TB,0.6323237039302192,1,3.9637968015070753,0.5553398058252427,0.4368932038834951,0.007766990291262136,TB,0.5553398058252427,1,8,8,5.085536950480851,9,9,5.690913335371973,9,9,4.998058252427184
2020_04_MIN_HOU,2020-10-04T13:00-04:00,2020,4,HOU,MIN,-8.0,0.5565384586898457,0.43567944014283905,0.007782101167315175,HOU,0.5565384586898457,0,1.6925199533197766,0.553567145398081,0.4386507534346037,0.007782101167315175,HOU,0.553567145398081,0,1.6364592278119718,0.5553398058252427,0.4368932038834951,0.007766990291262136,HOU,0.5553398058252427,0,4,0,2.226153834759383,4,0,2.214268581592324,10,0,5.5533980582524265
2020_04_NO_DET,2020-10-04T13:00-04:00,2020,4,DET,NO,-6.0,0.34177724341904053,0.6504406554136444,0.007782101167315175,NO,0.6504406554136444,1,-4.4484876226860814,0.3744041777095986,0.6178137211230862,0.007782101167315175,NO,0.6178137211230862,1,-3.5225378716275784,0.5553398058252427,0.4368932038834951,0.007766990291262136,DET,0.5553398058252427,0,9,9,5.8539658987228,7,7,4.324696047861603,12,0,6.6640776699029125
2020_04_SEA_MIA,2020-10-04T13:00-04:00,2020,4,MIA,SEA,-8.0,0.37442546693482776,0.617792431897857,0.007782101167315175,SEA,0.617792431897857,1,-3.4617796683721256,0.36879123187361146,0.6234266669590734,0.007782101167315175,SEA,0.6234266669590734,1,-3.692382691934888,0.5553398058252427,0.4368932038834951,0.007766990291262136,MIA,0.5553398058252427,0,7,7,4.324547023285,8,8,4.987413335672588,15,0,8.33009708737864
2020_04_NYG_LA,2020-10-04T16:05-04:00,2020,4,LAR,NYG,8.0,0.8485158765052941,0.14370202232739063,0.007782101167315175,LAR,0.8485158765052941,1,12.275835674630866,0.8443508852775923,0.14786701355509266,0.007782101167315175,LAR,0.8443508852775923,1,12.253459766651792,0.5553398058252427,0.4368932038834951,0.007766990291262136,LAR,0.5553398058252427,1,14,14,11.879222271074118,15,15,12.665263279163884,13,13,7.219417475728155
2020_04_BUF_LV,2020-10-04T16:25-04:00,2020,4,LV,BUF,-7.0,0.503131477433826,0.48908642139885883,0.007782101167315175,LV,0.503131477433826,0,0.19572460160898075,0.5089896559149483,0.4832282429177366,0.007782101167315175,LV,0.5089896559149483,0,0.36528957980861293,0.5553398058252427,0.4368932038834951,0.007766990291262136,LV,0.5553398058252427,0,1,0,0.503131477433826,1,0,0.5089896559149483,4,0,2.2213592233009707
2020_04_IND_CHI,2020-10-04T16:25-04:00,2020,4,CHI,IND,-8.0,0.39782579499843806,0.5943921038342467,0.007782101167315175,IND,0.5943921038342467,1,-2.7757642965038714,0.4087141874732168,0.583503711359468,0.007782101167315175,IND,0.583503711359468,1,-2.5040291961766266,0.5553398058252427,0.4368932038834951,0.007766990291262136,CHI,0.5553398058252427,0,5,5,2.9719605191712333,5,5,2.91751855679734,7,0,3.887378640776699
2020_04_PHI_SF,2020-10-04T20:20-04:00,2020,4,SF,PHI,-5.0,0.6998699659741543,0.2923479328585305,0.007782101167315175,SF,0.6998699659741543,0,6.034750494227849,0.7466255964868123,0.2455923023458726,0.007782101167315175,SF,0.7466255964868123,0,7.820045211387173,0.5553398058252427,0.4368932038834951,0.007766990291262136,SF,0.5553398058252427,0,11,0,7.698569625715697,12,0,8.959507157841747,14,0,7.774757281553398
2020_04_NE_KC,2020-10-05T19:05-04:00,2020,4,KC,NE,16.0,0.7824337070817686,0.2097841917509163,0.007782101167315175,KC,0.7824337070817686,1,9.099860307005432,0.7876546720823233,0.20456322675036162,0.007782101167315175,KC,0.7876546720823233,1,9.481909065489122,0.5553398058252427,0.4368932038834951,0.007766990291262136,KC,0.5553398058252427,1,13,13,10.171638192062993,13,13,10.239510737070203,11,11,6.1087378640776695
2020_04_ATL_GB,2020-10-05T21:00-04:00,2020,4,GB,ATL,14.0,0.7284242376202529,0.263793661212432,0.007782101167315175,GB,0.7284242376202529,1,7.021703120476681,0.6932115807957951,0.2990063180368897,0.007782101167315175,GB,0.6932115807957951,1,5.913930249747665,0.5553398058252427,0.4368932038834951,0.007766990291262136,GB,0.5553398058252427,1,12,12,8.741090851443035,11,11,7.625327388753747,2,2,1.1106796116504853
2020_05_TB_CHI,2020-10-08T20:20-04:00,2020,5,CHI,TB,1.0,0.45236105527039616,0.5398568435622886,0.007782101167315175,TB,0.5398568435622886,0,-1.222389451650908,0.4613212571521366,0.5308966416805482,0.007782101167315175,TB,0.5308966416805482,0,-0.9879590162880816,0.5553398058252427,0.4368932038834951,0.007766990291262136,CHI,0.5553398058252427,1,1,0,0.5398568435622886,1,0,0.5308966416805482,14,14,7.774757281553398
2020_05_ARI_NYJ,2020-10-11T13:00-04:00,2020,5,NYJ,ARI,-20.0,0.40493900009360545,0.5872788987390793,0.007782101167315175,ARI,0.5872788987390793,1,-2.5700206811738133,0.41308328091855445,0.5791346179141305,0.007782101167315175,ARI,0.5791346179141305,1,-2.376385538463973,0.5553398058252427,0.4368932038834951,0.007766990291262136,NYJ,0.5553398058252427,0,3,3,1.761836696217238,3,3,1.7374038537423915,1,0,0.5553398058252427
2020_05_CAR_ATL,2020-10-11T13:00-04:00,2020,5,ATL,CAR,-7.0,0.6377693156945139,0.3544485831381709,0.007782101167315175,ATL,0.6377693156945139,0,4.060820618081639,0.6381343051630235,0.3540835936696614,0.007782101167315175,ATL,0.6381343051630235,0,4.142609098521692,0.5553398058252427,0.4368932038834951,0.007766990291262136,ATL,0.5553398058252427,0,7,0,4.4643852098615975,7,0,4.466940136141164,3,0,1.6660194174757281
2020_05_CIN_BAL,2020-10-11T13:00-04:00,2020,5,BAL,CIN,24.0,0.7893907692283745,0.20282712960431035,0.007782101167315175,BAL,0.7893907692283745,1,9.394201421821538,0.7469903835124184,0.2452275153202664,0.007782101167315175,BAL,0.7469903835124184,1,7.8339348997998455,0.5553398058252427,0.4368932038834951,0.007766990291262136,BAL,0.5553398058252427,1,13,13,10.262079999968869,11,11,8.216894218636602,4,4,2.2213592233009707
2020_05_JAX_HOU,2020-10-11T13:00-04:00,2020,5,HOU,JAX,16.0,0.61842224835219,0.373795650480495,0.007782101167315175,HOU,0.61842224835219,1,3.4804618360251185,0.5961468801639241,0.39607101866876054,0.007782101167315175,HOU,0.5961468801639241,1,2.8757908970957917,0.5553398058252427,0.4368932038834951,0.007766990291262136,HOU,0.5553398058252427,1,6,6,3.7105334901131397,4,4,2.3845875206556966,6,6,3.3320388349514563
2020_05_LA_WAS,2020-10-11T13:00-04:00,2020,5,WAS,LAR,-20.0,0.21788293706838258,0.7743349617643024,0.007782101167315175,LAR,0.7743349617643024,1,-8.76607562053547,0.21832017811890858,0.7738977207137763,0.007782101167315175,LAR,0.7738977207137763,1,-8.900231777364386,0.5553398058252427,0.4368932038834951,0.007766990291262136,WAS,0.5553398058252427,0,11,11,8.517684579407327,13,13,10.06067036927909,8,0,4.442718446601941
2020_05_LV_KC,2020-10-11T13:00-04:00,2020,5,KC,LV,-8.0,0.8517210622371076,0.14049683659557727,0.007782101167315175,KC,0.8517210622371076,0,12.457836901913927,0.851235985153978,0.14098191367870674,0.007782101167315175,KC,0.851235985153978,0,12.645927705072737,0.5553398058252427,0.4368932038834951,0.007766990291262136,KC,0.5553398058252427,0,14,0,11.924094871319507,14,0,11.917303792155693,9,0,4.998058252427184
2020_05_PHI_PIT,2020-10-11T13:00-04:00,2020,5,PIT,PHI,9.0,0.5961541435335186,0.39606375529916626,0.007782101167315175,PIT,0.5961541435335186,1,2.8269144486709674,0.6221807471343467,0.3700371516983382,0.007782101167315175,PIT,0.6221807471343467,1,3.6545924431114365,0.5553398058252427,0.4368932038834951,0.007766990291262136,PIT,0.5553398058252427,1,5,5,2.980770717667593,6,6,3.7330844828060803,13,13,7.219417475728155
2020_05_MIA_SF,2020-10-11T16:05-04:00,2020,5,SF,MIA,-26.0,0.7169163405004207,0.2753015583322641,0.007782101167315175,SF,0.7169163405004207,0,6.616429920110949,0.7288708518604655,0.2633470469722195,0.007782101167315175,SF,0.7288708518604655,0,7.159867621783232,0.5553398058252427,0.4368932038834951,0.007766990291262136,SF,0.5553398058252427,0,9,0,6.452247064503787,9,0,6.5598376667441896,10,0,5.5533980582524265
2020_05_IND_CLE,2020-10-11T16:25-04:00,2020,5,CLE,IND,9.0,0.42249234904689387,0.5697255497857909,0.007782101167315175,IND,0.5697255497857909,0,-2.0668887080186207,0.42361851498472747,0.5685993838479574,0.007782101167315175,IND,0.5685993838479574,0,-2.070143535120005,0.5553398058252427,0.4368932038834951,0.007766990291262136,CLE,0.5553398058252427,1,2,0,1.1394510995715819,2,0,1.1371987676959148,5,5,2.7766990291262132
2020_05_NYG_DAL,2020-10-11T16:25-04:00,2020,5,DAL,NYG,3.0,0.7754798948240729,0.21673800400861196,0.007782101167315175,DAL,0.7754798948240729,1,8.81271228403659,0.7722565179521341,0.21996138088055064,0.007782101167315175,DAL,0.7722565179521341,1,8.832627847521323,0.5553398058252427,0.4368932038834951,0.007766990291262136,DAL,0.5553398058252427,1,12,12,9.305758737888874,12,12,9.26707821542561,12,12,6.6640776699029125
2020_05_MIN_SEA,2020-10-11T20:20-04:00,2020,5,SEA,MIN,1.0,0.7120594261873381,0.28015847264534666,0.007782101167315175,SEA,0.7120594261873381,1,6.4485385997510125,0.7315015118982886,0.26071638693439625,0.007782101167315175,SEA,0.7315015118982886,1,7.255815233932962,0.5553398058252427,0.4368932038834951,0.007766990291262136,SEA,0.5553398058252427,1,8,8,5.696475409498705,10,10,7.3150151189828865,11,11,6.1087378640776695
2020_05_LAC_NO,2020-10-12T20:15-04:00,2020,5,NO,LAC,3.0,0.7466762637900364,0.2455416350426485,0.007782101167315175,NO,0.7466762637900364,1,7.688458761277634,0.7202810114207105,0.2719368874119742,0.007782101167315175,NO,0.7202810114207105,1,6.850745784777252,0.5553398058252427,0.4368932038834951,0.007766990291262136,NO,0.5553398058252427,1,10,10,7.466762637900364,8,8,5.762248091365684,7,7,3.887378640776699
2020_05_BUF_TEN,2020-10-13T19:00-04:00,2020,5,TEN,BUF,26.0,0.5901215677114039,0.40209633112128096,0.007782101167315175,TEN,0.5901215677114039,1,2.652102692300694,0.6199023821261365,0.3723155167065483,0.007782101167315175,TEN,0.6199023821261365,1,3.5856196998443886,0.5553398058252427,0.4368932038834951,0.007766990291262136,TEN,0.5553398058252427,1,4,4,2.3604862708456156,5,5,3.0995119106306825,2,2,1.1106796116504853
2020_06_ATL_MIN,2020-10-18T13:00-04:00,2020,6,MIN,ATL,-17.0,0.5824239634284041,0.40979393540428083,0.007782101167315175,MIN,0.5824239634284041,0,2.4302443238544824,0.5578388213256965,0.4343790775069883,0.007782101167315175,MIN,0.5578388213256965,0,1.7593483580585596,0.5553398058252427,0.4368932038834951,0.007766990291262136,MIN,0.5553398058252427,0,5,0,2.9121198171420204,4,0,2.231355285302786,2,0,1.1106796116504853
2020_06_BAL_PHI,2020-10-18T13:00-04:00,2020,6,PHI,BAL,-2.0,0.2595104268339619,0.7327074719987229,0.007782101167315175,BAL,0.7327074719987229,1,-7.17540276309766,0.2775172497047145,0.7147006491279704,0.007782101167315175,BAL,0.7147006491279704,1,-6.653180743157059,0.5553398058252427,0.4368932038834951,0.007766990291262136,PHI,0.5553398058252427,0,10,10,7.327074719987229,10,10,7.147006491279704,3,0,1.6660194174757281
2020_06_CHI_CAR,2020-10-18T13:00-04:00,2020,6,CAR,CHI,-7.0,0.5812506633092983,0.4109672355233866,0.007782101167315175,CAR,0.5812506633092983,0,2.3965390372680706,0.5733607032756157,0.4188571955570691,0.007782101167315175,CAR,0.5733607032756157,0,2.208289063841267,0.5553398058252427,0.4368932038834951,0.007766990291262136,CAR,0.5553398058252427,0,4,0,2.3250026532371932,5,0,2.8668035163780785,4,0,2.2213592233009707
2020_06_CIN_IND,2020-10-18T13:00-04:00,2020,6,IND,CIN,4.0,0.7467550243510052,0.24546287448167958,0.007782101167315175,IND,0.7467550243510052,1,7.691405727237301,0.7435238135625726,0.24869408527011228,0.007782101167315175,IND,0.7435238135625726,1,7.7024955259969525,0.5553398058252427,0.4368932038834951,0.007766990291262136,IND,0.5553398058252427,1,12,12,8.961060292212062,11,11,8.1787619491883,5,5,2.7766990291262132
2020_06_CLE_PIT,2020-10-18T13:00-04:00,2020,6,PIT,CLE,31.0,0.5901572413104229,0.40206065752226194,0.007782101167315175,PIT,0.5901572413104229,1,2.653133929376242,0.588042420412653,0.40417547842003193,0.007782101167315175,PIT,0.588042420412653,1,2.637062078341237,0.5553398058252427,0.4368932038834951,0.007766990291262136,PIT,0.5553398058252427,1,6,6,3.5409434478625377,7,7,4.116296942888571,6,6,3.3320388349514563
2020_06_DEN_NE,2020-10-18T13:00-04:00,2020,6,NE,DEN,-6.0,0.7857561517999457,0.2064617470327392,0.007782101167315175,NE,0.7857561517999457,0,9.23951437171376,0.778305548788731,0.2139123500439538,0.007782101167315175,NE,0.778305548788731,0,9.083625613597235,0.5553398058252427,0.4368932038834951,0.007766990291262136,NE,0.5553398058252427,0,14,0,11.00058612519924,14,0,10.896277683042234,7,0,3.887378640776699
2020_06_DET_JAX,2020-10-18T13:00-04:00,2020,6,JAX,DET,-18.0,0.4629048269570844,0.5293130718756004,0.007782101167315175,DET,0.5293130718756004,1,-0.9267544324304807,0.459020465937467,0.5331974328952178,0.007782101167315175,DET,0.5331974328952178,1,-1.0535377418554948,0.5553398058252427,0.4368932038834951,0.007766990291262136,JAX,0.5553398058252427,0,2,2,1.0586261437512008,2,2,1.0663948657904356,8,0,4.442718446601941
2020_06_HOU_TEN,2020-10-18T13:00-04:00,2020,6,TEN,HOU,6.0,0.7343861741760039,0.25783172465668086,0.007782101167315175,TEN,0.7343861741760039,1,7.2360870385862475,0.7636560105718706,0.22856188826081425,0.007782101167315175,TEN,0.7636560105718706,1,8.484106856495758,0.5553398058252427,0.4368932038834951,0.007766990291262136,TEN,0.5553398058252427,1,11,11,8.078247915936043,13,13,9.927528137434319,10,10,5.5533980582524265
2020_06_WAS_NYG,2020-10-18T13:00-04:00,2020,6,NYG,WAS,1.0,0.6314754897106215,0.36074240912206335,0.007782101167315175,NYG,0.6314754897106215,1,3.870584578263768,0.6325501514651419,0.35966774736754303,0.007782101167315175,NYG,0.6325501514651419,1,3.970741706448903,0.5553398058252427,0.4368932038834951,0.007766990291262136,NYG,0.5553398058252427,1,8,8,5.051803917684972,8,8,5.060401211721135,14,14,7.774757281553398
2020_06_NYJ_MIA,2020-10-18T16:05-04:00,2020,6,MIA,NYJ,24.0,0.7574901352846881,0.23472776354799677,0.007782101167315175,MIA,0.7574901352846881,1,8.09922515293582,0.7486275280565244,0.2435903707761603,0.007782101167315175,MIA,0.7486275280565244,1,7.896442761747595,0.5553398058252427,0.4368932038834951,0.007766990291262136,MIA,0.5553398058252427,1,13,13,9.847371758700945,12,12,8.983530336678292,13,13,7.219417475728155
2020_06_GB_TB,2020-10-18T16:25-04:00,2020,6,TB,GB,28.0,0.38727083704352255,0.6049470617891624,0.007782101167315175,GB,0.6049470617891624,0,-3.08333762358311,0.41712810410650847,0.5750897947261764,0.007782101167315175,GB,0.5750897947261764,0,-2.2585605399889817,0.5553398058252427,0.4368932038834951,0.007766990291262136,TB,0.5553398058252427,1,7,0,4.2346294325241365,6,0,3.4505387683570583,9,9,4.998058252427184
2020_06_LA_SF,2020-10-18T20:20-04:00,2020,6,SF,LAR,8.0,0.4231175478068567,0.5691003510258282,0.007782101167315175,LAR,0.5691003510258282,0,-2.0490760872798317,0.4391143965600968,0.5531035022725881,0.007782101167315175,LAR,0.5531035022725881,0,-1.6231362522237007,0.5553398058252427,0.4368932038834951,0.007766990291262136,SF,0.5553398058252427,1,3,0,1.7073010530774848,3,0,1.6593105068177643,12,12,6.6640776699029125
2020_06_KC_BUF,2020-10-19T17:00-04:00,2020,6,BUF,KC,-9.0,0.3302010450658775,0.6620168537668073,0.007782101167315175,KC,0.6620168537668073,1,-4.808647011256758,0.3188191696014647,0.6733987292312202,0.007782101167315175,KC,0.6733987292312202,1,-5.258747249772867,0.5553398058252427,0.4368932038834951,0.007766990291262136,BUF,0.5553398058252427,0,9,9,5.958151683901265,9,9,6.060588563080982,11,0,6.1087378640776695
2020_06_ARI_DAL,2020-10-19T20:15-04:00,2020,6,DAL,ARI,-28.0,0.5146600622040439,0.477557836628641,0.007782101167315175,DAL,0.5146600622040439,0,0.5172439678980226,0.5125930906761227,0.47962480815656217,0.007782101167315175,DAL,0.5125930906761227,0,0.46754800961683074,0.5553398058252427,0.4368932038834951,0.007766990291262136,DAL,0.5553398058252427,0,1,0,0.5146600622040439,1,0,0.5125930906761227,1,0,0.5553398058252427
2020_07_NYG_PHI,2020-10-22T20:20-04:00,2020,7,PHI,NYG,1.0,0.6826981670911421,0.3095197317415427,0.007782101167315175,PHI,0.6826981670911421,1,5.468440552047436,0.6612129078311878,0.33100499100149716,0.007782101167315175,PHI,0.6612129078311878,1,4.866503221206814,0.5553398058252427,0.4368932038834951,0.007766990291262136,PHI,0.5553398058252427,1,9,9,6.1442835038202785,9,9,5.95091617048069,10,10,5.5533980582524265
2020_07_BUF_NYJ,2020-10-25T13:00-04:00,2020,7,NYJ,BUF,-8.0,0.28286987103781036,0.7093480277948745,0.007782101167315175,BUF,0.7093480277948745,1,-6.3555811749888225,0.29456146218904933,0.6976564366436355,0.007782101167315175,BUF,0.6976564366436355,1,-6.06421733866387,0.5553398058252427,0.4368932038834951,0.007766990291262136,NYJ,0.5553398058252427,0,10,10,7.0934802779487445,10,10,6.976564366436355,1,0,0.5553398058252427
2020_07_CAR_NO,2020-10-25T13:00-04:00,2020,7,NO,CAR,3.0,0.7690080336185601,0.22320986521412473,0.007782101167315175,NO,0.7690080336185601,1,8.551372547972637,0.7465876250638382,0.24563027376884666,0.007782101167315175,NO,0.7465876250638382,1,7.818600201472183,0.5553398058252427,0.4368932038834951,0.007766990291262136,NO,0.5553398058252427,1,13,13,9.997104437041282,13,13,9.705639125829897,2,2,1.1106796116504853
2020_07_CLE_CIN,2020-10-25T13:00-04:00,2020,7,CIN,CLE,-3.0,0.538690923559781,0.4535269752729039,0.007782101167315175,CIN,0.538690923559781,0,1.1896484397592135,0.5366315748164753,0.4555863240162095,0.007782101167315175,CIN,0.5366315748164753,0,1.1515059884321346,0.5553398058252427,0.4368932038834951,0.007766990291262136,CIN,0.5553398058252427,0,2,0,1.077381847119562,3,0,1.609894724449426,4,0,2.2213592233009707
2020_07_DAL_WAS,2020-10-25T13:00-04:00,2020,7,WAS,DAL,22.0,0.40933874916816354,0.5828791496645213,0.007782101167315175,DAL,0.5828791496645213,0,-2.443328097956501,0.40683902759139245,0.5853788712412924,0.007782101167315175,DAL,0.5853788712412924,0,-2.5589364615191816,0.5553398058252427,0.4368932038834951,0.007766990291262136,WAS,0.5553398058252427,1,6,0,3.4972748979871273,7,0,4.097652098689046,5,5,2.7766990291262132
2020_07_DET_ATL,2020-10-25T13:00-04:00,2020,7,ATL,DET,-1.0,0.5836373378789577,0.4085805609537272,0.007782101167315175,ATL,0.5836373378789577,0,2.465130925869776,0.5849271825744236,0.4072907162582613,0.007782101167315175,ATL,0.5849271825744236,0,2.5457034023430145,0.5553398058252427,0.4368932038834951,0.007766990291262136,ATL,0.5553398058252427,0,7,0,4.085461365152703,6,0,3.5095630954465413,6,0,3.3320388349514563
2020_07_GB_HOU,2020-10-25T13:00-04:00,2020,7,HOU,GB,-15.0,0.41797417356611927,0.5742437252665656,0.007782101167315175,GB,0.5742437252665656,1,-2.195823084777578,0.4256113835976606,0.5666065152350244,0.007782101167315175,GB,0.5666065152350244,1,-2.01244118549039,0.5553398058252427,0.4368932038834951,0.007766990291262136,HOU,0.5553398058252427,0,5,5,2.871218626332828,5,5,2.833032576175122,7,0,3.887378640776699
2020_07_PIT_TEN,2020-10-25T13:00-04:00,2020,7,TEN,PIT,-3.0,0.6331877004642189,0.3590301983684659,0.007782101167315175,TEN,0.6331877004642189,0,3.9221934884626486,0.6527603938161893,0.3394575050164955,0.007782101167315175,TEN,0.6527603938161893,0,4.598675067350356,0.5553398058252427,0.4368932038834951,0.007766990291262136,TEN,0.5553398058252427,0,8,0,5.065501603713751,8,0,5.222083150529515,11,0,6.1087378640776695
2020_07_TB_LV,2020-10-25T16:05-04:00,2020,7,LV,TB,-25.0,0.45178981204630503,0.5404280867863799,0.007782101167315175,TB,0.5404280867863799,1,-1.2384359003787815,0.45124121944365986,0.5409766793890249,0.007782101167315175,TB,0.5409766793890249,1,-1.2756230828598891,0.5553398058252427,0.4368932038834951,0.007766990291262136,LV,0.5553398058252427,0,3,3,1.6212842603591398,4,4,2.1639067175560998,14,0,7.774757281553398
2020_07_JAX_LAC,2020-10-25T16:25-04:00,2020,7,LAC,JAX,10.0,0.7180176817670816,0.27420021706560327,0.007782101167315175,LAC,0.7180176817670816,1,6.654752820117155,0.7180945480749643,0.2741233507577205,0.007782101167315175,LAC,0.7180945480749643,1,6.773041453881323,0.5553398058252427,0.4368932038834951,0.007766990291262136,LAC,0.5553398058252427,1,11,11,7.898194499437897,11,11,7.899040028824608,8,8,4.442718446601941
2020_07_KC_DEN,2020-10-25T16:25-04:00,2020,7,DEN,KC,-27.0,0.1759224775166472,0.8162954213160376,0.007782101167315175,KC,0.8162954213160376,1,-10.609692475255365,0.17647209186570736,0.8157458069669775,0.007782101167315175,KC,0.8157458069669775,1,-10.767260869196628,0.5553398058252427,0.4368932038834951,0.007766990291262136,DEN,0.5553398058252427,0,14,14,11.428135898424527,14,14,11.420441297537685,9,0,4.998058252427184
2020_07_SF_NE,2020-10-25T16:25-04:00,2020,7,NE,SF,-27.0,0.5475652414078278,0.4446526574248571,0.007782101167315175,NE,0.5475652414078278,0,1.4392163108532057,0.533870009509873,0.45834788932281184,0.007782101167315175,NE,0.533870009509873,0,1.072716492203903,0.5553398058252427,0.4368932038834951,0.007766990291262136,NE,0.5553398058252427,0,4,0,2.1902609656313112,2,0,1.067740019019746,13,0,7.219417475728155
2020_07_SEA_ARI,2020-10-25T20:20-04:00,2020,7,ARI,SEA,3.0,0.4819894911809649,0.51022840765172,0.007782101167315175,SEA,0.51022840765172,0,-0.39360287419602225,0.4752751733392274,0.5169427254934573,0.007782101167315175,SEA,0.5169427254934573,0,-0.5910489749662942,0.5553398058252427,0.4368932038834951,0.007766990291262136,ARI,0.5553398058252427,1,1,0,0.51022840765172,1,0,0.5169427254934573,12,12,6.6640776699029125
2020_07_CHI_LA,2020-10-26T20:15-04:00,2020,7,LAR,CHI,14.0,0.737056878728228,0.25516102010445685,0.007782101167315175,LAR,0.737056878728228,1,7.333162897061358,0.7265897077669602,0.26562819106572466,0.007782101167315175,LAR,0.7265897077669602,1,7.077162367077985,0.5553398058252427,0.4368932038834951,0.007766990291262136,LAR,0.5553398058252427,1,12,12,8.844682544738736,12,12,8.719076493203522,3,3,1.6660194174757281
2020_08_ATL_CAR,2020-10-29T20:20-04:00,2020,8,CAR,ATL,-8.0,0.47823653405204397,0.5139813647806409,0.007782101167315175,ATL,0.5139813647806409,1,-0.4983037560754613,0.47634254103840823,0.5158753577942765,0.007782101167315175,ATL,0.5158753577942765,1,-0.560735063865043,0.5553398058252427,0.4368932038834951,0.007766990291262136,CAR,0.5553398058252427,0,1,1,0.5139813647806409,2,2,1.031750715588553,1,0,0.5553398058252427
2020_08_IND_DET,2020-11-01T13:00-05:00,2020,8,DET,IND,-20.0,0.4768541678883032,0.5153637309443817,0.007782101167315175,IND,0.5153637309443817,1,-0.5368830969528755,0.47994287052716444,0.5122750283055205,0.007782101167315175,IND,0.5122750283055205,1,-0.45852019129467103,0.5553398058252427,0.4368932038834951,0.007766990291262136,DET,0.5553398058252427,0,2,2,1.0307274618887634,1,1,0.5122750283055205,3,0,1.6660194174757281
2020_08_LA_MIA,2020-11-01T13:00-05:00,2020,8,MIA,LAR,11.0,0.33710125351023434,0.6551166453224505,0.007782101167315175,LAR,0.6551166453224505,0,-4.5932406885365795,0.34348865687181684,0.6487292419608681,0.007782101167315175,LAR,0.6487292419608681,0,-4.472079103230778,0.5553398058252427,0.4368932038834951,0.007766990291262136,MIA,0.5553398058252427,1,7,0,4.585816517257154,8,0,5.189833935686945,5,5,2.7766990291262132
2020_08_LV_CLE,2020-11-01T13:00-05:00,2020,8,CLE,LV,-10.0,0.5860653126916743,0.4061525861410106,0.007782101167315175,CLE,0.5860653126916743,0,2.5350332110578178,0.5845998867825596,0.4076180120501252,0.007782101167315175,CLE,0.5845998867825596,0,2.5361174494374694,0.5553398058252427,0.4368932038834951,0.007766990291262136,CLE,0.5553398058252427,0,4,0,2.344261250766697,4,0,2.3383995471302383,6,0,3.3320388349514563
2020_08_MIN_GB,2020-11-01T13:00-05:00,2020,8,GB,MIN,-6.0,0.7554762362126629,0.23674166262002194,0.007782101167315175,GB,0.7554762362126629,0,8.021762207068672,0.7497751692245694,0.2424427296081154,0.007782101167315175,GB,0.7497751692245694,0,7.94042997559951,0.5553398058252427,0.4368932038834951,0.007766990291262136,GB,0.5553398058252427,0,13,0,9.821191070764618,13,0,9.747077199919403,7,0,3.887378640776699
2020_08_NE_BUF,2020-11-01T13:00-05:00,2020,8,BUF,NE,3.0,0.6241182989835381,0.3680995998491467,0.007782101167315175,BUF,0.6241182989835381,1,3.64999872265884,0.6165423548314509,0.375675544001234,0.007782101167315175,BUF,0.6165423548314509,1,3.4842080123789847,0.5553398058252427,0.4368932038834951,0.007766990291262136,BUF,0.5553398058252427,1,5,5,3.1205914949176905,5,5,3.0827117741572545,8,8,4.442718446601941
2020_08_NYJ_KC,2020-11-01T13:00-05:00,2020,8,KC,NYJ,26.0,0.9326465366080612,0.059571362224623794,0.007782101167315175,KC,0.9326465366080612,1,19.016785701407517,0.9318435634678047,0.06037433536488014,0.007782101167315175,KC,0.9318435634678047,1,19.246798846473638,0.5553398058252427,0.4368932038834951,0.007766990291262136,KC,0.5553398058252427,1,14,14,13.057051512512857,14,14,13.045809888549266,10,10,5.5533980582524265
2020_08_PIT_BAL,2020-11-01T13:00-05:00,2020,8,BAL,PIT,-4.0,0.7092163388470512,0.2830015599856337,0.007782101167315175,BAL,0.7092163388470512,0,6.351080065666518,0.6742384864797121,0.3179794123529728,0.007782101167315175,BAL,0.6742384864797121,0,5.286061731573395,0.5553398058252427,0.4368932038834951,0.007766990291262136,BAL,0.5553398058252427,0,11,0,7.8013797273175625,10,0,6.7423848647971205,11,0,6.1087378640776695
2020_08_TEN_CIN,2020-11-01T13:00-05:00,2020,8,CIN,TEN,11.0,0.32159333169408316,0.6706245671386016,0.007782101167315175,TEN,0.6706245671386016,0,-5.0805536818849175,0.3072327675195117,0.6849851313131732,0.007782101167315175,TEN,0.6849851313131732,0,-5.639082945431798,0.5553398058252427,0.4368932038834951,0.007766990291262136,CIN,0.5553398058252427,1,9,0,6.035621104247415,11,0,7.534836444444905,14,14,7.774757281553398
2020_08_LAC_DEN,2020-11-01T16:05-05:00,2020,8,DEN,LAC,1.0,0.34360697394964773,0.648610924883037,0.007782101167315175,LAC,0.648610924883037,0,-4.392102509502724,0.34480626642520407,0.6474116324074808,0.007782101167315175,LAC,0.6474116324074808,0,-4.430852793719498,0.5553398058252427,0.4368932038834951,0.007766990291262136,DEN,0.5553398058252427,1,6,0,3.8916655492982217,7,0,4.531881426852365,4,4,2.2213592233009707
2020_08_NO_CHI,2020-11-01T16:25-05:00,2020,8,CHI,NO,-3.0,0.333004495443367,0.6592134033893179,0.007782101167315175,NO,0.6592134033893179,1,-4.720865066295355,0.3619742835570137,0.6302436152756711,0.007782101167315175,NO,0.6302436152756711,1,-3.9000902304832072,0.5553398058252427,0.4368932038834951,0.007766990291262136,CHI,0.5553398058252427,0,8,8,5.273707227114543,6,6,3.7814616916540267,9,0,4.998058252427184
2020_08_SF_SEA,2020-11-01T16:25-05:00,2020,8,SEA,SF,10.0,0.5643802872286476,0.4278376116040372,0.007782101167315175,SEA,0.5643802872286476,1,1.914809562041766,0.5617438416473036,0.4304740571853813,0.007782101167315175,SEA,0.5617438416473036,1,1.8719231884270284,0.5553398058252427,0.4368932038834951,0.007766990291262136,SEA,0.5553398058252427,1,3,3,1.693140861685943,3,3,1.6852315249419108,12,12,6.6640776699029125
2020_08_DAL_PHI,2020-11-01T20:20-05:00,2020,8,PHI,DAL,14.0,0.6769391758733593,0.31527872295932563,0.007782101167315175,PHI,0.6769391758733593,1,5.282433387480461,0.6552318369641368,0.336986061868548,0.007782101167315175,PHI,0.6552318369641368,1,4.676645409145976,0.5553398058252427,0.4368932038834951,0.007766990291262136,PHI,0.5553398058252427,1,10,10,6.769391758733593,9,9,5.897086532677231,2,2,1.1106796116504853
2020_08_TB_NYG,2020-11-02T20:15-05:00,2020,8,NYG,TB,-2.0,0.24571551178827633,0.7465023870444086,0.007782101167315175,TB,0.7465023870444086,1,-7.6819551001225355,0.24607079958973876,0.7461470992429461,0.007782101167315175,TB,0.7461470992429461,1,-7.80184684742158,0.5553398058252427,0.4368932038834951,0.007766990291262136,NYG,0.5553398058252427,0,12,12,8.958028644532904,12,12,8.953765190915354,13,0,7.219417475728155
2020_09_GB_SF,2020-11-05T20:20-05:00,2020,9,SF,GB,-17.0,0.47011584177753074,0.522102057055154,0.007782101167315175,GB,0.522102057055154,1,-0.7250684442392323,0.5006913372040108,0.49152656162867403,0.007782101167315175,SF,0.5006913372040108,0,0.12992842522334147,0.5553398058252427,0.4368932038834951,0.007766990291262136,SF,0.5553398058252427,0,2,2,1.044204114110308,1,0,0.5006913372040108,6,0,3.3320388349514563
2020_09_BAL_IND,2020-11-08T13:00-05:00,2020,9,IND,BAL,-14.0,0.5063190483960118,0.485898850436673,0.007782101167315175,IND,0.5063190483960118,0,0.28458644263718835,0.5400676195834485,0.45215027924923634,0.007782101167315175,IND,0.5400676195834485,0,1.2496402086478333,0.5553398058252427,0.4368932038834951,0.007766990291262136,IND,0.5553398058252427,0,1,0,0.5063190483960118,2,0,1.080135239166897,1,0,0.5553398058252427
2020_09_CAR_KC,2020-11-08T13:00-05:00,2020,9,KC,CAR,2.0,0.8825499755570836,0.10966792327560129,0.007782101167315175,KC,0.8825499755570836,1,14.416197374339378,0.8830176899567231,0.10920020887596177,0.007782101167315175,KC,0.8830176899567231,1,14.700328909180799,0.5553398058252427,0.4368932038834951,0.007766990291262136,KC,0.5553398058252427,1,14,14,12.355699657799171,14,14,12.362247659394123,2,2,1.1106796116504853
2020_09_CHI_TEN,2020-11-08T13:00-05:00,2020,9,TEN,CHI,7.0,0.7715936050605017,0.22062429377218323,0.007782101167315175,TEN,0.7715936050605017,1,8.655122143074472,0.7758798879577035,0.21633801087498145,0.007782101167315175,TEN,0.7758798879577035,1,8.982368912081592,0.5553398058252427,0.4368932038834951,0.007766990291262136,TEN,0.5553398058252427,1,13,13,10.030716865786522,13,13,10.086438543450145,3,3,1.6660194174757281
2020_09_DEN_ATL,2020-11-08T13:00-05:00,2020,9,ATL,DEN,7.0,0.7558086291374929,0.23640926969519196,0.007782101167315175,ATL,0.7558086291374929,1,8.034516102035306,0.7534102646265733,0.23880763420611148,0.007782101167315175,ATL,0.7534102646265733,1,8.080696082890157,0.5553398058252427,0.4368932038834951,0.007766990291262136,ATL,0.5553398058252427,1,12,12,9.069703549649915,12,12,9.04092317551888,4,4,2.2213592233009707
2020_09_DET_MIN,2020-11-08T13:00-05:00,2020,9,MIN,DET,14.0,0.6109206063576427,0.3812972924750421,0.007782101167315175,MIN,0.6109206063576427,1,3.2587285736993232,0.5906925752826984,0.40152532354998643,0.007782101167315175,MIN,0.5906925752826984,1,2.714954751207409,0.5553398058252427,0.4368932038834951,0.007766990291262136,MIN,0.5553398058252427,1,7,7,4.276444244503499,7,7,4.134848026978888,5,5,2.7766990291262132
2020_09_HOU_JAX,2020-11-08T13:00-05:00,2020,9,JAX,HOU,-2.0,0.28572885472347204,0.7064890441092128,0.007782101167315175,HOU,0.7064890441092128,1,-6.25814228268625,0.3047400387417815,0.6874778600909033,0.007782101167315175,HOU,0.6874778600909033,1,-5.721926393790838,0.5553398058252427,0.4368932038834951,0.007766990291262136,JAX,0.5553398058252427,0,10,10,7.064890441092127,9,9,6.187300740818129,7,0,3.887378640776699
2020_09_NYG_WAS,2020-11-08T13:00-05:00,2020,9,WAS,NYG,-3.0,0.5457540214128345,0.4464638774198504,0.007782101167315175,WAS,0.5457540214128345,0,1.3882096078676738,0.5423629101354352,0.4498549886972497,0.007782101167315175,WAS,0.5423629101354352,0,1.3152613029065459,0.5553398058252427,0.4368932038834951,0.007766990291262136,WAS,0.5553398058252427,0,3,0,1.6372620642385034,3,0,1.6270887304063057,12,0,6.6640776699029125
2020_09_SEA_BUF,2020-11-08T13:00-05:00,2020,9,BUF,SEA,10.0,0.4282490299454118,0.5639688688872732,0.007782101167315175,SEA,0.5639688688872732,0,-1.9031237340390683,0.41518804335394727,0.5770298554787375,0.007782101167315175,SEA,0.5770298554787375,0,-2.3150339683448626,0.5553398058252427,0.4368932038834951,0.007766990291262136,BUF,0.5553398058252427,1,5,0,2.819844344436366,6,0,3.462179132872425,14,14,7.774757281553398
2020_09_LV_LAC,2020-11-08T16:05-05:00,2020,9,LAC,LV,-5.0,0.5695474806432554,0.42267041818942924,0.007782101167315175,LAC,0.5695474806432554,0,2.061814625311276,0.5722237191573311,0.41999417967535374,0.007782101167315175,LAC,0.5722237191573311,0,2.1752630171421536,0.5553398058252427,0.4368932038834951,0.007766990291262136,LAC,0.5553398058252427,0,6,0,3.4172848838595327,4,0,2.2888948766293242,8,0,4.442718446601941
2020_09_MIA_ARI,2020-11-08T16:25-05:00,2020,9,ARI,MIA,-3.0,0.6880528597414042,0.3041650390912808,0.007782101167315175,ARI,0.6880528597414042,0,5.6430935163757265,0.6828943689307608,0.30932352990192397,0.007782101167315175,ARI,0.6828943689307608,0,5.569884004151957,0.5553398058252427,0.4368932038834951,0.007766990291262136,ARI,0.5553398058252427,0,8,0,5.504422877931233,8,0,5.463154951446087,9,0,4.998058252427184
2020_09_PIT_DAL,2020-11-08T16:25-05:00,2020,9,DAL,PIT,-5.0,0.25154838011589703,0.7406695187167879,0.007782101167315175,PIT,0.7406695187167879,1,-7.465540476387449,0.25853742026759596,0.733680478565089,0.007782101167315175,PIT,0.733680478565089,1,-7.3357609855754635,0.5553398058252427,0.4368932038834951,0.007766990291262136,DAL,0.5553398058252427,0,11,11,8.147364705884666,11,11,8.070485264215979,13,0,7.219417475728155
2020_09_NO_TB,2020-11-08T20:20-05:00,2020,9,TB,NO,-35.0,0.5568476567428299,0.4353702420898549,0.007782101167315175,TB,0.5568476567428299,0,1.7012674760612396,0.5747856709160317,0.4174322279166531,0.007782101167315175,TB,0.5747856709160317,0,2.2497143555262067,0.5553398058252427,0.4368932038834951,0.007766990291262136,TB,0.5553398058252427,0,4,0,2.2273906269713195,5,0,2.8739283545801584,11,0,6.1087378640776695
2020_09_NE_NYJ,2020-11-09T20:15-05:00,2020,9,NYJ,NE,-3.0,0.2947208873336996,0.6974970114989852,0.007782101167315175,NE,0.6974970114989852,1,-5.955385544271562,0.30239567866050515,0.6898222201721796,0.007782101167315175,NE,0.6898222201721796,1,-5.800183842877823,0.5553398058252427,0.4368932038834951,0.007766990291262136,NYJ,0.5553398058252427,0,9,9,6.277473103490867,10,10,6.898222201721796,10,0,5.5533980582524265
2020_10_IND_TEN,2020-11-12T20:20-05:00,2020,10,TEN,IND,-17.0,0.5868199397386863,0.40539795909399856,0.007782101167315175,TEN,0.5868199397386863,0,2.5567851716755454,0.6012476295437079,0.390970269288977,0.007782101167315175,TEN,0.6012476295437079,0,3.0268747378739786,0.5553398058252427,0.4368932038834951,0.007766990291262136,TEN,0.5553398058252427,0,6,0,3.520919638432118,7,0,4.208733406805956,6,0,3.3320388349514563
2020_10_HOU_CLE,2020-11-15T13:00-05:00,2020,10,CLE,HOU,3.0,0.5272846551694796,0.4649332436632052,0.007782101167315175,CLE,0.5272846551694796,1,0.8699852057131663,0.5388144994463393,0.4534033993863456,0.007782101167315175,CLE,0.5388144994463393,1,1.2138372552553973,0.5553398058252427,0.4368932038834951,0.007766990291262136,CLE,0.5553398058252427,1,1,1,0.5272846551694796,2,2,1.0776289988926786,5,5,2.7766990291262132
2020_10_JAX_GB,2020-11-15T13:00-05:00,2020,10,GB,JAX,4.0,0.8772460012004712,0.11497189763221366,0.007782101167315175,GB,0.8772460012004712,1,14.048016581987214,0.8665590022982828,0.12565889653440215,0.007782101167315175,GB,0.8665590022982828,1,13.580636750614847,0.5553398058252427,0.4368932038834951,0.007766990291262136,GB,0.5553398058252427,1,14,14,12.281444016806597,14,14,12.131826032175958,7,7,3.887378640776699
2020_10_PHI_NYG,2020-11-15T13:00-05:00,2020,10,NYG,PHI,10.0,0.45683527288515524,0.5353826259475297,0.007782101167315175,PHI,0.5353826259475297,0,-1.096817014705052,0.4714676453232369,0.5207502535094481,0.007782101167315175,PHI,0.5207502535094481,0,-0.6992318360116643,0.5553398058252427,0.4368932038834951,0.007766990291262136,NYG,0.5553398058252427,1,2,0,1.0707652518950594,1,0,0.5207502535094481,10,10,5.5533980582524265
2020_10_TB_CAR,2020-11-15T13:00-05:00,2020,10,CAR,TB,-23.0,0.4457665761127884,0.5464513227198964,0.007782101167315175,TB,0.5464513227198964,1,-1.407842137297243,0.4466404707226856,0.5455774281099993,0.007782101167315175,TB,0.5455774281099993,1,-1.4072593005154541,0.5553398058252427,0.4368932038834951,0.007766990291262136,CAR,0.5553398058252427,0,3,3,1.6393539681596891,3,3,1.636732284329998,13,0,7.219417475728155
2020_10_WAS_DET,2020-11-15T13:00-05:00,2020,10,DET,WAS,3.0,0.6518209805408667,0.340396918291818,0.007782101167315175,DET,0.6518209805408667,1,4.491118607816045,0.6539662107255654,0.3382516881071196,0.007782101167315175,DET,0.6539662107255654,1,4.636682427160958,0.5553398058252427,0.4368932038834951,0.007766990291262136,DET,0.5553398058252427,1,9,9,5.8663888248678004,10,10,6.539662107255654,14,14,7.774757281553398
2020_10_BUF_ARI,2020-11-15T16:05-05:00,2020,10,ARI,BUF,2.0,0.5973675080078786,0.39485039082480616,0.007782101167315175,ARI,0.5973675080078786,1,2.8621814827038103,0.6002581968493708,0.391959701983314,0.007782101167315175,ARI,0.6002581968493708,1,2.9975150296867707,0.5553398058252427,0.4368932038834951,0.007766990291262136,ARI,0.5553398058252427,1,7,7,4.18157255605515,6,6,3.6015491810962246,2,2,1.1106796116504853
2020_10_DEN_LV,2020-11-15T16:05-05:00,2020,10,LV,DEN,25.0,0.7311748339977253,0.26104306483495954,0.007782101167315175,LV,0.7311748339977253,1,7.120219665671375,0.724941635479817,0.26727626335286786,0.007782101167315175,LV,0.724941635479817,1,7.017689941729626,0.5553398058252427,0.4368932038834951,0.007766990291262136,LV,0.5553398058252427,1,13,13,9.505272841970429,13,13,9.424241261237622,4,4,2.2213592233009707
2020_10_LAC_MIA,2020-11-15T16:05-05:00,2020,10,MIA,LAC,8.0,0.583727844443627,0.40849005438905794,0.007782101167315175,MIA,0.583727844443627,1,2.467734385192644,0.5818827734020382,0.4103351254306466,0.007782101167315175,MIA,0.5818827734020382,1,2.456626732716607,0.5553398058252427,0.4368932038834951,0.007766990291262136,MIA,0.5553398058252427,1,5,5,2.918639222218135,5,5,2.909413867010191,8,8,4.442718446601941
2020_10_CIN_PIT,2020-11-15T16:25-05:00,2020,10,PIT,CIN,26.0,0.6846502926298713,0.3075676062028134,0.007782101167315175,PIT,0.6846502926298713,1,5.531918084258644,0.67945395226106,0.3127639465716248,0.007782101167315175,PIT,0.67945395226106,1,5.456568626133589,0.5553398058252427,0.4368932038834951,0.007766990291262136,PIT,0.5553398058252427,1,11,11,7.531153218928584,11,11,7.473993474871659,3,3,1.6660194174757281
2020_10_SEA_LA,2020-11-15T16:25-05:00,2020,10,LAR,SEA,7.0,0.6143866307559176,0.3778312680767673,0.007782101167315175,LAR,0.6143866307559176,1,3.3609661710234073,0.6092338179292559,0.38298408090342884,0.007782101167315175,LAR,0.6092338179292559,1,3.2648281991588437,0.5553398058252427,0.4368932038834951,0.007766990291262136,LAR,0.5553398058252427,1,8,8,4.915093046047341,8,8,4.873870543434047,11,11,6.1087378640776695
2020_10_SF_NO,2020-11-15T16:25-05:00,2020,10,NO,SF,14.0,0.7186814845063534,0.27353641432633147,0.007782101167315175,NO,0.7186814845063534,1,6.677896830675616,0.6893869252217176,0.3028309736109673,0.007782101167315175,NO,0.6893869252217176,1,5.7856275893361575,0.5553398058252427,0.4368932038834951,0.007766990291262136,NO,0.5553398058252427,1,12,12,8.62417781407624,12,12,8.272643102660611,12,12,6.6640776699029125
2020_10_BAL_NE,2020-11-15T20:20-05:00,2020,10,NE,BAL,6.0,0.316073392259336,0.6761445065733489,0.007782101167315175,BAL,0.6761445065733489,0,-5.256910644116368,0.34553415585838754,0.6466837429742973,0.007782101167315175,BAL,0.6466837429742973,0,-4.408109673585949,0.5553398058252427,0.4368932038834951,0.007766990291262136,NE,0.5553398058252427,1,10,0,6.761445065733489,9,0,5.820153686768676,1,1,0.5553398058252427
2020_10_MIN_CHI,2020-11-16T20:15-05:00,2020,10,CHI,MIN,-6.0,0.41006653613480215,0.5821513626978827,0.007782101167315175,MIN,0.5821513626978827,1,-2.4224108114068192,0.42957361233450386,0.562644286498181,0.007782101167315175,MIN,0.562644286498181,1,-1.8979147619925434,0.5553398058252427,0.4368932038834951,0.007766990291262136,CHI,0.5553398058252427,0,4,4,2.328605450791531,4,4,2.250577145992724,9,0,4.998058252427184
2020_11_ARI_SEA,2020-11-19T20:20-05:00,2020,11,SEA,ARI,7.0,0.5367412548067545,0.4554766440259303,0.007782101167315175,SEA,0.5367412548067545,1,1.1349279704874036,0.5387954126748837,0.4534224861578011,0.007782101167315175,SEA,0.5387954126748837,1,1.213292048678621,0.5553398058252427,0.4368932038834951,0.007766990291262136,SEA,0.5553398058252427,1,3,3,1.6102237644202635,4,4,2.155181650699535,1,1,0.5553398058252427
2020_11_ATL_NO,2020-11-22T13:00-05:00,2020,11,NO,ATL,15.0,0.5617324611615314,0.4304854376711534,0.007782101167315175,NO,0.5617324611615314,1,1.8396481425641769,0.5451584127034602,0.4470594861292247,0.007782101167315175,NO,0.5451584127034602,1,1.3952606391490012,0.5553398058252427,0.4368932038834951,0.007766990291262136,NO,0.5553398058252427,1,7,7,3.93212722813072,7,7,3.8161088889242216,2,2,1.1106796116504853
2020_11_CIN_WAS,2020-11-22T13:00-05:00,2020,11,WAS,CIN,11.0,0.4711191691885801,0.5210987296441048,0.007782101167315175,CIN,0.5210987296441048,0,-0.697032583722222,0.46647728595373805,0.5257406128789468,0.007782101167315175,CIN,0.5257406128789468,0,-0.8411496308602606,0.5553398058252427,0.4368932038834951,0.007766990291262136,WAS,0.5553398058252427,1,2,0,1.0421974592882095,1,0,0.5257406128789468,3,3,1.6660194174757281
2020_11_DET_CAR,2020-11-22T13:00-05:00,2020,11,CAR,DET,20.0,0.44736385992388833,0.5448540389087965,0.007782101167315175,DET,0.5448540389087965,0,-1.3628788196814139,0.45320501978210054,0.5390128790505844,0.007782101167315175,DET,0.5390128790505844,0,-1.2195041111048255,0.5553398058252427,0.4368932038834951,0.007766990291262136,CAR,0.5553398058252427,1,5,0,2.7242701945439824,6,0,3.234077274303506,5,5,2.7766990291262132
2020_11_NE_HOU,2020-11-22T13:00-05:00,2020,11,HOU,NE,7.0,0.5492045362670522,0.4430133625656325,0.007782101167315175,HOU,0.5492045362670522,1,1.4854149802035186,0.5385111497828313,0.45370674904985353,0.007782101167315175,HOU,0.5385111497828313,1,1.2051726136262246,0.5553398058252427,0.4368932038834951,0.007766990291262136,HOU,0.5553398058252427,1,6,6,3.2952272176023136,3,3,1.615533449348494,10,10,5.5533980582524265
2020_11_PHI_CLE,2020-11-22T13:00-05:00,2020,11,CLE,PHI,5.0,0.5843926711375615,0.40782522769512325,0.007782101167315175,CLE,0.5843926711375615,1,2.4868637252931167,0.5995892915245563,0.39262860730812854,0.007782101167315175,CLE,0.5995892915245563,1,2.9776810002253606,0.5553398058252427,0.4368932038834951,0.007766990291262136,CLE,0.5553398058252427,1,8,8,4.675141369100492,8,8,4.7967143321964505,12,12,6.6640776699029125
2020_11_PIT_JAX,2020-11-22T13:00-05:00,2020,11,JAX,PIT,-24.0,0.20741041484714373,0.784807483985541,0.007782101167315175,PIT,0.784807483985541,1,-9.199471052573212,0.21232084588962527,0.7798970529430596,0.007782101167315175,PIT,0.7798970529430596,1,-9.150514243003869,0.5553398058252427,0.4368932038834951,0.007766990291262136,JAX,0.5553398058252427,0,13,13,10.202497291812033,13,13,10.138661688259774,13,0,7.219417475728155
2020_11_TEN_BAL,2020-11-22T13:00-05:00,2020,11,BAL,TEN,-6.0,0.6667807583191108,0.325437140513574,0.007782101167315175,BAL,0.6667807583191108,0,4.958678613679019,0.623340453165617,0.3688774456670679,0.007782101167315175,BAL,0.623340453165617,0,3.689766050757635,0.5553398058252427,0.4368932038834951,0.007766990291262136,BAL,0.5553398058252427,0,9,0,6.001026824871997,9,0,5.610064078490553,14,0,7.774757281553398
2020_11_MIA_DEN,2020-11-22T16:05-05:00,2020,11,DEN,MIA,7.0,0.2739993238964151,0.7182185749362697,0.007782101167315175,MIA,0.7182185749362697,0,-6.6617534589658245,0.2786711469179116,0.7135467519147732,0.007782101167315175,MIA,0.7135467519147732,0,-6.612633966807648,0.5553398058252427,0.4368932038834951,0.007766990291262136,DEN,0.5553398058252427,1,11,0,7.900404324298967,11,0,7.849014271062505,9,9,4.998058252427184
2020_11_NYJ_LAC,2020-11-22T16:05-05:00,2020,11,LAC,NYJ,6.0,0.799823083075461,0.19239481575722395,0.007782101167315175,LAC,0.799823083075461,1,9.850003539187746,0.7947410026099776,0.19747689622270728,0.007782101167315175,LAC,0.7947410026099776,1,9.792856856562562,0.5553398058252427,0.4368932038834951,0.007766990291262136,LAC,0.5553398058252427,1,14,14,11.197523163056454,14,14,11.126374036539687,11,11,6.1087378640776695
2020_11_DAL_MIN,2020-11-22T16:25-05:00,2020,11,MIN,DAL,-3.0,0.7490817269208209,0.243136171911864,0.007782101167315175,MIN,0.7490817269208209,0,7.778751855364228,0.7388220923466999,0.25339580648598503,0.007782101167315175,MIN,0.7388220923466999,0,7.526155951536958,0.5553398058252427,0.4368932038834951,0.007766990291262136,MIN,0.5553398058252427,0,12,0,8.98898072304985,12,0,8.8658651081604,4,0,2.2213592233009707
2020_11_GB_IND,2020-11-22T16:25-05:00,2020,11,IND,GB,3.0,0.5208871859097903,0.4713307129228945,0.007782101167315175,IND,0.5208871859097903,1,0.6911221806103716,0.5320482197088865,0.4601696791237984,0.007782101167315175,IND,0.5320482197088865,1,1.0207765442766101,0.5553398058252427,0.4368932038834951,0.007766990291262136,IND,0.5553398058252427,1,1,1,0.5208871859097903,2,2,1.064096439417773,6,6,3.3320388349514563
2020_11_KC_LV,2020-11-22T20:20-05:00,2020,11,LV,KC,-4.0,0.31913633247784307,0.6730815663548417,0.007782101167315175,KC,0.6730815663548417,1,-5.158854180426406,0.31016669585068296,0.682051202982002,0.007782101167315175,KC,0.682051202982002,1,-5.542049879533849,0.5553398058252427,0.4368932038834951,0.007766990291262136,LV,0.5553398058252427,0,10,10,6.730815663548418,10,10,6.820512029820019,7,0,3.887378640776699
2020_11_LA_TB,2020-11-23T20:15-05:00,2020,11,TB,LAR,-3.0,0.5387370740764208,0.45348082475626417,0.007782101167315175,TB,0.5387370740764208,0,1.1909441692134453,0.538843957907348,0.4533739409253368,0.007782101167315175,TB,0.538843957907348,0,1.2146787324547939,0.5553398058252427,0.4368932038834951,0.007766990291262136,TB,0.5553398058252427,0,4,0,2.154948296305683,5,0,2.69421978953674,8,0,4.442718446601941
2020_12_HOU_DET,2020-11-26T12:30-05:00,2020,12,DET,HOU,-16.0,0.41358690635151646,0.5786309924811684,0.007782101167315175,HOU,0.5786309924811684,1,-2.321385042576748,0.4262971944680433,0.5659207043646416,0.007782101167315175,HOU,0.5659207043646416,1,-1.992599575919187,0.5553398058252427,0.4368932038834951,0.007766990291262136,DET,0.5553398058252427,0,5,5,2.893154962405842,6,6,3.3955242261878498,6,0,3.3320388349514563
2020_12_WAS_DAL,2020-11-26T16:30-05:00,2020,12,DAL,WAS,-25.0,0.531355036436492,0.46086286239619295,0.007782101167315175,DAL,0.531355036436492,0,0.9839343588161569,0.5310661643930774,0.4611517344396074,0.007782101167315175,DAL,0.5310661643930774,0,0.992789371068608,0.5553398058252427,0.4368932038834951,0.007766990291262136,DAL,0.5553398058252427,0,2,0,1.062710072872984,2,0,1.0621323287861548,16,0,8.885436893203883
2020_12_ARI_NE,2020-11-29T13:00-05:00,2020,12,NE,ARI,3.0,0.48653093936374325,0.5056869594689416,0.007782101167315175,ARI,0.5056869594689416,0,-0.26696368217281463,0.48581399204386083,0.506403906788824,0.007782101167315175,ARI,0.506403906788824,0,-0.29193548544511816,0.5553398058252427,0.4368932038834951,0.007766990291262136,NE,0.5553398058252427,1,1,0,0.5056869594689416,1,0,0.506403906788824,1,1,0.5553398058252427
2020_12_CAR_MIN,2020-11-29T13:00-05:00,2020,12,MIN,CAR,1.0,0.662737475121043,0.32948042371164193,0.007782101167315175,MIN,0.662737475121043,1,4.831271286078468,0.6527189296067916,0.3394989692258931,0.007782101167315175,MIN,0.6527189296067916,1,4.597369270680657,0.5553398058252427,0.4368932038834951,0.007766990291262136,MIN,0.5553398058252427,1,11,11,7.290112226331472,10,10,6.527189296067916,3,3,1.6660194174757281
2020_12_CLE_JAX,2020-11-29T13:00-05:00,2020,12,JAX,CLE,-2.0,0.3494630521701921,0.6427548466624927,0.007782101167315175,CLE,0.6427548466624927,1,-4.212577363291632,0.3545184033381812,0.6376994954945037,0.007782101167315175,CLE,0.6376994954945037,1,-4.129184019311364,0.5553398058252427,0.4368932038834951,0.007766990291262136,JAX,0.5553398058252427,0,9,9,5.784793619962435,9,9,5.739295459450533,5,0,2.7766990291262132
2020_12_LAC_BUF,2020-11-29T13:00-05:00,2020,12,BUF,LAC,10.0,0.5884431007160431,0.4037747981166417,0.007782101167315175,BUF,0.5884431007160431,1,2.6036150211311657,0.5795681552629062,0.4126497435697787,0.007782101167315175,BUF,0.5795681552629062,1,2.3890337449630383,0.5553398058252427,0.4368932038834951,0.007766990291262136,BUF,0.5553398058252427,1,7,7,4.1191017050123016,7,7,4.056977086840343,8,8,4.442718446601941
2020_12_LV_ATL,2020-11-29T13:00-05:00,2020,12,ATL,LV,37.0,0.4392131491273211,0.5530047497053637,0.007782101167315175,LV,0.5530047497053637,0,-1.5926417241911754,0.44307927197517233,0.5491386268575126,0.007782101167315175,LV,0.5491386268575126,0,-1.5093197700667078,0.5553398058252427,0.4368932038834951,0.007766990291262136,ATL,0.5553398058252427,1,4,0,2.212018998821455,4,0,2.1965545074300503,9,9,4.998058252427184
2020_12_MIA_NYJ,2020-11-29T13:00-05:00,2020,12,NYJ,MIA,-17.0,0.2951982769422852,0.6970196218903997,0.007782101167315175,MIA,0.6970196218903997,1,-5.939463681677417,0.2995518203943,0.6926660784383849,0.007782101167315175,MIA,0.6926660784383849,1,-5.895574184730783,0.5553398058252427,0.4368932038834951,0.007766990291262136,NYJ,0.5553398058252427,0,13,13,9.061255084575196,13,13,9.004659019699004,10,0,5.5533980582524265
2020_12_NYG_CIN,2020-11-29T13:00-05:00,2020,12,CIN,NYG,-2.0,0.4549050524059632,0.5373128464267217,0.007782101167315175,NYG,0.5373128464267217,1,-1.1509668221134366,0.45844886599187784,0.5337690328408069,0.007782101167315175,NYG,0.5337690328408069,1,-1.0698368559925262,0.5553398058252427,0.4368932038834951,0.007766990291262136,CIN,0.5553398058252427,0,3,3,1.6119385392801653,3,3,1.6013070985224207,12,0,6.6640776699029125
2020_12_TEN_IND,2020-11-29T13:00-05:00,2020,12,IND,TEN,-19.0,0.5799442562635823,0.41227364256910254,0.007782101167315175,IND,0.5799442562635823,0,2.3590431364821405,0.5575856619330332,0.4346322368996518,0.007782101167315175,IND,0.5575856619330332,0,1.7520581058979048,0.5553398058252427,0.4368932038834951,0.007766990291262136,IND,0.5553398058252427,0,6,0,3.4796655375814938,5,0,2.787928309665166,15,0,8.33009708737864
2020_12_NO_DEN,2020-11-29T16:05-05:00,2020,12,DEN,NO,-28.0,0.28847611642949467,0.7037417824031902,0.007782101167315175,NO,0.7037417824031902,1,-6.165056696702613,0.3056057917472009,0.686612107085484,0.007782101167315175,NO,0.686612107085484,1,-5.693111489904264,0.5553398058252427,0.4368932038834951,0.007766990291262136,DEN,0.5553398058252427,0,14,14,9.852384953644663,12,12,8.23934528502581,11,0,6.1087378640776695
2020_12_SF_LA,2020-11-29T16:05-05:00,2020,12,LAR,SF,-3.0,0.7324295554136061,0.25978834341907864,0.007782101167315175,LAR,0.7324295554136061,0,7.165380726119793,0.7214324048941353,0.27078549393854967,0.007782101167315175,LAR,0.7214324048941353,0,6.891821174153188,0.5553398058252427,0.4368932038834951,0.007766990291262136,LAR,0.5553398058252427,0,15,0,10.986443331204091,15,0,10.821486073412029,14,0,7.774757281553398
2020_12_KC_TB,2020-11-29T16:25-05:00,2020,12,TB,KC,-3.0,0.33603006963616283,0.656187829196522,0.007782101167315175,KC,0.656187829196522,1,-4.626537143720649,0.32889519956891505,0.6633226992637699,0.007782101167315175,KC,0.6633226992637699,1,-4.933880402974067,0.5553398058252427,0.4368932038834951,0.007766990291262136,TB,0.5553398058252427,0,10,10,6.56187829196522,11,11,7.296549691901468,7,0,3.887378640776699
2020_12_CHI_GB,2020-11-29T20:20-05:00,2020,12,GB,CHI,16.0,0.7441922517558023,0.2480256470768826,0.007782101167315175,GB,0.7441922517558023,1,7.59583809815044,0.730821330945508,0.2613965678871768,0.007782101167315175,GB,0.730821330945508,1,7.23094779724296,0.5553398058252427,0.4368932038834951,0.007766990291262136,GB,0.5553398058252427,1,16,16,11.907076028092836,16,16,11.693141295128129,4,4,2.2213592233009707
2020_12_SEA_PHI,2020-11-30T20:15-05:00,2020,12,PHI,SEA,-6.0,0.3782018939073895,0.6140160049252954,0.007782101167315175,SEA,0.6140160049252954,1,-3.3500167496864206,0.3611629378269603,0.6310549610057247,0.007782101167315175,SEA,0.6310549610057247,1,-3.9249205077843037,0.5553398058252427,0.4368932038834951,0.007766990291262136,PHI,0.5553398058252427,0,8,8,4.912128039402363,8,8,5.048439688045797,13,0,7.219417475728155
2020_12_BAL_PIT,2020-12-02T15:40-05:00,2020,12,PIT,BAL,5.0,0.6871976308029075,0.3050202680297772,0.007782101167315175,PIT,0.6871976308029075,1,5.615085108880997,0.7008916405850348,0.29132625824765,0.007782101167315175,PIT,0.7008916405850348,1,6.174428938117764,0.5553398058252427,0.4368932038834951,0.007766990291262136,PIT,0.5553398058252427,1,12,12,8.24637156963489,14,14,9.812482968190487,2,2,1.1106796116504853
2020_13_CIN_MIA,2020-12-06T13:00-05:00,2020,13,MIA,CIN,12.0,0.7726687449484935,0.21954915388419147,0.007782101167315175,MIA,0.7726687449484935,1,8.698518950413936,0.7747047887518407,0.21751311008084412,0.007782101167315175,MIA,0.7747047887518407,1,8.933610082981208,0.5553398058252427,0.4368932038834951,0.007766990291262136,MIA,0.5553398058252427,1,10,10,7.726687449484935,11,11,8.521752676270248,2,2,1.1106796116504853
2020_13_CLE_TEN,2020-12-06T13:00-05:00,2020,13,TEN,CLE,-6.0,0.7365718657082174,0.2556460331244674,0.007782101167315175,TEN,0.7365718657082174,0,7.315484390627305,0.7429508985310925,0.2492670003015923,0.007782101167315175,TEN,0.7429508985310925,0,7.680890662125071,0.5553398058252427,0.4368932038834951,0.007766990291262136,TEN,0.5553398058252427,0,8,0,5.892574925665739,8,0,5.94360718824874,3,0,1.6660194174757281
2020_13_DET_CHI,2020-12-06T13:00-05:00,2020,13,CHI,DET,-4.0,0.6492606897796503,0.3429572090530345,0.007782101167315175,CHI,0.6492606897796503,0,4.41210944201873,0.6499476684124836,0.3422702304202012,0.007782101167315175,CHI,0.6499476684124836,0,4.5102683591764,0.5553398058252427,0.4368932038834951,0.007766990291262136,CHI,0.5553398058252427,0,6,0,3.8955641386779023,6,0,3.899686010474902,6,0,3.3320388349514563
2020_13_IND_HOU,2020-12-06T13:00-05:00,2020,13,HOU,IND,-6.0,0.5422214755648236,0.4499964232678613,0.007782101167315175,HOU,0.5422214755648236,0,1.2888347329288545,0.5335446000168194,0.45867329881586544,0.007782101167315175,HOU,0.5335446000168194,0,1.0634368374191707,0.5553398058252427,0.4368932038834951,0.007766990291262136,HOU,0.5553398058252427,0,3,0,1.6266644266944708,2,0,1.0670892000336387,7,0,3.887378640776699
2020_13_JAX_MIN,2020-12-06T13:00-05:00,2020,13,MIN,JAX,3.0,0.7941956516045265,0.19802224722815823,0.007782101167315175,MIN,0.7941956516045265,1,9.601890514943731,0.784884739182943,0.20733315964974186,0.007782101167315175,MIN,0.784884739182943,1,9.36253798961332,0.5553398058252427,0.4368932038834951,0.007766990291262136,MIN,0.5553398058252427,1,12,12,9.530347819254319,12,12,9.418616870195315,8,8,4.442718446601941
2020_13_LV_NYJ,2020-12-06T13:00-05:00,2020,13,NYJ,LV,-3.0,0.2761576625543002,0.7160602362783846,0.007782101167315175,LV,0.7160602362783846,1,-6.586705632625453,0.27799116055673007,0.7142267382759547,0.007782101167315175,LV,0.7142267382759547,1,-6.636515562183213,0.5553398058252427,0.4368932038834951,0.007766990291262136,NYJ,0.5553398058252427,0,7,7,5.012421653948692,7,7,4.999587167931683,10,0,5.5533980582524265
2020_13_NO_ATL,2020-12-06T13:00-05:00,2020,13,ATL,NO,-5.0,0.5222288736619309,0.46998902517075386,0.007782101167315175,ATL,0.5222288736619309,0,0.7286124851887847,0.53556834175304,0.4566495570796449,0.007782101167315175,ATL,0.53556834175304,0,1.1211628970899103,0.5553398058252427,0.4368932038834951,0.007766990291262136,ATL,0.5553398058252427,0,1,0,0.5222288736619309,3,0,1.60670502525912,12,0,6.6640776699029125
2020_13_LA_ARI,2020-12-06T16:05-05:00,2020,13,ARI,LAR,-10.0,0.5267051281380374,0.4655127706946474,0.007782101167315175,ARI,0.5267051281380374,0,0.8537714655201949,0.5225844065444957,0.4696334922881891,0.007782101167315175,ARI,0.5225844065444957,0,0.7513741421837941,0.5553398058252427,0.4368932038834951,0.007766990291262136,ARI,0.5553398058252427,0,2,0,1.0534102562760748,1,0,0.5225844065444957,9,0,4.998058252427184
2020_13_NYG_SEA,2020-12-06T16:05-05:00,2020,13,SEA,NYG,-5.0,0.752482746237453,0.2397351525952319,0.007782101167315175,SEA,0.752482746237453,0,7.907451206113389,0.7534825674206287,0.23873533141205608,0.007782101167315175,SEA,0.7534825674206287,0,8.083500705059777,0.5553398058252427,0.4368932038834951,0.007766990291262136,SEA,0.5553398058252427,0,9,0,6.772344716137077,9,0,6.781343106785658,13,0,7.219417475728155
2020_13_NE_LAC,2020-12-06T16:25-05:00,2020,13,LAC,NE,-45.0,0.5977033938500164,0.3945145049826686,0.007782101167315175,LAC,0.5977033938500164,0,2.871950643998278,0.6038890240047853,0.3883288748278995,0.007782101167315175,LAC,0.6038890240047853,0,3.1053816959511282,0.5553398058252427,0.4368932038834951,0.007766990291262136,LAC,0.5553398058252427,0,5,0,2.9885169692500817,5,0,3.0194451200239265,11,0,6.1087378640776695
2020_13_PHI_GB,2020-12-06T16:25-05:00,2020,13,GB,PHI,14.0,0.8150325862843321,0.17718531254835282,0.007782101167315175,GB,0.8150325862843321,1,10.549542339822418,0.8156080795087226,0.17660981932396222,0.007782101167315175,GB,0.8156080795087226,1,10.760586488121014,0.5553398058252427,0.4368932038834951,0.007766990291262136,GB,0.5553398058252427,1,13,13,10.595423621696316,13,13,10.602905033613395,14,14,7.774757281553398
2020_13_DEN_KC,2020-12-06T20:20-05:00,2020,13,KC,DEN,6.0,0.9349399318281922,0.057277967004492586,0.007782101167315175,KC,0.9349399318281922,1,19.305163290762934,0.9347864186285179,0.05743148020416703,0.007782101167315175,KC,0.9347864186285179,1,19.620429963697546,0.5553398058252427,0.4368932038834951,0.007766990291262136,KC,0.5553398058252427,1,15,15,14.024098977422884,15,15,14.021796279427768,5,5,2.7766990291262132
2020_13_WAS_PIT,2020-12-07T17:00-05:00,2020,13,PIT,WAS,-6.0,0.7734422777613609,0.21877562107132403,0.007782101167315175,PIT,0.7734422777613609,0,8.72983589960282,0.7662872295066987,0.22593066932598604,0.007782101167315175,PIT,0.7662872295066987,0,8.589733341676112,0.5553398058252427,0.4368932038834951,0.007766990291262136,PIT,0.5553398058252427,0,11,0,8.50786505537497,10,0,7.662872295066987,15,0,8.33009708737864
2020_13_BUF_SF,2020-12-07T20:15-05:00,2020,13,SF,BUF,-10.0,0.43104250360498175,0.5611753952277032,0.007782101167315175,BUF,0.5611753952277032,1,-1.8238491205058802,0.44657461895321343,0.5456432798794715,0.007782101167315175,BUF,0.5456432798794715,1,-1.40914517549413,0.5553398058252427,0.4368932038834951,0.007766990291262136,SF,0.5553398058252427,0,4,4,2.244701580910813,4,4,2.182573119517886,1,0,0.5553398058252427
2020_13_DAL_BAL,2020-12-08T20:05-05:00,2020,13,BAL,DAL,17.0,0.8434184265124202,0.1487994723202647,0.007782101167315175,BAL,0.8434184265124202,1,11.993207069514721,0.8292938727255141,0.1629240261071707,0.007782101167315175,BAL,0.8292938727255141,1,11.444904233844222,0.5553398058252427,0.4368932038834951,0.007766990291262136,BAL,0.5553398058252427,1,14,14,11.807857971173883,14,14,11.610114218157198,4,4,2.2213592233009707
2020_14_NE_LA,2020-12-10T20:20-05:00,2020,14,LAR,NE,21.0,0.6852537253886262,0.3069641734440587,0.007782101167315175,LAR,0.6852537253886262,1,5.551584786582646,0.6863746166335931,0.3058432821990918,0.007782101167315175,LAR,0.6863746166335931,1,5.685215008085642,0.5553398058252427,0.4368932038834951,0.007766990291262136,LAR,0.5553398058252427,1,10,10,6.852537253886261,10,10,6.863746166335931,11,11,6.1087378640776695
2020_14_ARI_NYG,2020-12-13T13:00-05:00,2020,14,NYG,ARI,-19.0,0.4465417699169654,0.5456761289157195,0.007782101167315175,ARI,0.5456761289157195,1,-1.3860168911994417,0.4421512164306287,0.5500666824020561,0.007782101167315175,ARI,0.5500666824020561,1,-1.5359425267007898,0.5553398058252427,0.4368932038834951,0.007766990291262136,NYG,0.5553398058252427,0,5,5,2.728380644578597,6,6,3.300400094412337,1,0,0.5553398058252427
2020_14_DAL_CIN,2020-12-13T13:00-05:00,2020,14,CIN,DAL,-23.0,0.5203580092311253,0.47185988960155956,0.007782101167315175,CIN,0.5203580092311253,0,0.6763384069527969,0.5194917842090725,0.47272611462361247,0.007782101167315175,CIN,0.5194917842090725,0,0.6634665721106141,0.5553398058252427,0.4368932038834951,0.007766990291262136,CIN,0.5553398058252427,0,2,0,1.0407160184622506,2,0,1.038983568418145,4,0,2.2213592233009707
2020_14_DEN_CAR,2020-12-13T13:00-05:00,2020,14,CAR,DEN,-5.0,0.7735533337282184,0.2186645651044663,0.007782101167315175,CAR,0.7735533337282184,0,8.734338580686483,0.7700844965174919,0.22213340231519296,0.007782101167315175,CAR,0.7700844965174919,0,8.74371076846228,0.5553398058252427,0.4368932038834951,0.007766990291262136,CAR,0.5553398058252427,0,14,0,10.829746672195059,15,0,11.551267447762378,5,0,2.7766990291262132
2020_14_HOU_CHI,2020-12-13T13:00-05:00,2020,14,CHI,HOU,29.0,0.4235296053155879,0.568688293517097,0.007782101167315175,HOU,0.568688293517097,0,-2.037339796661437,0.4315966490380522,0.5606212497946326,0.007782101167315175,HOU,0.5606212497946326,0,-1.8395370514550424,0.5553398058252427,0.4368932038834951,0.007766990291262136,CHI,0.5553398058252427,1,7,0,3.980818054619679,7,0,3.924348748562428,7,7,3.887378640776699
2020_14_KC_MIA,2020-12-13T13:00-05:00,2020,14,MIA,KC,-6.0,0.29158829016095966,0.7006296086717251,0.007782101167315175,KC,0.7006296086717251,1,-6.060236289927973,0.28503213737522304,0.7071857614574618,0.007782101167315175,KC,0.7071857614574618,1,-6.3909215679923195,0.5553398058252427,0.4368932038834951,0.007766990291262136,MIA,0.5553398058252427,0,12,12,8.4075553040607,12,12,8.486229137489541,9,0,4.998058252427184
2020_14_MIN_TB,2020-12-13T13:00-05:00,2020,14,TB,MIN,12.0,0.6405337028872264,0.3516841959454583,0.007782101167315175,TB,0.6405337028872264,1,4.144847335552536,0.6449049085054105,0.3473129903272744,0.007782101167315175,TB,0.6449049085054105,1,4.352622998795485,0.5553398058252427,0.4368932038834951,0.007766990291262136,TB,0.5553398058252427,1,9,9,5.764803325985038,9,9,5.804144176548695,10,10,5.5533980582524265
2020_14_TEN_JAX,2020-12-13T13:00-05:00,2020,14,JAX,TEN,-21.0,0.22825043967721553,0.7639674591554693,0.007782101167315175,TEN,0.7639674591554693,1,-8.351535230099882,0.22457154059673667,0.7676463582359482,0.007782101167315175,TEN,0.7676463582359482,1,-8.644633330116804,0.5553398058252427,0.4368932038834951,0.007766990291262136,JAX,0.5553398058252427,0,13,13,9.931576969021101,13,13,9.979402657067327,15,0,8.33009708737864
2020_14_IND_LV,2020-12-13T16:05-05:00,2020,14,LV,IND,-17.0,0.44279544113746067,0.5494224576952241,0.007782101167315175,IND,0.5494224576952241,1,-1.4915589168416097,0.44460719116669883,0.547610707665986,0.007782101167315175,IND,0.547610707665986,1,-1.4655123304723894,0.5553398058252427,0.4368932038834951,0.007766990291262136,LV,0.5553398058252427,0,6,6,3.2965347461713446,5,5,2.73805353832993,8,0,4.442718446601941
2020_14_NYJ_SEA,2020-12-13T16:05-05:00,2020,14,SEA,NYJ,37.0,0.8426699251469428,0.1495479736857419,0.007782101167315175,SEA,0.8426699251469428,1,11.952381921756,0.8417904847928718,0.15042741403981316,0.007782101167315175,SEA,0.8417904847928718,1,12.111360450474843,0.5553398058252427,0.4368932038834951,0.007766990291262136,SEA,0.5553398058252427,1,16,16,13.482718802351085,16,16,13.468647756685948,13,13,7.219417475728155
2020_14_ATL_LAC,2020-12-13T16:25-05:00,2020,14,LAC,ATL,3.0,0.4630735672997789,0.5291443315329061,0.007782101167315175,ATL,0.5291443315329061,0,-0.922030738662732,0.46211257279831536,0.5301053260343696,0.007782101167315175,ATL,0.5301053260343696,0,-0.9654144452758445,0.5553398058252427,0.4368932038834951,0.007766990291262136,LAC,0.5553398058252427,1,4,0,2.1165773261316243,3,0,1.5903159781031087,2,2,1.1106796116504853
2020_14_GB_DET,2020-12-13T16:25-05:00,2020,14,DET,GB,-7.0,0.2153575127522227,0.7768603860804623,0.007782101167315175,GB,0.7768603860804623,1,-8.869180646828443,0.2237682561759021,0.7684496426567827,0.007782101167315175,GB,0.7684496426567827,1,-8.677191363382482,0.5553398058252427,0.4368932038834951,0.007766990291262136,DET,0.5553398058252427,0,15,15,11.652905791206933,14,14,10.758294997194959,6,0,3.3320388349514563
2020_14_NO_PHI,2020-12-13T16:25-05:00,2020,14,PHI,NO,3.0,0.29601670360209975,0.6962011952305851,0.007782101167315175,NO,0.6962011952305851,0,-5.912202063241239,0.29956125616528745,0.6926566426673973,0.007782101167315175,NO,0.6926566426673973,0,-5.895256839676426,0.5553398058252427,0.4368932038834951,0.007766990291262136,PHI,0.5553398058252427,1,11,0,7.658213147536436,11,0,7.619223069341371,12,12,6.6640776699029125
2020_14_WAS_SF,2020-12-13T16:25-05:00,2020,14,SF,WAS,-8.0,0.47868928980958747,0.5135286090230974,0.007782101167315175,WAS,0.5135286090230974,1,-0.4856698764816836,0.48914092873036036,0.5030769701023244,0.007782101167315175,WAS,0.5030769701023244,1,-0.19757772313499786,0.5553398058252427,0.4368932038834951,0.007766990291262136,SF,0.5553398058252427,0,1,1,0.5135286090230974,1,1,0.5030769701023244,16,0,8.885436893203883
2020_14_PIT_BUF,2020-12-13T20:20-05:00,2020,14,BUF,PIT,11.0,0.46528782162253524,0.5269300772101495,0.007782101167315175,PIT,0.5269300772101495,0,-0.860064706060227,0.4615920411391596,0.5306258576935252,0.007782101167315175,PIT,0.5306258576935252,0,-0.9802438199787581,0.5553398058252427,0.4368932038834951,0.007766990291262136,BUF,0.5553398058252427,1,3,0,1.5807902316304485,4,0,2.122503430774101,14,14,7.774757281553398
2020_14_BAL_CLE,2020-12-14T20:15-05:00,2020,14,CLE,BAL,-5.0,0.3967741480894957,0.5954437507431892,0.007782101167315175,BAL,0.5954437507431892,1,-2.8062833884663023,0.4156606508597014,0.5765572479729835,0.007782101167315175,BAL,0.5765572479729835,1,-2.3012700395562757,0.5553398058252427,0.4368932038834951,0.007766990291262136,CLE,0.5553398058252427,0,8,8,4.763550005945514,8,8,4.612457983783868,3,0,1.6660194174757281
2020_15_LAC_LV,2020-12-17T20:20-05:00,2020,15,LV,LAC,-3.0,0.5453635612176565,0.4468543376150283,0.007782101167315175,LV,0.5453635612176565,0,1.3772186361774694,0.5435860798916152,0.44863181894106974,0.007782101167315175,LV,0.5435860798916152,0,1.350254202653219,0.5553398058252427,0.4368932038834951,0.007766990291262136,LV,0.5553398058252427,0,4,0,2.181454244870626,3,0,1.6307582396748457,9,0,4.998058252427184
2020_15_BUF_DEN,2020-12-19T16:30-05:00,2020,15,DEN,BUF,-29.0,0.2281351303021748,0.76408276853051,0.007782101167315175,BUF,0.76408276853051,1,-8.35607184728531,0.2327489289040941,0.7594689699285908,0.007782101167315175,BUF,0.7594689699285908,1,-8.317765015313231,0.5553398058252427,0.4368932038834951,0.007766990291262136,DEN,0.5553398058252427,0,10,10,7.6408276853051005,10,10,7.594689699285908,1,0,0.5553398058252427
2020_15_CAR_GB,2020-12-19T20:15-05:00,2020,15,GB,CAR,8.0,0.7938854547459001,0.19833244408678463,0.007782101167315175,GB,0.7938854547459001,1,9.588369234270145,0.7838608185583734,0.2083570802743114,0.007782101167315175,GB,0.7838608185583734,1,9.318709272352965,0.5553398058252427,0.4368932038834951,0.007766990291262136,GB,0.5553398058252427,1,12,12,9.526625456950802,12,12,9.406329822700481,2,2,1.1106796116504853
2020_15_CHI_MIN,2020-12-20T13:00-05:00,2020,15,MIN,CHI,-6.0,0.6015385744568478,0.390679324375837,0.007782101167315175,MIN,0.6015385744568478,0,2.9836991792870315,0.596586256636436,0.39563164219624886,0.007782101167315175,MIN,0.596586256636436,0,2.8887789946400066,0.5553398058252427,0.4368932038834951,0.007766990291262136,MIN,0.5553398058252427,0,7,0,4.210770021197934,5,0,2.98293128318218,3,0,1.6660194174757281
2020_15_DET_TEN,2020-12-20T13:00-05:00,2020,15,TEN,DET,21.0,0.8156873523233282,0.17653054650935668,0.007782101167315175,TEN,0.8156873523233282,1,10.580687436716913,0.8193101592221689,0.17290773961051598,0.007782101167315175,TEN,0.8193101592221689,1,10.94143225159008,0.5553398058252427,0.4368932038834951,0.007766990291262136,TEN,0.5553398058252427,1,13,13,10.603935580203267,13,13,10.651032069888196,5,5,2.7766990291262132
2020_15_HOU_IND,2020-12-20T13:00-05:00,2020,15,IND,HOU,7.0,0.71198691263246,0.28023098620022496,0.007782101167315175,IND,0.71198691263246,1,6.446045485613114,0.7158510557654383,0.27636684306724657,0.007782101167315175,IND,0.7158510557654383,1,6.69370765409721,0.5553398058252427,0.4368932038834951,0.007766990291262136,IND,0.5553398058252427,1,9,9,6.407882213692139,9,9,6.4426595018889445,6,6,3.3320388349514563
2020_15_JAX_BAL,2020-12-20T13:00-05:00,2020,15,BAL,JAX,26.0,0.8504810065944377,0.14173689223824715,0.007782101167315175,BAL,0.8504810065944377,1,12.387016139845354,0.8379953846635998,0.15422251416908508,0.007782101167315175,BAL,0.8379953846635998,1,11.90434561734719,0.5553398058252427,0.4368932038834951,0.007766990291262136,BAL,0.5553398058252427,1,15,15,12.757215098916566,15,15,12.569930769953997,7,7,3.887378640776699
2020_15_NE_MIA,2020-12-20T13:00-05:00,2020,15,MIA,NE,10.0,0.5989112657831819,0.39330663304950303,0.007782101167315175,MIA,0.5989112657831819,1,2.9071047653608844,0.5977396025244577,0.3944782963082272,0.007782101167315175,MIA,0.5977396025244577,1,2.9228954222811048,0.5553398058252427,0.4368932038834951,0.007766990291262136,MIA,0.5553398058252427,1,5,5,2.9945563289159094,6,6,3.586437615146746,10,10,5.5533980582524265
2020_15_SEA_WAS,2020-12-20T13:00-05:00,2020,15,WAS,SEA,-5.0,0.3928175765417331,0.5994003222909517,0.007782101167315175,SEA,0.5994003222909517,1,-2.9213488713930573,0.3877706502508637,0.6044472485818212,0.007782101167315175,SEA,0.6044472485818212,1,-3.1219973667687366,0.5553398058252427,0.4368932038834951,0.007766990291262136,WAS,0.5553398058252427,0,6,6,3.5964019337457103,7,7,4.231130740072748,14,0,7.774757281553398
2020_15_SF_DAL,2020-12-20T13:00-05:00,2020,15,DAL,SF,8.0,0.5114428352316385,0.48077506360104644,0.007782101167315175,DAL,0.5114428352316385,1,0.42747774281092,0.4993185286708986,0.49289937016178625,0.007782101167315175,DAL,0.4993185286708986,1,0.09100267281116628,0.5553398058252427,0.4368932038834951,0.007766990291262136,DAL,0.5553398058252427,1,1,1,0.5114428352316385,1,1,0.4993185286708986,15,15,8.33009708737864
2020_15_TB_ATL,2020-12-20T13:00-05:00,2020,15,ATL,TB,-4.0,0.46351463435634144,0.5287032644763434,0.007782101167315175,TB,0.5287032644763434,1,-0.9096845808622364,0.4672100109005873,0.5250078879320975,0.007782101167315175,TB,0.5250078879320975,1,-0.8203020854697167,0.5553398058252427,0.4368932038834951,0.007766990291262136,ATL,0.5553398058252427,0,3,3,1.5861097934290302,2,2,1.050015775864195,16,0,8.885436893203883
2020_15_NYJ_LA,2020-12-20T16:05-05:00,2020,15,LAR,NYJ,-3.0,0.9083378347154392,0.08388006411724563,0.007782101167315175,LAR,0.9083378347154392,0,16.46847528578851,0.906021129209114,0.08619676962357076,0.007782101167315175,LAR,0.906021129209114,0,16.544884735962913,0.5553398058252427,0.4368932038834951,0.007766990291262136,LAR,0.5553398058252427,0,16,0,14.533405355447027,16,0,14.496338067345825,11,0,6.1087378640776695
2020_15_PHI_ARI,2020-12-20T16:05-05:00,2020,15,ARI,PHI,7.0,0.7733619921497648,0.21885590668292024,0.007782101167315175,ARI,0.7733619921497648,1,8.726581800297055,0.7746676939131805,0.21755020491950444,0.007782101167315175,ARI,0.7746676939131805,1,8.932073983710318,0.5553398058252427,0.4368932038834951,0.007766990291262136,ARI,0.5553398058252427,1,11,11,8.506981913647412,11,11,8.521344633044984,12,12,6.6640776699029125
2020_15_KC_NO,2020-12-20T16:25-05:00,2020,15,NO,KC,-3.0,0.472335906195493,0.5198819926371918,0.007782101167315175,KC,0.5198819926371918,1,-0.6630411042305113,0.4461568340654349,0.5460610647672499,0.007782101167315175,KC,0.5460610647672499,1,-1.4211109544929448,0.5553398058252427,0.4368932038834951,0.007766990291262136,NO,0.5553398058252427,0,2,2,1.0397639852743836,4,4,2.1842442590689997,8,0,4.442718446601941
2020_15_CLE_NYG,2020-12-20T20:20-05:00,2020,15,NYG,CLE,-14.0,0.35266696220669713,0.6395509366259876,0.007782101167315175,CLE,0.6395509366259876,1,-4.114941249840982,0.35272690004440277,0.6394909987882822,0.007782101167315175,CLE,0.6394909987882822,1,-4.184545367720529,0.5553398058252427,0.4368932038834951,0.007766990291262136,NYG,0.5553398058252427,0,8,8,5.116407493007901,8,8,5.1159279903062576,4,0,2.2213592233009707
2020_15_PIT_CIN,2020-12-21T20:15-05:00,2020,15,CIN,PIT,10.0,0.16667011015512714,0.8255477886775577,0.007782101167315175,PIT,0.8255477886775577,0,-11.061099640746349,0.16517971911195162,0.8270381797207331,0.007782101167315175,PIT,0.8270381797207331,0,-11.329042171913013,0.5553398058252427,0.4368932038834951,0.007766990291262136,CIN,0.5553398058252427,1,14,0,11.55766904148581,14,0,11.578534516090263,13,13,7.219417475728155
2020_16_MIN_NO,2020-12-25T16:30-05:00,2020,16,NO,MIN,19.0,0.7207483006267926,0.2714695982058923,0.007782101167315175,NO,0.7207483006267926,1,6.750181915704879,0.7136904256550272,0.2785274731776577,0.007782101167315175,NO,0.7136904256550272,1,6.617676924467382,0.5553398058252427,0.4368932038834951,0.007766990291262136,NO,0.5553398058252427,1,11,11,7.928231306894719,11,11,7.8505946822052985,11,11,6.1087378640776695
2020_16_TB_DET,2020-12-26T13:00-05:00,2020,16,DET,TB,-40.0,0.2910527408140844,0.7011651580186005,0.007782101167315175,TB,0.7011651580186005,1,-6.078227117003209,0.2906566773637347,0.7015612214689502,0.007782101167315175,TB,0.7015612214689502,1,-6.197328056715143,0.5553398058252427,0.4368932038834951,0.007766990291262136,DET,0.5553398058252427,0,8,8,5.609321264148804,10,10,7.015612214689502,15,0,8.33009708737864
2020_16_SF_ARI,2020-12-26T16:30-05:00,2020,16,ARI,SF,-8.0,0.7011927276861712,0.29102517114651366,0.007782101167315175,ARI,0.7011927276861712,0,6.079153794446226,0.6900559980897125,0.3021619007429723,0.007782101167315175,ARI,0.6900559980897125,0,5.808006227591518,0.5553398058252427,0.4368932038834951,0.007766990291262136,ARI,0.5553398058252427,0,9,0,6.3107345491755416,8,0,5.5204479847177,14,0,7.774757281553398
2020_16_MIA_LV,2020-12-26T20:15-05:00,2020,16,LV,MIA,-1.0,0.4497506332698139,0.5424672655628711,0.007782101167315175,MIA,0.5424672655628711,1,-1.2957446954352714,0.45211012235169035,0.5401077764809946,0.007782101167315175,MIA,0.5401077764809946,1,-1.250787797861842,0.5553398058252427,0.4368932038834951,0.007766990291262136,LV,0.5553398058252427,0,2,2,1.0849345311257421,3,3,1.620323329442984,10,0,5.5533980582524265
2020_16_ATL_KC,2020-12-27T13:00-05:00,2020,16,KC,ATL,3.0,0.7875009576885564,0.2047169411441284,0.007782101167315175,KC,0.7875009576885564,1,9.313518502931286,0.7903116698032375,0.20190622902944735,0.007782101167315175,KC,0.7903116698032375,1,9.597542821370046,0.5553398058252427,0.4368932038834951,0.007766990291262136,KC,0.5553398058252427,1,14,14,11.02501340763979,14,14,11.064363377245325,1,1,0.5553398058252427
2020_16_CHI_JAX,2020-12-27T13:00-05:00,2020,16,JAX,CHI,-24.0,0.28480455929459564,0.7074133395380892,0.007782101167315175,CHI,0.7074133395380892,1,-6.289579755360354,0.29113522679562737,0.7010826720370575,0.007782101167315175,CHI,0.7010826720370575,1,-6.180958916112911,0.5553398058252427,0.4368932038834951,0.007766990291262136,JAX,0.5553398058252427,0,10,10,7.074133395380891,9,9,6.309744048333518,4,0,2.2213592233009707
2020_16_CIN_HOU,2020-12-27T13:00-05:00,2020,16,HOU,CIN,-6.0,0.74201445327731,0.25020344555537477,0.007782101167315175,HOU,0.74201445327731,0,7.5151427346347255,0.733634189487334,0.2585837093453509,0.007782101167315175,HOU,0.733634189487334,0,7.3340581328630945,0.5553398058252427,0.4368932038834951,0.007766990291262136,HOU,0.5553398058252427,0,12,0,8.90417343932772,12,0,8.803610273848008,5,0,2.7766990291262132
2020_16_CLE_NYJ,2020-12-27T13:00-05:00,2020,16,NYJ,CLE,7.0,0.24393889912380023,0.7482789997088847,0.007782101167315175,CLE,0.7482789997088847,0,-7.748553520673665,0.24774721960440715,0.7444706792282778,0.007782101167315175,CLE,0.7444706792282778,0,-7.738274974729823,0.5553398058252427,0.4368932038834951,0.007766990291262136,NYJ,0.5553398058252427,1,13,0,9.7276269962155,13,0,9.678118829967612,6,6,3.3320388349514563
2020_16_IND_PIT,2020-12-27T13:00-05:00,2020,16,PIT,IND,4.0,0.4846415475513128,0.5075763512813721,0.007782101167315175,IND,0.5075763512813721,0,-0.3196430930409533,0.48905881908311316,0.5031590797495717,0.007782101167315175,IND,0.5031590797495717,0,-0.19990624793182232,0.5553398058252427,0.4368932038834951,0.007766990291262136,PIT,0.5553398058252427,1,1,0,0.5075763512813721,1,0,0.5031590797495717,8,8,4.442718446601941
2020_16_NYG_BAL,2020-12-27T13:00-05:00,2020,16,BAL,NYG,14.0,0.8613494520467783,0.13086844678590667,0.007782101167315175,BAL,0.8613494520467783,1,13.026322179640381,0.8462379412083306,0.14597995762435417,0.007782101167315175,BAL,0.8462379412083306,1,12.359493675452773,0.5553398058252427,0.4368932038834951,0.007766990291262136,BAL,0.5553398058252427,1,16,16,13.781591232748452,16,16,13.53980705933329,12,12,6.6640776699029125
2020_16_CAR_WAS,2020-12-27T16:05-05:00,2020,16,WAS,CAR,-7.0,0.5677410531188041,0.4244768457138807,0.007782101167315175,WAS,0.5677410531188041,0,2.0103713579682605,0.5625740913366993,0.4296438074959855,0.007782101167315175,WAS,0.5625740913366993,0,1.8958880997011618,0.5553398058252427,0.4368932038834951,0.007766990291262136,WAS,0.5553398058252427,0,4,0,2.2709642124752163,4,0,2.2502963653467973,3,0,1.6660194174757281
2020_16_DEN_LAC,2020-12-27T16:05-05:00,2020,16,LAC,DEN,3.0,0.7937193250116289,0.19849857382105598,0.007782101167315175,LAC,0.7937193250116289,1,9.581134269435482,0.7915029592158301,0.20071493961685466,0.007782101167315175,LAC,0.7915029592158301,1,9.649756009866067,0.5553398058252427,0.4368932038834951,0.007766990291262136,LAC,0.5553398058252427,1,15,15,11.905789875174433,15,15,11.872544388237452,7,7,3.887378640776699
2020_16_LA_SEA,2020-12-27T16:25-05:00,2020,16,SEA,LAR,11.0,0.5862098596753161,0.4060080391573689,0.007782101167315175,SEA,0.5862098596753161,1,2.539198782446572,0.5851153166119034,0.4071025822207814,0.007782101167315175,SEA,0.5851153166119034,1,2.5512145957561767,0.5553398058252427,0.4368932038834951,0.007766990291262136,SEA,0.5553398058252427,1,6,6,3.517259158051897,6,6,3.5106918996714205,9,9,4.998058252427184
2020_16_PHI_DAL,2020-12-27T16:25-05:00,2020,16,DAL,PHI,20.0,0.5724639251907169,0.419753973641968,0.007782101167315175,DAL,0.5724639251907169,1,2.144989238609193,0.5756879493321593,0.4165299495005255,0.007782101167315175,DAL,0.5756879493321593,1,2.275964505164992,0.5553398058252427,0.4368932038834951,0.007766990291262136,DAL,0.5553398058252427,1,5,5,2.8623196259535844,5,5,2.8784397466607965,13,13,7.219417475728155
2020_16_TEN_GB,2020-12-27T20:20-05:00,2020,16,GB,TEN,26.0,0.5503998013782638,0.441818097454421,0.007782101167315175,GB,0.5503998013782638,1,1.519120770008689,0.5340732686983718,0.4581446301343131,0.007782101167315175,GB,0.5340732686983718,1,1.0785132770494412,0.5553398058252427,0.4368932038834951,0.007766990291262136,GB,0.5553398058252427,1,3,3,1.6511994041347915,2,2,1.0681465373967436,16,16,8.885436893203883
2020_16_BUF_NE,2020-12-28T20:15-05:00,2020,16,NE,BUF,-29.0,0.3487606206599672,0.6434572781727177,0.007782101167315175,BUF,0.6434572781727177,1,-4.2340375733812,0.35422687139099474,0.63799102744169,0.007782101167315175,BUF,0.63799102744169,1,-4.138184480531553,0.5553398058252427,0.4368932038834951,0.007766990291262136,NE,0.5553398058252427,0,7,7,4.504200947209024,7,7,4.46593719209183,2,0,1.1106796116504853
2020_17_ATL_TB,2021-01-03T13:00-05:00,2020,17,TB,ATL,17.0,0.6877507562336181,0.30446714259906665,0.007782101167315175,TB,0.6877507562336181,1,5.633194740790488,0.6816932195641553,0.3105246792685295,0.007782101167315175,TB,0.6816932195641553,1,5.530244815500526,0.5553398058252427,0.4368932038834951,0.007766990291262136,TB,0.5553398058252427,1,12,12,8.253009074803417,11,11,7.498625415205709,2,2,1.1106796116504853
2020_17_BAL_CIN,2021-01-03T13:00-05:00,2020,17,CIN,BAL,-35.0,0.20074979434937656,0.7914681044833083,0.007782101167315175,BAL,0.7914681044833083,1,-9.483537588449295,0.218548223645975,0.7736696751867098,0.007782101167315175,BAL,0.7736696751867098,1,-8.890816448728586,0.5553398058252427,0.4368932038834951,0.007766990291262136,CIN,0.5553398058252427,0,15,15,11.872021567249625,15,15,11.605045127800647,3,0,1.6660194174757281
2020_17_DAL_NYG,2021-01-03T13:00-05:00,2020,17,NYG,DAL,4.0,0.4694487131402482,0.5227691856924366,0.007782101167315175,DAL,0.5227691856924366,0,-0.7437132254367419,0.4668754717337395,0.5253424270989454,0.007782101167315175,DAL,0.5253424270989454,0,-0.8298199669847108,0.5553398058252427,0.4368932038834951,0.007766990291262136,NYG,0.5553398058252427,1,1,0,0.5227691856924366,1,0,0.5253424270989454,4,4,2.2213592233009707
2020_17_MIA_BUF,2021-01-03T13:00-05:00,2020,17,BUF,MIA,30.0,0.7204477076268745,0.27177019120581053,0.007782101167315175,BUF,0.7204477076268745,1,6.739647721606943,0.7161888516120157,0.2760290472206691,0.007782101167315175,BUF,0.7161888516120157,1,6.705627287148956,0.5553398058252427,0.4368932038834951,0.007766990291262136,BUF,0.5553398058252427,1,14,14,10.086267906776243,14,14,10.026643922568221,9,9,4.998058252427184
2020_17_MIN_DET,2021-01-03T13:00-05:00,2020,17,DET,MIN,-2.0,0.3388298318565275,0.6533880669761574,0.007782101167315175,MIN,0.6533880669761574,1,-4.539617935118718,0.3395334387483605,0.6526844600843243,0.007782101167315175,MIN,0.6526844600843243,1,-4.596283809921751,0.5553398058252427,0.4368932038834951,0.007766990291262136,DET,0.5553398058252427,0,8,8,5.227104535809259,8,8,5.221475680674595,10,0,5.5533980582524265
2020_17_NYJ_NE,2021-01-03T13:00-05:00,2020,17,NE,NYJ,14.0,0.6858305658701668,0.3063873329625182,0.007782101167315175,NE,0.6858305658701668,1,5.570404771806168,0.6875063226823451,0.30471157615033967,0.007782101167315175,NE,0.6875063226823451,1,5.722874488239202,0.5553398058252427,0.4368932038834951,0.007766990291262136,NE,0.5553398058252427,1,11,11,7.544136224571835,12,12,8.250075872188141,12,12,6.6640776699029125
2020_17_PIT_CLE,2021-01-03T13:00-05:00,2020,17,CLE,PIT,2.0,0.549178393214235,0.44303950561844985,0.007782101167315175,CLE,0.549178393214235,1,1.4846779590849015,0.547241114863505,0.44497678396917995,0.007782101167315175,CLE,0.547241114863505,1,1.4549199071592671,0.5553398058252427,0.4368932038834951,0.007766990291262136,CLE,0.5553398058252427,1,3,3,1.6475351796427051,3,3,1.641723344590515,13,13,7.219417475728155
2020_17_ARI_LA,2021-01-03T16:25-05:00,2020,17,LAR,ARI,11.0,0.6431172111049356,0.3491006877277492,0.007782101167315175,LAR,0.6431172111049356,1,4.223645610453223,0.6434634470584515,0.34875445177423325,0.007782101167315175,LAR,0.6434634470584515,1,4.3077560819340555,0.5553398058252427,0.4368932038834951,0.007766990291262136,LAR,0.5553398058252427,1,6,6,3.8587032666296137,6,6,3.860780682350709,1,1,0.5553398058252427
2020_17_GB_CHI,2021-01-03T16:25-05:00,2020,17,CHI,GB,-19.0,0.3395379775500769,0.6526799212826079,0.007782101167315175,GB,0.6526799212826079,1,-4.517688433441688,0.34631691096235767,0.6459009878703271,0.007782101167315175,GB,0.6459009878703271,1,-4.383677139694635,0.5553398058252427,0.4368932038834951,0.007766990291262136,CHI,0.5553398058252427,0,7,7,4.5687594489782555,7,7,4.52130691509229,5,0,2.7766990291262132
2020_17_JAX_IND,2021-01-03T16:25-05:00,2020,17,IND,JAX,14.0,0.8883660873329605,0.10385181149972428,0.007782101167315175,IND,0.8883660873329605,1,14.838311458496559,0.8847977676852524,0.10742013114743235,0.007782101167315175,IND,0.8847977676852524,1,14.830084365677616,0.5553398058252427,0.4368932038834951,0.007766990291262136,IND,0.5553398058252427,1,16,16,14.213857397327368,16,16,14.156764282964039,6,6,3.3320388349514563
2020_17_LAC_KC,2021-01-03T16:25-05:00,2020,17,KC,LAC,-17.0,0.657733383945919,0.334484514886766,0.007782101167315175,KC,0.657733383945919,0,4.674670313215072,0.6549903789018492,0.3372275199308356,0.007782101167315175,KC,0.6549903789018492,0,4.6690156053873695,0.5553398058252427,0.4368932038834951,0.007766990291262136,KC,0.5553398058252427,0,9,0,5.919600455513271,9,0,5.894913410116643,7,0,3.887378640776699
2020_17_LV_DEN,2021-01-03T16:25-05:00,2020,17,DEN,LV,-1.0,0.3591799913769143,0.6330379074557705,0.007782101167315175,LV,0.6330379074557705,1,-3.917674242949717,0.3589669268700489,0.633250971962636,0.007782101167315175,LV,0.633250971962636,1,-3.9922470979553486,0.5553398058252427,0.4368932038834951,0.007766990291262136,DEN,0.5553398058252427,0,5,5,3.1651895372788523,4,4,2.533003887850544,8,0,4.442718446601941
2020_17_NO_CAR,2021-01-03T16:25-05:00,2020,17,CAR,NO,-26.0,0.3247490638707913,0.6674688349618936,0.007782101167315175,NO,0.6674688349618936,1,-4.980440630924572,0.3349802053149758,0.6572376935177091,0.007782101167315175,NO,0.6572376935177091,1,-4.740131448853104,0.5553398058252427,0.4368932038834951,0.007766990291262136,CAR,0.5553398058252427,0,10,10,6.674688349618936,10,10,6.5723769351770915,11,0,6.1087378640776695
2020_17_SEA_SF,2021-01-03T16:25-05:00,2020,17,SF,SEA,-3.0,0.27483115291447463,0.7173867459182103,0.007782101167315175,SEA,0.7173867459182103,1,-6.632786821521735,0.28155051855768337,0.7106673802750014,0.007782101167315175,SEA,0.7106673802750014,1,-6.511899163657953,0.5553398058252427,0.4368932038834951,0.007766990291262136,SF,0.5553398058252427,0,13,13,9.326027696936734,13,13,9.238675943575018,14,0,7.774757281553398
2020_17_TEN_HOU,2021-01-03T16:25-05:00,2020,17,HOU,TEN,-3.0,0.3599132436937956,0.6323046551388892,0.007782101167315175,TEN,0.6323046551388892,1,-3.8955638083049187,0.3514167855769007,0.6408011132557841,0.007782101167315175,TEN,0.6408011132557841,1,-4.225110543252888,0.5553398058252427,0.4368932038834951,0.007766990291262136,HOU,0.5553398058252427,0,4,4,2.529218620555557,5,5,3.2040055662789206,15,0,8.33009708737864
2020_17_WAS_PHI,2021-01-03T20:20-05:00,2020,17,PHI,WAS,-6.0,0.46005537284150416,0.5321625259911807,0.007782101167315175,WAS,0.5321625259911807,1,-1.0065551773233552,0.450480298487014,0.541737600345671,0.007782101167315175,WAS,0.541737600345671,1,-1.2973785009920893,0.5553398058252427,0.4368932038834951,0.007766990291262136,PHI,0.5553398058252427,0,2,2,1.0643250519823615,2,2,1.083475200691342,16,0,8.885436893203883
2021_01_DAL_TB,2021-09-09T20:20-04:00,2021,1,TB,DAL,2.0,0.7011162434281296,0.29239025007836406,0.006493506493506494,TB,0.7011162434281296,1,5.99961749464355,0.741723906430841,0.2517825870756525,0.006493506493506494,TB,0.741723906430841,1,7.45488955231583,0.5356679636835279,0.4578469520103761,0.00648508430609598,TB,0.5356679636835279,1,16,16,11.217859894850074,16,16,11.867582502893455,5,5,2.6783398184176392
2021_01_ARI_TEN,2021-09-12T13:00-04:00,2021,1,TEN,ARI,-25.0,0.6355044882568129,0.3580020052496805,0.006493506493506494,TEN,0.6355044882568129,0,3.936800396960414,0.6201668788792005,0.37333961462729304,0.006493506493506494,TEN,0.6201668788792005,0,3.5017755265823203,0.5356679636835279,0.4578469520103761,0.00648508430609598,TEN,0.5356679636835279,0,9,0,5.719540394311316,9,0,5.581501909912805,1,0,0.5356679636835279
2021_01_JAX_HOU,2021-09-12T13:00-04:00,2021,1,HOU,JAX,16.0,0.6445450892528899,0.34896140425360367,0.006493506493506494,HOU,0.6445450892528899,1,4.209160804772379,0.6374678410099565,0.3560386524965371,0.006493506493506494,HOU,0.6374678410099565,1,4.019033761102821,0.5356679636835279,0.4578469520103761,0.00648508430609598,HOU,0.5356679636835279,1,10,10,6.445450892528899,11,11,7.012146251109521,8,8,4.285343709468223
2021_01_LAC_WAS,2021-09-12T13:00-04:00,2021,1,WAS,LAC,-4.0,0.5583199496589014,0.43518654384759214,0.006493506493506494,WAS,0.5583199496589014,0,1.7092110194678596,0.5341632877570164,0.45934320574947707,0.006493506493506494,WAS,0.5341632877570164,0,1.041244423852245,0.5356679636835279,0.4578469520103761,0.00648508430609598,WAS,0.5356679636835279,0,4,0,2.2332797986356057,3,0,1.6024898632710491,9,0,4.821011673151751
2021_01_MIN_CIN,2021-09-12T13:00-04:00,2021,1,CIN,MIN,3.0,0.48651103996262457,0.506995453543869,0.006493506493506494,MIN,0.506995453543869,0,-0.28292169578156035,0.4936920344364498,0.4998144590700438,0.006493506493506494,MIN,0.4998144590700438,0,-0.08504335818541264,0.5356679636835279,0.4578469520103761,0.00648508430609598,CIN,0.5356679636835279,1,2,0,1.013990907087738,1,0,0.4998144590700438,11,11,5.892347600518806
2021_01_NYJ_CAR,2021-09-12T13:00-04:00,2021,1,CAR,NYJ,5.0,0.6100465778600402,0.38345991564645326,0.006493506493506494,CAR,0.6100465778600402,1,3.1850830891828785,0.6072295857559897,0.38627690775050383,0.006493506493506494,CAR,0.6072295857559897,1,3.12125410546259,0.5356679636835279,0.4578469520103761,0.00648508430609598,CAR,0.5356679636835279,1,6,6,3.660279467160241,7,7,4.250607100291928,12,12,6.428015564202335
2021_01_PHI_ATL,2021-09-12T13:00-04:00,2021,1,ATL,PHI,-26.0,0.6969409593901983,0.29656553411629516,0.006493506493506494,ATL,0.6969409593901983,0,5.8613766196784916,0.7011506647275217,0.29235582877897187,0.006493506493506494,ATL,0.7011506647275217,0,6.035825665323566,0.5356679636835279,0.4578469520103761,0.00648508430609598,ATL,0.5356679636835279,0,15,0,10.454114390852974,15,0,10.517259970912827,13,0,6.963683527885863
2021_01_PIT_BUF,2021-09-12T13:00-04:00,2021,1,BUF,PIT,-7.0,0.6595269727287468,0.33397952077774673,0.006493506493506494,BUF,0.6595269727287468,0,4.66781626219854,0.6632096631931247,0.3302968303133689,0.006493506493506494,BUF,0.6632096631931247,0,4.8100202308996725,0.5356679636835279,0.4578469520103761,0.00648508430609598,BUF,0.5356679636835279,0,11,0,7.2547967000162155,13,0,8.62172562151062,14,0,7.49935149156939
2021_01_SEA_IND,2021-09-12T13:00-04:00,2021,1,IND,SEA,-12.0,0.48973838569887373,0.5037681078076198,0.006493506493506494,SEA,0.5037681078076198,1,-0.19375775931843742,0.5331639027439126,0.46034259076258094,0.006493506493506494,IND,0.5331639027439126,0,1.0133267774815162,0.5356679636835279,0.4578469520103761,0.00648508430609598,IND,0.5356679636835279,0,1,1,0.5037681078076198,2,0,1.0663278054878251,15,0,8.035019455252918
2021_01_SF_DET,2021-09-12T13:00-04:00,2021,1,DET,SF,-8.0,0.3773171038579021,0.6161893896485914,0.006493506493506494,SF,0.6161893896485914,1,-3.3645959499629177,0.3846187838380027,0.6088877096684908,0.006493506493506494,SF,0.6088877096684908,1,-3.1697527147067914,0.5356679636835279,0.4578469520103761,0.00648508430609598,DET,0.5356679636835279,0,7,7,4.31332572754014,8,8,4.8711016773479265,16,0,8.570687418936446
2021_01_CLE_KC,2021-09-12T16:25-04:00,2021,1,KC,CLE,4.0,0.690758626039659,0.3027478674668345,0.006493506493506494,KC,0.690758626039659,1,5.658717022135221,0.6562363845108096,0.33727010899568416,0.006493506493506494,KC,0.6562363845108096,1,4.592927498707307,0.5356679636835279,0.4578469520103761,0.00648508430609598,KC,0.5356679636835279,1,12,12,8.289103512475908,12,12,7.874836614129714,4,4,2.1426718547341115
2021_01_DEN_NYG,2021-09-12T16:25-04:00,2021,1,NYG,DEN,-14.0,0.5612427295257026,0.43226376398079086,0.006493506493506494,NYG,0.5612427295257026,0,1.7912569462520431,0.5568704016615296,0.436636091844964,0.006493506493506494,NYG,0.5568704016615296,0,1.6783156978027511,0.5356679636835279,0.4578469520103761,0.00648508430609598,NYG,0.5356679636835279,0,5,0,2.806213647628513,5,0,2.784352008307648,6,0,3.2140077821011674
2021_01_GB_NO,2021-09-12T16:25-04:00,2021,1,NO,GB,35.0,0.37386720049622973,0.6196392930102638,0.006493506493506494,GB,0.6196392930102638,0,-3.4659070566159684,0.3906663953401463,0.6028400981663472,0.006493506493506494,GB,0.6028400981663472,0,-2.993227406547188,0.5356679636835279,0.4578469520103761,0.00648508430609598,NO,0.5356679636835279,1,8,0,4.95711434408211,6,0,3.6170405889980835,7,7,3.749675745784695
2021_01_MIA_NE,2021-09-12T16:25-04:00,2021,1,NE,MIA,-1.0,0.4421708245241319,0.5513356689823616,0.006493506493506494,MIA,0.5513356689823616,1,-1.5136342920386405,0.444571683501742,0.5489348100047516,0.006493506493506494,MIA,0.5489348100047516,1,-1.4550021502537072,0.5356679636835279,0.4578469520103761,0.00648508430609598,NE,0.5356679636835279,0,3,3,1.654007006947085,4,4,2.1957392400190066,10,0,5.3566796368352785
2021_01_CHI_LA,2021-09-12T20:20-04:00,2021,1,LAR,CHI,20.0,0.6927183414066295,0.30078815209986415,0.006493506493506494,LAR,0.6927183414066295,1,5.722701053699538,0.6646929258713652,0.32881356763512826,0.006493506493506494,LAR,0.6646929258713652,1,4.856490705709627,0.5356679636835279,0.4578469520103761,0.00648508430609598,LAR,0.5356679636835279,1,13,13,9.005338438286183,14,14,9.305700962199113,3,3,1.6070038910505837
2021_01_BAL_LV,2021-09-13T20:15-04:00,2021,1,LV,BAL,6.0,0.29745019717318155,0.6960562963333121,0.006493506493506494,BAL,0.6960562963333121,0,-5.832230381711419,0.35857710885237637,0.6349293846541172,0.006493506493506494,BAL,0.6349293846541172,0,-3.9424813902974476,0.5356679636835279,0.4578469520103761,0.00648508430609598,LV,0.5356679636835279,1,14,0,9.74478814866637,10,0,6.349293846541172,2,2,1.0713359273670557
2021_02_NYG_WAS,2021-09-16T20:20-04:00,2021,2,WAS,NYG,1.0,0.650120712364347,0.3433857811421465,0.006493506493506494,WAS,0.650120712364347,1,4.378739556778596,0.6402606752423313,0.3532458182641623,0.006493506493506494,WAS,0.6402606752423313,1,4.103536479845162,0.5356679636835279,0.4578469520103761,0.00648508430609598,WAS,0.5356679636835279,1,10,10,6.50120712364347,10,10,6.4026067524233135,14,14,7.49935149156939
2021_02_BUF_MIA,2021-09-19T13:00-04:00,2021,2,MIA,BUF,-35.0,0.4061669673899285,0.587339526116565,0.006493506493506494,BUF,0.587339526116565,1,-2.530220699217672,0.4289433890846157,0.5645631044218778,0.006493506493506494,BUF,0.5645631044218778,1,-1.8956312281393581,0.5356679636835279,0.4578469520103761,0.00648508430609598,MIA,0.5356679636835279,0,5,5,2.936697630582825,4,4,2.2582524176875114,2,0,1.0713359273670557
2021_02_CIN_CHI,2021-09-19T13:00-04:00,2021,2,CHI,CIN,3.0,0.5877464199570324,0.4057600735494612,0.006493506493506494,CHI,0.5877464199570324,1,2.5418471480827356,0.5795224617611614,0.4139840317453321,0.006493506493506494,CHI,0.5795224617611614,1,2.3210178970968363,0.5356679636835279,0.4578469520103761,0.00648508430609598,CHI,0.5356679636835279,1,6,6,3.526478519742194,6,6,3.4771347705669684,3,3,1.6070038910505837
2021_02_DEN_JAX,2021-09-19T13:00-04:00,2021,2,JAX,DEN,-10.0,0.35423837249856477,0.6392681210079287,0.006493506493506494,DEN,0.6392681210079287,1,-4.049806929737831,0.3571977375868198,0.6363087559196737,0.006493506493506494,DEN,0.6363087559196737,1,-3.9840495793646964,0.5356679636835279,0.4578469520103761,0.00648508430609598,JAX,0.5356679636835279,0,9,9,5.753413089071358,9,9,5.726778803277064,5,0,2.6783398184176392
2021_02_HOU_CLE,2021-09-19T13:00-04:00,2021,2,CLE,HOU,10.0,0.6518803056162327,0.3416261878902609,0.006493506493506494,CLE,0.6518803056162327,1,4.432523928608029,0.6842426880315875,0.30926380547490606,0.006493506493506494,CLE,0.6842426880315875,1,5.479453120183869,0.5356679636835279,0.4578469520103761,0.00648508430609598,CLE,0.5356679636835279,1,11,11,7.1706833617785595,13,13,8.895154944410638,7,7,3.749675745784695
2021_02_LA_IND,2021-09-19T13:00-04:00,2021,2,IND,LAR,-3.0,0.37147880608733425,0.6220276874191593,0.006493506493506494,LAR,0.6220276874191593,1,-3.5362623363485546,0.399895245650844,0.5936112478556497,0.006493506493506494,LAR,0.5936112478556497,1,-2.7256712186461964,0.5356679636835279,0.4578469520103761,0.00648508430609598,IND,0.5356679636835279,0,7,7,4.354193811934115,7,7,4.1552787349895475,9,0,4.821011673151751
2021_02_LV_PIT,2021-09-19T13:00-04:00,2021,2,PIT,LV,-9.0,0.681958931303428,0.3115475622030656,0.006493506493506494,PIT,0.681958931303428,0,5.374215838973168,0.6520141425893604,0.34149235091713315,0.006493506493506494,PIT,0.6520141425893604,0,4.462544353001577,0.5356679636835279,0.4578469520103761,0.00648508430609598,PIT,0.5356679636835279,0,12,0,8.183507175641136,11,0,7.172155568482965,10,0,5.3566796368352785
2021_02_NE_NYJ,2021-09-19T13:00-04:00,2021,2,NYJ,NE,-19.0,0.44708130103465543,0.5464251924718381,0.006493506493506494,NE,0.5464251924718381,1,-1.3764996119132098,0.4473115322346901,0.5461949612718034,0.006493506493506494,NE,0.5461949612718034,1,-1.3780825460746016,0.5356679636835279,0.4578469520103761,0.00648508430609598,NYJ,0.5356679636835279,0,3,3,1.639275577415514,3,3,1.6385848838154105,12,0,6.428015564202335
2021_02_NO_CAR,2021-09-19T13:00-04:00,2021,2,CAR,NO,19.0,0.23509574316869092,0.7584107503378027,0.006493506493506494,NO,0.7584107503378027,0,-8.034612025299985,0.239981471261793,0.7535250222447006,0.006493506493506494,NO,0.7535250222447006,0,-7.895039488563106,0.5356679636835279,0.4578469520103761,0.00648508430609598,CAR,0.5356679636835279,1,15,0,11.376161255067041,15,0,11.30287533367051,13,13,6.963683527885863
2021_02_SF_PHI,2021-09-19T13:00-04:00,2021,2,PHI,SF,-6.0,0.4916305605951915,0.5018759329113021,0.006493506493506494,SF,0.5018759329113021,1,-0.14148953026712663,0.48702653036238963,0.5064799631441038,0.006493506493506494,SF,0.5064799631441038,1,-0.2702484529537743,0.5356679636835279,0.4578469520103761,0.00648508430609598,PHI,0.5356679636835279,0,1,1,0.5018759329113021,1,1,0.5064799631441038,15,0,8.035019455252918
2021_02_ATL_TB,2021-09-19T16:05-04:00,2021,2,TB,ATL,23.0,0.6900130444134913,0.30349344909300224,0.006493506493506494,TB,0.6900130444134913,1,5.634435240880448,0.7292327014639505,0.26427379204254303,0.006493506493506494,TB,0.7292327014639505,1,7.003599552229794,0.5356679636835279,0.4578469520103761,0.00648508430609598,TB,0.5356679636835279,1,13,13,8.970169577375387,14,14,10.209257820495306,1,1,0.5356679636835279
2021_02_MIN_ARI,2021-09-19T16:05-04:00,2021,2,ARI,MIN,1.0,0.6302187099608287,0.3632877835456649,0.006493506493506494,ARI,0.6302187099608287,1,3.7789597444002756,0.6337087022134529,0.35979779129304074,0.006493506493506494,ARI,0.6337087022134529,1,3.905753414899248,0.5356679636835279,0.4578469520103761,0.00648508430609598,ARI,0.5356679636835279,1,8,8,5.04174967968663,8,8,5.069669617707623,11,11,5.892347600518806
2021_02_DAL_LAC,2021-09-19T16:25-04:00,2021,2,LAC,DAL,-3.0,0.5771150014963324,0.4163914920101612,0.006493506493506494,LAC,0.5771150014963324,0,2.239199834373613,0.577274530633262,0.41623196287323166,0.006493506493506494,LAC,0.577274530633262,0,2.2568351247808973,0.5356679636835279,0.4578469520103761,0.00648508430609598,LAC,0.5356679636835279,0,4,0,2.3084600059853297,5,0,2.8863726531663096,4,0,2.1426718547341115
2021_02_TEN_SEA,2021-09-19T16:25-04:00,2021,2,SEA,TEN,-3.0,0.6905144946543247,0.3029919988521689,0.006493506493506494,SEA,0.6905144946543247,0,5.650762565934913,0.669206263883994,0.32430022962249955,0.006493506493506494,SEA,0.669206263883994,0,4.998551438303926,0.5356679636835279,0.4578469520103761,0.00648508430609598,SEA,0.5356679636835279,0,14,0,9.667202925160545,12,0,8.030475166607928,16,0,8.570687418936446
2021_02_KC_BAL,2021-09-19T20:20-04:00,2021,2,BAL,KC,1.0,0.5173452591416624,0.47616123436483127,0.006493506493506494,BAL,0.5173452591416624,1,0.5690610947979255,0.46232797296259576,0.5311785205438977,0.006493506493506494,KC,0.5311785205438977,0,-0.957889799197633,0.5356679636835279,0.4578469520103761,0.00648508430609598,BAL,0.5356679636835279,1,2,2,1.0346905182833248,2,0,1.0623570410877954,8,8,4.285343709468223
2021_02_DET_GB,2021-09-20T20:15-04:00,2021,2,GB,DET,18.0,0.8465660257019456,0.14694046780454798,0.006493506493506494,GB,0.8465660257019456,1,12.012900327058185,0.8330487740183405,0.16045771948815307,0.006493506493506494,GB,0.8330487740183405,1,11.364806417009962,0.5356679636835279,0.4578469520103761,0.00648508430609598,GB,0.5356679636835279,1,16,16,13.54505641123113,16,16,13.328780384293449,6,6,3.2140077821011674
2021_03_CAR_HOU,2021-09-23T20:20-04:00,2021,3,HOU,CAR,-15.0,0.444515982127724,0.5489905113787698,0.006493506493506494,CAR,0.5489905113787698,1,-1.4481052566266268,0.4452467577689723,0.5482597357375211,0.006493506493506494,CAR,0.5482597357375211,1,-1.436041664756067,0.5356679636835279,0.4578469520103761,0.00648508430609598,HOU,0.5356679636835279,0,2,2,1.0979810227575395,4,4,2.1930389429500843,4,0,2.1426718547341115
2021_03_ARI_JAX,2021-09-26T13:00-04:00,2021,3,JAX,ARI,-12.0,0.25089796365416694,0.7426085298523267,0.006493506493506494,ARI,0.7426085298523267,1,-7.443903308826478,0.25099814657318675,0.7425083469333068,0.006493506493506494,ARI,0.7425083469333068,1,-7.483714110679706,0.5356679636835279,0.4578469520103761,0.00648508430609598,JAX,0.5356679636835279,0,14,14,10.396519417932574,14,14,10.395116857066295,1,0,0.5356679636835279
2021_03_ATL_NYG,2021-09-26T13:00-04:00,2021,3,NYG,ATL,-3.0,0.5186330058549301,0.47487348765156345,0.006493506493506494,NYG,0.5186330058549301,0,0.6046927713949253,0.5104635585890772,0.48304293491741634,0.006493506493506494,NYG,0.5104635585890772,0,0.3809772964308795,0.5356679636835279,0.4578469520103761,0.00648508430609598,NYG,0.5356679636835279,0,1,0,0.5186330058549301,1,0,0.5104635585890772,2,0,1.0713359273670557
2021_03_BAL_DET,2021-09-26T13:00-04:00,2021,3,DET,BAL,-2.0,0.30633652781985127,0.6871699656866423,0.006493506493506494,BAL,0.6871699656866423,1,-5.542147628485639,0.35505884077547517,0.6384476527310183,0.006493506493506494,BAL,0.6384476527310183,1,-4.048646232217179,0.5356679636835279,0.4578469520103761,0.00648508430609598,DET,0.5356679636835279,0,12,12,8.246039588239707,9,9,5.7460288745791654,3,0,1.6070038910505837
2021_03_CHI_CLE,2021-09-26T13:00-04:00,2021,3,CLE,CHI,20.0,0.6679947645999454,0.32551172890654806,0.006493506493506494,CLE,0.6679947645999454,1,4.931504025922241,0.6961710755238499,0.2973354179826437,0.006493506493506494,CLE,0.6961710755238499,1,5.87011017887022,0.5356679636835279,0.4578469520103761,0.00648508430609598,CLE,0.5356679636835279,1,10,10,6.679947645999454,13,13,9.05022398181005,5,5,2.6783398184176392
2021_03_CIN_PIT,2021-09-26T13:00-04:00,2021,3,PIT,CIN,-14.0,0.6789854608347127,0.31452103267178083,0.006493506493506494,PIT,0.6789854608347127,0,5.2790773249105385,0.6552112936675101,0.33829519983898343,0.006493506493506494,PIT,0.6552112936675101,0,4.561200633220039,0.5356679636835279,0.4578469520103761,0.00648508430609598,PIT,0.5356679636835279,0,11,0,7.468840069181839,11,0,7.207324230342611,6,0,3.2140077821011674
2021_03_IND_TEN,2021-09-26T13:00-04:00,2021,3,TEN,IND,9.0,0.5721332589480753,0.4213732345584182,0.006493506493506494,TEN,0.5721332589480753,1,2.098140431465854,0.5540040534042123,0.4395024401022812,0.006493506493506494,TEN,0.5540040534042123,1,1.5975595940487741,0.5356679636835279,0.4578469520103761,0.00648508430609598,TEN,0.5356679636835279,1,4,4,2.2885330357923013,5,5,2.770020267021062,8,8,4.285343709468223
2021_03_LAC_KC,2021-09-26T13:00-04:00,2021,3,KC,LAC,-6.0,0.6940222492027308,0.29948424430376286,0.006493506493506494,KC,0.6940222492027308,0,5.765403856057386,0.6909897708914655,0.30251672261502793,0.006493506493506494,KC,0.6909897708914655,0,5.69936080736931,0.5356679636835279,0.4578469520103761,0.00648508430609598,KC,0.5356679636835279,0,13,0,9.022289239635501,12,0,8.291877250697587,9,0,4.821011673151751
2021_03_NO_NE,2021-09-26T13:00-04:00,2021,3,NE,NO,-15.0,0.40916784653990607,0.5843386469665875,0.006493506493506494,NO,0.5843386469665875,1,-2.4445843182832467,0.4186618611627934,0.5748446323437,0.006493506493506494,NO,0.5748446323437,1,-2.187565425898955,0.5356679636835279,0.4578469520103761,0.00648508430609598,NE,0.5356679636835279,0,5,5,2.921693234832938,6,6,3.4490677940622,11,0,5.892347600518806
2021_03_WAS_BUF,2021-09-26T13:00-04:00,2021,3,BUF,WAS,22.0,0.7538952458098436,0.2396112476966499,0.006493506493506494,BUF,0.7538952458098436,1,7.863135830310797,0.7454487560657796,0.2480577374407139,0.006493506493506494,BUF,0.7454487560657796,1,7.592295388554158,0.5356679636835279,0.4578469520103761,0.00648508430609598,BUF,0.5356679636835279,1,15,15,11.308428687147654,15,15,11.181731340986694,16,16,8.570687418936446
2021_03_MIA_LV,2021-09-26T16:05-04:00,2021,3,LV,MIA,3.0,0.6346063247304629,0.3589001687760308,0.006493506493506494,LV,0.6346063247304629,1,3.9099094154018275,0.6388042427033346,0.35470225080315887,0.006493506493506494,LV,0.6388042427033346,1,4.059432303381156,0.5356679636835279,0.4578469520103761,0.00648508430609598,LV,0.5356679636835279,1,9,9,5.711456922574166,10,10,6.388042427033346,10,10,5.3566796368352785
2021_03_NYJ_DEN,2021-09-26T16:05-04:00,2021,3,DEN,NYJ,26.0,0.772326948983214,0.22117954452327945,0.006493506493506494,DEN,0.772326948983214,1,8.577927414673415,0.7715095619656203,0.22199693154087327,0.006493506493506494,DEN,0.7715095619656203,1,8.595290937156008,0.5356679636835279,0.4578469520103761,0.00648508430609598,DEN,0.5356679636835279,1,16,16,12.357231183731423,16,16,12.344152991449924,12,12,6.428015564202335
2021_03_SEA_MIN,2021-09-26T16:25-04:00,2021,3,MIN,SEA,13.0,0.43153478050353195,0.5619717130029617,0.006493506493506494,SEA,0.5619717130029617,0,-1.811740023472135,0.45778751449050636,0.5357189790159872,0.006493506493506494,SEA,0.5357189790159872,0,-1.0847194066264865,0.5356679636835279,0.4578469520103761,0.00648508430609598,MIN,0.5356679636835279,1,3,0,1.685915139008885,2,0,1.0714379580319744,14,14,7.49935149156939
2021_03_TB_LA,2021-09-26T16:25-04:00,2021,3,LAR,TB,10.0,0.6094044164689012,0.38410207703759236,0.006493506493506494,LAR,0.6094044164689012,1,3.1663797549791157,0.5416931454507616,0.4518133480557319,0.006493506493506494,LAR,0.5416931454507616,1,1.25187960994362,0.5356679636835279,0.4578469520103761,0.00648508430609598,LAR,0.5356679636835279,1,7,7,4.265830915282308,3,3,1.625079436352285,15,15,8.035019455252918
2021_03_GB_SF,2021-09-26T20:20-04:00,2021,3,SF,GB,-2.0,0.40403644957309315,0.5894700439334004,0.006493506493506494,GB,0.5894700439334004,1,-2.5911376665314636,0.4173171685924265,0.5761893249140669,0.006493506493506494,GB,0.5761893249140669,1,-2.2258851750418986,0.5356679636835279,0.4578469520103761,0.00648508430609598,SF,0.5356679636835279,0,6,6,3.5368202636004025,7,7,4.033325274398469,7,0,3.749675745784695
2021_03_PHI_DAL,2021-09-27T20:15-04:00,2021,3,DAL,PHI,20.0,0.6117185604681733,0.38178793303832026,0.006493506493506494,DAL,0.6117185604681733,1,3.233835378956943,0.6136671316637823,0.3798393618427112,0.006493506493506494,DAL,0.6136671316637823,1,3.3099825809561505,0.5356679636835279,0.4578469520103761,0.00648508430609598,DAL,0.5356679636835279,1,8,8,4.893748483745386,8,8,4.909337053310258,13,13,6.963683527885863
2021_04_JAX_CIN,2021-09-30T20:20-04:00,2021,4,CIN,JAX,3.0,0.8020827334150966,0.19142376009139703,0.006493506493506494,CIN,0.8020827334150966,1,9.82842332425452,0.8009945484869304,0.19251194501956323,0.006493506493506494,CIN,0.8009945484869304,1,9.837371721620514,0.5356679636835279,0.4578469520103761,0.00648508430609598,CIN,0.5356679636835279,1,15,15,12.03124100122645,15,15,12.014918227303957,8,8,4.285343709468223
2021_04_CAR_DAL,2021-10-03T13:00-04:00,2021,4,DAL,CAR,8.0,0.5890498039002571,0.40445668960623643,0.006493506493506494,DAL,0.5890498039002571,1,2.5791140036128297,0.5879261552008015,0.4055803383056922,0.006493506493506494,DAL,0.5879261552008015,1,2.5618665743672584,0.5356679636835279,0.4578469520103761,0.00648508430609598,DAL,0.5356679636835279,1,6,6,3.5342988234015422,4,4,2.351704620803206,3,3,1.6070038910505837
2021_04_CLE_MIN,2021-10-03T13:00-04:00,2021,4,MIN,CLE,-7.0,0.5029563594321683,0.49055013407432524,0.006493506493506494,MIN,0.5029563594321683,0,0.17133394110368294,0.4737412437315415,0.5197652497749522,0.006493506493506494,CLE,0.5197652497749522,1,-0.6397448918718927,0.5356679636835279,0.4578469520103761,0.00648508430609598,MIN,0.5356679636835279,0,2,0,1.0059127188643366,2,2,1.0395304995499044,4,0,2.1426718547341115
2021_04_DET_CHI,2021-10-03T13:00-04:00,2021,4,CHI,DET,10.0,0.6069495086995537,0.38655698480693995,0.006493506493506494,CHI,0.6069495086995537,1,3.0949849457590117,0.5921558083336248,0.4013506851728688,0.006493506493506494,CHI,0.5921558083336248,1,2.683665135162965,0.5356679636835279,0.4578469520103761,0.00648508430609598,CHI,0.5356679636835279,1,7,7,4.2486465608968755,5,5,2.960779041668124,5,5,2.6783398184176392
2021_04_HOU_BUF,2021-10-03T13:00-04:00,2021,4,BUF,HOU,40.0,0.8753541838085525,0.11815230969794112,0.006493506493506494,BUF,0.8753541838085525,1,13.738135891482383,0.8641459244840408,0.1293605690224527,0.006493506493506494,BUF,0.8641459244840408,1,13.104145356832461,0.5356679636835279,0.4578469520103761,0.00648508430609598,BUF,0.5356679636835279,1,16,16,14.00566694093684,16,16,13.826334791744653,6,6,3.2140077821011674
2021_04_IND_MIA,2021-10-03T13:00-04:00,2021,4,MIA,IND,-10.0,0.4589465317064019,0.5345599618000917,0.006493506493506494,IND,0.5345599618000917,1,-1.046214530621759,0.4528897453667783,0.5406167481397153,0.006493506493506494,IND,0.5406167481397153,1,-1.221735813472078,0.5356679636835279,0.4578469520103761,0.00648508430609598,MIA,0.5356679636835279,0,3,3,1.603679885400275,3,3,1.6218502444191458,7,0,3.749675745784695
2021_04_KC_PHI,2021-10-03T13:00-04:00,2021,4,PHI,KC,-12.0,0.32166750779662034,0.6718389857098732,0.006493506493506494,KC,0.6718389857098732,1,-5.052365888339966,0.3242434234444337,0.6692630700620599,0.006493506493506494,KC,0.6692630700620599,1,-5.0003458860004,0.5356679636835279,0.4578469520103761,0.00648508430609598,PHI,0.5356679636835279,0,11,11,7.390228842808606,10,10,6.692630700620599,9,0,4.821011673151751
2021_04_NYG_NO,2021-10-03T13:00-04:00,2021,4,NO,NYG,-6.0,0.7960069339166003,0.19749955958989326,0.006493506493506494,NO,0.7960069339166003,0,9.561909517188177,0.7922472060246718,0.2012592874818217,0.006493506493506494,NO,0.7922472060246718,0,9.454994956122317,0.5356679636835279,0.4578469520103761,0.00648508430609598,NO,0.5356679636835279,0,14,0,11.144097074832404,14,0,11.091460884345405,11,0,5.892347600518806
2021_04_TEN_NYJ,2021-10-03T13:00-04:00,2021,4,NYJ,TEN,3.0,0.20774061318773065,0.7857658803187629,0.006493506493506494,TEN,0.7857658803187629,0,-9.126281826560557,0.21644212547443267,0.7770643680320608,0.006493506493506494,TEN,0.7770643680320608,0,-8.8196425087265,0.5356679636835279,0.4578469520103761,0.00648508430609598,NYJ,0.5356679636835279,1,13,0,10.214956444143919,13,0,10.10183678441679,15,15,8.035019455252918
2021_04_WAS_ATL,2021-10-03T13:00-04:00,2021,4,ATL,WAS,-4.0,0.5799829393619398,0.41352355414455383,0.006493506493506494,ATL,0.5799829393619398,0,2.3206177419066516,0.5958431253995125,0.3976633681069811,0.006493506493506494,ATL,0.5958431253995125,0,2.790183696056244,0.5356679636835279,0.4578469520103761,0.00648508430609598,ATL,0.5356679636835279,0,5,0,2.8999146968096987,6,0,3.5750587523970747,16,0,8.570687418936446
2021_04_ARI_LA,2021-10-03T16:05-04:00,2021,4,LAR,ARI,-17.0,0.6600713837145026,0.33343510979199115,0.006493506493506494,LAR,0.6600713837145026,0,4.684667897179663,0.6440000875827891,0.3495064059237044,0.006493506493506494,LAR,0.6440000875827891,0,4.2171510079337935,0.5356679636835279,0.4578469520103761,0.00648508430609598,LAR,0.5356679636835279,0,10,0,6.600713837145026,9,0,5.796000788245102,1,0,0.5356679636835279
2021_04_SEA_SF,2021-10-03T16:05-04:00,2021,4,SF,SEA,-7.0,0.492952264182458,0.5005542293240356,0.006493506493506494,SEA,0.5005542293240356,1,-0.10498216229740498,0.5161164985095101,0.4773899949969835,0.006493506493506494,SF,0.5161164985095101,0,0.5381952318667489,0.5356679636835279,0.4578469520103761,0.00648508430609598,SF,0.5356679636835279,0,1,1,0.5005542293240356,1,0,0.5161164985095101,13,0,6.963683527885863
2021_04_BAL_DEN,2021-10-03T16:25-04:00,2021,4,DEN,BAL,-16.0,0.5675067245518829,0.4259997689546106,0.006493506493506494,DEN,0.5675067245518829,0,1.9675324955803737,0.6027024675412814,0.3908040259652121,0.006493506493506494,DEN,0.6027024675412814,0,2.9892214810913886,0.5356679636835279,0.4578469520103761,0.00648508430609598,DEN,0.5356679636835279,0,4,0,2.2700268982075316,7,0,4.21891727278897,2,0,1.0713359273670557
2021_04_PIT_GB,2021-10-03T16:25-04:00,2021,4,GB,PIT,10.0,0.7609958088316335,0.23251068467485994,0.006493506493506494,GB,0.7609958088316335,1,8.133802956302576,0.7697668759779948,0.22373961752849877,0.006493506493506494,GB,0.7697668759779948,1,8.525733274014456,0.5356679636835279,0.4578469520103761,0.00648508430609598,GB,0.5356679636835279,1,12,12,9.131949705979602,12,12,9.237202511735937,12,12,6.428015564202335
2021_04_TB_NE,2021-10-03T20:20-04:00,2021,4,NE,TB,-2.0,0.3579762705223168,0.6355302229841768,0.006493506493506494,TB,0.6355302229841768,1,-3.9375713268698362,0.32230401910003786,0.6712024744064558,0.006493506493506494,TB,0.6712024744064558,1,-5.061707413126954,0.5356679636835279,0.4578469520103761,0.00648508430609598,NE,0.5356679636835279,0,9,9,5.719772006857592,11,11,7.3832272184710135,14,0,7.49935149156939
2021_04_LV_LAC,2021-10-04T20:15-04:00,2021,4,LAC,LV,14.0,0.6314799265308529,0.3620265669756406,0.006493506493506494,LAC,0.6314799265308529,1,3.816531429550291,0.6283467345708781,0.36515975893561536,0.006493506493506494,LAC,0.6283467345708781,1,3.7450511363574046,0.5356679636835279,0.4578469520103761,0.00648508430609598,LAC,0.5356679636835279,1,8,8,5.0518394122468235,8,8,5.026773876567025,10,10,5.3566796368352785
2021_05_LA_SEA,2021-10-07T20:20-04:00,2021,5,SEA,LAR,-9.0,0.5078859985626942,0.4856204949437993,0.006493506493506494,SEA,0.5078859985626942,0,0.3075292373864227,0.4957058314330305,0.49780066207346313,0.006493506493506494,LAR,0.49780066207346313,1,-0.02909785779336982,0.5356679636835279,0.4578469520103761,0.00648508430609598,SEA,0.5356679636835279,0,1,0,0.5078859985626942,1,1,0.49780066207346313,8,0,4.285343709468223
2021_05_NYJ_ATL,2021-10-10T09:30-04:00,2021,5,ATL,NYJ,7.0,0.7175924332286816,0.275914060277812,0.006493506493506494,ATL,0.7175924332286816,1,6.556838766462452,0.719163065578882,0.27434342792761157,0.006493506493506494,ATL,0.719163065578882,1,6.64962834059696,0.5356679636835279,0.4578469520103761,0.00648508430609598,ATL,0.5356679636835279,1,13,13,9.32870163197286,13,13,9.349119852525465,13,13,6.963683527885863
2021_05_DEN_PIT,2021-10-10T13:00-04:00,2021,5,PIT,DEN,8.0,0.6285004610922792,0.3650060324142144,0.006493506493506494,PIT,0.6285004610922792,1,3.7278617580086406,0.6159964367484092,0.37751005675808424,0.006493506493506494,PIT,0.6159964367484092,1,3.3785673513482917,0.5356679636835279,0.4578469520103761,0.00648508430609598,PIT,0.5356679636835279,1,5,5,3.142502305461396,5,5,3.079982183742046,4,4,2.1426718547341115
2021_05_DET_MIN,2021-10-10T13:00-04:00,2021,5,MIN,DET,2.0,0.7668550588245948,0.2266514346818987,0.006493506493506494,MIN,0.7668550588245948,1,8.361504623163784,0.7599377728662357,0.23356872064025794,0.006493506493506494,MIN,0.7599377728662357,1,8.14040318079255,0.5356679636835279,0.4578469520103761,0.00648508430609598,MIN,0.5356679636835279,1,15,15,11.502825882368922,15,15,11.399066592993535,5,5,2.6783398184176392
2021_05_GB_CIN,2021-10-10T13:00-04:00,2021,5,CIN,GB,-3.0,0.30975292746800726,0.6837535660384862,0.006493506493506494,GB,0.6837535660384862,1,-5.4318750343565,0.31681800306696045,0.6766884904395332,0.006493506493506494,GB,0.6766884904395332,1,-5.236333614378061,0.5356679636835279,0.4578469520103761,0.00648508430609598,CIN,0.5356679636835279,0,11,11,7.521289226423349,10,10,6.766884904395331,6,0,3.2140077821011674
2021_05_MIA_TB,2021-10-10T13:00-04:00,2021,5,TB,MIA,28.0,0.7783625550433031,0.2151439384631904,0.006493506493506494,TB,0.7783625550433031,1,8.821126609084653,0.8043166999578967,0.18918979354859697,0.006493506493506494,TB,0.8043166999578967,1,9.986043279919116,0.5356679636835279,0.4578469520103761,0.00648508430609598,TB,0.5356679636835279,1,16,16,12.45380088069285,16,16,12.869067199326347,9,9,4.821011673151751
2021_05_NE_HOU,2021-10-10T13:00-04:00,2021,5,HOU,NE,-3.0,0.320653151107301,0.6728533423991925,0.006493506493506494,NE,0.6728533423991925,1,-5.08438201065823,0.3147798638811451,0.6787266296253485,0.006493506493506494,NE,0.6787266296253485,1,-5.301617329676602,0.5356679636835279,0.4578469520103761,0.00648508430609598,HOU,0.5356679636835279,0,10,10,6.728533423991925,11,11,7.465992925878833,10,0,5.3566796368352785
2021_05_NO_WAS,2021-10-10T13:00-04:00,2021,5,WAS,NO,-11.0,0.35717978149651247,0.636326712009981,0.006493506493506494,NO,0.636326712009981,1,-3.9614435810882376,0.3564704021709742,0.6370360913355194,0.006493506493506494,NO,0.6370360913355194,1,-4.005996590077423,0.5356679636835279,0.4578469520103761,0.00648508430609598,WAS,0.5356679636835279,0,7,7,4.454286984069867,8,8,5.096288730684155,11,0,5.892347600518806
2021_05_PHI_CAR,2021-10-10T13:00-04:00,2021,5,CAR,PHI,-3.0,0.6029496359674806,0.39055685753901287,0.006493506493506494,CAR,0.6029496359674806,0,2.9790090081787053,0.6019695642571645,0.39153692924932887,0.006493506493506494,CAR,0.6019695642571645,0,2.967897674060004,0.5356679636835279,0.4578469520103761,0.00648508430609598,CAR,0.5356679636835279,0,4,0,2.4117985438699225,4,0,2.407878257028658,14,0,7.49935149156939
2021_05_TEN_JAX,2021-10-10T13:00-04:00,2021,5,JAX,TEN,-18.0,0.256706395694615,0.7368000978118786,0.006493506493506494,TEN,0.7368000978118786,1,-7.23303433455216,0.26691555429188746,0.726590939214606,0.006493506493506494,TEN,0.726590939214606,1,-6.909925085678495,0.5356679636835279,0.4578469520103761,0.00648508430609598,JAX,0.5356679636835279,0,14,14,10.315201369366301,14,14,10.172273149004484,16,0,8.570687418936446
2021_05_CHI_LV,2021-10-10T16:05-04:00,2021,5,LV,CHI,-11.0,0.628890568871366,0.3646159246351277,0.006493506493506494,LV,0.628890568871366,0,3.739454040837935,0.6365796875658513,0.3569268059406423,0.006493506493506494,LV,0.6365796875658513,0,3.9922225195403724,0.5356679636835279,0.4578469520103761,0.00648508430609598,LV,0.5356679636835279,0,6,0,3.7733434132281958,7,0,4.4560578129609585,2,0,1.0713359273670557
2021_05_CLE_LAC,2021-10-10T16:05-04:00,2021,5,LAC,CLE,5.0,0.5701966145064249,0.42330987900006867,0.006493506493506494,LAC,0.5701966145064249,1,2.043424003065205,0.5482764585615689,0.44523003494492464,0.006493506493506494,LAC,0.5482764585615689,1,1.4365112851137178,0.5356679636835279,0.4578469520103761,0.00648508430609598,LAC,0.5356679636835279,1,3,3,1.7105898435192746,3,3,1.6448293756847068,3,3,1.6070038910505837
2021_05_NYG_DAL,2021-10-10T16:25-04:00,2021,5,DAL,NYG,24.0,0.6658551401647349,0.3276513533417586,0.006493506493506494,DAL,0.6658551401647349,1,4.864552157413859,0.6666614060904225,0.32684508741607116,0.006493506493506494,DAL,0.6666614060904225,1,4.918326999375836,0.5356679636835279,0.4578469520103761,0.00648508430609598,DAL,0.5356679636835279,1,9,9,5.992696261482614,9,9,5.999952654813802,12,12,6.428015564202335
2021_05_SF_ARI,2021-10-10T16:25-04:00,2021,5,ARI,SF,7.0,0.7064646056652022,0.2870418878412914,0.006493506493506494,ARI,0.7064646056652022,1,6.178392504821314,0.7030496180167197,0.29045687548977395,0.006493506493506494,ARI,0.7030496180167197,1,6.099452490141044,0.5356679636835279,0.4578469520103761,0.00648508430609598,ARI,0.5356679636835279,1,12,12,8.477575267982427,12,12,8.436595416200637,15,15,8.035019455252918
2021_05_BUF_KC,2021-10-10T20:20-04:00,2021,5,KC,BUF,-18.0,0.4337047883842144,0.5598017051222792,0.006493506493506494,BUF,0.5598017051222792,1,-1.7507901057550723,0.44978668882897527,0.5437198046775183,0.006493506493506494,BUF,0.5437198046775183,1,-1.308667444797057,0.5356679636835279,0.4578469520103761,0.00648508430609598,KC,0.5356679636835279,0,2,2,1.1196034102445585,2,2,1.0874396093550367,1,0,0.5356679636835279
2021_05_IND_BAL,2021-10-11T20:15-04:00,2021,5,BAL,IND,6.0,0.6508582289419108,0.3426482645645828,0.006493506493506494,BAL,0.6508582289419108,1,4.401266826351838,0.6177834233329556,0.37572307017353795,0.006493506493506494,BAL,0.6177834233329556,1,3.4312949139728315,0.5356679636835279,0.4578469520103761,0.00648508430609598,BAL,0.5356679636835279,1,8,8,5.2068658315352865,6,6,3.7067005399977333,7,7,3.749675745784695
2021_06_TB_PHI,2021-10-14T20:20-04:00,2021,6,PHI,TB,-6.0,0.30947822586137325,0.6840282676451205,0.006493506493506494,TB,0.6840282676451205,1,-5.440716905300603,0.2826654980759516,0.7108409954305418,0.006493506493506494,TB,0.7108409954305418,1,-6.363118560581698,0.5356679636835279,0.4578469520103761,0.00648508430609598,PHI,0.5356679636835279,0,10,10,6.840282676451205,12,12,8.530091945166502,14,0,7.49935149156939
2021_06_MIA_JAX,2021-10-17T09:30-04:00,2021,6,JAX,MIA,3.0,0.35152500985711244,0.6419814836493811,0.006493506493506494,MIA,0.6419814836493811,0,-4.131609917272147,0.35009870253041975,0.6434077909760737,0.006493506493506494,MIA,0.6434077909760737,0,-4.199118627569445,0.5356679636835279,0.4578469520103761,0.00648508430609598,JAX,0.5356679636835279,1,9,0,5.77783335284443,9,0,5.790670118784663,11,11,5.892347600518806
2021_06_CIN_DET,2021-10-17T13:00-04:00,2021,6,DET,CIN,-23.0,0.3938219661146456,0.5996845273918481,0.006493506493506494,CIN,0.5996845273918481,1,-2.884647961491354,0.401269971676607,0.5922365218298866,0.006493506493506494,CIN,0.5922365218298866,1,-2.6859933503267053,0.5356679636835279,0.4578469520103761,0.00648508430609598,DET,0.5356679636835279,0,5,5,2.9984226369592406,6,6,3.5534191309793197,3,0,1.6070038910505837
2021_06_GB_CHI,2021-10-17T13:00-04:00,2021,6,CHI,GB,-10.0,0.28782613732353934,0.7056803561829542,0.006493506493506494,GB,0.7056803561829542,1,-6.152055911942904,0.287658402799611,0.7058480907068825,0.006493506493506494,GB,0.7058480907068825,1,-6.19366587477872,0.5356679636835279,0.4578469520103761,0.00648508430609598,CHI,0.5356679636835279,0,12,12,8.46816427419545,11,11,7.764328997775707,5,0,2.6783398184176392
2021_06_HOU_IND,2021-10-17T13:00-04:00,2021,6,IND,HOU,28.0,0.8046012680932786,0.18890522541321492,0.006493506493506494,IND,0.8046012680932786,1,9.940784382694616,0.8057607854422835,0.18774570806421012,0.006493506493506494,IND,0.8057607854422835,1,10.051290753095632,0.5356679636835279,0.4578469520103761,0.00648508430609598,IND,0.5356679636835279,1,14,14,11.2644177533059,14,14,11.28065099619197,6,6,3.2140077821011674
2021_06_KC_WAS,2021-10-17T13:00-04:00,2021,6,WAS,KC,-18.0,0.3591274507896505,0.6343790427168432,0.006493506493506494,KC,0.6343790427168432,1,-3.903109243452028,0.35339580056741854,0.6401106929390751,0.006493506493506494,KC,0.6401106929390751,1,-4.098990916346514,0.5356679636835279,0.4578469520103761,0.00648508430609598,WAS,0.5356679636835279,0,8,8,5.075032341734746,8,8,5.120885543512601,7,0,3.749675745784695
2021_06_LAC_BAL,2021-10-17T13:00-04:00,2021,6,BAL,LAC,28.0,0.6047138624641079,0.3887926310423857,0.006493506493506494,BAL,0.6047138624641079,1,3.030109996208594,0.5687036402727116,0.424802853233782,0.006493506493506494,BAL,0.5687036402727116,1,2.012980728074857,0.5356679636835279,0.4578469520103761,0.00648508430609598,BAL,0.5356679636835279,1,6,6,3.628283174784647,3,3,1.7061109208181349,8,8,4.285343709468223
2021_06_LA_NYG,2021-10-17T13:00-04:00,2021,6,NYG,LAR,-27.0,0.29040440518033184,0.7031020883261616,0.006493506493506494,LAR,0.7031020883261616,1,-6.065770408604649,0.2968088089936087,0.6966976845128849,0.006493506493506494,LAR,0.6966976845128849,1,-5.887559122754549,0.5356679636835279,0.4578469520103761,0.00648508430609598,NYG,0.5356679636835279,0,11,11,7.7341229715877775,10,10,6.966976845128849,9,0,4.821011673151751
2021_06_MIN_CAR,2021-10-17T13:00-04:00,2021,6,CAR,MIN,-6.0,0.49242678523521943,0.5010797082712741,0.006493506493506494,MIN,0.5010797082712741,1,-0.11949644527017744,0.49090112694151233,0.5026053665649812,0.006493506493506494,MIN,0.5026053665649812,1,-0.16258285777239712,0.5356679636835279,0.4578469520103761,0.00648508430609598,CAR,0.5356679636835279,0,1,1,0.5010797082712741,2,2,1.0052107331299625,12,0,6.428015564202335
2021_06_ARI_CLE,2021-10-17T16:05-04:00,2021,6,CLE,ARI,-23.0,0.47506252689567785,0.5184439666108156,0.006493506493506494,ARI,0.5184439666108156,1,-0.5994615968328977,0.4965617663540392,0.49694472715245447,0.006493506493506494,ARI,0.49694472715245447,1,-0.005319438562521817,0.5356679636835279,0.4578469520103761,0.00648508430609598,CLE,0.5356679636835279,0,2,2,1.0368879332216312,1,1,0.49694472715245447,1,0,0.5356679636835279
2021_06_DAL_NE,2021-10-17T16:25-04:00,2021,6,NE,DAL,-6.0,0.38198984726546026,0.6115166462410332,0.006493506493506494,DAL,0.6115166462410332,1,-3.227943653299212,0.3853044705632701,0.6082020229432235,0.006493506493506494,DAL,0.6082020229432235,1,-3.149687737737312,0.5356679636835279,0.4578469520103761,0.00648508430609598,NE,0.5356679636835279,0,7,7,4.2806165236872324,7,7,4.257414160602564,4,0,2.1426718547341115
2021_06_LV_DEN,2021-10-17T16:25-04:00,2021,6,DEN,LV,-10.0,0.5850959742887614,0.4084105192177323,0.006493506493506494,DEN,0.5850959742887614,0,2.466178212266925,0.5805527743863601,0.41295371912013346,0.006493506493506494,DEN,0.5805527743863601,0,2.350468425898188,0.5356679636835279,0.4578469520103761,0.00648508430609598,DEN,0.5356679636835279,0,3,0,1.755287922866284,4,0,2.3222110975454404,10,0,5.3566796368352785
2021_06_SEA_PIT,2021-10-17T20:20-04:00,2021,6,PIT,SEA,3.0,0.5861700210386049,0.4073364724678886,0.006493506493506494,PIT,0.5861700210386049,1,2.496823587750928,0.5855036541315172,0.40800283937497644,0.006493506493506494,PIT,0.5855036541315172,1,2.492285876106755,0.5356679636835279,0.4578469520103761,0.00648508430609598,PIT,0.5356679636835279,1,4,4,2.3446800841544198,5,5,2.9275182706575857,13,13,6.963683527885863
2021_06_BUF_TEN,2021-10-18T20:15-04:00,2021,6,TEN,BUF,3.0,0.27639638788884074,0.7171101056176528,0.006493506493506494,BUF,0.7171101056176528,0,-6.540244820862694,0.28163330708390333,0.7118731864225902,0.006493506493506494,BUF,0.7118731864225902,0,-6.398373219170873,0.5356679636835279,0.4578469520103761,0.00648508430609598,TEN,0.5356679636835279,1,13,0,9.322431373029486,13,0,9.254351423493674,2,2,1.0713359273670557
2021_07_DEN_CLE,2021-10-21T20:20-04:00,2021,7,CLE,DEN,3.0,0.6200356448384441,0.37347084866804947,0.006493506493506494,CLE,0.6200356448384441,1,3.4775700105672716,0.6435797383031642,0.34992675520332944,0.006493506493506494,CLE,0.6435797383031642,1,4.204352102333343,0.5356679636835279,0.4578469520103761,0.00648508430609598,CLE,0.5356679636835279,1,6,6,3.7202138690306645,6,6,3.861478429818985,5,5,2.6783398184176392
2021_07_ATL_MIA,2021-10-24T13:00-04:00,2021,7,MIA,ATL,-2.0,0.45296766666087235,0.5405388268456212,0.006493506493506494,ATL,0.5405388268456212,1,-1.2124694106280225,0.4574922707727706,0.5360142227337229,0.006493506493506494,ATL,0.5360142227337229,1,-1.0929726184985316,0.5356679636835279,0.4578469520103761,0.00648508430609598,MIA,0.5356679636835279,0,4,4,2.1621553073824846,4,4,2.1440568909348916,1,0,0.5356679636835279
2021_07_CAR_NYG,2021-10-24T13:00-04:00,2021,7,NYG,CAR,22.0,0.5094903025730755,0.48401619093341797,0.006493506493506494,NYG,0.5094903025730755,1,0.35186446799682036,0.5073483011511952,0.48615819235529834,0.006493506493506494,NYG,0.5073483011511952,1,0.2943814975536101,0.5356679636835279,0.4578469520103761,0.00648508430609598,NYG,0.5356679636835279,1,3,3,1.5284709077192264,2,2,1.0146966023023904,2,2,1.0713359273670557
2021_07_CIN_BAL,2021-10-24T13:00-04:00,2021,7,BAL,CIN,-24.0,0.6981833866440968,0.2953231068623969,0.006493506493506494,BAL,0.6981833866440968,0,5.902394301139912,0.6719072461755293,0.3215992473309643,0.006493506493506494,BAL,0.6719072461755293,0,5.084053391827837,0.5356679636835279,0.4578469520103761,0.00648508430609598,BAL,0.5356679636835279,0,9,0,6.283650479796871,7,0,4.703350723228706,4,0,2.1426718547341115
2021_07_KC_TEN,2021-10-24T13:00-04:00,2021,7,TEN,KC,24.0,0.500912302574533,0.4925941909319606,0.006493506493506494,TEN,0.500912302574533,1,0.114872495809613,0.49171896829213074,0.5017875252143629,0.006493506493506494,KC,0.5017875252143629,0,-0.13986000980746827,0.5356679636835279,0.4578469520103761,0.00648508430609598,TEN,0.5356679636835279,1,1,1,0.500912302574533,1,0,0.5017875252143629,9,9,4.821011673151751
2021_07_NYJ_NE,2021-10-24T13:00-04:00,2021,7,NE,NYJ,41.0,0.6951588157115675,0.298347677794926,0.006493506493506494,NE,0.6951588157115675,1,5.802712535121994,0.6995302607324723,0.29397623277402135,0.006493506493506494,NE,0.6995302607324723,1,5.981722315404408,0.5356679636835279,0.4578469520103761,0.00648508430609598,NE,0.5356679636835279,1,8,8,5.56127052569254,9,9,6.29577234659225,11,11,5.892347600518806
2021_07_WAS_GB,2021-10-24T13:00-04:00,2021,7,GB,WAS,14.0,0.8282190448500086,0.16528744865648487,0.006493506493506494,GB,0.8282190448500086,1,11.055461384051698,0.8303681604593287,0.1631383330471648,0.006493506493506494,GB,0.8303681604593287,1,11.228247166174718,0.5356679636835279,0.4578469520103761,0.00648508430609598,GB,0.5356679636835279,1,11,11,9.110409493350096,11,11,9.134049765052616,13,13,6.963683527885863
2021_07_DET_LA,2021-10-24T16:05-04:00,2021,7,LAR,DET,9.0,0.8884691488157372,0.10503734469075633,0.006493506493506494,LAR,0.8884691488157372,1,14.64728659538882,0.8824733991888557,0.11103309431763793,0.006493506493506494,LAR,0.8824733991888557,1,14.303113778758032,0.5356679636835279,0.4578469520103761,0.00648508430609598,LAR,0.5356679636835279,1,12,12,10.661629785788847,12,12,10.589680790266268,6,6,3.2140077821011674
2021_07_PHI_LV,2021-10-24T16:05-04:00,2021,7,LV,PHI,11.0,0.6137100143100199,0.3797964791964736,0.006493506493506494,LV,0.6137100143100199,1,3.292007852618858,0.6158438251575648,0.3776626683489288,0.006493506493506494,LV,0.6158438251575648,1,3.374068830837579,0.5356679636835279,0.4578469520103761,0.00648508430609598,LV,0.5356679636835279,1,5,5,3.0685500715500997,5,5,3.079219125787824,12,12,6.428015564202335
2021_07_CHI_TB,2021-10-24T16:25-04:00,2021,7,TB,CHI,35.0,0.8006535427269853,0.19285295077950834,0.006493506493506494,TB,0.8006535427269853,1,9.765162002265665,0.8199338758002185,0.173572617706275,0.006493506493506494,TB,0.8199338758002185,1,10.713206680918073,0.5356679636835279,0.4578469520103761,0.00648508430609598,TB,0.5356679636835279,1,10,10,8.006535427269853,10,10,8.199338758002185,3,3,1.6070038910505837
2021_07_HOU_ARI,2021-10-24T16:25-04:00,2021,7,ARI,HOU,26.0,0.908557468701073,0.0849490248054205,0.006493506493506494,ARI,0.908557468701073,1,16.25679071479788,0.9091183706391607,0.08438812286733285,0.006493506493506494,ARI,0.9091183706391607,1,16.40175190988309,0.5356679636835279,0.4578469520103761,0.00648508430609598,ARI,0.5356679636835279,1,13,13,11.811247093113948,13,13,11.818538818309088,7,7,3.749675745784695
2021_07_IND_SF,2021-10-24T20:20-04:00,2021,7,SF,IND,-12.0,0.48929406329849984,0.5042124302079938,0.006493506493506494,IND,0.5042124302079938,1,-0.20603219639752746,0.48502562309866576,0.5084808704078279,0.006493506493506494,IND,0.5084808704078279,1,-0.32586084434908813,0.5356679636835279,0.4578469520103761,0.00648508430609598,SF,0.5356679636835279,0,2,2,1.0084248604159876,3,3,1.5254426112234836,8,0,4.285343709468223
2021_07_NO_SEA,2021-10-25T20:15-04:00,2021,7,SEA,NO,-3.0,0.32312932830545166,0.670377165201042,0.006493506493506494,NO,0.670377165201042,1,-5.006318836445503,0.3165256526475234,0.6769808408589701,0.006493506493506494,NO,0.6769808408589701,1,-5.245684109366069,0.5356679636835279,0.4578469520103761,0.00648508430609598,SEA,0.5356679636835279,0,7,7,4.692640156407293,8,8,5.415846726871761,10,0,5.3566796368352785
2021_08_GB_ARI,2021-10-28T20:20-04:00,2021,8,ARI,GB,-3.0,0.565180283539296,0.42832620996719767,0.006493506493506494,ARI,0.565180283539296,0,1.9019916609895333,0.5658972434896304,0.4276092500168632,0.006493506493506494,ARI,0.5658972434896304,0,1.933412351687116,0.5356679636835279,0.4578469520103761,0.00648508430609598,ARI,0.5356679636835279,0,3,0,1.695540850617888,3,0,1.6976917304688914,4,0,2.1426718547341115
2021_08_CAR_ATL,2021-10-31T13:00-04:00,2021,8,ATL,CAR,-6.0,0.6777558920727942,0.3157506014336994,0.006493506493506494,ATL,0.6777558920727942,0,5.2398777831308365,0.6811070052327145,0.3123994882737791,0.006493506493506494,ATL,0.6811070052327145,0,5.378150974867604,0.5356679636835279,0.4578469520103761,0.00648508430609598,ATL,0.5356679636835279,0,10,0,6.777558920727942,10,0,6.811070052327145,1,0,0.5356679636835279
2021_08_CIN_NYJ,2021-10-31T13:00-04:00,2021,8,NYJ,CIN,3.0,0.20527544668879813,0.7882310468176954,0.006493506493506494,CIN,0.7882310468176954,0,-9.229660790749318,0.20496169276293838,0.7885448007435553,0.006493506493506494,CIN,0.7885448007435553,0,-9.296892186822618,0.5356679636835279,0.4578469520103761,0.00648508430609598,NYJ,0.5356679636835279,1,13,0,10.24700360863004,13,0,10.251082409666218,2,2,1.0713359273670557
2021_08_LA_HOU,2021-10-31T13:00-04:00,2021,8,HOU,LAR,-16.0,0.10999331140461904,0.8835131821018745,0.006493506493506494,LAR,0.8835131821018745,1,-14.29264480638015,0.11112605877015748,0.8823804347363361,0.006493506493506494,LAR,0.8823804347363361,1,-14.296612079809893,0.5356679636835279,0.4578469520103761,0.00648508430609598,HOU,0.5356679636835279,0,14,14,12.369184549426242,14,14,12.353326086308705,6,0,3.2140077821011674
2021_08_MIA_BUF,2021-10-31T13:00-04:00,2021,8,BUF,MIA,15.0,0.8961989013532745,0.0973075921532191,0.006493506493506494,BUF,0.8961989013532745,1,15.231079112367766,0.8892332856795022,0.10427320782699134,0.006493506493506494,BUF,0.8892332856795022,1,14.789186482117895,0.5356679636835279,0.4578469520103761,0.00648508430609598,BUF,0.5356679636835279,1,15,15,13.442983520299117,15,15,13.338499285192533,7,7,3.749675745784695
2021_08_PHI_DET,2021-10-31T13:00-04:00,2021,8,DET,PHI,-38.0,0.42805491299161313,0.5654515805148803,0.006493506493506494,PHI,0.5654515805148803,1,-1.90963018129046,0.43274044010292073,0.5607660534035728,0.006493506493506494,PHI,0.5607660534035728,1,-1.7882560008542026,0.5356679636835279,0.4578469520103761,0.00648508430609598,DET,0.5356679636835279,0,4,4,2.2618063220595213,2,2,1.1215321068071455,10,0,5.3566796368352785
2021_08_PIT_CLE,2021-10-31T13:00-04:00,2021,8,CLE,PIT,-5.0,0.590599206279129,0.40290728722736446,0.006493506493506494,CLE,0.590599206279129,0,2.6234641482244525,0.6256372682627008,0.3678692252437926,0.006493506493506494,CLE,0.6256372682627008,0,3.6642244116087683,0.5356679636835279,0.4578469520103761,0.00648508430609598,CLE,0.5356679636835279,0,5,0,2.952996031395645,7,0,4.3794608778389055,11,0,5.892347600518806
2021_08_SF_CHI,2021-10-31T13:00-04:00,2021,8,CHI,SF,-11.0,0.3729941935759697,0.6205122999305238,0.006493506493506494,SF,0.6205122999305238,1,-3.491602471238494,0.37061850324778783,0.6228879902587057,0.006493506493506494,SF,0.6228879902587057,1,-3.582460354157938,0.5356679636835279,0.4578469520103761,0.00648508430609598,CHI,0.5356679636835279,0,7,7,4.343586099513667,6,6,3.737327941552234,12,0,6.428015564202335
2021_08_TEN_IND,2021-10-31T13:00-04:00,2021,8,IND,TEN,-3.0,0.5216879216786209,0.4718185718278727,0.006493506493506494,IND,0.5216879216786209,0,0.6892551405792101,0.5318630453868923,0.4616434481196013,0.006493506493506494,IND,0.5318630453868923,0,0.9769999173244991,0.5356679636835279,0.4578469520103761,0.00648508430609598,IND,0.5356679636835279,0,1,0,0.5216879216786209,1,0,0.5318630453868923,14,0,7.49935149156939
2021_08_JAX_SEA,2021-10-31T16:05-04:00,2021,8,SEA,JAX,24.0,0.753959797364899,0.23954669614159455,0.006493506493506494,SEA,0.753959797364899,1,7.865571514657308,0.7391862990039213,0.2543201945025722,0.006493506493506494,SEA,0.7391862990039213,1,7.362047938970583,0.5356679636835279,0.4578469520103761,0.00648508430609598,SEA,0.5356679636835279,1,12,12,9.047517568378789,12,12,8.870235588047056,5,5,2.6783398184176392
2021_08_NE_LAC,2021-10-31T16:05-04:00,2021,8,LAC,NE,-3.0,0.6512067773115962,0.3422997161948974,0.006493506493506494,LAC,0.6512067773115962,0,4.411921138254366,0.6475364615433988,0.3459700319630947,0.006493506493506494,LAC,0.6475364615433988,0,4.325108987105037,0.5356679636835279,0.4578469520103761,0.00648508430609598,LAC,0.5356679636835279,0,9,0,5.860860995804366,9,0,5.827828153890589,8,0,4.285343709468223
2021_08_TB_NO,2021-10-31T16:25-04:00,2021,8,NO,TB,9.0,0.4568964676513617,0.536610025855132,0.006493506493506494,TB,0.536610025855132,0,-1.1031838747905711,0.4208185791132507,0.5726879143932428,0.006493506493506494,TB,0.5726879143932428,0,-2.1261748936394937,0.5356679636835279,0.4578469520103761,0.00648508430609598,NO,0.5356679636835279,1,2,0,1.073220051710264,4,0,2.2907516575729714,13,13,6.963683527885863
2021_08_WAS_DEN,2021-10-31T16:25-04:00,2021,8,DEN,WAS,7.0,0.637970050032945,0.35553644347354846,0.006493506493506494,DEN,0.637970050032945,1,4.01077150507883,0.6417416182238891,0.3517648752826044,0.006493506493506494,DEN,0.6417416182238891,1,4.148466558985804,0.5356679636835279,0.4578469520103761,0.00648508430609598,DEN,0.5356679636835279,1,8,8,5.10376040026356,8,8,5.133932945791113,15,15,8.035019455252918
2021_08_DAL_MIN,2021-10-31T20:20-04:00,2021,8,MIN,DAL,-4.0,0.6172044529157233,0.37630204059077027,0.006493506493506494,MIN,0.6172044529157233,0,3.394366865679035,0.6187207153175376,0.3747857781889559,0.006493506493506494,MIN,0.6187207153175376,0,3.4589902446795824,0.5356679636835279,0.4578469520103761,0.00648508430609598,MIN,0.5356679636835279,0,6,0,3.7032267174943403,5,0,3.0936035765876877,3,0,1.6070038910505837
2021_08_NYG_KC,2021-11-01T20:15-04:00,2021,8,KC,NYG,3.0,0.7309879584747766,0.26251853503171696,0.006493506493506494,KC,0.7309879584747766,1,7.02512034894535,0.7319965196564336,0.2615099738500599,0.006493506493506494,KC,0.7319965196564336,1,7.1022433763588895,0.5356679636835279,0.4578469520103761,0.00648508430609598,KC,0.5356679636835279,1,11,11,8.040867543222543,11,11,8.05196171622077,9,9,4.821011673151751
2021_09_NYJ_IND,2021-11-04T20:20-04:00,2021,9,IND,NYJ,15.0,0.8591605525230672,0.13434594098342628,0.006493506493506494,IND,0.8591605525230672,1,12.728922963151364,0.8583880262508904,0.13511846725560323,0.006493506493506494,IND,0.8583880262508904,1,12.757530223045105,0.5356679636835279,0.4578469520103761,0.00648508430609598,IND,0.5356679636835279,1,13,13,11.169087182799874,13,13,11.159044341261575,13,13,6.963683527885863
2021_09_ATL_NO,2021-11-07T13:00-05:00,2021,9,NO,ATL,-2.0,0.6814888951308462,0.3120175983756474,0.006493506493506494,NO,0.6814888951308462,0,5.359144093333268,0.6719461251185039,0.3215603683879897,0.006493506493506494,NO,0.6719461251185039,0,5.085286856367623,0.5356679636835279,0.4578469520103761,0.00648508430609598,NO,0.5356679636835279,0,10,0,6.814888951308462,10,0,6.71946125118504,2,0,1.0713359273670557
2021_09_BUF_JAX,2021-11-07T13:00-05:00,2021,9,JAX,BUF,3.0,0.0928037310111337,0.9007027624953599,0.006493506493506494,BUF,0.9007027624953599,0,-15.590562526165739,0.09778935798054648,0.895717135525947,0.006493506493506494,BUF,0.895717135525947,0,-15.282289835856208,0.5356679636835279,0.4578469520103761,0.00648508430609598,JAX,0.5356679636835279,1,14,0,12.609838674935038,14,0,12.540039897363258,3,3,1.6070038910505837
2021_09_CLE_CIN,2021-11-07T13:00-05:00,2021,9,CIN,CLE,-25.0,0.5826337892992796,0.41087270420721395,0.006493506493506494,CIN,0.5826337892992796,0,2.3960168712992553,0.5697629532552746,0.42374354025121896,0.006493506493506494,CIN,0.5697629532552746,0,2.0430492074694957,0.5356679636835279,0.4578469520103761,0.00648508430609598,CIN,0.5356679636835279,0,6,0,3.495802735795677,5,0,2.848814766276373,5,0,2.6783398184176392
2021_09_DEN_DAL,2021-11-07T13:00-05:00,2021,9,DAL,DEN,-14.0,0.6984507741461321,0.2950557193603614,0.006493506493506494,DAL,0.6984507741461321,0,5.911234871243697,0.7019523930775357,0.2915541004289579,0.006493506493506494,DAL,0.7019523930775357,0,6.0626590148471555,0.5356679636835279,0.4578469520103761,0.00648508430609598,DAL,0.5356679636835279,0,11,0,7.682958515607453,11,0,7.721476323852892,6,0,3.2140077821011674
2021_09_HOU_MIA,2021-11-07T13:00-05:00,2021,9,MIA,HOU,8.0,0.6228165107593697,0.3706899827471238,0.006493506493506494,MIA,0.6228165107593697,1,3.559538680503509,0.6213092703499764,0.37219722315651704,0.006493506493506494,MIA,0.6213092703499764,1,3.5356202207556455,0.5356679636835279,0.4578469520103761,0.00648508430609598,MIA,0.5356679636835279,1,8,8,4.982532086074958,9,9,5.5917834331497875,8,8,4.285343709468223
2021_09_LV_NYG,2021-11-07T13:00-05:00,2021,9,NYG,LV,7.0,0.4493398504900409,0.5441666430164527,0.006493506493506494,LV,0.5441666430164527,0,-1.3135187454391914,0.4434135360596029,0.5500929574468908,0.006493506493506494,LV,0.5500929574468908,0,-1.4875432727447095,0.5356679636835279,0.4578469520103761,0.00648508430609598,NYG,0.5356679636835279,1,4,0,2.1766665720658107,4,0,2.200371829787563,10,10,5.3566796368352785
2021_09_MIN_BAL,2021-11-07T13:00-05:00,2021,9,BAL,MIN,3.0,0.6334621054283355,0.3600443880781581,0.006493506493506494,BAL,0.6334621054283355,1,3.875693825228085,0.6048380986113006,0.38866839489519306,0.006493506493506494,BAL,0.6048380986113006,1,3.0514382505468682,0.5356679636835279,0.4578469520103761,0.00648508430609598,BAL,0.5356679636835279,1,9,9,5.701158948855019,8,8,4.8387047888904045,11,11,5.892347600518806
2021_09_NE_CAR,2021-11-07T13:00-05:00,2021,9,CAR,NE,-18.0,0.4625453544691377,0.5309611390373559,0.006493506493506494,NE,0.5309611390373559,1,-0.9462924616247927,0.4548382293448943,0.5386682641615992,0.006493506493506494,NE,0.5386682641615992,1,-1.1671991678499472,0.5356679636835279,0.4578469520103761,0.00648508430609598,CAR,0.5356679636835279,0,3,3,1.5928834171120676,3,3,1.6160047924847976,12,0,6.428015564202335
2021_09_LAC_PHI,2021-11-07T16:05-05:00,2021,9,PHI,LAC,-3.0,0.5029070137910536,0.49059947971543993,0.006493506493506494,PHI,0.5029070137910536,0,0.1699708429042226,0.4993246859602997,0.49418180754619384,0.006493506493506494,PHI,0.4993246859602997,0,0.07143673419296359,0.5356679636835279,0.4578469520103761,0.00648508430609598,PHI,0.5356679636835279,0,1,0,0.5029070137910536,1,0,0.4993246859602997,9,0,4.821011673151751
2021_09_ARI_SF,2021-11-07T16:25-05:00,2021,9,SF,ARI,-14.0,0.4628174553146355,0.5306890381918581,0.006493506493506494,ARI,0.5306890381918581,1,-0.9387417305285377,0.46484657511638594,0.5286599183901077,0.006493506493506494,ARI,0.5286599183901077,1,-0.8876081044850463,0.5356679636835279,0.4578469520103761,0.00648508430609598,SF,0.5356679636835279,0,2,2,1.0613780763837162,2,2,1.0573198367802155,1,0,0.5356679636835279
2021_09_GB_KC,2021-11-07T16:25-05:00,2021,9,KC,GB,6.0,0.5748250496585982,0.41868144384789535,0.006493506493506494,KC,0.5748250496585982,1,2.1743027011850904,0.5818451993421785,0.41166129416431513,0.006493506493506494,KC,0.5818451993421785,1,2.387441231510771,0.5356679636835279,0.4578469520103761,0.00648508430609598,KC,0.5356679636835279,1,5,5,2.874125248292991,6,6,3.491071196053071,7,7,3.749675745784695
2021_09_TEN_LA,2021-11-07T20:20-05:00,2021,9,LAR,TEN,-12.0,0.5979503759086234,0.39555611759787007,0.006493506493506494,LAR,0.5979503759086234,0,2.8346409796006857,0.6020293857178013,0.3914771077886923,0.006493506493506494,LAR,0.6020293857178013,0,2.9696376539509095,0.5356679636835279,0.4578469520103761,0.00648508430609598,LAR,0.5356679636835279,0,7,0,4.185652631360364,7,0,4.214205700024609,14,0,7.49935149156939
2021_09_CHI_PIT,2021-11-08T20:15-05:00,2021,9,PIT,CHI,2.0,0.7786545966780414,0.21485189682845224,0.006493506493506494,PIT,0.7786545966780414,1,8.833018194448584,0.7709202964159024,0.22258619709059127,0.006493506493506494,PIT,0.7709202964159024,1,8.571727658247337,0.5356679636835279,0.4578469520103761,0.00648508430609598,PIT,0.5356679636835279,1,12,12,9.343855160136496,12,12,9.25104355699083,4,4,2.1426718547341115
2021_10_BAL_MIA,2021-11-11T20:20-05:00,2021,10,MIA,BAL,12.0,0.30546704727962143,0.6880394462268722,0.006493506493506494,BAL,0.6880394462268722,0,-5.570320545743494,0.32371466029199886,0.6697918332144948,0.006493506493506494,BAL,0.6697918332144948,0,-5.017056747143967,0.5356679636835279,0.4578469520103761,0.00648508430609598,MIA,0.5356679636835279,1,8,0,5.5043155698149775,8,0,5.358334665715958,2,2,1.0713359273670557
2021_10_ATL_DAL,2021-11-14T13:00-05:00,2021,10,DAL,ATL,40.0,0.6061044128388046,0.387402080667689,0.006493506493506494,DAL,0.6061044128388046,1,3.0704457350865333,0.6059401183180981,0.3875663751883954,0.006493506493506494,DAL,0.6059401183180981,1,3.083590751939733,0.5356679636835279,0.4578469520103761,0.00648508430609598,DAL,0.5356679636835279,1,5,5,3.030522064194023,5,5,3.0297005915904904,1,1,0.5356679636835279
2021_10_BUF_NYJ,2021-11-14T13:00-05:00,2021,10,NYJ,BUF,-28.0,0.11583388216631234,0.8776726113401813,0.006493506493506494,BUF,0.8776726113401813,1,-13.892227819986324,0.11992569556412959,0.8735807979423639,0.006493506493506494,BUF,0.8735807979423639,1,-13.701622265916537,0.5356679636835279,0.4578469520103761,0.00648508430609598,NYJ,0.5356679636835279,0,14,14,12.287416558762537,14,14,12.230131171193094,3,0,1.6070038910505837
2021_10_CLE_NE,2021-11-14T13:00-05:00,2021,10,NE,CLE,38.0,0.503534300484108,0.48997219302238554,0.006493506493506494,NE,0.503534300484108,1,0.18729894159782678,0.49089561971493617,0.5026108737915574,0.006493506493506494,CLE,0.5026108737915574,0,-0.16273587302755432,0.5356679636835279,0.4578469520103761,0.00648508430609598,NE,0.5356679636835279,1,1,1,0.503534300484108,1,0,0.5026108737915574,5,5,2.6783398184176392
2021_10_DET_PIT,2021-11-14T13:00-05:00,2021,10,PIT,DET,0.0,0.728666735026532,0.26483975847996155,0.006493506493506494,PIT,0.728666735026532,0,6.942912028091073,0.7148333441451052,0.27867314936138826,0.006493506493506494,PIT,0.7148333441451052,0,6.499914005926458,0.5356679636835279,0.4578469520103761,0.00648508430609598,PIT,0.5356679636835279,0,10,0,7.28666735026532,10,0,7.148333441451053,6,0,3.2140077821011674
2021_10_JAX_IND,2021-11-14T13:00-05:00,2021,10,IND,JAX,6.0,0.8594760110082897,0.13403048249820382,0.006493506493506494,IND,0.8594760110082897,1,12.747568142222,0.8586620084697393,0.13484448503675434,0.006493506493506494,IND,0.8586620084697393,1,12.773737806249452,0.5356679636835279,0.4578469520103761,0.00648508430609598,IND,0.5356679636835279,1,13,13,11.173188143107767,13,13,11.16260611010661,7,7,3.749675745784695
2021_10_NO_TEN,2021-11-14T13:00-05:00,2021,10,TEN,NO,2.0,0.6158899561725052,0.37761653733398826,0.006493506493506494,TEN,0.6158899561725052,1,3.3558197705523414,0.6110074262505818,0.3824990672559117,0.006493506493506494,TEN,0.6110074262505818,1,3.231864916891001,0.5356679636835279,0.4578469520103761,0.00648508430609598,TEN,0.5356679636835279,1,6,6,3.695339737035031,6,6,3.666044557503491,11,11,5.892347600518806
2021_10_TB_WAS,2021-11-14T13:00-05:00,2021,10,WAS,TB,10.0,0.2181547464478663,0.7753517470586272,0.006493506493506494,TB,0.7753517470586272,0,-8.699204437796157,0.19526696624440304,0.7982395272620906,0.006493506493506494,TB,0.7982395272620906,0,-9.715552010955983,0.5356679636835279,0.4578469520103761,0.00648508430609598,WAS,0.5356679636835279,1,11,0,8.5288692176449,11,0,8.780634799882996,14,14,7.49935149156939
2021_10_CAR_ARI,2021-11-14T16:05-05:00,2021,10,ARI,CAR,-24.0,0.8197070379133685,0.17379945559312496,0.006493506493506494,ARI,0.8197070379133685,0,10.640113368190459,0.8185099854399994,0.174996508066494,0.006493506493506494,ARI,0.8185099854399994,0,10.644840558279476,0.5356679636835279,0.4578469520103761,0.00648508430609598,ARI,0.5356679636835279,0,12,0,9.836484454960422,12,0,9.822119825279993,4,0,2.1426718547341115
2021_10_MIN_LAC,2021-11-14T16:05-05:00,2021,10,LAC,MIN,-7.0,0.5569304725881671,0.4365760209183264,0.006493506493506494,LAC,0.5569304725881671,0,1.6702496999399483,0.556303862704616,0.4372026308018775,0.006493506493506494,LAC,0.556303862704616,0,1.6623452071973925,0.5356679636835279,0.4578469520103761,0.00648508430609598,LAC,0.5356679636835279,0,3,0,1.6707914177645011,3,0,1.6689115881138479,10,0,5.3566796368352785
2021_10_PHI_DEN,2021-11-14T16:25-05:00,2021,10,DEN,PHI,-17.0,0.5479580236146502,0.4455484698918435,0.006493506493506494,DEN,0.5479580236146502,0,1.4192762319831034,0.5449272745062095,0.4485792190002841,0.006493506493506494,DEN,0.5449272745062095,0,1.3425221478519482,0.5356679636835279,0.4578469520103761,0.00648508430609598,DEN,0.5356679636835279,0,2,0,1.0959160472293004,2,0,1.089854549012419,12,0,6.428015564202335
2021_10_SEA_GB,2021-11-14T16:25-05:00,2021,10,GB,SEA,17.0,0.6923203707792418,0.3011861227272518,0.006493506493506494,GB,0.6923203707792418,1,5.709688462013721,0.7012521638784878,0.2922543296280058,0.006493506493506494,GB,0.7012521638784878,1,6.039220402431164,0.5356679636835279,0.4578469520103761,0.00648508430609598,GB,0.5356679636835279,1,9,9,6.230883337013176,9,9,6.31126947490639,13,13,6.963683527885863
2021_10_KC_LV,2021-11-14T20:20-05:00,2021,10,LV,KC,-27.0,0.4268214317785891,0.5666850617279046,0.006493506493506494,KC,0.5666850617279046,1,-1.9443744533987806,0.43052380392917167,0.5629826895773219,0.006493506493506494,KC,0.5629826895773219,1,-1.8509123520942945,0.5356679636835279,0.4578469520103761,0.00648508430609598,LV,0.5356679636835279,0,4,4,2.2667402469116182,4,4,2.2519307583092876,8,0,4.285343709468223
2021_10_LA_SF,2021-11-15T20:15-05:00,2021,10,SF,LAR,21.0,0.3273147241556796,0.6661917693508139,0.006493506493506494,LAR,0.6661917693508139,0,-4.87507095380512,0.32711181179610127,0.6663946817103923,0.006493506493506494,LAR,0.6663946817103923,0,-4.909937268005491,0.5356679636835279,0.4578469520103761,0.00648508430609598,SF,0.5356679636835279,1,7,0,4.663342385455698,7,0,4.664762771972746,9,9,4.821011673151751
2021_11_NE_ATL,2021-11-18T20:20-05:00,2021,11,ATL,NE,-25.0,0.4011784740226115,0.5923280194838821,0.006493506493506494,NE,0.5923280194838821,1,-2.673013819194827,0.4010727875640527,0.592433705942441,0.006493506493506494,NE,0.592433705942441,1,-2.6916818454047684,0.5356679636835279,0.4578469520103761,0.00648508430609598,ATL,0.5356679636835279,0,5,5,2.961640097419411,6,6,3.554602235654646,10,0,5.3566796368352785
2021_11_BAL_CHI,2021-11-21T13:00-05:00,2021,11,CHI,BAL,-3.0,0.43475336211954124,0.5587531313869524,0.006493506493506494,BAL,0.5587531313869524,1,-1.7213631352570862,0.44090292055432084,0.5526035729521727,0.006493506493506494,BAL,0.5526035729521727,1,-1.5581425645448128,0.5356679636835279,0.4578469520103761,0.00648508430609598,CHI,0.5356679636835279,0,4,4,2.2350125255478095,4,4,2.2104142918086906,2,0,1.0713359273670557
2021_11_DET_CLE,2021-11-21T13:00-05:00,2021,11,CLE,DET,3.0,0.8066720284435758,0.18683446506291773,0.006493506493506494,CLE,0.8066720284435758,1,10.034030283347873,0.8142850131818522,0.1792214803246414,0.006493506493506494,CLE,0.8142850131818522,1,10.444521828730837,0.5356679636835279,0.4578469520103761,0.00648508430609598,CLE,0.5356679636835279,1,14,14,11.293408398210062,14,14,11.399990184545931,5,5,2.6783398184176392
2021_11_GB_MIN,2021-11-21T13:00-05:00,2021,11,MIN,GB,3.0,0.38383643315500254,0.6096700603514911,0.006493506493506494,GB,0.6096700603514911,0,-3.1741153856436517,0.3920852617923799,0.6014212317141137,0.006493506493506494,GB,0.6014212317141137,0,-2.9519530774476883,0.5356679636835279,0.4578469520103761,0.00648508430609598,MIN,0.5356679636835279,1,8,0,4.877360482811929,7,0,4.209948621998795,6,6,3.2140077821011674
2021_11_HOU_TEN,2021-11-21T13:00-05:00,2021,11,TEN,HOU,-9.0,0.8639939335020909,0.12951256000440273,0.006493506493506494,TEN,0.8639939335020909,0,13.018757800744543,0.8594816776664587,0.13402481584003487,0.006493506493506494,TEN,0.8594816776664587,0,12.822392187677766,0.5356679636835279,0.4578469520103761,0.00648508430609598,TEN,0.5356679636835279,0,15,0,12.959909002531363,15,0,12.89222516499688,7,0,3.749675745784695
2021_11_IND_BUF,2021-11-21T13:00-05:00,2021,11,BUF,IND,-26.0,0.716948704913919,0.2765577885925745,0.006493506493506494,BUF,0.716948704913919,0,6.534695984618449,0.7076727718088548,0.2858337216976389,0.006493506493506494,BUF,0.7076727718088548,0,6.255388057621735,0.5356679636835279,0.4578469520103761,0.00648508430609598,BUF,0.5356679636835279,0,12,0,8.603384458967028,12,0,8.492073261706258,8,0,4.285343709468223
2021_11_MIA_NYJ,2021-11-21T13:00-05:00,2021,11,NYJ,MIA,-7.0,0.34406042156325356,0.6494460719432401,0.006493506493506494,MIA,0.6494460719432401,1,-4.358152810002612,0.34166296621480974,0.6518435272916838,0.006493506493506494,MIA,0.6518435272916838,1,-4.457292032641759,0.5356679636835279,0.4578469520103761,0.00648508430609598,NYJ,0.5356679636835279,0,9,9,5.845014647489161,9,9,5.866591745625154,9,0,4.821011673151751
2021_11_NO_PHI,2021-11-21T13:00-05:00,2021,11,PHI,NO,11.0,0.48567306885747624,0.5078334246490174,0.006493506493506494,NO,0.5078334246490174,0,-0.30607646151121715,0.4939958953858421,0.49951059812065146,0.006493506493506494,NO,0.49951059812065146,0,-0.07660163218233507,0.5356679636835279,0.4578469520103761,0.00648508430609598,PHI,0.5356679636835279,1,1,0,0.5078334246490174,1,0,0.49951059812065146,11,11,5.892347600518806
2021_11_SF_JAX,2021-11-21T13:00-05:00,2021,11,JAX,SF,-20.0,0.29073292979218296,0.7027735637143107,0.006493506493506494,SF,0.7027735637143107,1,-6.054808281372603,0.2944434599223374,0.6990630335841561,0.006493506493506494,SF,0.6990630335841561,1,-5.966154331653442,0.5356679636835279,0.4578469520103761,0.00648508430609598,JAX,0.5356679636835279,0,11,11,7.730509200857417,11,11,7.689693369425717,14,0,7.49935149156939
2021_11_WAS_CAR,2021-11-21T13:00-05:00,2021,11,CAR,WAS,-6.0,0.6766132722987009,0.31689322120779256,0.006493506493506494,CAR,0.6766132722987009,0,5.203523269344617,0.6815349012697038,0.31197159223678966,0.006493506493506494,CAR,0.6815349012697038,0,5.391942003703089,0.5356679636835279,0.4578469520103761,0.00648508430609598,CAR,0.5356679636835279,0,10,0,6.76613272298701,10,0,6.815349012697038,15,0,8.035019455252918
2021_11_CIN_LV,2021-11-21T16:05-05:00,2021,11,LV,CIN,-19.0,0.5195876512927037,0.47391884221378994,0.006493506493506494,LV,0.5195876512927037,0,0.6311128426853512,0.5219266127412006,0.471579880765293,0.006493506493506494,LV,0.5219266127412006,0,0.6999304976446817,0.5356679636835279,0.4578469520103761,0.00648508430609598,LV,0.5356679636835279,0,2,0,1.0391753025854074,2,0,1.0438532254824011,3,0,1.6070038910505837
2021_11_ARI_SEA,2021-11-21T16:25-05:00,2021,11,SEA,ARI,-10.0,0.5420044978011193,0.45150199570537425,0.006493506493506494,SEA,0.5420044978011193,0,1.2532778605207138,0.5327090666613138,0.4607974268451797,0.006493506493506494,SEA,0.5327090666613138,0,1.000623765303326,0.5356679636835279,0.4578469520103761,0.00648508430609598,SEA,0.5356679636835279,0,3,0,1.6260134934033577,3,0,1.5981271999839413,1,0,0.5356679636835279
2021_11_DAL_KC,2021-11-21T16:25-05:00,2021,11,KC,DAL,10.0,0.5940235316232109,0.3994829618832827,0.006493506493506494,KC,0.5940235316232109,1,2.7216760121315775,0.5901205721189448,0.40338592138754886,0.006493506493506494,KC,0.5901205721189448,1,2.6250073517892756,0.5356679636835279,0.4578469520103761,0.00648508430609598,KC,0.5356679636835279,1,6,6,3.5641411897392654,5,5,2.950602860594724,4,4,2.1426718547341115
2021_11_PIT_LAC,2021-11-21T20:20-05:00,2021,11,LAC,PIT,4.0,0.6011492202370508,0.39235727326944286,0.006493506493506494,LAC,0.6011492202370508,1,2.9269435500468335,0.618079399366845,0.3754270941396485,0.006493506493506494,LAC,0.618079399366845,1,3.4400375500431752,0.5356679636835279,0.4578469520103761,0.00648508430609598,LAC,0.5356679636835279,1,7,7,4.208044541659355,8,8,4.94463519493476,13,13,6.963683527885863
2021_11_NYG_TB,2021-11-22T20:15-05:00,2021,11,TB,NYG,20.0,0.7666356873766115,0.22687080612988203,0.006493506493506494,TB,0.7666356873766115,1,8.352905523968298,0.7877582584842296,0.20574823502226386,0.006493506493506494,TB,0.7877582584842296,1,9.263577906005064,0.5356679636835279,0.4578469520103761,0.00648508430609598,TB,0.5356679636835279,1,13,13,9.966263935895949,13,13,10.240857360294985,12,12,6.428015564202335
2021_12_CHI_DET,2021-11-25T12:30-05:00,2021,12,DET,CHI,-2.0,0.48479284691787455,0.5087136465886191,0.006493506493506494,CHI,0.5087136465886191,1,-0.33040057955044055,0.4900169712543288,0.5034895222521647,0.006493506493506494,CHI,0.5034895222521647,1,-0.18714917416716437,0.5356679636835279,0.4578469520103761,0.00648508430609598,DET,0.5356679636835279,0,1,1,0.5087136465886191,2,2,1.0069790445043294,4,0,2.1426718547341115
2021_12_LV_DAL,2021-11-25T16:30-05:00,2021,12,DAL,LV,-3.0,0.7281655612346593,0.26534093227183425,0.006493506493506494,DAL,0.7281655612346593,0,6.925222853689648,0.7245861217450356,0.26892037176145805,0.006493506493506494,DAL,0.7245861217450356,0,6.839227101477055,0.5356679636835279,0.4578469520103761,0.00648508430609598,DAL,0.5356679636835279,0,14,0,10.19431785728523,14,0,10.144205704430497,8,0,4.285343709468223
2021_12_BUF_NO,2021-11-25T20:20-05:00,2021,12,NO,BUF,-25.0,0.32787701035640454,0.6656294831500891,0.006493506493506494,BUF,0.6656294831500891,1,-4.857504029332262,0.3302413166001949,0.6632651769062986,0.006493506493506494,BUF,0.6632651769062986,1,-4.811757576540147,0.5356679636835279,0.4578469520103761,0.00648508430609598,NO,0.5356679636835279,0,13,13,8.653183280951158,13,13,8.622447299781882,2,0,1.0713359273670557
2021_12_ATL_JAX,2021-11-28T13:00-05:00,2021,12,JAX,ATL,-7.0,0.4063345581441032,0.5871719353623903,0.006493506493506494,ATL,0.5871719353623903,1,-2.5254330624295824,0.4034729240961684,0.590033569410325,0.006493506493506494,ATL,0.590033569410325,1,-2.6225019386706463,0.5356679636835279,0.4578469520103761,0.00648508430609598,JAX,0.5356679636835279,0,12,12,7.046063224348684,11,11,6.490369263513576,1,0,0.5356679636835279
2021_12_CAR_MIA,2021-11-28T13:00-05:00,2021,12,MIA,CAR,23.0,0.4517079629044734,0.5417985306020201,0.006493506493506494,CAR,0.5417985306020201,0,-1.247541828440334,0.4524778162494153,0.5410286772570783,0.006493506493506494,CAR,0.5410286772570783,0,-1.233270227616279,0.5356679636835279,0.4578469520103761,0.00648508430609598,MIA,0.5356679636835279,1,5,0,2.7089926530101005,6,0,3.2461720635424696,3,3,1.6070038910505837
2021_12_NYJ_HOU,2021-11-28T13:00-05:00,2021,12,HOU,NYJ,-7.0,0.7305244224874342,0.26298207101905935,0.006493506493506494,HOU,0.7305244224874342,0,7.0086667690970295,0.7280293242360064,0.2654771692704871,0.006493506493506494,HOU,0.7280293242360064,0,6.960855486089782,0.5356679636835279,0.4578469520103761,0.00648508430609598,HOU,0.5356679636835279,0,15,0,10.957866337311513,15,0,10.920439863540096,10,0,5.3566796368352785
2021_12_PHI_NYG,2021-11-28T13:00-05:00,2021,12,NYG,PHI,6.0,0.4073436245175952,0.5861628689888984,0.006493506493506494,PHI,0.5861628689888984,0,-2.496619439789338,0.4048406377269434,0.5886658557795501,0.006493506493506494,PHI,0.5886658557795501,0,-2.583138282050164,0.5356679636835279,0.4578469520103761,0.00648508430609598,NYG,0.5356679636835279,1,10,0,5.861628689888984,10,0,5.886658557795501,11,11,5.892347600518806
2021_12_PIT_CIN,2021-11-28T13:00-05:00,2021,12,CIN,PIT,31.0,0.5803971146821912,0.41310937882430226,0.006493506493506494,CIN,0.5803971146821912,1,2.33238902668532,0.5928636490875315,0.40064284441896203,0.006493506493506494,CIN,0.5928636490875315,1,2.704088259312941,0.5356679636835279,0.4578469520103761,0.00648508430609598,CIN,0.5356679636835279,1,9,9,5.223574032139721,12,12,7.114363789050378,12,12,6.428015564202335
2021_12_TB_IND,2021-11-28T13:00-05:00,2021,12,IND,TB,-7.0,0.5240873144123697,0.4694191790941238,0.006493506493506494,IND,0.5240873144123697,0,0.7557085219145618,0.49843226371154603,0.4950742297949475,0.006493506493506494,IND,0.49843226371154603,0,0.04664425790654514,0.5356679636835279,0.4578469520103761,0.00648508430609598,IND,0.5356679636835279,0,2,0,1.0481746288247393,1,0,0.49843226371154603,14,0,7.49935149156939
2021_12_TEN_NE,2021-11-28T13:00-05:00,2021,12,NE,TEN,23.0,0.5694261463934454,0.42408034711304804,0.006493506493506494,NE,0.5694261463934454,1,2.021673826801255,0.5786834883833806,0.414823005123113,0.006493506493506494,NE,0.5786834883833806,1,2.297052096128448,0.5356679636835279,0.4578469520103761,0.00648508430609598,NE,0.5356679636835279,1,8,8,4.555409171147563,9,9,5.208151395450425,15,15,8.035019455252918
2021_12_LAC_DEN,2021-11-28T16:05-05:00,2021,12,DEN,LAC,15.0,0.4678849987106629,0.5256214947958308,0.006493506493506494,LAC,0.5256214947958308,0,-0.798217431130861,0.4649310482907754,0.5285754452157182,0.006493506493506494,LAC,0.5285754452157182,0,-0.8852516941663671,0.5356679636835279,0.4578469520103761,0.00648508430609598,DEN,0.5356679636835279,1,3,0,1.5768644843874924,5,0,2.642877226078591,6,6,3.2140077821011674
2021_12_LA_GB,2021-11-28T16:25-05:00,2021,12,GB,LAR,8.0,0.5424299956453392,0.45107649786115434,0.006493506493506494,GB,0.5424299956453392,1,1.265129042506779,0.5271130861726749,0.4663934073338186,0.006493506493506494,GB,0.5271130861726749,1,0.8444667008353781,0.5356679636835279,0.4578469520103761,0.00648508430609598,GB,0.5356679636835279,1,6,6,3.254579973872035,4,4,2.1084523446906998,7,7,3.749675745784695
2021_12_MIN_SF,2021-11-28T16:25-05:00,2021,12,SF,MIN,8.0,0.5639785308174392,0.4295279626890543,0.006493506493506494,SF,0.5639785308174392,1,1.8681696497817484,0.5561953009518884,0.43731119255460515,0.006493506493506494,SF,0.5561953009518884,1,1.6592854050302999,0.5356679636835279,0.4578469520103761,0.00648508430609598,SF,0.5356679636835279,1,7,7,3.947849715722074,8,8,4.449562407615107,9,9,4.821011673151751
2021_12_CLE_BAL,2021-11-28T20:20-05:00,2021,12,BAL,CLE,6.0,0.5868326999878958,0.4066737935185979,0.006493506493506494,BAL,0.5868326999878958,1,2.5157438402708148,0.5530108114871738,0.4404956820193198,0.006493506493506494,BAL,0.5530108114871738,1,1.569601802185179,0.5356679636835279,0.4578469520103761,0.00648508430609598,BAL,0.5356679636835279,1,11,11,6.4551596998668535,7,7,3.8710756804102164,5,5,2.6783398184176392
2021_12_SEA_WAS,2021-11-29T20:15-05:00,2021,12,WAS,SEA,2.0,0.4668325600606489,0.5266739334458447,0.006493506493506494,SEA,0.5266739334458447,0,-0.8273870966395672,0.4669671073993513,0.5265393861071423,0.006493506493506494,SEA,0.5265393861071423,0,-0.828470346880628,0.5356679636835279,0.4578469520103761,0.00648508430609598,WAS,0.5356679636835279,1,4,0,2.1066957337833787,3,0,1.579618158321427,13,13,6.963683527885863
2021_13_DAL_NO,2021-12-02T20:20-05:00,2021,13,NO,DAL,-10.0,0.4441419128382587,0.5493645806682348,0.006493506493506494,DAL,0.5493645806682348,1,-1.4585531151854814,0.43754329035533474,0.5559632031511588,0.006493506493506494,DAL,0.5559632031511588,1,-1.6527442958725382,0.5356679636835279,0.4578469520103761,0.00648508430609598,NO,0.5356679636835279,0,4,4,2.197458322672939,4,4,2.223852812604635,3,0,1.6070038910505837
2021_13_ARI_CHI,2021-12-05T13:00-05:00,2021,13,CHI,ARI,-11.0,0.28841529753956874,0.7050911959669248,0.006493506493506494,ARI,0.7050911959669248,1,-6.132298733141736,0.290783161120313,0.7027233323861805,0.006493506493506494,ARI,0.7027233323861805,1,-6.088502590210071,0.5356679636835279,0.4578469520103761,0.00648508430609598,CHI,0.5356679636835279,0,9,9,6.345820763702323,9,9,6.324509991475624,1,0,0.5356679636835279
2021_13_IND_HOU,2021-12-05T13:00-05:00,2021,13,HOU,IND,-31.0,0.22530241517684796,0.7682040783296455,0.006493506493506494,IND,0.7682040783296455,1,-8.41451399150134,0.22500321292668082,0.7685032805798128,0.006493506493506494,IND,0.7685032805798128,1,-8.475538132803493,0.5356679636835279,0.4578469520103761,0.00648508430609598,HOU,0.5356679636835279,0,13,13,9.986653018285391,13,13,9.990542647537566,5,0,2.6783398184176392
2021_13_LAC_CIN,2021-12-05T13:00-05:00,2021,13,CIN,LAC,-19.0,0.604221425639137,0.38928506786735656,0.006493506493506494,CIN,0.604221425639137,0,3.0158382496660976,0.6016322351503459,0.39187425835614775,0.006493506493506494,CIN,0.6016322351503459,0,2.9580877846593503,0.5356679636835279,0.4578469520103761,0.00648508430609598,CIN,0.5356679636835279,0,5,0,3.0211071281956854,5,0,3.0081611757517295,7,0,3.749675745784695
2021_13_MIN_DET,2021-12-05T13:00-05:00,2021,13,DET,MIN,2.0,0.33854980090611186,0.6549566926003818,0.006493506493506494,MIN,0.6549566926003818,0,-4.526876349779987,0.34033947646077556,0.653167017045718,0.006493506493506494,MIN,0.653167017045718,0,-4.498067966235835,0.5356679636835279,0.4578469520103761,0.00648508430609598,DET,0.5356679636835279,1,7,0,4.584696848202673,7,0,4.5721691193200265,8,8,4.285343709468223
2021_13_NYG_MIA,2021-12-05T13:00-05:00,2021,13,MIA,NYG,11.0,0.656671450488481,0.3368350430180126,0.006493506493506494,MIA,0.656671450488481,1,4.579647195191994,0.6572245420216585,0.3362819514848351,0.006493506493506494,MIA,0.6572245420216585,1,4.623555662047178,0.5356679636835279,0.4578469520103761,0.00648508430609598,MIA,0.5356679636835279,1,8,8,5.253371603907848,8,8,5.257796336173268,10,10,5.3566796368352785
2021_13_PHI_NYJ,2021-12-05T13:00-05:00,2021,13,NYJ,PHI,-15.0,0.24067325546206375,0.7528332380444298,0.006493506493506494,PHI,0.7528332380444298,1,-7.823127792352575,0.23900846221700398,0.7544980312894896,0.006493506493506494,PHI,0.7544980312894896,1,-7.931976848353781,0.5356679636835279,0.4578469520103761,0.00648508430609598,NYJ,0.5356679636835279,0,12,12,9.033998856533158,11,11,8.299478344184385,11,0,5.892347600518806
2021_13_TB_ATL,2021-12-05T13:00-05:00,2021,13,ATL,TB,-13.0,0.2500616053372073,0.7434448881692863,0.006493506493506494,TB,0.7434448881692863,1,-7.4745305709367535,0.23560842435410184,0.7578980691523918,0.006493506493506494,TB,0.7578980691523918,1,-8.061863260219088,0.5356679636835279,0.4578469520103761,0.00648508430609598,ATL,0.5356679636835279,0,11,11,8.17789376986215,12,12,9.094776829828701,13,0,6.963683527885863
2021_13_JAX_LA,2021-12-05T16:05-05:00,2021,13,LAR,JAX,30.0,0.8460828871645777,0.14742360634191579,0.006493506493506494,LAR,0.8460828871645777,1,11.98646571739734,0.8454000869600999,0.14810640654639357,0.006493506493506494,LAR,0.8454000869600999,1,12.019050409523306,0.5356679636835279,0.4578469520103761,0.00648508430609598,LAR,0.5356679636835279,1,14,14,11.845160420304088,14,14,11.835601217441399,6,6,3.2140077821011674
2021_13_WAS_LV,2021-12-05T16:05-05:00,2021,13,LV,WAS,-2.0,0.5358929275273179,0.4576135659791758,0.006493506493506494,LV,0.5358929275273179,0,1.0832521723215902,0.5508574117587749,0.4426490817477187,0.006493506493506494,LV,0.5508574117587749,0,1.5090315867228128,0.5356679636835279,0.4578469520103761,0.00648508430609598,LV,0.5356679636835279,0,3,0,1.6076787825819536,3,0,1.6525722352763248,14,0,7.49935149156939
2021_13_BAL_PIT,2021-12-05T16:25-05:00,2021,13,PIT,BAL,1.0,0.4588399617865966,0.534666531719897,0.006493506493506494,BAL,0.534666531719897,0,-1.0491751041171504,0.46367031529869823,0.5298361782077953,0.006493506493506494,BAL,0.5298361782077953,0,-0.9204257387722908,0.5356679636835279,0.4578469520103761,0.00648508430609598,PIT,0.5356679636835279,1,2,0,1.069333063439794,2,0,1.0596723564155905,2,2,1.0713359273670557
2021_13_SF_SEA,2021-12-05T16:25-05:00,2021,13,SEA,SF,7.0,0.48450382980456314,0.5090026637019305,0.006493506493506494,SF,0.5090026637019305,0,-0.3383877452143361,0.4814108668027901,0.5120956267037035,0.006493506493506494,SF,0.5120956267037035,0,-0.42635595571416696,0.5356679636835279,0.4578469520103761,0.00648508430609598,SEA,0.5356679636835279,1,1,0,0.5090026637019305,1,0,0.5120956267037035,12,12,6.428015564202335
2021_13_DEN_KC,2021-12-05T20:20-05:00,2021,13,KC,DEN,13.0,0.7389512257172102,0.25455526778928333,0.006493506493506494,KC,0.7389512257172102,1,7.310759988746188,0.7399536977274828,0.25355279577901074,0.006493506493506494,KC,0.7399536977274828,1,7.390059660639957,0.5356679636835279,0.4578469520103761,0.00648508430609598,KC,0.5356679636835279,1,10,10,7.389512257172102,10,10,7.399536977274828,4,4,2.1426718547341115
2021_13_NE_BUF,2021-12-06T20:15-05:00,2021,13,BUF,NE,-4.0,0.6352338051291142,0.35827268837737924,0.006493506493506494,BUF,0.6352338051291142,0,3.928693063128912,0.62589987781378,0.3676066156927136,0.006493506493506494,BUF,0.62589987781378,0,3.6720475542179365,0.5356679636835279,0.4578469520103761,0.00648508430609598,BUF,0.5356679636835279,0,6,0,3.8114028307746852,6,0,3.75539926688268,9,0,4.821011673151751
2021_14_PIT_MIN,2021-12-09T20:20-05:00,2021,14,MIN,PIT,8.0,0.6369297002356289,0.3565767932708646,0.006493506493506494,MIN,0.6369297002356289,1,3.9795317870933022,0.6502437603266776,0.34326273317981587,0.006493506493506494,MIN,0.6502437603266776,1,4.408104319902691,0.5356679636835279,0.4578469520103761,0.00648508430609598,MIN,0.5356679636835279,1,7,7,4.458507901649402,7,7,4.551706322286743,12,12,6.428015564202335
2021_14_ATL_CAR,2021-12-12T13:00-05:00,2021,14,CAR,ATL,-8.0,0.6114673241087235,0.38203916939776994,0.006493506493506494,CAR,0.6114673241087235,0,3.226504643317767,0.6082030356502324,0.38530345785626136,0.006493506493506494,CAR,0.6082030356502324,0,3.149717362507955,0.5356679636835279,0.4578469520103761,0.00648508430609598,CAR,0.5356679636835279,0,6,0,3.668803944652341,6,0,3.6492182139013942,1,0,0.5356679636835279
2021_14_BAL_CLE,2021-12-12T13:00-05:00,2021,14,CLE,BAL,2.0,0.5513036236317658,0.44220286987472784,0.006493506493506494,CLE,0.5513036236317658,1,1.5127384151634948,0.5816030173534154,0.4119034761530782,0.006493506493506494,CLE,0.5816030173534154,1,2.380510486772571,0.5356679636835279,0.4578469520103761,0.00648508430609598,CLE,0.5356679636835279,1,3,3,1.6539108708952974,5,5,2.908015086767077,2,2,1.0713359273670557
2021_14_DAL_WAS,2021-12-12T13:00-05:00,2021,14,WAS,DAL,-7.0,0.43736264749065323,0.5561438460158403,0.006493506493506494,DAL,0.5561438460158403,1,-1.6482043918999816,0.42693629984067066,0.5665701936658228,0.006493506493506494,DAL,0.5665701936658228,1,-1.952480341698569,0.5356679636835279,0.4578469520103761,0.00648508430609598,WAS,0.5356679636835279,0,4,4,2.2245753840633613,3,3,1.6997105809974684,5,0,2.6783398184176392
2021_14_JAX_TEN,2021-12-12T13:00-05:00,2021,14,TEN,JAX,20.0,0.8594244332188302,0.13408206028766337,0.006493506493506494,TEN,0.8594244332188302,1,12.744517105366107,0.8532493627025091,0.14025713080398441,0.006493506493506494,TEN,0.8532493627025091,1,12.458552074594973,0.5356679636835279,0.4578469520103761,0.00648508430609598,TEN,0.5356679636835279,1,13,13,11.172517631844793,13,13,11.092241715132618,7,7,3.749675745784695
2021_14_LV_KC,2021-12-12T13:00-05:00,2021,14,KC,LV,39.0,0.7952902252371012,0.19821626826939237,0.006493506493506494,KC,0.7952902252371012,1,9.53088100722641,0.7922527658009327,0.20125372770556085,0.006493506493506494,KC,0.7922527658009327,1,9.455233994714753,0.5356679636835279,0.4578469520103761,0.00648508430609598,KC,0.5356679636835279,1,12,12,9.543482702845214,12,12,9.507033189611192,9,9,4.821011673151751
2021_14_NO_NYJ,2021-12-12T13:00-05:00,2021,14,NYJ,NO,-21.0,0.32117407469748693,0.6723324188090066,0.006493506493506494,NO,0.6723324188090066,1,-5.067933511425871,0.3202215986957538,0.6732848948107397,0.006493506493506494,NO,0.6732848948107397,1,-5.127807989859113,0.5356679636835279,0.4578469520103761,0.00648508430609598,NYJ,0.5356679636835279,0,8,8,5.378659350472053,8,8,5.386279158485918,10,0,5.3566796368352785
2021_14_SEA_HOU,2021-12-12T13:00-05:00,2021,14,HOU,SEA,-20.0,0.21902891326211682,0.7744775802443766,0.006493506493506494,SEA,0.7744775802443766,1,-8.664032235649172,0.22346922451773443,0.7700372689887591,0.006493506493506494,SEA,0.7700372689887591,1,-8.536500467294974,0.5356679636835279,0.4578469520103761,0.00648508430609598,HOU,0.5356679636835279,0,11,11,8.519253382688143,11,11,8.47040995887635,13,0,6.963683527885863
2021_14_DET_DEN,2021-12-12T16:05-05:00,2021,14,DEN,DET,28.0,0.7311063236845647,0.2624001698219289,0.006493506493506494,DEN,0.7311063236845647,1,7.029324799312205,0.7223347484112952,0.2711717450951983,0.006493506493506494,DEN,0.7223347484112952,1,6.760228446502954,0.5356679636835279,0.4578469520103761,0.00648508430609598,DEN,0.5356679636835279,1,9,9,6.579956913161083,9,9,6.501012735701657,6,6,3.2140077821011674
2021_14_NYG_LAC,2021-12-12T16:05-05:00,2021,14,LAC,NYG,16.0,0.7332505730403942,0.26025592046609936,0.006493506493506494,LAC,0.7332505730403942,1,7.105702537415537,0.731608798049795,0.26189769545669855,0.006493506493506494,LAC,0.731608798049795,1,7.088364993126614,0.5356679636835279,0.4578469520103761,0.00648508430609598,LAC,0.5356679636835279,1,10,10,7.332505730403942,10,10,7.316087980497949,11,11,5.892347600518806
2021_14_BUF_TB,2021-12-12T16:25-05:00,2021,14,TB,BUF,6.0,0.540597559613991,0.45290893389250253,0.006493506493506494,TB,0.540597559613991,1,1.2141042817630776,0.5655414105958199,0.42796508291067376,0.006493506493506494,TB,0.5655414105958199,1,1.9233328229959945,0.5356679636835279,0.4578469520103761,0.00648508430609598,TB,0.5356679636835279,1,2,2,1.081195119227982,2,2,1.1310828211916397,3,3,1.6070038910505837
2021_14_SF_CIN,2021-12-12T16:25-05:00,2021,14,CIN,SF,-3.0,0.4726184071906146,0.520888086315879,0.006493506493506494,SF,0.520888086315879,1,-0.6671102995991576,0.4747815137863201,0.5187249797201733,0.006493506493506494,SF,0.5187249797201733,1,-0.610786198738217,0.5356679636835279,0.4578469520103761,0.00648508430609598,CIN,0.5356679636835279,0,1,1,0.520888086315879,1,1,0.5187249797201733,14,0,7.49935149156939
2021_14_CHI_GB,2021-12-12T20:20-05:00,2021,14,GB,CHI,15.0,0.8789963094751368,0.11451018403135678,0.006493506493506494,GB,0.8789963094751368,1,13.981410152255496,0.8784482186586297,0.115058274847864,0.006493506493506494,GB,0.8784482186586297,1,14.025855207239207,0.5356679636835279,0.4578469520103761,0.00648508430609598,GB,0.5356679636835279,1,14,14,12.305948332651916,14,14,12.298275061220815,4,4,2.1426718547341115
2021_14_LA_ARI,2021-12-13T20:15-05:00,2021,14,ARI,LAR,-7.0,0.5785207503553347,0.4149857431511587,0.006493506493506494,ARI,0.5785207503553347,0,2.279087769237507,0.577746446229727,0.4157600472767665,0.006493506493506494,ARI,0.577746446229727,0,2.2703011124371377,0.5356679636835279,0.4578469520103761,0.00648508430609598,ARI,0.5356679636835279,0,5,0,2.892603751776673,4,0,2.310985784918908,8,0,4.285343709468223
2021_15_KC_LAC,2021-12-16T20:20-05:00,2021,15,LAC,KC,-6.0,0.3790214552621279,0.6144850382443657,0.006493506493506494,KC,0.6144850382443657,1,-3.31467844556162,0.37843218981676763,0.6150743036897258,0.006493506493506494,KC,0.6150743036897258,1,-3.3513963902013413,0.5356679636835279,0.4578469520103761,0.00648508430609598,LAC,0.5356679636835279,0,4,4,2.457940152977463,4,4,2.4602972147589033,8,0,4.285343709468223
2021_15_NE_IND,2021-12-18T20:20-05:00,2021,15,IND,NE,10.0,0.5651314023691826,0.4283750911373111,0.006493506493506494,IND,0.5651314023691826,1,1.9006155085978733,0.5625907225353702,0.4309157709711235,0.006493506493506494,IND,0.5625907225353702,1,1.8398274004685349,0.5356679636835279,0.4578469520103761,0.00648508430609598,IND,0.5356679636835279,1,1,1,0.5651314023691826,1,1,0.5625907225353702,11,11,5.892347600518806
2021_15_ARI_DET,2021-12-19T13:00-05:00,2021,15,DET,ARI,18.0,0.20991621529502413,0.7835902782114694,0.006493506493506494,ARI,0.7835902782114694,0,-9.035793176570877,0.21410933314064903,0.7793971603658445,0.006493506493506494,ARI,0.7793971603658445,0,-8.915097555540218,0.5356679636835279,0.4578469520103761,0.00648508430609598,DET,0.5356679636835279,1,13,0,10.186673616749102,13,0,10.132163084755978,1,1,0.5356679636835279
2021_15_CAR_BUF,2021-12-19T13:00-05:00,2021,15,BUF,CAR,17.0,0.8162978924083225,0.17720860109817096,0.006493506493506494,BUF,0.8162978924083225,1,10.47826520342941,0.8153700919000264,0.17813640160646715,0.006493506493506494,BUF,0.8153700919000264,1,10.495613034999693,0.5356679636835279,0.4578469520103761,0.00648508430609598,BUF,0.5356679636835279,1,15,15,12.244468386124838,15,15,12.230551378500396,3,3,1.6070038910505837
2021_15_DAL_NYG,2021-12-19T13:00-05:00,2021,15,NYG,DAL,-15.0,0.30857536798659735,0.6849311255198963,0.006493506493506494,DAL,0.6849311255198963,1,-5.469807694287501,0.30500633240733455,0.6885001610991589,0.006493506493506494,DAL,0.6885001610991589,1,-5.617902630076667,0.5356679636835279,0.4578469520103761,0.00648508430609598,NYG,0.5356679636835279,0,10,10,6.849311255198963,9,9,6.1965014498924305,5,0,2.6783398184176392
2021_15_HOU_JAX,2021-12-19T13:00-05:00,2021,15,JAX,HOU,-14.0,0.5661024533665701,0.4274040401399235,0.006493506493506494,JAX,0.5661024533665701,0,1.9279606821608681,0.5685964551657213,0.4249100383407723,0.006493506493506494,JAX,0.5685964551657213,0,2.0099393526226184,0.5356679636835279,0.4578469520103761,0.00648508430609598,JAX,0.5356679636835279,0,2,0,1.1322049067331401,2,0,1.1371929103314427,7,0,3.749675745784695
2021_15_NYJ_MIA,2021-12-19T13:00-05:00,2021,15,MIA,NYJ,7.0,0.844657337276762,0.14884915622973166,0.006493506493506494,MIA,0.844657337276762,1,11.908882237596714,0.8443886566240894,0.14911783688240415,0.006493506493506494,MIA,0.8443886566240894,1,11.963829489601956,0.5356679636835279,0.4578469520103761,0.00648508430609598,MIA,0.5356679636835279,1,16,16,13.514517396428191,16,16,13.51021850598543,13,13,6.963683527885863
2021_15_TEN_PIT,2021-12-19T13:00-05:00,2021,15,PIT,TEN,6.0,0.36925145519797264,0.624255038308521,0.006493506493506494,TEN,0.624255038308521,0,-3.6020380471180533,0.36970428135680855,0.6238022121496849,0.006493506493506494,TEN,0.6238022121496849,0,-3.609621931889636,0.5356679636835279,0.4578469520103761,0.00648508430609598,PIT,0.5356679636835279,1,5,0,3.121275191542605,5,0,3.1190110607484245,15,15,8.035019455252918
2021_15_ATL_SF,2021-12-19T16:05-05:00,2021,15,SF,ATL,18.0,0.6748984683032851,0.31860802520320836,0.006493506493506494,SF,0.6748984683032851,1,5.149094109804848,0.6695471505717723,0.3239593429347213,0.006493506493506494,SF,0.6695471505717723,1,5.009322125497803,0.5356679636835279,0.4578469520103761,0.00648508430609598,SF,0.5356679636835279,1,8,8,5.399187746426281,7,7,4.686830054002406,2,2,1.0713359273670557
2021_15_CIN_DEN,2021-12-19T16:05-05:00,2021,15,DEN,CIN,-5.0,0.6544272951208464,0.3390791983856471,0.006493506493506494,DEN,0.6544272951208464,0,4.510610546860967,0.6529618418594121,0.3405446516470815,0.006493506493506494,DEN,0.6529618418594121,0,4.4917416851846745,0.5356679636835279,0.4578469520103761,0.00648508430609598,DEN,0.5356679636835279,0,6,0,3.9265637707250782,6,0,3.9177710511564725,4,0,2.1426718547341115
2021_15_GB_BAL,2021-12-19T16:25-05:00,2021,15,BAL,GB,-1.0,0.29992024665400346,0.69358624685249,0.006493506493506494,GB,0.69358624685249,1,-5.751113122410718,0.302933531072064,0.6905729624344296,0.006493506493506494,GB,0.6905729624344296,1,-5.685697042811698,0.5356679636835279,0.4578469520103761,0.00648508430609598,BAL,0.5356679636835279,0,11,11,7.62944871537739,11,11,7.596302586778725,6,0,3.2140077821011674
2021_15_NO_TB,2021-12-19T20:20-05:00,2021,15,TB,NO,-9.0,0.8012533628889121,0.19225313061758142,0.006493506493506494,TB,0.8012533628889121,0,9.791668739685242,0.8138894944874867,0.17961699901900674,0.006493506493506494,TB,0.8138894944874867,0,10.4259587471069,0.5356679636835279,0.4578469520103761,0.00648508430609598,TB,0.5356679636835279,0,14,0,11.21754708044477,14,0,11.394452922824813,12,0,6.428015564202335
2021_15_LV_CLE,2021-12-20T17:00-05:00,2021,15,CLE,LV,-2.0,0.5972343172235318,0.3962721762829618,0.006493506493506494,CLE,0.5972343172235318,0,2.8140140184980957,0.6003858663567984,0.39312062714969515,0.006493506493506494,CLE,0.6003858663567984,0,2.9218674978144126,0.5356679636835279,0.4578469520103761,0.00648508430609598,CLE,0.5356679636835279,0,3,0,1.7917029516705956,3,0,1.801157599070395,9,0,4.821011673151751
2021_15_MIN_CHI,2021-12-20T20:15-05:00,2021,15,CHI,MIN,-8.0,0.2755072708777576,0.717999222628736,0.006493506493506494,MIN,0.717999222628736,1,-6.5708477872486135,0.27079565819834045,0.7227108353081532,0.006493506493506494,MIN,0.7227108353081532,1,-6.773396343289552,0.5356679636835279,0.4578469520103761,0.00648508430609598,CHI,0.5356679636835279,0,12,12,8.615990671544832,12,12,8.672530023697838,10,0,5.3566796368352785
2021_15_SEA_LA,2021-12-21T19:00-05:00,2021,15,LAR,SEA,10.0,0.6733573365128378,0.3201491569936557,0.006493506493506494,LAR,0.6733573365128378,1,5.10030926855333,0.6782755107592934,0.31523098274720013,0.006493506493506494,LAR,0.6782755107592934,1,5.28714810174856,0.5356679636835279,0.4578469520103761,0.00648508430609598,LAR,0.5356679636835279,1,7,7,4.713501355589864,8,8,5.426204086074347,14,14,7.49935149156939
2021_15_WAS_PHI,2021-12-21T19:00-05:00,2021,15,PHI,WAS,10.0,0.6847417354977321,0.30876475800876135,0.006493506493506494,PHI,0.6847417354977321,1,5.463701532209349,0.6889387347155855,0.304567758790908,0.006493506493506494,PHI,0.6889387347155855,1,5.632225385890119,0.5356679636835279,0.4578469520103761,0.00648508430609598,PHI,0.5356679636835279,1,9,9,6.162675619479589,10,10,6.889387347155855,16,16,8.570687418936446
2021_16_SF_TEN,2021-12-23T20:20-05:00,2021,16,TEN,SF,3.0,0.5404632180745211,0.45304327543197226,0.006493506493506494,TEN,0.5404632180745211,1,1.2103648337172306,0.531838483471499,0.4616680100349946,0.006493506493506494,TEN,0.531838483471499,1,0.9763141495166296,0.5356679636835279,0.4578469520103761,0.00648508430609598,TEN,0.5356679636835279,1,5,5,2.7023160903726056,3,3,1.595515450414497,14,14,7.49935149156939
2021_16_CLE_GB,2021-12-25T16:30-05:00,2021,16,GB,CLE,2.0,0.6737446019384374,0.319761891568056,0.006493506493506494,GB,0.6737446019384374,1,5.112556594472907,0.6494033705812213,0.34410312292527223,0.006493506493506494,GB,0.6494033705812213,1,4.382308438554222,0.5356679636835279,0.4578469520103761,0.00648508430609598,GB,0.5356679636835279,1,9,9,6.063701417445937,9,9,5.844630335230992,4,4,2.1426718547341115
2021_16_IND_ARI,2021-12-25T20:15-05:00,2021,16,ARI,IND,-6.0,0.4641077927204473,0.5293987007860464,0.006493506493506494,IND,0.5293987007860464,1,-0.9029428378625475,0.46916366539421755,0.5243428281122761,0.006493506493506494,IND,0.5243428281122761,1,-0.7672443730241952,0.5356679636835279,0.4578469520103761,0.00648508430609598,ARI,0.5356679636835279,0,2,2,1.058797401572093,2,2,1.0486856562245521,7,0,3.749675745784695
2021_16_BAL_CIN,2021-12-26T13:00-05:00,2021,16,CIN,BAL,20.0,0.5783891938902996,0.41511729961619387,0.006493506493506494,CIN,0.5783891938902996,1,2.2753532627528266,0.5858653524812073,0.4076411410252863,0.006493506493506494,CIN,0.5858653524812073,1,2.5026667772915294,0.5356679636835279,0.4578469520103761,0.00648508430609598,CIN,0.5356679636835279,1,7,7,4.048724357232097,7,7,4.1010574673684514,1,1,0.5356679636835279
2021_16_BUF_NE,2021-12-26T13:00-05:00,2021,16,NE,BUF,-12.0,0.5012810773154452,0.4922254161910483,0.006493506493506494,NE,0.5012810773154452,0,0.1250585398573587,0.505004034447989,0.48850245905850453,0.006493506493506494,NE,0.505004034447989,0,0.22923282431877512,0.5356679636835279,0.4578469520103761,0.00648508430609598,NE,0.5356679636835279,0,1,0,0.5012810773154452,1,0,0.505004034447989,2,0,1.0713359273670557
2021_16_DET_ATL,2021-12-26T13:00-05:00,2021,16,ATL,DET,4.0,0.7229920448433039,0.27051444866318963,0.006493506493506494,ATL,0.7229920448433039,1,6.74384402964829,0.7254203516409132,0.2680861418655802,0.006493506493506494,ATL,0.7254203516409132,1,6.868604909885624,0.5356679636835279,0.4578469520103761,0.00648508430609598,ATL,0.5356679636835279,1,11,11,7.952912493276343,11,11,7.979623868050045,6,6,3.2140077821011674
2021_16_JAX_NYJ,2021-12-26T13:00-05:00,2021,16,NYJ,JAX,5.0,0.5449290664909527,0.4485774270155408,0.006493506493506494,NYJ,0.5449290664909527,1,1.3347730330389396,0.5423820627121969,0.4511244307942967,0.006493506493506494,NYJ,0.5423820627121969,1,1.2711785196294414,0.5356679636835279,0.4578469520103761,0.00648508430609598,NYJ,0.5356679636835279,1,6,6,3.2695743989457164,6,6,3.2542923762731815,8,8,4.285343709468223
2021_16_LAC_HOU,2021-12-26T13:00-05:00,2021,16,HOU,LAC,12.0,0.19910858002131804,0.7943979134851755,0.006493506493506494,LAC,0.7943979134851755,0,-9.492367583703366,0.19998081011020338,0.7935256833962901,0.006493506493506494,LAC,0.7935256833962901,0,-9.510092443354445,0.5356679636835279,0.4578469520103761,0.00648508430609598,HOU,0.5356679636835279,1,15,0,11.915968702277633,15,0,11.902885250944353,9,9,4.821011673151751
2021_16_LA_MIN,2021-12-26T13:00-05:00,2021,16,MIN,LAR,-7.0,0.4016683794553494,0.5918381140511441,0.006493506493506494,LAR,0.5918381140511441,1,-2.658965656404131,0.3991661050260118,0.5943403884804819,0.006493506493506494,LAR,0.5943403884804819,1,-2.746733983363285,0.5356679636835279,0.4578469520103761,0.00648508430609598,MIN,0.5356679636835279,0,8,8,4.7347049124091525,8,8,4.754723107843855,10,0,5.3566796368352785
2021_16_NYG_PHI,2021-12-26T13:00-05:00,2021,16,PHI,NYG,24.0,0.7017923310197666,0.29171416248672705,0.006493506493506494,PHI,0.7017923310197666,1,6.022109896542523,0.6998875101956221,0.2936189833108714,0.006493506493506494,PHI,0.6998875101956221,1,5.993635527146721,0.5356679636835279,0.4578469520103761,0.00648508430609598,PHI,0.5356679636835279,1,10,10,7.0179233101976655,10,10,6.998875101956221,12,12,6.428015564202335
2021_16_TB_CAR,2021-12-26T13:00-05:00,2021,16,CAR,TB,-26.0,0.22810661112860556,0.7653998823778879,0.006493506493506494,TB,0.7653998823778879,1,-8.304572420450654,0.2130249192004976,0.7804815743059959,0.006493506493506494,TB,0.7804815743059959,1,-8.959727204824828,0.5356679636835279,0.4578469520103761,0.00648508430609598,CAR,0.5356679636835279,0,13,13,9.950198470912543,13,13,10.146260465977946,15,0,8.035019455252918
2021_16_CHI_SEA,2021-12-26T16:05-05:00,2021,16,SEA,CHI,-1.0,0.7890458770172614,0.20446061648923228,0.006493506493506494,SEA,0.7890458770172614,0,9.264033045250702,0.784174269142214,0.20933222436427953,0.006493506493506494,SEA,0.784174269142214,0,9.112954630672386,0.5356679636835279,0.4578469520103761,0.00648508430609598,SEA,0.5356679636835279,0,14,0,11.04664227824166,14,0,10.978439767990995,3,0,1.6070038910505837
2021_16_DEN_LV,2021-12-26T16:25-05:00,2021,16,LV,DEN,4.0,0.5352764452005927,0.45823004830590086,0.006493506493506494,LV,0.5352764452005927,1,1.0661207350868107,0.5372306494384067,0.45627584406808686,0.006493506493506494,LV,0.5372306494384067,1,1.1269847789844787,0.5356679636835279,0.4578469520103761,0.00648508430609598,LV,0.5356679636835279,1,3,3,1.605829335601778,5,5,2.6861532471920335,5,5,2.6783398184176392
2021_16_PIT_KC,2021-12-26T16:25-05:00,2021,16,KC,PIT,26.0,0.8151303402992915,0.17837615320720188,0.006493506493506494,KC,0.8151303402992915,1,10.42339721468748,0.8221167471307568,0.17138974637573667,0.006493506493506494,KC,0.8221167471307568,1,10.818878111245306,0.5356679636835279,0.4578469520103761,0.00648508430609598,KC,0.5356679636835279,1,16,16,13.042085444788665,16,16,13.153867954092108,13,13,6.963683527885863
2021_16_WAS_DAL,2021-12-26T20:20-05:00,2021,16,DAL,WAS,42.0,0.749270364178183,0.24423612932831054,0.006493506493506494,DAL,0.749270364178183,1,7.689776061492063,0.7528983731817981,0.24060812032469553,0.006493506493506494,DAL,0.7528983731817981,1,7.8713046628996794,0.5356679636835279,0.4578469520103761,0.00648508430609598,DAL,0.5356679636835279,1,12,12,8.991244370138197,12,12,9.034780478181577,16,16,8.570687418936446
2021_16_MIA_NO,2021-12-27T20:15-05:00,2021,16,NO,MIA,-17.0,0.5353913688025672,0.4581151247039264,0.006493506493506494,NO,0.5353913688025672,0,1.0693140957197174,0.5361821926979731,0.4573243008085205,0.006493506493506494,NO,0.5361821926979731,0,1.0976683810878387,0.5356679636835279,0.4578469520103761,0.00648508430609598,NO,0.5356679636835279,0,4,0,2.141565475210269,4,0,2.1447287707918923,11,0,5.892347600518806
2021_17_ATL_BUF,2022-01-02T13:00-05:00,2021,17,BUF,ATL,14.0,0.8485751674215317,0.14493132608496181,0.006493506493506494,BUF,0.8485751674215317,1,12.12360629368732,0.8453926373390848,0.14811385616740885,0.006493506493506494,BUF,0.8453926373390848,1,12.018642548769153,0.5356679636835279,0.4578469520103761,0.00648508430609598,BUF,0.5356679636835279,1,15,15,12.728627511322976,15,15,12.680889560086271,2,2,1.0713359273670557
2021_17_JAX_NE,2022-01-02T13:00-05:00,2021,17,NE,JAX,40.0,0.8912232428961746,0.10228325061031882,0.006493506493506494,NE,0.8912232428961746,1,14.850787750883008,0.8909600759711475,0.10254641753534607,0.006493506493506494,NE,0.8909600759711475,1,14.917795849254412,0.5356679636835279,0.4578469520103761,0.00648508430609598,NE,0.5356679636835279,1,16,16,14.259571886338794,16,16,14.25536121553836,8,8,4.285343709468223
2021_17_KC_CIN,2022-01-02T13:00-05:00,2021,17,CIN,KC,3.0,0.31713065640850285,0.6763758370979907,0.006493506493506494,KC,0.6763758370979907,0,-5.195977599738997,0.31711419402768565,0.6763922994788079,0.006493506493506494,KC,0.6763922994788079,0,-5.226864962330571,0.5356679636835279,0.4578469520103761,0.00648508430609598,CIN,0.5356679636835279,1,7,0,4.734630859685934,7,0,4.734746096351655,9,9,4.821011673151751
2021_17_LA_BAL,2022-01-02T13:00-05:00,2021,17,BAL,LAR,-1.0,0.2564251642841362,0.7370813292223575,0.006493506493506494,LAR,0.7370813292223575,1,-7.243171701457811,0.24580991599530158,0.747696577511192,0.006493506493506494,LAR,0.747696577511192,1,-7.675881544572647,0.5356679636835279,0.4578469520103761,0.00648508430609598,BAL,0.5356679636835279,0,9,9,6.6337319630012175,9,9,6.729269197600728,10,0,5.3566796368352785
2021_17_LV_IND,2022-01-02T13:00-05:00,2021,17,IND,LV,-3.0,0.8042784222628959,0.18922807124359764,0.006493506493506494,IND,0.8042784222628959,0,9.926317353514282,0.8040358257558007,0.18947066775069282,0.006493506493506494,IND,0.8040358257558007,0,9.973396976908072,0.5356679636835279,0.4578469520103761,0.00648508430609598,IND,0.5356679636835279,0,13,0,10.455619489417646,13,0,10.45246573482541,11,0,5.892347600518806
2021_17_MIA_TEN,2022-01-02T13:00-05:00,2021,17,TEN,MIA,31.0,0.6338392720688792,0.3596672214376143,0.006493506493506494,TEN,0.6338392720688792,1,3.886967031869546,0.6228212225653065,0.3706852709411871,0.006493506493506494,TEN,0.6228212225653065,1,3.580477748423932,0.5356679636835279,0.4578469520103761,0.00648508430609598,TEN,0.5356679636835279,1,4,4,2.535357088275517,3,3,1.8684636676959194,12,12,6.428015564202335
2021_17_NYG_CHI,2022-01-02T13:00-05:00,2021,17,CHI,NYG,26.0,0.6296337603458637,0.36387273316062985,0.006493506493506494,CHI,0.6296337603458637,1,3.761552856666646,0.6282025725164585,0.36530392099003506,0.006493506493506494,CHI,0.6282025725164585,1,3.740744326715653,0.5356679636835279,0.4578469520103761,0.00648508430609598,CHI,0.5356679636835279,1,3,3,1.8889012810375911,4,4,2.512810290065834,14,14,7.49935149156939
2021_17_PHI_WAS,2022-01-02T13:00-05:00,2021,17,WAS,PHI,-4.0,0.30167484640096737,0.6918316471055262,0.006493506493506494,PHI,0.6918316471055262,1,-5.693721765504083,0.2979831042358602,0.6955233892706333,0.006493506493506494,PHI,0.6955233892706333,1,-5.8486736538347035,0.5356679636835279,0.4578469520103761,0.00648508430609598,WAS,0.5356679636835279,0,8,8,5.53465317684421,8,8,5.564187114165066,15,0,8.035019455252918
2021_17_TB_NYJ,2022-01-02T13:00-05:00,2021,17,NYJ,TB,-4.0,0.15097572436014184,0.8425307691463516,0.006493506493506494,TB,0.8425307691463516,1,-11.794276351187229,0.1481149110577228,0.8453915824487707,0.006493506493506494,TB,0.8453915824487707,1,-12.018584795741182,0.5356679636835279,0.4578469520103761,0.00648508430609598,NYJ,0.5356679636835279,0,14,14,11.795430768048922,14,14,11.83548215428279,16,0,8.570687418936446
2021_17_DEN_LAC,2022-01-02T16:05-05:00,2021,17,LAC,DEN,21.0,0.6707179142189951,0.3227885792874985,0.006493506493506494,LAC,0.6707179142189951,1,5.017042676511768,0.6704428742189681,0.3230636192875255,0.006493506493506494,LAC,0.6704428742189681,1,5.037651426603807,0.5356679636835279,0.4578469520103761,0.00648508430609598,LAC,0.5356679636835279,1,6,6,4.024307485313971,6,6,4.022657245313809,5,5,2.6783398184176392
2021_17_HOU_SF,2022-01-02T16:05-05:00,2021,17,SF,HOU,16.0,0.7808746088205516,0.2126318846859419,0.006493506493506494,SF,0.7808746088205516,1,8.923799808925883,0.7811800023501766,0.21232649115631697,0.006493506493506494,SF,0.7811800023501766,1,8.988558891636604,0.5356679636835279,0.4578469520103761,0.00648508430609598,SF,0.5356679636835279,1,10,10,7.808746088205516,10,10,7.811800023501766,7,7,3.749675745784695
2021_17_ARI_DAL,2022-01-02T16:25-05:00,2021,17,DAL,ARI,-3.0,0.6087184511067415,0.3847880423997521,0.006493506493506494,DAL,0.6087184511067415,0,3.1464133682733406,0.603082566514105,0.39042392699238854,0.006493506493506494,DAL,0.603082566514105,0,3.0002859845901795,0.5356679636835279,0.4578469520103761,0.00648508430609598,DAL,0.5356679636835279,0,2,0,1.217436902213483,2,0,1.20616513302821,1,0,0.5356679636835279
2021_17_CAR_NO,2022-01-02T16:25-05:00,2021,17,NO,CAR,8.0,0.6596583348759107,0.33384815863058287,0.006493506493506494,NO,0.6596583348759107,1,4.671881187799783,0.6603979152528482,0.33310857825364537,0.006493506493506494,NO,0.6603979152528482,1,4.722214481342613,0.5356679636835279,0.4578469520103761,0.00648508430609598,NO,0.5356679636835279,1,5,5,3.298291674379554,5,5,3.301989576264241,3,3,1.6070038910505837
2021_17_DET_SEA,2022-01-02T16:25-05:00,2021,17,SEA,DET,22.0,0.8035011975475954,0.19000529595889828,0.006493506493506494,SEA,0.8035011975475954,1,9.891566408516974,0.8019897705956693,0.19151672291082422,0.006493506493506494,SEA,0.8019897705956693,1,9.881703051737539,0.5356679636835279,0.4578469520103761,0.00648508430609598,SEA,0.5356679636835279,1,12,12,9.642014370571145,12,12,9.623877247148032,6,6,3.2140077821011674
2021_17_MIN_GB,2022-01-02T20:20-05:00,2021,17,GB,MIN,27.0,0.8029553448638297,0.19055114864266387,0.006493506493506494,GB,0.8029553448638297,1,9.867225307939181,0.7999251339253229,0.19358135958117062,0.006493506493506494,GB,0.7999251339253229,1,9.789929167927838,0.5356679636835279,0.4578469520103761,0.00648508430609598,GB,0.5356679636835279,1,11,11,8.832508793502127,11,11,8.799176473178552,13,13,6.963683527885863
2021_17_CLE_PIT,2022-01-03T20:15-05:00,2021,17,PIT,CLE,12.0,0.4523117447960458,0.5411947487104478,0.006493506493506494,CLE,0.5411947487104478,0,-1.2307294538006328,0.4333768178480974,0.5601296756583961,0.006493506493506494,CLE,0.5601296756583961,0,-1.7702815341962483,0.5356679636835279,0.4578469520103761,0.00648508430609598,PIT,0.5356679636835279,1,1,0,0.5411947487104478,1,0,0.5601296756583961,4,4,2.1426718547341115
2021_18_KC_DEN,2022-01-08T16:30-05:00,2021,18,DEN,KC,-4.0,0.18170381758745177,0.8118026759190416,0.006493506493506494,KC,0.8118026759190416,1,-10.268539197783165,0.18175635677851296,0.8117501367279805,0.006493506493506494,KC,0.8117501367279805,1,-10.326099088339333,0.5356679636835279,0.4578469520103761,0.00648508430609598,DEN,0.5356679636835279,0,12,12,9.7416321110285,12,12,9.741001640735766,7,0,3.749675745784695
2021_18_DAL_PHI,2022-01-08T20:15-05:00,2021,18,PHI,DAL,-25.0,0.5056342048858525,0.4878722886206409,0.006493506493506494,PHI,0.5056342048858525,0,0.2453111332911906,0.5053844843973196,0.48812200910917386,0.006493506493506494,PHI,0.5053844843973196,0,0.23980500118288717,0.5356679636835279,0.4578469520103761,0.00648508430609598,PHI,0.5356679636835279,0,1,0,0.5056342048858525,1,0,0.5053844843973196,4,0,2.1426718547341115
2021_18_CHI_MIN,2022-01-09T13:00-05:00,2021,18,MIN,CHI,14.0,0.640104839500945,0.35340165400554857,0.006493506493506494,MIN,0.640104839500945,1,4.075002404248479,0.6426323284788724,0.3508741650276211,0.006493506493506494,MIN,0.6426323284788724,1,4.175530792692352,0.5356679636835279,0.4578469520103761,0.00648508430609598,MIN,0.5356679636835279,1,8,8,5.12083871600756,8,8,5.141058627830979,2,2,1.0713359273670557
2021_18_CIN_CLE,2022-01-09T13:00-05:00,2021,18,CLE,CIN,5.0,0.5217673483874611,0.4717391451190325,0.006493506493506494,CLE,0.5217673483874611,1,0.6914544019194393,0.5278082166503508,0.46569827685614285,0.006493506493506494,CLE,0.5278082166503508,1,0.8638519138807917,0.5356679636835279,0.4578469520103761,0.00648508430609598,CLE,0.5356679636835279,1,4,4,2.0870693935498443,4,4,2.1112328666014033,3,3,1.6070038910505837
2021_18_GB_DET,2022-01-09T13:00-05:00,2021,18,DET,GB,7.0,0.13271808571164567,0.8607884077948479,0.006493506493506494,GB,0.8607884077948479,0,-12.825537414235322,0.13779960983452144,0.8557068836719721,0.006493506493506494,GB,0.8557068836719721,0,-12.600368162278286,0.5356679636835279,0.4578469520103761,0.00648508430609598,DET,0.5356679636835279,1,13,0,11.190249301333022,13,0,11.124189487735638,5,5,2.6783398184176392
2021_18_IND_JAX,2022-01-09T13:00-05:00,2021,18,JAX,IND,15.0,0.10330836807979163,0.890198125426702,0.006493506493506494,IND,0.890198125426702,0,-14.774481980289703,0.10416123007849733,0.8893452634279962,0.006493506493506494,IND,0.8893452634279962,0,-14.797469185607035,0.5356679636835279,0.4578469520103761,0.00648508430609598,JAX,0.5356679636835279,1,15,0,13.35297188140053,14,0,12.450833687991947,6,6,3.2140077821011674
2021_18_PIT_BAL,2022-01-09T13:00-05:00,2021,18,BAL,PIT,-3.0,0.5101800593458281,0.48332643416066545,0.006493506493506494,BAL,0.5101800593458281,0,0.37092822536490644,0.5069058450405983,0.48660064846589535,0.006493506493506494,BAL,0.5069058450405983,0,0.28208444244295805,0.5356679636835279,0.4578469520103761,0.00648508430609598,BAL,0.5356679636835279,0,2,0,1.0203601186916562,2,0,1.0138116900811966,12,0,6.428015564202335
2021_18_TEN_HOU,2022-01-09T13:00-05:00,2021,18,HOU,TEN,-3.0,0.19286702443269493,0.8006394690737987,0.006493506493506494,TEN,0.8006394690737987,1,-9.764540823665415,0.19875385740012386,0.7947526361063697,0.006493506493506494,TEN,0.7947526361063697,1,-9.563217719991005,0.5356679636835279,0.4578469520103761,0.00648508430609598,HOU,0.5356679636835279,0,11,11,8.807034159811785,11,11,8.742278997170066,15,0,8.035019455252918
2021_18_WAS_NYG,2022-01-09T13:00-05:00,2021,18,NYG,WAS,-15.0,0.47491297594032417,0.5185935175661694,0.006493506493506494,WAS,0.5185935175661694,1,-0.6036000201646994,0.4796438030680248,0.5138626904384689,0.006493506493506494,WAS,0.5138626904384689,1,-0.47549851112982383,0.5356679636835279,0.4578469520103761,0.00648508430609598,NYG,0.5356679636835279,0,3,3,1.5557805526985082,3,3,1.5415880713154066,16,0,8.570687418936446
2021_18_CAR_TB,2022-01-09T16:25-05:00,2021,18,TB,CAR,24.0,0.8860474088013499,0.10745908470514368,0.006493506493506494,TB,0.8860474088013499,1,14.472195029902721,0.8929626026279016,0.10054389087859192,0.006493506493506494,TB,0.8929626026279016,1,15.069364228671844,0.5356679636835279,0.4578469520103761,0.00648508430609598,TB,0.5356679636835279,1,14,14,12.4046637232189,15,15,13.394439039418524,1,1,0.5356679636835279
2021_18_NE_MIA,2022-01-09T16:25-05:00,2021,18,MIA,NE,9.0,0.2958992937315405,0.697607199774953,0.006493506493506494,NE,0.697607199774953,0,-5.883359651178249,0.2982512310356748,0.6952552624708188,0.006493506493506494,NE,0.6952552624708188,0,-5.839807237494336,0.5356679636835279,0.4578469520103761,0.00648508430609598,MIA,0.5356679636835279,1,10,0,6.97607199774953,9,0,6.257297362237369,9,9,4.821011673151751
2021_18_NO_ATL,2022-01-09T16:25-05:00,2021,18,ATL,NO,-10.0,0.5518540055054582,0.4416524880010354,0.006493506493506494,ATL,0.5518540055054582,0,1.528126974992767,0.5519556548822514,0.44155083862424227,0.006493506493506494,ATL,0.5519556548822514,0,1.5399152762161832,0.5356679636835279,0.4578469520103761,0.00648508430609598,ATL,0.5356679636835279,0,5,0,2.7592700275272906,5,0,2.759778274411257,10,0,5.3566796368352785
2021_18_NYJ_BUF,2022-01-09T16:25-05:00,2021,18,BUF,NYJ,17.0,0.9260540162939058,0.06745247721258786,0.006493506493506494,BUF,0.9260540162939058,1,17.96974092398731,0.9244726027955296,0.06903389071096389,0.006493506493506494,BUF,0.9244726027955296,1,17.903045393765865,0.5356679636835279,0.4578469520103761,0.00648508430609598,BUF,0.5356679636835279,1,16,16,14.816864260702493,16,16,14.791561644728473,11,11,5.892347600518806
2021_18_SEA_ARI,2022-01-09T16:25-05:00,2021,18,ARI,SEA,-8.0,0.596201333329139,0.3973051601773544,0.006493506493506494,ARI,0.596201333329139,0,2.784279695345698,0.6019281112866429,0.39157838221985064,0.006493506493506494,ARI,0.6019281112866429,0,2.966692018542154,0.5356679636835279,0.4578469520103761,0.00648508430609598,ARI,0.5356679636835279,0,7,0,4.173409333303973,7,0,4.2134967790065,13,0,6.963683527885863
2021_18_SF_LA,2022-01-09T16:25-05:00,2021,18,LAR,SF,-3.0,0.69607571370097,0.29743077980552357,0.006493506493506494,LAR,0.69607571370097,0,5.832869575333026,0.7000582772771478,0.29344821622934575,0.006493506493506494,LAR,0.7000582772771478,0,5.999333075278185,0.5356679636835279,0.4578469520103761,0.00648508430609598,LAR,0.5356679636835279,0,9,0,6.26468142330873,10,0,7.000582772771478,14,0,7.49935149156939
2021_18_LAC_LV,2022-01-09T20:20-05:00,2021,18,LV,LAC,3.0,0.39827609584044543,0.5952303976660481,0.006493506493506494,LAC,0.5952303976660481,0,-2.7563549323580663,0.39868441914968744,0.5948220743568061,0.006493506493506494,LAC,0.5948220743568061,0,-2.7606554213947465,0.5356679636835279,0.4578469520103761,0.00648508430609598,LV,0.5356679636835279,1,6,0,3.571382385996289,6,0,3.5689324461408365,8,8,4.285343709468223
2022_01_BUF_LA,2022-09-08T20:20-04:00,2022,1,LAR,BUF,-21.0,0.45423876602339497,0.5400030765869697,0.005758157389635317,BUF,0.5400030765869697,1,-1.2609968058225598,0.451297877898109,0.5429439647122556,0.005758157389635317,BUF,0.5429439647122556,1,-1.3533485609404612,0.5302013422818792,0.46404602109300097,0.005752636625119847,LAR,0.5302013422818792,0,5,5,2.7000153829348483,6,6,3.2576637882735335,2,0,1.0604026845637584
2022_01_BAL_NYJ,2022-09-11T13:00-04:00,2022,1,NYJ,BAL,-15.0,0.3328335050590647,0.6614083375512999,0.005758157389635317,BAL,0.6614083375512999,1,-5.006960345269004,0.344871188649918,0.6493706539604467,0.005758157389635317,BAL,0.6493706539604467,1,-4.632464790529905,0.5302013422818792,0.46404602109300097,0.005752636625119847,NYJ,0.5302013422818792,0,13,13,8.598308388166899,12,12,7.79244784752536,1,0,0.5302013422818792
2022_01_CLE_CAR,2022-09-11T13:00-04:00,2022,1,CAR,CLE,-2.0,0.5065148063389944,0.4877270362713703,0.005758157389635317,CAR,0.5065148063389944,0,0.2755837744189854,0.5075432471440678,0.48669859546629674,0.005758157389635317,CAR,0.5075432471440678,0,0.30698663451876707,0.5302013422818792,0.46404602109300097,0.005752636625119847,CAR,0.5302013422818792,0,1,0,0.5065148063389944,2,0,1.0150864942881357,3,0,1.5906040268456376
2022_01_IND_HOU,2022-09-11T13:00-04:00,2022,1,HOU,IND,0.0,0.3140869803403123,0.6801548622700524,0.005758157389635317,IND,0.6801548622700524,0,-5.633416596885983,0.3135756154467761,0.6806662271635886,0.005758157389635317,IND,0.6806662271635886,0,-5.673389457491647,0.5302013422818792,0.46404602109300097,0.005752636625119847,HOU,0.5302013422818792,0,14,0,9.522168071780733,14,0,9.52932718029024,6,0,3.1812080536912752
2022_01_JAX_WAS,2022-09-11T13:00-04:00,2022,1,WAS,JAX,6.0,0.69450294955503,0.2997388930553347,0.005758157389635317,WAS,0.69450294955503,1,6.126538795802678,0.6931946079023849,0.3010472347079798,0.005758157389635317,WAS,0.6931946079023849,1,6.105369851252805,0.5302013422818792,0.46404602109300097,0.005752636625119847,WAS,0.5302013422818792,1,15,15,10.41754424332545,15,15,10.397919118535773,7,7,3.7114093959731544
2022_01_NE_MIA,2022-09-11T13:00-04:00,2022,1,MIA,NE,13.0,0.42708212145519187,0.5671597211551729,0.005758157389635317,NE,0.5671597211551729,0,-2.0682067634192682,0.4787274006089126,0.5155144420014521,0.005758157389635317,NE,0.5155144420014521,0,-0.5419439159172095,0.5302013422818792,0.46404602109300097,0.005752636625119847,MIA,0.5302013422818792,1,6,0,3.4029583269310373,3,0,1.5465433260043564,10,10,5.302013422818792
2022_01_NO_ATL,2022-09-11T13:00-04:00,2022,1,ATL,NO,-1.0,0.42465953468978296,0.5695823079205817,0.005758157389635317,NO,0.5695823079205817,1,-2.1407590762375905,0.42477236788609063,0.569469474724274,0.005758157389635317,NO,0.569469474724274,1,-2.145930885014816,0.5302013422818792,0.46404602109300097,0.005752636625119847,ATL,0.5302013422818792,0,7,7,3.987076155444072,7,7,3.986286323069918,11,0,5.832214765100671
2022_01_PHI_DET,2022-09-11T13:00-04:00,2022,1,DET,PHI,-3.0,0.46022760972554544,0.5340142328848192,0.005758157389635317,PHI,0.5340142328848192,1,-1.0841854494633139,0.47569896113238547,0.5185428814779791,0.005758157389635317,PHI,0.5185428814779791,1,-0.6312762049776061,0.5302013422818792,0.46404602109300097,0.005752636625119847,DET,0.5302013422818792,0,4,4,2.136056931539277,4,4,2.0741715259119164,13,0,6.89261744966443
2022_01_PIT_CIN,2022-09-11T13:00-04:00,2022,1,CIN,PIT,-3.0,0.5991156196796217,0.39512622293074284,0.005758157389635317,CIN,0.5991156196796217,0,3.034885427639809,0.6518071416130135,0.3424347009973511,0.005758157389635317,CIN,0.6518071416130135,0,4.711779570301884,0.5302013422818792,0.46404602109300097,0.005752636625119847,CIN,0.5302013422818792,0,8,0,4.792924957436973,13,0,8.473492840969175,14,0,7.422818791946309
2022_01_SF_CHI,2022-09-11T13:00-04:00,2022,1,CHI,SF,9.0,0.38158954055729805,0.6126523020530665,0.005758157389635317,SF,0.6126523020530665,0,-3.451951919734645,0.3685515906474174,0.6256902519629473,0.005758157389635317,SF,0.6256902519629473,0,-3.8743994157394015,0.5302013422818792,0.46404602109300097,0.005752636625119847,CHI,0.5302013422818792,1,10,0,6.126523020530666,10,0,6.256902519629472,15,15,7.953020134228188
2022_01_GB_MIN,2022-09-11T16:25-04:00,2022,1,MIN,GB,16.0,0.36420935325275205,0.6300324893576126,0.005758157389635317,GB,0.6300324893576126,0,-3.99579333295938,0.3738101523357959,0.6204316902745688,0.005758157389635317,GB,0.6204316902745688,0,-3.708909470440399,0.5302013422818792,0.46404602109300097,0.005752636625119847,MIN,0.5302013422818792,1,11,0,6.930357382933739,9,0,5.583885212471119,5,5,2.651006711409396
2022_01_KC_ARI,2022-09-11T16:25-04:00,2022,1,ARI,KC,-23.0,0.38874582580388295,0.6054960168064818,0.005758157389635317,KC,0.6054960168064818,1,-3.2308166575852484,0.38035234599059903,0.6138894966197657,0.005758157389635317,KC,0.6138894966197657,1,-3.504305604743323,0.5302013422818792,0.46404602109300097,0.005752636625119847,ARI,0.5302013422818792,0,9,9,5.449464151258336,8,8,4.911115972958125,8,0,4.241610738255034
2022_01_LV_LAC,2022-09-11T16:25-04:00,2022,1,LAC,LV,5.0,0.6328252260368531,0.36141661657351154,0.005758157389635317,LAC,0.6328252260368531,1,4.084163391992403,0.6298486369181763,0.36439320569218836,0.005758157389635317,LAC,0.6298486369181763,1,4.005952802915619,0.5302013422818792,0.46404602109300097,0.005752636625119847,LAC,0.5302013422818792,1,12,12,7.593902712442237,11,11,6.928335006099939,9,9,4.771812080536913
2022_01_NYG_TEN,2022-09-11T16:25-04:00,2022,1,TEN,NYG,-1.0,0.7513257314630553,0.24291611114730946,0.005758157389635317,TEN,0.7513257314630553,0,8.232467975512549,0.7284741802235576,0.26576766238680705,0.005758157389635317,TEN,0.7284741802235576,0,7.381179803751996,0.5302013422818792,0.46404602109300097,0.005752636625119847,TEN,0.5302013422818792,0,16,0,12.021211703408884,16,0,11.655586883576921,12,0,6.3624161073825505
2022_01_TB_DAL,2022-09-11T20:20-04:00,2022,1,DAL,TB,-16.0,0.5274527987745052,0.46678904383585945,0.005758157389635317,DAL,0.5274527987745052,0,0.8908319878680188,0.4917554861921344,0.5024863564182304,0.005758157389635317,TB,0.5024863564182304,1,-0.15802033913665792,0.5302013422818792,0.46404602109300097,0.005752636625119847,DAL,0.5302013422818792,0,2,0,1.0549055975490105,1,1,0.5024863564182304,16,0,8.483221476510067
2022_01_DEN_SEA,2022-09-12T20:15-04:00,2022,1,SEA,DEN,1.0,0.5326741259371315,0.46156771667323326,0.005758157389635317,SEA,0.5326741259371315,1,1.0446662219515743,0.52840599711831,0.4658358454920546,0.005758157389635317,SEA,0.52840599711831,1,0.9225772003398789,0.5302013422818792,0.46404602109300097,0.005752636625119847,SEA,0.5302013422818792,1,3,3,1.5980223778113944,5,5,2.64202998559155,4,4,2.120805369127517
2022_02_LAC_KC,2022-09-15T20:15-04:00,2022,2,KC,LAC,3.0,0.723113950017912,0.2711278925924525,0.005758157389635317,KC,0.723113950017912,1,7.152324483577436,0.7021634063985805,0.2920784362117841,0.005758157389635317,KC,0.7021634063985805,1,6.4208718823736906,0.5302013422818792,0.46404602109300097,0.005752636625119847,KC,0.5302013422818792,1,14,14,10.123595300250768,11,11,7.723797470384386,8,8,4.241610738255034
2022_02_CAR_NYG,2022-09-18T13:00-04:00,2022,2,NYG,CAR,3.0,0.5314273671409043,0.46281447546946036,0.005758157389635317,NYG,0.5314273671409043,1,1.0079135577426959,0.5275659568683916,0.4666758857419731,0.005758157389635317,NYG,0.5275659568683916,1,0.8977419373102599,0.5302013422818792,0.46404602109300097,0.005752636625119847,NYG,0.5302013422818792,1,6,6,3.188564202845426,7,7,3.692961698078741,3,3,1.5906040268456376
2022_02_IND_JAX,2022-09-18T13:00-04:00,2022,2,JAX,IND,24.0,0.29197029860144824,0.7022715440089164,0.005758157389635317,IND,0.7022715440089164,0,-6.39910215709786,0.2903700658301799,0.7038717767801846,0.005758157389635317,IND,0.7038717767801846,0,-6.4816020537508,0.5302013422818792,0.46404602109300097,0.005752636625119847,JAX,0.5302013422818792,1,11,0,7.724986984098081,12,0,8.446461321362216,7,7,3.7114093959731544
2022_02_MIA_BAL,2022-09-18T13:00-04:00,2022,2,BAL,MIA,-4.0,0.5650236478072491,0.4292181948031155,0.005758157389635317,BAL,0.5650236478072491,0,2.0043194249461678,0.5567738707408897,0.43746797186947495,0.005758157389635317,BAL,0.5567738707408897,0,1.7653089640634836,0.5302013422818792,0.46404602109300097,0.005752636625119847,BAL,0.5302013422818792,0,7,0,3.9551655346507437,8,0,4.4541909659271175,9,0,4.771812080536913
2022_02_NE_PIT,2022-09-18T13:00-04:00,2022,2,PIT,NE,-3.0,0.4926673130467579,0.5015745295636066,0.005758157389635317,NE,0.5015745295636066,1,-0.13064125245246472,0.5233117101542791,0.4709301324560854,0.005758157389635317,PIT,0.5233117101542791,0,0.7720440240653768,0.5302013422818792,0.46404602109300097,0.005752636625119847,PIT,0.5302013422818792,0,1,1,0.5015745295636066,6,0,3.139870260925675,11,0,5.832214765100671
2022_02_NYJ_CLE,2022-09-18T13:00-04:00,2022,2,CLE,NYJ,-1.0,0.7065921742251352,0.2876496683852294,0.005758157389635317,CLE,0.7065921742251352,0,6.552522040101117,0.7079195096870661,0.2863223329232986,0.005758157389635317,CLE,0.7079195096870661,0,6.626338459272761,0.5302013422818792,0.46404602109300097,0.005752636625119847,CLE,0.5302013422818792,0,12,0,8.479106090701622,13,0,9.202953625931858,12,0,6.3624161073825505
2022_02_TB_NO,2022-09-18T13:00-04:00,2022,2,NO,TB,-10.0,0.3451505794547329,0.6490912631556318,0.005758157389635317,TB,0.6490912631556318,1,-4.604958726668754,0.3425715861541949,0.6516702564561697,0.005758157389635317,TB,0.6516702564561697,1,-4.707316501821711,0.5302013422818792,0.46404602109300097,0.005752636625119847,NO,0.5302013422818792,0,9,9,5.841821368400686,9,9,5.865032308105527,14,0,7.422818791946309
2022_02_WAS_DET,2022-09-18T13:00-04:00,2022,2,DET,WAS,9.0,0.5148648398672845,0.4793770027430801,0.005758157389635317,DET,0.5148648398672845,1,0.5207038306528876,0.5186769418970899,0.47556490071327484,0.005758157389635317,DET,0.5186769418970899,1,0.6352317289379714,0.5302013422818792,0.46404602109300097,0.005752636625119847,DET,0.5302013422818792,1,3,3,1.5445945196018536,5,5,2.5933847094854494,16,16,8.483221476510067
2022_02_ATL_LA,2022-09-18T16:05-04:00,2022,2,LAR,ATL,4.0,0.6808872889943051,0.3133545536160597,0.005758157389635317,LAR,0.6808872889943051,1,5.658285708215919,0.6894524228297798,0.3047894197805848,0.005758157389635317,LAR,0.6894524228297798,1,5.975311631285537,0.5302013422818792,0.46404602109300097,0.005752636625119847,LAR,0.5302013422818792,1,10,10,6.808872889943051,10,10,6.894524228297798,2,2,1.0604026845637584
2022_02_SEA_SF,2022-09-18T16:05-04:00,2022,2,SF,SEA,20.0,0.5061955994836954,0.4880462431266691,0.005758157389635317,SF,0.5061955994836954,1,0.2662172427400944,0.5179944608943273,0.47624738171603725,0.005758157389635317,SF,0.5179944608943273,1,0.6150957168317408,0.5302013422818792,0.46404602109300097,0.005752636625119847,SF,0.5302013422818792,1,2,2,1.0123911989673908,4,4,2.0719778435773093,13,13,6.89261744966443
2022_02_ARI_LV,2022-09-18T16:25-04:00,2022,2,LV,ARI,-6.0,0.477749639170087,0.5164922034402776,0.005758157389635317,ARI,0.5164922034402776,1,-0.5685059676775128,0.516346209195795,0.4778956334145697,0.005758157389635317,LV,0.516346209195795,0,0.5664749160659197,0.5302013422818792,0.46404602109300097,0.005752636625119847,LV,0.5302013422818792,0,4,4,2.0659688137611103,3,0,1.549038627587385,1,0,0.5302013422818792
2022_02_CIN_DAL,2022-09-18T16:25-04:00,2022,2,DAL,CIN,3.0,0.5687333765975708,0.4255084660127939,0.005758157389635317,DAL,0.5687333765975708,1,2.1153232425960065,0.5112582262424213,0.48298361636794324,0.005758157389635317,DAL,0.5112582262424213,1,0.4164615603542505,0.5302013422818792,0.46404602109300097,0.005752636625119847,DAL,0.5302013422818792,1,8,8,4.549867012780567,2,2,1.0225164524848427,5,5,2.651006711409396
2022_02_HOU_DEN,2022-09-18T16:25-04:00,2022,2,DEN,HOU,7.0,0.7303673939410861,0.2638744486692785,0.005758157389635317,DEN,0.7303673939410861,1,7.422807692950421,0.7301188012906126,0.264123041319752,0.005758157389635317,DEN,0.7301188012906126,1,7.443127013876124,0.5302013422818792,0.46404602109300097,0.005752636625119847,DEN,0.5302013422818792,1,15,15,10.955510909116292,14,14,10.221663218068576,6,6,3.1812080536912752
2022_02_CHI_GB,2022-09-18T20:20-04:00,2022,2,GB,CHI,17.0,0.7687564500113763,0.22548539259898837,0.005758157389635317,GB,0.7687564500113763,1,8.942582753185707,0.767873487733555,0.2263683548768096,0.005758157389635317,GB,0.767873487733555,1,8.941347639322926,0.5302013422818792,0.46404602109300097,0.005752636625119847,GB,0.5302013422818792,1,16,16,12.30010320018202,16,16,12.28597580373688,4,4,2.120805369127517
2022_02_TEN_BUF,2022-09-19T19:15-04:00,2022,2,BUF,TEN,34.0,0.7082169594663349,0.2860248831440297,0.005758157389635317,BUF,0.7082169594663349,1,6.610568292038397,0.7375782380262106,0.25666360458415416,0.005758157389635317,BUF,0.7375782380262106,1,7.727251021112587,0.5302013422818792,0.46404602109300097,0.005752636625119847,BUF,0.5302013422818792,1,13,13,9.206820473062354,15,15,11.063673570393158,15,15,7.953020134228188
2022_02_MIN_PHI,2022-09-19T20:30-04:00,2022,2,PHI,MIN,17.0,0.5217565654160131,0.47248527719435157,0.005758157389635317,PHI,0.5217565654160131,1,0.7232301542189448,0.5059500184204817,0.4882918241898829,0.005758157389635317,PHI,0.5059500184204817,1,0.26004777477846375,0.5302013422818792,0.46404602109300097,0.005752636625119847,PHI,0.5302013422818792,1,5,5,2.6087828270800655,1,1,0.5059500184204817,10,10,5.302013422818792
2022_03_PIT_CLE,2022-09-22T20:15-04:00,2022,3,CLE,PIT,12.0,0.4993844943457315,0.49485734826463307,0.005758157389635317,CLE,0.4993844943457315,1,0.06639788054551488,0.5151401759485509,0.47910166666181386,0.005758157389635317,CLE,0.5151401759485509,1,0.5309068269663141,0.5302013422818792,0.46404602109300097,0.005752636625119847,CLE,0.5302013422818792,1,2,2,0.998768988691463,1,1,0.5151401759485509,15,15,7.953020134228188
2022_03_BAL_NE,2022-09-25T13:00-04:00,2022,3,NE,BAL,-11.0,0.602776403262746,0.3914654393476187,0.005758157389635317,NE,0.602776403262746,0,3.147165443574846,0.5735832091531475,0.42065863345721705,0.005758157389635317,NE,0.5735832091531475,0,2.269859002621374,0.5302013422818792,0.46404602109300097,0.005752636625119847,NE,0.5302013422818792,0,7,0,4.219434822839221,6,0,3.4414992549188854,2,0,1.0604026845637584
2022_03_BUF_MIA,2022-09-25T13:00-04:00,2022,3,MIA,BUF,2.0,0.31149097422069316,0.6827508683896715,0.005758157389635317,BUF,0.6827508683896715,0,-5.721704480802192,0.2976721462476113,0.6965696963627535,0.005758157389635317,BUF,0.6965696963627535,0,-6.223456123716964,0.5302013422818792,0.46404602109300097,0.005752636625119847,MIA,0.5302013422818792,1,16,0,10.924013894234744,16,0,11.145115141804055,3,3,1.5906040268456376
2022_03_CIN_NYJ,2022-09-25T13:00-04:00,2022,3,NYJ,CIN,-15.0,0.3659465228640681,0.6282953197462965,0.005758157389635317,CIN,0.6282953197462965,1,-3.940968888523244,0.33715275905773673,0.6570890835526281,0.005758157389635317,CIN,0.6570890835526281,1,-4.884651653039096,0.5302013422818792,0.46404602109300097,0.005752636625119847,NYJ,0.5302013422818792,0,11,11,6.911248517209262,14,14,9.199247169736793,4,0,2.120805369127517
2022_03_DET_MIN,2022-09-25T13:00-04:00,2022,3,MIN,DET,4.0,0.6432101335269981,0.3510317090833665,0.005758157389635317,MIN,0.6432101335269981,1,4.415409285991235,0.6417127770127853,0.35252906559757935,0.005758157389635317,MIN,0.6417127770127853,1,4.384859257457767,0.5302013422818792,0.46404602109300097,0.005752636625119847,MIN,0.5302013422818792,1,13,13,8.361731735850976,12,12,7.700553324153423,6,6,3.1812080536912752
2022_03_HOU_CHI,2022-09-25T13:00-04:00,2022,3,CHI,HOU,3.0,0.556657870217748,0.4375839723926167,0.005758157389635317,CHI,0.556657870217748,1,1.7548205140223065,0.5511564597671302,0.4430853828432345,0.005758157389635317,CHI,0.5511564597671302,1,1.5976803122313443,0.5302013422818792,0.46404602109300097,0.005752636625119847,CHI,0.5302013422818792,1,5,5,2.78328935108874,5,5,2.7557822988356513,8,8,4.241610738255034
2022_03_KC_IND,2022-09-25T13:00-04:00,2022,3,IND,KC,3.0,0.3156958830834241,0.6785459595269404,0.005758157389635317,KC,0.6785459595269404,0,-5.578896502368486,0.33561284741468395,0.6586289951956806,0.005758157389635317,KC,0.6586289951956806,0,-4.935297635378139,0.5302013422818792,0.46404602109300097,0.005752636625119847,IND,0.5302013422818792,1,15,0,10.178189392904105,15,0,9.87943492793521,10,10,5.302013422818792
2022_03_LV_TEN,2022-09-25T13:00-04:00,2022,3,TEN,LV,2.0,0.6310137117752223,0.3632281308351423,0.005758157389635317,TEN,0.6310137117752223,1,4.026809045438323,0.6094759023877365,0.38476594022262806,0.005758157389635317,TEN,0.6094759023877365,1,3.3670321485131054,0.5302013422818792,0.46404602109300097,0.005752636625119847,TEN,0.5302013422818792,1,12,12,7.5721645413026675,9,9,5.485283121489629,12,12,6.3624161073825505
2022_03_NO_CAR,2022-09-25T13:00-04:00,2022,3,CAR,NO,8.0,0.5080379723723424,0.4862038702380222,0.005758157389635317,CAR,0.5080379723723424,1,0.3202815149006637,0.5162008788902825,0.4780409637200821,0.005758157389635317,CAR,0.5162008788902825,1,0.5621885181429209,0.5302013422818792,0.46404602109300097,0.005752636625119847,CAR,0.5302013422818792,1,3,3,1.524113917117027,2,2,1.032401757780565,13,13,6.89261744966443
2022_03_PHI_WAS,2022-09-25T13:00-04:00,2022,3,WAS,PHI,-16.0,0.40801722441057287,0.5862246181997917,0.005758157389635317,PHI,0.5862246181997917,1,-2.642222015746688,0.4189848996160544,0.5752569429943102,0.005758157389635317,PHI,0.5752569429943102,1,-2.3203725137718316,0.5302013422818792,0.46404602109300097,0.005752636625119847,WAS,0.5302013422818792,0,6,6,3.51734770919875,7,7,4.026798600960172,14,0,7.422818791946309
2022_03_JAX_LAC,2022-09-25T16:05-04:00,2022,3,LAC,JAX,-28.0,0.6482726550125842,0.3459691875977803,0.005758157389635317,LAC,0.6482726550125842,0,4.578485805988599,0.6428539848407698,0.3513878577695949,0.005758157389635317,LAC,0.6428539848407698,0,4.4216012066429276,0.5302013422818792,0.46404602109300097,0.005752636625119847,LAC,0.5302013422818792,0,14,0,9.07581717017618,13,0,8.357101802930007,9,0,4.771812080536913
2022_03_ATL_SEA,2022-09-25T16:25-04:00,2022,3,SEA,ATL,-4.0,0.6251258201496355,0.3691160224607292,0.005758157389635317,SEA,0.6251258201496355,0,3.841219048991526,0.6223586762193087,0.37188316639105595,0.005758157389635317,SEA,0.6223586762193087,0,3.7694430564858097,0.5302013422818792,0.46404602109300097,0.005752636625119847,SEA,0.5302013422818792,0,10,0,6.251258201496355,11,0,6.8459454384123966,1,0,0.5302013422818792
2022_03_GB_TB,2022-09-25T16:25-04:00,2022,3,TB,GB,-2.0,0.6054411430038689,0.3888006996064958,0.005758157389635317,TB,0.6054411430038689,0,3.229126769900092,0.6145149816983907,0.379726860911974,0.005758157389635317,TB,0.6145149816983907,0,3.523808183331447,0.5302013422818792,0.46404602109300097,0.005752636625119847,TB,0.5302013422818792,0,8,0,4.843529144030951,10,0,6.145149816983907,7,0,3.7114093959731544
2022_03_LA_ARI,2022-09-25T16:25-04:00,2022,3,ARI,LAR,-8.0,0.49488761573548556,0.499354226874879,0.005758157389635317,LAR,0.499354226874879,1,-0.06551002620987822,0.45004721664996045,0.5441946259604042,0.005758157389635317,LAR,0.5441946259604042,1,-1.3905054351065451,0.5302013422818792,0.46404602109300097,0.005752636625119847,ARI,0.5302013422818792,0,1,1,0.499354226874879,3,3,1.6325838778812127,11,0,5.832214765100671
2022_03_SF_DEN,2022-09-25T20:20-04:00,2022,3,DEN,SF,1.0,0.43982203567136136,0.5544198069390033,0.005758157389635317,SF,0.5544198069390033,0,-1.6882519948294687,0.4433129036874372,0.5509289389229275,0.005758157389635317,SF,0.5509289389229275,0,-1.5908999594146844,0.5302013422818792,0.46404602109300097,0.005752636625119847,DEN,0.5302013422818792,1,4,0,2.217679227756013,4,0,2.20371575569171,16,16,8.483221476510067
2022_03_DAL_NYG,2022-09-26T20:15-04:00,2022,3,NYG,DAL,-7.0,0.3811213136044941,0.6131205290058706,0.005758157389635317,DAL,0.6131205290058706,1,-3.466473949035425,0.3977990260237951,0.5964428165865695,0.005758157389635317,DAL,0.5964428165865695,1,-2.964949737053362,0.5302013422818792,0.46404602109300097,0.005752636625119847,NYG,0.5302013422818792,0,9,9,5.518084761052835,8,8,4.771542532692556,5,0,2.651006711409396
2022_04_MIA_CIN,2022-09-29T20:15-04:00,2022,4,CIN,MIA,12.0,0.5674425301596289,0.4267993124507359,0.005758157389635317,CIN,0.5674425301596289,1,2.076671097758626,0.6438648915469951,0.3503769510633695,0.005758157389635317,CIN,0.6438648915469951,1,4.454193228002318,0.5302013422818792,0.46404602109300097,0.005752636625119847,CIN,0.5302013422818792,1,8,8,4.539540241277031,11,11,7.082513807016946,10,10,5.302013422818792
2022_04_MIN_NO,2022-10-02T09:30-04:00,2022,4,NO,MIN,-3.0,0.38380661104358454,0.6104352315667801,0.005758157389635317,MIN,0.6104352315667801,1,-3.3832802839940825,0.38063564129401606,0.6136062013163486,0.005758157389635317,MIN,0.6136062013163486,1,-3.495476496097107,0.5302013422818792,0.46404602109300097,0.005752636625119847,NO,0.5302013422818792,0,10,10,6.104352315667802,9,9,5.522455811847137,11,0,5.832214765100671
2022_04_BUF_BAL,2022-10-02T13:00-04:00,2022,4,BAL,BUF,-3.0,0.35415837087497515,0.6400834717353894,0.005758157389635317,BUF,0.6400834717353894,1,-4.315226847435722,0.33324896389237757,0.6609928787179871,0.005758157389635317,BUF,0.6609928787179871,1,-5.0132657036233645,0.5302013422818792,0.46404602109300097,0.005752636625119847,BAL,0.5302013422818792,0,12,12,7.6810016608246725,12,12,7.931914544615845,2,0,1.0604026845637584
2022_04_CHI_NYG,2022-10-02T13:00-04:00,2022,4,NYG,CHI,8.0,0.5819998610368311,0.4122419815735336,0.005758157389635317,NYG,0.5819998610368311,1,2.5143816077873935,0.5859763069868811,0.40826553562348367,0.005758157389635317,NYG,0.5859763069868811,1,2.6452406598632474,0.5302013422818792,0.46404602109300097,0.005752636625119847,NYG,0.5302013422818792,1,9,9,5.23799874933148,8,8,4.687810455895049,3,3,1.5906040268456376
2022_04_CLE_ATL,2022-10-02T13:00-04:00,2022,4,ATL,CLE,3.0,0.4910345064252326,0.5032073361851319,0.005758157389635317,CLE,0.5032073361851319,0,-0.17854181963868,0.4910485383156706,0.5031933042946941,0.005758157389635317,CLE,0.5031933042946941,0,-0.1788429951815927,0.5302013422818792,0.46404602109300097,0.005752636625119847,ATL,0.5302013422818792,1,1,0,0.5032073361851319,1,0,0.5031933042946941,4,4,2.120805369127517
2022_04_JAX_PHI,2022-10-02T13:00-04:00,2022,4,PHI,JAX,8.0,0.6891595884282273,0.30508225418213725,0.005758157389635317,PHI,0.6891595884282273,1,5.941396062623669,0.6787654782846718,0.31547636432569287,0.005758157389635317,PHI,0.6787654782846718,1,5.608681594245523,0.5302013422818792,0.46404602109300097,0.005752636625119847,PHI,0.5302013422818792,1,13,13,8.959074649566956,13,13,8.823951217700733,6,6,3.1812080536912752
2022_04_LAC_HOU,2022-10-02T13:00-04:00,2022,4,HOU,LAC,-10.0,0.3655933919628194,0.6286484506475453,0.005758157389635317,LAC,0.6286484506475453,1,-3.9521047199085615,0.36695422578822806,0.6272876168221366,0.005758157389635317,LAC,0.6272876168221366,1,-3.9248597801545717,0.5302013422818792,0.46404602109300097,0.005752636625119847,HOU,0.5302013422818792,0,11,11,6.915132957122998,10,10,6.272876168221366,8,0,4.241610738255034
2022_04_NYJ_PIT,2022-10-02T13:00-04:00,2022,4,PIT,NYJ,-4.0,0.7236319278610608,0.2706099147493039,0.005758157389635317,PIT,0.7236319278610608,0,7.171487799543101,0.7112276254918692,0.2830142171184954,0.005758157389635317,PIT,0.7112276254918692,0,6.745534870080192,0.5302013422818792,0.46404602109300097,0.005752636625119847,PIT,0.5302013422818792,0,16,0,11.578110845776973,15,0,10.668414382378039,13,0,6.89261744966443
2022_04_SEA_DET,2022-10-02T13:00-04:00,2022,4,DET,SEA,-3.0,0.5045602653174047,0.48968157729296,0.005758157389635317,DET,0.5045602653174047,0,0.2182346805268695,0.5102256010289514,0.48401624158141326,0.005758157389635317,DET,0.5102256010289514,0,0.38602747688975986,0.5302013422818792,0.46404602109300097,0.005752636625119847,DET,0.5302013422818792,0,2,0,1.0091205306348094,3,0,1.5306768030868543,14,0,7.422818791946309
2022_04_TEN_IND,2022-10-02T13:00-04:00,2022,4,IND,TEN,-7.0,0.53804282586247,0.45619901674789465,0.005758157389635317,IND,0.53804282586247,0,1.2030852202544355,0.5606229759206663,0.43361886668969835,0.005758157389635317,IND,0.5606229759206663,0,1.880433654951129,0.5302013422818792,0.46404602109300097,0.005752636625119847,IND,0.5302013422818792,0,5,0,2.69021412931235,7,0,3.9243608314446643,15,0,7.953020134228188
2022_04_WAS_DAL,2022-10-02T13:00-04:00,2022,4,DAL,WAS,15.0,0.7066808980487903,0.28756094456157427,0.005758157389635317,DAL,0.7066808980487903,1,6.555686707355113,0.6977838956875824,0.29645794692278227,0.005758157389635317,DAL,0.6977838956875824,1,6.266125001874549,0.5302013422818792,0.46404602109300097,0.005752636625119847,DAL,0.5302013422818792,1,15,15,10.600213470731855,14,14,9.768974539626154,16,16,8.483221476510067
2022_04_ARI_CAR,2022-10-02T16:05-04:00,2022,4,CAR,ARI,-10.0,0.43965999445583853,0.554581848154526,0.005758157389635317,ARI,0.554581848154526,1,-1.693069332699974,0.47147067893911243,0.5227711636712522,0.005758157389635317,ARI,0.5227711636712522,1,-0.75608131504955,0.5302013422818792,0.46404602109300097,0.005752636625119847,CAR,0.5302013422818792,0,7,7,3.8820729370816824,5,5,2.613855818356261,1,0,0.5302013422818792
2022_04_DEN_LV,2022-10-02T16:25-04:00,2022,4,LV,DEN,9.0,0.48503718303072507,0.5092046595796396,0.005758157389635317,DEN,0.5092046595796396,0,-0.3545223089069729,0.4807452358732636,0.5134966067371011,0.005758157389635317,DEN,0.5134966067371011,0,-0.482445017225428,0.5302013422818792,0.46404602109300097,0.005752636625119847,LV,0.5302013422818792,1,4,0,2.0368186383185582,4,0,2.0539864269484043,5,5,2.651006711409396
2022_04_NE_GB,2022-10-02T16:25-04:00,2022,4,GB,NE,3.0,0.6978576043570324,0.29638423825333227,0.005758157389635317,GB,0.6978576043570324,1,6.243732529207085,0.725572736554767,0.2686691060555978,0.005758157389635317,GB,0.725572736554767,1,7.272482713128165,0.5302013422818792,0.46404602109300097,0.005752636625119847,GB,0.5302013422818792,1,14,14,9.770006460998452,16,16,11.609163784876271,12,12,6.3624161073825505
2022_04_KC_TB,2022-10-02T20:20-04:00,2022,4,TB,KC,-10.0,0.488947546067656,0.5052942965427085,0.005758157389635317,KC,0.5052942965427085,1,-0.23977134398874822,0.5084785943908571,0.48576324821950756,0.005758157389635317,TB,0.5084785943908571,0,0.33454621722863875,0.5302013422818792,0.46404602109300097,0.005752636625119847,TB,0.5302013422818792,0,3,3,1.5158828896281256,2,0,1.0169571887817141,7,0,3.7114093959731544
2022_04_LA_SF,2022-10-03T20:15-04:00,2022,4,SF,LAR,15.0,0.5477541517928768,0.44648769081748785,0.005758157389635317,SF,0.5477541517928768,1,1.4903934301793447,0.532693218411021,0.4615486241993435,0.005758157389635317,SF,0.532693218411021,1,1.0494119023192598,0.5302013422818792,0.46404602109300097,0.005752636625119847,SF,0.5302013422818792,1,6,6,3.2865249107572607,6,6,3.1961593104661263,9,9,4.771812080536913
2022_05_IND_DEN,2022-10-06T20:15-04:00,2022,5,DEN,IND,-3.0,0.5394173545862335,0.45482448802413117,0.005758157389635317,DEN,0.5394173545862335,0,1.2436887762974895,0.5413369286188001,0.45290491399156446,0.005758157389635317,DEN,0.5413369286188001,0,1.3056293089632147,0.5302013422818792,0.46404602109300097,0.005752636625119847,DEN,0.5302013422818792,0,5,0,2.6970867729311676,4,0,2.1653477144752005,7,0,3.7114093959731544
2022_05_NYG_GB,2022-10-09T09:30-04:00,2022,5,GB,NYG,-5.0,0.7397496970643067,0.2544921455460579,0.005758157389635317,GB,0.7397496970643067,0,7.779832100697625,0.7397907649767244,0.25445107763364017,0.005758157389635317,GB,0.7397907649767244,0,7.812552896615729,0.5302013422818792,0.46404602109300097,0.005752636625119847,GB,0.5302013422818792,0,12,0,8.876996364771681,12,0,8.877489179720692,11,0,5.832214765100671
2022_05_ATL_TB,2022-10-09T13:00-04:00,2022,5,TB,ATL,6.0,0.7493934901116811,0.2448483524986837,0.005758157389635317,TB,0.7493934901116811,1,8.15592694248415,0.7506484058291154,0.24359343678124937,0.005758157389635317,TB,0.7506484058291154,1,8.238427567391206,0.5302013422818792,0.46404602109300097,0.005752636625119847,TB,0.5302013422818792,1,13,13,9.742115371451854,13,13,9.7584292757785,1,1,0.5302013422818792
2022_05_CHI_MIN,2022-10-09T13:00-04:00,2022,5,MIN,CHI,7.0,0.7497482896355105,0.24449355297485414,0.005758157389635317,MIN,0.7497482896355105,1,8.169950840554053,0.7537838056872501,0.24045803692311452,0.005758157389635317,MIN,0.7537838056872501,1,8.363773072140933,0.5302013422818792,0.46404602109300097,0.005752636625119847,MIN,0.5302013422818792,1,14,14,10.496476054897148,14,14,10.5529732796215,2,2,1.0604026845637584
2022_05_DET_NE,2022-10-09T13:00-04:00,2022,5,NE,DET,29.0,0.590755473463783,0.40348636914658165,0.005758157389635317,NE,0.590755473463783,1,2.7797733941386302,0.5589396471708644,0.43530219543950005,0.005758157389635317,NE,0.5589396471708644,1,1.830058554482978,0.5302013422818792,0.46404602109300097,0.005752636625119847,NE,0.5302013422818792,1,7,7,4.1352883142464805,7,7,3.912577530196051,5,5,2.651006711409396
2022_05_HOU_JAX,2022-10-09T13:00-04:00,2022,5,JAX,HOU,-7.0,0.6578863056717883,0.3363555369385762,0.005758157389635317,JAX,0.6578863056717883,0,4.891283497364087,0.6550301099391204,0.3392117326712443,0.005758157389635317,JAX,0.6550301099391204,0,4.817109803273299,0.5302013422818792,0.46404602109300097,0.005752636625119847,JAX,0.5302013422818792,0,9,0,5.920976751046094,9,0,5.895270989452083,6,0,3.1812080536912752
2022_05_LAC_CLE,2022-10-09T13:00-04:00,2022,5,CLE,LAC,-2.0,0.49775440619088546,0.4964874364194792,0.005758157389635317,CLE,0.49775440619088546,0,0.018582031632278895,0.49796321056312876,0.4962786320472359,0.005758157389635317,CLE,0.49796321056312876,0,0.024805778169655568,0.5302013422818792,0.46404602109300097,0.005752636625119847,CLE,0.5302013422818792,0,1,0,0.49775440619088546,1,0,0.49796321056312876,8,0,4.241610738255034
2022_05_MIA_NYJ,2022-10-09T13:00-04:00,2022,5,NYJ,MIA,23.0,0.33415191039213993,0.6600899322182248,0.005758157389635317,MIA,0.6600899322182248,0,-4.963588568457252,0.3327462358424168,0.6614956067679477,0.005758157389635317,MIA,0.6614956067679477,0,-5.029882428602727,0.5302013422818792,0.46404602109300097,0.005752636625119847,NYJ,0.5302013422818792,1,10,0,6.600899322182247,10,0,6.614956067679477,10,10,5.302013422818792
2022_05_PIT_BUF,2022-10-09T13:00-04:00,2022,5,BUF,PIT,35.0,0.8528949657939886,0.14134687681637592,0.005758157389635317,BUF,0.8528949657939886,1,13.10503473356366,0.8645141548307481,0.12972768777961646,0.005758157389635317,BUF,0.8645141548307481,1,13.884452762337364,0.5302013422818792,0.46404602109300097,0.005752636625119847,BUF,0.5302013422818792,1,16,16,13.646319452703818,16,16,13.83222647729197,13,13,6.89261744966443
2022_05_SEA_NO,2022-10-09T13:00-04:00,2022,5,NO,SEA,7.0,0.44677170181361603,0.5474701407967485,0.005758157389635317,SEA,0.5474701407967485,0,-1.4819756945262024,0.4458186744904998,0.5484231681198649,0.005758157389635317,SEA,0.5484231681198649,0,-1.5162697398157072,0.5302013422818792,0.46404602109300097,0.005752636625119847,NO,0.5302013422818792,1,6,0,3.2848208447804907,5,0,2.7421158405993245,14,14,7.422818791946309
2022_05_TEN_WAS,2022-10-09T13:00-04:00,2022,5,WAS,TEN,-4.0,0.37761354255128676,0.6166283000590779,0.005758157389635317,TEN,0.6166283000590779,1,-3.5754843468610753,0.3948269397928256,0.5994149028175391,0.005758157389635317,TEN,0.5994149028175391,1,-3.0562328475751315,0.5302013422818792,0.46404602109300097,0.005752636625119847,WAS,0.5302013422818792,0,8,8,4.933026400472623,8,8,4.7953192225403125,16,0,8.483221476510067
2022_05_SF_CAR,2022-10-09T16:05-04:00,2022,5,CAR,SF,-22.0,0.296482336998899,0.6977595056114656,0.005758157389635317,SF,0.6977595056114656,1,-6.24029472625044,0.300535740522455,0.6937061020879096,0.005758157389635317,SF,0.6937061020879096,1,-6.1232172580774265,0.5302013422818792,0.46404602109300097,0.005752636625119847,CAR,0.5302013422818792,0,11,11,7.675354561726122,11,11,7.630767122967006,15,0,7.953020134228188
2022_05_DAL_LA,2022-10-09T16:25-04:00,2022,5,LAR,DAL,-12.0,0.5260148004122438,0.4682270421981209,0.005758157389635317,LAR,0.5260148004122438,0,0.8485009214392312,0.5487804787282543,0.44546136388211044,0.005758157389635317,LAR,0.5487804787282543,0,1.5269067544980461,0.5302013422818792,0.46404602109300097,0.005752636625119847,LAR,0.5302013422818792,0,3,0,1.5780444012367314,6,0,3.292682872369526,4,0,2.120805369127517
2022_05_PHI_ARI,2022-10-09T16:25-04:00,2022,5,ARI,PHI,-3.0,0.4893594247150053,0.5048824178953594,0.005758157389635317,PHI,0.5048824178953594,1,-0.22768659660136553,0.47406091680440615,0.5201809258059585,0.005758157389635317,PHI,0.5201809258059585,1,-0.6796140620588532,0.5302013422818792,0.46404602109300097,0.005752636625119847,ARI,0.5302013422818792,0,2,2,1.0097648357907187,3,3,1.5605427774178757,12,0,6.3624161073825505
2022_05_CIN_BAL,2022-10-09T20:20-04:00,2022,5,BAL,CIN,2.0,0.5267784299572448,0.4674634126531198,0.005758157389635317,BAL,0.5267784299572448,1,0.8709784367593171,0.4956286372848845,0.49861320532548015,0.005758157389635317,CIN,0.49861320532548015,0,-0.04394849131841094,0.5302013422818792,0.46404602109300097,0.005752636625119847,BAL,0.5302013422818792,1,4,4,2.107113719828979,2,0,0.9972264106509603,3,3,1.5906040268456376
2022_05_LV_KC,2022-10-10T20:15-04:00,2022,5,KC,LV,1.0,0.7957244616251964,0.19851738098516827,0.005758157389635317,KC,0.7957244616251964,1,10.12269015013133,0.7882429512749752,0.20599889133538943,0.005758157389635317,KC,0.7882429512749752,1,9.823243003273046,0.5302013422818792,0.46404602109300097,0.005752636625119847,KC,0.5302013422818792,1,15,15,11.935866924377946,15,15,11.823644269124628,9,9,4.771812080536913
2022_06_WAS_CHI,2022-10-13T20:15-04:00,2022,6,CHI,WAS,-5.0,0.509450996186424,0.4847908464239406,0.005758157389635317,CHI,0.509450996186424,0,0.3617524638865901,0.5062383614369629,0.4880034811734018,0.005758157389635317,CHI,0.5062383614369629,0,0.26854235950524696,0.5302013422818792,0.46404602109300097,0.005752636625119847,CHI,0.5302013422818792,0,3,0,1.528352988559272,1,0,0.5062383614369629,14,0,7.422818791946309
2022_06_BAL_NYG,2022-10-16T13:00-04:00,2022,6,NYG,BAL,4.0,0.4037789116045694,0.5904629310057952,0.005758157389635317,BAL,0.5904629310057952,0,-2.7708776308773935,0.4089140722688479,0.5853277703415168,0.005758157389635317,BAL,0.5853277703415168,0,-2.6255154029695618,0.5302013422818792,0.46404602109300097,0.005752636625119847,NYG,0.5302013422818792,1,7,0,4.133240517040566,6,0,3.5119666220491013,2,2,1.0604026845637584
2022_06_CIN_NO,2022-10-16T13:00-04:00,2022,6,NO,CIN,-4.0,0.4087450379953402,0.5854968046150244,0.005758157389635317,CIN,0.5854968046150244,1,-2.620170370876668,0.3849835817976499,0.6092582608127147,0.005758157389635317,CIN,0.6092582608127147,1,-3.3602781850527377,0.5302013422818792,0.46404602109300097,0.005752636625119847,NO,0.5302013422818792,0,6,6,3.5129808276901464,8,8,4.874066086501718,5,0,2.651006711409396
2022_06_JAX_IND,2022-10-16T13:00-04:00,2022,6,IND,JAX,7.0,0.640030650477964,0.3542111921324006,0.005758157389635317,IND,0.640030650477964,1,4.313537803563251,0.6402927647440653,0.3539490778662995,0.005758157389635317,IND,0.6402927647440653,1,4.3392157348117015,0.5302013422818792,0.46404602109300097,0.005752636625119847,IND,0.5302013422818792,1,10,10,6.400306504779641,10,10,6.402927647440652,8,8,4.241610738255034
2022_06_MIN_MIA,2022-10-16T13:00-04:00,2022,6,MIA,MIN,-8.0,0.4378314024616665,0.5564104401486981,0.005758157389635317,MIN,0.5564104401486981,1,-1.7474574721010945,0.4344963326928546,0.5597455099175099,0.005758157389635317,MIN,0.5597455099175099,1,-1.8541692583602383,0.5302013422818792,0.46404602109300097,0.005752636625119847,MIA,0.5302013422818792,0,5,5,2.7820522007434905,5,5,2.7987275495875497,9,0,4.771812080536913
2022_06_NE_CLE,2022-10-16T13:00-04:00,2022,6,CLE,NE,-23.0,0.5058819709846015,0.48835987162576305,0.005758157389635317,CLE,0.5058819709846015,0,0.25701461152041893,0.5337958431903924,0.4604459994199723,0.005758157389635317,CLE,0.5337958431903924,0,1.082057031225037,0.5302013422818792,0.46404602109300097,0.005752636625119847,CLE,0.5302013422818792,0,1,0,0.5058819709846015,3,0,1.6013875295711772,10,0,5.302013422818792
2022_06_NYJ_GB,2022-10-16T13:00-04:00,2022,6,GB,NYJ,-17.0,0.7799354399356029,0.21430640267476173,0.005758157389635317,GB,0.7799354399356029,0,9.418581414238325,0.7812704344595356,0.21297140815082904,0.005758157389635317,GB,0.7812704344595356,0,9.514534343661957,0.5302013422818792,0.46404602109300097,0.005752636625119847,GB,0.5302013422818792,0,14,0,10.91909615909844,14,0,10.937786082433497,11,0,5.832214765100671
2022_06_SF_ATL,2022-10-16T13:00-04:00,2022,6,ATL,SF,14.0,0.3030066769078509,0.6912351657025138,0.005758157389635317,SF,0.6912351657025138,0,-6.013094642682459,0.3067826368880735,0.6874592057222911,0.005758157389635317,SF,0.6874592057222911,0,-5.9064024145577685,0.5302013422818792,0.46404602109300097,0.005752636625119847,ATL,0.5302013422818792,1,11,0,7.603586822727651,11,0,7.562051262945203,12,12,6.3624161073825505
2022_06_TB_PIT,2022-10-16T13:00-04:00,2022,6,PIT,TB,2.0,0.26401243328269813,0.7302294093276667,0.005758157389635317,TB,0.7302294093276667,0,-7.4176184951124675,0.25138381653016834,0.7428580260801964,0.005758157389635317,TB,0.7428580260801964,0,-7.931617604777983,0.5302013422818792,0.46404602109300097,0.005752636625119847,PIT,0.5302013422818792,1,12,0,8.762752911932001,12,0,8.914296312962357,13,13,6.89261744966443
2022_06_ARI_SEA,2022-10-16T16:05-04:00,2022,6,SEA,ARI,10.0,0.5072058375208142,0.4870360050895506,0.005758157389635317,SEA,0.5072058375208142,1,0.295861588882908,0.5294347448307619,0.4648070977796027,0.005758157389635317,SEA,0.5294347448307619,1,0.9529987206111997,0.5302013422818792,0.46404602109300097,0.005752636625119847,SEA,0.5302013422818792,1,2,2,1.0144116750416283,2,2,1.0588694896615238,1,1,0.5302013422818792
2022_06_CAR_LA,2022-10-16T16:05-04:00,2022,6,LAR,CAR,14.0,0.7616569347246558,0.23258490788570874,0.005758157389635317,LAR,0.7616569347246558,1,8.648915130090433,0.7696183383998658,0.2246235042104988,0.005758157389635317,LAR,0.7696183383998658,1,9.014605412676406,0.5302013422818792,0.46404602109300097,0.005752636625119847,LAR,0.5302013422818792,1,13,13,9.901540151420525,13,13,10.005038399198256,4,4,2.120805369127517
2022_06_BUF_KC,2022-10-16T16:25-04:00,2022,6,KC,BUF,-4.0,0.48061107521331836,0.5136307673970463,0.005758157389635317,BUF,0.5136307673970463,1,-0.48446172825339984,0.4546907336610765,0.5395511089492881,0.005758157389635317,BUF,0.5395511089492881,1,-1.2526336589843012,0.5302013422818792,0.46404602109300097,0.005752636625119847,KC,0.5302013422818792,0,4,4,2.054523069588185,4,4,2.1582044357971526,3,0,1.5906040268456376
2022_06_DAL_PHI,2022-10-16T20:20-04:00,2022,6,PHI,DAL,9.0,0.5941298338450942,0.4001120087652704,0.005758157389635317,PHI,0.5941298338450942,1,2.882532157336732,0.5913143488850623,0.4029274937253023,0.005758157389635317,PHI,0.5913143488850623,1,2.8079656476680315,0.5302013422818792,0.46404602109300097,0.005752636625119847,PHI,0.5302013422818792,1,8,8,4.753038670760754,7,7,4.1392004421954365,6,6,3.1812080536912752
2022_06_DEN_LAC,2022-10-17T20:15-04:00,2022,6,LAC,DEN,3.0,0.6313412950997731,0.36290054751059153,0.005758157389635317,LAC,0.6313412950997731,1,4.037171615677993,0.6286075327497173,0.3656343098606475,0.005758157389635317,LAC,0.6286075327497173,1,3.966624384838195,0.5302013422818792,0.46404602109300097,0.005752636625119847,LAC,0.5302013422818792,1,9,9,5.682071655897958,9,9,5.657467794747455,7,7,3.7114093959731544
2022_07_NO_ARI,2022-10-20T20:15-04:00,2022,7,ARI,NO,8.0,0.6241285939618987,0.37011324864846584,0.005758157389635317,ARI,0.6241285939618987,1,3.809907496449762,0.6067929282830012,0.38744891432736334,0.005758157389635317,ARI,0.6067929282830012,1,3.2838700680390587,0.5302013422818792,0.46404602109300097,0.005752636625119847,ARI,0.5302013422818792,1,6,6,3.7447715637713923,6,6,3.6407575696980077,9,9,4.771812080536913
2022_07_ATL_CIN,2022-10-23T13:00-04:00,2022,7,CIN,ATL,18.0,0.6637371295899671,0.33050471302039747,0.005758157389635317,CIN,0.6637371295899671,1,5.083780335238314,0.6782187852000857,0.3160230574102788,0.005758157389635317,CIN,0.6782187852000857,1,5.59010906100912,0.5302013422818792,0.46404602109300097,0.005752636625119847,CIN,0.5302013422818792,1,9,9,5.973634166309704,9,9,6.103969066800771,1,1,0.5302013422818792
2022_07_CLE_BAL,2022-10-23T13:00-04:00,2022,7,BAL,CLE,3.0,0.7043580701788793,0.2898837724314854,0.005758157389635317,BAL,0.7043580701788793,1,6.473023898264856,0.6961234667687176,0.29811837584164713,0.005758157389635317,BAL,0.6961234667687176,1,6.207799985457246,0.5302013422818792,0.46404602109300097,0.005752636625119847,BAL,0.5302013422818792,1,11,11,7.7479387719676724,10,10,6.961234667687176,3,3,1.5906040268456376
2022_07_DET_DAL,2022-10-23T13:00-04:00,2022,7,DAL,DET,18.0,0.7751283930139302,0.21911344959643442,0.005758157389635317,DAL,0.7751283930139302,1,9.211769123816993,0.7633018182835909,0.23094002432677382,0.005758157389635317,DAL,0.7633018182835909,1,8.751271573336286,0.5302013422818792,0.46404602109300097,0.005752636625119847,DAL,0.5302013422818792,1,12,12,9.301540716167162,12,12,9.15962181940309,4,4,2.120805369127517
2022_07_GB_WAS,2022-10-23T13:00-04:00,2022,7,WAS,GB,2.0,0.35162351713301215,0.6426183254773523,0.005758157389635317,GB,0.6426183254773523,0,-4.396416161881948,0.3519230147796599,0.6423188278307048,0.005758157389635317,GB,0.6423188278307048,0,-4.404364762682101,0.5302013422818792,0.46404602109300097,0.005752636625119847,WAS,0.5302013422818792,1,8,0,5.1409466038188185,7,0,4.496231794814934,5,5,2.651006711409396
2022_07_IND_TEN,2022-10-23T13:00-04:00,2022,7,TEN,IND,9.0,0.5927891906137321,0.4014526519966325,0.005758157389635317,TEN,0.5927891906137321,1,2.841672505796706,0.5720005181880377,0.42224132442232704,0.005758157389635317,TEN,0.5720005181880377,1,2.2221424656574555,0.5302013422818792,0.46404602109300097,0.005752636625119847,TEN,0.5302013422818792,1,5,5,2.9639459530686607,4,4,2.2880020727521506,7,7,3.7114093959731544
2022_07_NYG_JAX,2022-10-23T13:00-04:00,2022,7,JAX,NYG,-6.0,0.4964687785174511,0.49777306409291355,0.005758157389635317,NYG,0.49777306409291355,1,-0.019129325065125713,0.5007005783063492,0.4935412643040155,0.005758157389635317,JAX,0.5007005783063492,0,0.10542414789331966,0.5302013422818792,0.46404602109300097,0.005752636625119847,JAX,0.5302013422818792,0,1,1,0.49777306409291355,1,0,0.5007005783063492,10,0,5.302013422818792
2022_07_TB_CAR,2022-10-23T13:00-04:00,2022,7,CAR,TB,18.0,0.1862469578789924,0.8079948847313722,0.005758157389635317,TB,0.8079948847313722,0,-10.699453383636582,0.18551115955807415,0.8087306830522905,0.005758157389635317,TB,0.8087306830522905,0,-10.777910068675768,0.5302013422818792,0.46404602109300097,0.005752636625119847,CAR,0.5302013422818792,1,14,0,11.31192838623921,14,0,11.322229562732065,14,14,7.422818791946309
2022_07_HOU_LV,2022-10-23T16:05-04:00,2022,7,LV,HOU,18.0,0.7032557592333475,0.2909860833770172,0.005758157389635317,LV,0.7032557592333475,1,6.433932345118185,0.7001034327442489,0.29413840986611567,0.005758157389635317,LV,0.7001034327442489,1,6.347917848382702,0.5302013422818792,0.46404602109300097,0.005752636625119847,LV,0.5302013422818792,1,10,10,7.032557592333475,11,11,7.701137760186738,6,6,3.1812080536912752
2022_07_NYJ_DEN,2022-10-23T16:05-04:00,2022,7,DEN,NYJ,-7.0,0.4746287203416223,0.5196131222687425,0.005758157389635317,NYJ,0.5196131222687425,1,-0.6602148209683498,0.4810620815056789,0.5131797611046857,0.005758157389635317,NYJ,0.5131797611046857,1,-0.47310384566751407,0.5302013422818792,0.46404602109300097,0.005752636625119847,DEN,0.5302013422818792,0,2,2,1.039226244537485,2,2,1.0263595222093713,11,0,5.832214765100671
2022_07_KC_SF,2022-10-23T16:25-04:00,2022,7,SF,KC,-21.0,0.46856127232865646,0.5256805702817081,0.005758157389635317,KC,0.5256805702817081,1,-0.8386640960243776,0.4714709818118173,0.5227708607985474,0.005758157389635317,KC,0.5227708607985474,1,-0.7560723715174635,0.5302013422818792,0.46404602109300097,0.005752636625119847,SF,0.5302013422818792,0,3,3,1.5770417108451245,3,3,1.568312582395642,8,0,4.241610738255034
2022_07_SEA_LAC,2022-10-23T16:25-04:00,2022,7,LAC,SEA,-14.0,0.5803424824472804,0.4138993601630842,0.005758157389635317,LAC,0.5803424824472804,0,2.4643350113298244,0.5830636974570662,0.41117814515329837,0.005758157389635317,LAC,0.5830636974570662,0,2.55672696313498,0.5302013422818792,0.46404602109300097,0.005752636625119847,LAC,0.5302013422818792,0,4,0,2.3213699297891215,5,0,2.9153184872853313,13,0,6.89261744966443
2022_07_PIT_MIA,2022-10-23T20:20-04:00,2022,7,MIA,PIT,6.0,0.6374004380466164,0.3568414045637482,0.005758157389635317,MIA,0.6374004380466164,1,4.229573655590298,0.6483790025918887,0.3458628400184759,0.005758157389635317,MIA,0.6483790025918887,1,4.600259092529122,0.5302013422818792,0.46404602109300097,0.005752636625119847,MIA,0.5302013422818792,1,7,7,4.461803066326315,8,8,5.18703202073511,12,12,6.3624161073825505
2022_07_CHI_NE,2022-10-24T20:15-04:00,2022,7,NE,CHI,-19.0,0.782183033071507,0.21205880953885764,0.005758157389635317,NE,0.782183033071507,0,9.516432571446257,0.7691432133470222,0.2250986292633425,0.005758157389635317,NE,0.7691432133470222,0,8.994617487204177,0.5302013422818792,0.46404602109300097,0.005752636625119847,NE,0.5302013422818792,0,13,0,10.168379429929592,13,0,9.998861773511289,2,0,1.0604026845637584
2022_08_BAL_TB,2022-10-27T20:15-04:00,2022,8,TB,BAL,-5.0,0.5503835330691872,0.4438583095411774,0.005758157389635317,TB,0.5503835330691872,0,1.568372814623115,0.5601757991637004,0.4340660434466641,0.005758157389635317,TB,0.5601757991637004,0,1.867047223688103,0.5302013422818792,0.46404602109300097,0.005752636625119847,TB,0.5302013422818792,0,4,0,2.2015341322767488,5,0,2.8008789958185023,2,0,1.0604026845637584
2022_08_DEN_JAX,2022-10-30T09:30-04:00,2022,8,JAX,DEN,-4.0,0.40003684388844746,0.5942049987219172,0.005758157389635317,DEN,0.5942049987219172,1,-2.8848243235790476,0.3969640284296333,0.5972778141807313,0.005758157389635317,DEN,0.5972778141807313,1,-2.9905721619854546,0.5302013422818792,0.46404602109300097,0.005752636625119847,JAX,0.5302013422818792,0,8,8,4.753639989775338,9,9,5.3755003276265825,6,0,3.1812080536912752
2022_08_ARI_MIN,2022-10-30T13:00-04:00,2022,8,MIN,ARI,8.0,0.5630596377810505,0.43118220482931413,0.005758157389635317,MIN,0.5630596377810505,1,1.9456457452436313,0.5818744342403749,0.4123674083699897,0.005758157389635317,MIN,0.5818744342403749,1,2.5206389486019534,0.5302013422818792,0.46404602109300097,0.005752636625119847,MIN,0.5302013422818792,1,6,6,3.378357826686303,7,7,4.073121039682624,1,1,0.5302013422818792
2022_08_CAR_ATL,2022-10-30T13:00-04:00,2022,8,ATL,CAR,3.0,0.6986915174275729,0.2955503251827917,0.005758157389635317,ATL,0.6986915174275729,1,6.272982932470864,0.6953772910665554,0.2988645515438092,0.005758157389635317,ATL,0.6953772910665554,1,6.181650017192495,0.5302013422818792,0.46404602109300097,0.005752636625119847,ATL,0.5302013422818792,1,12,12,8.384298209130874,12,12,8.344527492798665,3,3,1.5906040268456376
2022_08_CHI_DAL,2022-10-30T13:00-04:00,2022,8,DAL,CHI,20.0,0.8028194049818934,0.19142243762847116,0.005758157389635317,DAL,0.8028194049818934,1,10.452760608632644,0.7976797214038788,0.19656212120648592,0.005758157389635317,DAL,0.7976797214038788,1,10.253620353671582,0.5302013422818792,0.46404602109300097,0.005752636625119847,DAL,0.5302013422818792,1,14,14,11.239471669746507,14,14,11.167516099654303,4,4,2.120805369127517
2022_08_LV_NO,2022-10-30T13:00-04:00,2022,8,NO,LV,24.0,0.5309409818421426,0.46330086076822213,0.005758157389635317,NO,0.5309409818421426,1,0.9935791071822424,0.5311161177715926,0.4631257248387719,0.005758157389635317,NO,0.5311161177715926,1,1.0027371067658017,0.5302013422818792,0.46404602109300097,0.005752636625119847,NO,0.5302013422818792,1,2,2,1.0618819636842851,2,2,1.0622322355431852,8,8,4.241610738255034
2022_08_MIA_DET,2022-10-30T13:00-04:00,2022,8,DET,MIA,-4.0,0.3968677460014148,0.5973740966089499,0.005758157389635317,MIA,0.5973740966089499,1,-2.9815961655990835,0.39727712981496327,0.5969647127954013,0.005758157389635317,MIA,0.5969647127954013,1,-2.9809623401403993,0.5302013422818792,0.46404602109300097,0.005752636625119847,DET,0.5302013422818792,0,9,9,5.376366869480549,8,8,4.7757177023632105,9,0,4.771812080536913
2022_08_NE_NYJ,2022-10-30T13:00-04:00,2022,8,NYJ,NE,-5.0,0.44245825093402147,0.5517835916763433,0.005758157389635317,NE,0.5517835916763433,1,-1.6099304643910701,0.46195052535912534,0.5322913172512393,0.005758157389635317,NE,0.5322913172512393,1,-1.0375155249196655,0.5302013422818792,0.46404602109300097,0.005752636625119847,NYJ,0.5302013422818792,0,5,5,2.7589179583817165,3,3,1.596873951753718,10,0,5.302013422818792
2022_08_PIT_PHI,2022-10-30T13:00-04:00,2022,8,PHI,PIT,22.0,0.8052625116470672,0.18897933096329736,0.005758157389635317,PHI,0.8052625116470672,1,10.5685682992419,0.8048313237064186,0.18941051890394597,0.005758157389635317,PHI,0.8048313237064186,1,10.590257218472871,0.5302013422818792,0.46404602109300097,0.005752636625119847,PHI,0.5302013422818792,1,15,15,12.078937674706008,15,15,12.07246985559628,12,12,6.3624161073825505
2022_08_TEN_HOU,2022-10-30T16:05-04:00,2022,8,HOU,TEN,-7.0,0.4525635358826477,0.5416783067277169,0.005758157389635317,TEN,0.5416783067277169,1,-1.3105194370613709,0.46054183970407725,0.5337000029062874,0.005758157389635317,TEN,0.5337000029062874,1,-1.07921909092474,0.5302013422818792,0.46404602109300097,0.005752636625119847,HOU,0.5302013422818792,0,3,3,1.6250349201831507,4,4,2.1348000116251495,14,0,7.422818791946309
2022_08_NYG_SEA,2022-10-30T16:25-04:00,2022,8,SEA,NYG,14.0,0.6250418333575143,0.36920000925285024,0.005758157389635317,SEA,0.6250418333575143,1,3.8385806454953437,0.627137379007916,0.36710446360244864,0.005758157389635317,SEA,0.627137379007916,1,3.920109939626227,0.5302013422818792,0.46404602109300097,0.005752636625119847,SEA,0.5302013422818792,1,10,10,6.250418333575142,10,10,6.27137379007916,11,11,5.832214765100671
2022_08_SF_LA,2022-10-30T16:25-04:00,2022,8,LAR,SF,-17.0,0.5021134051303339,0.49212843748003066,0.005758157389635317,LAR,0.5021134051303339,0,0.14644952595114358,0.5176910354042232,0.47655080720614146,0.005758157389635317,LAR,0.5176910354042232,0,0.6061441613200919,0.5302013422818792,0.46404602109300097,0.005752636625119847,LAR,0.5302013422818792,0,1,0,0.5021134051303339,1,0,0.5176910354042232,13,0,6.89261744966443
2022_08_WAS_IND,2022-10-30T16:25-04:00,2022,8,IND,WAS,-1.0,0.5731131559084803,0.42112868670188436,0.005758157389635317,IND,0.5731131559084803,0,2.24669169225359,0.5748285051341422,0.41941333747622234,0.005758157389635317,IND,0.5748285051341422,0,2.307437030521016,0.5302013422818792,0.46404602109300097,0.005752636625119847,IND,0.5302013422818792,0,7,0,4.0117920913593625,6,0,3.448971030804853,15,0,7.953020134228188
2022_08_GB_BUF,2022-10-30T20:20-04:00,2022,8,BUF,GB,10.0,0.7858074750382875,0.2084343675720771,0.005758157389635317,BUF,0.7858074750382875,1,9.675832524042887,0.7968699724335824,0.19737187017678232,0.005758157389635317,BUF,0.7968699724335824,1,10.216091557087207,0.5302013422818792,0.46404602109300097,0.005752636625119847,BUF,0.5302013422818792,1,13,13,10.215497175497738,13,13,10.359309641636571,7,7,3.7114093959731544
2022_08_CIN_CLE,2022-10-31T20:15-04:00,2022,8,CLE,CIN,19.0,0.3214183987158178,0.6728234438945468,0.005758157389635317,CIN,0.6728234438945468,0,-5.386168371378181,0.3070754495814024,0.6871663930289622,0.005758157389635317,CIN,0.6871663930289622,0,-5.896300288893954,0.5302013422818792,0.46404602109300097,0.005752636625119847,CLE,0.5302013422818792,1,11,0,7.401057882840015,11,0,7.558830323318585,5,5,2.651006711409396
2022_09_PHI_HOU,2022-11-03T20:15-04:00,2022,9,HOU,PHI,-12.0,0.20503474460344748,0.7892070980069171,0.005758157389635317,PHI,0.7892070980069171,1,-9.827206693844497,0.21476653152263003,0.7794753110877345,0.005758157389635317,PHI,0.7794753110877345,1,-9.436252388905983,0.5302013422818792,0.46404602109300097,0.005752636625119847,HOU,0.5302013422818792,0,12,12,9.470485176083006,10,10,7.794753110877345,11,0,5.832214765100671
2022_09_BUF_NYJ,2022-11-06T13:00-05:00,2022,9,NYJ,BUF,3.0,0.21822306014043563,0.7760187824699292,0.005758157389635317,BUF,0.7760187824699292,0,-9.249827698646751,0.2061982048363937,0.7880436377739709,0.005758157389635317,BUF,0.7880436377739709,0,-9.814312583210405,0.5302013422818792,0.46404602109300097,0.005752636625119847,NYJ,0.5302013422818792,1,10,0,7.760187824699292,11,0,8.66848001551368,2,2,1.0604026845637584
2022_09_CAR_CIN,2022-11-06T13:00-05:00,2022,9,CIN,CAR,21.0,0.7827202499254455,0.2115215926849191,0.005758157389635317,CIN,0.7827202499254455,1,9.539932537306584,0.7913060712321437,0.20293577137822102,0.005758157389635317,CIN,0.7913060712321437,1,9.961300115976696,0.5302013422818792,0.46404602109300097,0.005752636625119847,CIN,0.5302013422818792,1,11,11,8.609922749179901,12,12,9.495672854785724,3,3,1.5906040268456376
2022_09_GB_DET,2022-11-06T13:00-05:00,2022,9,DET,GB,6.0,0.3566735384133588,0.6375683041970058,0.005758157389635317,GB,0.6375683041970058,0,-4.234924241012926,0.35881237195828536,0.6354294706520792,0.005758157389635317,GB,0.6354294706520792,0,-4.183507875455294,0.5302013422818792,0.46404602109300097,0.005752636625119847,DET,0.5302013422818792,1,7,0,4.4629781293790405,7,0,4.448006294564554,4,4,2.120805369127517
2022_09_IND_NE,2022-11-06T13:00-05:00,2022,9,NE,IND,23.0,0.6780387774801737,0.3162030651301908,0.005758157389635317,NE,0.6780387774801737,1,5.561740734612748,0.6618761699609524,0.33236567264941225,0.005758157389635317,NE,0.6618761699609524,1,5.0424695226373135,0.5302013422818792,0.46404602109300097,0.005752636625119847,NE,0.5302013422818792,1,9,9,6.102348997321563,9,9,5.956885529648572,5,5,2.651006711409396
2022_09_LAC_ATL,2022-11-06T13:00-05:00,2022,9,ATL,LAC,-3.0,0.4733495067864502,0.5208923358239144,0.005758157389635317,LAC,0.5208923358239144,1,-0.6978194531342397,0.4725235298503192,0.5217183127600454,0.005758157389635317,LAC,0.5217183127600454,1,-0.7249950250612474,0.5302013422818792,0.46404602109300097,0.005752636625119847,ATL,0.5302013422818792,0,3,3,1.562677007471743,2,2,1.0434366255200909,6,0,3.1812080536912752
2022_09_LV_JAX,2022-11-06T13:00-05:00,2022,9,JAX,LV,7.0,0.4565124767423073,0.5377293658680573,0.005758157389635317,LV,0.5377293658680573,0,-1.19382824551821,0.4586169738835113,0.5356248687268533,0.005758157389635317,LV,0.5356248687268533,0,-1.1362323734194888,0.5302013422818792,0.46404602109300097,0.005752636625119847,JAX,0.5302013422818792,1,4,0,2.1509174634722292,4,0,2.1424994749074133,8,8,4.241610738255034
2022_09_MIA_CHI,2022-11-06T13:00-05:00,2022,9,CHI,MIA,-3.0,0.39718851975534436,0.5970533228550202,0.005758157389635317,MIA,0.5970533228550202,1,-2.971789337140061,0.3894965379590488,0.6047453046513158,0.005758157389635317,MIA,0.6047453046513158,1,-3.220541669534482,0.5302013422818792,0.46404602109300097,0.005752636625119847,CHI,0.5302013422818792,0,5,5,2.985266614275101,5,5,3.0237265232565793,9,0,4.771812080536913
2022_09_MIN_WAS,2022-11-06T13:00-05:00,2022,9,WAS,MIN,-3.0,0.34392944601579717,0.6503123965945674,0.005758157389635317,MIN,0.6503123965945674,1,-4.644503627786387,0.3437326709928645,0.6505091716175002,0.005758157389635317,MIN,0.6505091716175002,1,-4.669493848397229,0.5302013422818792,0.46404602109300097,0.005752636625119847,WAS,0.5302013422818792,0,8,8,5.202499172756539,8,8,5.204073372940002,10,0,5.302013422818792
2022_09_SEA_ARI,2022-11-06T16:05-05:00,2022,9,ARI,SEA,-10.0,0.48530613373589593,0.5089357088744687,0.005758157389635317,SEA,0.5089357088744687,1,-0.3466286129051679,0.4688688057141088,0.5253730368962559,0.005758157389635317,SEA,0.5253730368962559,1,-0.8329335816786714,0.5302013422818792,0.46404602109300097,0.005752636625119847,ARI,0.5302013422818792,0,2,2,1.0178714177489374,3,3,1.5761191106887678,12,0,6.3624161073825505
2022_09_LA_TB,2022-11-06T16:25-05:00,2022,9,TB,LAR,3.0,0.6310566803276872,0.3631851622826774,0.005758157389635317,TB,0.6310566803276872,1,4.028168060085825,0.6235991020068937,0.37064274060347097,0.005758157389635317,TB,0.6235991020068937,1,3.8084760093743784,0.5302013422818792,0.46404602109300097,0.005752636625119847,TB,0.5302013422818792,1,6,6,3.7863400819661237,6,6,3.7415946120413626,7,7,3.7114093959731544
2022_09_TEN_KC,2022-11-06T20:20-05:00,2022,9,KC,TEN,3.0,0.8466566631622938,0.14758517944807087,0.005758157389635317,KC,0.8466566631622938,1,12.73662160440956,0.8473554219064373,0.1468864207039274,0.005758157389635317,KC,0.8473554219064373,1,12.828370181055433,0.5302013422818792,0.46404602109300097,0.005752636625119847,KC,0.5302013422818792,1,13,13,11.00653662110982,13,13,11.015620484783685,13,13,6.89261744966443
2022_09_BAL_NO,2022-11-07T20:15-05:00,2022,9,NO,BAL,-14.0,0.48846254174965137,0.5057793008607132,0.005758157389635317,BAL,0.5057793008607132,1,-0.25400206250241397,0.4909444761878346,0.5032973664225301,0.005758157389635317,BAL,0.5032973664225301,1,-0.181908131559005,0.5302013422818792,0.46404602109300097,0.005752636625119847,NO,0.5302013422818792,0,1,1,0.5057793008607132,1,1,0.5032973664225301,1,0,0.5302013422818792
2022_10_ATL_CAR,2022-11-10T20:15-05:00,2022,10,CAR,ATL,10.0,0.3511670708324073,0.6430747717779574,0.005758157389635317,ATL,0.6430747717779574,0,-4.411063788605161,0.3538976286550344,0.6403442139553304,0.005758157389635317,ATL,0.6403442139553304,0,-4.340868034112294,0.5302013422818792,0.46404602109300097,0.005752636625119847,CAR,0.5302013422818792,1,11,0,7.073822489557531,11,0,7.043786353508634,2,2,1.0604026845637584
2022_10_SEA_TB,2022-11-13T09:30-05:00,2022,10,TB,SEA,5.0,0.43850960752876716,0.5557322350815975,0.005758157389635317,SEA,0.5557322350815975,0,-1.7272799312087208,0.4473196407819696,0.546922201828395,0.005758157389635317,SEA,0.546922201828395,0,-1.4716037729293923,0.5302013422818792,0.46404602109300097,0.005752636625119847,TB,0.5302013422818792,1,4,0,2.22292894032639,4,0,2.18768880731358,13,13,6.89261744966443
2022_10_CLE_MIA,2022-11-13T13:00-05:00,2022,10,MIA,CLE,22.0,0.5942650859654668,0.39997675664489785,0.005758157389635317,MIA,0.5942650859654668,1,2.8866567959397704,0.5974358344372526,0.3968060081731121,0.005758157389635317,MIA,0.5974358344372526,1,2.995423142069819,0.5302013422818792,0.46404602109300097,0.005752636625119847,MIA,0.5302013422818792,1,5,5,2.971325429827334,5,5,2.987179172186263,3,3,1.5906040268456376
2022_10_DEN_TEN,2022-11-13T13:00-05:00,2022,10,TEN,DEN,7.0,0.5025987021748848,0.49164314043547996,0.005758157389635317,TEN,0.5025987021748848,1,0.1606863313684923,0.48277901809407364,0.511462824516291,0.005758157389635317,DEN,0.511462824516291,0,-0.42249200907524287,0.5302013422818792,0.46404602109300097,0.005752636625119847,TEN,0.5302013422818792,1,1,1,0.5025987021748848,2,0,1.022925649032582,5,5,2.651006711409396
2022_10_DET_CHI,2022-11-13T13:00-05:00,2022,10,CHI,DET,-1.0,0.5439831786683729,0.4502586639419919,0.005758157389635317,CHI,0.5439831786683729,0,1.378704889540121,0.5338803326840951,0.4603615099262697,0.005758157389635317,CHI,0.5338803326840951,0,1.084558928967705,0.5302013422818792,0.46404602109300097,0.005752636625119847,CHI,0.5302013422818792,0,3,0,1.6319495360051186,3,0,1.6016409980522852,6,0,3.1812080536912752
2022_10_HOU_NYG,2022-11-13T13:00-05:00,2022,10,NYG,HOU,8.0,0.7271182166736009,0.26712362593676386,0.005758157389635317,NYG,0.7271182166736009,1,7.301071105208845,0.721704058539178,0.2725377840711866,0.005758157389635317,NYG,0.721704058539178,1,7.128692745458298,0.5302013422818792,0.46404602109300097,0.005752636625119847,NYG,0.5302013422818792,1,12,12,8.725418600083211,12,12,8.660448702470136,7,7,3.7114093959731544
2022_10_JAX_KC,2022-11-13T13:00-05:00,2022,10,KC,JAX,10.0,0.8315091034810628,0.16273273912930186,0.005758157389635317,KC,0.8315091034810628,1,11.892636078727929,0.8306827060462684,0.16355913656409635,0.005758157389635317,KC,0.8306827060462684,1,11.89586901879001,0.5302013422818792,0.46404602109300097,0.005752636625119847,KC,0.5302013422818792,1,14,14,11.64112744873488,14,14,11.629557884647758,9,9,4.771812080536913
2022_10_MIN_BUF,2022-11-13T13:00-05:00,2022,10,BUF,MIN,-3.0,0.6342088510346673,0.3600329915756973,0.005758157389635317,BUF,0.6342088510346673,0,4.128053361557621,0.6343608512477772,0.3598809913625874,0.005758157389635317,BUF,0.6343608512477772,0,4.149418197282357,0.5302013422818792,0.46404602109300097,0.005752636625119847,BUF,0.5302013422818792,0,9,0,5.707879659312006,10,0,6.343608512477772,11,0,5.832214765100671
2022_10_NO_PIT,2022-11-13T13:00-05:00,2022,10,PIT,NO,10.0,0.3760705431717365,0.6181712994386281,0.005758157389635317,NO,0.6181712994386281,0,-3.623559554004067,0.36835533338873705,0.6258865092216275,0.005758157389635317,NO,0.6258865092216275,0,-3.8805942666540933,0.5302013422818792,0.46404602109300097,0.005752636625119847,PIT,0.5302013422818792,1,7,0,4.327199096070397,8,0,5.00709207377302,12,12,6.3624161073825505
2022_10_IND_LV,2022-11-13T16:05-05:00,2022,10,LV,IND,-5.0,0.6029813249259933,0.39126051768437126,0.005758157389635317,LV,0.6029813249259933,0,3.153461358700244,0.5997278601237921,0.39451398248657255,0.005758157389635317,LV,0.5997278601237921,0,3.065858382054459,0.5302013422818792,0.46404602109300097,0.005752636625119847,LV,0.5302013422818792,0,6,0,3.6178879495559597,6,0,3.5983671607427525,8,0,4.241610738255034
2022_10_ARI_LA,2022-11-13T16:25-05:00,2022,10,LAR,ARI,-10.0,0.48115696700440025,0.5130848756059645,0.005758157389635317,ARI,0.5130848756059645,1,-0.46843197410054793,0.4990065881133657,0.4952352544969989,0.005758157389635317,LAR,0.4990065881133657,0,0.05553390558330129,0.5302013422818792,0.46404602109300097,0.005752636625119847,LAR,0.5302013422818792,0,2,2,1.026169751211929,1,0,0.4990065881133657,1,0,0.5302013422818792
2022_10_DAL_GB,2022-11-13T16:25-05:00,2022,10,GB,DAL,3.0,0.36320045850144467,0.6310413841089201,0.005758157389635317,DAL,0.6310413841089201,0,-4.02768426158031,0.37598584686392256,0.6182559957464422,0.005758157389635317,DAL,0.6182559957464422,0,-3.640711859787399,0.5302013422818792,0.46404602109300097,0.005752636625119847,GB,0.5302013422818792,1,8,0,5.048331072871361,7,0,4.327791970225095,4,4,2.120805369127517
2022_10_LAC_SF,2022-11-13T20:20-05:00,2022,10,SF,LAC,6.0,0.6394821576600955,0.3547596849502691,0.005758157389635317,SF,0.6394821576600955,1,4.29600550925396,0.6342046829667559,0.36003715964360883,0.005758157389635317,SF,0.6342046829667559,1,4.144440000557024,0.5302013422818792,0.46404602109300097,0.005752636625119847,SF,0.5302013422818792,1,10,10,6.394821576600956,9,9,5.707842146700803,10,10,5.302013422818792
2022_10_WAS_PHI,2022-11-14T20:15-05:00,2022,10,PHI,WAS,-11.0,0.8158291149539634,0.17841272765640123,0.005758157389635317,PHI,0.8158291149539634,0,11.083130227270715,0.8096427248158855,0.18459911779447916,0.005758157389635317,PHI,0.8096427248158855,0,10.822238342715446,0.5302013422818792,0.46404602109300097,0.005752636625119847,PHI,0.5302013422818792,0,13,0,10.605778494401523,13,0,10.525355422606511,14,0,7.422818791946309
2022_11_TEN_GB,2022-11-17T20:15-05:00,2022,11,GB,TEN,-10.0,0.5169181159674763,0.4773237266428884,0.005758157389635317,GB,0.5169181159674763,0,0.5810186865738606,0.5304868019403107,0.46375504067005385,0.005758157389635317,GB,0.5304868019403107,0,0.9841180363979134,0.5302013422818792,0.46404602109300097,0.005752636625119847,GB,0.5302013422818792,0,2,0,1.0338362319349526,3,0,1.591460405820932,13,0,6.89261744966443
2022_11_CAR_BAL,2022-11-20T13:00-05:00,2022,11,BAL,CAR,10.0,0.7205866065012262,0.2736552361091384,0.005758157389635317,BAL,0.7205866065012262,1,7.059147926114996,0.7131380638290836,0.281103778781281,0.005758157389635317,BAL,0.7131380638290836,1,6.814752716146279,0.5302013422818792,0.46404602109300097,0.005752636625119847,BAL,0.5302013422818792,1,11,11,7.926452671513488,11,11,7.84451870211992,1,1,0.5302013422818792
2022_11_CHI_ATL,2022-11-20T13:00-05:00,2022,11,ATL,CHI,3.0,0.6194718688727276,0.37476997373763704,0.005758157389635317,ATL,0.6194718688727276,1,3.664141372127336,0.626779930242671,0.3674619123676936,0.005758157389635317,ATL,0.626779930242671,1,3.908812263109834,0.5302013422818792,0.46404602109300097,0.005752636625119847,ATL,0.5302013422818792,1,6,6,3.716831213236366,7,7,4.3874595116986965,2,2,1.0604026845637584
2022_11_CLE_BUF,2022-11-20T13:00-05:00,2022,11,BUF,CLE,8.0,0.7518296845890698,0.24241215802129473,0.005758157389635317,BUF,0.7518296845890698,1,8.252498465175343,0.7606290083348525,0.23361283427551216,0.005758157389635317,BUF,0.7606290083348525,1,8.641359167085515,0.5302013422818792,0.46404602109300097,0.005752636625119847,BUF,0.5302013422818792,1,14,14,10.525615584246978,13,13,9.888177108353082,4,4,2.120805369127517
2022_11_DET_NYG,2022-11-20T13:00-05:00,2022,11,NYG,DET,-13.0,0.621856740547436,0.3723851020629285,0.005758157389635317,NYG,0.621856740547436,0,3.738701972483322,0.6141320831639735,0.3801097594463911,0.005758157389635317,NYG,0.6141320831639735,0,3.5118679829560175,0.5302013422818792,0.46404602109300097,0.005752636625119847,NYG,0.5302013422818792,0,7,0,4.352997183832052,6,0,3.6847924989838408,6,0,3.1812080536912752
2022_11_LA_NO,2022-11-20T13:00-05:00,2022,11,NO,LAR,7.0,0.5088481010724563,0.48539374153790843,0.005758157389635317,NO,0.5088481010724563,1,0.3440573703400551,0.48828942755534055,0.5059524150550241,0.005758157389635317,LAR,0.5059524150550241,0,-0.2601183788981616,0.5302013422818792,0.46404602109300097,0.005752636625119847,NO,0.5302013422818792,1,1,1,0.5088481010724563,1,0,0.5059524150550241,8,8,4.241610738255034
2022_11_NYJ_NE,2022-11-20T13:00-05:00,2022,11,NE,NYJ,7.0,0.6673717752521059,0.32687006735825885,0.005758157389635317,NE,0.6673717752521059,1,5.20422277533132,0.6538504877032371,0.3403913549071277,0.005758157389635317,NE,0.6538504877032371,1,4.778503061089119,0.5302013422818792,0.46404602109300097,0.005752636625119847,NE,0.5302013422818792,1,9,9,6.006345977268953,9,9,5.884654389329134,10,10,5.302013422818792
2022_11_PHI_IND,2022-11-20T13:00-05:00,2022,11,IND,PHI,-1.0,0.266404358950289,0.7278374836600756,0.005758157389635317,PHI,0.7278374836600756,1,-7.327938411719058,0.2750112594858788,0.7192305831244858,0.005758157389635317,PHI,0.7192305831244858,1,-7.037424899646268,0.5302013422818792,0.46404602109300097,0.005752636625119847,IND,0.5302013422818792,0,12,12,8.734049803920907,12,12,8.63076699749383,11,0,5.832214765100671
2022_11_WAS_HOU,2022-11-20T13:00-05:00,2022,11,HOU,WAS,-13.0,0.39118791148472204,0.6030539311256427,0.005758157389635317,WAS,0.6030539311256427,1,-3.155692354512542,0.39535440919959164,0.5988874334107729,0.005758157389635317,WAS,0.5988874334107729,1,-3.040015516012913,0.5302013422818792,0.46404602109300097,0.005752636625119847,HOU,0.5302013422818792,0,5,5,3.015269655628213,5,5,2.9944371670538645,14,0,7.422818791946309
2022_11_LV_DEN,2022-11-20T16:05-05:00,2022,11,DEN,LV,-6.0,0.5783187434493232,0.4159230991610413,0.005758157389635317,DEN,0.5783187434493232,0,2.4033034748693556,0.582084761255401,0.41215708135496365,0.005758157389635317,DEN,0.582084761255401,0,2.527019070870968,0.5302013422818792,0.46404602109300097,0.005752636625119847,DEN,0.5302013422818792,0,4,0,2.313274973797293,4,0,2.328339045021604,9,0,4.771812080536913
2022_11_CIN_PIT,2022-11-20T16:25-05:00,2022,11,PIT,CIN,-7.0,0.24832087843875683,0.7459209641716078,0.005758157389635317,CIN,0.7459209641716078,1,-8.019385854000873,0.2308072212641699,0.7634346213461948,0.005758157389635317,CIN,0.7634346213461948,1,-8.75675579457236,0.5302013422818792,0.46404602109300097,0.005752636625119847,PIT,0.5302013422818792,0,13,13,9.696972534230902,14,14,10.688084698846726,3,0,1.5906040268456376
2022_11_DAL_MIN,2022-11-20T16:25-05:00,2022,11,MIN,DAL,-37.0,0.4554820960924287,0.5387597465179358,0.005758157389635317,DAL,0.5387597465179358,1,-1.224260682739562,0.4652738103646657,0.528968032245699,0.005758157389635317,DAL,0.528968032245699,1,-0.9391963687352436,0.5302013422818792,0.46404602109300097,0.005752636625119847,MIN,0.5302013422818792,0,3,3,1.6162792395538075,2,2,1.057936064491398,5,0,2.651006711409396
2022_11_KC_LAC,2022-11-20T20:20-05:00,2022,11,LAC,KC,-3.0,0.305157775151979,0.6890840674583855,0.005758157389635317,KC,0.6890840674583855,1,-5.938792418389983,0.30878300618866633,0.6854588364216982,0.005758157389635317,KC,0.6854588364216982,1,-5.837494739385078,0.5302013422818792,0.46404602109300097,0.005752636625119847,LAC,0.5302013422818792,0,10,10,6.890840674583854,10,10,6.8545883642169825,7,0,3.7114093959731544
2022_11_SF_ARI,2022-11-21T20:15-05:00,2022,11,ARI,SF,-28.0,0.36214741718423543,0.6320944254261293,0.005758157389635317,SF,0.6320944254261293,1,-4.061010786188632,0.357333071298588,0.6369087713117767,0.005758157389635317,SF,0.6369087713117767,1,-4.23077164477076,0.5302013422818792,0.46404602109300097,0.005752636625119847,ARI,0.5302013422818792,0,8,8,5.056755403409034,8,8,5.095270170494214,12,0,6.3624161073825505
2022_12_BUF_DET,2022-11-24T12:30-05:00,2022,12,DET,BUF,-3.0,0.3046514535867491,0.6895903890236156,0.005758157389635317,BUF,0.6895903890236156,1,-5.95625512485517,0.29701840999365386,0.6972234326167107,0.005758157389635317,BUF,0.6972234326167107,1,-6.246417007058442,0.5302013422818792,0.46404602109300097,0.005752636625119847,DET,0.5302013422818792,0,11,11,7.5854942792597715,12,12,8.366681191400529,3,0,1.5906040268456376
2022_12_NYG_DAL,2022-11-24T16:30-05:00,2022,12,DAL,NYG,8.0,0.8139803387074351,0.18026150390292944,0.005758157389635317,DAL,0.8139803387074351,1,10.991425588417242,0.811123066566323,0.1831187760440415,0.005758157389635317,DAL,0.811123066566323,1,10.894549306125004,0.5302013422818792,0.46404602109300097,0.005752636625119847,DAL,0.5302013422818792,1,14,14,11.395724741904091,14,14,11.355722931928522,14,14,7.422818791946309
2022_12_NE_MIN,2022-11-24T20:20-05:00,2022,12,MIN,NE,7.0,0.5087586618819586,0.4854831807284061,0.005758157389635317,MIN,0.5087586618819586,1,0.3414323995583439,0.5218843787546136,0.472357463855751,0.005758157389635317,MIN,0.5218843787546136,1,0.7298978192436509,0.5302013422818792,0.46404602109300097,0.005752636625119847,MIN,0.5302013422818792,1,2,2,1.0175173237639172,1,1,0.5218843787546136,12,12,6.3624161073825505
2022_12_ATL_WAS,2022-11-27T13:00-05:00,2022,12,WAS,ATL,6.0,0.5752898150402297,0.418952027570135,0.005758157389635317,WAS,0.5752898150402297,1,2.3121126137871904,0.5717964946239076,0.42244534798645705,0.005758157389635317,WAS,0.5717964946239076,1,2.2159947894156895,0.5302013422818792,0.46404602109300097,0.005752636625119847,WAS,0.5302013422818792,1,4,4,2.3011592601609188,4,4,2.2871859784956303,1,1,0.5302013422818792
2022_12_BAL_JAX,2022-11-27T13:00-05:00,2022,12,JAX,BAL,1.0,0.3540063281242905,0.6402355144860741,0.005758157389635317,BAL,0.6402355144860741,0,-4.320089285008286,0.35886394303421815,0.6353778995761464,0.005758157389635317,BAL,0.6353778995761464,0,-4.181861711435495,0.5302013422818792,0.46404602109300097,0.005752636625119847,JAX,0.5302013422818792,1,9,0,5.7621196303746665,9,0,5.7184010961853176,2,2,1.0604026845637584
2022_12_CHI_NYJ,2022-11-27T13:00-05:00,2022,12,NYJ,CHI,21.0,0.6054724113413703,0.3887694312689943,0.005758157389635317,NYJ,0.6054724113413703,1,3.2300896957741814,0.6092377233187047,0.38500411929166,0.005758157389635317,NYJ,0.6092377233187047,1,3.3596409277657497,0.5302013422818792,0.46404602109300097,0.005752636625119847,NYJ,0.5302013422818792,1,6,6,3.632834468048222,6,6,3.6554263399122284,4,4,2.120805369127517
2022_12_CIN_TEN,2022-11-27T13:00-05:00,2022,12,TEN,CIN,-4.0,0.48728649260648704,0.5069553500038775,0.005758157389635317,CIN,0.5069553500038775,1,-0.28851108425183514,0.4603720294775056,0.5338698131328591,0.005758157389635317,CIN,0.5338698131328591,1,-1.084247421213833,0.5302013422818792,0.46404602109300097,0.005752636625119847,TEN,0.5302013422818792,0,1,1,0.5069553500038775,3,3,1.6016094393985774,5,0,2.651006711409396
2022_12_DEN_CAR,2022-11-27T13:00-05:00,2022,12,CAR,DEN,13.0,0.4044546335398692,0.5897872090704954,0.005758157389635317,DEN,0.5897872090704954,0,-2.750337749093821,0.40365750537711004,0.5905843372332545,0.005758157389635317,DEN,0.5905843372332545,0,-2.7856723279105733,0.5302013422818792,0.46404602109300097,0.005752636625119847,CAR,0.5302013422818792,1,5,0,2.948936045352477,5,0,2.9529216861662726,6,6,3.1812080536912752
2022_12_HOU_MIA,2022-11-27T13:00-05:00,2022,12,MIA,HOU,15.0,0.8201360622091236,0.174105780401241,0.005758157389635317,MIA,0.8201360622091236,1,11.299687267644327,0.8197449860848097,0.1744968565255549,0.005758157389635317,MIA,0.8197449860848097,1,11.32499032920207,0.5302013422818792,0.46404602109300097,0.005752636625119847,MIA,0.5302013422818792,1,15,15,12.302040933136855,15,15,12.296174791272145,8,8,4.241610738255034
2022_12_TB_CLE,2022-11-27T13:00-05:00,2022,12,CLE,TB,6.0,0.3801884789100904,0.6140533637002743,0.005758157389635317,TB,0.6140533637002743,0,-3.495425918247125,0.37679410389920426,0.6174477387111603,0.005758157389635317,TB,0.6174477387111603,0,-3.615416406358544,0.5302013422818792,0.46404602109300097,0.005752636625119847,CLE,0.5302013422818792,1,7,0,4.29837354590192,7,0,4.3221341709781225,16,16,8.483221476510067
2022_12_LAC_ARI,2022-11-27T16:05-05:00,2022,12,ARI,LAC,-1.0,0.5410151893958474,0.4532266532145172,0.005758157389635317,ARI,0.5410151893958474,0,1.2909130270145883,0.5234836154117325,0.47075822719863214,0.005758157389635317,ARI,0.5234836154117325,0,0.777120886991189,0.5302013422818792,0.46404602109300097,0.005752636625119847,ARI,0.5302013422818792,0,3,0,1.6230455681875422,2,0,1.046967230823465,9,0,4.771812080536913
2022_12_LV_SEA,2022-11-27T16:05-05:00,2022,12,SEA,LV,-6.0,0.6915198085378014,0.30272203407256315,0.005758157389635317,SEA,0.6915198085378014,0,6.022948758614729,0.6890221880896149,0.3052196545207498,0.005758157389635317,SEA,0.6890221880896149,0,5.960416452733903,0.5302013422818792,0.46404602109300097,0.005752636625119847,SEA,0.5302013422818792,0,12,0,8.298237702453616,11,0,7.579244068985764,11,0,5.832214765100671
2022_12_LA_KC,2022-11-27T16:25-05:00,2022,12,KC,LAR,16.0,0.8592062956214661,0.1350355469888985,0.005758157389635317,KC,0.8592062956214661,1,13.491835271424522,0.8564444412778603,0.13779740133250426,0.005758157389635317,KC,0.8564444412778603,1,13.374050131286356,0.5302013422818792,0.46404602109300097,0.005752636625119847,KC,0.5302013422818792,1,16,16,13.747300729943458,16,16,13.703111060445766,10,10,5.302013422818792
2022_12_NO_SF,2022-11-27T16:25-05:00,2022,12,SF,NO,13.0,0.78027552857537,0.21396631403499475,0.005758157389635317,SF,0.78027552857537,1,9.433339473109653,0.7808005362868885,0.21344130632347622,0.005758157389635317,SF,0.7808005362868885,1,9.49399681225195,0.5302013422818792,0.46404602109300097,0.005752636625119847,SF,0.5302013422818792,1,13,13,10.14358187147981,13,13,10.15040697172955,13,13,6.89261744966443
2022_12_GB_PHI,2022-11-27T20:20-05:00,2022,12,PHI,GB,7.0,0.6389372544662959,0.3553045881440688,0.005758157389635317,PHI,0.6389372544662959,1,4.278599902200315,0.6247115169615434,0.36953032564882127,0.005758157389635317,PHI,0.6247115169615434,1,3.8435258764241067,0.5302013422818792,0.46404602109300097,0.005752636625119847,PHI,0.5302013422818792,1,8,8,5.111498035730367,8,8,4.997692135692347,7,7,3.7114093959731544
2022_12_PIT_IND,2022-11-28T20:15-05:00,2022,12,IND,PIT,-7.0,0.6435839267152124,0.3506579158951523,0.005758157389635317,IND,0.6435839267152124,0,4.427413067621737,0.6515523157061539,0.34268952690421073,0.005758157389635317,IND,0.6515523157061539,0,4.703471784108084,0.5302013422818792,0.46404602109300097,0.005752636625119847,IND,0.5302013422818792,0,10,0,6.435839267152124,10,0,6.515523157061539,15,0,7.953020134228188
2022_13_BUF_NE,2022-12-01T20:15-05:00,2022,13,NE,BUF,-14.0,0.37823457493931584,0.6160072676710487,0.005758157389635317,BUF,0.6160072676710487,1,-3.5561563934980103,0.3531181510524455,0.6411236915579192,0.005758157389635317,BUF,0.6411236915579192,1,-4.365914253684775,0.5302013422818792,0.46404602109300097,0.005752636625119847,NE,0.5302013422818792,0,8,8,4.92805814136839,9,9,5.770113224021272,1,0,0.5302013422818792
2022_13_CLE_HOU,2022-12-04T13:00-05:00,2022,13,HOU,CLE,-13.0,0.3044695518541709,0.6897722907561937,0.005758157389635317,CLE,0.6897722907561937,1,-5.9625327528004,0.3006603870902371,0.6935814555201275,0.005758157389635317,CLE,0.6935814555201275,1,-6.118866420063916,0.5302013422818792,0.46404602109300097,0.005752636625119847,HOU,0.5302013422818792,0,12,12,8.277267489074324,13,13,9.016558921761657,2,0,1.0604026845637584
2022_13_DEN_BAL,2022-12-04T13:00-05:00,2022,13,BAL,DEN,1.0,0.7420494207904519,0.25219242181991264,0.005758157389635317,BAL,0.7420494207904519,1,7.8686482098523225,0.7341435614905136,0.26009828111985106,0.005758157389635317,BAL,0.7341435614905136,1,7.595774006198086,0.5302013422818792,0.46404602109300097,0.005752636625119847,BAL,0.5302013422818792,1,14,14,10.388691891066326,14,14,10.27800986086719,3,3,1.5906040268456376
2022_13_GB_CHI,2022-12-04T13:00-05:00,2022,13,CHI,GB,-9.0,0.3786790367460995,0.6155628058642652,0.005758157389635317,GB,0.6155628058642652,1,-3.542331244571763,0.370535773846179,0.6237060687641856,0.005758157389635317,GB,0.6237060687641856,1,-3.8118444472300266,0.5302013422818792,0.46404602109300097,0.005752636625119847,CHI,0.5302013422818792,0,7,7,4.308939641049856,7,7,4.365942481349299,4,0,2.120805369127517
2022_13_JAX_DET,2022-12-04T13:00-05:00,2022,13,DET,JAX,26.0,0.5862471574020426,0.407994685208322,0.005758157389635317,DET,0.5862471574020426,1,2.642905109669819,0.5887546077588374,0.4054872348515273,0.005758157389635317,DET,0.5887546077588374,1,2.729851296074989,0.5302013422818792,0.46404602109300097,0.005752636625119847,DET,0.5302013422818792,1,4,4,2.3449886296081703,4,4,2.3550184310353495,6,6,3.1812080536912752
2022_13_NYJ_MIN,2022-12-04T13:00-05:00,2022,13,MIN,NYJ,5.0,0.60516696662827,0.3890748759820947,0.005758157389635317,MIN,0.60516696662827,1,3.220684541334795,0.6013538537963623,0.39288798881400244,0.005758157389635317,MIN,0.6013538537963623,1,3.1159108535913407,0.5302013422818792,0.46404602109300097,0.005752636625119847,MIN,0.5302013422818792,1,6,6,3.63100179976962,6,6,3.608123122778174,11,11,5.832214765100671
2022_13_PIT_ATL,2022-12-04T13:00-05:00,2022,13,ATL,PIT,-3.0,0.5838835761158899,0.4103582664944747,0.005758157389635317,ATL,0.5838835761158899,0,2.571334085434927,0.5924819259412271,0.4017599166691375,0.005758157389635317,ATL,0.5924819259412271,0,2.843648278417665,0.5302013422818792,0.46404602109300097,0.005752636625119847,ATL,0.5302013422818792,0,3,0,1.7516507283476699,5,0,2.9624096297061353,12,0,6.3624161073825505
2022_13_TEN_PHI,2022-12-04T13:00-05:00,2022,13,PHI,TEN,25.0,0.6266965477635903,0.3675452948467743,0.005758157389635317,PHI,0.6266965477635903,1,3.8906082022187802,0.6266160638908401,0.3676257787195246,0.005758157389635317,PHI,0.6266160638908401,1,3.9036345547045204,0.5302013422818792,0.46404602109300097,0.005752636625119847,PHI,0.5302013422818792,1,9,9,5.640268929872312,8,8,5.012928511126721,14,14,7.422818791946309
2022_13_WAS_NYG,2022-12-04T13:00-05:00,2022,13,NYG,WAS,0.0,0.5051527146029315,0.48908912800743304,0.005758157389635317,NYG,0.5051527146029315,0,0.23561721523755602,0.503095205255331,0.4911466373550335,0.005758157389635317,NYG,0.503095205255331,0,0.17595351515614735,0.5302013422818792,0.46404602109300097,0.005752636625119847,NYG,0.5302013422818792,0,1,0,0.5051527146029315,1,0,0.503095205255331,15,0,7.953020134228188
2022_13_MIA_SF,2022-12-04T16:05-05:00,2022,13,SF,MIA,16.0,0.6580627532530023,0.3361790893573623,0.005758157389635317,SF,0.6580627532530023,1,4.897064494641496,0.6521927250881435,0.3420491175222211,0.005758157389635317,SF,0.6521927250881435,1,4.724355872538412,0.5302013422818792,0.46404602109300097,0.005752636625119847,SF,0.5302013422818792,1,10,10,6.580627532530023,10,10,6.521927250881435,9,9,4.771812080536913
2022_13_SEA_LA,2022-12-04T16:05-05:00,2022,13,LAR,SEA,-4.0,0.3043897048848551,0.6898521377255096,0.005758157389635317,SEA,0.6898521377255096,1,-5.9652890206861775,0.31013956349394634,0.6841022791164183,0.005758157389635317,SEA,0.6841022791164183,1,-5.790904367014674,0.5302013422818792,0.46404602109300097,0.005752636625119847,LAR,0.5302013422818792,0,13,13,8.968077790431625,11,11,7.525125070280601,13,0,6.89261744966443
2022_13_KC_CIN,2022-12-04T16:25-05:00,2022,13,CIN,KC,3.0,0.4028349449763871,0.5914068976339777,0.005758157389635317,KC,0.5914068976339777,0,-2.799589551683158,0.4139788180138169,0.5802630245965478,0.005758157389635317,KC,0.5802630245965478,0,-2.4717892263579184,0.5302013422818792,0.46404602109300097,0.005752636625119847,CIN,0.5302013422818792,1,5,0,2.9570344881698887,3,0,1.7407890737896432,7,7,3.7114093959731544
2022_13_LAC_LV,2022-12-04T16:25-05:00,2022,13,LV,LAC,7.0,0.5208914011127793,0.4733504414975853,0.005758157389635317,LV,0.5208914011127793,1,0.6977919724042584,0.5170951745971936,0.477146668013171,0.005758157389635317,LV,0.5170951745971936,1,0.588566590416546,0.5302013422818792,0.46404602109300097,0.005752636625119847,LV,0.5302013422818792,1,2,2,1.0417828022255586,2,2,1.0341903491943871,8,8,4.241610738255034
2022_13_IND_DAL,2022-12-04T20:20-05:00,2022,13,DAL,IND,35.0,0.8056600269831081,0.18858181562725662,0.005758157389635317,DAL,0.8056600269831081,1,10.587519330204138,0.7994969283709241,0.19474491423944038,0.005758157389635317,DAL,0.7994969283709241,1,10.33826735548611,0.5302013422818792,0.46404602109300097,0.005752636625119847,DAL,0.5302013422818792,1,15,15,12.084900404746621,15,15,11.992453925563861,5,5,2.651006711409396
2022_13_NO_TB,2022-12-05T20:15-05:00,2022,13,TB,NO,1.0,0.6801405828934804,0.31410125971688424,0.005758157389635317,TB,0.6801405828934804,1,5.632932059852122,0.6870974361806257,0.3071444064297389,0.005758157389635317,TB,0.6870974361806257,1,5.893922032415905,0.5302013422818792,0.46404602109300097,0.005752636625119847,TB,0.5302013422818792,1,11,11,7.481546411828285,12,12,8.24516923416751,10,10,5.302013422818792
2022_14_LV_LA,2022-12-08T20:15-05:00,2022,14,LAR,LV,1.0,0.43132374800849266,0.5629180946018719,0.005758157389635317,LV,0.5629180946018719,0,-1.9414196641979609,0.43970285951381083,0.5545389830965538,0.005758157389635317,LV,0.5545389830965538,0,-1.698565120956499,0.5302013422818792,0.46404602109300097,0.005752636625119847,LAR,0.5302013422818792,1,5,0,2.8145904730093596,5,0,2.772694915482769,7,7,3.7114093959731544
2022_14_BAL_PIT,2022-12-11T13:00-05:00,2022,14,PIT,BAL,-2.0,0.4612511067266321,0.5329907358837325,0.005758157389635317,BAL,0.5329907358837325,1,-1.054001521420633,0.46006887130391444,0.5341729713064501,0.005758157389635317,BAL,0.5341729713064501,1,-1.0932250157618395,0.5302013422818792,0.46404602109300097,0.005752636625119847,PIT,0.5302013422818792,0,4,4,2.13196294353493,4,4,2.1366918852258006,1,0,0.5302013422818792
2022_14_CLE_CIN,2022-12-11T13:00-05:00,2022,14,CIN,CLE,13.0,0.701312895483611,0.29292894712675366,0.005758157389635317,CIN,0.701312895483611,1,6.3652426312597274,0.7063948589437592,0.2878469836666054,0.005758157389635317,CIN,0.7063948589437592,1,6.571679612863524,0.5302013422818792,0.46404602109300097,0.005752636625119847,CIN,0.5302013422818792,1,8,8,5.610503163868888,9,9,6.357553730493833,3,3,1.5906040268456376
2022_14_HOU_DAL,2022-12-11T13:00-05:00,2022,14,DAL,HOU,4.0,0.9177798142616006,0.07646202834876403,0.005758157389635317,DAL,0.9177798142616006,1,18.11939408201642,0.9149959099500519,0.07924593266031288,0.005758157389635317,DAL,0.9149959099500519,1,17.90788153461379,0.5302013422818792,0.46404602109300097,0.005752636625119847,DAL,0.5302013422818792,1,13,13,11.931137585400808,13,13,11.894946829350674,4,4,2.120805369127517
2022_14_JAX_TEN,2022-12-11T13:00-05:00,2022,14,TEN,JAX,-14.0,0.685613261363009,0.30862858124735565,0.005758157389635317,TEN,0.685613261363009,0,5.819517180163253,0.6773332673409322,0.3169085752694323,0.005758157389635317,TEN,0.6773332673409322,0,5.560062152962472,0.5302013422818792,0.46404602109300097,0.005752636625119847,TEN,0.5302013422818792,0,7,0,4.799292829541063,7,0,4.7413328713865255,5,0,2.651006711409396
2022_14_MIN_DET,2022-12-11T13:00-05:00,2022,14,DET,MIN,11.0,0.5119141969233554,0.48232764568700925,0.005758157389635317,DET,0.5119141969233554,1,0.43405952863537955,0.5131345784177037,0.481107264192661,0.005758157389635317,DET,0.5131345784177037,1,0.47177181141516356,0.5302013422818792,0.46404602109300097,0.005752636625119847,DET,0.5302013422818792,1,3,3,1.5357425907700661,3,3,1.5394037352531111,9,9,4.771812080536913
2022_14_NYJ_BUF,2022-12-11T13:00-05:00,2022,14,BUF,NYJ,8.0,0.7903981201811734,0.2038437224291912,0.005758157389635317,BUF,0.7903981201811734,1,9.880677756577594,0.7968840489498134,0.19735779366055126,0.005758157389635317,BUF,0.7968840489498134,1,10.21674295952296,0.5302013422818792,0.46404602109300097,0.005752636625119847,BUF,0.5302013422818792,1,12,12,9.484777442174082,12,12,9.56260858739776,11,11,5.832214765100671
2022_14_PHI_NYG,2022-12-11T13:00-05:00,2022,14,NYG,PHI,-26.0,0.2824181315664346,0.7118237110439299,0.005758157389635317,PHI,0.7118237110439299,1,-6.740129120927424,0.2887725018548849,0.7054693407554797,0.005758157389635317,PHI,0.7054693407554797,1,-6.53858340379305,0.5302013422818792,0.46404602109300097,0.005752636625119847,NYG,0.5302013422818792,0,9,9,6.40641339939537,8,8,5.643754726043838,12,0,6.3624161073825505
2022_14_KC_DEN,2022-12-11T16:05-05:00,2022,14,DEN,KC,-6.0,0.22657990338321787,0.7676619392271469,0.005758157389635317,KC,0.7676619392271469,1,-8.896889631683747,0.22799687315328154,0.7662449694570831,0.005758157389635317,KC,0.7662449694570831,1,-8.873332533695207,0.5302013422818792,0.46404602109300097,0.005752636625119847,DEN,0.5302013422818792,0,11,11,8.444281331498615,11,11,8.428694664027914,6,0,3.1812080536912752
2022_14_CAR_SEA,2022-12-11T16:25-05:00,2022,14,SEA,CAR,-6.0,0.7225082625317368,0.2717335800786278,0.005758157389635317,SEA,0.7225082625317368,0,7.129945225681856,0.7202108848484201,0.27403095776194447,0.005758157389635317,SEA,0.7202108848484201,0,7.073535575790934,0.5302013422818792,0.46404602109300097,0.005752636625119847,SEA,0.5302013422818792,0,10,0,7.225082625317368,10,0,7.202108848484201,2,0,1.0604026845637584
2022_14_TB_SF,2022-12-11T16:25-05:00,2022,14,SF,TB,28.0,0.5980518615643565,0.3961899810460081,0.005758157389635317,SF,0.5980518615643565,1,3.002325840145135,0.5988307138513526,0.395411128759012,0.005758157389635317,SF,0.5988307138513526,1,3.038272081109935,0.5302013422818792,0.46404602109300097,0.005752636625119847,SF,0.5302013422818792,1,6,6,3.588311169386139,6,6,3.592984283108115,13,13,6.89261744966443
2022_14_MIA_LAC,2022-12-11T20:20-05:00,2022,14,LAC,MIA,6.0,0.5079425194529269,0.4862993231574377,0.005758157389635317,LAC,0.5079425194529269,1,0.31748025382052236,0.5044557852341921,0.4897860573761724,0.005758157389635317,LAC,0.5044557852341921,1,0.2160303443865561,0.5302013422818792,0.46404602109300097,0.005752636625119847,LAC,0.5302013422818792,1,2,2,1.0158850389058538,2,2,1.0089115704683842,8,8,4.241610738255034
2022_14_NE_ARI,2022-12-12T20:15-05:00,2022,14,ARI,NE,-14.0,0.5069206339879601,0.48732120862240447,0.005758157389635317,ARI,0.5069206339879601,0,0.2874923615610726,0.5026470429940336,0.4915947996163311,0.005758157389635317,ARI,0.5026470429940336,0,0.16275319085568438,0.5302013422818792,0.46404602109300097,0.005752636625119847,ARI,0.5302013422818792,0,1,0,0.5069206339879601,1,0,0.5026470429940336,10,0,5.302013422818792
2022_15_SF_SEA,2022-12-15T20:15-05:00,2022,15,SEA,SF,-8.0,0.3945089621757866,0.599732880434578,0.005758157389635317,SF,0.599732880434578,1,-3.0537922573941065,0.38687556448817545,0.6073662781221892,0.005758157389635317,SF,0.6073662781221892,1,-3.301624074796936,0.5302013422818792,0.46404602109300097,0.005752636625119847,SEA,0.5302013422818792,0,8,8,4.797863043476624,7,7,4.251563946855325,15,0,7.953020134228188
2022_15_IND_MIN,2022-12-17T13:00-05:00,2022,15,MIN,IND,3.0,0.6623608466326024,0.33188099597776227,0.005758157389635317,MIN,0.6623608466326024,1,5.0383482772675485,0.6642442316386044,0.3299976109717602,0.005758157389635317,MIN,0.6642442316386044,1,5.120955205544022,0.5302013422818792,0.46404602109300097,0.005752636625119847,MIN,0.5302013422818792,1,10,10,6.623608466326024,10,10,6.6424423163860435,7,7,3.7114093959731544
2022_15_BAL_CLE,2022-12-17T16:30-05:00,2022,15,CLE,BAL,10.0,0.5351268681155475,0.45911497449481714,0.005758157389635317,CLE,0.5351268681155475,1,1.1170086832869437,0.5469681975241355,0.447273645086229,0.005758157389635317,CLE,0.5469681975241355,1,1.4729721097030133,0.5302013422818792,0.46404602109300097,0.005752636625119847,CLE,0.5302013422818792,1,3,3,1.6053806043466428,4,4,2.187872790096542,3,3,1.5906040268456376
2022_15_MIA_BUF,2022-12-17T20:15-05:00,2022,15,BUF,MIA,3.0,0.7272193385800346,0.26702250403033,0.005758157389635317,BUF,0.7272193385800346,1,7.304845616447519,0.7341782889670331,0.26006355364333156,0.005758157389635317,BUF,0.7341782889670331,1,7.597097703647552,0.5302013422818792,0.46404602109300097,0.005752636625119847,BUF,0.5302013422818792,1,13,13,9.453851401540451,13,13,9.54431775657143,10,10,5.302013422818792
2022_15_ATL_NO,2022-12-18T13:00-05:00,2022,15,NO,ATL,3.0,0.6687486905600661,0.32549315205029844,0.005758157389635317,NO,0.6687486905600661,1,5.250027829786081,0.664634522789435,0.3296073198209297,0.005758157389635317,NO,0.664634522789435,1,5.133917883805594,0.5302013422818792,0.46404602109300097,0.005752636625119847,NO,0.5302013422818792,1,11,11,7.356235596160728,11,11,7.310979750683785,2,2,1.0604026845637584
2022_15_DAL_JAX,2022-12-18T13:00-05:00,2022,15,JAX,DAL,6.0,0.2337862170040835,0.7604556256062812,0.005758157389635317,DAL,0.7604556256062812,0,-8.599844923991089,0.23854977276345732,0.7556920698469073,0.005758157389635317,DAL,0.7556920698469073,0,-8.440605892183815,0.5302013422818792,0.46404602109300097,0.005752636625119847,JAX,0.5302013422818792,1,14,0,10.646378758487938,14,0,10.579688977856701,5,5,2.651006711409396
2022_15_DET_NYJ,2022-12-18T13:00-05:00,2022,15,NYJ,DET,-3.0,0.47374811171999,0.5204937308903747,0.005758157389635317,DET,0.5204937308903747,1,-0.686100819922201,0.473423617059439,0.5208182255509256,0.005758157389635317,DET,0.5208182255509256,1,-0.6984243979517042,0.5302013422818792,0.46404602109300097,0.005752636625119847,NYJ,0.5302013422818792,0,2,2,1.0409874617807493,2,2,1.0416364511018512,6,0,3.1812080536912752
2022_15_KC_HOU,2022-12-18T13:00-05:00,2022,15,HOU,KC,-6.0,0.11613123578596256,0.8781106068244021,0.005758157389635317,KC,0.8781106068244021,1,-14.75012572049595,0.1151933163913024,0.8790485262190624,0.005758157389635317,KC,0.8790485262190624,1,-14.87632760145581,0.5302013422818792,0.46404602109300097,0.005752636625119847,HOU,0.5302013422818792,0,16,16,14.049769709190434,16,16,14.064776419504998,8,0,4.241610738255034
2022_15_PHI_CHI,2022-12-18T13:00-05:00,2022,15,CHI,PHI,-5.0,0.18242793219360884,0.8118139104167558,0.005758157389635317,PHI,0.8118139104167558,1,-10.884891431232482,0.18503758492023378,0.8092042576901308,0.005758157389635317,PHI,0.8092042576901308,1,-10.800906343028345,0.5302013422818792,0.46404602109300097,0.005752636625119847,CHI,0.5302013422818792,0,15,15,12.177208656251336,15,15,12.138063865351963,13,0,6.89261744966443
2022_15_PIT_CAR,2022-12-18T13:00-05:00,2022,15,CAR,PIT,-8.0,0.548556372050825,0.4456854705595395,0.005758157389635317,CAR,0.548556372050825,0,1.5141756156534876,0.5574947576957325,0.43674708491463216,0.005758157389635317,CAR,0.5574947576957325,0,1.7868533596019702,0.5302013422818792,0.46404602109300097,0.005752636625119847,CAR,0.5302013422818792,0,5,0,2.7427818602541247,5,0,2.7874737884786627,14,0,7.422818791946309
2022_15_ARI_DEN,2022-12-18T16:05-05:00,2022,15,DEN,ARI,9.0,0.45407279353314317,0.5401690490772215,0.005758157389635317,ARI,0.5401690490772215,0,-1.2659019195657515,0.4639125053612672,0.5303293372490975,0.005758157389635317,ARI,0.5303293372490975,0,-0.9794597524377118,0.5302013422818792,0.46404602109300097,0.005752636625119847,DEN,0.5302013422818792,1,4,0,2.160676196308886,3,0,1.5909880117472923,1,1,0.5302013422818792
2022_15_NE_LV,2022-12-18T16:05-05:00,2022,15,LV,NE,6.0,0.5100229464478697,0.484218896162495,0.005758157389635317,LV,0.5100229464478697,1,0.378540303555001,0.5163660337704599,0.4778758088399047,0.005758157389635317,LV,0.5163660337704599,1,0.5670596331103531,0.5302013422818792,0.46404602109300097,0.005752636625119847,LV,0.5302013422818792,1,1,1,0.5100229464478697,1,1,0.5163660337704599,11,11,5.832214765100671
2022_15_CIN_TB,2022-12-18T16:25-05:00,2022,15,TB,CIN,-11.0,0.39599427687437155,0.598247565735993,0.005758157389635317,CIN,0.598247565735993,1,-3.008313743229781,0.39083052116781414,0.6034113214425505,0.005758157389635317,CIN,0.6034113214425505,1,-3.1793484218578123,0.5302013422818792,0.46404602109300097,0.005752636625119847,TB,0.5302013422818792,0,7,7,4.187732960151951,6,6,3.620467928655303,4,0,2.120805369127517
2022_15_TEN_LAC,2022-12-18T16:25-05:00,2022,15,LAC,TEN,3.0,0.5982147874209172,0.3960270551894474,0.005758157389635317,LAC,0.5982147874209172,1,3.0073107650517867,0.6103685294799799,0.3838733131303848,0.005758157389635317,LAC,0.6103685294799799,1,3.39474737659975,0.5302013422818792,0.46404602109300097,0.005752636625119847,LAC,0.5302013422818792,1,6,6,3.589288724525503,8,8,4.882948235839839,16,16,8.483221476510067
2022_15_NYG_WAS,2022-12-18T20:20-05:00,2022,15,WAS,NYG,-8.0,0.6542567762335206,0.339985066376844,0.005758157389635317,WAS,0.6542567762335206,0,4.772693633435495,0.6533768074822343,0.3408650351281303,0.005758157389635317,WAS,0.6533768074822343,0,4.763018501495546,0.5302013422818792,0.46404602109300097,0.005752636625119847,WAS,0.5302013422818792,0,9,0,5.888310986101685,9,0,5.880391267340109,12,0,6.3624161073825505
2022_15_LA_GB,2022-12-19T20:15-05:00,2022,15,GB,LAR,12.0,0.7040513870111191,0.29019045559924544,0.005758157389635317,GB,0.7040513870111191,1,6.462139153666662,0.6999061830197574,0.2943356595906072,0.005758157389635317,GB,0.6999061830197574,1,6.3409478397001,0.5302013422818792,0.46404602109300097,0.005752636625119847,GB,0.5302013422818792,1,12,12,8.44861664413343,12,12,8.398874196237088,9,9,4.771812080536913
2022_16_JAX_NYJ,2022-12-22T20:15-05:00,2022,16,NYJ,JAX,-16.0,0.5528416961494852,0.44140014646087944,0.005758157389635317,NYJ,0.5528416961494852,0,1.6413552140335956,0.5562302455121337,0.43801159709823084,0.005758157389635317,NYJ,0.5562302455121337,0,1.749067240484481,0.5302013422818792,0.46404602109300097,0.005752636625119847,NYJ,0.5302013422818792,0,4,0,2.211366784597941,4,0,2.224920982048535,8,0,4.241610738255034
2022_16_ATL_BAL,2022-12-24T13:00-05:00,2022,16,BAL,ATL,8.0,0.6699957274628144,0.3242461151475503,0.005758157389635317,BAL,0.6699957274628144,1,5.291598180982703,0.670815439886674,0.3234264027236906,0.005758157389635317,BAL,0.670815439886674,1,5.340253723144485,0.5302013422818792,0.46404602109300097,0.005752636625119847,BAL,0.5302013422818792,1,13,13,8.709944457016588,13,13,8.720600718526763,1,1,0.5302013422818792
2022_16_BUF_CHI,2022-12-24T13:00-05:00,2022,16,CHI,BUF,-22.0,0.19803500649955527,0.7962068361108093,0.005758157389635317,BUF,0.7962068361108093,1,-10.144846610881109,0.1854200745302172,0.8088217680801474,0.005758157389635317,BUF,0.8088217680801474,1,-10.78232954159511,0.5302013422818792,0.46404602109300097,0.005752636625119847,CHI,0.5302013422818792,0,16,16,12.73930937777295,16,16,12.941148289282358,2,0,1.0604026845637584
2022_16_CIN_NE,2022-12-24T13:00-05:00,2022,16,NE,CIN,-4.0,0.38238688941396676,0.6118549531963978,0.005758157389635317,CIN,0.6118549531963978,1,-3.4272376405065,0.3670683248567439,0.6271735177536208,0.005758157389635317,CIN,0.6271735177536208,1,-3.9212524097383286,0.5302013422818792,0.46404602109300097,0.005752636625119847,NE,0.5302013422818792,0,8,8,4.894839625571183,9,9,5.644561659782587,3,0,1.5906040268456376
2022_16_DET_CAR,2022-12-24T13:00-05:00,2022,16,CAR,DET,14.0,0.3848656621617509,0.6093761804486137,0.005758157389635317,DET,0.6093761804486137,0,-3.3505293265158045,0.38556540298141295,0.6086764396289516,0.005758157389635317,DET,0.6086764396289516,0,-3.3422297069418967,0.5302013422818792,0.46404602109300097,0.005752636625119847,CAR,0.5302013422818792,1,6,0,3.6562570826916825,7,0,4.260735077402661,5,5,2.651006711409396
2022_16_NO_CLE,2022-12-24T13:00-05:00,2022,16,CLE,NO,-7.0,0.6407792573956858,0.35346258521467894,0.005758157389635317,CLE,0.6407792573956858,0,4.33748622827941,0.6465508176888527,0.347691024921512,0.005758157389635317,CLE,0.6465508176888527,0,4.540997994175779,0.5302013422818792,0.46404602109300097,0.005752636625119847,CLE,0.5302013422818792,0,11,0,7.048571831352543,11,0,7.11205899457738,11,0,5.832214765100671
2022_16_NYG_MIN,2022-12-24T13:00-05:00,2022,16,MIN,NYG,3.0,0.6017416329516335,0.3925002096587311,0.005758157389635317,MIN,0.6017416329516335,1,3.115391246202814,0.6057213679174976,0.388520474692867,0.005758157389635317,MIN,0.6057213679174976,1,3.2507141812572753,0.5302013422818792,0.46404602109300097,0.005752636625119847,MIN,0.5302013422818792,1,5,5,3.0087081647581675,5,5,3.0286068395874883,12,12,6.3624161073825505
2022_16_SEA_KC,2022-12-24T13:00-05:00,2022,16,KC,SEA,14.0,0.792876234498745,0.20136560811161974,0.005758157389635317,KC,0.792876234498745,1,9.992681072717764,0.7938770289522716,0.20036481365809305,0.005758157389635317,KC,0.7938770289522716,1,10.078375790077914,0.5302013422818792,0.46404602109300097,0.005752636625119847,KC,0.5302013422818792,1,15,15,11.893143517481175,15,15,11.908155434284074,14,14,7.422818791946309
2022_16_HOU_TEN,2022-12-24T14:00-05:00,2022,16,TEN,HOU,-5.0,0.610485241382998,0.3837566012273666,0.005758157389635317,TEN,0.610485241382998,0,3.3848276551833134,0.6072482761006938,0.38699356650967087,0.005758157389635317,TEN,0.6072482761006938,0,3.297969316197427,0.5302013422818792,0.46404602109300097,0.005752636625119847,TEN,0.5302013422818792,0,7,0,4.273396689680986,6,0,3.643489656604163,7,0,3.7114093959731544
2022_16_WAS_SF,2022-12-24T16:05-05:00,2022,16,SF,WAS,17.0,0.7766381562396887,0.2176036863706758,0.005758157389635317,SF,0.7766381562396887,1,9.276367913248087,0.7835867303164624,0.21065511229390219,0.005758157389635317,SF,0.7835867303164624,1,9.616256348622805,0.5302013422818792,0.46404602109300097,0.005752636625119847,SF,0.5302013422818792,1,14,14,10.872934187355641,14,14,10.970214224430475,16,16,8.483221476510067
2022_16_PHI_DAL,2022-12-24T16:25-05:00,2022,16,DAL,PHI,6.0,0.6458194414965008,0.3484224011138639,0.005758157389635317,DAL,0.6458194414965008,1,4.499325430538695,0.6480071070684341,0.34623473554193057,0.005758157389635317,DAL,0.6480071070684341,1,4.588192225248327,0.5302013422818792,0.46404602109300097,0.005752636625119847,DAL,0.5302013422818792,1,12,12,7.74983329795801,12,12,7.776085284821209,13,13,6.89261744966443
2022_16_LV_PIT,2022-12-24T20:15-05:00,2022,16,PIT,LV,3.0,0.48280524249018986,0.5114366001201748,0.005758157389635317,LV,0.5114366001201748,0,-0.4200381546609042,0.47551507625943545,0.5187267663509291,0.005758157389635317,LV,0.5187267663509291,0,-0.636701849538877,0.5302013422818792,0.46404602109300097,0.005752636625119847,PIT,0.5302013422818792,1,2,0,1.0228732002403496,2,0,1.0374535327018581,10,10,5.302013422818792
2022_16_GB_MIA,2022-12-25T13:00-05:00,2022,16,MIA,GB,-6.0,0.5327526117450068,0.4614892308653578,0.005758157389635317,MIA,0.5327526117450068,0,1.0469803096957002,0.5347432449219118,0.4594985976884528,0.005758157389635317,MIA,0.5347432449219118,0,1.110115080490116,0.5302013422818792,0.46404602109300097,0.005752636625119847,MIA,0.5302013422818792,0,3,0,1.5982578352350203,3,0,1.6042297347657355,6,0,3.1812080536912752
2022_16_DEN_LA,2022-12-25T16:30-05:00,2022,16,LAR,DEN,37.0,0.4920319138700517,0.5022099287403129,0.005758157389635317,DEN,0.5022099287403129,0,-0.14928114558614825,0.4968404869020591,0.4974013557083055,0.005758157389635317,DEN,0.4974013557083055,0,-0.008258905845646591,0.5302013422818792,0.46404602109300097,0.005752636625119847,LAR,0.5302013422818792,1,1,0,0.5022099287403129,1,0,0.4974013557083055,4,4,2.120805369127517
2022_16_TB_ARI,2022-12-25T20:20-05:00,2022,16,ARI,TB,-3.0,0.3604562151333961,0.6337856274769685,0.005758157389635317,TB,0.6337856274769685,1,-4.114620584557795,0.3485482059432296,0.645693636667135,0.005758157389635317,TB,0.645693636667135,1,-4.513261932456815,0.5302013422818792,0.46404602109300097,0.005752636625119847,ARI,0.5302013422818792,0,10,10,6.337856274769686,10,10,6.45693636667135,15,0,7.953020134228188
2022_16_LAC_IND,2022-12-26T20:15-05:00,2022,16,IND,LAC,-17.0,0.37268893886071225,0.6215529037496524,0.005758157389635317,LAC,0.6215529037496524,1,-3.729192257521056,0.371009382525033,0.6232324600853317,0.005758157389635317,LAC,0.6232324600853317,1,-3.796933257330837,0.5302013422818792,0.46404602109300097,0.005752636625119847,IND,0.5302013422818792,0,9,9,5.593976133746872,8,8,4.985859680682654,9,0,4.771812080536913
2022_17_DAL_TEN,2022-12-29T20:15-05:00,2022,17,TEN,DAL,-14.0,0.19222620608213697,0.8020156365282275,0.005758157389635317,DAL,0.8020156365282275,1,-10.41490692166799,0.1965180326666362,0.7977238099437284,0.005758157389635317,DAL,0.7977238099437284,1,-10.255667030637445,0.5302013422818792,0.46404602109300097,0.005752636625119847,TEN,0.5302013422818792,0,14,14,11.228218911395185,14,14,11.168133339212197,5,0,2.651006711409396
2022_17_ARI_ATL,2023-01-01T13:00-05:00,2022,17,ATL,ARI,1.0,0.5938491515610309,0.4003926910493337,0.005758157389635317,ATL,0.5938491515610309,1,2.8739739432399114,0.5991085584475146,0.39513328416285,0.005758157389635317,ATL,0.5991085584475146,1,3.0468132270568367,0.5302013422818792,0.46404602109300097,0.005752636625119847,ATL,0.5302013422818792,1,4,4,2.3753966062441236,4,4,2.3964342337900586,1,1,0.5302013422818792
2022_17_CAR_TB,2023-01-01T13:00-05:00,2022,17,TB,CAR,6.0,0.6283580445345088,0.36588379807585586,0.005758157389635317,TB,0.6283580445345088,1,3.942946559692709,0.6336620796244068,0.36057976298595795,0.005758157389635317,TB,0.6336620796244068,1,4.127150609240203,0.5302013422818792,0.46404602109300097,0.005752636625119847,TB,0.5302013422818792,1,6,6,3.7701482672070528,7,7,4.4356345573708476,2,2,1.0604026845637584
2022_17_CHI_DET,2023-01-01T13:00-05:00,2022,17,DET,CHI,31.0,0.7396917332941734,0.2545501093161912,0.005758157389635317,DET,0.7396917332941734,1,7.777600349421618,0.7431239791637136,0.2511178634466509,0.005758157389635317,DET,0.7431239791637136,1,7.9419864225995935,0.5302013422818792,0.46404602109300097,0.005752636625119847,DET,0.5302013422818792,1,13,13,9.615992532824254,13,13,9.660611729128277,3,3,1.5906040268456376
2022_17_CLE_WAS,2023-01-01T13:00-05:00,2022,17,WAS,CLE,-14.0,0.5130622873173556,0.48117955529300904,0.005758157389635317,WAS,0.5130622873173556,0,0.4677687084806763,0.5052677445679362,0.4889740980424283,0.005758157389635317,WAS,0.5052677445679362,0,0.2399486751865213,0.5302013422818792,0.46404602109300097,0.005752636625119847,WAS,0.5302013422818792,0,1,0,0.5130622873173556,1,0,0.5052677445679362,4,0,2.120805369127517
2022_17_DEN_KC,2023-01-01T13:00-05:00,2022,17,KC,DEN,3.0,0.8635210868770288,0.130720755733336,0.005758157389635317,KC,0.8635210868770288,1,13.765131489057921,0.8645225667290589,0.12971927588130575,0.005758157389635317,KC,0.8645225667290589,1,13.88499866656245,0.5302013422818792,0.46404602109300097,0.005752636625119847,KC,0.5302013422818792,1,15,15,12.952816303155432,15,15,12.967838500935883,6,6,3.1812080536912752
2022_17_IND_NYG,2023-01-01T13:00-05:00,2022,17,NYG,IND,28.0,0.7172507335308715,0.2769911090794931,0.005758157389635317,NYG,0.7172507335308715,1,6.93697588816531,0.7151343285261893,0.2791075140841752,0.005758157389635317,NYG,0.7151343285261893,1,6.887385363978003,0.5302013422818792,0.46404602109300097,0.005752636625119847,NYG,0.5302013422818792,1,11,11,7.889758068839587,11,11,7.866477613788082,7,7,3.7114093959731544
2022_17_JAX_HOU,2023-01-01T13:00-05:00,2022,17,HOU,JAX,-28.0,0.3607644845468288,0.6334773580635359,0.005758157389635317,JAX,0.6334773580635359,1,-4.104840642125996,0.3633140806611006,0.630927761949264,0.005758157389635317,JAX,0.630927761949264,1,-4.04019427790724,0.5302013422818792,0.46404602109300097,0.005752636625119847,HOU,0.5302013422818792,0,7,7,4.434341506444751,6,6,3.7855665716955844,8,0,4.241610738255034
2022_17_MIA_NE,2023-01-01T13:00-05:00,2022,17,NE,MIA,2.0,0.5722356638222461,0.42200617878811847,0.005758157389635317,NE,0.5722356638222461,1,2.2203435931215236,0.5657955446660656,0.42844629794429895,0.005758157389635317,NE,0.5657955446660656,1,2.0355101295915436,0.5302013422818792,0.46404602109300097,0.005752636625119847,NE,0.5302013422818792,1,3,3,1.7167069914667383,3,3,1.697386633998197,10,10,5.302013422818792
2022_17_NO_PHI,2023-01-01T13:00-05:00,2022,17,PHI,NO,-10.0,0.7181903023490777,0.27605154026128703,0.005758157389635317,PHI,0.7181903023490777,0,6.971294183518332,0.7150747600980404,0.27916708251232425,0.005758157389635317,PHI,0.7150747600980404,0,6.885213443137339,0.5302013422818792,0.46404602109300097,0.005752636625119847,PHI,0.5302013422818792,0,12,0,8.618283628188932,10,0,7.150747600980404,12,0,6.3624161073825505
2022_17_NYJ_SEA,2023-01-01T16:05-05:00,2022,17,SEA,NYJ,17.0,0.6261909288980919,0.3680509137122728,0.005758157389635317,SEA,0.6261909288980919,1,3.874700313413565,0.6239395206273785,0.37030232198298607,0.005758157389635317,SEA,0.6239395206273785,1,3.819197337143211,0.5302013422818792,0.46404602109300097,0.005752636625119847,SEA,0.5302013422818792,1,5,5,3.1309546444904597,5,5,3.1196976031368924,13,13,6.89261744966443
2022_17_SF_LV,2023-01-01T16:05-05:00,2022,17,LV,SF,-3.0,0.2781226877660806,0.716119154844284,0.005758157389635317,SF,0.716119154844284,1,-6.895739018054501,0.2714777643350429,0.7227640782753217,0.005758157389635317,SF,0.7227640782753217,1,-7.167963599320001,0.5302013422818792,0.46404602109300097,0.005752636625119847,LV,0.5302013422818792,0,10,10,7.16119154844284,12,12,8.67316893930386,15,0,7.953020134228188
2022_17_LA_LAC,2023-01-01T16:25-05:00,2022,17,LAC,LAR,21.0,0.6503064992863978,0.3439353433239669,0.005758157389635317,LAC,0.6503064992863978,1,4.644312492241184,0.6463636453107683,0.34787819729959635,0.005758157389635317,LAC,0.6463636453107683,1,4.534938911667657,0.5302013422818792,0.46404602109300097,0.005752636625119847,LAC,0.5302013422818792,1,9,9,5.85275849357758,9,9,5.817272807796915,9,9,4.771812080536913
2022_17_MIN_GB,2023-01-01T16:25-05:00,2022,17,GB,MIN,24.0,0.6381845675787171,0.35605727503164747,0.005758157389635317,GB,0.6381845675787171,1,4.254576619967937,0.6414504780954132,0.3527913645149515,0.005758157389635317,GB,0.6414504780954132,1,4.376421959508045,0.5302013422818792,0.46404602109300097,0.005752636625119847,GB,0.5302013422818792,1,8,8,5.105476540629737,8,8,5.131603824763306,11,11,5.832214765100671
2022_17_PIT_BAL,2023-01-01T20:20-05:00,2022,17,BAL,PIT,-3.0,0.558019029873911,0.43622281273645364,0.005758157389635317,BAL,0.558019029873911,0,1.7953420334525725,0.5615129903244875,0.43272885228587715,0.005758157389635317,BAL,0.5615129903244875,0,1.9070859549697143,0.5302013422818792,0.46404602109300097,0.005752636625119847,BAL,0.5302013422818792,0,2,0,1.116038059747822,2,0,1.123025980648975,14,0,7.422818791946309
2022_18_KC_LV,2023-01-07T16:30-05:00,2022,18,LV,KC,-18.0,0.22371369888463047,0.7705281437257341,0.005758157389635317,KC,0.7705281437257341,1,-9.016880118679651,0.22076701271547233,0.7734748298948924,0.005758157389635317,KC,0.7734748298948924,1,-9.177964440268811,0.5302013422818792,0.46404602109300097,0.005752636625119847,LV,0.5302013422818792,0,12,12,9.246337724708809,12,12,9.281697958738707,8,0,4.241610738255034
2022_18_TEN_JAX,2023-01-07T20:15-05:00,2022,18,JAX,TEN,4.0,0.7313920167010826,0.26284982590928213,0.005758157389635317,JAX,0.7313920167010826,1,7.461395132610984,0.7294712524310252,0.2647705901793396,0.005758157389635317,JAX,0.7294712524310252,1,7.418706841353986,0.5302013422818792,0.46404602109300097,0.005752636625119847,JAX,0.5302013422818792,1,9,9,6.582528150309743,9,9,6.565241271879227,16,16,8.483221476510067
2022_18_BAL_CIN,2023-01-08T13:00-05:00,2022,18,CIN,BAL,11.0,0.7860488466587654,0.2081929959515993,0.005758157389635317,CIN,0.7860488466587654,1,9.686519784265627,0.7917012564477479,0.20254058616261678,0.005758157389635317,CIN,0.7917012564477479,1,9.979223812798208,0.5302013422818792,0.46404602109300097,0.005752636625119847,CIN,0.5302013422818792,1,14,14,11.004683853222716,14,14,11.08381759026847,2,2,1.0604026845637584
2022_18_CAR_NO,2023-01-08T13:00-05:00,2022,18,NO,CAR,-3.0,0.6094792034212262,0.3847626391891385,0.005758157389635317,NO,0.6094792034212262,0,3.3537138293855344,0.6076541523661989,0.38658769024416567,0.005758157389635317,NO,0.6076541523661989,0,3.310541814872897,0.5302013422818792,0.46404602109300097,0.005752636625119847,NO,0.5302013422818792,0,5,0,3.0473960171061307,5,0,3.0382707618309945,3,0,1.5906040268456376
2022_18_CLE_PIT,2023-01-08T13:00-05:00,2022,18,PIT,CLE,14.0,0.5256608954923586,0.4685809471180059,0.005758157389635317,PIT,0.5256608954923586,1,0.8380850653528823,0.5132857616689258,0.4809560809414388,0.005758157389635317,PIT,0.5132857616689258,1,0.47622888718477596,0.5302013422818792,0.46404602109300097,0.005752636625119847,PIT,0.5302013422818792,1,2,2,1.0513217909847172,2,2,1.0265715233378516,4,4,2.120805369127517
2022_18_HOU_IND,2023-01-08T13:00-05:00,2022,18,IND,HOU,-1.0,0.5508038096950226,0.4434380329153419,0.005758157389635317,IND,0.5508038096950226,0,1.580845102816796,0.5459573640197585,0.4482844785906061,0.005758157389635317,IND,0.5459573640197585,0,1.4429064543220291,0.5302013422818792,0.46404602109300097,0.005752636625119847,IND,0.5302013422818792,0,3,0,1.6524114290850678,3,0,1.6378720920592755,7,0,3.7114093959731544
2022_18_MIN_CHI,2023-01-08T13:00-05:00,2022,18,CHI,MIN,-16.0,0.2578841287111794,0.7363577138991854,0.005758157389635317,MIN,0.7363577138991854,1,-7.64978747825717,0.26039067145096617,0.7338511711593985,0.005758157389635317,MIN,0.7338511711593985,1,-7.584633567839526,0.5302013422818792,0.46404602109300097,0.005752636625119847,CHI,0.5302013422818792,0,10,10,7.363577138991854,10,10,7.338511711593984,11,0,5.832214765100671
2022_18_NE_BUF,2023-01-08T13:00-05:00,2022,18,BUF,NE,12.0,0.7490466929821521,0.2451951496282126,0.005758157389635317,BUF,0.7490466929821521,1,8.142232565464372,0.7599720324889688,0.2342698101213958,0.005758157389635317,BUF,0.7599720324889688,1,8.61447648110193,0.5302013422818792,0.46404602109300097,0.005752636625119847,BUF,0.5302013422818792,1,11,11,8.239513622803672,11,11,8.359692357378657,12,12,6.3624161073825505
2022_18_NYJ_MIA,2023-01-08T13:00-05:00,2022,18,MIA,NYJ,5.0,0.5775259126722871,0.41671592993807743,0.005758157389635317,MIA,0.5775259126722871,1,2.3794162802847847,0.5757713907123683,0.4184704518979964,0.005758157389635317,MIA,0.5757713907123683,1,2.3359095745059073,0.5302013422818792,0.46404602109300097,0.005752636625119847,MIA,0.5302013422818792,1,4,4,2.3101036506891486,4,4,2.303085562849473,14,14,7.422818791946309
2022_18_TB_ATL,2023-01-08T13:00-05:00,2022,18,ATL,TB,13.0,0.49969498259569245,0.49454686001467213,0.005758157389635317,ATL,0.49969498259569245,1,0.07550565291811906,0.5011724771164033,0.4930693654939613,0.005758157389635317,ATL,0.5011724771164033,1,0.11932257580270167,0.5302013422818792,0.46404602109300097,0.005752636625119847,ATL,0.5302013422818792,1,1,1,0.49969498259569245,1,1,0.5011724771164033,15,15,7.953020134228188
2022_18_ARI_SF,2023-01-08T16:25-05:00,2022,18,SF,ARI,25.0,0.8074577511828156,0.18678409142754904,0.005758157389635317,SF,0.8074577511828156,1,10.673607934145618,0.8140925797707189,0.18014926283964558,0.005758157389635317,SF,0.8140925797707189,1,11.040979393779761,0.5302013422818792,0.46404602109300097,0.005752636625119847,SF,0.5302013422818792,1,16,16,12.91932401892505,16,16,13.025481276331503,1,1,0.5302013422818792
2022_18_DAL_WAS,2023-01-08T16:25-05:00,2022,18,WAS,DAL,20.0,0.1927824300530139,0.8014594125573506,0.005758157389635317,DAL,0.8014594125573506,0,-10.388781816597966,0.19865670596285517,0.7955851366475094,0.005758157389635317,DAL,0.7955851366475094,0,-10.156781220120639,0.5302013422818792,0.46404602109300097,0.005752636625119847,WAS,0.5302013422818792,1,15,0,12.021891188360259,15,0,11.93377704971264,5,5,2.651006711409396
2022_18_LAC_DEN,2023-01-08T16:25-05:00,2022,18,DEN,LAC,3.0,0.3443949047304677,0.6498469378798969,0.005758157389635317,LAC,0.6498469378798969,0,-4.6294225535136695,0.3445733594263577,0.649668483184007,0.005758157389635317,LAC,0.649668483184007,0,-4.642145807986704,0.5302013422818792,0.46404602109300097,0.005752636625119847,DEN,0.5302013422818792,1,8,0,5.198775503039175,7,0,4.54767938228805,9,9,4.771812080536913
2022_18_LA_SEA,2023-01-08T16:25-05:00,2022,18,SEA,LAR,3.0,0.6454003485744618,0.34884149403590264,0.005758157389635317,SEA,0.6454003485744618,1,4.4858279164506225,0.6407305496405458,0.353511292969819,0.005758157389635317,SEA,0.6407305496405458,1,4.353278700454949,0.5302013422818792,0.46404602109300097,0.005752636625119847,SEA,0.5302013422818792,1,6,6,3.872402091446771,6,6,3.8443832978432746,10,10,5.302013422818792
2022_18_NYG_PHI,2023-01-08T16:25-05:00,2022,18,PHI,NYG,6.0,0.7793208190774416,0.21492102353292308,0.005758157389635317,PHI,0.7793208190774416,1,9.391953119985935,0.7759498445145383,0.2182919980958264,0.005758157389635317,PHI,0.7759498445145383,1,9.283880867614112,0.5302013422818792,0.46404602109300097,0.005752636625119847,PHI,0.5302013422818792,1,13,13,10.13117064800674,13,13,10.087347978688998,13,13,6.89261744966443
2022_18_DET_GB,2023-01-08T20:20-05:00,2022,18,GB,DET,-4.0,0.6485591544456945,0.3456826881646701,0.005758157389635317,GB,0.6485591544456945,0,4.587747562242612,0.6497314060339155,0.34451043657644903,0.005758157389635317,GB,0.6497314060339155,0,4.644191634362588,0.5302013422818792,0.46404602109300097,0.005752636625119847,GB,0.5302013422818792,0,7,0,4.5399140811198615,8,0,5.197851248271324,6,0,3.1812080536912752
2023_01_DET_KC,2023-09-07T20:20-04:00,2023,1,KC,DET,-1.0,0.7173508704844396,0.27655621253155444,0.006092916984006093,KC,0.7173508704844396,0,6.825715674107752,0.7218676650536602,0.2720394179623337,0.006092916984006093,KC,0.7218676650536602,0,7.013785946658539,0.5357686453576864,0.4581430745814307,0.0060882800608828,KC,0.5357686453576864,0,15,0,10.760263057266593,15,0,10.828014975804903,6,0,3.2146118721461185
2023_01_ARI_WAS,2023-09-10T13:00-04:00,2023,1,WAS,ARI,4.0,0.5829436134378313,0.41096346957816265,0.006092916984006093,WAS,0.5829436134378313,1,2.503460220412154,0.5855072793548306,0.4083998036611635,0.006092916984006093,WAS,0.5855072793548306,1,2.588998384131963,0.5357686453576864,0.4581430745814307,0.0060882800608828,WAS,0.5357686453576864,1,7,7,4.080605294064819,7,7,4.098550955483814,1,1,0.5357686453576864
2023_01_CAR_ATL,2023-09-10T13:00-04:00,2023,1,ATL,CAR,14.0,0.6241409230395452,0.3697661599764488,0.006092916984006093,ATL,0.6241409230395452,1,3.7489326694276675,0.6215317730757279,0.3723753099402661,0.006092916984006093,ATL,0.6215317730757279,1,3.6818063217015844,0.5357686453576864,0.4581430745814307,0.0060882800608828,ATL,0.5357686453576864,1,10,10,6.241409230395451,11,11,6.836849503833007,3,3,1.6073059360730593
2023_01_CIN_CLE,2023-09-10T13:00-04:00,2023,1,CLE,CIN,21.0,0.3628349292364205,0.6310721537795734,0.006092916984006093,CIN,0.6310721537795734,0,-3.9635315358410033,0.34373140341262354,0.6501756796033703,0.006092916984006093,CIN,0.6501756796033703,0,-4.580884158822325,0.5357686453576864,0.4581430745814307,0.0060882800608828,CLE,0.5357686453576864,1,11,0,6.941793691575307,13,0,8.452283834843813,4,4,2.1430745814307457
2023_01_HOU_BAL,2023-09-10T13:00-04:00,2023,1,BAL,HOU,16.0,0.7474448798409311,0.24646220317506287,0.006092916984006093,BAL,0.7474448798409311,1,7.9450197213959495,0.741812970625391,0.252094112390603,0.006092916984006093,BAL,0.741812970625391,1,7.7569235368122875,0.5357686453576864,0.4581430745814307,0.0060882800608828,BAL,0.5357686453576864,1,16,16,11.959118077454898,16,16,11.869007530006256,8,8,4.286149162861491
2023_01_JAX_IND,2023-09-10T13:00-04:00,2023,1,IND,JAX,-10.0,0.29030809106491523,0.7035989919510788,0.006092916984006093,JAX,0.7035989919510788,1,-6.339575825357885,0.297400280663267,0.696506802352727,0.006092916984006093,JAX,0.696506802352727,1,-6.1161526223279035,0.5357686453576864,0.4581430745814307,0.0060882800608828,IND,0.5357686453576864,0,14,14,9.850385887315102,14,14,9.751095232938178,9,0,4.821917808219178
2023_01_SF_PIT,2023-09-10T13:00-04:00,2023,1,PIT,SF,-23.0,0.45551314216757044,0.5383939408484236,0.006092916984006093,SF,0.5383939408484236,1,-1.1971107509420702,0.4689793247855283,0.5249277582304657,0.006092916984006093,SF,0.5249277582304657,1,-0.809992447562265,0.5357686453576864,0.4581430745814307,0.0060882800608828,PIT,0.5357686453576864,0,5,5,2.6919697042421182,2,2,1.0498555164609313,14,0,7.50076103500761
2023_01_TB_MIN,2023-09-10T13:00-04:00,2023,1,MIN,TB,-3.0,0.5205660358604121,0.47334104715558195,0.006092916984006093,MIN,0.5205660358604121,0,0.6810354411032036,0.545365442041965,0.44854164097402893,0.006092916984006093,MIN,0.545365442041965,0,1.4047380215494196,0.5357686453576864,0.4581430745814307,0.0060882800608828,MIN,0.5357686453576864,0,3,0,1.5616981075812362,3,0,1.636096326125895,15,0,8.036529680365296
2023_01_TEN_NO,2023-09-10T13:00-04:00,2023,1,NO,TEN,1.0,0.5702014848965694,0.42370559811942454,0.006092916984006093,NO,0.5702014848965694,1,2.1265282509703605,0.5780821954103276,0.41582488760566644,0.006092916984006093,NO,0.5780821954103276,1,2.3677803444597822,0.5357686453576864,0.4581430745814307,0.0060882800608828,NO,0.5357686453576864,1,6,6,3.4212089093794162,6,6,3.468493172461965,16,16,8.572298325722983
2023_01_GB_CHI,2023-09-10T16:25-04:00,2023,1,CHI,GB,-18.0,0.35251684942060085,0.641390233595393,0.006092916984006093,GB,0.641390233595393,1,-4.286268899179857,0.35200089413099966,0.6419061888849942,0.006092916984006093,GB,0.6419061888849942,1,-4.31802858411913,0.5357686453576864,0.4581430745814307,0.0060882800608828,CHI,0.5357686453576864,0,12,12,7.696682803144716,12,12,7.70287426661993,7,0,3.750380517503805
2023_01_LA_SEA,2023-09-10T16:25-04:00,2023,1,SEA,LAR,-17.0,0.5971602158059907,0.3967468672100033,0.006092916984006093,SEA,0.5971602158059907,0,2.928126125318225,0.567019736982866,0.4268873460331279,0.006092916984006093,SEA,0.567019736982866,0,2.04021076741523,0.5357686453576864,0.4581430745814307,0.0060882800608828,SEA,0.5357686453576864,0,9,0,5.374441942253916,5,0,2.83509868491433,10,0,5.357686453576864
2023_01_LV_DEN,2023-09-10T16:25-04:00,2023,1,DEN,LV,-1.0,0.4822458522059671,0.5116612308100269,0.006092916984006093,LV,0.5116612308100269,1,-0.4240059942821275,0.48844167830179147,0.5054654047142024,0.006092916984006093,LV,0.5054654047142024,1,-0.24622423360547918,0.5357686453576864,0.4581430745814307,0.0060882800608828,DEN,0.5357686453576864,0,2,2,1.0233224616200538,1,1,0.5054654047142024,11,0,5.893455098934551
2023_01_MIA_LAC,2023-09-10T16:25-04:00,2023,1,LAC,MIA,-2.0,0.5883690642557943,0.4055380187601998,0.006092916984006093,LAC,0.5883690642557943,0,2.6649716721080035,0.599544622658777,0.394362460357217,0.006092916984006093,LAC,0.599544622658777,0,3.010646778904002,0.5357686453576864,0.4581430745814307,0.0060882800608828,LAC,0.5357686453576864,0,8,0,4.706952514046354,8,0,4.796356981270216,12,0,6.429223744292237
2023_01_PHI_NE,2023-09-10T16:25-04:00,2023,1,NE,PHI,-5.0,0.45664804742177995,0.5372590355942142,0.006092916984006093,PHI,0.5372590355942142,1,-1.1641794945132626,0.3860932060030846,0.6078138770129092,0.006092916984006093,PHI,0.6078138770129092,1,-3.261401813369795,0.5357686453576864,0.4581430745814307,0.0060882800608828,NE,0.5357686453576864,0,4,4,2.1490361423768567,9,9,5.470324893116183,13,0,6.9649923896499235
2023_01_DAL_NYG,2023-09-10T20:20-04:00,2023,1,NYG,DAL,-40.0,0.49779369143359314,0.49611339158240086,0.006092916984006093,NYG,0.49779369143359314,0,0.02421351883825995,0.4435968747140554,0.5503102083019386,0.006092916984006093,DAL,0.5503102083019386,1,-1.5492788358596596,0.5357686453576864,0.4581430745814307,0.0060882800608828,NYG,0.5357686453576864,0,1,0,0.49779369143359314,4,4,2.201240833207754,5,0,2.678843226788432
2023_01_BUF_NYJ,2023-09-11T20:15-04:00,2023,1,NYJ,BUF,6.0,0.3337279716906773,0.6601791113253167,0.006092916984006093,BUF,0.6601791113253167,0,-4.885270822188872,0.38214498768554694,0.611762095330447,0.006092916984006093,BUF,0.611762095330447,0,-3.3818096052107296,0.5357686453576864,0.4581430745814307,0.0060882800608828,NYJ,0.5357686453576864,1,13,0,8.582328447229116,10,0,6.1176209533044705,2,2,1.0715372907153728
2023_02_MIN_PHI,2023-09-14T20:15-04:00,2023,2,PHI,MIN,6.0,0.6943655465286019,0.299541536487392,0.006092916984006093,PHI,0.6943655465286019,1,6.020755927305557,0.7466269661095656,0.24728011690642837,0.006092916984006093,PHI,0.7466269661095656,1,7.941984128780669,0.5357686453576864,0.4581430745814307,0.0060882800608828,PHI,0.5357686453576864,1,14,14,9.721117651400426,14,14,10.452777525533918,10,10,5.357686453576864
2023_02_BAL_CIN,2023-09-17T13:00-04:00,2023,2,CIN,BAL,-3.0,0.6354280436737535,0.35847903934224035,0.006092916984006093,CIN,0.6354280436737535,0,4.099282694828584,0.6621172381945499,0.331789844821444,0.006092916984006093,CIN,0.6621172381945499,0,4.965812964846667,0.5357686453576864,0.4581430745814307,0.0060882800608828,CIN,0.5357686453576864,0,11,0,6.989708480411289,12,0,7.945406858334599,1,0,0.5357686453576864
2023_02_CHI_TB,2023-09-17T13:00-04:00,2023,2,TB,CHI,10.0,0.7817887223014804,0.2121183607145134,0.006092916984006093,TB,0.7817887223014804,1,9.341371361746592,0.7650815256086407,0.2288255574073532,0.006092916984006093,TB,0.7650815256086407,1,8.674906906984393,0.5357686453576864,0.4581430745814307,0.0060882800608828,TB,0.5357686453576864,1,16,16,12.508619556823687,15,15,11.47622288412961,2,2,1.0715372907153728
2023_02_GB_ATL,2023-09-17T13:00-04:00,2023,2,ATL,GB,1.0,0.4528805831207248,0.5410264998952692,0.006092916984006093,GB,0.5410264998952692,0,-1.2735482876985784,0.4544260072278148,0.5394810757881792,0.006092916984006093,GB,0.5394810757881792,0,-1.2330975294263287,0.5357686453576864,0.4581430745814307,0.0060882800608828,ATL,0.5357686453576864,1,6,0,3.246158999371615,6,0,3.236886454729075,4,4,2.1430745814307457
2023_02_IND_HOU,2023-09-17T13:00-04:00,2023,2,HOU,IND,-11.0,0.5309811451452311,0.46292593787076286,0.006092916984006093,HOU,0.5309811451452311,0,0.982227693856961,0.5285314068403976,0.46537567617559633,0.006092916984006093,HOU,0.5285314068403976,0,0.9146016783173475,0.5357686453576864,0.4581430745814307,0.0060882800608828,HOU,0.5357686453576864,0,3,0,1.5929434354356933,4,0,2.1141256273615903,5,0,2.678843226788432
2023_02_KC_JAX,2023-09-17T13:00-04:00,2023,2,JAX,KC,-8.0,0.4014723187984891,0.592434764217505,0.006092916984006093,KC,0.592434764217505,1,-2.786442957379364,0.3862243682490157,0.6076827147669783,0.006092916984006093,KC,0.6076827147669783,1,-3.2574095936111735,0.5357686453576864,0.4581430745814307,0.0060882800608828,JAX,0.5357686453576864,0,8,8,4.73947811374004,10,10,6.076827147669784,6,0,3.2146118721461185
2023_02_LAC_TEN,2023-09-17T13:00-04:00,2023,2,TEN,LAC,3.0,0.43663096712528643,0.5572761158907075,0.006092916984006093,LAC,0.5572761158907075,0,-1.7471384179374785,0.41481225389727466,0.5790948291187193,0.006092916984006093,LAC,0.5790948291187193,0,-2.3978824349995063,0.5357686453576864,0.4581430745814307,0.0060882800608828,TEN,0.5357686453576864,1,7,0,3.900932811234952,7,0,4.053663803831036,7,7,3.750380517503805
2023_02_LV_BUF,2023-09-17T13:00-04:00,2023,2,BUF,LV,28.0,0.6649008916322295,0.32900619138376436,0.006092916984006093,BUF,0.6649008916322295,1,5.038352108088489,0.6336756607014667,0.36023142231452726,0.006092916984006093,BUF,0.6336756607014667,1,4.059167050059864,0.5357686453576864,0.4581430745814307,0.0060882800608828,BUF,0.5357686453576864,1,12,12,7.978810699586754,11,11,6.970432267716134,8,8,4.286149162861491
2023_02_SEA_DET,2023-09-17T13:00-04:00,2023,2,DET,SEA,-6.0,0.6718034832584944,0.3221035997574996,0.006092916984006093,DET,0.6718034832584944,0,5.264153732746996,0.6851187086771053,0.3087883743388886,0.006092916984006093,DET,0.6851187086771053,0,5.727602854175619,0.5357686453576864,0.4581430745814307,0.0060882800608828,DET,0.5357686453576864,0,13,0,8.733445282360426,13,0,8.906543212802369,14,0,7.50076103500761
2023_02_NYG_ARI,2023-09-17T16:05-04:00,2023,2,ARI,NYG,-3.0,0.4561236023525512,0.5377834806634428,0.006092916984006093,NYG,0.5377834806634428,1,-1.1793956359868933,0.4783729950748913,0.5155340879411026,0.006092916984006093,NYG,0.5155340879411026,1,-0.5376809619094032,0.5357686453576864,0.4581430745814307,0.0060882800608828,ARI,0.5357686453576864,0,5,5,2.6889174033172143,3,3,1.5466022638233077,12,0,6.429223744292237
2023_02_SF_LA,2023-09-17T16:05-04:00,2023,2,LAR,SF,-7.0,0.3774537675009338,0.6164533155150602,0.006092916984006093,SF,0.6164533155150602,1,-3.512821287433614,0.40234478092058473,0.5915623020954093,0.006092916984006093,SF,0.5915623020954093,1,-2.7702956206447755,0.5357686453576864,0.4581430745814307,0.0060882800608828,LAR,0.5357686453576864,0,10,10,6.164533155150602,8,8,4.732498416763274,15,0,8.036529680365296
2023_02_NYJ_DAL,2023-09-17T16:25-04:00,2023,2,DAL,NYJ,20.0,0.7566603429985698,0.23724674001742427,0.006092916984006093,DAL,0.7566603429985698,1,8.305671593401733,0.7725304983639576,0.22137658465203633,0.006092916984006093,DAL,0.7725304983639576,1,8.98239531375441,0.5357686453576864,0.4581430745814307,0.0060882800608828,DAL,0.5357686453576864,1,15,15,11.349905144978546,16,16,12.360487973823322,13,13,6.9649923896499235
2023_02_WAS_DEN,2023-09-17T16:25-04:00,2023,2,DEN,WAS,-2.0,0.6016665228581246,0.3922405601578693,0.006092916984006093,DEN,0.6016665228581246,0,3.0637668836065144,0.605507156774748,0.38839992624124603,0.006092916984006093,DEN,0.605507156774748,0,3.191263087721218,0.5357686453576864,0.4581430745814307,0.0060882800608828,DEN,0.5357686453576864,0,9,0,5.4149987057231215,9,0,5.449564410972732,16,0,8.572298325722983
2023_02_MIA_NE,2023-09-17T20:20-04:00,2023,2,NE,MIA,-7.0,0.5123554180762848,0.48155166493970913,0.006092916984006093,NE,0.5123554180762848,0,0.44403116214520555,0.5118066718014528,0.4821004112145412,0.006092916984006093,NE,0.5118066718014528,0,0.4297452102944215,0.5357686453576864,0.4581430745814307,0.0060882800608828,NE,0.5357686453576864,0,2,0,1.0247108361525696,2,0,1.0236133436029056,9,0,4.821917808219178
2023_02_NO_CAR,2023-09-18T19:15-04:00,2023,2,CAR,NO,-3.0,0.45966136560498927,0.5342457174110046,0.006092916984006093,NO,0.5342457174110046,1,-1.0768014368996623,0.46485938213694056,0.5290477008790535,0.006092916984006093,NO,0.5290477008790535,1,-0.929596691067486,0.5357686453576864,0.4581430745814307,0.0060882800608828,CAR,0.5357686453576864,0,4,4,2.1369828696440183,5,5,2.6452385043952678,11,0,5.893455098934551
2023_02_CLE_PIT,2023-09-18T20:15-04:00,2023,2,PIT,CLE,4.0,0.5113626603024755,0.4825444227135185,0.006092916984006093,PIT,0.5113626603024755,1,0.41539366753290025,0.507588574913468,0.48631850810252586,0.006092916984006093,PIT,0.507588574913468,1,0.30765845481250537,0.5357686453576864,0.4581430745814307,0.0060882800608828,PIT,0.5357686453576864,1,1,1,0.5113626603024755,1,1,0.507588574913468,3,3,1.6073059360730593
2023_03_NYG_SF,2023-09-21T20:15-04:00,2023,3,SF,NYG,18.0,0.7653922840271489,0.22851479898884494,0.006092916984006093,SF,0.7653922840271489,1,8.65638297171202,0.7729456049250649,0.22096147809092903,0.006092916984006093,SF,0.7729456049250649,1,8.999745268575548,0.5357686453576864,0.4581430745814307,0.0060882800608828,SF,0.5357686453576864,1,15,15,11.480884260407233,15,15,11.594184073875974,13,13,6.9649923896499235
2023_03_ATL_DET,2023-09-24T13:00-04:00,2023,3,DET,ATL,14.0,0.5943298978374664,0.39957718517852764,0.006092916984006093,DET,0.5943298978374664,1,2.8431985651896055,0.5920307963897194,0.40187628662627445,0.006092916984006093,DET,0.5920307963897194,1,2.784358742159452,0.5357686453576864,0.4581430745814307,0.0060882800608828,DET,0.5357686453576864,1,7,7,4.160309284862264,6,6,3.552184778338317,1,1,0.5357686453576864
2023_03_BUF_WAS,2023-09-24T13:00-04:00,2023,3,WAS,BUF,-34.0,0.3032213453760448,0.6906857376399492,0.006092916984006093,BUF,0.6906857376399492,1,-5.895265889351132,0.3348955882243146,0.6590114947916794,0.006092916984006093,BUF,0.6590114947916794,1,-4.86506017550416,0.5357686453576864,0.4581430745814307,0.0060882800608828,WAS,0.5357686453576864,0,10,10,6.9068573763994925,10,10,6.590114947916794,2,0,1.0715372907153728
2023_03_DEN_MIA,2023-09-24T13:00-04:00,2023,3,MIA,DEN,50.0,0.7006174298266422,0.29328965318935174,0.006092916984006093,MIA,0.7006174298266422,1,6.2359921435503916,0.7009266275835899,0.292980455432404,0.006092916984006093,MIA,0.7009266275835899,1,6.26922723846216,0.5357686453576864,0.4581430745814307,0.0060882800608828,MIA,0.5357686453576864,1,11,11,7.706791728093064,11,11,7.71019290341949,6,6,3.2146118721461185
2023_03_HOU_JAX,2023-09-24T13:00-04:00,2023,3,JAX,HOU,-20.0,0.7266782700702763,0.26722881294571754,0.006092916984006093,JAX,0.7266782700702763,0,7.163922407970967,0.7227196147491262,0.2711874682668679,0.006092916984006093,JAX,0.7227196147491262,0,7.044806135428468,0.5357686453576864,0.4581430745814307,0.0060882800608828,JAX,0.5357686453576864,0,13,0,9.446817510913592,12,0,8.672635376989515,7,0,3.750380517503805
2023_03_IND_BAL,2023-09-24T13:00-04:00,2023,3,BAL,IND,-3.0,0.7258033231283012,0.26810375988769275,0.006092916984006093,BAL,0.7258033231283012,0,7.1318862829534035,0.7260426097457564,0.26786447327023755,0.006092916984006093,BAL,0.7260426097457564,0,7.166385936949407,0.5357686453576864,0.4581430745814307,0.0060882800608828,BAL,0.5357686453576864,0,12,0,8.709639877539615,13,0,9.438553926694834,8,0,4.286149162861491
2023_03_LAC_MIN,2023-09-24T13:00-04:00,2023,3,MIN,LAC,-4.0,0.4605104127504212,0.5333966702655727,0.006092916984006093,LAC,0.5333966702655727,1,-1.052196091280539,0.44823500154932977,0.5456720814666642,0.006092916984006093,LAC,0.5456720814666642,1,-1.4136928915453217,0.5357686453576864,0.4581430745814307,0.0060882800608828,MIN,0.5357686453576864,0,2,2,1.0667933405311454,1,1,0.5456720814666642,9,0,4.821917808219178
2023_03_NE_NYJ,2023-09-24T13:00-04:00,2023,3,NYJ,NE,-5.0,0.41532056192754274,0.5785865210884512,0.006092916984006093,NE,0.5785865210884512,1,-2.3742096719445778,0.41534822378008923,0.5785588592359047,0.006092916984006093,NE,0.5785588592359047,1,-2.381947328292864,0.5357686453576864,0.4581430745814307,0.0060882800608828,NYJ,0.5357686453576864,0,6,6,3.4715191265307075,4,4,2.3142354369436187,11,0,5.893455098934551
2023_03_NO_GB,2023-09-24T13:00-04:00,2023,3,GB,NO,1.0,0.6473886703954896,0.3465184126205043,0.006092916984006093,GB,0.6473886703954896,1,4.475835084796472,0.649661430863319,0.344245652152675,0.006092916984006093,GB,0.649661430863319,1,4.564453095650345,0.5357686453576864,0.4581430745814307,0.0060882800608828,GB,0.5357686453576864,1,9,9,5.826498033559407,9,9,5.846952877769871,12,12,6.429223744292237
2023_03_TEN_CLE,2023-09-24T13:00-04:00,2023,3,CLE,TEN,24.0,0.5774652462872014,0.41644183672879254,0.006092916984006093,CLE,0.5774652462872014,1,2.341010444397707,0.5864076547255435,0.40749942829045055,0.006092916984006093,CLE,0.5864076547255435,1,2.615904213734688,0.5357686453576864,0.4581430745814307,0.0060882800608828,CLE,0.5357686453576864,1,5,5,2.887326231436007,5,5,2.9320382736277173,16,16,8.572298325722983
2023_03_CAR_SEA,2023-09-24T16:05-04:00,2023,3,SEA,CAR,10.0,0.6460785721276171,0.34782851088837674,0.006092916984006093,SEA,0.6460785721276171,1,4.434304831327427,0.6304803310548823,0.36342675196111174,0.006092916984006093,SEA,0.6304803310548823,1,3.959365125617695,0.5357686453576864,0.4581430745814307,0.0060882800608828,SEA,0.5357686453576864,1,8,8,5.168628577020937,8,8,5.043842648439059,3,3,1.6073059360730593
2023_03_CHI_KC,2023-09-24T16:25-04:00,2023,3,KC,CHI,31.0,0.9032998971240108,0.09060718589198316,0.006092916984006093,KC,0.9032998971240108,1,16.467356649387437,0.9065442893057682,0.0873627937102258,0.006092916984006093,KC,0.9065442893057682,1,16.81456340252383,0.5357686453576864,0.4581430745814307,0.0060882800608828,KC,0.5357686453576864,1,16,16,14.452798353984173,16,16,14.504708628892292,4,4,2.1430745814307457
2023_03_DAL_ARI,2023-09-24T16:25-04:00,2023,3,ARI,DAL,12.0,0.2581184298066283,0.7357886532093657,0.006092916984006093,DAL,0.7357886532093657,0,-7.501543774393438,0.24410403482287232,0.7498030481931216,0.006092916984006093,DAL,0.7498030481931216,0,-8.065400886000102,0.5357686453576864,0.4581430745814307,0.0060882800608828,ARI,0.5357686453576864,1,14,0,10.30104114493112,14,0,10.497242674703703,5,5,2.678843226788432
2023_03_PIT_LV,2023-09-24T20:20-04:00,2023,3,LV,PIT,-5.0,0.5611269060622625,0.43278017695373144,0.006092916984006093,LV,0.5611269060622625,0,1.8598895577248875,0.557704467987451,0.43620261502854296,0.006092916984006093,LV,0.557704467987451,0,1.7660139547693232,0.5357686453576864,0.4581430745814307,0.0060882800608828,LV,0.5357686453576864,0,4,0,2.24450762424905,2,0,1.115408935974902,15,0,8.036529680365296
2023_03_PHI_TB,2023-09-25T19:15-04:00,2023,3,TB,PHI,-14.0,0.46708494590002164,0.5268221371159724,0.006092916984006093,PHI,0.5268221371159724,1,-0.861865061497914,0.3929865415698877,0.6009205414461063,0.006092916984006093,PHI,0.6009205414461063,1,-3.0522408619499273,0.5357686453576864,0.4581430745814307,0.0060882800608828,TB,0.5357686453576864,0,1,1,0.5268221371159724,7,7,4.206443790122744,14,0,7.50076103500761
2023_03_LA_CIN,2023-09-25T20:15-04:00,2023,3,CIN,LAR,3.0,0.5532232993003185,0.4406837837156755,0.006092916984006093,CIN,0.5532232993003185,1,1.6287039717326193,0.5649788084978097,0.4289282745181843,0.006092916984006093,CIN,0.5649788084978097,1,1.9800161531939862,0.5357686453576864,0.4581430745814307,0.0060882800608828,CIN,0.5357686453576864,1,3,3,1.6596698979009556,3,3,1.6949364254934292,10,10,5.357686453576864
2023_04_DET_GB,2023-09-28T20:15-04:00,2023,4,GB,DET,-14.0,0.5542357006376327,0.4396713823783613,0.006092916984006093,GB,0.5542357006376327,0,1.6582677249679076,0.5557530977813097,0.4381539852346842,0.006092916984006093,GB,0.5557530977813097,0,1.70874315331339,0.5357686453576864,0.4581430745814307,0.0060882800608828,GB,0.5357686453576864,0,6,0,3.3254142038257966,5,0,2.778765488906548,6,0,3.2146118721461185
2023_04_ATL_JAX,2023-10-01T09:30-04:00,2023,4,JAX,ATL,16.0,0.566961607421463,0.42694547559453105,0.006092916984006093,JAX,0.566961607421463,1,2.0311721790493795,0.5613533240005497,0.4325537590154442,0.006092916984006093,JAX,0.5613533240005497,1,1.873255625580234,0.5357686453576864,0.4581430745814307,0.0060882800608828,JAX,0.5357686453576864,1,7,7,3.9687312519502407,7,7,3.929473268003848,2,2,1.0715372907153728
2023_04_BAL_CLE,2023-10-01T13:00-04:00,2023,4,CLE,BAL,-25.0,0.4036273252456676,0.5902797577703265,0.006092916984006093,BAL,0.5902797577703265,1,-2.7220094023223727,0.40718799701819813,0.5867190859977959,0.006092916984006093,BAL,0.5867190859977959,1,-2.625214896808706,0.5357686453576864,0.4581430745814307,0.0060882800608828,CLE,0.5357686453576864,0,8,8,4.722238062162612,8,8,4.693752687982367,3,0,1.6073059360730593
2023_04_CIN_TEN,2023-10-01T13:00-04:00,2023,4,TEN,CIN,24.0,0.3519635544812852,0.6419435285347087,0.006092916984006093,CIN,0.6419435285347087,0,-4.3036926038140635,0.3215764748557656,0.6723306081602283,0.006092916984006093,CIN,0.6723306081602283,0,-5.300541323222497,0.5357686453576864,0.4581430745814307,0.0060882800608828,TEN,0.5357686453576864,1,10,0,6.419435285347087,11,0,7.395636689762511,4,4,2.1430745814307457
2023_04_DEN_CHI,2023-10-01T13:00-04:00,2023,4,CHI,DEN,-3.0,0.3753760467725697,0.6185310362434242,0.006092916984006093,DEN,0.6185310362434242,1,-3.576445441352945,0.3727485082107831,0.6211585748052109,0.006092916984006093,DEN,0.6211585748052109,1,-3.670290271916544,0.5357686453576864,0.4581430745814307,0.0060882800608828,CHI,0.5357686453576864,0,9,9,5.566779326190818,9,9,5.590427173246898,5,0,2.678843226788432
2023_04_LA_IND,2023-10-01T13:00-04:00,2023,4,IND,LAR,-6.0,0.44413647109326765,0.5497706119227264,0.006092916984006093,LAR,0.5497706119227264,1,-1.5279822332850237,0.4344953276784592,0.5594117553375347,0.006092916984006093,LAR,0.5594117553375347,1,-1.816166902186355,0.5357686453576864,0.4581430745814307,0.0060882800608828,IND,0.5357686453576864,0,5,5,2.748853059613632,6,6,3.3564705320252086,8,0,4.286149162861491
2023_04_MIA_BUF,2023-10-01T13:00-04:00,2023,4,BUF,MIA,28.0,0.6572706763751461,0.3366364066408478,0.006092916984006093,BUF,0.6572706763751461,1,4.791512749707516,0.6240032595148476,0.3699038235011463,0.006092916984006093,BUF,0.6240032595148476,1,3.758188406112555,0.5357686453576864,0.4581430745814307,0.0060882800608828,BUF,0.5357686453576864,1,11,11,7.229977440126607,10,10,6.240032595148476,10,10,5.357686453576864
2023_04_MIN_CAR,2023-10-01T13:00-04:00,2023,4,CAR,MIN,-8.0,0.4601709247275229,0.533736158288471,0.006092916984006093,MIN,0.533736158288471,1,-1.0620336859828816,0.46326400448096205,0.5306430785350319,0.006092916984006093,MIN,0.5306430785350319,1,-0.9759450401990941,0.5357686453576864,0.4581430745814307,0.0060882800608828,CAR,0.5357686453576864,0,4,4,2.134944633153884,4,4,2.1225723141401276,11,0,5.893455098934551
2023_04_PIT_HOU,2023-10-01T13:00-04:00,2023,4,HOU,PIT,24.0,0.47690188054826066,0.5170052024677333,0.006092916984006093,PIT,0.5170052024677333,0,-0.5782117400692975,0.47950118909005635,0.5144058939259375,0.006092916984006093,PIT,0.5144058939259375,0,-0.50500571727148,0.5357686453576864,0.4581430745814307,0.0060882800608828,HOU,0.5357686453576864,1,3,0,1.5510156074031998,2,0,1.028811787851875,13,13,6.9649923896499235
2023_04_TB_NO,2023-10-01T13:00-04:00,2023,4,NO,TB,-17.0,0.5051461555244035,0.4887609274915904,0.006092916984006093,NO,0.5051461555244035,0,0.23613618559298954,0.5223670421589041,0.4715400408570899,0.006092916984006093,NO,0.5223670421589041,0,0.7357108958772747,0.5357686453576864,0.4581430745814307,0.0060882800608828,NO,0.5357686453576864,0,2,0,1.010292311048807,3,0,1.5671011264767123,15,0,8.036529680365296
2023_04_WAS_PHI,2023-10-01T13:00-04:00,2023,4,PHI,WAS,3.0,0.8174873115442126,0.17641977147178145,0.006092916984006093,PHI,0.8174873115442126,1,10.980780740247834,0.8456352378101386,0.14827184520585526,0.006092916984006093,PHI,0.8456352378101386,1,12.512912501820423,0.5357686453576864,0.4581430745814307,0.0060882800608828,PHI,0.5357686453576864,1,14,14,11.444822361618977,16,16,13.530163804962218,16,16,8.572298325722983
2023_04_LV_LAC,2023-10-01T16:05-04:00,2023,4,LAC,LV,7.0,0.7776008713684481,0.21630621164754588,0.006092916984006093,LAC,0.7776008713684481,1,9.16290122362577,0.7818520512078468,0.21205503180814714,0.006092916984006093,LAC,0.7818520512078468,1,9.377778799023783,0.5357686453576864,0.4581430745814307,0.0060882800608828,LAC,0.5357686453576864,1,13,13,10.108811327789827,13,13,10.164076665702009,9,9,4.821917808219178
2023_04_ARI_SF,2023-10-01T16:25-04:00,2023,4,SF,ARI,19.0,0.8176787207834784,0.17622836223251553,0.006092916984006093,SF,0.8176787207834784,1,10.99023117435106,0.809897494531908,0.18400958848408597,0.006092916984006093,SF,0.809897494531908,1,10.650602714137788,0.5357686453576864,0.4581430745814307,0.0060882800608828,SF,0.5357686453576864,1,15,15,12.265180811752176,14,14,11.338564923446711,1,1,0.5357686453576864
2023_04_NE_DAL,2023-10-01T16:25-04:00,2023,4,DAL,NE,35.0,0.6648542503358745,0.3290528326801194,0.006092916984006093,DAL,0.6648542503358745,1,5.036834616270622,0.6798301237356467,0.3140769592803473,0.006092916984006093,DAL,0.6798301237356467,1,5.549860038909552,0.5357686453576864,0.4581430745814307,0.0060882800608828,DAL,0.5357686453576864,1,12,12,7.978251004030494,12,12,8.15796148482776,12,12,6.429223744292237
2023_04_KC_NYJ,2023-10-01T20:20-04:00,2023,4,NYJ,KC,-3.0,0.1638995101685198,0.8300075728474741,0.006092916984006093,KC,0.8300075728474741,1,-11.61678343990325,0.1604947744383589,0.8334123085776352,0.006092916984006093,KC,0.8334123085776352,1,-11.838958644419918,0.5357686453576864,0.4581430745814307,0.0060882800608828,NYJ,0.5357686453576864,0,16,16,13.280121165559585,15,15,12.501184628664527,7,0,3.750380517503805
2023_04_SEA_NYG,2023-10-02T20:15-04:00,2023,4,NYG,SEA,-21.0,0.4903352816743325,0.5035718013416615,0.006092916984006093,SEA,0.5035718013416615,1,-0.19075247961210828,0.4849038233752162,0.5090032596407777,0.006092916984006093,SEA,0.5090032596407777,1,-0.3485986526614908,0.5357686453576864,0.4581430745814307,0.0060882800608828,NYG,0.5357686453576864,0,1,1,0.5035718013416615,1,1,0.5090032596407777,14,0,7.50076103500761
2023_05_CHI_WAS,2023-10-05T20:15-04:00,2023,5,WAS,CHI,-20.0,0.7213210883195741,0.27258599469642,0.006092916984006093,WAS,0.7213210883195741,0,6.96879134320955,0.7207069570592135,0.27320012595678034,0.006092916984006093,WAS,0.7207069570592135,0,6.971620850154395,0.5357686453576864,0.4581430745814307,0.0060882800608828,WAS,0.5357686453576864,0,10,0,7.213210883195741,11,0,7.927776527651348,3,0,1.6073059360730593
2023_05_JAX_BUF,2023-10-08T09:30-04:00,2023,5,BUF,JAX,-5.0,0.7430527437586665,0.25085433925732753,0.006092916984006093,BUF,0.7430527437586665,0,7.776320667320784,0.7199627836477652,0.2739442993682287,0.006092916984006093,BUF,0.7199627836477652,0,6.944645741954133,0.5357686453576864,0.4581430745814307,0.0060882800608828,BUF,0.5357686453576864,0,12,0,8.916632925103997,10,0,7.199627836477652,8,0,4.286149162861491
2023_05_BAL_PIT,2023-10-08T13:00-04:00,2023,5,PIT,BAL,7.0,0.3840239430163042,0.6098831399996897,0.006092916984006093,BAL,0.6098831399996897,0,-3.3125075887444186,0.386241378658163,0.607665704357831,0.006092916984006093,BAL,0.607665704357831,0,-3.256891879522928,0.5357686453576864,0.4581430745814307,0.0060882800608828,PIT,0.5357686453576864,1,8,0,4.8790651199975175,8,0,4.861325634862648,1,1,0.5357686453576864
2023_05_CAR_DET,2023-10-08T13:00-04:00,2023,5,DET,CAR,18.0,0.7619071516574394,0.23199993135855462,0.006092916984006093,DET,0.7619071516574394,1,8.515307868256134,0.7617317190330998,0.23217536398289418,0.006092916984006093,DET,0.7617317190330998,1,8.538921186638381,0.5357686453576864,0.4581430745814307,0.0060882800608828,DET,0.5357686453576864,1,13,13,9.904792971546712,13,13,9.902512347430298,2,2,1.0715372907153728
2023_05_HOU_ATL,2023-10-08T13:00-04:00,2023,5,ATL,HOU,2.0,0.4395700238016775,0.5543370592143165,0.006092916984006093,HOU,0.5543370592143165,0,-1.6612283297904513,0.437539277910075,0.5563678051059189,0.006092916984006093,HOU,0.5563678051059189,0,-1.7267783004577972,0.5357686453576864,0.4581430745814307,0.0060882800608828,ATL,0.5357686453576864,1,4,0,2.217348236857266,3,0,1.6691034153177566,7,7,3.750380517503805
2023_05_NO_NE,2023-10-08T13:00-04:00,2023,5,NE,NO,-34.0,0.5684364131990899,0.42547066981690396,0.006092916984006093,NE,0.5684364131990899,0,2.0745559856081073,0.5686460233897348,0.42526105962625915,0.006092916984006093,NE,0.5686460233897348,0,2.0882268745662538,0.5357686453576864,0.4581430745814307,0.0060882800608828,NE,0.5357686453576864,0,5,0,2.8421820659954493,4,0,2.274584093558939,10,0,5.357686453576864
2023_05_NYG_MIA,2023-10-08T13:00-04:00,2023,5,MIA,NYG,15.0,0.7727564730330423,0.22115060998295172,0.006092916984006093,MIA,0.7727564730330423,1,8.959534790195155,0.7856555513927957,0.20825153162319807,0.006092916984006093,MIA,0.7856555513927957,1,9.542736424920054,0.5357686453576864,0.4581430745814307,0.0060882800608828,MIA,0.5357686453576864,1,14,14,10.818590622462592,14,14,10.99917771949914,11,11,5.893455098934551
2023_05_TEN_IND,2023-10-08T13:00-04:00,2023,5,IND,TEN,7.0,0.4926475383655361,0.5012595446504579,0.006092916984006093,TEN,0.5012595446504579,0,-0.12410403802662118,0.5022023267190782,0.4917047562969158,0.006092916984006093,IND,0.5022023267190782,1,0.15182337260250756,0.5357686453576864,0.4581430745814307,0.0060882800608828,IND,0.5357686453576864,1,1,0,0.5012595446504579,1,1,0.5022023267190782,14,14,7.50076103500761
2023_05_CIN_ARI,2023-10-08T16:05-04:00,2023,5,ARI,CIN,-14.0,0.44010791136623034,0.5537991716497636,0.006092916984006093,CIN,0.5537991716497636,1,-1.6455186631968532,0.4148228471801076,0.5790842358358864,0.006092916984006093,CIN,0.5790842358358864,1,-2.3975674259764688,0.5357686453576864,0.4581430745814307,0.0060882800608828,ARI,0.5357686453576864,0,3,3,1.6613975149492908,5,5,2.895421179179432,4,0,2.1430745814307457
2023_05_PHI_LA,2023-10-08T16:05-04:00,2023,5,LAR,PHI,-9.0,0.41955480381938487,0.5743522791966091,0.006092916984006093,PHI,0.5743522791966091,1,-2.2489696846332947,0.38767561606448875,0.6062314669515052,0.006092916984006093,PHI,0.6062314669515052,1,-3.2132703992336187,0.5357686453576864,0.4581430745814307,0.0060882800608828,LAR,0.5357686453576864,0,6,6,3.446113675179655,7,7,4.243620268660536,13,0,6.9649923896499235
2023_05_KC_MIN,2023-10-08T16:25-04:00,2023,5,MIN,KC,-7.0,0.2637613093677918,0.7301457736482021,0.006092916984006093,KC,0.7301457736482021,1,-7.291542892980521,0.2578337965636487,0.7360732864523452,0.006092916984006093,KC,0.7360732864523452,1,-7.5392991026388225,0.5357686453576864,0.4581430745814307,0.0060882800608828,MIN,0.5357686453576864,0,11,11,8.031603510130223,12,12,8.832879437428142,9,0,4.821917808219178
2023_05_NYJ_DEN,2023-10-08T16:25-04:00,2023,5,DEN,NYJ,-10.0,0.5911587364763604,0.40274834653963343,0.006092916984006093,DEN,0.5911587364763604,0,2.7482771131784327,0.5892669171609085,0.40464016585508555,0.006092916984006093,DEN,0.5892669171609085,0,2.7014685676122068,0.5357686453576864,0.4581430745814307,0.0060882800608828,DEN,0.5357686453576864,0,7,0,4.1381111553345225,6,0,3.5356015029654513,12,0,6.429223744292237
2023_05_DAL_SF,2023-10-08T20:20-04:00,2023,5,SF,DAL,32.0,0.6418632900322553,0.3520437929837387,0.006092916984006093,SF,0.6418632900322553,1,4.3011650627600435,0.6169685383721787,0.3769385446438153,0.006092916984006093,SF,0.6169685383721787,1,3.541307635048277,0.5357686453576864,0.4581430745814307,0.0060882800608828,SF,0.5357686453576864,1,9,9,5.776769610290297,9,9,5.552716845349608,5,5,2.678843226788432
2023_05_GB_LV,2023-10-09T20:15-04:00,2023,5,LV,GB,4.0,0.46832216035794444,0.5255849226580495,0.006092916984006093,GB,0.5255849226580495,0,-0.8260840124577538,0.46244141338599426,0.5314656696299996,0.006092916984006093,GB,0.5314656696299996,0,-0.999850525712294,0.5357686453576864,0.4581430745814307,0.0060882800608828,LV,0.5357686453576864,1,2,0,1.051169845316099,2,0,1.0629313392599993,6,6,3.2146118721461185
2023_06_DEN_KC,2023-10-12T20:15-04:00,2023,6,KC,DEN,11.0,0.8648262070426376,0.12908087597335632,0.006092916984006093,KC,0.8648262070426376,1,13.621264442536088,0.8677281913505065,0.1261788916654874,0.006092916984006093,KC,0.8677281913505065,1,13.857872674798822,0.5357686453576864,0.4581430745814307,0.0060882800608828,KC,0.5357686453576864,1,14,14,12.107566898596925,14,14,12.14819467890709,5,5,2.678843226788432
2023_06_BAL_TEN,2023-10-15T09:30-04:00,2023,6,TEN,BAL,-8.0,0.3862593645781151,0.6076477184378788,0.006092916984006093,BAL,0.6076477184378788,1,-3.2446462880007796,0.382446184612706,0.611460898403288,0.006092916984006093,BAL,0.611460898403288,1,-3.3726078453951978,0.5357686453576864,0.4581430745814307,0.0060882800608828,TEN,0.5357686453576864,0,6,6,3.6458863106272728,6,6,3.668765390419728,2,0,1.0715372907153728
2023_06_CAR_MIA,2023-10-15T13:00-04:00,2023,6,MIA,CAR,21.0,0.7944704293326791,0.19943665368331495,0.006092916984006093,MIA,0.7944704293326791,1,9.898076788369156,0.7966618393506307,0.19724524366536333,0.006092916984006093,MIA,0.7966618393506307,1,10.032968218496917,0.5357686453576864,0.4581430745814307,0.0060882800608828,MIA,0.5357686453576864,1,12,12,9.533645151992149,12,12,9.55994207220757,3,3,1.6073059360730593
2023_06_IND_JAX,2023-10-15T13:00-04:00,2023,6,JAX,IND,17.0,0.6878380235065046,0.30606905950948926,0.006092916984006093,JAX,0.6878380235065046,1,5.798738080028618,0.6819099095162331,0.3119971734997609,0.006092916984006093,JAX,0.6819099095162331,1,5.619563620523042,0.5357686453576864,0.4581430745814307,0.0060882800608828,JAX,0.5357686453576864,1,10,10,6.878380235065046,9,9,6.137189185646098,7,7,3.750380517503805
2023_06_MIN_CHI,2023-10-15T13:00-04:00,2023,6,CHI,MIN,-6.0,0.3390796904787513,0.6548273925372425,0.006092916984006093,MIN,0.6548273925372425,1,-4.713054782248678,0.3366879918124028,0.6572190912035911,0.006092916984006093,MIN,0.6572190912035911,1,-4.807122671018229,0.5357686453576864,0.4581430745814307,0.0060882800608828,CHI,0.5357686453576864,0,8,8,5.23861914029794,8,8,5.257752729628729,8,0,4.286149162861491
2023_06_NO_HOU,2023-10-15T13:00-04:00,2023,6,HOU,NO,7.0,0.544229803516456,0.44967727949953795,0.006092916984006093,HOU,0.544229803516456,1,1.3666557680749443,0.5499348334915738,0.44397224952442027,0.006092916984006093,HOU,0.5499348334915738,1,1.5382956382812225,0.5357686453576864,0.4581430745814307,0.0060882800608828,HOU,0.5357686453576864,1,3,3,1.632689410549368,3,3,1.6498045004747213,10,10,5.357686453576864
2023_06_SEA_CIN,2023-10-15T13:00-04:00,2023,6,CIN,SEA,4.0,0.5613170210781854,0.43259006193780863,0.006092916984006093,CIN,0.5613170210781854,1,1.865461955220765,0.5940369697993597,0.3998701132166342,0.006092916984006093,CIN,0.5940369697993597,1,2.844639389969074,0.5357686453576864,0.4581430745814307,0.0060882800608828,CIN,0.5357686453576864,1,4,4,2.2452680843127415,5,5,2.970184848996799,13,13,6.9649923896499235
2023_06_SF_CLE,2023-10-15T13:00-04:00,2023,6,CLE,SF,2.0,0.1535090172100487,0.8403980658059451,0.006092916984006093,SF,0.8403980658059451,0,-12.174892670632698,0.16007633594653045,0.8338307470694635,0.006092916984006093,SF,0.8338307470694635,0,-11.8613285315357,0.5357686453576864,0.4581430745814307,0.0060882800608828,CLE,0.5357686453576864,1,13,0,10.925174855477287,13,0,10.839799711903025,14,14,7.50076103500761
2023_06_WAS_ATL,2023-10-15T13:00-04:00,2023,6,ATL,WAS,-8.0,0.587014485341797,0.406892597674197,0.006092916984006093,ATL,0.587014485341797,0,2.624585656381343,0.5890382711402511,0.4048688118757428,0.006092916984006093,ATL,0.5890382711402511,0,2.694619373863305,0.5357686453576864,0.4581430745814307,0.0060882800608828,ATL,0.5357686453576864,0,5,0,2.935072426708985,4,0,2.3561530845610044,15,0,8.036529680365296
2023_06_NE_LV,2023-10-15T16:05-04:00,2023,6,LV,NE,4.0,0.6213159410146297,0.3725911420013643,0.006092916984006093,LV,0.6213159410146297,1,3.661942960554587,0.6151261049917869,0.37878097802420696,0.006092916984006093,LV,0.6151261049917869,1,3.4847693028154034,0.5357686453576864,0.4581430745814307,0.0060882800608828,LV,0.5357686453576864,1,7,7,4.349211587102408,7,7,4.305882734942508,9,9,4.821917808219178
2023_06_ARI_LA,2023-10-15T16:25-04:00,2023,6,LAR,ARI,17.0,0.6745713611679904,0.31933572184800346,0.006092916984006093,LAR,0.6745713611679904,1,5.355400955854989,0.68245078704875,0.311456295967244,0.006092916984006093,LAR,0.68245078704875,1,5.637732202475357,0.5357686453576864,0.4581430745814307,0.0060882800608828,LAR,0.5357686453576864,1,9,9,6.0711422505119135,10,10,6.8245078704874995,1,1,0.5357686453576864
2023_06_DET_TB,2023-10-15T16:25-04:00,2023,6,TB,DET,-14.0,0.48014981967321424,0.5137572633427797,0.006092916984006093,DET,0.5137572633427797,1,-0.48447545996677666,0.4603641570638565,0.5335429259521374,0.006092916984006093,DET,0.5335429259521374,1,-1.0602429790601602,0.5357686453576864,0.4581430745814307,0.0060882800608828,TB,0.5357686453576864,0,1,1,0.5137572633427797,2,2,1.0670858519042747,6,0,3.2146118721461185
2023_06_PHI_NYJ,2023-10-15T16:25-04:00,2023,6,NYJ,PHI,6.0,0.27924262300516284,0.7146644600108311,0.006092916984006093,PHI,0.7146644600108311,0,-6.729620423630138,0.2496173998000781,0.7442896832159158,0.006092916984006093,PHI,0.7442896832159158,0,-7.851837635830562,0.5357686453576864,0.4581430745814307,0.0060882800608828,NYJ,0.5357686453576864,1,11,0,7.861309060119142,11,0,8.187186515375075,12,12,6.429223744292237
2023_06_NYG_BUF,2023-10-15T20:20-04:00,2023,6,BUF,NYG,5.0,0.9128196297353939,0.08108745328060016,0.006092916984006093,BUF,0.9128196297353939,1,17.337364884137713,0.9087526443315486,0.08515443868444547,0.006092916984006093,BUF,0.9087526443315486,1,17.016059052597846,0.5357686453576864,0.4581430745814307,0.0060882800608828,BUF,0.5357686453576864,1,15,15,13.692294446030909,15,15,13.63128966497323,11,11,5.893455098934551
2023_06_DAL_LAC,2023-10-16T20:15-04:00,2023,6,LAC,DAL,-3.0,0.5409054066979817,0.45300167631801225,0.006092916984006093,LAC,0.5409054066979817,0,1.2700307372277266,0.5322610262837633,0.46164605673223064,0.006092916984006093,LAC,0.5322610262837633,0,1.0229697963077455,0.5357686453576864,0.4581430745814307,0.0060882800608828,LAC,0.5357686453576864,0,2,0,1.0818108133959634,1,0,0.5322610262837633,4,0,2.1430745814307457
2023_07_JAX_NO,2023-10-19T20:15-04:00,2023,7,NO,JAX,-7.0,0.5218543123789555,0.4720527706370384,0.006092916984006093,NO,0.5218543123789555,0,0.7182528360337266,0.5223353332590674,0.47157174975692656,0.006092916984006093,NO,0.5223353332590674,0,0.7347913346049507,0.5357686453576864,0.4581430745814307,0.0060882800608828,NO,0.5357686453576864,0,2,0,1.043708624757911,2,0,1.044670666518135,7,0,3.750380517503805
2023_07_ATL_TB,2023-10-22T13:00-04:00,2023,7,TB,ATL,-3.0,0.6889676482989184,0.3049394347170755,0.006092916984006093,TB,0.6889676482989184,0,5.836968314892532,0.6772093859548514,0.3166976970611426,0.006092916984006093,TB,0.6772093859548514,0,5.462378991564775,0.5357686453576864,0.4581430745814307,0.0060882800608828,TB,0.5357686453576864,0,9,0,6.200708834690266,9,0,6.0948844735936625,2,0,1.0715372907153728
2023_07_BUF_NE,2023-10-22T13:00-04:00,2023,7,NE,BUF,4.0,0.17854324152596182,0.8153638414900322,0.006092916984006093,BUF,0.8153638414900322,0,-10.876473846335557,0.19753964576611682,0.7963674372498772,0.006092916984006093,BUF,0.7963674372498772,0,-10.019592659351115,0.5357686453576864,0.4581430745814307,0.0060882800608828,NE,0.5357686453576864,1,13,0,10.599729939370418,13,0,10.352776684248404,3,3,1.6073059360730593
2023_07_CLE_IND,2023-10-22T13:00-04:00,2023,7,IND,CLE,-1.0,0.5022909211902715,0.49161616182572243,0.006092916984006093,IND,0.5022909211902715,0,0.15383157933276426,0.5038454932491281,0.49006158976686576,0.006092916984006093,IND,0.5038454932491281,0,0.19935804068187002,0.5357686453576864,0.4581430745814307,0.0060882800608828,IND,0.5357686453576864,0,1,0,0.5022909211902715,1,0,0.5038454932491281,4,0,2.1430745814307457
2023_07_DET_BAL,2023-10-22T13:00-04:00,2023,7,BAL,DET,32.0,0.46475258894058485,0.5291544940754092,0.006092916984006093,DET,0.5291544940754092,0,-0.9293479395109792,0.46079442072156207,0.5331126622944319,0.006092916984006093,DET,0.5331126622944319,0,-1.047730846584706,0.5357686453576864,0.4581430745814307,0.0060882800608828,BAL,0.5357686453576864,1,3,0,1.5874634822262275,3,0,1.5993379868832958,5,5,2.678843226788432
2023_07_LV_CHI,2023-10-22T13:00-04:00,2023,7,CHI,LV,18.0,0.33607259183005345,0.6578344911859405,0.006092916984006093,LV,0.6578344911859405,0,-4.809657086861601,0.3407547501577241,0.6531523328582699,0.006092916984006093,LV,0.6531523328582699,0,-4.676222405405322,0.5357686453576864,0.4581430745814307,0.0060882800608828,CHI,0.5357686453576864,1,8,0,5.262675929487524,8,0,5.225218662866159,9,9,4.821917808219178
2023_07_WAS_NYG,2023-10-22T13:00-04:00,2023,7,NYG,WAS,7.0,0.4552369601899631,0.5386701228260309,0.006092916984006093,WAS,0.5386701228260309,0,-1.205126550601207,0.44078730697667157,0.5531197760393224,0.006092916984006093,WAS,0.5531197760393224,0,-1.631542915508091,0.5357686453576864,0.4581430745814307,0.0060882800608828,NYG,0.5357686453576864,1,5,0,2.6933506141301544,5,0,2.765598880196612,13,13,6.9649923896499235
2023_07_ARI_SEA,2023-10-22T16:05-04:00,2023,7,SEA,ARI,10.0,0.7500669550434346,0.24384012797255933,0.006092916984006093,SEA,0.7500669550434346,1,8.04669290503957,0.7413666793578204,0.25254040365817354,0.006092916984006093,SEA,0.7413666793578204,1,7.7398861485095685,0.5357686453576864,0.4581430745814307,0.0060882800608828,SEA,0.5357686453576864,1,12,12,9.000803460521215,12,12,8.896400152293845,1,1,0.5357686453576864
2023_07_PIT_LA,2023-10-22T16:05-04:00,2023,7,LAR,PIT,-7.0,0.6274598172476359,0.36644726576835807,0.006092916984006093,LAR,0.6274598172476359,0,3.8514785848548962,0.6377217008692557,0.3561853821467383,0.006092916984006093,LAR,0.6377217008692557,0,4.186090496526043,0.5357686453576864,0.4581430745814307,0.0060882800608828,LAR,0.5357686453576864,0,7,0,4.392218720733451,7,0,4.46405190608479,11,0,5.893455098934551
2023_07_GB_DEN,2023-10-22T16:25-04:00,2023,7,DEN,GB,2.0,0.4601267049538597,0.5337803780621343,0.006092916984006093,GB,0.5337803780621343,0,-1.0633151483985184,0.4593518843919652,0.5345551986240288,0.006092916984006093,GB,0.5345551986240288,0,-1.0896863823582401,0.5357686453576864,0.4581430745814307,0.0060882800608828,DEN,0.5357686453576864,1,4,0,2.135121512248537,4,0,2.138220794496115,6,6,3.2146118721461185
2023_07_LAC_KC,2023-10-22T16:25-04:00,2023,7,KC,LAC,14.0,0.7377113928994802,0.2561956901165137,0.006092916984006093,KC,0.7377113928994802,1,7.573776786573676,0.7366806931931077,0.25722638982288626,0.006092916984006093,KC,0.7366806931931077,1,7.5621786185819015,0.5357686453576864,0.4581430745814307,0.0060882800608828,KC,0.5357686453576864,1,11,11,8.114825321894282,11,11,8.103487625124185,8,8,4.286149162861491
2023_07_MIA_PHI,2023-10-22T20:20-04:00,2023,7,PHI,MIA,14.0,0.5535082644664845,0.4403988185495093,0.006092916984006093,PHI,0.5535082644664845,1,1.6370240064501618,0.5824376630494081,0.4114694199665858,0.006092916984006093,PHI,0.5824376630494081,1,2.4974029135622593,0.5357686453576864,0.4581430745814307,0.0060882800608828,PHI,0.5357686453576864,1,6,6,3.3210495867989067,6,6,3.494625978296449,10,10,5.357686453576864
2023_07_SF_MIN,2023-10-23T20:15-04:00,2023,7,MIN,SF,5.0,0.26718997527761684,0.726717107738377,0.006092916984006093,SF,0.726717107738377,0,-7.165345981573192,0.2734327564248922,0.7204743265911018,0.006092916984006093,SF,0.7204743265911018,0,-6.9631834722136645,0.5357686453576864,0.4581430745814307,0.0060882800608828,MIN,0.5357686453576864,1,10,0,7.267171077383771,10,0,7.204743265911018,12,12,6.429223744292237
2023_08_TB_BUF,2023-10-26T20:15-04:00,2023,8,BUF,TB,6.0,0.7997393847278153,0.19416769828817868,0.006092916984006093,BUF,0.7997393847278153,1,10.137150896201414,0.7908234430374749,0.20308363997851908,0.006092916984006093,BUF,0.7908234430374749,1,9.770457415933329,0.5357686453576864,0.4581430745814307,0.0060882800608828,BUF,0.5357686453576864,1,16,16,12.795830155645044,15,15,11.862351645562123,16,16,8.572298325722983
2023_08_ATL_TEN,2023-10-29T13:00-04:00,2023,8,TEN,ATL,5.0,0.4428129294887077,0.5510941535272861,0.006092916984006093,ATL,0.5510941535272861,0,-1.5665742367654838,0.44659415518504963,0.5473129278309443,0.006092916984006093,ATL,0.5473129278309443,0,-1.4616297154827178,0.5357686453576864,0.4581430745814307,0.0060882800608828,TEN,0.5357686453576864,1,4,0,2.2043766141091443,4,0,2.1892517113237773,1,1,0.5357686453576864
2023_08_HOU_CAR,2023-10-29T13:00-04:00,2023,8,CAR,HOU,2.0,0.3560060566289881,0.6379010263870059,0.006092916984006093,HOU,0.6379010263870059,0,-4.176671979410301,0.3542093124596409,0.6396977705563531,0.006092916984006093,HOU,0.6396977705563531,0,-4.248309795478736,0.5357686453576864,0.4581430745814307,0.0060882800608828,CAR,0.5357686453576864,1,7,0,4.465307184709041,7,0,4.477884393894472,6,6,3.2146118721461185
2023_08_JAX_PIT,2023-10-29T13:00-04:00,2023,8,PIT,JAX,-10.0,0.4551695551064582,0.5387375279095359,0.006092916984006093,JAX,0.5387375279095359,1,-1.2070830040174634,0.45891648424164766,0.5349905987743464,0.006092916984006093,JAX,0.5349905987743464,1,-1.1023534137814348,0.5357686453576864,0.4581430745814307,0.0060882800608828,PIT,0.5357686453576864,0,3,3,1.6162125837286077,2,2,1.0699811975486928,7,0,3.750380517503805
2023_08_LA_DAL,2023-10-29T13:00-04:00,2023,8,DAL,LAR,23.0,0.6585107488902222,0.3353963341257716,0.006092916984006093,DAL,0.6585107488902222,1,4.831439644982095,0.6597305633176047,0.3341765196983893,0.006092916984006093,DAL,0.6597305633176047,1,4.888346067421155,0.5357686453576864,0.4581430745814307,0.0060882800608828,DAL,0.5357686453576864,1,8,8,5.268085991121778,8,8,5.277844506540838,9,9,4.821917808219178
2023_08_MIN_GB,2023-10-29T13:00-04:00,2023,8,GB,MIN,-14.0,0.4685473006692768,0.5253597823467171,0.006092916984006093,MIN,0.5253597823467171,1,-0.8195739284467258,0.4693804511691395,0.5245266318468544,0.006092916984006093,MIN,0.5245266318468544,1,-0.798353772179627,0.5357686453576864,0.4581430745814307,0.0060882800608828,GB,0.5357686453576864,0,1,1,0.5253597823467171,1,1,0.5245266318468544,11,0,5.893455098934551
2023_08_NE_MIA,2023-10-29T13:00-04:00,2023,8,MIA,NE,14.0,0.7175708093741883,0.2763362736418056,0.006092916984006093,MIA,0.7175708093741883,1,6.833608371149262,0.7218314246714248,0.27207565834456926,0.006092916984006093,MIA,0.7218314246714248,1,7.012467748857653,0.5357686453576864,0.4581430745814307,0.0060882800608828,MIA,0.5357686453576864,1,12,12,8.610849712490259,11,11,7.940145671385673,12,12,6.429223744292237
2023_08_NO_IND,2023-10-29T13:00-04:00,2023,8,IND,NO,-11.0,0.4144027045976244,0.5795043784183694,0.006092916984006093,NO,0.5795043784183694,1,-2.401404835591986,0.41347889591972786,0.5804281870962662,0.006092916984006093,NO,0.5804281870962662,1,-2.4375504000885817,0.5357686453576864,0.4581430745814307,0.0060882800608828,IND,0.5357686453576864,0,5,5,2.8975218920918473,6,6,3.482569122577597,13,0,6.9649923896499235
2023_08_NYJ_NYG,2023-10-29T13:00-04:00,2023,8,NYG,NYJ,-3.0,0.4598619152842227,0.5340451677317712,0.006092916984006093,NYJ,0.5340451677317712,1,-1.0709889498586924,0.44341618343944994,0.550490899576544,0.006092916984006093,NYJ,0.550490899576544,1,-1.5545663746927283,0.5357686453576864,0.4581430745814307,0.0060882800608828,NYG,0.5357686453576864,0,2,2,1.0680903354635425,5,5,2.7524544978827197,14,0,7.50076103500761
2023_08_PHI_WAS,2023-10-29T13:00-04:00,2023,8,WAS,PHI,-7.0,0.2837366456798558,0.710170437336138,0.006092916984006093,PHI,0.710170437336138,1,-6.57011421006112,0.25565259292280246,0.7382544900931916,0.006092916984006093,PHI,0.7382544900931916,1,-7.621623868373442,0.5357686453576864,0.4581430745814307,0.0060882800608828,WAS,0.5357686453576864,0,11,11,7.811874810697518,13,13,9.59730837121149,15,0,8.036529680365296
2023_08_CLE_SEA,2023-10-29T16:05-04:00,2023,8,SEA,CLE,4.0,0.7047404862773324,0.2891665967386615,0.006092916984006093,SEA,0.7047404862773324,1,6.379397968710981,0.6978625143085893,0.29604456870740464,0.006092916984006093,SEA,0.6978625143085893,1,6.1629654709498745,0.5357686453576864,0.4581430745814307,0.0060882800608828,SEA,0.5357686453576864,1,10,10,7.047404862773324,9,9,6.280762628777303,5,5,2.678843226788432
2023_08_BAL_ARI,2023-10-29T16:25-04:00,2023,8,ARI,BAL,-7.0,0.26330100803994794,0.7306060749760459,0.006092916984006093,BAL,0.7306060749760459,1,-7.308564328072305,0.26750443225243814,0.7264026507635559,0.006092916984006093,BAL,0.7264026507635559,1,-7.17961577014162,0.5357686453576864,0.4581430745814307,0.0060882800608828,ARI,0.5357686453576864,0,13,13,9.497878974688597,12,12,8.71683180916267,2,0,1.0715372907153728
2023_08_CIN_SF,2023-10-29T16:25-04:00,2023,8,SF,CIN,-14.0,0.5925239159516531,0.4013831670643409,0.006092916984006093,SF,0.5925239159516531,0,2.78911093070405,0.5462213202842462,0.44768576273174776,0.006092916984006093,SF,0.5462213202842462,0,1.4297351932946216,0.5357686453576864,0.4581430745814307,0.0060882800608828,SF,0.5357686453576864,0,6,0,3.5551434957099186,3,0,1.6386639608527385,4,0,2.1430745814307457
2023_08_KC_DEN,2023-10-29T16:25-04:00,2023,8,DEN,KC,15.0,0.1984353341116728,0.7954717489043213,0.006092916984006093,KC,0.7954717489043213,0,-9.943141959825375,0.194724709692365,0.7991823733236291,0.006092916984006093,KC,0.7991823733236291,0,-10.148103762423881,0.5357686453576864,0.4581430745814307,0.0060882800608828,DEN,0.5357686453576864,1,15,0,11.93207623356482,16,0,12.786917973178065,8,8,4.286149162861491
2023_08_CHI_LAC,2023-10-29T20:20-04:00,2023,8,LAC,CHI,17.0,0.7722371417865898,0.2216699412294041,0.006092916984006093,LAC,0.7722371417865898,1,8.937923413818744,0.7762476161665509,0.2176594668494429,0.006092916984006093,LAC,0.7762476161665509,1,9.138595109771163,0.5357686453576864,0.4581430745814307,0.0060882800608828,LAC,0.5357686453576864,1,14,14,10.811319985012256,14,14,10.867466626331712,3,3,1.6073059360730593
2023_08_LV_DET,2023-10-30T20:15-04:00,2023,8,DET,LV,12.0,0.693646284775119,0.3002607982408748,0.006092916984006093,DET,0.693646284775119,1,5.996159157496769,0.6990872196538848,0.29481986336210914,0.006092916984006093,DET,0.6990872196538848,1,6.20536086841246,0.5357686453576864,0.4581430745814307,0.0060882800608828,DET,0.5357686453576864,1,9,9,6.2428165629760715,10,10,6.990872196538848,10,10,5.357686453576864
2023_09_TEN_PIT,2023-11-02T20:15-04:00,2023,9,PIT,TEN,4.0,0.6290829786271634,0.3648241043888305,0.006092916984006093,PIT,0.6290829786271634,1,3.9017705559593523,0.6274741699429026,0.36643291307309134,0.006092916984006093,PIT,0.6274741699429026,1,3.8658105424558755,0.5357686453576864,0.4581430745814307,0.0060882800608828,PIT,0.5357686453576864,1,9,9,5.661746807644471,8,8,5.019793359543221,13,13,6.9649923896499235
2023_09_MIA_KC,2023-11-05T09:30-05:00,2023,9,KC,MIA,7.0,0.6332341395930837,0.3606729434229102,0.006092916984006093,KC,0.6332341395930837,1,4.030821535703512,0.6355415721801031,0.3583655108358909,0.006092916984006093,KC,0.6355415721801031,1,4.117622594257359,0.5357686453576864,0.4581430745814307,0.0060882800608828,KC,0.5357686453576864,1,10,10,6.332341395930837,11,11,6.990957293981134,8,8,4.286149162861491
2023_09_ARI_CLE,2023-11-05T13:00-05:00,2023,9,CLE,ARI,27.0,0.7259426305911671,0.26796445242482686,0.006092916984006093,CLE,0.7259426305911671,1,7.13698259465898,0.7217944030511393,0.27211267996485455,0.006092916984006093,CLE,0.7217944030511393,1,7.011121247476439,0.5357686453576864,0.4581430745814307,0.0060882800608828,CLE,0.5357686453576864,1,13,13,9.437254197685172,13,13,9.38332723966481,1,1,0.5357686453576864
2023_09_CHI_NO,2023-11-05T13:00-05:00,2023,9,NO,CHI,7.0,0.7773909263035963,0.21651615671239763,0.006092916984006093,NO,0.7773909263035963,1,9.154020258391933,0.7750843230091857,0.21882276000680825,0.006092916984006093,NO,0.7750843230091857,1,9.089507266603578,0.5357686453576864,0.4581430745814307,0.0060882800608828,NO,0.5357686453576864,1,14,14,10.883472968250349,14,14,10.851180522128601,3,3,1.6073059360730593
2023_09_LA_GB,2023-11-05T13:00-05:00,2023,9,GB,LAR,17.0,0.6400704645680446,0.3538366184479493,0.006092916984006093,GB,0.6400704645680446,1,4.244757897640483,0.6335265833146774,0.3603804997013164,0.006092916984006093,GB,0.6335265833146774,1,4.054502393708105,0.5357686453576864,0.4581430745814307,0.0060882800608828,GB,0.5357686453576864,1,11,11,7.040775110248491,10,10,6.3352658331467735,7,7,3.750380517503805
2023_09_MIN_ATL,2023-11-05T13:00-05:00,2023,9,ATL,MIN,-3.0,0.4371264501666855,0.5567806328493085,0.006092916984006093,MIN,0.5567806328493085,1,-1.7326465984328923,0.4397266836762678,0.5541803993397261,0.006092916984006093,MIN,0.5541803993397261,1,-1.6626253455397237,0.5357686453576864,0.4581430745814307,0.0060882800608828,ATL,0.5357686453576864,0,4,4,2.227122531397234,5,5,2.7709019966986306,9,0,4.821917808219178
2023_09_SEA_BAL,2023-11-05T13:00-05:00,2023,9,BAL,SEA,34.0,0.6413616771583381,0.3525454058576557,0.006092916984006093,BAL,0.6413616771583381,1,4.285369968595959,0.64492957294884,0.348977510067154,0.006092916984006093,BAL,0.64492957294884,1,4.413797118138452,0.5357686453576864,0.4581430745814307,0.0060882800608828,BAL,0.5357686453576864,1,12,12,7.696340125900058,12,12,7.73915487538608,11,11,5.893455098934551
2023_09_TB_HOU,2023-11-05T13:00-05:00,2023,9,HOU,TB,2.0,0.5689820992724506,0.4249249837435433,0.006092916984006093,HOU,0.5689820992724506,1,2.090617772759139,0.581093511932958,0.412813571083036,0.006092916984006093,HOU,0.581093511932958,1,2.4573578216341803,0.5357686453576864,0.4581430745814307,0.0060882800608828,HOU,0.5357686453576864,1,5,5,2.844910496362253,6,6,3.486561071597748,12,12,6.429223744292237
2023_09_WAS_NE,2023-11-05T13:00-05:00,2023,9,NE,WAS,-3.0,0.5307736110109166,0.4631334720050774,0.006092916984006093,NE,0.5307736110109166,0,0.976218464886859,0.5327356431354786,0.46117143988051534,0.006092916984006093,NE,0.5327356431354786,0,1.0367683755850856,0.5357686453576864,0.4581430745814307,0.0060882800608828,NE,0.5357686453576864,0,2,0,1.0615472220218332,2,0,1.0654712862709572,14,0,7.50076103500761
2023_09_IND_CAR,2023-11-05T16:05-05:00,2023,9,CAR,IND,-14.0,0.5245996844451981,0.4693073985707958,0.006092916984006093,CAR,0.5245996844451981,0,0.7975976677039767,0.5273508220972625,0.4665562609187314,0.006092916984006093,CAR,0.5273508220972625,0,0.8803207200177487,0.5357686453576864,0.4581430745814307,0.0060882800608828,CAR,0.5357686453576864,0,1,0,0.5245996844451981,1,0,0.5273508220972625,5,0,2.678843226788432
2023_09_DAL_PHI,2023-11-05T16:25-05:00,2023,9,PHI,DAL,5.0,0.5936838079606838,0.4002232750553102,0.006092916984006093,PHI,0.5936838079606838,1,2.8238395981000624,0.6077500322356618,0.386157050780332,0.006092916984006093,PHI,0.6077500322356618,1,3.25945849134386,0.5357686453576864,0.4581430745814307,0.0060882800608828,PHI,0.5357686453576864,1,7,7,4.1557866557247864,7,7,4.254250225649633,4,4,2.1430745814307457
2023_09_NYG_LV,2023-11-05T16:25-05:00,2023,9,LV,NYG,24.0,0.5369886971389166,0.45691838587707734,0.006092916984006093,LV,0.5369886971389166,1,1.1563369763846334,0.5463378401322833,0.4475692428837108,0.006092916984006093,LV,0.5463378401322833,1,1.433138988685101,0.5357686453576864,0.4581430745814307,0.0060882800608828,LV,0.5357686453576864,1,3,3,1.6109660914167498,4,4,2.185351360529133,10,10,5.357686453576864
2023_09_BUF_CIN,2023-11-05T20:20-05:00,2023,9,CIN,BUF,6.0,0.4152672827404411,0.5786398002755528,0.006092916984006093,BUF,0.5786398002755528,0,-2.3757878136185386,0.45772959179096706,0.536177491225027,0.006092916984006093,BUF,0.536177491225027,0,-1.1368922360642935,0.5357686453576864,0.4581430745814307,0.0060882800608828,CIN,0.5357686453576864,1,6,0,3.471838801653317,3,0,1.608532473675081,2,2,1.0715372907153728
2023_09_LAC_NYJ,2023-11-06T20:15-05:00,2023,9,NYJ,LAC,-21.0,0.3668258399431668,0.6270812430728273,0.006092916984006093,LAC,0.6270812430728273,1,-3.839762226430591,0.3609115975280298,0.632995485487964,0.006092916984006093,LAC,0.632995485487964,1,-4.037891006459599,0.5357686453576864,0.4581430745814307,0.0060882800608828,NYJ,0.5357686453576864,0,8,8,5.0166499445826185,9,9,5.696959369391676,6,0,3.2146118721461185
2023_10_CAR_CHI,2023-11-09T20:15-05:00,2023,10,CHI,CAR,3.0,0.5369388119728312,0.4569682710431627,0.006092916984006093,CHI,0.5369388119728312,1,1.1548898835557821,0.5348336178171745,0.4590734651988194,0.006092916984006093,CHI,0.5348336178171745,1,1.0977861943202982,0.5357686453576864,0.4581430745814307,0.0060882800608828,CHI,0.5357686453576864,1,5,5,2.684694059864156,4,4,2.139334471268698,2,2,1.0715372907153728
2023_10_IND_NE,2023-11-12T09:30-05:00,2023,10,NE,IND,-4.0,0.4974064319562096,0.49650065105978436,0.006092916984006093,NE,0.4974064319562096,0,0.013052508431833587,0.5011066862757796,0.4928003967402144,0.006092916984006093,NE,0.5011066862757796,0,0.12012983054703003,0.5357686453576864,0.4581430745814307,0.0060882800608828,NE,0.5357686453576864,0,1,0,0.4974064319562096,1,0,0.5011066862757796,8,0,4.286149162861491
2023_10_CLE_BAL,2023-11-12T13:00-05:00,2023,10,BAL,CLE,-2.0,0.6729454840839744,0.32096159893201964,0.006092916984006093,BAL,0.6729454840839744,0,5.301751565014126,0.6707801757967887,0.32312690721920523,0.006092916984006093,BAL,0.6707801757967887,0,5.249380570730342,0.5357686453576864,0.4581430745814307,0.0060882800608828,BAL,0.5357686453576864,0,12,0,8.075345809007693,12,0,8.049362109561464,3,0,1.6073059360730593
2023_10_GB_PIT,2023-11-12T13:00-05:00,2023,10,PIT,GB,4.0,0.5585228246174581,0.43538425839853595,0.006092916984006093,PIT,0.5585228246174581,1,1.78361780264065,0.5596073214640834,0.4342997615519105,0.006092916984006093,PIT,0.5596073214640834,1,1.821914601590195,0.5357686453576864,0.4581430745814307,0.0060882800608828,PIT,0.5357686453576864,1,7,7,3.9096597723222066,6,6,3.3576439287845004,6,6,3.2146118721461185
2023_10_HOU_CIN,2023-11-12T13:00-05:00,2023,10,CIN,HOU,-3.0,0.6527960308454818,0.34111105217051224,0.006092916984006093,CIN,0.6527960308454818,0,4.648031769091219,0.6669843895996782,0.3269226934163158,0.006092916984006093,CIN,0.6669843895996782,0,5.124661026250303,0.5357686453576864,0.4581430745814307,0.0060882800608828,CIN,0.5357686453576864,0,10,0,6.5279603084548175,11,0,7.33682828559646,7,0,3.750380517503805
2023_10_NO_MIN,2023-11-12T13:00-05:00,2023,10,MIN,NO,8.0,0.4662708901133069,0.5276361929026869,0.006092916984006093,NO,0.5276361929026869,0,-0.8854139205110432,0.46193677794584326,0.5319703050701506,0.006092916984006093,NO,0.5319703050701506,0,-1.0145185628836448,0.5357686453576864,0.4581430745814307,0.0060882800608828,MIN,0.5357686453576864,1,2,0,1.0552723858053739,2,0,1.0639406101403013,9,9,4.821917808219178
2023_10_SF_JAX,2023-11-12T13:00-05:00,2023,10,JAX,SF,-31.0,0.46420309665011306,0.5297039863658809,0.006092916984006093,SF,0.5297039863658809,1,-0.9452524755488956,0.4603991294183312,0.5335079535976626,0.006092916984006093,SF,0.5335079535976626,1,-1.0592259180534163,0.5357686453576864,0.4581430745814307,0.0060882800608828,JAX,0.5357686453576864,0,3,3,1.5891119590976426,3,3,1.6005238607929877,12,0,6.429223744292237
2023_10_TEN_TB,2023-11-12T13:00-05:00,2023,10,TB,TEN,14.0,0.6655542226694748,0.3283528603465191,0.006092916984006093,TB,0.6655542226694748,1,5.059619919224041,0.6547371425241686,0.3391699404918255,0.006092916984006093,TB,0.6547371425241686,1,4.72714389493714,0.5357686453576864,0.4581430745814307,0.0060882800608828,TB,0.5357686453576864,1,11,11,7.321096449364223,10,10,6.5473714252416855,13,13,6.9649923896499235
2023_10_ATL_ARI,2023-11-12T16:05-05:00,2023,10,ARI,ATL,2.0,0.5358862102010976,0.45802087281489623,0.006092916984006093,ARI,0.5358862102010976,1,1.1243609452797134,0.5351980835963385,0.4587089994196556,0.006092916984006093,ARI,0.5351980835963385,1,1.1083903386921201,0.5357686453576864,0.4581430745814307,0.0060882800608828,ARI,0.5357686453576864,1,4,4,2.1435448408043905,5,5,2.6759904179816925,1,1,0.5357686453576864
2023_10_DET_LAC,2023-11-12T16:05-05:00,2023,10,LAC,DET,-3.0,0.5568791071664917,0.43702797584950226,0.006092916984006093,LAC,0.5568791071664917,0,1.7355264796229957,0.5613633159627579,0.43254376705323605,0.006092916984006093,LAC,0.5613633159627579,0,1.873549573782227,0.5357686453576864,0.4581430745814307,0.0060882800608828,LAC,0.5357686453576864,0,6,0,3.3412746429989504,7,0,3.9295432117393054,5,0,2.678843226788432
2023_10_NYG_DAL,2023-11-12T16:25-05:00,2023,10,DAL,NYG,32.0,0.865175283222694,0.12873179979329993,0.006092916984006093,DAL,0.865175283222694,1,13.643546842999992,0.8752771515791088,0.11862993143688513,0.006092916984006093,DAL,0.8752771515791088,1,14.363508333367946,0.5357686453576864,0.4581430745814307,0.0060882800608828,DAL,0.5357686453576864,1,14,14,12.112453965117716,14,14,12.253880122107523,10,10,5.357686453576864
2023_10_WAS_SEA,2023-11-12T16:25-05:00,2023,10,SEA,WAS,3.0,0.6016445119975815,0.39226257101841244,0.006092916984006093,SEA,0.6016445119975815,1,3.0631030538534008,0.5979800081264235,0.39592707488957046,0.006092916984006093,SEA,0.5979800081264235,1,2.963408684625072,0.5357686453576864,0.4581430745814307,0.0060882800608828,SEA,0.5357686453576864,1,8,8,4.813156095980652,8,8,4.783840065011388,14,14,7.50076103500761
2023_10_NYJ_LV,2023-11-12T20:20-05:00,2023,10,LV,NYJ,4.0,0.6030704315103563,0.3908366515056377,0.006092916984006093,LV,0.6030704315103563,1,3.106134561755745,0.6024357938130583,0.39147128920293567,0.006092916984006093,LV,0.6024357938130583,1,3.0981053755423424,0.5357686453576864,0.4581430745814307,0.0060882800608828,LV,0.5357686453576864,1,9,9,5.427633883593207,9,9,5.421922144317525,11,11,5.893455098934551
2023_10_DEN_BUF,2023-11-13T20:15-05:00,2023,10,BUF,DEN,-2.0,0.8007736617843457,0.19313342123164826,0.006092916984006093,BUF,0.8007736617843457,0,10.184654005267285,0.7884036436556219,0.205503439360372,0.006092916984006093,BUF,0.7884036436556219,0,9.663303139814811,0.5357686453576864,0.4581430745814307,0.0060882800608828,BUF,0.5357686453576864,0,13,0,10.410057603196494,13,0,10.249247367523084,4,0,2.1430745814307457
2023_11_CIN_BAL,2023-11-16T20:15-05:00,2023,11,BAL,CIN,14.0,0.5888947019215031,0.4050123810944909,0.006092916984006093,BAL,0.5888947019215031,1,2.680654522378113,0.570747339543171,0.42315974347282287,0.006092916984006093,BAL,0.570747339543171,1,2.150336996080235,0.5357686453576864,0.4581430745814307,0.0060882800608828,BAL,0.5357686453576864,1,4,4,2.3555788076860122,4,4,2.282989358172684,3,3,1.6073059360730593
2023_11_ARI_HOU,2023-11-19T13:00-05:00,2023,11,HOU,ARI,5.0,0.7204116427279089,0.273495440288085,0.006092916984006093,HOU,0.7204116427279089,1,6.935904125672481,0.7234481407569335,0.27045894225906053,0.006092916984006093,HOU,0.7234481407569335,1,7.071380688674848,0.5357686453576864,0.4581430745814307,0.0060882800608828,HOU,0.5357686453576864,1,8,8,5.763293141823271,8,8,5.787585126055468,1,1,0.5357686453576864
2023_11_CHI_DET,2023-11-19T13:00-05:00,2023,11,DET,CHI,5.0,0.7666772705046795,0.22722981251131438,0.006092916984006093,DET,0.7666772705046795,1,8.708778197373098,0.7743390271867918,0.21956805582920216,0.006092916984006093,DET,0.7743390271867918,1,9.058156170353481,0.5357686453576864,0.4581430745814307,0.0060882800608828,DET,0.5357686453576864,1,10,10,7.666772705046795,11,11,8.51772929905471,2,2,1.0715372907153728
2023_11_DAL_CAR,2023-11-19T13:00-05:00,2023,11,CAR,DAL,-23.0,0.2141765599897626,0.7797305230262314,0.006092916984006093,DAL,0.7797305230262314,1,-9.253342538014904,0.20776955699341243,0.7861375260225815,0.006092916984006093,DAL,0.7861375260225815,1,-9.563796934341235,0.5357686453576864,0.4581430745814307,0.0060882800608828,CAR,0.5357686453576864,0,12,12,9.356766276314776,12,12,9.433650312270977,4,0,2.1430745814307457
2023_11_LAC_GB,2023-11-19T13:00-05:00,2023,11,GB,LAC,3.0,0.3977958636367501,0.5961112193792438,0.006092916984006093,LAC,0.5961112193792438,0,-2.8966261673720926,0.39253595446298784,0.6013711285530062,0.006092916984006093,LAC,0.6013711285530062,0,-3.065873050589314,0.5357686453576864,0.4581430745814307,0.0060882800608828,GB,0.5357686453576864,1,5,0,2.980556096896219,5,0,3.0068556427650313,5,5,2.678843226788432
2023_11_LV_MIA,2023-11-19T13:00-05:00,2023,11,MIA,LV,7.0,0.7520383002165324,0.24186878279946164,0.006092916984006093,MIA,0.7520383002165324,1,8.123620184233749,0.7560757293478972,0.23783135366809677,0.006092916984006093,MIA,0.7560757293478972,1,8.312373515477857,0.5357686453576864,0.4581430745814307,0.0060882800608828,MIA,0.5357686453576864,1,9,9,6.7683447019487915,9,9,6.804681564131075,6,6,3.2146118721461185
2023_11_NYG_WAS,2023-11-19T13:00-05:00,2023,11,WAS,NYG,-12.0,0.797995559406982,0.19591152360901198,0.006092916984006093,WAS,0.797995559406982,0,10.057490940704007,0.8037834087532176,0.19012367426277618,0.006092916984006093,WAS,0.8037834087532176,0,10.361218670461353,0.5357686453576864,0.4581430745814307,0.0060882800608828,WAS,0.5357686453576864,0,13,0,10.373942272290765,13,0,10.449184313791829,8,0,4.286149162861491
2023_11_PIT_CLE,2023-11-19T13:00-05:00,2023,11,CLE,PIT,3.0,0.5440474986710953,0.44985958434489864,0.006092916984006093,CLE,0.5440474986710953,1,1.3613538629529307,0.5417308000569416,0.4521762829590523,0.006092916984006093,CLE,0.5417308000569416,1,1.2986754588030394,0.5357686453576864,0.4581430745814307,0.0060882800608828,CLE,0.5357686453576864,1,3,3,1.6321424960132858,3,3,1.625192400170825,11,11,5.893455098934551
2023_11_TEN_JAX,2023-11-19T13:00-05:00,2023,11,JAX,TEN,20.0,0.7167837095806413,0.2771233734353526,0.006092916984006093,JAX,0.7167837095806413,1,6.8053803895120755,0.7107196893930539,0.28318739362294015,0.006092916984006093,JAX,0.7107196893930539,1,6.613284361679665,0.5357686453576864,0.4581430745814307,0.0060882800608828,JAX,0.5357686453576864,1,7,7,5.01748596706449,7,7,4.975037825751377,14,14,7.50076103500761
2023_11_TB_SF,2023-11-19T16:05-05:00,2023,11,SF,TB,13.0,0.768113915715002,0.22579316730099191,0.006092916984006093,SF,0.768113915715002,1,8.767604753669046,0.7721477586001995,0.2217593244157944,0.006092916984006093,SF,0.7721477586001995,1,8.966418728999198,0.5357686453576864,0.4581430745814307,0.0060882800608828,SF,0.5357686453576864,1,11,11,8.449253072865021,10,10,7.721477586001995,13,13,6.9649923896499235
2023_11_NYJ_BUF,2023-11-19T16:25-05:00,2023,11,BUF,NYJ,26.0,0.8430217181395145,0.15088536487647927,0.006092916984006093,BUF,0.8430217181395145,1,12.32066619697985,0.8339725385335848,0.15993454448240907,0.006092916984006093,BUF,0.8339725385335848,1,11.868919475684521,0.5357686453576864,0.4581430745814307,0.0060882800608828,BUF,0.5357686453576864,1,14,14,11.802304053953204,14,14,11.675615539470186,9,9,4.821917808219178
2023_11_SEA_LA,2023-11-19T16:25-05:00,2023,11,LAR,SEA,1.0,0.49059185793626553,0.5033152250797285,0.006092916984006093,SEA,0.5033152250797285,0,-0.18335657570439712,0.5054312170657638,0.4884758659502302,0.006092916984006093,LAR,0.5054312170657638,1,0.24523508890164925,0.5357686453576864,0.4581430745814307,0.0060882800608828,LAR,0.5357686453576864,1,1,0,0.5033152250797285,1,1,0.5054312170657638,12,12,6.429223744292237
2023_11_MIN_DEN,2023-11-19T20:20-05:00,2023,11,DEN,MIN,1.0,0.5208943440496582,0.4730127389663358,0.006092916984006093,DEN,0.5208943440496582,1,0.6905191393517941,0.5225453785059411,0.4713617045100529,0.006092916984006093,DEN,0.5225453785059411,1,0.7408827801063977,0.5357686453576864,0.4581430745814307,0.0060882800608828,DEN,0.5357686453576864,1,2,2,1.0417886880993164,2,2,1.0450907570118821,7,7,3.750380517503805
2023_11_PHI_KC,2023-11-20T20:15-05:00,2023,11,KC,PHI,-4.0,0.6279525395143303,0.36595454350166373,0.006092916984006093,KC,0.6279525395143303,0,3.866735217992807,0.6142419014417351,0.379665181574259,0.006092916984006093,KC,0.6142419014417351,0,3.457673564084848,0.5357686453576864,0.4581430745814307,0.0060882800608828,KC,0.5357686453576864,0,6,0,3.767715237085982,6,0,3.6854514086504104,10,0,5.357686453576864
2023_12_GB_DET,2023-11-23T12:30-05:00,2023,12,DET,GB,-7.0,0.7095615243604672,0.28434555865552685,0.006092916984006093,DET,0.7095615243604672,0,6.548619574652545,0.710771475754087,0.283135607261907,0.006092916984006093,DET,0.710771475754087,0,6.6151224326879206,0.5357686453576864,0.4581430745814307,0.0060882800608828,DET,0.5357686453576864,0,12,0,8.514738292325607,12,0,8.529257709049043,6,0,3.2146118721461185
2023_12_WAS_DAL,2023-11-23T16:30-05:00,2023,12,DAL,WAS,35.0,0.8260995647204282,0.16780751829556576,0.006092916984006093,DAL,0.8260995647204282,1,11.414238450447662,0.8337004386471436,0.16020664436885046,0.006092916984006093,DAL,0.8337004386471436,1,11.854357132597821,0.5357686453576864,0.4581430745814307,0.0060882800608828,DAL,0.5357686453576864,1,16,16,13.217593035526852,16,16,13.339207018354298,16,16,8.572298325722983
2023_12_SF_SEA,2023-11-23T20:20-05:00,2023,12,SEA,SF,-18.0,0.256091628075364,0.73781545494063,0.006092916984006093,SF,0.73781545494063,1,-7.577696225449888,0.2550307042690392,0.7388763787469548,0.006092916984006093,SF,0.7388763787469548,1,-7.645179644948004,0.5357686453576864,0.4581430745814307,0.0060882800608828,SEA,0.5357686453576864,0,13,13,9.59160091422819,13,13,9.605392923710411,14,0,7.50076103500761
2023_12_MIA_NYJ,2023-11-24T15:00-05:00,2023,12,NYJ,MIA,-21.0,0.23703277733062894,0.756874305685365,0.006092916984006093,MIA,0.756874305685365,1,-8.31415760461646,0.23485460572586347,0.7590524772901305,0.006092916984006093,MIA,0.7590524772901305,1,-8.431136127336892,0.5357686453576864,0.4581430745814307,0.0060882800608828,NYJ,0.5357686453576864,0,14,14,10.59624027959511,14,14,10.626734682061826,10,0,5.357686453576864
2023_12_CAR_TEN,2023-11-26T13:00-05:00,2023,12,TEN,CAR,7.0,0.6276628664289711,0.3662442165870229,0.006092916984006093,TEN,0.6276628664289711,1,3.857764756017214,0.6283061304038383,0.3656009526121556,0.006092916984006093,TEN,0.6283061304038383,1,3.891669632843965,0.5357686453576864,0.4581430745814307,0.0060882800608828,TEN,0.5357686453576864,1,11,11,6.904291530718682,11,11,6.911367434442221,3,3,1.6073059360730593
2023_12_JAX_HOU,2023-11-26T13:00-05:00,2023,12,HOU,JAX,-3.0,0.5026243067200213,0.4912827762959726,0.006092916984006093,HOU,0.5026243067200213,0,0.1634410782256266,0.5116023088128021,0.4823047742031918,0.006092916984006093,HOU,0.5116023088128021,0,0.4238289299398885,0.5357686453576864,0.4581430745814307,0.0060882800608828,HOU,0.5357686453576864,0,1,0,0.5026243067200213,3,0,1.5348069264384063,7,0,3.750380517503805
2023_12_NE_NYG,2023-11-26T13:00-05:00,2023,12,NYG,NE,3.0,0.37640473935340923,0.6175023436625847,0.006092916984006093,NE,0.6175023436625847,0,-3.544927585493498,0.36712794734355547,0.6267791356724384,0.006092916984006093,NE,0.6267791356724384,0,-3.8442261332075804,0.5357686453576864,0.4581430745814307,0.0060882800608828,NYG,0.5357686453576864,1,9,0,5.557521092963262,10,0,6.267791356724384,11,11,5.893455098934551
2023_12_NO_ATL,2023-11-26T13:00-05:00,2023,12,ATL,NO,9.0,0.40307516344357397,0.59083191957242,0.006092916984006093,NO,0.59083191957242,0,-2.738508277034419,0.4016694044497634,0.5922376785662306,0.006092916984006093,NO,0.5922376785662306,0,-2.7905705440088546,0.5357686453576864,0.4581430745814307,0.0060882800608828,ATL,0.5357686453576864,1,8,0,4.72665535657936,8,0,4.737901428529844,12,12,6.429223744292237
2023_12_PIT_CIN,2023-11-26T13:00-05:00,2023,12,CIN,PIT,-6.0,0.5273636383872135,0.4665434446287805,0.006092916984006093,CIN,0.5273636383872135,0,0.8775289864974629,0.5299327112508196,0.4639743717651743,0.006092916984006093,CIN,0.5299327112508196,0,0.9553052548927572,0.5357686453576864,0.4581430745814307,0.0060882800608828,CIN,0.5357686453576864,0,5,0,2.6368181919360674,6,0,3.179596267504918,13,0,6.9649923896499235
2023_12_TB_IND,2023-11-26T13:00-05:00,2023,12,IND,TB,7.0,0.48103302562660794,0.512874057389386,0.006092916984006093,TB,0.512874057389386,0,-0.4589934398569452,0.48556257605933606,0.5083445069566578,0.006092916984006093,TB,0.5083445069566578,0,-0.3295340491794728,0.5357686453576864,0.4581430745814307,0.0060882800608828,IND,0.5357686453576864,1,4,0,2.051496229557544,2,0,1.0166890139133156,15,15,8.036529680365296
2023_12_CLE_DEN,2023-11-26T16:05-05:00,2023,12,DEN,CLE,17.0,0.5767172944542297,0.41718978856176425,0.006092916984006093,DEN,0.5767172944542297,1,2.318878615006363,0.572566249470176,0.42134083354581797,0.006092916984006093,DEN,0.572566249470176,1,2.204164181792426,0.5357686453576864,0.4581430745814307,0.0060882800608828,DEN,0.5357686453576864,1,7,7,4.037021061179608,7,7,4.007963746291232,5,5,2.678843226788432
2023_12_LA_ARI,2023-11-26T16:05-05:00,2023,12,ARI,LAR,-23.0,0.48183364358694813,0.5120734394290458,0.006092916984006093,LAR,0.5120734394290458,1,-0.4358967404331948,0.4689271301640049,0.5249799528519891,0.006092916984006093,LAR,0.5249799528519891,1,-0.8115069513286387,0.5357686453576864,0.4581430745814307,0.0060882800608828,ARI,0.5357686453576864,0,3,3,1.5362203182871375,5,5,2.624899764259945,9,0,4.821917808219178
2023_12_BUF_PHI,2023-11-26T16:25-05:00,2023,12,PHI,BUF,3.0,0.43256842517990873,0.5613386578360853,0.006092916984006093,BUF,0.5613386578360853,0,-1.8660961785423655,0.47054605997650484,0.523361023039489,0.006092916984006093,BUF,0.523361023039489,0,-0.7645395303815758,0.5357686453576864,0.4581430745814307,0.0060882800608828,PHI,0.5357686453576864,1,6,0,3.3680319470165117,4,0,2.093444092157956,2,2,1.0715372907153728
2023_12_KC_LV,2023-11-26T16:25-05:00,2023,12,LV,KC,-14.0,0.21059441177509114,0.7833126712409029,0.006092916984006093,KC,0.7833126712409029,1,-9.406952107389728,0.2032174027776435,0.7906896802383505,0.006092916984006093,KC,0.7906896802383505,1,-9.764509430739272,0.5357686453576864,0.4581430745814307,0.0060882800608828,LV,0.5357686453576864,0,15,15,11.749690068613543,15,15,11.860345203575257,8,0,4.286149162861491
2023_12_BAL_LAC,2023-11-26T20:20-05:00,2023,12,LAC,BAL,-10.0,0.4827956480804616,0.5111114349355323,0.006092916984006093,BAL,0.5111114349355323,1,-0.40814725385685136,0.488403154523651,0.5055039284923429,0.006092916984006093,BAL,0.5055039284923429,1,-0.2473388375165273,0.5357686453576864,0.4581430745814307,0.0060882800608828,LAC,0.5357686453576864,0,2,2,1.0222228698710647,1,1,0.5055039284923429,1,0,0.5357686453576864
2023_12_CHI_MIN,2023-11-27T20:15-05:00,2023,12,MIN,CHI,-2.0,0.6204275798918912,0.3734795031241027,0.006092916984006093,MIN,0.6204275798918912,0,3.6346424909669413,0.6227187183641107,0.37118836465188326,0.006092916984006093,MIN,0.6227187183641107,0,3.7184636028036264,0.5357686453576864,0.4581430745814307,0.0060882800608828,MIN,0.5357686453576864,0,10,0,6.204275798918912,9,0,5.604468465276996,4,0,2.1430745814307457
2023_13_SEA_DAL,2023-11-30T20:15-05:00,2023,13,DAL,SEA,6.0,0.8205081768938628,0.17339890612213127,0.006092916984006093,DAL,0.8205081768938628,1,11.130879439098647,0.8282591187002152,0.16564796431577886,0.006092916984006093,DAL,0.8282591187002152,1,11.56724654569662,0.5357686453576864,0.4581430745814307,0.0060882800608828,DAL,0.5357686453576864,1,13,13,10.666606299620216,13,13,10.767368543102798,12,12,6.429223744292237
2023_13_ARI_PIT,2023-12-03T13:00-05:00,2023,13,PIT,ARI,-14.0,0.6989609794145012,0.2949461036014927,0.006092916984006093,PIT,0.6989609794145012,0,6.178709516724767,0.7013179642705998,0.2925891187453942,0.006092916984006093,PIT,0.7013179642705998,0,6.2828449330903755,0.5357686453576864,0.4581430745814307,0.0060882800608828,PIT,0.5357686453576864,0,10,0,6.989609794145012,10,0,7.013179642705998,1,0,0.5357686453576864
2023_13_ATL_NYJ,2023-12-03T13:00-05:00,2023,13,NYJ,ATL,-5.0,0.37302087652287275,0.6208862064931212,0.006092916984006093,ATL,0.6208862064931212,1,-3.648733430232468,0.3729897627053794,0.6209173203106145,0.006092916984006093,ATL,0.6209173203106145,1,-3.6628481614122497,0.5357686453576864,0.4581430745814307,0.0060882800608828,NYJ,0.5357686453576864,0,6,6,3.725317238958727,6,6,3.7255039218636874,2,0,1.0715372907153728
2023_13_DEN_HOU,2023-12-03T13:00-05:00,2023,13,HOU,DEN,5.0,0.5279815035652019,0.46592557945079205,0.006092916984006093,HOU,0.5279815035652019,1,0.8954044421020408,0.5349013669646411,0.45900571605135293,0.006092916984006093,HOU,0.5349013669646411,1,1.099757267513369,0.5357686453576864,0.4581430745814307,0.0060882800608828,HOU,0.5357686453576864,1,2,2,1.0559630071304038,3,3,1.6047041008939233,6,6,3.2146118721461185
2023_13_DET_NO,2023-12-03T13:00-05:00,2023,13,NO,DET,-5.0,0.47716073453725094,0.5167463484787429,0.006092916984006093,DET,0.5167463484787429,1,-0.5707394436522613,0.47367375857823585,0.520233324437758,0.006092916984006093,DET,0.520233324437758,1,-0.6738459029668831,0.5357686453576864,0.4581430745814307,0.0060882800608828,NO,0.5357686453576864,0,1,1,0.5167463484787429,1,1,0.520233324437758,7,0,3.750380517503805
2023_13_IND_TEN,2023-12-03T13:00-05:00,2023,13,TEN,IND,-3.0,0.46393098686251627,0.5299760961534778,0.006092916984006093,IND,0.5299760961534778,1,-0.9531292961389358,0.46803616690195843,0.5258709161140356,0.006092916984006093,IND,0.5258709161140356,1,-0.8373623657441512,0.5357686453576864,0.4581430745814307,0.0060882800608828,TEN,0.5357686453576864,0,3,3,1.5899282884604335,2,2,1.0517418322280712,8,0,4.286149162861491
2023_13_LAC_NE,2023-12-03T13:00-05:00,2023,13,NE,LAC,-6.0,0.35534482836925785,0.6385622546467361,0.006092916984006093,LAC,0.6385622546467361,1,-4.197404474452066,0.3477288453188162,0.6461782376971777,0.006092916984006093,LAC,0.6461782376971777,1,-4.453460448269639,0.5357686453576864,0.4581430745814307,0.0060882800608828,NE,0.5357686453576864,0,7,7,4.469935782527153,7,7,4.523247663880245,10,0,5.357686453576864
2023_13_MIA_WAS,2023-12-03T13:00-05:00,2023,13,WAS,MIA,-30.0,0.2646789157881734,0.7292281672278206,0.006092916984006093,MIA,0.7292281672278206,1,-7.257667324231406,0.2598668561258492,0.7340402268901447,0.006092916984006093,MIA,0.7340402268901447,1,-7.4629722247544805,0.5357686453576864,0.4581430745814307,0.0060882800608828,WAS,0.5357686453576864,0,11,11,8.021509839506026,11,11,8.074442495791592,11,0,5.893455098934551
2023_13_CAR_TB,2023-12-03T16:05-05:00,2023,13,TB,CAR,3.0,0.756691895053353,0.23721518796264102,0.006092916984006093,TB,0.756691895053353,1,8.30692265452145,0.7516757133573718,0.2422313696586222,0.006092916984006093,TB,0.7516757133573718,1,8.138676924590243,0.5357686453576864,0.4581430745814307,0.0060882800608828,TB,0.5357686453576864,1,12,12,9.080302740640235,12,12,9.020108560288461,3,3,1.6073059360730593
2023_13_CLE_LA,2023-12-03T16:25-05:00,2023,13,LAR,CLE,17.0,0.587499303725623,0.4064077792903709,0.006092916984006093,LAR,0.587499303725623,1,2.63903547177402,0.5984204149882845,0.39548666802770965,0.006092916984006093,LAR,0.5984204149882845,1,2.9766988143794197,0.5357686453576864,0.4581430745814307,0.0060882800608828,LAR,0.5357686453576864,1,4,4,2.349997214902492,5,5,2.9921020749414224,5,5,2.678843226788432
2023_13_SF_PHI,2023-12-03T16:25-05:00,2023,13,PHI,SF,-23.0,0.3961841378128905,0.5977229452031035,0.006092916984006093,SF,0.5977229452031035,1,-2.945035637988984,0.41787795727758664,0.5760291257384073,0.006092916984006093,SF,0.5760291257384073,1,-2.306812525422675,0.5357686453576864,0.4581430745814307,0.0060882800608828,PHI,0.5357686453576864,0,5,5,2.9886147260155176,4,4,2.304116502953629,13,0,6.9649923896499235
2023_13_KC_GB,2023-12-03T20:20-05:00,2023,13,GB,KC,8.0,0.3068899746086011,0.6870171084073928,0.006092916984006093,KC,0.6870171084073928,0,-5.771004730701744,0.29843725599699666,0.6954698270189973,0.006092916984006093,KC,0.6954698270189973,0,-6.08042828276322,0.5357686453576864,0.4581430745814307,0.0060882800608828,GB,0.5357686453576864,1,8,0,5.496136867259143,9,0,6.259228443170976,9,9,4.821917808219178
2023_13_CIN_JAX,2023-12-04T20:15-05:00,2023,13,JAX,CIN,-3.0,0.6870561508391019,0.3068509321768921,0.006092916984006093,JAX,0.6870561508391019,0,5.772322787645416,0.6777469349723096,0.3161601480436844,0.006092916984006093,JAX,0.6777469349723096,0,5.480290903370127,0.5357686453576864,0.4581430745814307,0.0060882800608828,JAX,0.5357686453576864,0,9,0,6.183505357551917,8,0,5.421975479778477,4,0,2.1430745814307457
2023_14_NE_PIT,2023-12-07T20:15-05:00,2023,14,PIT,NE,-3.0,0.6573502755216825,0.3365568074943115,0.006092916984006093,PIT,0.6573502755216825,0,4.794073459756307,0.6597135092851292,0.3341935737308648,0.006092916984006093,PIT,0.6597135092851292,0,4.887793513907219,0.5357686453576864,0.4581430745814307,0.0060882800608828,PIT,0.5357686453576864,0,8,0,5.25880220417346,8,0,5.277708074281033,11,0,5.893455098934551
2023_14_CAR_NO,2023-12-10T13:00-05:00,2023,14,NO,CAR,22.0,0.723798747614728,0.2701083354012661,0.006092916984006093,NO,0.723798747614728,1,7.05873634224848,0.7244441620989718,0.2694629209170222,0.006092916984006093,NO,0.7244441620989718,1,7.107785359069284,0.5357686453576864,0.4581430745814307,0.0060882800608828,NO,0.5357686453576864,1,13,13,9.409383718991464,12,12,8.693329945187662,2,2,1.0715372907153728
2023_14_DET_CHI,2023-12-10T13:00-05:00,2023,14,CHI,DET,15.0,0.41043370519285927,0.5834733778231347,0.006092916984006093,DET,0.5834733778231347,0,-2.5192025150356483,0.39886288650135493,0.595044196514639,0.006092916984006093,DET,0.595044196514639,0,-2.8749412677633654,0.5357686453576864,0.4581430745814307,0.0060882800608828,CHI,0.5357686453576864,1,5,0,2.9173668891156734,5,0,2.975220982573195,4,4,2.1430745814307457
2023_14_HOU_NYJ,2023-12-10T13:00-05:00,2023,14,NYJ,HOU,24.0,0.30782720190712587,0.6860798811088681,0.006092916984006093,HOU,0.6860798811088681,0,-5.739392081516185,0.30279427855810337,0.6911128044578905,0.006092916984006093,HOU,0.6911128044578905,0,-5.931092703117078,0.5357686453576864,0.4581430745814307,0.0060882800608828,NYJ,0.5357686453576864,1,9,0,6.174718929979813,11,0,7.602240849036795,6,6,3.2146118721461185
2023_14_IND_CIN,2023-12-10T13:00-05:00,2023,14,CIN,IND,20.0,0.5954002787947836,0.3985068042212103,0.006092916984006093,CIN,0.5954002787947836,1,2.8752932986675006,0.6029203181232733,0.3909867648927206,0.006092916984006093,CIN,0.6029203181232733,1,3.112784306574175,0.5357686453576864,0.4581430745814307,0.0060882800608828,CIN,0.5357686453576864,1,6,6,3.572401672768702,6,6,3.61752190873964,7,7,3.750380517503805
2023_14_JAX_CLE,2023-12-10T13:00-05:00,2023,14,CLE,JAX,4.0,0.47602088469221565,0.5178861983237784,0.006092916984006093,JAX,0.5178861983237784,0,-0.6036456876513022,0.4794443022760253,0.5144627807399687,0.006092916984006093,JAX,0.5144627807399687,0,-0.5066531701464891,0.5357686453576864,0.4581430745814307,0.0060882800608828,CLE,0.5357686453576864,1,3,0,1.553658594971335,3,0,1.543388342219906,8,8,4.286149162861491
2023_14_LA_BAL,2023-12-10T13:00-05:00,2023,14,BAL,LAR,6.0,0.6961212397588504,0.29778584325714347,0.006092916984006093,BAL,0.6961212397588504,1,6.080937365588158,0.6870987837344907,0.30680829928150327,0.006092916984006093,BAL,0.6870987837344907,1,5.794578794461976,0.5357686453576864,0.4581430745814307,0.0060882800608828,BAL,0.5357686453576864,1,11,11,7.657333637347355,10,10,6.870987837344908,9,9,4.821917808219178
2023_14_TB_ATL,2023-12-10T13:00-05:00,2023,14,ATL,TB,-4.0,0.4873705779662192,0.5065365050497748,0.006092916984006093,TB,0.5065365050497748,1,-0.27621952646959413,0.4892006778436415,0.5047064051723524,0.006092916984006093,TB,0.5047064051723524,1,-0.22426477648990262,0.5357686453576864,0.4581430745814307,0.0060882800608828,ATL,0.5357686453576864,0,2,2,1.0130730100995495,1,1,0.5047064051723524,14,0,7.50076103500761
2023_14_MIN_LV,2023-12-10T16:05-05:00,2023,14,LV,MIN,-3.0,0.47049561938410284,0.5234114636318911,0.006092916984006093,MIN,0.5234114636318911,1,-0.7632508187837126,0.47494711155944785,0.5189599714565462,0.006092916984006093,MIN,0.5189599714565462,1,-0.6369383465026116,0.5357686453576864,0.4581430745814307,0.0060882800608828,LV,0.5357686453576864,0,4,4,2.0936458545275642,4,4,2.0758398858261846,10,0,5.357686453576864
2023_14_SEA_SF,2023-12-10T16:05-05:00,2023,14,SF,SEA,12.0,0.8847373575362655,0.10916972547972845,0.006092916984006093,SF,0.8847373575362655,1,14.984025985223962,0.8840988156147187,0.10980826740127522,0.006092916984006093,SF,0.8840988156147187,1,14.990945167904407,0.5357686453576864,0.4581430745814307,0.0060882800608828,SF,0.5357686453576864,1,15,15,13.271060363043983,15,15,13.26148223422078,13,13,6.9649923896499235
2023_14_BUF_KC,2023-12-10T16:25-05:00,2023,14,KC,BUF,-3.0,0.48826905420188954,0.5056380288141044,0.006092916984006093,BUF,0.5056380288141044,1,-0.2503162831402218,0.5125911919392173,0.48131589107677647,0.006092916984006093,KC,0.5125911919392173,0,0.45245832981859413,0.5357686453576864,0.4581430745814307,0.0060882800608828,KC,0.5357686453576864,0,1,1,0.5056380288141044,2,0,1.0251823838784346,1,0,0.5357686453576864
2023_14_DEN_LAC,2023-12-10T16:25-05:00,2023,14,LAC,DEN,-17.0,0.610156150862612,0.3837509321533819,0.006092916984006093,LAC,0.610156150862612,0,3.320805418124906,0.6189102480165634,0.37499683499943054,0.006092916984006093,LAC,0.6189102480165634,0,3.6010089477811045,0.5357686453576864,0.4581430745814307,0.0060882800608828,LAC,0.5357686453576864,0,7,0,4.271093056038284,7,0,4.3323717361159435,3,0,1.6073059360730593
2023_14_PHI_DAL,2023-12-10T20:20-05:00,2023,14,DAL,PHI,20.0,0.6958964180938343,0.29801066492215955,0.006092916984006093,DAL,0.6958964180938343,1,6.073219668132406,0.6852886349725429,0.30861844804345095,0.006092916984006093,DAL,0.6852886349725429,1,5.733341306146933,0.5357686453576864,0.4581430745814307,0.0060882800608828,DAL,0.5357686453576864,1,10,10,6.958964180938343,9,9,6.167597714752886,12,12,6.429223744292237
2023_14_GB_NYG,2023-12-11T20:15-05:00,2023,14,NYG,GB,2.0,0.2754043226997696,0.7185027603162243,0.006092916984006093,GB,0.7185027603162243,0,-6.867095199031432,0.26672890265745236,0.7271781803585416,0.006092916984006093,GB,0.7271781803585416,0,-7.208151152345616,0.5357686453576864,0.4581430745814307,0.0060882800608828,NYG,0.5357686453576864,1,12,0,8.622033123794692,13,0,9.453316344661042,5,5,2.678843226788432
2023_14_TEN_MIA,2023-12-11T20:15-05:00,2023,14,MIA,TEN,-1.0,0.8285816201797098,0.16532546283628405,0.006092916984006093,MIA,0.8285816201797098,0,11.542435649850251,0.8298544823131181,0.16405260070287578,0.006092916984006093,MIA,0.8298544823131181,0,11.65063075477576,0.5357686453576864,0.4581430745814307,0.0060882800608828,MIA,0.5357686453576864,0,14,0,11.600142682515937,14,0,11.617962752383653,15,0,8.036529680365296
2023_15_LAC_LV,2023-12-14T20:15-05:00,2023,15,LV,LAC,42.0,0.5056184057236223,0.4882886772923717,0.006092916984006093,LV,0.5056184057236223,1,0.24975056454027833,0.5030174330268379,0.4908896499891561,0.006092916984006093,LV,0.5030174330268379,1,0.1754028568589856,0.5357686453576864,0.4581430745814307,0.0060882800608828,LV,0.5357686453576864,1,1,1,0.5056184057236223,1,1,0.5030174330268379,8,8,4.286149162861491
2023_15_MIN_CIN,2023-12-16T13:00-05:00,2023,15,CIN,MIN,3.0,0.6066217143262667,0.38728536868972735,0.006092916984006093,CIN,0.6066217143262667,1,3.213547671192077,0.613157472933073,0.38074961008292085,0.006092916984006093,CIN,0.613157472933073,1,3.4244749501272183,0.5357686453576864,0.4581430745814307,0.0060882800608828,CIN,0.5357686453576864,1,8,8,4.852973714610133,9,9,5.518417256397657,9,9,4.821917808219178
2023_15_PIT_IND,2023-12-16T16:30-05:00,2023,15,IND,PIT,17.0,0.5540584519859343,0.43984863103005956,0.006092916984006093,IND,0.5540584519859343,1,1.6530907692614534,0.548697218421947,0.44520986459404704,0.006092916984006093,IND,0.548697218421947,1,1.5020965112466476,0.5357686453576864,0.4581430745814307,0.0060882800608828,IND,0.5357686453576864,1,5,5,2.7702922599296715,5,5,2.743486092109735,13,13,6.9649923896499235
2023_15_DEN_DET,2023-12-16T20:15-05:00,2023,15,DET,DEN,25.0,0.5371890535701103,0.4567180294458837,0.006092916984006093,DET,0.5371890535701103,1,1.162149249478449,0.5429964190489016,0.4509106639670924,0.006092916984006093,DET,0.5429964190489016,1,1.335590926883411,0.5357686453576864,0.4581430745814307,0.0060882800608828,DET,0.5357686453576864,1,4,4,2.148756214280441,4,4,2.1719856761956065,5,5,2.678843226788432
2023_15_ATL_CAR,2023-12-17T13:00-05:00,2023,15,CAR,ATL,2.0,0.3856254664967703,0.6082816165192236,0.006092916984006093,ATL,0.6082816165192236,0,-3.263875033080502,0.38852612122310753,0.6053809617928865,0.006092916984006093,ATL,0.6053809617928865,0,-3.1874303099116936,0.5357686453576864,0.4581430745814307,0.0060882800608828,CAR,0.5357686453576864,1,9,0,5.474534548673013,8,0,4.843047694343092,1,1,0.5357686453576864
2023_15_CHI_CLE,2023-12-17T13:00-05:00,2023,15,CLE,CHI,3.0,0.5169503376545914,0.4769567453614026,0.006092916984006093,CLE,0.5169503376545914,1,0.5766279402065204,0.5250872707096318,0.46881981230636205,0.006092916984006093,CLE,0.5250872707096318,1,0.8146209935120172,0.5357686453576864,0.4581430745814307,0.0060882800608828,CLE,0.5357686453576864,1,2,2,1.0339006753091828,3,3,1.5752618121288955,3,3,1.6073059360730593
2023_15_HOU_TEN,2023-12-17T13:00-05:00,2023,15,TEN,HOU,-3.0,0.6184353942329447,0.37547168878304926,0.006092916984006093,TEN,0.6184353942329447,0,3.5735136626765787,0.6169629474849823,0.3769441355310117,0.006092916984006093,TEN,0.6169629474849823,0,3.5411359070242967,0.5357686453576864,0.4581430745814307,0.0060882800608828,TEN,0.5357686453576864,0,11,0,6.802789336562392,10,0,6.169629474849822,6,0,3.2146118721461185
2023_15_KC_NE,2023-12-17T13:00-05:00,2023,15,NE,KC,-10.0,0.22043745069917833,0.7734696323168156,0.006092916984006093,KC,0.7734696323168156,1,-8.989271217497244,0.21142512628020135,0.7824819567357925,0.006092916984006093,KC,0.7824819567357925,1,-9.404947468990253,0.5357686453576864,0.4581430745814307,0.0060882800608828,NE,0.5357686453576864,0,14,14,10.82857485243542,14,14,10.954747394301094,7,0,3.750380517503805
2023_15_NYG_NO,2023-12-17T13:00-05:00,2023,15,NO,NYG,18.0,0.74295335290595,0.25095373011004396,0.006092916984006093,NO,0.74295335290595,1,7.772525940985975,0.7494331683736178,0.24447391464237597,0.006092916984006093,NO,0.7494331683736178,1,8.050972690135191,0.5357686453576864,0.4581430745814307,0.0060882800608828,NO,0.5357686453576864,1,12,12,8.9154402348714,12,12,8.993198020483414,10,10,5.357686453576864
2023_15_NYJ_MIA,2023-12-17T13:00-05:00,2023,15,MIA,NYJ,30.0,0.8306470421756339,0.16326004084036005,0.006092916984006093,MIA,0.8306470421756339,1,11.650293371097646,0.8337751559005305,0.16013192711546356,0.006092916984006093,MIA,0.8337751559005305,1,11.858353886792754,0.5357686453576864,0.4581430745814307,0.0060882800608828,MIA,0.5357686453576864,1,15,15,12.459705632634508,16,16,13.340402494408488,11,11,5.893455098934551
2023_15_TB_GB,2023-12-17T13:00-05:00,2023,15,GB,TB,-14.0,0.5947074718409352,0.3991996111750587,0.006092916984006093,GB,0.5947074718409352,0,2.8545166628651377,0.5985626834100854,0.39534439960590834,0.006092916984006093,GB,0.5985626834100854,0,2.980993110928538,0.5357686453576864,0.4581430745814307,0.0060882800608828,GB,0.5357686453576864,0,7,0,4.162952302886547,7,0,4.189938783870598,15,0,8.036529680365296
2023_15_SF_ARI,2023-12-17T16:05-05:00,2023,15,ARI,SF,-16.0,0.16314521167516463,0.8307618713408293,0.006092916984006093,SF,0.8307618713408293,1,-11.656321892677276,0.1629230950132947,0.8309839880026995,0.006092916984006093,SF,0.8309839880026995,1,-11.710060280388099,0.5357686453576864,0.4581430745814307,0.0060882800608828,ARI,0.5357686453576864,0,16,16,13.29218994145327,15,15,12.464759820040491,14,0,7.50076103500761
2023_15_WAS_LA,2023-12-17T16:05-05:00,2023,15,LAR,WAS,8.0,0.7698035947940294,0.22410348822196455,0.006092916984006093,LAR,0.7698035947940294,1,8.837131564980359,0.7786209473656628,0.2152861356503311,0.006092916984006093,LAR,0.7786209473656628,1,9.239332353412786,0.5357686453576864,0.4581430745814307,0.0060882800608828,LAR,0.5357686453576864,1,13,13,10.007446732322382,13,13,10.122072315753616,16,16,8.572298325722983
2023_15_DAL_BUF,2023-12-17T16:25-05:00,2023,15,BUF,DAL,21.0,0.5271268806922379,0.466780202323756,0.006092916984006093,BUF,0.5271268806922379,1,0.8706800768813888,0.5084619754486849,0.4854451075673091,0.006092916984006093,BUF,0.5084619754486849,1,0.3329335541275704,0.5357686453576864,0.4581430745814307,0.0060882800608828,BUF,0.5357686453576864,1,3,3,1.5813806420767138,2,2,1.0169239508973698,4,4,2.1430745814307457
2023_15_BAL_JAX,2023-12-17T20:20-05:00,2023,15,JAX,BAL,-16.0,0.412161725706147,0.581745357309847,0.006092916984006093,BAL,0.581745357309847,1,-2.467875274023178,0.40596300023500265,0.5879440827809914,0.006092916984006093,BAL,0.5879440827809914,1,-2.661859153006328,0.5357686453576864,0.4581430745814307,0.0060882800608828,JAX,0.5357686453576864,0,6,6,3.490472143859082,6,6,3.5276644966859485,2,0,1.0715372907153728
2023_15_PHI_SEA,2023-12-18T20:15-05:00,2023,15,SEA,PHI,3.0,0.37783505653116106,0.6160720264848328,0.006092916984006093,PHI,0.6160720264848328,0,-3.501160236429231,0.36566142978956023,0.6282456532264338,0.006092916984006093,PHI,0.6282456532264338,0,-3.889789047076057,0.5357686453576864,0.4581430745814307,0.0060882800608828,SEA,0.5357686453576864,1,10,0,6.160720264848329,11,0,6.910702185490772,12,12,6.429223744292237
2023_16_NO_LA,2023-12-21T20:15-05:00,2023,16,LAR,NO,8.0,0.5565405544128225,0.43736652860317154,0.006092916984006093,LAR,0.5565405544128225,1,1.725626088884666,0.5662362202759013,0.4276708627400928,0.006092916984006093,LAR,0.5662362202759013,1,2.0170936353398883,0.5357686453576864,0.4581430745814307,0.0060882800608828,LAR,0.5357686453576864,1,7,7,3.8957838808897574,7,7,3.9636535419313086,13,13,6.9649923896499235
2023_16_CIN_PIT,2023-12-23T16:30-05:00,2023,16,PIT,CIN,23.0,0.3233831819430125,0.6705239010729813,0.006092916984006093,CIN,0.6705239010729813,0,-5.222108662651611,0.32035196321262766,0.6735551198033662,0.006092916984006093,CIN,0.6735551198033662,0,-5.341038408395319,0.5357686453576864,0.4581430745814307,0.0060882800608828,PIT,0.5357686453576864,1,11,0,7.375762911802795,11,0,7.409106317837029,4,4,2.1430745814307457
2023_16_BUF_LAC,2023-12-23T20:00-05:00,2023,16,LAC,BUF,-2.0,0.1353803380311913,0.8585267449848026,0.006092916984006093,BUF,0.8585267449848026,1,-13.227686271430045,0.13949689648814628,0.8544101865278477,0.006092916984006093,BUF,0.8544101865278477,1,-13.025551244983362,0.5357686453576864,0.4581430745814307,0.0060882800608828,LAC,0.5357686453576864,0,16,16,13.736427919756842,16,16,13.670562984445564,3,0,1.6073059360730593
2023_16_CLE_HOU,2023-12-24T13:00-05:00,2023,16,HOU,CLE,-14.0,0.47572939824229166,0.5181776847737022,0.006092916984006093,CLE,0.5181776847737022,1,-0.6120615981161543,0.4769654141728172,0.5169416688431768,0.006092916984006093,CLE,0.5169416688431768,1,-0.5784557592598601,0.5357686453576864,0.4581430745814307,0.0060882800608828,HOU,0.5357686453576864,0,1,1,0.5181776847737022,2,2,1.0338833376863537,5,0,2.678843226788432
2023_16_DET_MIN,2023-12-24T13:00-05:00,2023,16,MIN,DET,-6.0,0.45782497106652564,0.5360821119494683,0.006092916984006093,DET,0.5360821119494683,1,-1.130041964509926,0.4531673077345968,0.540739775281397,0.006092916984006093,DET,0.540739775281397,1,-1.2697812780509987,0.5357686453576864,0.4581430745814307,0.0060882800608828,MIN,0.5357686453576864,0,5,5,2.6804105597473415,5,5,2.7036988764069854,7,0,3.750380517503805
2023_16_GB_CAR,2023-12-24T13:00-05:00,2023,16,CAR,GB,-3.0,0.3266550653018324,0.6672520177141616,0.006092916984006093,GB,0.6672520177141616,1,-5.114988665635107,0.32614164156791103,0.6677654414480829,0.006092916984006093,GB,0.6677654414480829,1,-5.150263352840622,0.5357686453576864,0.4581430745814307,0.0060882800608828,CAR,0.5357686453576864,0,10,10,6.6725201771416165,10,10,6.677654414480829,8,0,4.286149162861491
2023_16_IND_ATL,2023-12-24T13:00-05:00,2023,16,ATL,IND,19.0,0.462743542303786,0.5311635407122078,0.006092916984006093,IND,0.5311635407122078,0,-0.9875093111674176,0.4629467192254233,0.5309603637905708,0.006092916984006093,IND,0.5309603637905708,0,-0.9851650851296017,0.5357686453576864,0.4581430745814307,0.0060882800608828,ATL,0.5357686453576864,1,4,0,2.1246541628488314,3,0,1.5928810913717122,9,9,4.821917808219178
2023_16_SEA_TEN,2023-12-24T13:00-05:00,2023,16,TEN,SEA,-3.0,0.4695712347205864,0.5243358482954076,0.006092916984006093,SEA,0.5243358482954076,1,-0.7899704115831474,0.4628736247605994,0.5310334582553946,0.006092916984006093,SEA,0.5310334582553946,1,-0.9872892637636212,0.5357686453576864,0.4581430745814307,0.0060882800608828,TEN,0.5357686453576864,0,3,3,1.5730075448862229,4,4,2.1241338330215784,15,0,8.036529680365296
2023_16_WAS_NYJ,2023-12-24T13:00-05:00,2023,16,NYJ,WAS,2.0,0.4520954051398378,0.5418116778761561,0.006092916984006093,WAS,0.5418116778761561,0,-1.2963601038400898,0.45093865982809284,0.5429684231879011,0.006092916984006093,WAS,0.5429684231879011,0,-1.3347741577176007,0.5357686453576864,0.4581430745814307,0.0060882800608828,NYJ,0.5357686453576864,1,6,0,3.250870067256937,6,0,3.2578105391274064,16,16,8.572298325722983
2023_16_JAX_TB,2023-12-24T16:05-05:00,2023,16,TB,JAX,18.0,0.5753198762011038,0.4185872068148901,0.006092916984006093,TB,0.5753198762011038,1,2.2775584446834856,0.572170124542291,0.4217369584737029,0.006092916984006093,TB,0.572170124542291,1,2.1924364420025393,0.5357686453576864,0.4581430745814307,0.0060882800608828,TB,0.5357686453576864,1,8,8,4.6025590096088305,8,8,4.577360996338328,10,10,5.357686453576864
2023_16_ARI_CHI,2023-12-24T16:25-05:00,2023,16,CHI,ARI,11.0,0.6551253611034656,0.3387817219125284,0.006092916984006093,CHI,0.6551253611034656,1,4.7226083634671046,0.6494887901620742,0.34441829285391984,0.006092916984006093,CHI,0.6494887901620742,1,4.558939540343552,0.5357686453576864,0.4581430745814307,0.0060882800608828,CHI,0.5357686453576864,1,9,9,5.8961282499311904,9,9,5.845399111458668,1,1,0.5357686453576864
2023_16_DAL_MIA,2023-12-24T16:25-05:00,2023,16,MIA,DAL,2.0,0.5194151169154443,0.47449196610054967,0.006092916984006093,MIA,0.5194151169154443,1,0.6477939951024027,0.5105431218510615,0.48336396116493247,0.006092916984006093,MIA,0.5105431218510615,1,0.3931678686295018,0.5357686453576864,0.4581430745814307,0.0060882800608828,MIA,0.5357686453576864,1,2,2,1.0388302338308886,1,1,0.5105431218510615,6,6,3.2146118721461185
2023_16_NE_DEN,2023-12-24T20:15-05:00,2023,16,DEN,NE,-3.0,0.7010328790843248,0.29287420393166924,0.006092916984006093,DEN,0.7010328790843248,0,6.250388467183013,0.6998298210530747,0.2940772619629193,0.006092916984006093,DEN,0.6998298210530747,0,6.231116950300597,0.5357686453576864,0.4581430745814307,0.0060882800608828,DEN,0.5357686453576864,0,12,0,8.412394549011896,12,0,8.397957852636896,12,0,6.429223744292237
2023_16_LV_KC,2023-12-25T13:00-05:00,2023,16,KC,LV,-6.0,0.781552645303792,0.21235443771220192,0.006092916984006093,KC,0.781552645303792,0,9.331242927871807,0.7890048694392591,0.20490221357673483,0.006092916984006093,KC,0.7890048694392591,0,9.689839147743964,0.5357686453576864,0.4581430745814307,0.0060882800608828,KC,0.5357686453576864,0,14,0,10.941737034253087,14,0,11.046068172149628,11,0,5.893455098934551
2023_16_NYG_PHI,2023-12-25T16:30-05:00,2023,16,PHI,NYG,8.0,0.8201859589795713,0.17372112403642287,0.006092916984006093,PHI,0.8201859589795713,1,11.114771693659883,0.8327910381539747,0.16111604486201925,0.006092916984006093,PHI,0.8327910381539747,1,11.805831977808538,0.5357686453576864,0.4581430745814307,0.0060882800608828,PHI,0.5357686453576864,1,15,15,12.302789384693568,15,15,12.49186557230962,14,14,7.50076103500761
2023_16_BAL_SF,2023-12-25T20:15-05:00,2023,16,SF,BAL,-14.0,0.7019771231292342,0.2919299598867598,0.006092916984006093,SF,0.7019771231292342,0,6.283153121406262,0.7001053780386262,0.2938017049773677,0.006092916984006093,SF,0.7001053780386262,0,6.240683841795924,0.5357686453576864,0.4581430745814307,0.0060882800608828,SF,0.5357686453576864,0,13,0,9.125702600680045,13,0,9.10136991450214,2,0,1.0715372907153728
2023_17_NYJ_CLE,2023-12-28T20:15-05:00,2023,17,CLE,NYJ,17.0,0.7750081034061262,0.21889897960986768,0.006092916984006093,CLE,0.7750081034061262,1,9.053655645796365,0.7754033414673548,0.21850374154863916,0.006092916984006093,CLE,0.7754033414673548,1,9.102950291922992,0.5357686453576864,0.4581430745814307,0.0060882800608828,CLE,0.5357686453576864,1,13,13,10.075105344279642,13,13,10.080243439075613,13,13,6.9649923896499235
2023_17_DET_DAL,2023-12-30T20:15-05:00,2023,17,DAL,DET,1.0,0.6535781916588397,0.3403288913571541,0.006092916984006093,DAL,0.6535781916588397,1,4.673046352817972,0.6616212153410158,0.33228586767497825,0.006092916984006093,DAL,0.6616212153410158,1,4.949690285378571,0.5357686453576864,0.4581430745814307,0.0060882800608828,DAL,0.5357686453576864,1,9,9,5.882203724929557,9,9,5.954590938069142,5,5,2.678843226788432
2023_17_ARI_PHI,2023-12-31T13:00-05:00,2023,17,PHI,ARI,-4.0,0.8400324999375476,0.15387458307844643,0.006092916984006093,PHI,0.8400324999375476,0,12.154743516397328,0.8465369985341016,0.14737008448189232,0.006092916984006093,PHI,0.8465369985341016,0,12.56441604764713,0.5357686453576864,0.4581430745814307,0.0060882800608828,PHI,0.5357686453576864,0,15,0,12.600487499063213,15,0,12.698054978011523,1,0,0.5357686453576864
2023_17_ATL_CHI,2023-12-31T13:00-05:00,2023,17,CHI,ATL,20.0,0.5833206293715333,0.4105864536444607,0.006092916984006093,CHI,0.5833206293715333,1,2.514662878504865,0.579651983689536,0.4142550993264581,0.006092916984006093,CHI,0.579651983689536,1,2.4144535846002477,0.5357686453576864,0.4581430745814307,0.0060882800608828,CHI,0.5357686453576864,1,4,4,2.333282517486133,4,4,2.318607934758144,2,2,1.0715372907153728
2023_17_CAR_JAX,2023-12-31T13:00-05:00,2023,17,JAX,CAR,26.0,0.6991466621122956,0.29476042090369825,0.006092916984006093,JAX,0.6991466621122956,1,6.185121423186873,0.6979108251943599,0.29599625782163413,0.006092916984006093,JAX,0.6979108251943599,1,6.164635921796108,0.5357686453576864,0.4581430745814307,0.0060882800608828,JAX,0.5357686453576864,1,10,10,6.991466621122956,10,10,6.9791082519435985,3,3,1.6073059360730593
2023_17_LA_NYG,2023-12-31T13:00-05:00,2023,17,NYG,LAR,-1.0,0.27315399766768517,0.7207530853483088,0.006092916984006093,LAR,0.7207530853483088,1,-6.948243340226339,0.264573815440842,0.7293332675751519,0.006092916984006093,LAR,0.7293332675751519,1,-7.287724200627931,0.5357686453576864,0.4581430745814307,0.0060882800608828,NYG,0.5357686453576864,0,12,12,8.649037024179705,12,12,8.751999210901824,8,0,4.286149162861491
2023_17_LV_IND,2023-12-31T13:00-05:00,2023,17,IND,LV,3.0,0.5148924204010233,0.4790146626149706,0.006092916984006093,IND,0.5148924204010233,1,0.5172312312963541,0.5100377287445577,0.48386935427143635,0.006092916984006093,IND,0.5100377287445577,1,0.37853916154482675,0.5357686453576864,0.4581430745814307,0.0060882800608828,IND,0.5357686453576864,1,2,2,1.0297848408020467,1,1,0.5100377287445577,9,9,4.821917808219178
2023_17_MIA_BAL,2023-12-31T13:00-05:00,2023,17,BAL,MIA,37.0,0.5763300870044377,0.4175769960115563,0.006092916984006093,BAL,0.5763300870044377,1,2.3074254982630458,0.5743373300492337,0.4195697529667602,0.006092916984006093,BAL,0.5743373300492337,1,2.256634942909638,0.5357686453576864,0.4581430745814307,0.0060882800608828,BAL,0.5357686453576864,1,3,3,1.728990261013313,3,3,1.7230119901477012,10,10,5.357686453576864
2023_17_NE_BUF,2023-12-31T13:00-05:00,2023,17,BUF,NE,6.0,0.8730734376105861,0.12083364540540786,0.006092916984006093,BUF,0.8730734376105861,1,14.162046820071708,0.8695701335893878,0.12433694942660597,0.006092916984006093,BUF,0.8695701335893878,1,13.978801136469146,0.5357686453576864,0.4581430745814307,0.0060882800608828,BUF,0.5357686453576864,1,16,16,13.969175001769377,16,16,13.913122137430205,11,11,5.893455098934551
2023_17_NO_TB,2023-12-31T13:00-05:00,2023,17,TB,NO,-10.0,0.588635768966035,0.4052713140499589,0.006092916984006093,TB,0.588635768966035,0,2.672928243886992,0.5837498518645771,0.4101572311514169,0.006092916984006093,TB,0.5837498518645771,0,2.5365328347449854,0.5357686453576864,0.4581430745814307,0.0060882800608828,TB,0.5357686453576864,0,5,0,2.943178844830175,5,0,2.9187492593228854,12,0,6.429223744292237
2023_17_SF_WAS,2023-12-31T13:00-05:00,2023,17,WAS,SF,-17.0,0.1652485397159094,0.8286585433000846,0.006092916984006093,SF,0.8286585433000846,1,-11.546433210170237,0.16288012035617097,0.831026962659823,0.006092916984006093,SF,0.831026962659823,1,-11.71232794295057,0.5357686453576864,0.4581430745814307,0.0060882800608828,WAS,0.5357686453576864,0,14,14,11.601219606201184,14,14,11.634377477237521,15,0,8.036529680365296
2023_17_TEN_HOU,2023-12-31T13:00-05:00,2023,17,HOU,TEN,23.0,0.6356312873228149,0.35827579569317913,0.006092916984006093,HOU,0.6356312873228149,1,4.105634143755245,0.6384807610632236,0.3554263219527704,0.006092916984006093,HOU,0.6384807610632236,1,4.209972399821247,0.5357686453576864,0.4581430745814307,0.0060882800608828,HOU,0.5357686453576864,1,8,8,5.0850502985825194,8,8,5.107846088505789,16,16,8.572298325722983
2023_17_PIT_SEA,2023-12-31T16:05-05:00,2023,17,SEA,PIT,-7.0,0.6040108341116309,0.38989624890436286,0.006092916984006093,SEA,0.6040108341116309,0,3.1345443021596298,0.6035630542383865,0.3903440287776075,0.006092916984006093,SEA,0.6035630542383865,0,3.132266226409671,0.5357686453576864,0.4581430745814307,0.0060882800608828,SEA,0.5357686453576864,0,7,0,4.228075838781416,7,0,4.224941379668706,14,0,7.50076103500761
2023_17_CIN_KC,2023-12-31T16:25-05:00,2023,17,KC,CIN,8.0,0.7008945645017473,0.2930125185142467,0.006092916984006093,KC,0.7008945645017473,1,6.245594213006106,0.7066402387483103,0.2872668442676837,0.006092916984006093,KC,0.7066402387483103,1,6.469118776222169,0.5357686453576864,0.4581430745814307,0.0060882800608828,KC,0.5357686453576864,1,11,11,7.70984020951922,11,11,7.773042626231413,4,4,2.1430745814307457
2023_17_LAC_DEN,2023-12-31T16:25-05:00,2023,17,DEN,LAC,7.0,0.5893024013584501,0.40460468165754376,0.006092916984006093,DEN,0.5893024013584501,1,2.692822959705233,0.5860813270202829,0.4078257559957112,0.006092916984006093,DEN,0.5860813270202829,1,2.606150509266658,0.5357686453576864,0.4581430745814307,0.0060882800608828,DEN,0.5357686453576864,1,6,6,3.535814408150701,6,6,3.5164879621216976,7,7,3.750380517503805
2023_17_GB_MIN,2023-12-31T20:20-05:00,2023,17,MIN,GB,-23.0,0.4809158470693457,0.5129912359466483,0.006092916984006093,GB,0.5129912359466483,1,-0.46237407337861525,0.4807289234876292,0.5131781595283648,0.006092916984006093,GB,0.5131781595283648,1,-0.46945345645107084,0.5357686453576864,0.4581430745814307,0.0060882800608828,MIN,0.5357686453576864,0,1,1,0.5129912359466483,2,2,1.0263563190567295,6,0,3.2146118721461185
2023_18_PIT_BAL,2024-01-06T16:30-05:00,2023,18,BAL,PIT,-7.0,0.7631790870520918,0.23072799596390212,0.006092916984006093,BAL,0.7631790870520918,0,8.566622128652629,0.7629000287020714,0.23100705431392254,0.006092916984006093,BAL,0.7629000287020714,0,8.586192419287132,0.5357686453576864,0.4581430745814307,0.0060882800608828,BAL,0.5357686453576864,0,15,0,11.447686305781378,15,0,11.44350043053107,14,0,7.50076103500761
2023_18_HOU_IND,2024-01-06T20:15-05:00,2023,18,IND,HOU,-4.0,0.44886097897423305,0.5450461040417609,0.006092916984006093,HOU,0.5450461040417609,1,-1.3904005387095597,0.4441517445572895,0.5497553384587044,0.006092916984006093,HOU,0.5497553384587044,1,-1.533044375548247,0.5357686453576864,0.4581430745814307,0.0060882800608828,IND,0.5357686453576864,0,3,3,1.6351383121252827,3,3,1.6492660153761132,7,0,3.750380517503805
2023_18_ATL_NO,2024-01-07T13:00-05:00,2023,18,NO,ATL,31.0,0.7047885988487231,0.2891184841672709,0.006092916984006093,NO,0.7047885988487231,1,6.381078454373385,0.7051607494350621,0.2887463335809319,0.006092916984006093,NO,0.7051607494350621,1,6.417135707832409,0.5357686453576864,0.4581430745814307,0.0060882800608828,NO,0.5357686453576864,1,12,12,8.457463186184677,12,12,8.461928993220745,1,1,0.5357686453576864
2023_18_CLE_CIN,2024-01-07T13:00-05:00,2023,18,CIN,CLE,17.0,0.5368640450416727,0.4570430379743212,0.006092916984006093,CIN,0.5368640450416727,1,1.1527210525974572,0.5407716515278534,0.4531354314881406,0.006092916984006093,CIN,0.5407716515278534,1,1.2707104969324017,0.5357686453576864,0.4581430745814307,0.0060882800608828,CIN,0.5357686453576864,1,2,2,1.0737280900833455,2,2,1.081543303055707,4,4,2.1430745814307457
2023_18_JAX_TEN,2024-01-07T13:00-05:00,2023,18,TEN,JAX,8.0,0.3857272288062183,0.6081798542097757,0.006092916984006093,JAX,0.6081798542097757,0,-3.2607873844726534,0.380997015381774,0.61291006763422,0.006092916984006093,JAX,0.61291006763422,0,-3.4169059357603366,0.5357686453576864,0.4581430745814307,0.0060882800608828,TEN,0.5357686453576864,1,8,0,4.865438833678206,8,0,4.90328054107376,8,8,4.286149162861491
2023_18_MIN_DET,2024-01-07T13:00-05:00,2023,18,DET,MIN,10.0,0.7444118804826629,0.24949520253333105,0.006092916984006093,DET,0.7444118804826629,1,7.828312616199325,0.7454569014063721,0.2484501816096218,0.006092916984006093,DET,0.7454569014063721,1,7.896785312349351,0.5357686453576864,0.4581430745814307,0.0060882800608828,DET,0.5357686453576864,1,13,13,9.677354446274618,13,13,9.690939718282838,11,11,5.893455098934551
2023_18_NYJ_NE,2024-01-07T13:00-05:00,2023,18,NE,NYJ,-14.0,0.6790046764844316,0.3149024065315623,0.006092916984006093,NE,0.6790046764844316,0,5.5024259602760965,0.6774556927328412,0.3164513902831527,0.006092916984006093,NE,0.6774556927328412,0,5.4705842773847255,0.5357686453576864,0.4581430745814307,0.0060882800608828,NE,0.5357686453576864,0,10,0,6.790046764844316,10,0,6.774556927328412,12,0,6.429223744292237
2023_18_TB_CAR,2024-01-07T13:00-05:00,2023,18,CAR,TB,-9.0,0.33753514113937927,0.6563719418766146,0.006092916984006093,TB,0.6563719418766146,1,-4.762620841380056,0.34373960894550815,0.6501674740704858,0.006092916984006093,TB,0.6501674740704858,1,-4.580621888180494,0.5357686453576864,0.4581430745814307,0.0060882800608828,CAR,0.5357686453576864,0,9,9,5.907347476889532,9,9,5.851507266634372,16,0,8.572298325722983
2023_18_CHI_GB,2024-01-07T16:25-05:00,2023,18,GB,CHI,8.0,0.597698739782219,0.396208343233775,0.006092916984006093,GB,0.597698739782219,1,2.944308120504415,0.6010949472703843,0.3928121357456098,0.006092916984006093,GB,0.6010949472703843,1,3.0575167416842204,0.5357686453576864,0.4581430745814307,0.0060882800608828,GB,0.5357686453576864,1,7,7,4.183891178475533,7,7,4.2076646308926895,3,3,1.6073059360730593
2023_18_DAL_WAS,2024-01-07T16:25-05:00,2023,18,WAS,DAL,-28.0,0.19566409093237966,0.7982429920836143,0.006092916984006093,DAL,0.7982429920836143,1,-10.068761252701387,0.19026792227765402,0.80363916073834,0.006092916984006093,DAL,0.80363916073834,1,-10.354477983777496,0.5357686453576864,0.4581430745814307,0.0060882800608828,WAS,0.5357686453576864,0,16,16,12.771887873337828,16,16,12.85822657181344,5,0,2.678843226788432
2023_18_DEN_LV,2024-01-07T16:25-05:00,2023,18,LV,DEN,13.0,0.5933269669698453,0.4005801160461486,0.006092916984006093,LV,0.5933269669698453,1,2.813151843673032,0.5969031134142455,0.39700396960174855,0.006092916984006093,LV,0.5969031134142455,1,2.9309322863552696,0.5357686453576864,0.4581430745814307,0.0060882800608828,LV,0.5357686453576864,1,6,6,3.559961801819072,6,6,3.581418680485473,6,6,3.2146118721461185
2023_18_KC_LAC,2024-01-07T16:25-05:00,2023,18,LAC,KC,-1.0,0.4270724755024508,0.5668346075135431,0.006092916984006093,KC,0.5668346075135431,1,-2.0274380125485516,0.4250547882969968,0.5688522947189972,0.006092916984006093,KC,0.5688522947189972,1,-2.0943203223288624,0.5357686453576864,0.4581430745814307,0.0060882800608828,LAC,0.5357686453576864,0,4,4,2.2673384300541723,5,5,2.8442614735949863,9,0,4.821917808219178
2023_18_LA_SF,2024-01-07T16:25-05:00,2023,18,SF,LAR,-1.0,0.7032267629441438,0.2906803200718502,0.006092916984006093,SF,0.7032267629441438,0,6.326610161718002,0.6979924852197077,0.29591459779628615,0.006092916984006093,SF,0.6979924852197077,0,6.167459846580753,0.5357686453576864,0.4581430745814307,0.0060882800608828,SF,0.5357686453576864,0,11,0,7.735494392385581,11,0,7.677917337416785,10,0,5.357686453576864
2023_18_PHI_NYG,2024-01-07T16:25-05:00,2023,18,NYG,PHI,17.0,0.24865934491884267,0.7452477380971513,0.006092916984006093,PHI,0.7452477380971513,0,-7.860380754495361,0.23651209069125187,0.757394992324742,0.006092916984006093,PHI,0.757394992324742,0,-8.364880923671933,0.5357686453576864,0.4581430745814307,0.0060882800608828,NYG,0.5357686453576864,1,14,0,10.433468333360118,14,0,10.603529892546387,13,13,6.9649923896499235
2023_18_SEA_ARI,2024-01-07T16:25-05:00,2023,18,ARI,SEA,-1.0,0.4898132603828675,0.5040938226331265,0.006092916984006093,SEA,0.5040938226331265,1,-0.20580025110313427,0.4892478733739796,0.5046592096420143,0.006092916984006093,SEA,0.5046592096420143,1,-0.22289934590900606,0.5357686453576864,0.4581430745814307,0.0060882800608828,ARI,0.5357686453576864,0,1,1,0.5040938226331265,1,1,0.5046592096420143,15,0,8.036529680365296
2023_18_BUF_MIA,2024-01-07T20:20-05:00,2023,18,MIA,BUF,-7.0,0.4246856237478355,0.5692214592681585,0.006092916984006093,BUF,0.5692214592681585,1,-2.0976647681074825,0.43544498659404435,0.5584620964219497,0.006092916984006093,BUF,0.5584620964219497,1,-1.7882645515142133,0.5357686453576864,0.4581430745814307,0.0060882800608828,MIA,0.5357686453576864,0,5,5,2.8461072963407923,4,4,2.2338483856877986,2,0,1.0715372907153728
2024_01_BAL_KC,2024-09-05T20:20-04:00,2024,1,KC,BAL,7.0,0.49629429893894406,0.49865838244906857,0.005047318611987382,BAL,0.49865838244906857,0,-0.03522350707756433,0.5643230456043841,0.4306296357836286,0.005047318611987382,KC,0.5643230456043841,1,2.00949902716724,0.5390920554854981,0.4558638083228247,0.005044136191677175,KC,0.5390920554854981,1,1,0,0.49865838244906857,5,5,2.8216152280219204,2,2,1.0781841109709962
2024_01_GB_PHI,2024-09-06T20:15-04:00,2024,1,PHI,GB,5.0,0.4708659453818378,0.5240867360061748,0.005047318611987382,GB,0.5240867360061748,0,-0.7937157724875354,0.41404268523501664,0.580909996152996,0.005047318611987382,GB,0.580909996152996,0,-2.5167321154053495,0.5390920554854981,0.4558638083228247,0.005044136191677175,PHI,0.5390920554854981,1,5,0,2.620433680030874,8,0,4.647279969223968,6,6,3.2345523329129886
2024_01_ARI_BUF,2024-09-08T13:00-04:00,2024,1,BUF,ARI,6.0,0.7659022863766786,0.22905039501133415,0.005047318611987382,BUF,0.7659022863766786,1,8.947241532021245,0.7681555555535214,0.22679712583449121,0.005047318611987382,BUF,0.7681555555535214,1,9.066776104787216,0.5390920554854981,0.4558638083228247,0.005044136191677175,BUF,0.5390920554854981,1,15,15,11.488534295650178,15,15,11.522333333302822,1,1,0.5390920554854981
2024_01_CAR_NO,2024-09-08T13:00-04:00,2024,1,NO,CAR,37.0,0.7964089812197568,0.19854370016825587,0.005047318611987382,NO,0.7964089812197568,1,10.296177917687963,0.7937649123641223,0.2011877690238904,0.005047318611987382,NO,0.7937649123641223,1,10.201017105511736,0.5390920554854981,0.4558638083228247,0.005044136191677175,NO,0.5390920554854981,1,16,16,12.742543699516109,16,16,12.700238597825956,3,3,1.6172761664564943
2024_01_HOU_IND,2024-09-08T13:00-04:00,2024,1,IND,HOU,-2.0,0.47111265793820056,0.523840023449812,0.005047318611987382,HOU,0.523840023449812,1,-0.7863431311507394,0.4551789953656088,0.5397736860224038,0.005047318611987382,HOU,0.5397736860224038,1,-1.266882090719632,0.5390920554854981,0.4558638083228247,0.005044136191677175,IND,0.5390920554854981,0,4,4,2.095360093799248,3,3,1.6193210580672115,7,0,3.7736443883984867
2024_01_JAX_MIA,2024-09-08T13:00-04:00,2024,1,MIA,JAX,3.0,0.6564861767201761,0.3384665046678365,0.005047318611987382,MIA,0.6564861767201761,1,4.9103434963856145,0.6333319964786683,0.3616206849093443,0.005047318611987382,MIA,0.6333319964786683,1,4.164980928248175,0.5390920554854981,0.4558638083228247,0.005044136191677175,MIA,0.5390920554854981,1,10,10,6.56486176720176,10,10,6.333319964786684,8,8,4.312736443883985
2024_01_MIN_NYG,2024-09-08T13:00-04:00,2024,1,NYG,MIN,-22.0,0.555450922434453,0.43950175895355953,0.005047318611987382,NYG,0.555450922434453,0,1.7354587530340995,0.5537074975752535,0.44124518381275923,0.005047318611987382,NYG,0.5537074975752535,0,1.6873695058487832,0.5390920554854981,0.4558638083228247,0.005044136191677175,NYG,0.5390920554854981,0,6,0,3.3327055346067183,4,0,2.214829990301014,11,0,5.930012610340479
2024_01_NE_CIN,2024-09-08T13:00-04:00,2024,1,CIN,NE,-6.0,0.6574193302637099,0.33753335112430277,0.005047318611987382,CIN,0.6574193302637099,0,4.9413352673193645,0.664207867450355,0.33074481393765764,0.005047318611987382,CIN,0.664207867450355,0,5.182066861852448,0.5390920554854981,0.4558638083228247,0.005044136191677175,CIN,0.5390920554854981,0,11,0,7.231612632900809,11,0,7.306286541953905,12,0,6.469104665825977
2024_01_PIT_ATL,2024-09-08T13:00-04:00,2024,1,ATL,PIT,-8.0,0.48857373753285605,0.5063789438551566,0.005047318611987382,PIT,0.5063789438551566,1,-0.2653153284256823,0.5062853682538195,0.4886673131341931,0.005047318611987382,ATL,0.5062853682538195,0,0.2632368266916626,0.5390920554854981,0.4558638083228247,0.005044136191677175,ATL,0.5390920554854981,0,2,2,1.0127578877103132,1,0,0.5062853682538195,14,0,7.547288776796973
2024_01_TEN_CHI,2024-09-08T13:00-04:00,2024,1,CHI,TEN,7.0,0.5757674459767969,0.41918523541121566,0.005047318611987382,CHI,0.5757674459767969,1,2.352533975033288,0.5772449103644671,0.41770777102354556,0.005047318611987382,CHI,0.5772449103644671,1,2.404192656844815,0.5390920554854981,0.4558638083228247,0.005044136191677175,CHI,0.5390920554854981,1,7,7,4.030372121837578,7,7,4.04071437255127,15,15,8.086380832282472
2024_01_DEN_SEA,2024-09-08T16:05-04:00,2024,1,SEA,DEN,6.0,0.6711205167779997,0.323832164610013,0.005047318611987382,SEA,0.6711205167779997,1,5.401371952957767,0.671434321320767,0.3235183600672457,0.005047318611987382,SEA,0.671434321320767,1,5.426676751638981,0.5390920554854981,0.4558638083228247,0.005044136191677175,SEA,0.5390920554854981,1,12,12,8.053446201335996,12,12,8.057211855849204,5,5,2.6954602774274905
2024_01_LV_LAC,2024-09-08T16:05-04:00,2024,1,LAC,LV,12.0,0.5163134026456179,0.4786392787423947,0.005047318611987382,LAC,0.5163134026456179,1,0.5615905809177689,0.5253999321797037,0.46955274920830903,0.005047318611987382,LAC,0.5253999321797037,1,0.8352207606109541,0.5390920554854981,0.4558638083228247,0.005044136191677175,LAC,0.5390920554854981,1,3,3,1.5489402079368535,2,2,1.0507998643594074,10,10,5.390920554854981
2024_01_DAL_CLE,2024-09-08T16:25-04:00,2024,1,CLE,DAL,-16.0,0.37505007876446234,0.6199026026235503,0.005047318611987382,DAL,0.6199026026235503,1,-3.7246021706742862,0.37222165077346053,0.6227310306145523,0.005047318611987382,DAL,0.6227310306145523,1,-3.8247825422624535,0.5390920554854981,0.4558638083228247,0.005044136191677175,CLE,0.5390920554854981,0,9,9,5.579123423611954,9,9,5.604579275530971,4,0,2.1563682219419924
2024_01_WAS_TB,2024-09-08T16:25-04:00,2024,1,TB,WAS,17.0,0.7626645633741554,0.23228811801385718,0.005047318611987382,TB,0.7626645633741554,1,8.811802143778706,0.7618593223041156,0.23309335908389694,0.005047318611987382,TB,0.7618593223041156,1,8.802090516158227,0.5390920554854981,0.4558638083228247,0.005044136191677175,TB,0.5390920554854981,1,14,14,10.677303887238176,14,14,10.666030512257619,16,16,8.62547288776797
2024_01_LA_DET,2024-09-08T20:20-04:00,2024,1,DET,LAR,6.0,0.5834968042851891,0.41145587710282344,0.005047318611987382,DET,0.5834968042851891,1,2.589322895066235,0.568424231244367,0.42652845014364565,0.005047318611987382,DET,0.568424231244367,1,2.134437534434878,0.5390920554854981,0.4558638083228247,0.005044136191677175,DET,0.5390920554854981,1,8,8,4.667974434281513,6,6,3.410545387466202,9,9,4.851828499369483
2024_01_NYJ_SF,2024-09-09T20:15-04:00,2024,1,SF,NYJ,13.0,0.7521514671227761,0.2428012142652365,0.005047318611987382,SF,0.7521514671227761,1,8.380824320658217,0.748498917017095,0.24645376437091754,0.005047318611987382,SF,0.748498917017095,1,8.256364628481375,0.5390920554854981,0.4558638083228247,0.005044136191677175,SF,0.5390920554854981,1,13,13,9.77796907259609,13,13,9.730485921222236,13,13,7.008196721311475
2024_02_BUF_MIA,2024-09-12T20:15-04:00,2024,2,MIA,BUF,-21.0,0.4759816188198259,0.5189710625681867,0.005047318611987382,BUF,0.5189710625681867,1,-0.6409162286911891,0.4464250391261523,0.5485276422618603,0.005047318611987382,BUF,0.5485276422618603,1,-1.530775903285007,0.5390920554854981,0.4558638083228247,0.005044136191677175,MIA,0.5390920554854981,0,2,2,1.0379421251363734,5,5,2.742638211309302,2,0,1.0781841109709962
2024_02_CLE_JAX,2024-09-15T13:00-04:00,2024,2,JAX,CLE,-5.0,0.5677281161795724,0.42722456520844027,0.005047318611987382,JAX,0.5677281161795724,0,2.107504099129623,0.5941176531873011,0.40083502820071154,0.005047318611987382,JAX,0.5941176531873011,0,2.9247632852070735,0.5390920554854981,0.4558638083228247,0.005044136191677175,JAX,0.5390920554854981,0,6,0,3.4063686970774345,6,0,3.564705919123807,5,0,2.6954602774274905
2024_02_IND_GB,2024-09-15T13:00-04:00,2024,2,GB,IND,6.0,0.5938296382689654,0.4011230431190471,0.005047318611987382,GB,0.5938296382689654,1,2.907947433172112,0.610793270153353,0.3841594112346596,0.005047318611987382,GB,0.610793270153353,1,3.4463049712637845,0.5390920554854981,0.4558638083228247,0.005044136191677175,GB,0.5390920554854981,1,7,7,4.156807467882758,9,9,5.497139431380178,6,6,3.2345523329129886
2024_02_LAC_CAR,2024-09-15T13:00-04:00,2024,2,CAR,LAC,-23.0,0.28193271182608515,0.7130199695619275,0.005047318611987382,LAC,0.7130199695619275,1,-6.877252225921935,0.2784978504822863,0.7164548309057263,0.005047318611987382,LAC,0.7164548309057263,1,-7.022694882823388,0.5390920554854981,0.4558638083228247,0.005044136191677175,CAR,0.5390920554854981,0,15,15,10.695299543428913,15,15,10.746822463585893,7,0,3.7736443883984867
2024_02_LV_BAL,2024-09-15T13:00-04:00,2024,2,BAL,LV,-3.0,0.7419979103751279,0.25295477101288477,0.005047318611987382,BAL,0.7419979103751279,0,7.976427903297648,0.7394212929135409,0.2555313884744717,0.005047318611987382,BAL,0.7394212929135409,0,7.896849991766982,0.5390920554854981,0.4558638083228247,0.005044136191677175,BAL,0.5390920554854981,0,16,0,11.871966566002046,16,0,11.830740686616654,9,0,4.851828499369483
2024_02_NO_DAL,2024-09-15T13:00-04:00,2024,2,DAL,NO,-25.0,0.6262062288885563,0.36874645249945653,0.005047318611987382,DAL,0.6262062288885563,0,3.9252304012481614,0.6044924952896943,0.3904601860983184,0.005047318611987382,DAL,0.6044924952896943,0,3.2483289604046037,0.5390920554854981,0.4558638083228247,0.005044136191677175,DAL,0.5390920554854981,0,10,0,6.262062288885563,8,0,4.835939962317554,10,0,5.390920554854981
2024_02_NYG_WAS,2024-09-15T13:00-04:00,2024,2,WAS,NYG,3.0,0.5169393720825796,0.478013309305433,0.005047318611987382,WAS,0.5169393720825796,1,0.5802714109532814,0.5206438471534033,0.4743088342346094,0.005047318611987382,WAS,0.5206438471534033,1,0.6927345211269866,0.5390920554854981,0.4558638083228247,0.005044136191677175,WAS,0.5390920554854981,1,1,1,0.5169393720825796,1,1,0.5206438471534033,11,11,5.930012610340479
2024_02_NYJ_TEN,2024-09-15T13:00-04:00,2024,2,TEN,NYJ,-7.0,0.4622668871389364,0.5326857942490764,0.005047318611987382,NYJ,0.5326857942490764,1,-1.050957099540624,0.4570702478496778,0.5378824335383349,0.005047318611987382,NYJ,0.5378824335383349,1,-1.2099791808604388,0.5390920554854981,0.4558638083228247,0.005044136191677175,TEN,0.5390920554854981,0,4,4,2.1307431769963054,3,3,1.6136473006150047,12,0,6.469104665825977
2024_02_SEA_NE,2024-09-15T13:00-04:00,2024,2,NE,SEA,-3.0,0.531953499530118,0.4629991818578948,0.005047318611987382,NE,0.531953499530118,0,1.029028006592176,0.5319582915542584,0.46299438983375407,0.005047318611987382,NE,0.5319582915542584,0,1.031958110928814,0.5390920554854981,0.4558638083228247,0.005044136191677175,NE,0.5390920554854981,0,3,0,1.595860498590354,2,0,1.0639165831085169,14,0,7.547288776796973
2024_02_SF_MIN,2024-09-15T13:00-04:00,2024,2,MIN,SF,6.0,0.3309478153846242,0.6640048660033884,0.005047318611987382,SF,0.6640048660033884,0,-5.161259979031221,0.3312346727104045,0.6637180086776081,0.005047318611987382,SF,0.6637180086776081,0,-5.16558407213517,0.5390920554854981,0.4558638083228247,0.005044136191677175,MIN,0.5390920554854981,1,14,0,9.296068124047437,13,0,8.628334112808906,15,15,8.086380832282472
2024_02_TB_DET,2024-09-15T13:00-04:00,2024,2,DET,TB,-4.0,0.6071996426417643,0.38775303874624834,0.005047318611987382,DET,0.6071996426417643,0,3.3242462640629467,0.597158226380825,0.3977944550071876,0.005047318611987382,DET,0.597158226380825,0,3.0192950016160243,0.5390920554854981,0.4558638083228247,0.005044136191677175,DET,0.5390920554854981,0,8,0,4.857597141134114,7,0,4.180107584665775,16,0,8.62547288776797
2024_02_LA_ARI,2024-09-15T16:05-04:00,2024,2,ARI,LAR,31.0,0.45511509598224953,0.5398375854057631,0.005047318611987382,LAR,0.5398375854057631,0,-1.2653791141790984,0.44766620391513334,0.5472864774728793,0.005047318611987382,LAR,0.5472864774728793,0,-1.4933054381592537,0.5390920554854981,0.4558638083228247,0.005044136191677175,ARI,0.5390920554854981,1,5,0,2.6991879270288157,4,0,2.189145909891517,8,8,4.312736443883985
2024_02_CIN_KC,2024-09-15T16:25-04:00,2024,2,KC,CIN,1.0,0.6478461289181369,0.3471065524698758,0.005047318611987382,KC,0.6478461289181369,1,4.625310442145626,0.6877413709887763,0.3072113103992363,0.005047318611987382,KC,0.6877413709887763,1,5.989416236858826,0.5390920554854981,0.4558638083228247,0.005044136191677175,KC,0.5390920554854981,1,12,12,7.774153547017642,14,14,9.628379193842868,4,4,2.1563682219419924
2024_02_PIT_DEN,2024-09-15T16:25-04:00,2024,2,DEN,PIT,-7.0,0.3699164975873413,0.6250361838006714,0.005047318611987382,PIT,0.6250361838006714,1,-3.8878865664648963,0.3837479371941669,0.6112047441938457,0.005047318611987382,PIT,0.6112047441938457,1,-3.459275010301517,0.5390920554854981,0.4558638083228247,0.005044136191677175,DEN,0.5390920554854981,0,9,9,5.625325654206042,10,10,6.112047441938458,13,0,7.008196721311475
2024_02_CHI_HOU,2024-09-15T20:20-04:00,2024,2,HOU,CHI,6.0,0.6309203631632432,0.3640323182247694,0.005047318611987382,HOU,0.6309203631632432,1,4.076189190624902,0.643083503905846,0.3518691774821667,0.005047318611987382,HOU,0.643083503905846,1,4.481711795758252,0.5390920554854981,0.4558638083228247,0.005044136191677175,HOU,0.5390920554854981,1,11,11,6.940123994795675,12,12,7.717002046870152,3,3,1.6172761664564943
2024_02_ATL_PHI,2024-09-16T20:15-04:00,2024,2,PHI,ATL,-1.0,0.6626815284866174,0.3322711529013951,0.005047318611987382,PHI,0.6626815284866174,0,5.116894042222845,0.6398200595648769,0.3551326218231358,0.005047318611987382,PHI,0.6398200595648769,0,4.375287169204914,0.5390920554854981,0.4558638083228247,0.005044136191677175,PHI,0.5390920554854981,0,13,0,8.614859870326027,11,0,7.0380206552136455,1,0,0.5390920554854981
2024_03_NE_NYJ,2024-09-19T20:15-04:00,2024,3,NYJ,NE,21.0,0.565476698257939,0.42947598313007357,0.005047318611987382,NYJ,0.565476698257939,1,2.0390935161395225,0.5692225304179094,0.4257301509701033,0.005047318611987382,NYJ,0.5692225304179094,1,2.158791242120723,0.5390920554854981,0.4558638083228247,0.005044136191677175,NYJ,0.5390920554854981,1,4,4,2.261906793031756,5,5,2.846112652089547,12,12,6.469104665825977
2024_03_CHI_IND,2024-09-22T13:00-04:00,2024,3,IND,CHI,5.0,0.5322520149060838,0.46270066648192887,0.005047318611987382,IND,0.5322520149060838,1,1.0379667163244237,0.5365518282333998,0.458400853154613,0.005047318611987382,IND,0.5365518282333998,1,1.1699659920197796,0.5390920554854981,0.4558638083228247,0.005044136191677175,IND,0.5390920554854981,1,3,3,1.5967560447182514,3,3,1.6096554847001991,3,3,1.6172761664564943
2024_03_DEN_TB,2024-09-22T13:00-04:00,2024,3,TB,DEN,-19.0,0.7361737804575981,0.2587789009304146,0.005047318611987382,TB,0.7361737804575981,0,7.749294765672576,0.7407388313708718,0.25421385001714086,0.005047318611987382,TB,0.7407388313708718,0,7.948501178645431,0.5390920554854981,0.4558638083228247,0.005044136191677175,TB,0.5390920554854981,0,15,0,11.042606706863971,15,0,11.111082470563078,4,0,2.1563682219419924
2024_03_GB_TEN,2024-09-22T13:00-04:00,2024,3,TEN,GB,-16.0,0.38021546216472824,0.6147372192232843,0.005047318611987382,GB,0.6147372192232843,1,-3.5611948203981485,0.36249142140683627,0.6324612599811763,0.005047318611987382,GB,0.6324612599811763,1,-4.1368815665552345,0.5390920554854981,0.4558638083228247,0.005044136191677175,TEN,0.5390920554854981,0,9,9,5.532634973009559,10,10,6.324612599811763,6,0,3.2345523329129886
2024_03_HOU_MIN,2024-09-22T13:00-04:00,2024,3,MIN,HOU,27.0,0.5000359171117522,0.49491676427626047,0.005047318611987382,MIN,0.5000359171117522,1,0.07627301115103613,0.4881264253328705,0.5068262560551421,0.005047318611987382,HOU,0.5068262560551421,0,-0.27940366885364254,0.5390920554854981,0.4558638083228247,0.005044136191677175,MIN,0.5390920554854981,1,1,1,0.5000359171117522,1,0,0.5068262560551421,7,7,3.7736443883984867
2024_03_LAC_PIT,2024-09-22T13:00-04:00,2024,3,PIT,LAC,10.0,0.6075109798577606,0.3874417015302521,0.005047318611987382,PIT,0.6075109798577606,1,3.3339995559589055,0.5947371938699614,0.40021548751805125,0.005047318611987382,PIT,0.5947371938699614,1,2.944005687691961,0.5390920554854981,0.4558638083228247,0.005044136191677175,PIT,0.5390920554854981,1,7,7,4.252576859004324,6,6,3.5684231632197685,10,10,5.390920554854981
2024_03_NYG_CLE,2024-09-22T13:00-04:00,2024,3,CLE,NYG,-6.0,0.6434191058779546,0.351533575510058,0.005047318611987382,CLE,0.6434191058779546,0,4.480549640470606,0.6143711282122098,0.38058155317580294,0.005047318611987382,CLE,0.6143711282122098,0,3.559257236199551,0.5390920554854981,0.4558638083228247,0.005044136191677175,CLE,0.5390920554854981,0,11,0,7.0776101646575,7,0,4.300597897485469,13,0,7.008196721311475
2024_03_PHI_NO,2024-09-22T13:00-04:00,2024,3,NO,PHI,-3.0,0.708131631310567,0.2868210500774457,0.005047318611987382,NO,0.708131631310567,0,6.698846619100727,0.7180579869958947,0.27689469439211795,0.005047318611987382,NO,0.7180579869958947,0,7.082213164460939,0.5390920554854981,0.4558638083228247,0.005044136191677175,NO,0.5390920554854981,0,13,0,9.205711207037371,14,0,10.052811817942526,14,0,7.547288776796973
2024_03_CAR_LV,2024-09-22T16:05-04:00,2024,3,LV,CAR,-14.0,0.7155756662927294,0.27937701509528323,0.005047318611987382,LV,0.7155756662927294,0,6.9712686066554355,0.7120816755088952,0.28287100587911734,0.005047318611987382,LV,0.7120816755088952,0,6.861392762873745,0.5390920554854981,0.4558638083228247,0.005044136191677175,LV,0.5390920554854981,0,14,0,10.01805932809821,13,0,9.257061781615638,2,0,1.0781841109709962
2024_03_MIA_SEA,2024-09-22T16:05-04:00,2024,3,SEA,MIA,21.0,0.6079199423974266,0.38703273899058593,0.005047318611987382,SEA,0.6079199423974266,1,3.346815482294188,0.62399709241671,0.37095558897130276,0.005047318611987382,SEA,0.62399709241671,1,3.8652000194794423,0.5390920554854981,0.4558638083228247,0.005044136191677175,SEA,0.5390920554854981,1,8,8,4.863359539179413,9,9,5.61597383175039,11,11,5.930012610340479
2024_03_BAL_DAL,2024-09-22T16:25-04:00,2024,3,DAL,BAL,-3.0,0.5779417068704082,0.4170109745176045,0.005047318611987382,DAL,0.5779417068704082,0,2.4190171449532487,0.5595367180215205,0.43541596336649213,0.005047318611987382,DAL,0.5595367180215205,0,1.8640431375023803,0.5390920554854981,0.4558638083228247,0.005044136191677175,DAL,0.5390920554854981,0,5,0,2.8897085343520414,4,0,2.238146872086082,1,0,0.5390920554854981
2024_03_DET_ARI,2024-09-22T16:25-04:00,2024,3,ARI,DET,-7.0,0.46496791964968376,0.529984761738329,0.005047318611987382,DET,0.529984761738329,1,-0.9700947524233421,0.46272671689071865,0.532225964497294,0.005047318611987382,DET,0.532225964497294,1,-1.039994956497598,0.5390920554854981,0.4558638083228247,0.005044136191677175,ARI,0.5390920554854981,0,2,2,1.059969523476658,2,2,1.064451928994588,5,0,2.6954602774274905
2024_03_SF_LA,2024-09-22T16:25-04:00,2024,3,LAR,SF,3.0,0.3689278001844977,0.626024881203515,0.005047318611987382,SF,0.626024881203515,0,-3.9194392258146737,0.37461462449293936,0.6203380568950734,0.005047318611987382,SF,0.6203380568950734,0,-3.7485401487417724,0.5390920554854981,0.4558638083228247,0.005044136191677175,LAR,0.5390920554854981,1,10,0,6.260248812035149,8,0,4.962704455160587,15,15,8.086380832282472
2024_03_KC_ATL,2024-09-22T20:20-04:00,2024,3,ATL,KC,-5.0,0.3911911115707539,0.6037615698172588,0.005047318611987382,KC,0.6037615698172588,1,-3.216727440270135,0.3438061276230196,0.6511465537649931,0.005047318611987382,KC,0.6511465537649931,1,-4.746606956016439,0.5390920554854981,0.4558638083228247,0.005044136191677175,ATL,0.5390920554854981,0,6,6,3.622569418903553,11,11,7.162612091414924,9,0,4.851828499369483
2024_03_JAX_BUF,2024-09-23T19:30-04:00,2024,3,BUF,JAX,37.0,0.7957835747902202,0.19916910659779238,0.005047318611987382,BUF,0.7957835747902202,1,10.267043839552027,0.7992922306364315,0.1956604507515812,0.005047318611987382,BUF,0.7992922306364315,1,10.459635640938242,0.5390920554854981,0.4558638083228247,0.005044136191677175,BUF,0.5390920554854981,1,16,16,12.732537196643523,16,16,12.788675690182904,8,8,4.312736443883985
2024_03_WAS_CIN,2024-09-23T20:15-04:00,2024,3,CIN,WAS,-5.0,0.7044594224789159,0.29049325890909683,0.005047318611987382,CIN,0.7044594224789159,0,6.566013352623537,0.7095454561972339,0.28540722519077877,0.005047318611987382,CIN,0.7095454561972339,0,6.768534531551552,0.5390920554854981,0.4558638083228247,0.005044136191677175,CIN,0.5390920554854981,0,12,0,8.453513069746991,12,0,8.514545474366805,16,0,8.62547288776797
2024_04_DAL_NYG,2024-09-26T20:15-04:00,2024,4,NYG,DAL,-5.0,0.3343173654108843,0.6606353159771283,0.005047318611987382,DAL,0.6606353159771283,1,-5.04846603349869,0.3513542902909977,0.6435983910970151,0.005047318611987382,DAL,0.6435983910970151,1,-4.4985434086732266,0.5390920554854981,0.4558638083228247,0.005044136191677175,NYG,0.5390920554854981,0,13,13,8.588259107702669,11,11,7.079582302067166,4,0,2.1563682219419924
2024_04_CIN_CAR,2024-09-29T13:00-04:00,2024,4,CAR,CIN,-10.0,0.34076304932162454,0.6541896320663881,0.005047318611987382,CIN,0.6541896320663881,1,-4.834246399077015,0.3341681143404264,0.6607845670475863,0.005047318611987382,CIN,0.6607845670475863,1,-5.06713304026834,0.5390920554854981,0.4558638083228247,0.005044136191677175,CAR,0.5390920554854981,0,12,12,7.850275584796657,12,12,7.929414804571035,2,0,1.0781841109709962
2024_04_DEN_NYJ,2024-09-29T13:00-04:00,2024,4,NYJ,DEN,-1.0,0.6836695726483294,0.31128310873968323,0.005047318611987382,NYJ,0.6836695726483294,0,5.831633711692957,0.6837115394183407,0.3112411419696719,0.005047318611987382,NYJ,0.6837115394183407,0,5.848881903745469,0.5390920554854981,0.4558638083228247,0.005044136191677175,NYJ,0.5390920554854981,0,14,0,9.57137401707661,14,0,9.57196155185677,5,0,2.6954602774274905
2024_04_JAX_HOU,2024-09-29T13:00-04:00,2024,4,HOU,JAX,4.0,0.6237049287828551,0.3712477526051574,0.005047318611987382,HOU,0.6237049287828551,1,3.845456027163175,0.6330675509967505,0.3618851303912621,0.005047318611987382,HOU,0.6330675509967505,1,4.156444002045951,0.5390920554854981,0.4558638083228247,0.005044136191677175,HOU,0.5390920554854981,1,9,9,5.613344359045696,8,8,5.064540407974004,6,6,3.2345523329129886
2024_04_LA_CHI,2024-09-29T13:00-04:00,2024,4,CHI,LAR,6.0,0.46746250679638407,0.5274901745916286,0.005047318611987382,LAR,0.5274901745916286,0,-0.8954641577661189,0.4581641274854735,0.5367885539025392,0.005047318611987382,LAR,0.5367885539025392,0,-1.177083414834454,0.5390920554854981,0.4558638083228247,0.005044136191677175,CHI,0.5390920554854981,1,3,0,1.582470523774886,2,0,1.0735771078050784,8,8,4.312736443883985
2024_04_MIN_GB,2024-09-29T13:00-04:00,2024,4,GB,MIN,-2.0,0.5343111382580402,0.46064154312997246,0.005047318611987382,GB,0.5343111382580402,0,1.0996457481455701,0.5376189031770217,0.4573337782109909,0.005047318611987382,GB,0.5376189031770217,0,1.2020530777480716,0.5390920554854981,0.4558638083228247,0.005044136191677175,GB,0.5390920554854981,0,4,0,2.137244553032161,3,0,1.6128567095310649,9,0,4.851828499369483
2024_04_NO_ATL,2024-09-29T13:00-04:00,2024,4,ATL,NO,2.0,0.34622170516502515,0.6487309762229876,0.005047318611987382,NO,0.6487309762229876,0,-4.654346327513288,0.3564968458629717,0.6384558355250409,0.005047318611987382,NO,0.6384558355250409,0,-4.330927764414542,0.5390920554854981,0.4558638083228247,0.005044136191677175,ATL,0.5390920554854981,1,11,0,7.136040738452864,10,0,6.384558355250409,11,11,5.930012610340479
2024_04_PHI_TB,2024-09-29T13:00-04:00,2024,4,TB,PHI,17.0,0.48880742846500874,0.5061452529230039,0.005047318611987382,PHI,0.5061452529230039,0,-0.2583494433443291,0.514090547514577,0.48086213387343557,0.005047318611987382,TB,0.514090547514577,1,0.4966088280392885,0.5390920554854981,0.4558638083228247,0.005044136191677175,TB,0.5390920554854981,1,1,0,0.5061452529230039,1,1,0.514090547514577,12,12,6.469104665825977
2024_04_PIT_IND,2024-09-29T13:00-04:00,2024,4,IND,PIT,3.0,0.39973908412211917,0.5952135972658935,0.005047318611987382,PIT,0.5952135972658935,0,-2.950819258118436,0.41619323088868954,0.5787594504993231,0.005047318611987382,PIT,0.5787594504993231,0,-2.4506640116583593,0.5390920554854981,0.4558638083228247,0.005044136191677175,IND,0.5390920554854981,1,7,0,4.166495180861254,5,0,2.8937972524966153,13,13,7.008196721311475
2024_04_NE_SF,2024-09-29T16:05-04:00,2024,4,SF,NE,17.0,0.7736180215459822,0.22133465984203027,0.005047318611987382,SF,0.7736180215459822,1,9.27552229234052,0.7740745541805222,0.22087812720749034,0.005047318611987382,SF,0.7740745541805222,1,9.32036731846057,0.5390920554854981,0.4558638083228247,0.005044136191677175,SF,0.5390920554854981,1,16,16,12.377888344735716,16,16,12.385192866888355,10,10,5.390920554854981
2024_04_WAS_ARI,2024-09-29T16:05-04:00,2024,4,ARI,WAS,-28.0,0.5861322123922863,0.4088204689957263,0.005047318611987382,ARI,0.5861322123922863,0,2.6703526545591827,0.5810670260903098,0.4138856552977029,0.005047318611987382,ARI,0.5810670260903098,0,2.521560149254965,0.5390920554854981,0.4558638083228247,0.005044136191677175,ARI,0.5390920554854981,0,6,0,3.516793274353718,6,0,3.4864021565418586,16,0,8.62547288776797
2024_04_CLE_LV,2024-09-29T16:25-04:00,2024,4,LV,CLE,4.0,0.5220749085114631,0.47287777287654953,0.005047318611987382,LV,0.5220749085114631,1,0.7336063874696881,0.5454645997616125,0.4494880816263999,0.005047318611987382,LV,0.5454645997616125,1,1.4383374949720626,0.5390920554854981,0.4558638083228247,0.005044136191677175,LV,0.5390920554854981,1,2,2,1.0441498170229262,4,4,2.18185839904645,3,3,1.6172761664564943
2024_04_KC_LAC,2024-09-29T16:25-04:00,2024,4,LAC,KC,-7.0,0.3797108510115636,0.6152418303764491,0.005047318611987382,KC,0.6152418303764491,1,-3.5771202629728913,0.3315200761735234,0.6634326052144891,0.005047318611987382,KC,0.6634326052144891,1,-5.155986434870038,0.5390920554854981,0.4558638083228247,0.005044136191677175,LAC,0.5390920554854981,0,8,8,4.921934643011593,13,13,8.624623867788358,7,0,3.7736443883984867
2024_04_BUF_BAL,2024-09-29T20:20-04:00,2024,4,BAL,BUF,25.0,0.41854485282461135,0.5764078285634012,0.005047318611987382,BUF,0.5764078285634012,0,-2.37210532260696,0.41122164271918094,0.5837310386688317,0.005047318611987382,BUF,0.5837310386688317,0,-2.603548949912268,0.5390920554854981,0.4558638083228247,0.005044136191677175,BAL,0.5390920554854981,1,5,0,2.882039142817006,7,0,4.086117270681822,1,1,0.5390920554854981
2024_04_TEN_MIA,2024-09-30T19:30-04:00,2024,4,MIA,TEN,-19.0,0.7065292918553512,0.28842338953266144,0.005047318611987382,MIA,0.7065292918553512,0,6.640762901493499,0.6957693296519724,0.29918335173604027,0.005047318611987382,MIA,0.6957693296519724,0,6.272467108585474,0.5390920554854981,0.4558638083228247,0.005044136191677175,MIA,0.5390920554854981,0,15,0,10.597939377830269,15,0,10.436539944779586,15,0,8.086380832282472
2024_04_SEA_DET,2024-09-30T20:15-04:00,2024,4,DET,SEA,13.0,0.6322807813017784,0.36267190008623423,0.005047318611987382,DET,0.6322807813017784,1,4.119905794721925,0.6331832507698616,0.36176943061815114,0.005047318611987382,DET,0.6331832507698616,1,4.160178735457946,0.5390920554854981,0.4558638083228247,0.005044136191677175,DET,0.5390920554854981,1,10,10,6.322807813017785,9,9,5.698649256928754,14,14,7.547288776796973
2024_05_TB_ATL,2024-10-03T20:15-04:00,2024,5,ATL,TB,6.0,0.4758611761766516,0.519091505211361,0.005047318611987382,TB,0.519091505211361,0,-0.6445120270954795,0.4720308967406464,0.5229217846473663,0.005047318611987382,TB,0.5229217846473663,0,-0.7609611421731792,0.5390920554854981,0.4558638083228247,0.005044136191677175,ATL,0.5390920554854981,1,1,0,0.519091505211361,1,0,0.5229217846473663,14,14,7.547288776796973
2024_05_NYJ_MIN,2024-10-06T09:30-04:00,2024,5,MIN,NYJ,6.0,0.5384201580592672,0.4565325233287454,0.005047318611987382,MIN,0.5384201580592672,1,1.2228432425311453,0.5335591470155315,0.461393534372481,0.005047318611987382,MIN,0.5335591470155315,1,1.0800327259208626,0.5390920554854981,0.4558638083228247,0.005044136191677175,MIN,0.5390920554854981,1,5,5,2.6921007902963363,3,3,1.6006774410465945,13,13,7.008196721311475
2024_05_BAL_CIN,2024-10-06T13:00-04:00,2024,5,CIN,BAL,-3.0,0.43182465788136676,0.5631280235066459,0.005047318611987382,BAL,0.5631280235066459,1,-1.9678195476488893,0.44674224066341767,0.548210440724595,0.005047318611987382,BAL,0.548210440724595,1,-1.5211978399619017,0.5390920554854981,0.4558638083228247,0.005044136191677175,CIN,0.5390920554854981,0,9,9,5.068152211559814,5,5,2.741052203622975,2,0,1.0781841109709962
2024_05_BUF_HOU,2024-10-06T13:00-04:00,2024,5,HOU,BUF,3.0,0.33237527577374876,0.6625774056142638,0.005047318611987382,BUF,0.6625774056142638,0,-5.113406989291709,0.3371170514560903,0.6578356299319223,0.005047318611987382,BUF,0.6578356299319223,0,-4.968591585956103,0.5390920554854981,0.4558638083228247,0.005044136191677175,HOU,0.5390920554854981,1,13,0,8.613506272985429,12,0,7.894027559183068,3,3,1.6172761664564943
2024_05_CAR_CHI,2024-10-06T13:00-04:00,2024,5,CHI,CAR,26.0,0.6451991502762707,0.349753531111742,0.005047318611987382,CHI,0.6451991502762707,1,4.538654869188134,0.6415319624698732,0.3534207189181395,0.005047318611987382,CHI,0.6415319624698732,1,4.431059255468928,0.5390920554854981,0.4558638083228247,0.005044136191677175,CHI,0.5390920554854981,1,11,11,7.097190653038978,11,11,7.056851587168605,4,4,2.1563682219419924
2024_05_CLE_WAS,2024-10-06T13:00-04:00,2024,5,WAS,CLE,21.0,0.6519355769668889,0.34301710442112365,0.005047318611987382,WAS,0.6519355769668889,1,4.759795796251589,0.6742233234110869,0.32072935797692576,0.005047318611987382,WAS,0.6742233234110869,1,5.521833926088332,0.5390920554854981,0.4558638083228247,0.005044136191677175,WAS,0.5390920554854981,1,12,12,7.823226923602666,13,13,8.76490320434413,5,5,2.6954602774274905
2024_05_IND_JAX,2024-10-06T13:00-04:00,2024,5,JAX,IND,3.0,0.534502546842103,0.4604501345459096,0.005047318611987382,JAX,0.534502546842103,1,1.105381103944275,0.5428645164260698,0.45208816496194276,0.005047318611987382,JAX,0.5428645164260698,1,1.3599577717477485,0.5390920554854981,0.4558638083228247,0.005044136191677175,JAX,0.5390920554854981,1,3,3,1.603507640526309,4,4,2.1714580657042792,8,8,4.312736443883985
2024_05_MIA_NE,2024-10-06T13:00-04:00,2024,5,NE,MIA,-5.0,0.5231105256874382,0.4718421557005745,0.005047318611987382,NE,0.5231105256874382,0,0.7645454244214689,0.5332852852158376,0.461667396172175,0.005047318611987382,NE,0.5332852852158376,0,1.0718069260604333,0.5390920554854981,0.4558638083228247,0.005044136191677175,NE,0.5390920554854981,0,2,0,1.0462210513748764,2,0,1.0665705704316752,10,0,5.390920554854981
2024_05_ARI_SF,2024-10-06T16:05-04:00,2024,5,SF,ARI,-1.0,0.7714362050894259,0.22351647629858667,0.005047318611987382,SF,0.7714362050894259,0,9.181881223080119,0.7712235280483957,0.223729153339617,0.005047318611987382,SF,0.7712235280483957,0,9.197624743726015,0.5390920554854981,0.4558638083228247,0.005044136191677175,SF,0.5390920554854981,0,14,0,10.800106871251963,14,0,10.79712939267754,1,0,0.5390920554854981
2024_05_LV_DEN,2024-10-06T16:05-04:00,2024,5,DEN,LV,16.0,0.553331556082343,0.4416211253056696,0.005047318611987382,DEN,0.553331556082343,1,1.6714664539093578,0.5573064864226069,0.4376461949654058,0.005047318611987382,DEN,0.5573064864226069,1,1.7963894440158872,0.5390920554854981,0.4558638083228247,0.005044136191677175,DEN,0.5390920554854981,1,7,7,3.873320892576401,8,8,4.4584518913808555,9,9,4.851828499369483
2024_05_GB_LA,2024-10-06T16:25-04:00,2024,5,LAR,GB,-5.0,0.45891072530187316,0.5360419560861396,0.005047318611987382,GB,0.5360419560861396,1,-1.151520034471458,0.44672647087581585,0.5482262105121968,0.005047318611987382,GB,0.5482262105121968,1,-1.521673986997634,0.5390920554854981,0.4558638083228247,0.005044136191677175,LAR,0.5390920554854981,0,4,4,2.1441678243445583,6,6,3.289357263073181,7,0,3.7736443883984867
2024_05_NYG_SEA,2024-10-06T16:25-04:00,2024,5,SEA,NYG,-9.0,0.6364821543868289,0.3584705270011838,0.005047318611987382,SEA,0.6364821543868289,0,4.255361480679362,0.6364324577652356,0.358520223622777,0.005047318611987382,SEA,0.6364324577652356,0,4.26527282017616,0.5390920554854981,0.4558638083228247,0.005044136191677175,SEA,0.5390920554854981,0,10,0,6.364821543868288,10,0,6.364324577652356,12,0,6.469104665825977
2024_05_DAL_PIT,2024-10-06T20:20-04:00,2024,5,PIT,DAL,-3.0,0.43827568347243706,0.5566769979155757,0.005047318611987382,DAL,0.5566769979155757,1,-1.7725082312673106,0.4448481047653095,0.5501045766227031,0.005047318611987382,DAL,0.5501045766227031,1,-1.5784112118285087,0.5390920554854981,0.4558638083228247,0.005044136191677175,PIT,0.5390920554854981,0,8,8,4.453415983324605,7,7,3.8507320363589215,6,0,3.2345523329129886
2024_05_NO_KC,2024-10-07T20:15-04:00,2024,5,KC,NO,13.0,0.5390711031626417,0.45588157822537095,0.005047318611987382,KC,0.5390711031626417,1,1.2423750527726851,0.5894166333562966,0.40553604803171606,0.005047318611987382,KC,0.5894166333562966,1,2.779063710632016,0.5390920554854981,0.4558638083228247,0.005044136191677175,KC,0.5390920554854981,1,6,6,3.23442661897585,9,9,5.304749700206669,11,11,5.930012610340479
2024_06_SF_SEA,2024-10-10T20:15-04:00,2024,6,SEA,SF,-12.0,0.3792741395213925,0.6156785418666202,0.005047318611987382,SF,0.6156785418666202,1,-3.5909093439286224,0.3767746317696735,0.6181780496183391,0.005047318611987382,SF,0.6181780496183391,1,-3.6798858683799454,0.5390920554854981,0.4558638083228247,0.005044136191677175,SEA,0.5390920554854981,0,8,8,4.9254283349329615,8,8,4.945424396946713,12,0,6.469104665825977
2024_06_JAX_CHI,2024-10-13T09:30-04:00,2024,6,CHI,JAX,19.0,0.5649996956423509,0.4299529857456617,0.005047318611987382,CHI,0.5649996956423509,1,2.0246106964564685,0.565285941840114,0.4296667395478986,0.005047318611987382,CHI,0.565285941840114,1,2.0388067137900947,0.5390920554854981,0.4558638083228247,0.005044136191677175,CHI,0.5390920554854981,1,3,3,1.6949990869270526,5,5,2.8264297092005704,9,9,4.851828499369483
2024_06_ARI_GB,2024-10-13T13:00-04:00,2024,6,GB,ARI,21.0,0.650680157049507,0.34427252433850564,0.005047318611987382,GB,0.650680157049507,1,4.7184304103568735,0.6679634970699356,0.326989184318077,0.005047318611987382,GB,0.6679634970699356,1,5.308847824317432,0.5390920554854981,0.4558638083228247,0.005044136191677175,GB,0.5390920554854981,1,11,11,7.157481727544577,12,12,8.015561964839227,1,1,0.5390920554854981
2024_06_CLE_PHI,2024-10-13T13:00-04:00,2024,6,PHI,CLE,4.0,0.6900117287392543,0.3049409526487584,0.005047318611987382,PHI,0.6900117287392543,1,6.052651710678321,0.6978860576202237,0.2970666237677889,0.005047318611987382,PHI,0.6978860576202237,1,6.347813210353766,0.5390920554854981,0.4558638083228247,0.005044136191677175,PHI,0.5390920554854981,1,14,14,9.660164202349561,14,14,9.770404806683132,5,5,2.6954602774274905
2024_06_HOU_NE,2024-10-13T13:00-04:00,2024,6,NE,HOU,-20.0,0.3589757905265608,0.6359768908614517,0.005047318611987382,HOU,0.6359768908614517,1,-4.239035149904622,0.35380537029254167,0.6411473110954711,0.005047318611987382,HOU,0.6411473110954711,1,-4.4185171888173045,0.5390920554854981,0.4558638083228247,0.005044136191677175,NE,0.5390920554854981,0,9,9,5.723792017753065,9,9,5.77032579985924,7,0,3.7736443883984867
2024_06_IND_TEN,2024-10-13T13:00-04:00,2024,6,TEN,IND,-3.0,0.42821660951481066,0.5667360718732021,0.005047318611987382,IND,0.5667360718732021,1,-2.077349462502857,0.43693147100768365,0.5580212103803289,0.005047318611987382,IND,0.5580212103803289,1,-1.8180622770166492,0.5390920554854981,0.4558638083228247,0.005044136191677175,TEN,0.5390920554854981,0,4,4,2.2669442874928083,3,3,1.6740636311409869,8,0,4.312736443883985
2024_06_TB_NO,2024-10-13T13:00-04:00,2024,6,NO,TB,-24.0,0.49683238807819985,0.4981202933098128,0.005047318611987382,TB,0.4981202933098128,1,-0.019189034063975097,0.4886019184450279,0.5063507629429846,0.005047318611987382,TB,0.5063507629429846,1,-0.26519140452733003,0.5390920554854981,0.4558638083228247,0.005044136191677175,NO,0.5390920554854981,0,1,1,0.4981202933098128,1,1,0.5063507629429846,13,0,7.008196721311475
2024_06_WAS_BAL,2024-10-13T13:00-04:00,2024,6,BAL,WAS,7.0,0.6855024880777538,0.30945019331025886,0.005047318611987382,BAL,0.6855024880777538,1,5.895252312841004,0.6778207815384066,0.31713189984960594,0.005047318611987382,BAL,0.6778207815384066,1,5.645218326509149,0.5390920554854981,0.4558638083228247,0.005044136191677175,BAL,0.5390920554854981,1,13,13,8.9115323450108,13,13,8.811670159999286,14,14,7.547288776796973
2024_06_LAC_DEN,2024-10-13T16:05-04:00,2024,6,DEN,LAC,-7.0,0.471090052114096,0.5238626292739166,0.005047318611987382,LAC,0.5238626292739166,1,-0.7870186566772603,0.4684322644364053,0.5265204169516073,0.005047318611987382,LAC,0.5265204169516073,1,-0.8688104140492712,0.5390920554854981,0.4558638083228247,0.005044136191677175,DEN,0.5390920554854981,0,2,2,1.0477252585478332,2,2,1.0530408339032147,10,0,5.390920554854981
2024_06_PIT_LV,2024-10-13T16:05-04:00,2024,6,LV,PIT,-19.0,0.38301821103977596,0.6119344703482368,0.005047318611987382,PIT,0.6119344703482368,1,-3.472886092603984,0.3932451496225288,0.6017075317654839,0.005047318611987382,PIT,0.6017075317654839,1,-3.1611870814498326,0.5390920554854981,0.4558638083228247,0.005044136191677175,LV,0.5390920554854981,0,7,7,4.283541292437658,7,7,4.211952722358387,11,0,5.930012610340479
2024_06_ATL_CAR,2024-10-13T16:25-04:00,2024,6,CAR,ATL,-18.0,0.35553363063995075,0.6394190507480619,0.005047318611987382,ATL,0.6394190507480619,1,-4.350460599240087,0.3528978089654628,0.6420548724225499,0.005047318611987382,ATL,0.6420548724225499,1,-4.448119264190779,0.5390920554854981,0.4558638083228247,0.005044136191677175,CAR,0.5390920554854981,0,10,10,6.394190507480619,10,10,6.420548724225499,2,0,1.0781841109709962
2024_06_DET_DAL,2024-10-13T16:25-04:00,2024,6,DAL,DET,-38.0,0.5774044428747916,0.41754823851322104,0.005047318611987382,DAL,0.5774044428747916,0,2.402580153799007,0.5593728778306014,0.43557980355741127,0.005047318611987382,DAL,0.5593728778306014,0,1.8590704915286826,0.5390920554854981,0.4558638083228247,0.005044136191677175,DAL,0.5390920554854981,0,5,0,2.887022214373958,4,0,2.2374915113224056,6,0,3.2345523329129886
2024_06_CIN_NYG,2024-10-13T20:20-04:00,2024,6,NYG,CIN,-10.0,0.41432987562547585,0.5806228057625368,0.005047318611987382,CIN,0.5806228057625368,1,-2.5011313899050642,0.40689250922960074,0.5880601721584118,0.005047318611987382,CIN,0.5880601721584118,1,-2.73712179283838,0.5390920554854981,0.4558638083228247,0.005044136191677175,NYG,0.5390920554854981,0,6,6,3.483736834575221,6,6,3.5283610329504707,4,0,2.1563682219419924
2024_06_BUF_NYJ,2024-10-14T20:15-04:00,2024,6,NYJ,BUF,-3.0,0.32865202348783495,0.6663006579001778,0.005047318611987382,BUF,0.6663006579001778,1,-5.238440145649898,0.3272178469625723,0.6677348344254403,0.005047318611987382,BUF,0.6677348344254403,1,-5.301107667172362,0.5390920554854981,0.4558638083228247,0.005044136191677175,NYJ,0.5390920554854981,0,12,12,7.995607894802133,11,11,7.345083178679844,3,0,1.6172761664564943
2024_07_DEN_NO,2024-10-17T20:15-04:00,2024,7,NO,DEN,-23.0,0.593567627168247,0.40138505421976567,0.005047318611987382,NO,0.593567627168247,0,2.899836365044396,0.590473662666481,0.4044790187215316,0.005047318611987382,NO,0.590473662666481,0,2.8117774832705393,0.5390920554854981,0.4558638083228247,0.005044136191677175,NO,0.5390920554854981,0,5,0,2.9678381358412347,6,0,3.5428419759988863,4,0,2.1563682219419924
2024_07_NE_JAX,2024-10-20T09:30-04:00,2024,7,JAX,NE,16.0,0.6535156910884473,0.3414369902995653,0.005047318611987382,JAX,0.6535156910884473,1,4.811961834587211,0.6506156265501057,0.34433705483790694,0.005047318611987382,JAX,0.6506156265501057,1,4.729076116076333,0.5390920554854981,0.4558638083228247,0.005044136191677175,JAX,0.5390920554854981,1,10,10,6.535156910884473,11,11,7.156771892051163,11,11,5.930012610340479
2024_07_CIN_CLE,2024-10-20T13:00-04:00,2024,7,CLE,CIN,-7.0,0.32444866797097144,0.6705040134170412,0.005047318611987382,CIN,0.6705040134170412,1,-5.380462378786631,0.30019777947417076,0.6947549019138418,0.005047318611987382,CIN,0.6947549019138418,1,-6.236465829220604,0.5390920554854981,0.4558638083228247,0.005044136191677175,CLE,0.5390920554854981,0,12,12,8.046048161004496,12,12,8.337058822966101,3,0,1.6172761664564943
2024_07_DET_MIN,2024-10-20T13:00-04:00,2024,7,MIN,DET,-2.0,0.4341771976426114,0.5607754837454013,0.005047318611987382,DET,0.5607754837454013,1,-1.8965188439946106,0.43204649755038416,0.5629061838376285,0.005047318611987382,DET,0.5629061838376285,1,-1.9664021391972872,0.5390920554854981,0.4558638083228247,0.005044136191677175,MIN,0.5390920554854981,0,4,4,2.2431019349816053,4,4,2.251624735350514,5,0,2.6954602774274905
2024_07_HOU_GB,2024-10-20T13:00-04:00,2024,7,GB,HOU,2.0,0.6381111950181679,0.35684148636984475,0.005047318611987382,GB,0.6381111950181679,1,4.308068581538411,0.646459680010059,0.3484930013779536,0.005047318611987382,GB,0.646459680010059,1,4.592284308658181,0.5390920554854981,0.4558638083228247,0.005044136191677175,GB,0.5390920554854981,1,9,9,5.743000755163512,9,9,5.818137120090531,6,6,3.2345523329129886
2024_07_MIA_IND,2024-10-20T13:00-04:00,2024,7,IND,MIA,6.0,0.6343296617422252,0.3606230196457874,0.005047318611987382,IND,0.6343296617422252,1,4.1858782773671885,0.6485087632694028,0.34644391811860986,0.005047318611987382,IND,0.6485087632694028,1,4.6596337681539595,0.5390920554854981,0.4558638083228247,0.005044136191677175,IND,0.5390920554854981,1,8,8,5.074637293937801,10,10,6.485087632694028,10,10,5.390920554854981
2024_07_PHI_NYG,2024-10-20T13:00-04:00,2024,7,NYG,PHI,-25.0,0.46477676065690066,0.5301759207311121,0.005047318611987382,PHI,0.5301759207311121,1,-0.9758156366123576,0.47543921775335235,0.5195134636346602,0.005047318611987382,PHI,0.5195134636346602,1,-0.6588893509434517,0.5390920554854981,0.4558638083228247,0.005044136191677175,NYG,0.5390920554854981,0,2,2,1.0603518414622242,2,2,1.0390269272693204,13,0,7.008196721311475
2024_07_SEA_ATL,2024-10-20T13:00-04:00,2024,7,ATL,SEA,-20.0,0.6158603960581311,0.3790922853298814,0.005047318611987382,ATL,0.6158603960581311,0,3.596653151609531,0.6209899282933681,0.37396275309464444,0.005047318611987382,ATL,0.6209899282933681,0,3.7692900913023637,0.5390920554854981,0.4558638083228247,0.005044136191677175,ATL,0.5390920554854981,0,7,0,4.311022772406918,7,0,4.346929498053576,14,0,7.547288776796973
2024_07_TEN_BUF,2024-10-20T13:00-04:00,2024,7,BUF,TEN,24.0,0.8309701141927301,0.16398256719528242,0.005047318611987382,BUF,0.8309701141927301,1,12.028609175368052,0.8311531003816969,0.16379958100631567,0.005047318611987382,BUF,0.8311531003816969,1,12.071112776306267,0.5390920554854981,0.4558638083228247,0.005044136191677175,BUF,0.5390920554854981,1,15,15,12.464551712890952,15,15,12.467296505725454,15,15,8.086380832282472
2024_07_CAR_WAS,2024-10-20T16:05-04:00,2024,7,WAS,CAR,33.0,0.8072829031587304,0.18766977822928238,0.005047318611987382,WAS,0.8072829031587304,1,10.814184736719886,0.8075478910508047,0.1874047903372078,0.005047318611987382,WAS,0.8075478910508047,1,10.856406331530447,0.5390920554854981,0.4558638083228247,0.005044136191677175,WAS,0.5390920554854981,1,14,14,11.301960644222225,14,14,11.305670474711267,2,2,1.0781841109709962
2024_07_LV_LA,2024-10-20T16:05-04:00,2024,7,LAR,LV,5.0,0.7069152271926029,0.2880374541954097,0.005047318611987382,LAR,0.7069152271926029,1,6.654735263485719,0.7137631909081587,0.28118949047985403,0.005047318611987382,LAR,0.7137631909081587,1,6.923234545547782,0.5390920554854981,0.4558638083228247,0.005044136191677175,LAR,0.5390920554854981,1,13,13,9.189897953503838,13,13,9.278921481806062,9,9,4.851828499369483
2024_07_KC_SF,2024-10-20T16:25-04:00,2024,7,SF,KC,-10.0,0.6050056493786691,0.3899470320093436,0.005047318611987382,SF,0.6050056493786691,0,3.2555945040118073,0.5640091037897942,0.43094357759821844,0.005047318611987382,SF,0.5640091037897942,0,1.999946942502637,0.5390920554854981,0.4558638083228247,0.005044136191677175,SF,0.5390920554854981,0,6,0,3.6300338962720144,5,0,2.820045518948971,7,0,3.7736443883984867
2024_07_NYJ_PIT,2024-10-20T20:20-04:00,2024,7,PIT,NYJ,22.0,0.6552750138916655,0.33967766749634715,0.005047318611987382,PIT,0.6552750138916655,1,4.87018015086998,0.6440173494858789,0.3509353319021338,0.005047318611987382,PIT,0.6440173494858789,1,4.512247382974184,0.5390920554854981,0.4558638083228247,0.005044136191677175,PIT,0.5390920554854981,1,11,11,7.208025152808321,8,8,5.152138795887031,12,12,6.469104665825977
2024_07_BAL_TB,2024-10-21T20:15-04:00,2024,7,TB,BAL,-10.0,0.44857548952346116,0.5463771918645515,0.005047318611987382,BAL,0.5463771918645515,1,-1.4619080415325478,0.4635530623230266,0.531399619064986,0.005047318611987382,BAL,0.531399619064986,1,-1.0151859765167544,0.5390920554854981,0.4558638083228247,0.005044136191677175,TB,0.5390920554854981,0,3,3,1.6391315755936544,3,3,1.5941988571949581,1,0,0.5390920554854981
2024_07_LAC_ARI,2024-10-21T21:00-04:00,2024,7,ARI,LAC,2.0,0.4963179236285108,0.49863475775950183,0.005047318611987382,LAC,0.49863475775950183,0,-0.03451951548387899,0.4931621586010881,0.5017905227869245,0.005047318611987382,LAC,0.5017905227869245,0,-0.1289088220168873,0.5390920554854981,0.4558638083228247,0.005044136191677175,ARI,0.5390920554854981,1,1,0,0.49863475775950183,1,0,0.5017905227869245,8,8,4.312736443883985
2024_08_MIN_LA,2024-10-24T20:15-04:00,2024,8,LAR,MIN,10.0,0.5005345274275211,0.49441815396049144,0.005047318611987382,LAR,0.5005345274275211,1,0.09113148146628847,0.5125375858168653,0.4824150955711475,0.005047318611987382,LAR,0.5125375858168653,1,0.45015999823017067,0.5390920554854981,0.4558638083228247,0.005044136191677175,LAR,0.5390920554854981,1,1,1,0.5005345274275211,2,2,1.0250751716337305,11,11,5.930012610340479
2024_08_ARI_MIA,2024-10-27T13:00-04:00,2024,8,MIA,ARI,-1.0,0.37678049730153146,0.6181721840864811,0.005047318611987382,ARI,0.6181721840864811,1,-3.6697632760016976,0.3648913992593446,0.6300612821286681,0.005047318611987382,ARI,0.6300612821286681,1,-4.05958069718251,0.5390920554854981,0.4558638083228247,0.005044136191677175,MIA,0.5390920554854981,0,5,5,3.0908609204324056,6,6,3.7803676927720087,1,0,0.5390920554854981
2024_08_ATL_TB,2024-10-27T13:00-04:00,2024,8,TB,ATL,-5.0,0.6412275455703466,0.3537251358176661,0.005047318611987382,TB,0.6412275455703466,0,4.409194355888938,0.6460200296684906,0.34893265171952204,0.005047318611987382,TB,0.6460200296684906,0,4.5778577103222835,0.5390920554854981,0.4558638083228247,0.005044136191677175,TB,0.5390920554854981,0,9,0,5.771047910133119,8,0,5.168160237347925,2,0,1.0781841109709962
2024_08_BAL_CLE,2024-10-27T13:00-04:00,2024,8,CLE,BAL,5.0,0.2256124349352642,0.7693402464527485,0.005047318611987382,BAL,0.7693402464527485,0,-9.092534551619348,0.21739023218884673,0.7775624491991658,0.005047318611987382,BAL,0.7775624491991658,0,-9.472078853702808,0.5390920554854981,0.4558638083228247,0.005044136191677175,CLE,0.5390920554854981,1,13,0,10.00142320388573,13,0,10.108311839589156,3,3,1.6172761664564943
2024_08_GB_JAX,2024-10-27T13:00-04:00,2024,8,JAX,GB,-3.0,0.39287598672938684,0.6020766946586257,0.005047318611987382,GB,0.6020766946586257,1,-3.164158434216665,0.3746356072264851,0.6203170741615276,0.005047318611987382,GB,0.6203170741615276,1,-3.747872478165287,0.5390920554854981,0.4558638083228247,0.005044136191677175,JAX,0.5390920554854981,0,4,4,2.4083067786345027,4,4,2.4812682966461104,8,0,4.312736443883985
2024_08_IND_HOU,2024-10-27T13:00-04:00,2024,8,HOU,IND,3.0,0.6389321836907209,0.3560204976972917,0.005047318611987382,HOU,0.6389321836907209,1,4.33467154501129,0.6524775876226491,0.3424750937653635,0.005047318611987382,HOU,0.6524775876226491,1,4.790613081784942,0.5390920554854981,0.4558638083228247,0.005044136191677175,HOU,0.5390920554854981,1,8,8,5.111457469525767,9,9,5.872298288603842,9,9,4.851828499369483
2024_08_NYJ_NE,2024-10-27T13:00-04:00,2024,8,NE,NYJ,3.0,0.37555957694677344,0.6193931044412393,0.005047318611987382,NYJ,0.6193931044412393,0,-3.7084452939735395,0.37348755628224106,0.6214651251057716,0.005047318611987382,NYJ,0.6214651251057716,0,-3.784425309431994,0.5390920554854981,0.4558638083228247,0.005044136191677175,NE,0.5390920554854981,1,6,0,3.7163586266474358,5,0,3.107325625528858,14,14,7.547288776796973
2024_08_PHI_CIN,2024-10-27T13:00-04:00,2024,8,CIN,PHI,-20.0,0.6016288615814617,0.39332381980655096,0.005047318611987382,CIN,0.6016288615814617,0,3.150199032053624,0.6172756893660092,0.37767699202200355,0.005047318611987382,CIN,0.6172756893660092,0,3.651250658990456,0.5390920554854981,0.4558638083228247,0.005044136191677175,CIN,0.5390920554854981,0,3,0,1.8048865847443851,3,0,1.8518270680980276,15,0,8.086380832282472
2024_08_TEN_DET,2024-10-27T13:00-04:00,2024,8,DET,TEN,38.0,0.8308994814815055,0.16405319990650719,0.005047318611987382,DET,0.8308994814815055,1,12.024787167699953,0.8313913859213791,0.16356129546663364,0.005047318611987382,DET,0.8313913859213791,1,12.08406295725809,0.5390920554854981,0.4558638083228247,0.005044136191677175,DET,0.5390920554854981,1,16,16,13.294391703704088,16,16,13.302262174742065,16,16,8.62547288776797
2024_08_BUF_SEA,2024-10-27T16:05-04:00,2024,8,SEA,BUF,-21.0,0.32137524262468226,0.6735774387633305,0.005047318611987382,BUF,0.6735774387633305,1,-5.484907758650843,0.3201046900715035,0.6748479913165091,0.005047318611987382,BUF,0.6748479913165091,1,-5.54320601361796,0.5390920554854981,0.4558638083228247,0.005044136191677175,SEA,0.5390920554854981,0,10,10,6.735774387633305,10,10,6.748479913165091,4,0,2.1563682219419924
2024_08_NO_LAC,2024-10-27T16:05-04:00,2024,8,LAC,NO,18.0,0.6957531136765497,0.299199567711463,0.005047318611987382,LAC,0.6957531136765497,1,6.254954948813641,0.6983157112362367,0.296636970151776,0.005047318611987382,LAC,0.6983157112362367,1,6.36314450395638,0.5390920554854981,0.4558638083228247,0.005044136191677175,LAC,0.5390920554854981,1,12,12,8.349037364118596,11,11,7.681472823598604,12,12,6.469104665825977
2024_08_CAR_DEN,2024-10-27T16:25-04:00,2024,8,DEN,CAR,14.0,0.81517894220181,0.17977373918620249,0.005047318611987382,DEN,0.81517894220181,1,11.204938499190789,0.8154857955442206,0.17946688584379197,0.005047318611987382,DEN,0.8154857955442206,1,11.250771193708982,0.5390920554854981,0.4558638083228247,0.005044136191677175,DEN,0.5390920554854981,1,15,15,12.22768413302715,15,15,12.232286933163309,5,5,2.6954602774274905
2024_08_CHI_WAS,2024-10-27T16:25-04:00,2024,8,WAS,CHI,3.0,0.5051067908597314,0.4898458905282812,0.005047318611987382,WAS,0.5051067908597314,1,0.22739618866572386,0.5012984681686696,0.49365421321934316,0.005047318611987382,WAS,0.5012984681686696,1,0.1142054931331149,0.5390920554854981,0.4558638083228247,0.005044136191677175,WAS,0.5390920554854981,1,2,2,1.0102135817194628,1,1,0.5012984681686696,6,6,3.2345523329129886
2024_08_KC_LV,2024-10-27T16:25-04:00,2024,8,LV,KC,-7.0,0.3135001848251333,0.6814524965628792,0.005047318611987382,KC,0.6814524965628792,1,-5.754953220688684,0.2927284349434587,0.7022242464445541,0.005047318611987382,KC,0.7022242464445541,1,-6.503205378546058,0.5390920554854981,0.4558638083228247,0.005044136191677175,LV,0.5390920554854981,0,11,11,7.4959774621916715,12,12,8.42669095733465,10,0,5.390920554854981
2024_08_DAL_SF,2024-10-27T20:20-04:00,2024,8,SF,DAL,6.0,0.6208731014113972,0.3740795799766155,0.005047318611987382,SF,0.6208731014113972,1,3.755402029285265,0.638319910433392,0.35663277095462065,0.005047318611987382,SF,0.638319910433392,1,4.326512114083432,0.5390920554854981,0.4558638083228247,0.005044136191677175,SF,0.5390920554854981,1,7,7,4.34611170987978,7,7,4.468239373033744,7,7,3.7736443883984867
2024_08_NYG_PIT,2024-10-28T20:15-04:00,2024,8,PIT,NYG,8.0,0.7890538581211282,0.2058988232668844,0.005047318611987382,PIT,0.7890538581211282,1,9.957786246338333,0.7832992339828723,0.21165344740514033,0.005047318611987382,PIT,0.7832992339828723,1,9.72547586504245,0.5390920554854981,0.4558638083228247,0.005044136191677175,PIT,0.5390920554854981,1,14,14,11.046754013695795,14,14,10.966189275760211,13,13,7.008196721311475
2024_09_HOU_NYJ,2024-10-31T20:15-04:00,2024,9,NYJ,HOU,8.0,0.43785454392300704,0.5570981374650056,0.005047318611987382,HOU,0.5570981374650056,0,-1.7852392655224496,0.43587799061085836,0.5590746907771542,0.005047318611987382,HOU,0.5590746907771542,0,-1.850021400785853,0.5390920554854981,0.4558638083228247,0.005044136191677175,NYJ,0.5390920554854981,1,5,0,2.785490687325028,5,0,2.7953734538857713,5,5,2.6954602774274905
2024_09_DAL_ATL,2024-11-03T13:00-05:00,2024,9,ATL,DAL,6.0,0.5178686438593048,0.477084037528708,0.005047318611987382,ATL,0.5178686438593048,1,0.6080071194835635,0.5313571921713616,0.4635954892166511,0.005047318611987382,ATL,0.5313571921713616,1,1.0139123674323114,0.5390920554854981,0.4558638083228247,0.005044136191677175,ATL,0.5390920554854981,1,2,2,1.0357372877186095,2,2,1.0627143843427231,2,2,1.0781841109709962
2024_09_DEN_BAL,2024-11-03T13:00-05:00,2024,9,BAL,DEN,31.0,0.7175066410808227,0.27744604030718983,0.005047318611987382,BAL,0.7175066410808227,1,7.042651377281652,0.712068449971896,0.2828842314161165,0.005047318611987382,BAL,0.712068449971896,1,6.860907242908511,0.5390920554854981,0.4558638083228247,0.005044136191677175,BAL,0.5390920554854981,1,13,13,9.327586334050695,13,13,9.256889849634648,3,3,1.6172761664564943
2024_09_LAC_CLE,2024-11-03T13:00-05:00,2024,9,CLE,LAC,-17.0,0.39769600644532066,0.5972566749426921,0.005047318611987382,LAC,0.5972566749426921,1,-3.01419842525208,0.3800042850169139,0.6149483963710987,0.005047318611987382,LAC,0.6149483963710987,1,-3.577519002756483,0.5390920554854981,0.4558638083228247,0.005044136191677175,CLE,0.5390920554854981,0,7,7,4.180796724598845,8,8,4.919587170968789,8,0,4.312736443883985
2024_09_LV_CIN,2024-11-03T13:00-05:00,2024,9,CIN,LV,17.0,0.7500107210853834,0.24494196030262924,0.005047318611987382,CIN,0.7500107210853834,1,8.294633083859189,0.7560257795573823,0.23892690183063034,0.005047318611987382,CIN,0.7560257795573823,1,8.561250662832785,0.5390920554854981,0.4558638083228247,0.005044136191677175,CIN,0.5390920554854981,1,14,14,10.500150095195368,14,14,10.584360913803351,10,10,5.390920554854981
2024_09_MIA_BUF,2024-11-03T13:00-05:00,2024,9,BUF,MIA,3.0,0.8267630749579227,0.16818960643009,0.005047318611987382,BUF,0.8267630749579227,1,11.803225738735117,0.8354625792211884,0.15949010216682422,0.005047318611987382,BUF,0.8354625792211884,1,12.307703264728477,0.5390920554854981,0.4558638083228247,0.005044136191677175,BUF,0.5390920554854981,1,15,15,12.40144612436884,15,15,12.531938688317826,11,11,5.930012610340479
2024_09_NE_TEN,2024-11-03T13:00-05:00,2024,9,TEN,NE,3.0,0.5349167116136727,0.4600359697743399,0.005047318611987382,TEN,0.5349167116136727,1,1.1177922462959677,0.538324715642712,0.4566279657453006,0.005047318611987382,TEN,0.538324715642712,1,1.2232830781189226,0.5390920554854981,0.4558638083228247,0.005044136191677175,TEN,0.5390920554854981,1,3,3,1.604750134841018,4,4,2.153298862570848,12,12,6.469104665825977
2024_09_NO_CAR,2024-11-03T13:00-05:00,2024,9,CAR,NO,1.0,0.32170975759277765,0.6732429237952351,0.005047318611987382,NO,0.6732429237952351,0,-5.473514673478812,0.32256896886973657,0.6723837125182761,0.005047318611987382,NO,0.6723837125182761,0,-5.459020614027523,0.5390920554854981,0.4558638083228247,0.005044136191677175,CAR,0.5390920554854981,1,10,0,6.732429237952351,10,0,6.7238371251827616,13,13,7.008196721311475
2024_09_WAS_NYG,2024-11-03T13:00-05:00,2024,9,NYG,WAS,-5.0,0.37977464528956617,0.6151780360984466,0.005047318611987382,WAS,0.6151780360984466,1,-3.5751064797370042,0.38011095425424996,0.6148417271337627,0.005047318611987382,WAS,0.6148417271337627,1,-3.5741437454535285,0.5390920554854981,0.4558638083228247,0.005044136191677175,NYG,0.5390920554854981,0,8,8,4.9214242887875725,7,7,4.303892089936339,15,0,8.086380832282472
2024_09_CHI_ARI,2024-11-03T16:05-05:00,2024,9,ARI,CHI,20.0,0.5357004914300811,0.4592521899579315,0.005047318611987382,ARI,0.5357004914300811,1,1.141283819234512,0.5347569685759043,0.4601957128121084,0.005047318611987382,ARI,0.5347569685759043,1,1.1160187028195216,0.5390920554854981,0.4558638083228247,0.005044136191677175,ARI,0.5390920554854981,1,4,4,2.1428019657203246,3,3,1.604270905727713,1,1,0.5390920554854981
2024_09_JAX_PHI,2024-11-03T16:05-05:00,2024,9,PHI,JAX,5.0,0.6943424726710973,0.3006102087169154,0.005047318611987382,PHI,0.6943424726710973,1,6.205047804888018,0.6872959768599116,0.307656704528101,0.005047318611987382,PHI,0.6872959768599116,1,5.973834126250391,0.5390920554854981,0.4558638083228247,0.005044136191677175,PHI,0.5390920554854981,1,12,12,8.332109672053168,11,11,7.560255745459028,7,7,3.7736443883984867
2024_09_DET_GB,2024-11-03T16:25-05:00,2024,9,GB,DET,-10.0,0.4067360556951853,0.5882166256928274,0.005047318611987382,DET,0.5882166256928274,1,-2.7345529763417162,0.4055091942451765,0.5894434871428362,0.005047318611987382,DET,0.5894434871428362,1,-2.779894472031433,0.5390920554854981,0.4558638083228247,0.005044136191677175,GB,0.5390920554854981,0,6,6,3.5292997541569644,6,6,3.5366609228570174,4,0,2.1563682219419924
2024_09_LA_SEA,2024-11-03T16:25-05:00,2024,9,SEA,LAR,-6.0,0.4887190607780815,0.506233620609931,0.005047318611987382,LAR,0.506233620609931,1,-0.26098350352422905,0.47871511935731725,0.5162375620306953,0.005047318611987382,LAR,0.5162375620306953,1,-0.5608418419350167,0.5390920554854981,0.4558638083228247,0.005044136191677175,SEA,0.5390920554854981,0,1,1,0.506233620609931,1,1,0.5162375620306953,9,0,4.851828499369483
2024_09_IND_MIN,2024-11-03T20:20-05:00,2024,9,MIN,IND,8.0,0.6264562359318661,0.36849644545614657,0.005047318611987382,MIN,0.6264562359318661,1,3.9332160721382823,0.6323588470161304,0.3625938343718822,0.005047318611987382,MIN,0.6323588470161304,1,4.133578515846881,0.5390920554854981,0.4558638083228247,0.005044136191677175,MIN,0.5390920554854981,1,9,9,5.638106123386795,9,9,5.6912296231451736,6,6,3.2345523329129886
2024_09_TB_KC,2024-11-04T20:15-05:00,2024,9,KC,TB,6.0,0.6833664876691925,0.31158619371882,0.005047318611987382,KC,0.6833664876691925,1,5.821133662014269,0.7063051261005285,0.2886475552874841,0.005047318611987382,KC,0.7063051261005285,1,6.65061109485072,0.5390920554854981,0.4558638083228247,0.005044136191677175,KC,0.5390920554854981,1,11,11,7.5170313643611175,12,12,8.475661513206342,14,14,7.547288776796973
2024_10_CIN_BAL,2024-11-07T20:15-05:00,2024,10,BAL,CIN,1.0,0.687197743486421,0.30775493790159164,0.005047318611987382,BAL,0.687197743486421,1,5.9542771148157305,0.6770783052934436,0.31787437609456914,0.005047318611987382,BAL,0.6770783052934436,1,5.619692731277029,0.5390920554854981,0.4558638083228247,0.005044136191677175,BAL,0.5390920554854981,1,10,10,6.871977434864211,10,10,6.770783052934436,3,3,1.6172761664564943
2024_10_NYG_CAR,2024-11-10T09:30-05:00,2024,10,CAR,NYG,3.0,0.3555087340736415,0.639443947314371,0.005047318611987382,NYG,0.639443947314371,0,-4.351268250301508,0.3592454310440154,0.6357072503439972,0.005047318611987382,NYG,0.6357072503439972,0,-4.24178065731215,0.5390920554854981,0.4558638083228247,0.005044136191677175,CAR,0.5390920554854981,1,9,0,5.754995525829339,9,0,5.721365253095975,9,9,4.851828499369483
2024_10_ATL_NO,2024-11-10T13:00-05:00,2024,10,NO,ATL,3.0,0.4799494630083866,0.515003218379626,0.005047318611987382,ATL,0.515003218379626,0,-0.5224964012640234,0.47862292560431824,0.5163297557836944,0.005047318611987382,ATL,0.5163297557836944,0,-0.5636004876986525,0.5390920554854981,0.4558638083228247,0.005044136191677175,NO,0.5390920554854981,1,1,0,0.515003218379626,1,0,0.5163297557836944,1,1,0.5390920554854981
2024_10_BUF_IND,2024-11-10T13:00-05:00,2024,10,IND,BUF,-10.0,0.23592447257746205,0.7590282088105506,0.005047318611987382,BUF,0.7590282088105506,1,-8.661243102042077,0.22982410197795067,0.7651285794100618,0.005047318611987382,BUF,0.7651285794100618,1,-8.938892925689174,0.5390920554854981,0.4558638083228247,0.005044136191677175,IND,0.5390920554854981,0,12,12,9.108338505726607,12,12,9.181542952920742,2,0,1.0781841109709962
2024_10_DEN_KC,2024-11-10T13:00-05:00,2024,10,KC,DEN,2.0,0.7710645056640942,0.22388817572391842,0.005047318611987382,KC,0.7710645056640942,1,9.165993198106895,0.7921344627095452,0.2028182186784674,0.005047318611987382,KC,0.7921344627095452,1,10.12574674302974,0.5390920554854981,0.4558638083228247,0.005044136191677175,KC,0.5390920554854981,1,13,13,10.023838573633226,14,14,11.089882477933633,4,4,2.1563682219419924
2024_10_MIN_JAX,2024-11-10T13:00-05:00,2024,10,JAX,MIN,-5.0,0.38577582433712865,0.609176857050884,0.005047318611987382,MIN,0.609176857050884,1,-3.386235140154079,0.3870109028633529,0.6079417785246597,0.005047318611987382,MIN,0.6079417785246597,1,-3.356563713890803,0.5390920554854981,0.4558638083228247,0.005044136191677175,JAX,0.5390920554854981,0,6,6,3.655061142305304,5,5,3.0397088926232985,7,0,3.7736443883984867
2024_10_NE_CHI,2024-11-10T13:00-05:00,2024,10,CHI,NE,-16.0,0.7440696182562401,0.25088306313177255,0.005047318611987382,CHI,0.7440696182562401,0,8.058049466732516,0.7435613483688692,0.2513913330191433,0.005047318611987382,CHI,0.7435613483688692,0,8.059747316086707,0.5390920554854981,0.4558638083228247,0.005044136191677175,CHI,0.5390920554854981,0,11,0,8.18476580081864,11,0,8.179174832057562,8,0,4.312736443883985
2024_10_PIT_WAS,2024-11-10T13:00-05:00,2024,10,WAS,PIT,-1.0,0.4606537461805214,0.5342989352074913,0.005047318611987382,PIT,0.5342989352074913,1,-1.0992801078014656,0.4675998062533149,0.5273528751346979,0.005047318611987382,PIT,0.5273528751346979,1,-0.8937713885396096,0.5390920554854981,0.4558638083228247,0.005044136191677175,WAS,0.5390920554854981,0,2,2,1.0685978704149826,2,2,1.0547057502693957,12,0,6.469104665825977
2024_10_SF_TB,2024-11-10T13:00-05:00,2024,10,TB,SF,-3.0,0.40774657932688557,0.587206102061127,0.005047318611987382,SF,0.587206102061127,1,-2.703416135312627,0.4118058106574087,0.5831468707306039,0.005047318611987382,SF,0.5831468707306039,1,-2.5855570855307337,0.5390920554854981,0.4558638083228247,0.005044136191677175,TB,0.5390920554854981,0,3,3,1.761618306183381,3,3,1.7494406121918118,13,0,7.008196721311475
2024_10_TEN_LAC,2024-11-10T16:05-05:00,2024,10,LAC,TEN,10.0,0.784960293970748,0.20999238741726461,0.005047318611987382,LAC,0.784960293970748,1,9.773315146240652,0.78651401032214,0.20843867106587277,0.005047318611987382,LAC,0.78651401032214,1,9.869668537477782,0.5390920554854981,0.4558638083228247,0.005044136191677175,LAC,0.5390920554854981,1,14,14,10.989444115590471,13,13,10.22468213418782,14,14,7.547288776796973
2024_10_NYJ_ARI,2024-11-10T16:25-05:00,2024,10,ARI,NYJ,25.0,0.6262982352448837,0.36865444614312887,0.005047318611987382,ARI,0.6262982352448837,1,3.9281689892549183,0.6220015473151949,0.37295113407281777,0.005047318611987382,ARI,0.6220015473151949,1,3.8015198191487913,0.5390920554854981,0.4558638083228247,0.005044136191677175,ARI,0.5390920554854981,1,8,8,5.01038588195907,8,8,4.976012378521559,10,10,5.390920554854981
2024_10_PHI_DAL,2024-11-10T16:25-05:00,2024,10,DAL,PHI,-28.0,0.39597477131168735,0.5989779100763252,0.005047318611987382,PHI,0.5989779100763252,1,-3.0676779820602955,0.3974602181980513,0.5974924631899613,0.005047318611987382,PHI,0.5974924631899613,1,-3.029701036140665,0.5390920554854981,0.4558638083228247,0.005044136191677175,DAL,0.5390920554854981,0,5,5,2.9948895503816257,4,4,2.389969852759845,11,0,5.930012610340479
2024_10_DET_HOU,2024-11-10T20:20-05:00,2024,10,HOU,DET,-3.0,0.3821277805473751,0.6128249008406376,0.005047318611987382,DET,0.6128249008406376,1,-3.5009151768195834,0.38293491577765854,0.6120177656103541,0.005047318611987382,DET,0.6120177656103541,1,-3.4849174315192997,0.5390920554854981,0.4558638083228247,0.005044136191677175,HOU,0.5390920554854981,0,7,7,4.289774305884463,6,6,3.672106593662125,5,0,2.6954602774274905
2024_10_MIA_LA,2024-11-11T20:15-05:00,2024,10,LAR,MIA,-8.0,0.5945454562602159,0.4004072251277968,0.005047318611987382,LAR,0.5945454562602159,0,2.9301157665591457,0.6175051433834096,0.37744753800460307,0.005047318611987382,LAR,0.6175051433834096,0,3.6585295522751564,0.5390920554854981,0.4558638083228247,0.005044136191677175,LAR,0.5390920554854981,0,4,0,2.3781818250408637,7,0,4.322536003683867,6,0,3.2345523329129886
2024_11_WAS_PHI,2024-11-14T20:15-05:00,2024,11,PHI,WAS,8.0,0.6612408058058619,0.3337118755821508,0.005047318611987382,PHI,0.6612408058058619,1,5.068692709784596,0.6519118871666252,0.34304079422138734,0.005047318611987382,PHI,0.6519118871666252,1,4.7719002322198625,0.5390920554854981,0.4558638083228247,0.005044136191677175,PHI,0.5390920554854981,1,9,9,5.951167252252757,9,9,5.867206984499626,14,14,7.547288776796973
2024_11_BAL_PIT,2024-11-17T13:00-05:00,2024,11,PIT,BAL,2.0,0.4023535586806347,0.5925991227073779,0.005047318611987382,BAL,0.5925991227073779,0,-2.8698692438787776,0.40097787045769195,0.5939748109303207,0.005047318611987382,BAL,0.5939748109303207,0,-2.9203281020272347,0.5390920554854981,0.4558638083228247,0.005044136191677175,PIT,0.5390920554854981,1,4,0,2.3703964908295116,4,0,2.3758992437212827,2,2,1.0781841109709962
2024_11_CLE_NO,2024-11-17T13:00-05:00,2024,11,NO,CLE,21.0,0.6396960188541645,0.35525666253384813,0.005047318611987382,NO,0.6396960188541645,1,4.359446931812011,0.6554873129571351,0.3394653684308774,0.005047318611987382,NO,0.6554873129571351,1,4.890420900611362,0.5390920554854981,0.4558638083228247,0.005044136191677175,NO,0.5390920554854981,1,8,8,5.117568150833316,10,10,6.554873129571352,4,4,2.1563682219419924
2024_11_GB_CHI,2024-11-17T13:00-05:00,2024,11,CHI,GB,-1.0,0.3815637897606512,0.6133888916273614,0.005047318611987382,GB,0.6133888916273614,1,-3.5186812599271744,0.3650775816715471,0.6298750997164655,0.005047318611987382,GB,0.6298750997164655,1,-4.053592945639384,0.5390920554854981,0.4558638083228247,0.005044136191677175,CHI,0.5390920554854981,0,6,6,3.680333349764169,6,6,3.779250598298793,5,0,2.6954602774274905
2024_11_IND_NYJ,2024-11-17T13:00-05:00,2024,11,NYJ,IND,-1.0,0.5827253106661956,0.412227370721817,0.005047318611987382,NYJ,0.5827253106661956,0,2.5656312757231463,0.5924614182267394,0.40249126316127326,0.005047318611987382,NYJ,0.5924614182267394,0,2.8733693470585604,0.5390920554854981,0.4558638083228247,0.005044136191677175,NYJ,0.5390920554854981,0,3,0,1.7481759319985868,3,0,1.777384254680218,7,0,3.7736443883984867
2024_11_JAX_DET,2024-11-17T13:00-05:00,2024,11,DET,JAX,46.0,0.837660715133645,0.15729196625436748,0.005047318611987382,DET,0.837660715133645,1,12.396810552193864,0.8404593286517967,0.1544933527362158,0.005047318611987382,DET,0.8404593286517967,1,12.58859324524489,0.5390920554854981,0.4558638083228247,0.005044136191677175,DET,0.5390920554854981,1,14,14,11.72725001187103,14,14,11.766430601125155,8,8,4.312736443883985
2024_11_LA_NE,2024-11-17T13:00-05:00,2024,11,NE,LAR,-6.0,0.36497317231022713,0.6299795090777855,0.005047318611987382,LAR,0.6299795090777855,1,-4.04599559248427,0.35885962296747487,0.6360930584205378,0.005047318611987382,LAR,0.6360930584205378,1,-4.254275838874477,0.5390920554854981,0.4558638083228247,0.005044136191677175,NE,0.5390920554854981,0,7,7,4.409856563544499,7,7,4.4526514089437645,10,0,5.390920554854981
2024_11_LV_MIA,2024-11-17T13:00-05:00,2024,11,MIA,LV,15.0,0.7294182499892741,0.2655344313987385,0.005047318611987382,MIA,0.7294182499892741,1,7.489949821293147,0.7172923946332407,0.27766028675477183,0.005047318611987382,MIA,0.7172923946332407,1,7.053763745750073,0.5390920554854981,0.4558638083228247,0.005044136191677175,MIA,0.5390920554854981,1,12,12,8.753018999871289,12,12,8.607508735598888,11,11,5.930012610340479
2024_11_MIN_TEN,2024-11-17T13:00-05:00,2024,11,TEN,MIN,-10.0,0.28654026890221956,0.708412412485793,0.005047318611987382,MIN,0.708412412485793,1,-6.709044580271981,0.28788127764552,0.7070714037424927,0.005047318611987382,MIN,0.7070714037424927,1,-6.6784265118436394,0.5390920554854981,0.4558638083228247,0.005044136191677175,TEN,0.5390920554854981,0,11,11,7.792536537343723,11,11,7.77778544116742,12,0,6.469104665825977
2024_11_ATL_DEN,2024-11-17T16:05-05:00,2024,11,DEN,ATL,32.0,0.500775175679094,0.49417750570891855,0.005047318611987382,DEN,0.500775175679094,1,0.09830280651993517,0.5016617604091971,0.49329092097881544,0.005047318611987382,DEN,0.5016617604091971,1,0.12506118613890482,0.5390920554854981,0.4558638083228247,0.005044136191677175,DEN,0.5390920554854981,1,1,1,0.500775175679094,1,1,0.5016617604091971,1,1,0.5390920554854981
2024_11_SEA_SF,2024-11-17T16:05-05:00,2024,11,SF,SEA,-3.0,0.7755674555330637,0.2193852258549489,0.005047318611987382,SF,0.7755674555330637,0,9.359748750553898,0.7778864538778167,0.21706622751019577,0.005047318611987382,SF,0.7778864538778167,0,9.486260526855034,0.5390920554854981,0.4558638083228247,0.005044136191677175,SF,0.5390920554854981,0,13,0,10.082376921929828,13,0,10.112523900411617,13,0,7.008196721311475
2024_11_KC_BUF,2024-11-17T16:25-05:00,2024,11,BUF,KC,9.0,0.6677214148279293,0.32723126656008317,0.005047318611987382,BUF,0.6677214148279293,1,5.2863400364140185,0.6391453307536303,0.3558073506343824,0.005047318611987382,BUF,0.6391453307536303,1,4.353338117480974,0.5390920554854981,0.4558638083228247,0.005044136191677175,BUF,0.5390920554854981,1,10,10,6.677214148279294,8,8,5.113162646029043,9,9,4.851828499369483
2024_11_CIN_LAC,2024-11-17T20:20-05:00,2024,11,LAC,CIN,7.0,0.5357568741852424,0.4591958072027702,0.005047318611987382,LAC,0.5357568741852424,1,1.1429739513003645,0.5311955698597748,0.4637571115282379,0.005047318611987382,LAC,0.5311955698597748,1,1.0090607778707303,0.5390920554854981,0.4558638083228247,0.005044136191677175,LAC,0.5390920554854981,1,2,2,1.0715137483704849,2,2,1.0623911397195496,3,3,1.6172761664564943
2024_11_HOU_DAL,2024-11-18T20:15-05:00,2024,11,DAL,HOU,-24.0,0.3819887134345064,0.6129639679535062,0.005047318611987382,HOU,0.6129639679535062,1,-3.505294963995724,0.371495198606411,0.6234574827816017,0.005047318611987382,HOU,0.6234574827816017,1,-3.847966837454928,0.5390920554854981,0.4558638083228247,0.005044136191677175,DAL,0.5390920554854981,0,5,5,3.064819839767531,5,5,3.1172874139080085,6,0,3.2345523329129886
2024_12_PIT_CLE,2024-11-21T20:15-05:00,2024,12,CLE,PIT,5.0,0.30003778706432344,0.6949148943236891,0.005047318611987382,PIT,0.6949148943236891,0,-6.225283457943682,0.2932971599799164,0.7016555214080963,0.005047318611987382,PIT,0.7016555214080963,0,-6.482758167257637,0.5390920554854981,0.4558638083228247,0.005044136191677175,CLE,0.5390920554854981,1,8,0,5.559319154589513,8,0,5.61324417126477,10,10,5.390920554854981
2024_12_DAL_WAS,2024-11-24T13:00-05:00,2024,12,WAS,DAL,-8.0,0.722652517221403,0.2723001641666096,0.005047318611987382,WAS,0.722652517221403,0,7.234385805414147,0.7286573993378521,0.2662952820501605,0.005047318611987382,WAS,0.7286573993378521,0,7.481208002703919,0.5390920554854981,0.4558638083228247,0.005044136191677175,WAS,0.5390920554854981,0,9,0,6.503872654992627,9,0,6.557916594040669,3,0,1.6172761664564943
2024_12_DET_IND,2024-11-24T13:00-05:00,2024,12,IND,DET,-18.0,0.2102211162859727,0.7847315651020398,0.005047318611987382,DET,0.7847315651020398,1,-9.763085975701376,0.20234295837062208,0.7926097230173905,0.005047318611987382,DET,0.7926097230173905,1,-10.147640628858943,0.5390920554854981,0.4558638083228247,0.005044136191677175,IND,0.5390920554854981,0,12,12,9.416778781224478,11,11,8.718706953191296,5,0,2.6954602774274905
2024_12_KC_CAR,2024-11-24T13:00-05:00,2024,12,CAR,KC,-3.0,0.2135890276275103,0.7813636537605023,0.005047318611987382,KC,0.7813636537605023,1,-9.613399594111613,0.1967288019307523,0.7982238794572604,0.005047318611987382,KC,0.7982238794572604,1,-10.409224016553662,0.5390920554854981,0.4558638083228247,0.005044136191677175,CAR,0.5390920554854981,0,11,11,8.595000191365525,12,12,9.578686553487124,6,0,3.2345523329129886
2024_12_MIN_CHI,2024-11-24T13:00-05:00,2024,12,CHI,MIN,-3.0,0.43236787028192536,0.5625848111060872,0.005047318611987382,MIN,0.5625848111060872,1,-1.9513479619211438,0.4335424429872511,0.5614102384007615,0.005047318611987382,MIN,0.5614102384007615,1,-1.9209353809885465,0.5390920554854981,0.4558638083228247,0.005044136191677175,CHI,0.5390920554854981,0,1,1,0.5625848111060872,2,2,1.122820476801523,7,0,3.7736443883984867
2024_12_NE_MIA,2024-11-24T13:00-05:00,2024,12,MIA,NE,19.0,0.7511289097260141,0.24382377166199848,0.005047318611987382,MIA,0.7511289097260141,1,8.339590116736563,0.7389805507902653,0.2559721305977474,0.005047318611987382,MIA,0.7389805507902653,1,7.879610611270067,0.5390920554854981,0.4558638083228247,0.005044136191677175,MIA,0.5390920554854981,1,10,10,7.511289097260141,10,10,7.389805507902652,8,8,4.312736443883985
2024_12_TB_NYG,2024-11-24T13:00-05:00,2024,12,NYG,TB,-23.0,0.33419033819079613,0.6607623431972165,0.005047318611987382,TB,0.6607623431972165,1,-5.05270793579861,0.3225538160404053,0.6723988653476073,0.005047318611987382,TB,0.6723988653476073,1,-5.45953724139781,0.5390920554854981,0.4558638083228247,0.005044136191677175,NYG,0.5390920554854981,0,6,6,3.964574059183299,6,6,4.034393192085644,12,0,6.469104665825977
2024_12_TEN_HOU,2024-11-24T13:00-05:00,2024,12,HOU,TEN,-5.0,0.8195405838253184,0.17541209756269432,0.005047318611987382,HOU,0.8195405838253184,0,11.426540164921349,0.8218868226408342,0.17306585874717847,0.005047318611987382,HOU,0.8218868226408342,0,11.578806420267167,0.5390920554854981,0.4558638083228247,0.005044136191677175,HOU,0.5390920554854981,0,13,0,10.65402758972914,13,0,10.684528694330846,13,0,7.008196721311475
2024_12_DEN_LV,2024-11-24T16:05-05:00,2024,12,LV,DEN,-10.0,0.3206485717903955,0.6743041095976171,0.005047318611987382,DEN,0.6743041095976171,1,-5.509678489263527,0.3180213636335106,0.6769313177545021,0.005047318611987382,DEN,0.6769313177545021,1,-5.614643200868283,0.5390920554854981,0.4558638083228247,0.005044136191677175,LV,0.5390920554854981,0,7,7,4.720128767183319,7,7,4.738519224281514,4,0,2.1563682219419924
2024_12_ARI_SEA,2024-11-24T16:25-05:00,2024,12,SEA,ARI,10.0,0.3747787899866843,0.6201738914013284,0.005047318611987382,ARI,0.6201738914013284,0,-3.73320863997834,0.37665704288263013,0.6182956385053826,0.005047318611987382,ARI,0.6182956385053826,0,-3.6836193641463986,0.5390920554854981,0.4558638083228247,0.005044136191677175,SEA,0.5390920554854981,1,5,0,3.1008694570066417,4,0,2.4731825540215304,1,1,0.5390920554854981
2024_12_SF_GB,2024-11-24T16:25-05:00,2024,12,GB,SF,28.0,0.601561895294642,0.3933907860933707,0.005047318611987382,GB,0.601561895294642,1,3.148112099890166,0.6195093171518129,0.37544336423619973,0.005047318611987382,GB,0.6195093171518129,1,3.7221808794238562,0.5390920554854981,0.4558638083228247,0.005044136191677175,GB,0.5390920554854981,1,3,3,1.804685685883926,5,5,3.0975465857590647,11,11,5.930012610340479
2024_12_PHI_LA,2024-11-24T20:20-05:00,2024,12,LAR,PHI,-17.0,0.4287066821900634,0.5662459991979492,0.005047318611987382,PHI,0.5662459991979492,1,-2.0624593028131435,0.4430463781505856,0.551906303237427,0.005047318611987382,PHI,0.551906303237427,1,-1.6328765608508893,0.5390920554854981,0.4558638083228247,0.005044136191677175,LAR,0.5390920554854981,0,2,2,1.1324919983958983,1,1,0.551906303237427,9,0,4.851828499369483
2024_12_BAL_LAC,2024-11-25T20:15-05:00,2024,12,LAC,BAL,-7.0,0.3855412425736447,0.6094114388143678,0.005047318611987382,BAL,0.6094114388143678,1,-3.3935973488896507,0.3939183518810125,0.6010343295070002,0.005047318611987382,BAL,0.6010343295070002,1,-3.1401547990453924,0.5390920554854981,0.4558638083228247,0.005044136191677175,LAC,0.5390920554854981,0,4,4,2.437645755257471,3,3,1.8031029885210006,2,0,1.0781841109709962
2024_13_CHI_DET,2024-11-28T12:30-05:00,2024,13,DET,CHI,3.0,0.8078259541839959,0.18712672720401674,0.005047318611987382,DET,0.8078259541839959,1,10.840648242000757,0.8107057931694914,0.18424688821852112,0.005047318611987382,DET,0.8107057931694914,1,11.011717504065505,0.5390920554854981,0.4558638083228247,0.005044136191677175,DET,0.5390920554854981,1,15,15,12.11738931275994,15,15,12.160586897542371,2,2,1.0781841109709962
2024_13_NYG_DAL,2024-11-28T16:30-05:00,2024,13,DAL,NYG,7.0,0.6601338231950447,0.334818858192968,0.005047318611987382,DAL,0.6601338231950447,1,5.031727126091803,0.6559561355534619,0.3389965458345507,0.005047318611987382,DAL,0.6559561355534619,1,4.906006075505814,0.5390920554854981,0.4558638083228247,0.005044136191677175,DAL,0.5390920554854981,1,9,9,5.941204408755402,9,9,5.903605219981157,10,10,5.390920554854981
2024_13_MIA_GB,2024-11-28T20:20-05:00,2024,13,GB,MIA,13.0,0.6027386129756455,0.3922140684123672,0.005047318611987382,GB,0.6027386129756455,1,3.1848012215830175,0.6290894785418814,0.3658632028461313,0.005047318611987382,GB,0.6290894785418814,1,4.028340948314171,0.5390920554854981,0.4558638083228247,0.005044136191677175,GB,0.5390920554854981,1,7,7,4.219170290829518,8,8,5.032715828335051,9,9,4.851828499369483
2024_13_LV_KC,2024-11-29T15:00-05:00,2024,13,KC,LV,2.0,0.7758899146706988,0.21906276671731395,0.005047318611987382,KC,0.7758899146706988,1,9.373732403306537,0.7836452889512552,0.21130739243675756,0.005047318611987382,KC,0.7836452889512552,1,9.740920210958057,0.5390920554854981,0.4558638083228247,0.005044136191677175,KC,0.5390920554854981,1,14,14,10.862458805389783,14,14,10.971034045317573,8,8,4.312736443883985
2024_13_ARI_MIN,2024-12-01T13:00-05:00,2024,13,MIN,ARI,1.0,0.5575595901058227,0.43739309128218995,0.005047318611987382,MIN,0.5575595901058227,1,1.799191973508401,0.5567397489657969,0.43821293242221576,0.005047318611987382,MIN,0.5567397489657969,1,1.7792094651268084,0.5390920554854981,0.4558638083228247,0.005044136191677175,MIN,0.5390920554854981,1,4,4,2.2302383604232907,4,4,2.2269589958631877,1,1,0.5390920554854981
2024_13_HOU_JAX,2024-12-01T13:00-05:00,2024,13,JAX,HOU,-3.0,0.29528540363419553,0.6996672777538171,0.005047318611987382,HOU,0.6996672777538171,1,-6.3941428980058,0.29069755410627224,0.7042551272817403,0.005047318611987382,HOU,0.7042551272817403,1,-6.576411056231527,0.5390920554854981,0.4558638083228247,0.005044136191677175,JAX,0.5390920554854981,0,10,10,6.996672777538171,10,10,7.042551272817404,4,0,2.1563682219419924
2024_13_IND_NE,2024-12-01T13:00-05:00,2024,13,NE,IND,-1.0,0.4763134883982425,0.5186391929897702,0.005047318611987382,IND,0.5186391929897702,1,-0.6310086971314246,0.48001908969513496,0.5149335916928777,0.005047318611987382,IND,0.5149335916928777,1,-0.5218281439850994,0.5390920554854981,0.4558638083228247,0.005044136191677175,NE,0.5390920554854981,0,1,1,0.5186391929897702,1,1,0.5149335916928777,5,0,2.6954602774274905
2024_13_LAC_ATL,2024-12-01T13:00-05:00,2024,13,ATL,LAC,-4.0,0.4575970988976317,0.5373555824903808,0.005047318611987382,LAC,0.5373555824903808,1,-1.190909416811242,0.4552156510883211,0.5397370302996914,0.005047318611987382,LAC,0.5397370302996914,1,-1.2657788678208317,0.5390920554854981,0.4558638083228247,0.005044136191677175,ATL,0.5390920554854981,0,2,2,1.0747111649807617,2,2,1.079474060599383,6,0,3.2345523329129886
2024_13_PIT_CIN,2024-12-01T13:00-05:00,2024,13,CIN,PIT,-6.0,0.5733929210119634,0.4215597603760492,0.005047318611987382,CIN,0.5733929210119634,0,2.28003421807259,0.5844267640850567,0.410525917302956,0.005047318611987382,CIN,0.5844267640850567,0,2.624986549156482,0.5390920554854981,0.4558638083228247,0.005044136191677175,CIN,0.5390920554854981,0,5,0,2.8669646050598168,6,0,3.50656058451034,12,0,6.469104665825977
2024_13_SEA_NYJ,2024-12-01T13:00-05:00,2024,13,NYJ,SEA,-5.0,0.5410573362326629,0.4538953451553497,0.005047318611987382,NYJ,0.5410573362326629,0,1.3019994912680604,0.5452530207544207,0.4496996606335919,0.005047318611987382,NYJ,0.5452530207544207,0,1.4319565057865362,0.5390920554854981,0.4558638083228247,0.005044136191677175,NYJ,0.5390920554854981,0,3,0,1.6231720086979888,3,0,1.6357590622632623,13,0,7.008196721311475
2024_13_TEN_WAS,2024-12-01T13:00-05:00,2024,13,WAS,TEN,23.0,0.7487283289579377,0.2462243524300749,0.005047318611987382,WAS,0.7487283289579377,1,8.243244005350618,0.7496757546373336,0.24527692675067903,0.005047318611987382,WAS,0.7496757546373336,1,8.303615035888823,0.5390920554854981,0.4558638083228247,0.005044136191677175,WAS,0.5390920554854981,1,12,12,8.984739947495253,12,12,8.996109055648002,16,16,8.62547288776797
2024_13_LA_NO,2024-12-01T16:05-05:00,2024,13,NO,LAR,-7.0,0.5735265863376395,0.4214260950503731,0.005047318611987382,NO,0.5735265863376395,0,2.284112425862157,0.5675476108497644,0.4274050705382483,0.005047318611987382,NO,0.5675476108497644,0,2.1077075811316237,0.5390920554854981,0.4558638083228247,0.005044136191677175,NO,0.5390920554854981,0,6,0,3.441159518025837,5,0,2.8377380542488218,7,0,3.7736443883984867
2024_13_TB_CAR,2024-12-01T16:05-05:00,2024,13,CAR,TB,-3.0,0.23319738818939958,0.761755293198613,0.005047318611987382,TB,0.761755293198613,1,-8.77400261075784,0.22958735258785004,0.7653653288001625,0.005047318611987382,TB,0.7653653288001625,1,-8.948852335624657,0.5390920554854981,0.4558638083228247,0.005044136191677175,CAR,0.5390920554854981,0,13,13,9.90281881158197,13,13,9.949749274402112,15,0,8.086380832282472
2024_13_PHI_BAL,2024-12-01T16:25-05:00,2024,13,BAL,PHI,-5.0,0.606056151462543,0.3888965299254696,0.005047318611987382,BAL,0.606056151462543,0,3.2884482121045746,0.6106999777511806,0.3842527036368321,0.005047318611987382,BAL,0.6106999777511806,0,3.4433650267268243,0.5390920554854981,0.4558638083228247,0.005044136191677175,BAL,0.5390920554854981,0,8,0,4.848449211700344,7,0,4.274899844258264,11,0,5.930012610340479
2024_13_SF_BUF,2024-12-01T20:20-05:00,2024,13,BUF,SF,25.0,0.8606941352096692,0.13425854617834354,0.005047318611987382,BUF,0.8606941352096692,1,13.77147680044269,0.8682506973364235,0.12670198405158925,0.005047318611987382,BUF,0.8682506973364235,1,14.304274758377197,0.5390920554854981,0.4558638083228247,0.005044136191677175,BUF,0.5390920554854981,1,16,16,13.771106163354707,16,16,13.892011157382775,14,14,7.547288776796973
2024_13_CLE_DEN,2024-12-02T20:15-05:00,2024,13,DEN,CLE,9.0,0.7322451456998388,0.26270753568817395,0.005047318611987382,DEN,0.7322451456998388,1,7.597952994724011,0.7436892479577404,0.25126343343027235,0.005047318611987382,DEN,0.7436892479577404,1,8.064807814963913,0.5390920554854981,0.4558638083228247,0.005044136191677175,DEN,0.5390920554854981,1,11,11,8.054696602698227,11,11,8.180581727535145,3,3,1.6172761664564943
2024_14_GB_DET,2024-12-05T20:15-05:00,2024,14,DET,GB,3.0,0.6560955903001208,0.3388570910878918,0.005047318611987382,DET,0.6560955903001208,1,4.897383692895841,0.6488088389133869,0.3461438424746258,0.005047318611987382,DET,0.6488088389133869,1,4.669512194772312,0.5390920554854981,0.4558638083228247,0.005044136191677175,DET,0.5390920554854981,1,7,7,4.592669132100846,6,6,3.8928530334803213,7,7,3.7736443883984867
2024_14_ATL_MIN,2024-12-08T13:00-05:00,2024,14,MIN,ATL,21.0,0.666357590359332,0.32859509102868073,0.005047318611987382,MIN,0.666357590359332,1,5.24035756134241,0.6621518984594169,0.3328007829285957,0.005047318611987382,MIN,0.6621518984594169,1,5.11296915647369,0.5390920554854981,0.4558638083228247,0.005044136191677175,MIN,0.5390920554854981,1,8,8,5.330860722874656,8,8,5.297215187675335,1,1,0.5390920554854981
2024_14_CAR_PHI,2024-12-08T13:00-05:00,2024,14,PHI,CAR,6.0,0.8668511131243022,0.12810156826371044,0.005047318611987382,PHI,0.8668511131243022,1,14.172263813616155,0.8625161435957224,0.13243653779229023,0.005047318611987382,PHI,0.8625161435957224,1,13.926033326875906,0.5390920554854981,0.4558638083228247,0.005044136191677175,PHI,0.5390920554854981,1,13,13,11.269064470615929,13,13,11.21270986674439,3,3,1.6172761664564943
2024_14_CLE_PIT,2024-12-08T13:00-05:00,2024,14,PIT,CLE,13.0,0.7574920899707439,0.2374605914172687,0.005047318611987382,PIT,0.7574920899707439,1,8.598123093810548,0.7614211789927383,0.23353150239527432,0.005047318611987382,PIT,0.7614211789927383,1,8.783857997623379,0.5390920554854981,0.4558638083228247,0.005044136191677175,PIT,0.5390920554854981,1,12,12,9.089905079648927,12,12,9.13705414791286,6,6,3.2345523329129886
2024_14_JAX_TEN,2024-12-08T13:00-05:00,2024,14,TEN,JAX,-4.0,0.4921747135063187,0.502777967881694,0.005047318611987382,JAX,0.502777967881694,1,-0.1579881764676363,0.48924873948202824,0.5057039419059844,0.005047318611987382,JAX,0.5057039419059844,1,-0.24585900280503364,0.5390920554854981,0.4558638083228247,0.005044136191677175,TEN,0.5390920554854981,0,1,1,0.502777967881694,1,1,0.5057039419059844,8,0,4.312736443883985
2024_14_LV_TB,2024-12-08T13:00-05:00,2024,14,TB,LV,15.0,0.7434937485608427,0.25145893282716997,0.005047318611987382,TB,0.7434937485608427,1,8.03531665140068,0.7449689962206155,0.24998368516739702,0.005047318611987382,TB,0.7449689962206155,1,8.115536840457338,0.5390920554854981,0.4558638083228247,0.005044136191677175,TB,0.5390920554854981,1,10,10,7.434937485608427,10,10,7.449689962206155,10,10,5.390920554854981
2024_14_NO_NYG,2024-12-08T13:00-05:00,2024,14,NYG,NO,-3.0,0.3752518417845697,0.619700839603443,0.005047318611987382,NO,0.619700839603443,1,-3.7182029577714895,0.36968718346237545,0.6252654979256371,0.005047318611987382,NO,0.6252654979256371,1,-3.9057484502357247,0.5390920554854981,0.4558638083228247,0.005044136191677175,NYG,0.5390920554854981,0,4,4,2.478803358413772,4,4,2.5010619917025485,11,0,5.930012610340479
2024_14_NYJ_MIA,2024-12-08T13:00-05:00,2024,14,MIA,NYJ,6.0,0.6940111612903388,0.3009415200976738,0.005047318611987382,MIA,0.6940111612903388,1,6.193345615564807,0.6793828047258843,0.3155698766621283,0.005047318611987382,MIA,0.6793828047258843,1,5.699023275101332,0.5390920554854981,0.4558638083228247,0.005044136191677175,MIA,0.5390920554854981,1,9,9,6.246100451613049,9,9,6.114445242532959,12,12,6.469104665825977
2024_14_SEA_ARI,2024-12-08T16:05-05:00,2024,14,ARI,SEA,-12.0,0.653967460222321,0.34098522116569163,0.005047318611987382,ARI,0.653967460222321,0,4.82689772646997,0.6532522236179223,0.3417004577700903,0.005047318611987382,ARI,0.6532522236179223,0,4.816261174578962,0.5390920554854981,0.4558638083228247,0.005044136191677175,ARI,0.5390920554854981,0,6,0,3.923804761333926,7,0,4.572765565325456,13,0,7.008196721311475
2024_14_BUF_LA,2024-12-08T16:25-05:00,2024,14,LAR,BUF,2.0,0.23921744261898392,0.7557352387690287,0.005047318611987382,BUF,0.7557352387690287,0,-8.526275699902634,0.24280008863883792,0.7521525927491748,0.005047318611987382,BUF,0.7521525927491748,0,-8.40356209324748,0.5390920554854981,0.4558638083228247,0.005044136191677175,LAR,0.5390920554854981,1,11,0,8.313087626459316,11,0,8.273678520240923,2,2,1.0781841109709962
2024_14_CHI_SF,2024-12-08T16:25-05:00,2024,14,SF,CHI,25.0,0.6288044083201626,0.36614827306784997,0.005047318611987382,SF,0.6288044083201626,1,4.008330547210099,0.63555729791148,0.3593953834765328,0.005047318611987382,SF,0.63555729791148,1,4.2369257176247785,0.5390920554854981,0.4558638083228247,0.005044136191677175,SF,0.5390920554854981,1,5,5,3.144022041600813,5,5,3.1777864895573997,4,4,2.1563682219419924
2024_14_LAC_KC,2024-12-08T20:20-05:00,2024,14,KC,LAC,2.0,0.5948258566493535,0.40012682473865924,0.005047318611987382,KC,0.5948258566493535,1,2.938803073588562,0.6127237700627154,0.38222891132529724,0.005047318611987382,KC,0.6127237700627154,1,3.507201105239277,0.5390920554854981,0.4558638083228247,0.005044136191677175,KC,0.5390920554854981,1,2,2,1.189651713298707,3,3,1.8381713101881463,9,9,4.851828499369483
2024_14_CIN_DAL,2024-12-09T20:15-05:00,2024,14,DAL,CIN,-7.0,0.39612517693887456,0.598827504449138,0.005047318611987382,CIN,0.598827504449138,1,-3.063001689807499,0.3852009989994881,0.6097516823885245,0.005047318611987382,CIN,0.6097516823885245,1,-3.4134961525717835,0.5390920554854981,0.4558638083228247,0.005044136191677175,DAL,0.5390920554854981,0,3,3,1.796482513347414,2,2,1.219503364777049,5,0,2.6954602774274905
2024_15_LA_SF,2024-12-12T20:15-05:00,2024,15,SF,LAR,-6.0,0.6527518827823354,0.34220079860567715,0.005047318611987382,SF,0.6527518827823354,0,4.786731087024517,0.6532682236215156,0.3416844577664969,0.005047318611987382,SF,0.6532682236215156,0,4.816791224305771,0.5390920554854981,0.4558638083228247,0.005044136191677175,SF,0.5390920554854981,0,9,0,5.874766945041019,9,0,5.8794140125936405,10,0,5.390920554854981
2024_15_BAL_NYG,2024-12-15T13:00-05:00,2024,15,NYG,BAL,-21.0,0.17701564965686345,0.8179370317311492,0.005047318611987382,BAL,0.8179370317311492,1,-11.344572245507166,0.17560872858014245,0.8193439528078701,0.005047318611987382,BAL,0.8193439528078701,1,-11.447369090497038,0.5390920554854981,0.4558638083228247,0.005044136191677175,NYG,0.5390920554854981,0,16,16,13.086992507698387,16,16,13.109503244925921,2,0,1.0781841109709962
2024_15_CIN_TEN,2024-12-15T13:00-05:00,2024,15,TEN,CIN,-10.0,0.2864220381562047,0.7085306432318079,0.005047318611987382,CIN,0.7085306432318079,1,-6.713340496443925,0.2801690323966029,0.7147836489914098,0.005047318611987382,CIN,0.7147836489914098,1,-6.960873613697784,0.5390920554854981,0.4558638083228247,0.005044136191677175,TEN,0.5390920554854981,0,12,12,8.502367718781695,14,14,10.006971085879737,5,0,2.6954602774274905
2024_15_DAL_CAR,2024-12-15T13:00-05:00,2024,15,CAR,DAL,-16.0,0.47361089196240685,0.5213417894256057,0.005047318611987382,DAL,0.5213417894256057,1,-0.7117083487732117,0.4812996581115221,0.5136530232764905,0.005047318611987382,DAL,0.5136530232764905,1,-0.48352160801739075,0.5390920554854981,0.4558638083228247,0.005044136191677175,CAR,0.5390920554854981,0,3,3,1.564025368276817,1,1,0.5136530232764905,6,0,3.2345523329129886
2024_15_KC_CLE,2024-12-15T13:00-05:00,2024,15,CLE,KC,-14.0,0.319060899926675,0.6758917814613377,0.005047318611987382,KC,0.6758917814613377,1,-5.563901754663238,0.29105101882616147,0.7039016625618512,0.005047318611987382,KC,0.7039016625618512,1,-6.563648493004631,0.5390920554854981,0.4558638083228247,0.005044136191677175,CLE,0.5390920554854981,0,11,11,7.4348095960747145,11,11,7.742918288180363,9,0,4.851828499369483
2024_15_MIA_HOU,2024-12-15T13:00-05:00,2024,15,HOU,MIA,8.0,0.5713408631436546,0.42361181824435806,0.005047318611987382,HOU,0.5713408631436546,1,2.2174673060487096,0.5855589471852519,0.4093937342027608,0.005047318611987382,HOU,0.5855589471852519,1,2.65989601203259,0.5390920554854981,0.4558638083228247,0.005044136191677175,HOU,0.5390920554854981,1,6,6,3.428045178861928,6,6,3.5133536831115117,11,11,5.930012610340479
2024_15_NYJ_JAX,2024-12-15T13:00-05:00,2024,15,JAX,NYJ,-7.0,0.4530085439832188,0.5419441374047939,0.005047318611987382,NYJ,0.5419441374047939,1,-1.3286337049231438,0.45242741497337596,0.5425252664146366,0.005047318611987382,NYJ,0.5425252664146366,1,-1.3497367045965818,0.5390920554854981,0.4558638083228247,0.005044136191677175,JAX,0.5390920554854981,0,5,5,2.709720687023969,5,5,2.712626332073183,13,0,7.008196721311475
2024_15_WAS_NO,2024-12-15T13:00-05:00,2024,15,NO,WAS,-1.0,0.3286983844124203,0.6662542969755922,0.005047318611987382,WAS,0.6662542969755922,1,-5.236878890668677,0.3314020196992561,0.6635506616887566,0.005047318611987382,WAS,0.6635506616887566,1,-5.159955973248213,0.5390920554854981,0.4558638083228247,0.005044136191677175,NO,0.5390920554854981,0,10,10,6.662542969755922,10,10,6.635506616887566,16,0,8.62547288776797
2024_15_BUF_DET,2024-12-15T16:25-05:00,2024,15,DET,BUF,-6.0,0.47890855059332293,0.5160441307946897,0.005047318611987382,BUF,0.5160441307946897,1,-0.5535552425061745,0.4803965358660825,0.5145561455219301,0.005047318611987382,BUF,0.5145561455219301,1,-0.5105366361534087,0.5390920554854981,0.4558638083228247,0.005044136191677175,DET,0.5390920554854981,0,1,1,0.5160441307946897,2,2,1.0291122910438602,3,0,1.6172761664564943
2024_15_IND_DEN,2024-12-15T16:25-05:00,2024,15,DEN,IND,18.0,0.715236920873411,0.2797157605146015,0.005047318611987382,DEN,0.715236920873411,1,6.958777219983355,0.7141025608805726,0.28085012050744,0.005047318611987382,DEN,0.7141025608805726,1,6.935742816660473,0.5390920554854981,0.4558638083228247,0.005044136191677175,DEN,0.5390920554854981,1,14,14,10.013316892227753,13,13,9.283333291447443,8,8,4.312736443883985
2024_15_NE_ARI,2024-12-15T16:25-05:00,2024,15,ARI,NE,13.0,0.7176626869745427,0.27728999441347,0.005047318611987382,ARI,0.7176626869745427,1,7.048433224941316,0.7184916601151153,0.2764610212728974,0.005047318611987382,ARI,0.7184916601151153,1,7.098349899406658,0.5390920554854981,0.4558638083228247,0.005044136191677175,ARI,0.5390920554854981,1,15,15,10.764940304618142,15,15,10.77737490172673,12,12,6.469104665825977
2024_15_PIT_PHI,2024-12-15T16:25-05:00,2024,15,PHI,PIT,14.0,0.6222445222573987,0.3727081591306139,0.005047318611987382,PHI,0.6222445222573987,1,3.7989798520570375,0.6208940671687503,0.3740586142192625,0.005047318611987382,PHI,0.6208940671687503,1,3.766237802513257,0.5390920554854981,0.4558638083228247,0.005044136191677175,PHI,0.5390920554854981,1,8,8,4.977956178059189,8,8,4.967152537350002,14,14,7.547288776796973
2024_15_TB_LAC,2024-12-15T16:25-05:00,2024,15,LAC,TB,-23.0,0.5256182359038821,0.46933444548413056,0.005047318611987382,LAC,0.5256182359038821,0,0.839491309913441,0.5211284121660927,0.47382426922191995,0.005047318611987382,LAC,0.5211284121660927,0,0.7072452131060005,0.5390920554854981,0.4558638083228247,0.005044136191677175,LAC,0.5390920554854981,0,4,0,2.1024729436155285,4,0,2.084513648664371,15,0,8.086380832282472
2024_15_GB_SEA,2024-12-15T20:20-05:00,2024,15,SEA,GB,-17.0,0.4019106491634876,0.593042032224525,0.005047318611987382,GB,0.593042032224525,1,-2.88357070404262,0.38938431425134784,0.6055683671366647,0.005047318611987382,GB,0.6055683671366647,1,-3.28205176307348,0.5390920554854981,0.4558638083228247,0.005044136191677175,SEA,0.5390920554854981,0,7,7,4.151294225571675,7,7,4.238978569956653,7,0,3.7736443883984867
2024_15_CHI_MIN,2024-12-16T20:00-05:00,2024,15,MIN,CHI,18.0,0.7105921880222853,0.28436049336572733,0.005047318611987382,MIN,0.7105921880222853,1,6.788417574532929,0.7100077583617203,0.28494492302629226,0.005047318611987382,MIN,0.7100077583617203,1,6.785423743034733,0.5390920554854981,0.4558638083228247,0.005044136191677175,MIN,0.5390920554854981,1,13,13,9.237698444289709,12,12,8.520093100340643,4,4,2.1563682219419924
2024_15_ATL_LV,2024-12-16T20:30-05:00,2024,15,LV,ATL,-6.0,0.47467580681867294,0.5202768745693397,0.005047318611987382,ATL,0.5202768745693397,1,-0.6799051755650861,0.4744433470261907,0.520509334361822,0.005047318611987382,ATL,0.520509334361822,1,-0.6887066617062767,0.5390920554854981,0.4558638083228247,0.005044136191677175,LV,0.5390920554854981,0,2,2,1.0405537491386794,3,3,1.5615280030854661,1,0,0.5390920554854981
2024_16_DEN_LAC,2024-12-19T20:15-05:00,2024,16,LAC,DEN,7.0,0.484081340644417,0.5108713407435956,0.005047318611987382,DEN,0.5108713407435956,0,-0.39925160180539715,0.488993568074403,0.5059591133136097,0.005047318611987382,DEN,0.5059591133136097,0,-0.25348554752217584,0.5390920554854981,0.4558638083228247,0.005044136191677175,LAC,0.5390920554854981,1,2,0,1.0217426814871913,1,0,0.5059591133136097,3,3,1.6172761664564943
2024_16_HOU_KC,2024-12-21T13:00-05:00,2024,16,KC,HOU,8.0,0.6232462340200198,0.3717064473679929,0.005047318611987382,KC,0.6232462340200198,1,3.830850536551749,0.6396793528634441,0.3552733285245686,0.005047318611987382,KC,0.6396793528634441,1,4.370708426506872,0.5390920554854981,0.4558638083228247,0.005044136191677175,KC,0.5390920554854981,1,8,8,4.985969872160158,8,8,5.117434822907553,5,5,2.6954602774274905
2024_16_PIT_BAL,2024-12-21T16:30-05:00,2024,16,BAL,PIT,17.0,0.7209435725250076,0.2740091088630051,0.005047318611987382,BAL,0.7209435725250076,1,7.170464058421182,0.7220021530632865,0.2729505283247262,0.005047318611987382,BAL,0.7220021530632865,1,7.229552236948853,0.5390920554854981,0.4558638083228247,0.005044136191677175,BAL,0.5390920554854981,1,11,11,7.930379297775084,11,11,7.942023683696152,13,13,7.008196721311475
2024_16_ARI_CAR,2024-12-22T13:00-05:00,2024,16,CAR,ARI,6.0,0.26624318627063603,0.7287094951173766,0.005047318611987382,ARI,0.7287094951173766,0,-7.462986434606888,0.26811943154370715,0.7268332498443055,0.005047318611987382,ARI,0.7268332498443055,0,-7.411841143757436,0.5390920554854981,0.4558638083228247,0.005044136191677175,CAR,0.5390920554854981,1,12,0,8.744513941408519,12,0,8.721998998131667,1,1,0.5390920554854981
2024_16_CLE_CIN,2024-12-22T13:00-05:00,2024,16,CIN,CLE,18.0,0.7288936642023868,0.2660590171856259,0.005047318611987382,CIN,0.7288936642023868,1,7.469988448884215,0.7324349114862895,0.26251776990172304,0.005047318611987382,CIN,0.7324349114862895,1,7.62582184459351,0.5390920554854981,0.4558638083228247,0.005044136191677175,CIN,0.5390920554854981,1,13,13,9.475617634631028,13,13,9.521653849321764,2,2,1.0781841109709962
2024_16_DET_CHI,2024-12-22T13:00-05:00,2024,16,CHI,DET,-17.0,0.2577434912472967,0.7372091901407161,0.005047318611987382,DET,0.7372091901407161,1,-7.789428695304624,0.25306494666325513,0.7418877347247574,0.005047318611987382,DET,0.7418877347247574,1,-7.993685079178061,0.5390920554854981,0.4558638083228247,0.005044136191677175,CHI,0.5390920554854981,0,14,14,10.320928661970026,14,14,10.386428286146604,4,0,2.1563682219419924
2024_16_LA_NYJ,2024-12-22T13:00-05:00,2024,16,NYJ,LAR,-10.0,0.44941724120443194,0.5455354401835808,0.005047318611987382,LAR,0.5455354401835808,1,-1.4365843390375779,0.4453112416641395,0.549641439723873,0.005047318611987382,LAR,0.549641439723873,1,-1.5644176781703103,0.5390920554854981,0.4558638083228247,0.005044136191677175,NYJ,0.5390920554854981,0,5,5,2.727677200917904,5,5,2.7482071986193652,7,0,3.7736443883984867
2024_16_NYG_ATL,2024-12-22T13:00-05:00,2024,16,ATL,NYG,27.0,0.619426610743117,0.3755260706448957,0.005047318611987382,ATL,0.619426610743117,1,3.7095075586468544,0.6240515188786615,0.37090116250935123,0.005047318611987382,ATL,0.6240515188786615,1,3.866938767638538,0.5390920554854981,0.4558638083228247,0.005044136191677175,ATL,0.5390920554854981,1,7,7,4.335986275201819,7,7,4.3683606321506305,11,11,5.930012610340479
2024_16_PHI_WAS,2024-12-22T13:00-05:00,2024,16,WAS,PHI,3.0,0.4635943005790277,0.531358380808985,0.005047318611987382,PHI,0.531358380808985,0,-1.0112100633491665,0.467250669222916,0.5277020121650966,0.005047318611987382,PHI,0.5277020121650966,0,-0.9042416338966546,0.5390920554854981,0.4558638083228247,0.005044136191677175,WAS,0.5390920554854981,1,4,0,2.12543352323594,4,0,2.1108080486603864,12,12,6.469104665825977
2024_16_TEN_IND,2024-12-22T13:00-05:00,2024,16,IND,TEN,8.0,0.6473353987247219,0.34761728266329084,0.005047318611987382,IND,0.6473353987247219,1,4.608566698574265,0.6430654063807351,0.35188727500727746,0.005047318611987382,IND,0.6430654063807351,1,4.48112039254741,0.5390920554854981,0.4558638083228247,0.005044136191677175,IND,0.5390920554854981,1,10,10,6.4733539872472186,9,9,5.787588657426616,16,16,8.62547288776797
2024_16_MIN_SEA,2024-12-22T16:05-05:00,2024,16,SEA,MIN,-3.0,0.40525303114554223,0.5896996502424705,0.005047318611987382,MIN,0.5896996502424705,1,-2.7802921082534224,0.4076662727617837,0.5872864086262289,0.005047318611987382,MIN,0.5872864086262289,1,-2.713216277208872,0.5390920554854981,0.4558638083228247,0.005044136191677175,SEA,0.5390920554854981,0,6,6,3.538197901454823,6,6,3.5237184517573734,8,0,4.312736443883985
2024_16_JAX_LV,2024-12-22T16:25-05:00,2024,16,LV,JAX,5.0,0.5256851650242472,0.4692675163637654,0.005047318611987382,LV,0.5256851650242472,1,0.841492136290019,0.5275684230873725,0.46738425830064007,0.005047318611987382,LV,0.5275684230873725,1,0.9002353353405568,0.5390920554854981,0.4558638083228247,0.005044136191677175,LV,0.5390920554854981,1,3,3,1.5770554950727416,3,3,1.5827052692621175,6,6,3.2345523329129886
2024_16_NE_BUF,2024-12-22T16:25-05:00,2024,16,BUF,NE,3.0,0.9088242036284461,0.0861284777595665,0.005047318611987382,BUF,0.9088242036284461,1,17.465222025977603,0.9106940627844196,0.08425861860359321,0.005047318611987382,BUF,0.9106940627844196,1,17.69091760024339,0.5390920554854981,0.4558638083228247,0.005044136191677175,BUF,0.5390920554854981,1,16,16,14.541187258055137,16,16,14.571105004550713,9,9,4.851828499369483
2024_16_SF_MIA,2024-12-22T16:25-05:00,2024,16,MIA,SF,12.0,0.48847976450751907,0.5064729168804937,0.005047318611987382,SF,0.5064729168804937,0,-0.2681165195849291,0.47037986729424414,0.5245728140937684,0.005047318611987382,SF,0.5245728140937684,0,-0.8104310757304114,0.5390920554854981,0.4558638083228247,0.005044136191677175,MIA,0.5390920554854981,1,1,0,0.5064729168804937,2,0,1.0491456281875369,14,14,7.547288776796973
2024_16_TB_DAL,2024-12-22T20:20-05:00,2024,16,DAL,TB,2.0,0.3636835179555594,0.6312691634324532,0.005047318611987382,TB,0.6312691634324532,0,-4.087391156662112,0.34948520120249016,0.6454674801855226,0.005047318611987382,TB,0.6454674801855226,0,-4.5597383093297985,0.5390920554854981,0.4558638083228247,0.005044136191677175,DAL,0.5390920554854981,1,9,0,5.681422470892079,10,0,6.454674801855226,15,15,8.086380832282472
2024_16_NO_GB,2024-12-23T20:15-05:00,2024,16,GB,NO,34.0,0.8126526647564831,0.18230001663152956,0.005047318611987382,GB,0.8126526647564831,1,11.078498593645989,0.8176824589744717,0.177270222413541,0.005047318611987382,GB,0.8176824589744717,1,11.362294847330318,0.5390920554854981,0.4558638083228247,0.005044136191677175,GB,0.5390920554854981,1,15,15,12.189789971347247,15,15,12.265236884617075,10,10,5.390920554854981
2024_17_KC_PIT,2024-12-25T13:00-05:00,2024,17,PIT,KC,-19.0,0.43222643977091385,0.5627262416170988,0.005047318611987382,KC,0.5627262416170988,1,-1.9556360329374192,0.4115941922595076,0.5833584891285051,0.005047318611987382,KC,0.5833584891285051,1,-2.592073879050187,0.5390920554854981,0.4558638083228247,0.005044136191677175,PIT,0.5390920554854981,0,3,3,1.6881787248512965,6,6,3.5001509347710305,10,0,5.390920554854981
2024_17_BAL_HOU,2024-12-25T16:30-05:00,2024,17,HOU,BAL,-29.0,0.3327390874347017,0.6622135939533109,0.005047318611987382,BAL,0.6622135939533109,1,-5.101227284415411,0.3381106311329077,0.6568420502551051,0.005047318611987382,BAL,0.6568420502551051,1,-4.935485217819378,0.5390920554854981,0.4558638083228247,0.005044136191677175,HOU,0.5390920554854981,0,12,12,7.946563127439731,12,12,7.882104603061261,3,0,1.6172761664564943
2024_17_SEA_CHI,2024-12-26T20:15-05:00,2024,17,CHI,SEA,-3.0,0.4601918246360418,0.5347608567519708,0.005047318611987382,SEA,0.5347608567519708,1,-1.1131216112272164,0.4601401903581513,0.5348124910298614,0.005047318611987382,SEA,0.5348124910298614,1,-1.1176870691966074,0.5390920554854981,0.4558638083228247,0.005044136191677175,CHI,0.5390920554854981,0,1,1,0.5347608567519708,1,1,0.5348124910298614,15,0,8.086380832282472
2024_17_LAC_NE,2024-12-28T13:00-05:00,2024,17,NE,LAC,-33.0,0.35229943040899075,0.6426532509790219,0.005047318611987382,LAC,0.6426532509790219,1,-4.4555913172753066,0.3450768635706717,0.6498758178173409,0.005047318611987382,LAC,0.6498758178173409,1,-4.704669354078245,0.5390920554854981,0.4558638083228247,0.005044136191677175,NE,0.5390920554854981,0,11,11,7.069185760769241,11,11,7.1486339959907506,11,0,5.930012610340479
2024_17_DEN_CIN,2024-12-28T16:30-05:00,2024,17,CIN,DEN,6.0,0.5702385069317749,0.42471417445623777,0.005047318611987382,CIN,0.5702385069317749,1,2.1838891317787326,0.5715767472392151,0.4233759341487975,0.005047318611987382,CIN,0.5715767472392151,1,2.23067889475721,0.5390920554854981,0.4558638083228247,0.005044136191677175,CIN,0.5390920554854981,1,5,5,2.8511925346588747,5,5,2.857883736196076,6,6,3.2345523329129886
2024_17_ARI_LA,2024-12-28T20:15-05:00,2024,17,LAR,ARI,4.0,0.632276014093203,0.3626766672948097,0.005047318611987382,LAR,0.632276014093203,1,4.119752480349566,0.6388024919062095,0.35615018948180316,0.005047318611987382,LAR,0.6388024919062095,1,4.342192581213078,0.5390920554854981,0.4558638083228247,0.005044136191677175,LAR,0.5390920554854981,1,9,9,5.690484126838827,9,9,5.749222427155885,1,1,0.5390920554854981
2024_17_CAR_TB,2024-12-29T13:00-05:00,2024,17,TB,CAR,34.0,0.8372293347398443,0.15772334664816823,0.005047318611987382,TB,0.8372293347398443,1,12.372692264141,0.8397764916647058,0.1551761897233067,0.005047318611987382,TB,0.8397764916647058,1,12.549775792052674,0.5390920554854981,0.4558638083228247,0.005044136191677175,TB,0.5390920554854981,1,15,15,12.558440021097665,15,15,12.596647374970587,4,4,2.1563682219419924
2024_17_DAL_PHI,2024-12-29T13:00-05:00,2024,17,PHI,DAL,34.0,0.6756277033165387,0.3193249780714739,0.005047318611987382,PHI,0.6756277033165387,1,5.554872940597309,0.6727553356518425,0.32219734573617004,0.005047318611987382,PHI,0.6727553356518425,1,5.4716945465649305,0.5390920554854981,0.4558638083228247,0.005044136191677175,PHI,0.5390920554854981,1,13,13,8.783160143115003,13,13,8.745819363473952,5,5,2.6954602774274905
2024_17_IND_NYG,2024-12-29T13:00-05:00,2024,17,NYG,IND,12.0,0.4196554269897121,0.5752972543983006,0.005047318611987382,IND,0.5752972543983006,0,-2.3381691782744483,0.4237120276138107,0.5712406537742019,0.005047318611987382,IND,0.5712406537742019,0,-2.220409783333643,0.5390920554854981,0.4558638083228247,0.005044136191677175,NYG,0.5390920554854981,1,6,0,3.4517835263898036,4,0,2.2849626150968074,9,9,4.851828499369483
2024_17_LV_NO,2024-12-29T13:00-05:00,2024,17,NO,LV,-15.0,0.568457083978598,0.4264955974094147,0.005047318611987382,NO,0.568457083978598,0,2.129673174356225,0.5696889900210643,0.4252636913669484,0.005047318611987382,NO,0.5696889900210643,0,2.173026843027335,0.5390920554854981,0.4558638083228247,0.005044136191677175,NO,0.5390920554854981,0,4,0,2.273828335914392,2,0,1.1393779800421286,12,0,6.469104665825977
2024_17_NYJ_BUF,2024-12-29T13:00-05:00,2024,17,BUF,NYJ,26.0,0.8426804373601228,0.15227224402788997,0.005047318611987382,BUF,0.8426804373601228,1,12.681497553610996,0.8429647005277192,0.15198798086029341,0.005047318611987382,BUF,0.8429647005277192,1,12.732228488658198,0.5390920554854981,0.4558638083228247,0.005044136191677175,BUF,0.5390920554854981,1,16,16,13.482886997761964,16,16,13.487435208443507,14,14,7.547288776796973
2024_17_TEN_JAX,2024-12-29T13:00-05:00,2024,17,JAX,TEN,7.0,0.5827256331270829,0.4122270482609297,0.005047318611987382,JAX,0.5827256331270829,1,2.565641175381564,0.5844979987017224,0.4104546826862903,0.005047318611987382,JAX,0.5844979987017224,1,2.627182131718069,0.5390920554854981,0.4558638083228247,0.005044136191677175,JAX,0.5390920554854981,1,7,7,4.07907943188958,7,7,4.091485990912057,16,16,8.62547288776797
2024_17_MIA_CLE,2024-12-29T16:05-05:00,2024,17,CLE,MIA,-17.0,0.3845038913959676,0.6104487899920451,0.005047318611987382,MIA,0.6104487899920451,1,-3.4261737846670988,0.3838942049873991,0.6110584764006135,0.005047318611987382,MIA,0.6110584764006135,1,-3.4546639235290453,0.5390920554854981,0.4558638083228247,0.005044136191677175,CLE,0.5390920554854981,0,8,8,4.883590319936361,8,8,4.888467811204908,13,0,7.008196721311475
2024_17_GB_MIN,2024-12-29T16:25-05:00,2024,17,MIN,GB,2.0,0.4377277967894321,0.5572248845985807,0.005047318611987382,GB,0.5572248845985807,0,-1.7890713393280335,0.42416484493580464,0.5707878364522081,0.005047318611987382,GB,0.5707878364522081,0,-2.2065775765854765,0.5390920554854981,0.4558638083228247,0.005044136191677175,MIN,0.5390920554854981,1,2,0,1.1144497691971613,3,0,1.7123635093566243,8,8,4.312736443883985
2024_17_ATL_WAS,2024-12-29T20:20-05:00,2024,17,WAS,ATL,6.0,0.6985943449786182,0.29635833640939446,0.005047318611987382,WAS,0.6985943449786182,1,6.3558843949591495,0.696074552273172,0.2988781291148406,0.005047318611987382,WAS,0.696074552273172,1,6.283312831963478,0.5390920554854981,0.4558638083228247,0.005044136191677175,WAS,0.5390920554854981,1,14,14,9.780320829700655,14,14,9.745043731824408,2,2,1.0781841109709962
2024_17_DET_SF,2024-12-30T20:15-05:00,2024,17,SF,DET,-6.0,0.3525302354010837,0.642422445986929,0.005047318611987382,DET,0.642422445986929,1,-4.448074462888025,0.3541934142120733,0.6407592671759393,0.005047318611987382,DET,0.6407592671759393,1,-4.40587069427136,0.5390920554854981,0.4558638083228247,0.005044136191677175,SF,0.5390920554854981,0,10,10,6.42422445986929,10,10,6.407592671759393,7,0,3.7736443883984867
2024_18_CLE_BAL,2025-01-04T16:30-05:00,2024,18,BAL,CLE,25.0,0.9315436727920922,0.0634090085959205,0.005047318611987382,BAL,0.9315436727920922,1,19.918076070410727,0.9320587984688697,0.06289388291914282,0.005047318611987382,BAL,0.9320587984688697,1,20.036740096699525,0.5390920554854981,0.4558638083228247,0.005044136191677175,BAL,0.5390920554854981,1,16,16,14.904698764673475,16,16,14.912940775501916,5,5,2.6954602774274905
2024_18_CIN_PIT,2025-01-04T20:00-05:00,2024,18,PIT,CIN,-2.0,0.411014826258439,0.5839378551295736,0.005047318611987382,CIN,0.5839378551295736,1,-2.6028729009563016,0.40864288625137646,0.5863097951366363,0.005047318611987382,CIN,0.5863097951366363,1,-2.6830634769596884,0.5390920554854981,0.4558638083228247,0.005044136191677175,PIT,0.5390920554854981,0,4,4,2.3357514205182945,5,5,2.9315489756831816,4,0,2.1563682219419924
2024_18_BUF_NE,2025-01-05T13:00-05:00,2024,18,NE,BUF,7.0,0.11912849805610352,0.8758241833319091,0.005047318611987382,BUF,0.8758241833319091,0,-14.786866846815323,0.12069351024381324,0.8742591711441993,0.005047318611987382,BUF,0.8742591711441993,0,-14.71660983609226,0.5390920554854981,0.4558638083228247,0.005044136191677175,NE,0.5390920554854981,1,15,0,13.137362749978637,15,0,13.113887567162989,1,1,0.5390920554854981
2024_18_CAR_ATL,2025-01-05T13:00-05:00,2024,18,ATL,CAR,-6.0,0.7582640460607655,0.23668863532724713,0.005047318611987382,ATL,0.7582640460607655,0,8.629807993054719,0.759445832870112,0.2355068485179005,0.005047318611987382,ATL,0.759445832870112,0,8.701950479993931,0.5390920554854981,0.4558638083228247,0.005044136191677175,ATL,0.5390920554854981,0,11,0,8.34090450666842,11,0,8.353904161571233,2,0,1.0781841109709962
2024_18_CHI_GB,2025-01-05T13:00-05:00,2024,18,GB,CHI,-2.0,0.8273773704834243,0.1675753109045883,0.005047318611987382,GB,0.8273773704834243,0,11.835852493146284,0.8328845676039369,0.16206811378407557,0.005047318611987382,GB,0.8328845676039369,0,12.165560477208485,0.5390920554854981,0.4558638083228247,0.005044136191677175,GB,0.5390920554854981,0,12,0,9.928528445801092,12,0,9.994614811247242,3,0,1.6172761664564943
2024_18_HOU_TEN,2025-01-05T13:00-05:00,2024,18,TEN,HOU,-9.0,0.4410154284106692,0.5539372529773433,0.005047318611987382,HOU,0.5539372529773433,1,-1.6897484765226718,0.4372513851951831,0.5577012961928296,0.005047318611987382,HOU,0.5577012961928296,1,-1.8083604579379478,0.5390920554854981,0.4558638083228247,0.005044136191677175,TEN,0.5390920554854981,0,2,2,1.1078745059546866,2,2,1.1154025923856592,6,0,3.2345523329129886
2024_18_JAX_IND,2025-01-05T13:00-05:00,2024,18,IND,JAX,3.0,0.5928951197838933,0.4020575616041193,0.005047318611987382,IND,0.5928951197838933,1,2.879025411512758,0.5856849168667421,0.4092677645212706,0.005047318611987382,IND,0.5856849168667421,1,2.6637819196629624,0.5390920554854981,0.4558638083228247,0.005044136191677175,IND,0.5390920554854981,1,5,5,2.9644755989194667,4,4,2.3427396674669683,7,7,3.7736443883984867
2024_18_NO_TB,2025-01-05T13:00-05:00,2024,18,TB,NO,8.0,0.8718477730328555,0.12310490835515707,0.005047318611987382,TB,0.8718477730328555,1,14.509767561361244,0.8729629545497085,0.12198972683830403,0.005047318611987382,TB,0.8729629545497085,1,14.626188390252567,0.5390920554854981,0.4558638083228247,0.005044136191677175,TB,0.5390920554854981,1,14,14,12.205868822459978,14,14,12.221481363695919,12,12,6.469104665825977
2024_18_NYG_PHI,2025-01-05T13:00-05:00,2024,18,PHI,NYG,7.0,0.8480477977302827,0.14690488365772983,0.005047318611987382,PHI,0.8480477977302827,1,12.994539249947412,0.8467314559943829,0.1482212253936296,0.005047318611987382,PHI,0.8467314559943829,1,12.951879092078045,0.5390920554854981,0.4558638083228247,0.005044136191677175,PHI,0.5390920554854981,1,13,13,11.024621370493675,13,13,11.007508927926978,13,13,7.008196721311475
2024_18_WAS_DAL,2025-01-05T13:00-05:00,2024,18,DAL,WAS,-4.0,0.33128710368523767,0.663665577702775,0.005047318611987382,WAS,0.663665577702775,1,-5.149876621882076,0.3291483774656722,0.6658043039223405,0.005047318611987382,WAS,0.6658043039223405,1,-5.235869199751059,0.5390920554854981,0.4558638083228247,0.005044136191677175,DAL,0.5390920554854981,0,8,8,5.3093246216222,9,9,5.992238735301064,16,0,8.62547288776797
2024_18_KC_DEN,2025-01-05T16:25-05:00,2024,18,DEN,KC,38.0,0.5289685586612084,0.46598412272680423,0.005047318611987382,DEN,0.5289685586612084,1,0.9396872781891874,0.5208249363381886,0.47412774504982397,0.005047318611987382,DEN,0.5208249363381886,1,0.6981572276350381,0.5390920554854981,0.4558638083228247,0.005044136191677175,DEN,0.5390920554854981,1,1,1,0.5289685586612084,1,1,0.5208249363381886,8,8,4.312736443883985
2024_18_LAC_LV,2025-01-05T16:25-05:00,2024,18,LV,LAC,-14.0,0.3054442885350619,0.6895083928529507,0.005047318611987382,LAC,0.6895083928529507,1,-6.035018568101167,0.30245558498329517,0.6924970964047176,0.005047318611987382,LAC,0.6924970964047176,1,-6.1565848738259366,0.5390920554854981,0.4558638083228247,0.005044136191677175,LV,0.5390920554854981,0,10,10,6.895083928529507,10,10,6.9249709640471755,9,0,4.851828499369483
2024_18_MIA_NYJ,2025-01-05T16:25-05:00,2024,18,NYJ,MIA,12.0,0.43009412034459116,0.5648585610434215,0.005047318611987382,MIA,0.5648585610434215,0,-2.0203262856387125,0.4357608081245737,0.5591918732634389,0.005047318611987382,MIA,0.5591918732634389,0,-1.8535773778501627,0.5390920554854981,0.4558638083228247,0.005044136191677175,NYJ,0.5390920554854981,1,3,0,1.6945756831302643,3,0,1.6775756197903167,10,10,5.390920554854981
2024_18_SEA_LA,2025-01-05T16:25-05:00,2024,18,LAR,SEA,-5.0,0.6494523557271301,0.34550032566088246,0.005047318611987382,LAR,0.6494523557271301,0,4.678043694473896,0.6489387400822814,0.3460139413057312,0.005047318611987382,LAR,0.6489387400822814,0,4.6737897523325564,0.5390920554854981,0.4558638083228247,0.005044136191677175,LAR,0.5390920554854981,0,6,0,3.8967141343627807,6,0,3.893632440493688,14,0,7.547288776796973
2024_18_SF_ARI,2025-01-05T16:25-05:00,2024,18,ARI,SF,23.0,0.6653695977968729,0.3295830835911398,0.005047318611987382,ARI,0.6653695977968729,1,5.207106999360947,0.6647217859917393,0.33023089539627326,0.005047318611987382,ARI,0.6647217859917393,1,5.1993723954315545,0.5390920554854981,0.4558638083228247,0.005044136191677175,ARI,0.5390920554854981,1,9,9,5.988326380171856,7,7,4.653052501942175,15,15,8.086380832282472
2024_18_MIN_DET,2025-01-05T20:20-05:00,2024,18,DET,MIN,22.0,0.6617272860743003,0.33322539531371226,0.005047318611987382,DET,0.6617272860743003,1,5.084956986068003,0.6658036886223124,0.3291489927657003,0.005047318611987382,DET,0.6658036886223124,1,5.235848437876849,0.5390920554854981,0.4558638083228247,0.005044136191677175,DET,0.5390920554854981,1,7,7,4.632091002520102,8,8,5.326429508978499,11,11,5.930012610340479
2025_01_DAL_PHI,2025-09-04T20:20-04:00,2025,1,PHI,DAL,4.0,0.7294736828703172,0.26621829343555253,0.004308023694130318,PHI,0.7294736828703172,1,7.22964134171494,0.7540669509609033,0.24162502534496644,0.004308023694130318,PHI,0.7540669509609033,1,8.158701064096132,0.5382131324004306,0.45748116254036597,0.004305705059203444,PHI,0.5382131324004306,1,14,14,10.212631560184441,14,14,10.556937313452647,5,5,2.6910656620021527
2025_01_KC_LAC,2025-09-05T20:00-04:00,2025,1,LAC,KC,6.0,0.5215284832268547,0.47416349307901484,0.004308023694130318,LAC,0.5215284832268547,1,0.6828789052170445,0.5126470102801014,0.48304496602576824,0.004308023694130318,LAC,0.5126470102801014,1,0.42638070011878704,0.5382131324004306,0.45748116254036597,0.004305705059203444,LAC,0.5382131324004306,1,3,3,1.5645854496805642,3,3,1.537941030840304,8,8,4.3057050592034445
2025_01_ARI_NO,2025-09-07T13:00-04:00,2025,1,NO,ARI,-7.0,0.3185230661738453,0.6771689101320244,0.004308023694130318,ARI,0.6771689101320244,1,-5.4094705262254195,0.3233793668239757,0.672312609481894,0.004308023694130318,ARI,0.672312609481894,1,-5.246781473480751,0.5382131324004306,0.45748116254036597,0.004305705059203444,NO,0.5382131324004306,0,12,12,8.126026921584293,12,12,8.067751313782727,1,0,0.5382131324004306
2025_01_CAR_JAX,2025-09-07T13:00-04:00,2025,1,JAX,CAR,16.0,0.6248030680010943,0.37088890830477533,0.004308023694130318,JAX,0.6248030680010943,1,3.740553887685018,0.6213909737853001,0.3743010025205696,0.004308023694130318,JAX,0.6213909737853001,1,3.633835693369644,0.5382131324004306,0.45748116254036597,0.004305705059203444,JAX,0.5382131324004306,1,11,11,6.872833748012037,11,11,6.8353007116383,3,3,1.6146393972012918
2025_01_CIN_CLE,2025-09-07T13:00-04:00,2025,1,CLE,CIN,-1.0,0.24524700384688203,0.7504449724589878,0.004308023694130318,CIN,0.7504449724589878,1,-8.021409340454735,0.23901745675874733,0.7566745195471225,0.004308023694130318,CIN,0.7566745195471225,1,-8.261231927313748,0.5382131324004306,0.45748116254036597,0.004305705059203444,CLE,0.5382131324004306,0,15,15,11.256674586884817,15,15,11.350117793206838,4,0,2.1528525296017222
2025_01_LV_NE,2025-09-07T13:00-04:00,2025,1,NE,LV,-7.0,0.48503407962384526,0.5106578966820245,0.004308023694130318,LV,0.5106578966820245,1,-0.36923092025492066,0.48502264849845883,0.5106693278074109,0.004308023694130318,LV,0.5106693278074109,1,-0.3693814188081346,0.5382131324004306,0.45748116254036597,0.004305705059203444,NE,0.5382131324004306,0,2,2,1.021315793364049,2,2,1.0213386556148218,9,0,4.843918191603875
2025_01_MIA_IND,2025-09-07T13:00-04:00,2025,1,IND,MIA,25.0,0.4499859416178972,0.5457060346879725,0.004308023694130318,MIA,0.5457060346879725,0,-1.3832628819984647,0.4605229026988318,0.5351690736070378,0.004308023694130318,MIA,0.5351690736070378,0,-1.0768891131393927,0.5382131324004306,0.45748116254036597,0.004305705059203444,IND,0.5382131324004306,1,6,0,3.274236208127835,5,0,2.675845368035189,10,10,5.382131324004305
2025_01_NYG_WAS,2025-09-07T13:00-04:00,2025,1,WAS,NYG,15.0,0.7093652166414407,0.28632675966442905,0.004308023694130318,WAS,0.7093652166414407,1,6.5068983510240175,0.7236983224524726,0.2719936538533972,0.004308023694130318,WAS,0.7236983224524726,1,7.015299710773537,0.5382131324004306,0.45748116254036597,0.004305705059203444,WAS,0.5382131324004306,1,13,13,9.221747816338729,13,13,9.408078191882144,12,12,6.458557588805167
2025_01_PIT_NYJ,2025-09-07T13:00-04:00,2025,1,NYJ,PIT,-2.0,0.5236755231623279,0.47201645314354174,0.004308023694130318,NYJ,0.5236755231623279,0,0.7448949901410644,0.557328850660699,0.4383631256451707,0.004308023694130318,NYJ,0.557328850660699,0,1.721270736902818,0.5382131324004306,0.45748116254036597,0.004305705059203444,NYJ,0.5382131324004306,0,4,0,2.0947020926493116,8,0,4.458630805285592,13,0,6.996770721205597
2025_01_TB_ATL,2025-09-07T13:00-04:00,2025,1,ATL,TB,-3.0,0.3846134209420127,0.6110785553638569,0.004308023694130318,TB,0.6110785553638569,1,-3.3206411753588063,0.40249969862082224,0.5931922776850475,0.004308023694130318,TB,0.5931922776850475,1,-2.7802112565850137,0.5382131324004306,0.45748116254036597,0.004305705059203444,ATL,0.5382131324004306,0,10,10,6.11078555363857,9,9,5.338730499165427,15,0,8.073196986006458
2025_01_SF_SEA,2025-09-07T16:05-04:00,2025,1,SEA,SF,-4.0,0.5534039895287225,0.4422879867771471,0.004308023694130318,SEA,0.5534039895287225,0,1.6074875877163863,0.5315716420706941,0.4641203342351755,0.004308023694130318,SEA,0.5315716420706941,0,0.9727559050455823,0.5382131324004306,0.45748116254036597,0.004305705059203444,SEA,0.5382131324004306,0,7,0,3.8738279267010576,4,0,2.1262865682827763,14,0,7.534983853606028
2025_01_TEN_DEN,2025-09-07T16:05-04:00,2025,1,DEN,TEN,8.0,0.8374945813750685,0.15819739493080112,0.004308023694130318,DEN,0.8374945813750685,1,11.95300832237341,0.8089885671339825,0.18670340917188716,0.004308023694130318,DEN,0.8089885671339825,1,10.511261942033451,0.5382131324004306,0.45748116254036597,0.004305705059203444,DEN,0.5382131324004306,1,16,16,13.399913302001096,16,16,12.94381707414372,16,16,8.611410118406889
2025_01_DET_GB,2025-09-07T16:25-04:00,2025,1,GB,DET,14.0,0.5057718808639304,0.4899200954419392,0.004308023694130318,GB,0.5057718808639304,1,0.2283879660971722,0.5021161927808003,0.4935757835250695,0.004308023694130318,GB,0.5021161927808003,1,0.12298075768815736,0.5382131324004306,0.45748116254036597,0.004305705059203444,GB,0.5382131324004306,1,1,1,0.5057718808639304,1,1,0.5021161927808003,6,6,3.2292787944025836
2025_01_HOU_LA,2025-09-07T16:25-04:00,2025,1,LAR,HOU,5.0,0.5860840044925137,0.4096079718133559,0.004308023694130318,LAR,0.5860840044925137,1,2.5695366475685244,0.5440153340059699,0.4516766422998997,0.004308023694130318,LAR,0.5440153340059699,1,1.3334638438793909,0.5382131324004306,0.45748116254036597,0.004305705059203444,LAR,0.5382131324004306,1,9,9,5.2747560404326235,6,6,3.2640920040358194,7,7,3.767491926803014
2025_01_BAL_BUF,2025-09-07T20:20-04:00,2025,1,BUF,BAL,1.0,0.5436974827388609,0.4519944935670089,0.004308023694130318,BUF,0.5436974827388609,1,1.3248731958950826,0.5565858117902289,0.43910616451564083,0.004308023694130318,BUF,0.5565858117902289,1,1.699565945565792,0.5382131324004306,0.45748116254036597,0.004305705059203444,BUF,0.5382131324004306,1,5,5,2.7184874136943042,7,7,3.8961006825316025,2,2,1.0764262648008611
2025_01_MIN_CHI,2025-09-08T20:15-04:00,2025,1,CHI,MIN,-3.0,0.5581874747256175,0.4375045015802522,0.004308023694130318,CHI,0.5581874747256175,0,1.7472083355119024,0.6024279997483282,0.39326397655754164,0.004308023694130318,CHI,0.6024279997483282,0,3.0573750356482927,0.5382131324004306,0.45748116254036597,0.004305705059203444,CHI,0.5382131324004306,0,8,0,4.46549979780494,10,0,6.024279997483282,11,0,5.920344456404736
2025_02_WAS_GB,2025-09-11T20:15-04:00,2025,2,GB,WAS,9.0,0.6319134851446264,0.3637784911612433,0.004308023694130318,GB,0.6319134851446264,1,3.960550295857995,0.5860997284031486,0.40959224790272114,0.004308023694130318,GB,0.5860997284031486,1,2.5687590019640165,0.5382131324004306,0.45748116254036597,0.004305705059203444,GB,0.5382131324004306,1,8,8,5.055307881157011,6,6,3.5165983704188917,16,16,8.611410118406889
2025_02_BUF_NYJ,2025-09-14T13:00-04:00,2025,2,NYJ,BUF,-20.0,0.2937945780223066,0.7018973982835631,0.004308023694130318,BUF,0.7018973982835631,1,-6.246328839546361,0.29832619467019195,0.6973657816356778,0.004308023694130318,BUF,0.6973657816356778,1,-6.0871390950403645,0.5382131324004306,0.45748116254036597,0.004305705059203444,NYJ,0.5382131324004306,0,13,13,9.12466617768632,13,13,9.06575516126381,2,0,1.0764262648008611
2025_02_CHI_DET,2025-09-14T13:00-04:00,2025,2,DET,CHI,31.0,0.7448001022069894,0.2508918740988803,0.004308023694130318,DET,0.7448001022069894,1,7.804043519427504,0.7289791250424695,0.26671285126340016,0.004308023694130318,DET,0.7289791250424695,1,7.20797100999866,0.5382131324004306,0.45748116254036597,0.004305705059203444,DET,0.5382131324004306,1,14,14,10.427201430897853,14,14,10.205707750594573,4,4,2.1528525296017222
2025_02_CLE_BAL,2025-09-14T13:00-04:00,2025,2,BAL,CLE,24.0,0.8794303778918997,0.11626159841396996,0.004308023694130318,BAL,0.8794303778918997,1,14.512488003723112,0.8744597657708308,0.1212322105350389,0.004308023694130318,BAL,0.8744597657708308,1,14.164702928732224,0.5382131324004306,0.45748116254036597,0.004305705059203444,BAL,0.5382131324004306,1,16,16,14.070886046270395,16,16,13.991356252333293,5,5,2.6910656620021527
2025_02_JAX_CIN,2025-09-14T13:00-04:00,2025,2,CIN,JAX,4.0,0.6916943394906852,0.3039976368151845,0.004308023694130318,CIN,0.6916943394906852,1,5.896452347086619,0.6929314981585025,0.3027604781473672,0.004308023694130318,CIN,0.6929314981585025,1,5.935639152559677,0.5382131324004306,0.45748116254036597,0.004305705059203444,CIN,0.5382131324004306,1,12,12,8.300332073888221,12,12,8.31517797790203,7,7,3.767491926803014
2025_02_LA_TEN,2025-09-14T13:00-04:00,2025,2,TEN,LAR,-14.0,0.3288127163113441,0.6668792599945256,0.004308023694130318,LAR,0.6668792599945256,1,-5.071622057340419,0.3441877060440622,0.6515042702618076,0.004308023694130318,LAR,0.6515042702618076,1,-4.574350089915099,0.5382131324004306,0.45748116254036597,0.004305705059203444,TEN,0.5382131324004306,0,9,9,6.00191333995073,9,9,5.863538432356268,9,0,4.843918191603875
2025_02_NE_MIA,2025-09-14T13:00-04:00,2025,2,MIA,NE,-6.0,0.6882555981853871,0.30743637812048275,0.004308023694130318,MIA,0.6882555981853871,0,5.780032138138863,0.6834658404956282,0.31222613581024156,0.004308023694130318,MIA,0.6834658404956282,0,5.616342056180896,0.5382131324004306,0.45748116254036597,0.004305705059203444,MIA,0.5382131324004306,0,11,0,7.5708115800392575,11,0,7.51812424545191,10,0,5.382131324004305
2025_02_NYG_DAL,2025-09-14T13:00-04:00,2025,2,DAL,NYG,3.0,0.6721120001154511,0.3235799761904186,0.004308023694130318,DAL,0.6721120001154511,1,5.24273689505164,0.6650663107153856,0.33062566559048406,0.004308023694130318,DAL,0.6650663107153856,1,5.0102320762561865,0.5382131324004306,0.45748116254036597,0.004305705059203444,DAL,0.5382131324004306,1,10,10,6.721120001154511,10,10,6.650663107153855,11,11,5.920344456404736
2025_02_SEA_PIT,2025-09-14T13:00-04:00,2025,2,PIT,SEA,-14.0,0.5545612072913902,0.4411307690144795,0.004308023694130318,PIT,0.5545612072913902,0,1.6412599089918456,0.5378439002267358,0.4578480760791339,0.004308023694130318,PIT,0.5378439002267358,0,1.1543890645864763,0.5382131324004306,0.45748116254036597,0.004305705059203444,PIT,0.5382131324004306,0,5,0,2.7728060364569513,4,0,2.151375600906943,13,0,6.996770721205597
2025_02_SF_NO,2025-09-14T13:00-04:00,2025,2,NO,SF,-5.0,0.4557923559260251,0.5398996203798446,0.004308023694130318,SF,0.5398996203798446,1,-1.214585253375119,0.4580392452439758,0.5376527310618938,0.004308023694130318,SF,0.5376527310618938,1,-1.1488479824429345,0.5382131324004306,0.45748116254036597,0.004305705059203444,NO,0.5382131324004306,0,3,3,1.619698861139534,3,3,1.6129581931856816,14,0,7.534983853606028
2025_02_CAR_ARI,2025-09-14T16:05-04:00,2025,2,ARI,CAR,5.0,0.7662106276640894,0.22948134864178024,0.004308023694130318,ARI,0.7662106276640894,1,8.647076872020076,0.7632882796903023,0.2324036966155674,0.004308023694130318,ARI,0.7632882796903023,1,8.52477806510884,0.5382131324004306,0.45748116254036597,0.004305705059203444,ARI,0.5382131324004306,1,15,15,11.493159414961342,15,15,11.449324195354535,3,3,1.6146393972012918
2025_02_DEN_IND,2025-09-14T16:05-04:00,2025,2,IND,DEN,1.0,0.4612187728311637,0.5344732034747061,0.004308023694130318,DEN,0.5344732034747061,0,-1.0572499004485059,0.5034439585059799,0.49224801779988975,0.004308023694130318,IND,0.5034439585059799,1,0.16122289871235967,0.5382131324004306,0.45748116254036597,0.004305705059203444,IND,0.5382131324004306,1,2,0,1.0689464069494121,2,2,1.0068879170119598,6,6,3.2292787944025836
2025_02_PHI_KC,2025-09-14T16:25-04:00,2025,2,KC,PHI,-3.0,0.4641849783060753,0.5315069979997944,0.004308023694130318,PHI,0.5315069979997944,1,-0.9713563605053013,0.40845964437372156,0.5872323319321481,0.004308023694130318,PHI,0.5872323319321481,1,-2.6024492477816197,0.5382131324004306,0.45748116254036597,0.004305705059203444,KC,0.5382131324004306,0,1,1,0.5315069979997944,7,7,4.110626323525037,12,0,6.458557588805167
2025_02_ATL_MIN,2025-09-14T20:20-04:00,2025,2,MIN,ATL,-16.0,0.5465060984205219,0.44918587788534786,0.004308023694130318,MIN,0.5465060984205219,0,1.4065337908174598,0.5013359144475655,0.494356061858304,0.004308023694130318,MIN,0.5013359144475655,0,0.10050813066617126,0.5382131324004306,0.45748116254036597,0.004305705059203444,MIN,0.5382131324004306,0,4,0,2.1860243936820876,1,0,0.5013359144475655,1,0,0.5382131324004306
2025_02_TB_HOU,2025-09-15T19:00-04:00,2025,2,HOU,TB,-1.0,0.4130655503530078,0.5826264259528618,0.004308023694130318,TB,0.5826264259528618,1,-2.466811213481419,0.4426713800928096,0.55302059621306,0.004308023694130318,TB,0.55302059621306,1,-1.59552899206382,0.5382131324004306,0.45748116254036597,0.004305705059203444,HOU,0.5382131324004306,0,6,6,3.4957585557171713,5,5,2.7651029810653,15,0,8.073196986006458
2025_02_LAC_LV,2025-09-15T22:00-04:00,2025,2,LV,LAC,-11.0,0.37437396315903454,0.6213180131468351,0.004308023694130318,LAC,0.6213180131468351,1,-3.6333573789995395,0.4082542095559959,0.5874377667498738,0.004308023694130318,LAC,0.5874377667498738,1,-2.6085631158571116,0.5382131324004306,0.45748116254036597,0.004305705059203444,LV,0.5382131324004306,0,7,7,4.349226092027846,8,8,4.69950213399899,8,0,4.3057050592034445
2025_03_MIA_BUF,2025-09-18T20:15-04:00,2025,3,BUF,MIA,10.0,0.8164130814994532,0.17927889480641646,0.004308023694130318,BUF,0.8164130814994532,1,10.872919845105613,0.81639021281532,0.17930176349054966,0.004308023694130318,BUF,0.81639021281532,1,10.866535763198346,0.5382131324004306,0.45748116254036597,0.004305705059203444,BUF,0.5382131324004306,1,16,16,13.062609303991252,16,16,13.06224340504512,13,13,6.996770721205597
2025_03_ATL_CAR,2025-09-21T13:00-04:00,2025,3,CAR,ATL,30.0,0.3430822527034563,0.6526097236024134,0.004308023694130318,ATL,0.6526097236024134,0,-4.611799747843797,0.343615037077353,0.6520769392285166,0.004308023694130318,ATL,0.6520769392285166,0,-4.592586089375679,0.5382131324004306,0.45748116254036597,0.004305705059203444,CAR,0.5382131324004306,1,11,0,7.178706959626548,10,0,6.520769392285166,2,2,1.0764262648008611
2025_03_CIN_MIN,2025-09-21T13:00-04:00,2025,3,MIN,CIN,38.0,0.5076021099775272,0.48808986632834245,0.004308023694130318,MIN,0.5076021099775272,1,0.28113903497994264,0.47206122510792753,0.5236307511979421,0.004308023694130318,CIN,0.5236307511979421,0,-0.7432411593454578,0.5382131324004306,0.45748116254036597,0.004305705059203444,MIN,0.5382131324004306,1,2,2,1.0152042199550544,2,0,1.0472615023958842,3,3,1.6146393972012918
2025_03_GB_CLE,2025-09-21T13:00-04:00,2025,3,CLE,GB,3.0,0.1847540453588247,0.810937930947045,0.004308023694130318,GB,0.810937930947045,0,-10.608898187244694,0.19434631569864097,0.8013456606072288,0.004308023694130318,GB,0.8013456606072288,0,-10.15560078139389,0.5382131324004306,0.45748116254036597,0.004305705059203444,CLE,0.5382131324004306,1,15,0,12.164068964205676,15,0,12.020184909108432,7,7,3.767491926803014
2025_03_HOU_JAX,2025-09-21T13:00-04:00,2025,3,JAX,HOU,7.0,0.5595701983467806,0.436121777959089,0.004308023694130318,JAX,0.5595701983467806,1,1.7876566733839905,0.5383979768563177,0.45729399944955207,0.004308023694130318,JAX,0.5383979768563177,1,1.1704510530719061,0.5382131324004306,0.45748116254036597,0.004305705059203444,JAX,0.5382131324004306,1,4,4,2.2382807933871223,3,3,1.615193930568953,8,8,4.3057050592034445
2025_03_IND_TEN,2025-09-21T13:00-04:00,2025,3,TEN,IND,-21.0,0.3282841682098093,0.6674078080960604,0.004308023694130318,IND,0.6674078080960604,1,-5.088842497551553,0.32848356363259706,0.6672084126732727,0.004308023694130318,IND,0.6672084126732727,1,-5.079881566994064,0.5382131324004306,0.45748116254036597,0.004305705059203444,TEN,0.5382131324004306,0,12,12,8.008893697152725,11,11,7.339292539405999,9,0,4.843918191603875
2025_03_LA_PHI,2025-09-21T13:00-04:00,2025,3,PHI,LAR,7.0,0.6341687871844417,0.36152318912142806,0.004308023694130318,PHI,0.6341687871844417,1,4.030706083559387,0.671270922527181,0.3244210537786885,0.004308023694130318,PHI,0.671270922527181,1,5.212610334876428,0.5382131324004306,0.45748116254036597,0.004305705059203444,PHI,0.5382131324004306,1,9,9,5.7075190846599755,12,12,8.055251070326172,11,11,5.920344456404736
2025_03_LV_WAS,2025-09-21T13:00-04:00,2025,3,WAS,LV,17.0,0.6413535381587954,0.35433843814707433,0.004308023694130318,WAS,0.6413535381587954,1,4.255478963884664,0.6474702719834863,0.3482217043223833,0.004308023694130318,WAS,0.6474702719834863,1,4.44629299672529,0.5382131324004306,0.45748116254036597,0.004305705059203444,WAS,0.5382131324004306,1,10,10,6.413535381587954,9,9,5.827232447851377,12,12,6.458557588805167
2025_03_NYJ_TB,2025-09-21T13:00-04:00,2025,3,TB,NYJ,2.0,0.7699197795713516,0.2257721967345181,0.004308023694130318,TB,0.7699197795713516,1,8.798586122636705,0.7624308760252709,0.2332611002805988,0.004308023694130318,TB,0.7624308760252709,1,8.490322009685691,0.5382131324004306,0.45748116254036597,0.004305705059203444,TB,0.5382131324004306,1,14,14,10.778876913998923,14,14,10.674032264353793,15,15,8.073196986006458
2025_03_PIT_NE,2025-09-21T13:00-04:00,2025,3,NE,PIT,-7.0,0.49982981453851083,0.49586216176735887,0.004308023694130318,NE,0.49982981453851083,0,0.05716027279852631,0.5220497388782007,0.4736422374276689,0.004308023694130318,NE,0.5220497388782007,0,0.6975944493639124,0.5382131324004306,0.45748116254036597,0.004305705059203444,NE,0.5382131324004306,0,1,0,0.49982981453851083,1,0,0.5220497388782007,16,0,8.611410118406889
2025_03_DEN_LAC,2025-09-21T16:05-04:00,2025,3,LAC,DEN,3.0,0.5815375833003061,0.41415439300556356,0.004308023694130318,LAC,0.5815375833003061,1,2.4345137433059874,0.5813829117007044,0.4143090646051653,0.004308023694130318,LAC,0.5813829117007044,1,2.428750317694431,0.5382131324004306,0.45748116254036597,0.004305705059203444,LAC,0.5382131324004306,1,6,6,3.4892254998018366,6,6,3.488297470204227,5,5,2.6910656620021527
2025_03_NO_SEA,2025-09-21T16:05-04:00,2025,3,SEA,NO,31.0,0.724535286975099,0.2711566893307708,0.004308023694130318,SEA,0.724535286975099,1,7.049094831866656,0.7132800069159398,0.2824119693899298,0.004308023694130318,SEA,0.7132800069159398,1,6.641889218685796,0.5382131324004306,0.45748116254036597,0.004305705059203444,SEA,0.5382131324004306,1,13,13,9.418958730676286,13,13,9.272640089907219,14,14,7.534983853606028
2025_03_ARI_SF,2025-09-21T16:25-04:00,2025,3,SF,ARI,1.0,0.42228666055359954,0.5734053157522703,0.004308023694130318,ARI,0.5734053157522703,0,-2.1940414179162735,0.4250594458049103,0.5706325305009594,0.004308023694130318,ARI,0.5706325305009594,0,-2.111311681038444,0.5382131324004306,0.45748116254036597,0.004305705059203444,SF,0.5382131324004306,1,5,0,2.8670265787613514,5,0,2.853162652504797,1,1,0.5382131324004306
2025_03_DAL_CHI,2025-09-21T16:25-04:00,2025,3,CHI,DAL,17.0,0.43730555056138853,0.5583864257444813,0.004308023694130318,DAL,0.5583864257444813,0,-1.7530264636734008,0.4361292594914079,0.5595627168144617,0.004308023694130318,DAL,0.5595627168144617,0,-1.7865715711346197,0.5382131324004306,0.45748116254036597,0.004305705059203444,CHI,0.5382131324004306,1,3,0,1.6751592772334438,4,0,2.2382508672578467,4,4,2.1528525296017222
2025_03_KC_NYG,2025-09-21T20:20-04:00,2025,3,NYG,KC,-13.0,0.3803792653101519,0.6153127109957178,0.004308023694130318,KC,0.6153127109957178,1,-3.449561747951676,0.40513437076384434,0.5905576055420254,0.004308023694130318,KC,0.5905576055420254,1,-2.7015282317027407,0.5382131324004306,0.45748116254036597,0.004305705059203444,NYG,0.5382131324004306,0,8,8,4.922501687965743,7,7,4.133903238794177,10,0,5.382131324004305
2025_03_DET_BAL,2025-09-22T20:15-04:00,2025,3,BAL,DET,-8.0,0.6091080035221973,0.3865839727836724,0.004308023694130318,BAL,0.6091080035221973,0,3.2608227265232372,0.6155692438709255,0.3801227324349441,0.004308023694130318,BAL,0.6155692438709255,0,3.455714584921573,0.5382131324004306,0.45748116254036597,0.004305705059203444,BAL,0.5382131324004306,0,7,0,4.263756024655381,8,0,4.924553950967404,6,0,3.2292787944025836
2025_04_SEA_ARI,2025-09-25T20:15-04:00,2025,4,ARI,SEA,-3.0,0.5520633025132434,0.4436286737926262,0.004308023694130318,ARI,0.5520633025132434,0,1.568383040450836,0.5611047008855409,0.4345872754203288,0.004308023694130318,ARI,0.5611047008855409,0,1.8316900622310506,0.5382131324004306,0.45748116254036597,0.004305705059203444,ARI,0.5382131324004306,0,8,0,4.416506420105947,7,0,3.927732906198786,14,0,7.534983853606028
2025_04_MIN_PIT,2025-09-28T09:30-04:00,2025,4,PIT,MIN,3.0,0.46418462492901047,0.5315073513768592,0.004308023694130318,MIN,0.5315073513768592,0,-0.9713665891163981,0.47706112294697617,0.5186308533588936,0.004308023694130318,MIN,0.5186308533588936,0,-0.5989320574164065,0.5382131324004306,0.45748116254036597,0.004305705059203444,PIT,0.5382131324004306,1,2,0,1.0630147027537185,2,0,1.0372617067177872,10,10,5.382131324004305
2025_04_CAR_NE,2025-09-28T13:00-04:00,2025,4,NE,CAR,29.0,0.5441693175068311,0.4515226587990387,0.004308023694130318,NE,0.5441693175068311,1,1.3385856818394597,0.5401208502177309,0.4555711260881389,0.004308023694130318,NE,0.5401208502177309,1,1.2204139141176742,0.5382131324004306,0.45748116254036597,0.004305705059203444,NE,0.5382131324004306,1,6,6,3.265015905040986,6,6,3.240725101306386,2,2,1.0764262648008611
2025_04_CLE_DET,2025-09-28T13:00-04:00,2025,4,DET,CLE,24.0,0.8861154111092585,0.10957656519661119,0.004308023694130318,DET,0.8861154111092585,1,14.991535238342058,0.8790074067428283,0.11668456956304149,0.004308023694130318,DET,0.8790074067428283,1,14.475973451626219,0.5382131324004306,0.45748116254036597,0.004305705059203444,DET,0.5382131324004306,1,15,15,13.291731166638877,15,15,13.185111101142425,5,5,2.6910656620021527
2025_04_LAC_NYG,2025-09-28T13:00-04:00,2025,4,NYG,LAC,3.0,0.21795857061467358,0.7777334056911961,0.004308023694130318,LAC,0.7777334056911961,0,-9.123623643967207,0.24415189552909727,0.7515400807767725,0.004308023694130318,LAC,0.7515400807767725,0,-8.060058279987228,0.5382131324004306,0.45748116254036597,0.004305705059203444,NYG,0.5382131324004306,1,14,0,10.888267679676746,13,0,9.770021050098043,9,9,4.843918191603875
2025_04_NO_BUF,2025-09-28T13:00-04:00,2025,4,BUF,NO,12.0,0.8907909851586665,0.10490099114720326,0.004308023694130318,BUF,0.8907909851586665,1,15.342035536013155,0.8893105469756348,0.10638142933023491,0.004308023694130318,BUF,0.8893105469756348,1,15.222213890760528,0.5382131324004306,0.45748116254036597,0.004305705059203444,BUF,0.5382131324004306,1,16,16,14.252655762538664,16,16,14.228968751610157,11,11,5.920344456404736
2025_04_PHI_TB,2025-09-28T13:00-04:00,2025,4,TB,PHI,-6.0,0.4475690052875682,0.5481229710183014,0.004308023694130318,PHI,0.5481229710183014,1,-1.4535853284819187,0.3957548935601486,0.5999370827457211,0.004308023694130318,PHI,0.5999370827457211,1,-2.9824090128810643,0.5382131324004306,0.45748116254036597,0.004305705059203444,TB,0.5382131324004306,0,7,7,3.83686079712811,9,9,5.39943374471149,13,0,6.996770721205597
2025_04_TEN_HOU,2025-09-28T13:00-04:00,2025,4,HOU,TEN,26.0,0.7539884188153215,0.24170355749054825,0.004308023694130318,HOU,0.7539884188153215,1,8.159578896402575,0.7662383617838491,0.2294536145220206,0.004308023694130318,HOU,0.7662383617838491,1,8.64401251041853,0.5382131324004306,0.45748116254036597,0.004305705059203444,HOU,0.5382131324004306,1,13,13,9.80184944459918,14,14,10.727337064973888,15,15,8.073196986006458
2025_04_WAS_ATL,2025-09-28T13:00-04:00,2025,4,ATL,WAS,7.0,0.532316199813676,0.4633757764921938,0.004308023694130318,ATL,0.532316199813676,1,0.9947815692985915,0.5272247155056158,0.4684672608002539,0.004308023694130318,ATL,0.5272247155056158,1,0.847062964332523,0.5382131324004306,0.45748116254036597,0.004305705059203444,ATL,0.5382131324004306,1,3,3,1.5969485994410277,3,3,1.5816741465168473,16,16,8.611410118406889
2025_04_IND_LA,2025-09-28T16:05-04:00,2025,4,LAR,IND,7.0,0.5429601511501124,0.4527318251557574,0.004308023694130318,LAR,0.5429601511501124,1,1.3034496521700139,0.539010625160555,0.4566813511453146,0.004308023694130318,LAR,0.539010625160555,1,1.1882143760407584,0.5382131324004306,0.45748116254036597,0.004305705059203444,LAR,0.5382131324004306,1,5,5,2.714800755750562,5,5,2.695053125802775,7,7,3.767491926803014
2025_04_JAX_SF,2025-09-28T16:05-04:00,2025,4,SF,JAX,-5.0,0.5776688932479818,0.41802308305788793,0.004308023694130318,SF,0.5776688932479818,0,2.3199550575313506,0.5861523500094594,0.4095396262964103,0.004308023694130318,SF,0.5861523500094594,0,2.57032365160954,0.5382131324004306,0.45748116254036597,0.004305705059203444,SF,0.5382131324004306,0,9,0,5.1990200392318355,8,0,4.689218800075675,8,0,4.3057050592034445
2025_04_BAL_KC,2025-09-28T16:25-04:00,2025,4,KC,BAL,17.0,0.45897133127009043,0.5367206450357792,0.004308023694130318,BAL,0.5367206450357792,0,-1.122380021452749,0.45934208053581743,0.5363498957700522,0.004308023694130318,BAL,0.5363498957700522,0,-1.1110940345048284,0.5382131324004306,0.45748116254036597,0.004305705059203444,KC,0.5382131324004306,1,4,0,2.146882580143117,4,0,2.145399583080209,1,1,0.5382131324004306
2025_04_CHI_LV,2025-09-28T16:25-04:00,2025,4,LV,CHI,-1.0,0.49165253583533053,0.5040394404705392,0.004308023694130318,CHI,0.5040394404705392,1,-0.17846108802447125,0.4913441684049497,0.50434780790092,0.004308023694130318,CHI,0.50434780790092,1,-0.18725673423219424,0.5382131324004306,0.45748116254036597,0.004305705059203444,LV,0.5382131324004306,0,1,1,0.5040394404705392,1,1,0.50434780790092,3,0,1.6146393972012918
2025_04_GB_DAL,2025-09-28T20:20-04:00,2025,4,DAL,GB,0.0,0.3595873937982334,0.6361045825076364,0.004308023694130318,GB,0.6361045825076364,0,-4.0910730715670285,0.3785681623761592,0.6171238139297105,0.004308023694130318,GB,0.6171238139297105,0,-3.5031736066806953,0.5382131324004306,0.45748116254036597,0.004305705059203444,DAL,0.5382131324004306,0,10,0,6.3610458250763635,10,0,6.171238139297105,6,0,3.2292787944025836
2025_04_NYJ_MIA,2025-09-29T19:15-04:00,2025,4,MIA,NYJ,6.0,0.6381476769483563,0.3575442993575133,0.004308023694130318,MIA,0.6381476769483563,1,4.15493960529862,0.6351579288926312,0.36053404741323847,0.004308023694130318,MIA,0.6351579288926312,1,4.0595663835629505,0.5382131324004306,0.45748116254036597,0.004305705059203444,MIA,0.5382131324004306,1,11,11,7.019624446431919,11,11,6.986737217818943,12,12,6.458557588805167
2025_04_CIN_DEN,2025-09-29T20:15-04:00,2025,4,DEN,CIN,25.0,0.7388968056920295,0.25679517061384016,0.004308023694130318,DEN,0.7388968056920295,1,7.580167879569375,0.716299959221459,0.27939201708441064,0.004308023694130318,DEN,0.716299959221459,1,6.749248066244745,0.5382131324004306,0.45748116254036597,0.004305705059203444,DEN,0.5382131324004306,1,12,12,8.866761668304354,12,12,8.595599510657507,4,4,2.1528525296017222
2025_05_SF_LA,2025-10-02T20:15-04:00,2025,5,LAR,SF,-3.0,0.7064028380080314,0.2892891382978384,0.004308023694130318,LAR,0.7064028380080314,0,6.403060203045966,0.7033626456502404,0.29232933065562927,0.004308023694130318,LAR,0.7033626456502404,0,6.29409370878355,0.5382131324004306,0.45748116254036597,0.004305705059203444,LAR,0.5382131324004306,0,9,0,6.357625542072283,10,0,7.033626456502404,11,0,5.920344456404736
2025_05_MIN_CLE,2025-10-05T09:30-04:00,2025,5,CLE,MIN,-4.0,0.27069183532633595,0.7250001409795338,0.004308023694130318,MIN,0.7250001409795338,1,-7.066001120344751,0.2959812749254063,0.6997107013804634,0.004308023694130318,MIN,0.6997107013804634,1,-6.167774571579564,0.5382131324004306,0.45748116254036597,0.004305705059203444,CLE,0.5382131324004306,0,11,11,7.975001550774872,9,9,6.297396312424171,8,0,4.3057050592034445
2025_05_DAL_NYJ,2025-10-05T13:00-04:00,2025,5,NYJ,DAL,-15.0,0.46728757009275557,0.5284044062131141,0.004308023694130318,DAL,0.5284044062131141,1,-0.8815876896371193,0.46532125874679564,0.5303707175590741,0.004308023694130318,DAL,0.5303707175590741,1,-0.9380166326652066,0.5382131324004306,0.45748116254036597,0.004305705059203444,NYJ,0.5382131324004306,0,2,2,1.0568088124262283,3,3,1.5911121526772223,1,0,0.5382131324004306
2025_05_DEN_PHI,2025-10-05T13:00-04:00,2025,5,PHI,DEN,-4.0,0.5753122584574576,0.42037971784841205,0.004308023694130318,PHI,0.5753122584574576,0,2.250315401061093,0.632059452930653,0.3636325233752167,0.004308023694130318,PHI,0.632059452930653,0,3.963163865095029,0.5382131324004306,0.45748116254036597,0.004305705059203444,PHI,0.5382131324004306,0,7,0,4.027185809202203,8,0,5.056475623445224,2,0,1.0764262648008611
2025_05_HOU_BAL,2025-10-05T13:00-04:00,2025,5,BAL,HOU,-34.0,0.5105434722585066,0.4851485040473631,0.004308023694130318,BAL,0.5105434722585066,0,0.365931845022768,0.4849531824613976,0.5107387938444721,0.004308023694130318,HOU,0.5107387938444721,1,-0.3713833085129705,0.5382131324004306,0.45748116254036597,0.004305705059203444,BAL,0.5382131324004306,0,1,0,0.5105434722585066,1,1,0.5107387938444721,4,0,2.1528525296017222
2025_05_LV_IND,2025-10-05T13:00-04:00,2025,5,IND,LV,34.0,0.7089666321486152,0.2867253441572545,0.004308023694130318,IND,0.7089666321486152,1,6.4928900059408114,0.7104375329628422,0.2852544433430277,0.004308023694130318,IND,0.7104375329628422,1,6.541471567146316,0.5382131324004306,0.45748116254036597,0.004305705059203444,IND,0.5382131324004306,1,10,10,7.089666321486153,11,11,7.814812862591264,6,6,3.2292787944025836
2025_05_MIA_CAR,2025-10-05T13:00-04:00,2025,5,CAR,MIA,3.0,0.40563999452131305,0.5900519817845565,0.004308023694130318,MIA,0.5900519817845565,0,-2.6877490279121066,0.4105751018060369,0.5851168744998327,0.004308023694130318,MIA,0.5851168744998327,0,-2.539545926808888,0.5382131324004306,0.45748116254036597,0.004305705059203444,CAR,0.5382131324004306,1,8,0,4.720415854276452,7,0,4.095818121498829,7,7,3.767491926803014
2025_05_NYG_NO,2025-10-05T13:00-04:00,2025,5,NO,NYG,12.0,0.5520037503358757,0.44368822596999397,0.004308023694130318,NO,0.5520037503358757,1,1.5666465924242092,0.5488993821691281,0.44679259413674155,0.004308023694130318,NO,0.5488993821691281,1,1.4754748310564256,0.5382131324004306,0.45748116254036597,0.004305705059203444,NO,0.5382131324004306,1,5,5,2.7600187516793784,6,6,3.293396293014769,10,10,5.382131324004305
2025_05_TB_SEA,2025-10-05T16:05-04:00,2025,5,SEA,TB,-3.0,0.5431380526611619,0.4525539236447078,0.004308023694130318,SEA,0.5431380526611619,0,1.3086181365639737,0.5352290065240792,0.4604629697817904,0.004308023694130318,SEA,0.5352290065240792,0,1.0786248942916359,0.5382131324004306,0.45748116254036597,0.004305705059203444,SEA,0.5382131324004306,0,3,0,1.6294141579834855,4,0,2.140916026096317,12,0,6.458557588805167
2025_05_TEN_ARI,2025-10-05T16:05-04:00,2025,5,ARI,TEN,-1.0,0.838971347767817,0.15672062853805271,0.004308023694130318,ARI,0.838971347767817,0,12.032910864398866,0.8352653066310336,0.1604266696748361,0.004308023694130318,ARI,0.8352653066310336,0,11.82779377964384,0.5382131324004306,0.45748116254036597,0.004305705059203444,ARI,0.5382131324004306,0,14,0,11.745598868749438,14,0,11.693714292834471,13,0,6.996770721205597
2025_05_DET_CIN,2025-10-05T16:25-04:00,2025,5,CIN,DET,-13.0,0.17120163439497801,0.8244903419108918,0.004308023694130318,DET,0.8244903419108918,1,-11.274173964356315,0.1822611418049165,0.8134308345009532,0.004308023694130318,DET,0.8134308345009532,1,-10.723147843628276,0.5382131324004306,0.45748116254036597,0.004305705059203444,CIN,0.5382131324004306,0,12,12,9.893884102930702,12,12,9.761170014011439,3,0,1.6146393972012918
2025_05_WAS_LAC,2025-10-05T16:25-04:00,2025,5,LAC,WAS,-17.0,0.5670256912698839,0.4286662850359858,0.004308023694130318,LAC,0.5670256912698839,0,2.0062544301288634,0.5193274055451601,0.4763645707607096,0.004308023694130318,LAC,0.5193274055451601,0,0.6190282985120386,0.5382131324004306,0.45748116254036597,0.004305705059203444,LAC,0.5382131324004306,0,6,0,3.4021541476193033,2,0,1.0386548110903202,14,0,7.534983853606028
2025_05_NE_BUF,2025-10-05T20:20-04:00,2025,5,BUF,NE,-3.0,0.8248325490307384,0.17085942727513118,0.004308023694130318,BUF,0.8248325490307384,0,11.291500757194882,0.8252413889711862,0.17045058733468357,0.004308023694130318,BUF,0.8252413889711862,0,11.306755663824102,0.5382131324004306,0.45748116254036597,0.004305705059203444,BUF,0.5382131324004306,0,13,0,10.7228231373996,13,0,10.72813805662542,9,0,4.843918191603875
2025_05_KC_JAX,2025-10-06T20:15-04:00,2025,5,JAX,KC,3.0,0.4437740712415027,0.5519179050643671,0.004308023694130318,KC,0.5519179050643671,0,-1.5641435595021458,0.4514428147135083,0.5442491615923615,0.004308023694130318,KC,0.5442491615923615,0,-1.3402565673836568,0.5382131324004306,0.45748116254036597,0.004305705059203444,JAX,0.5382131324004306,1,4,0,2.2076716202574684,5,0,2.7212458079618074,5,5,2.6910656620021527
2025_06_PHI_NYG,2025-10-09T20:15-04:00,2025,6,NYG,PHI,17.0,0.23152797058180516,0.7641640057240645,0.004308023694130318,PHI,0.7641640057240645,0,-8.56421194319842,0.21139505992954727,0.7842969163763225,0.004308023694130318,PHI,0.7842969163763225,0,-9.398641124465856,0.5382131324004306,0.45748116254036597,0.004305705059203444,NYG,0.5382131324004306,1,14,0,10.698296080136902,14,0,10.980156829268514,12,12,6.458557588805167
2025_06_DEN_NYJ,2025-10-12T09:30-04:00,2025,6,NYJ,DEN,-2.0,0.23888763710003888,0.7568043392058309,0.004308023694130318,DEN,0.7568043392058309,1,-8.270364137589391,0.25485623407642677,0.7408357422294429,0.004308023694130318,DEN,0.7408357422294429,1,-7.649614526236855,0.5382131324004306,0.45748116254036597,0.004305705059203444,NYJ,0.5382131324004306,0,13,13,9.838456409675802,13,13,9.630864648982758,7,0,3.767491926803014
2025_06_ARI_IND,2025-10-12T13:00-04:00,2025,6,IND,ARI,4.0,0.7254378003060634,0.2702541759998063,0.004308023694130318,IND,0.7254378003060634,1,7.081934999989654,0.7274827013138471,0.26820927499202263,0.004308023694130318,IND,0.7274827013138471,1,7.153131492027329,0.5382131324004306,0.45748116254036597,0.004305705059203444,IND,0.5382131324004306,1,12,12,8.70525360367276,12,12,8.729792415766164,1,1,0.5382131324004306
2025_06_CLE_PIT,2025-10-12T13:00-04:00,2025,6,PIT,CLE,14.0,0.7240124656768681,0.2716795106290017,0.004308023694130318,PIT,0.7240124656768681,1,7.030101983437641,0.7086544994376458,0.28703747686822384,0.004308023694130318,PIT,0.7086544994376458,1,6.47878705626521,0.5382131324004306,0.45748116254036597,0.004305705059203444,PIT,0.5382131324004306,1,11,11,7.964137122445549,9,9,6.377890494938812,5,5,2.6910656620021527
2025_06_DAL_CAR,2025-10-12T13:00-04:00,2025,6,CAR,DAL,3.0,0.37817587514975787,0.6175161011561119,0.004308023694130318,DAL,0.6175161011561119,0,-3.516865728955282,0.37824426402612255,0.6174477122797473,0.004308023694130318,DAL,0.6174477122797473,0,-3.5130712565569358,0.5382131324004306,0.45748116254036597,0.004305705059203444,CAR,0.5382131324004306,1,6,0,3.7050966069366713,5,0,3.0872385613987365,6,6,3.2292787944025836
2025_06_LAC_MIA,2025-10-12T13:00-04:00,2025,6,MIA,LAC,-2.0,0.4714688289766764,0.5242231473291933,0.004308023694130318,LAC,0.5242231473291933,1,-0.7607171794859453,0.4918890881824455,0.5038028881234242,0.004308023694130318,LAC,0.5038028881234242,1,-0.17156111546003716,0.5382131324004306,0.45748116254036597,0.004305705059203444,MIA,0.5382131324004306,0,2,2,1.0484462946583866,1,1,0.5038028881234242,9,0,4.843918191603875
2025_06_LA_BAL,2025-10-12T13:00-04:00,2025,6,BAL,LAR,-14.0,0.38091962399718227,0.6147723523086873,0.004308023694130318,LAR,0.6147723523086873,1,-3.4330789779327624,0.37281021573391165,0.622881760571958,0.004308023694130318,LAR,0.622881760571958,1,-3.679622775932499,0.5382131324004306,0.45748116254036597,0.004305705059203444,BAL,0.5382131324004306,0,5,5,3.0738617615434367,6,6,3.737290563431748,10,0,5.382131324004305
2025_06_NE_NO,2025-10-12T13:00-04:00,2025,6,NO,NE,-6.0,0.46165505770839343,0.5340369185974763,0.004308023694130318,NE,0.5340369185974763,1,-1.044611632376561,0.46269377938932615,0.5329981969165435,0.004308023694130318,NE,0.5329981969165435,1,-1.014036868320896,0.5382131324004306,0.45748116254036597,0.004305705059203444,NO,0.5382131324004306,0,3,3,1.6021107557924288,3,3,1.5989945907496304,11,0,5.920344456404736
2025_06_SEA_JAX,2025-10-12T13:00-04:00,2025,6,JAX,SEA,-8.0,0.47689132276620083,0.5188006535396689,0.004308023694130318,SEA,0.5188006535396689,1,-0.6041234974173397,0.487317142857991,0.5083748334478787,0.004308023694130318,SEA,0.5083748334478787,1,-0.3032657275512478,0.5382131324004306,0.45748116254036597,0.004305705059203444,JAX,0.5382131324004306,0,1,1,0.5188006535396689,2,2,1.0167496668957574,13,0,6.996770721205597
2025_06_TEN_LV,2025-10-12T16:05-04:00,2025,6,LV,TEN,10.0,0.6443201345663322,0.3513718417395375,0.004308023694130318,LV,0.6443201345663322,1,4.348877817012377,0.6428332013091412,0.3528587749967284,0.004308023694130318,LV,0.6428332013091412,1,4.299934959313953,0.5382131324004306,0.45748116254036597,0.004305705059203444,LV,0.5382131324004306,1,7,7,4.510240941964326,7,7,4.4998324091639885,15,15,8.073196986006458
2025_06_CIN_GB,2025-10-12T16:25-04:00,2025,6,GB,CIN,9.0,0.843431513465073,0.15226046284079675,0.004308023694130318,GB,0.843431513465073,1,12.278016379637961,0.8373679726101316,0.15832400369573804,0.004308023694130318,GB,0.8373679726101316,1,11.940397207901302,0.5382131324004306,0.45748116254036597,0.004305705059203444,GB,0.5382131324004306,1,15,15,12.651472701976093,15,15,12.560519589151975,4,4,2.1528525296017222
2025_06_SF_TB,2025-10-12T16:25-04:00,2025,6,TB,SF,11.0,0.7226860032142156,0.273005973091654,0.004308023694130318,TB,0.7226860032142156,1,6.982016925331008,0.7171587868600765,0.27853318944579314,0.004308023694130318,TB,0.7171587868600765,1,6.779908121537238,0.5382131324004306,0.45748116254036597,0.004305705059203444,TB,0.5382131324004306,1,10,10,7.226860032142156,11,11,7.888746655460841,14,14,7.534983853606028
2025_06_DET_KC,2025-10-12T20:20-04:00,2025,6,KC,DET,13.0,0.4237746285838646,0.5719173477220051,0.004308023694130318,DET,0.5719173477220051,0,-2.1501779839019277,0.4364483303130944,0.5592436459927753,0.004308023694130318,DET,0.5592436459927753,0,-1.777239974328582,0.5382131324004306,0.45748116254036597,0.004305705059203444,KC,0.5382131324004306,1,4,0,2.2876693908880203,4,0,2.2369745839711013,8,8,4.3057050592034445
2025_06_BUF_ATL,2025-10-13T19:15-04:00,2025,6,ATL,BUF,10.0,0.3396998798085322,0.6559920964973375,0.004308023694130318,BUF,0.6559920964973375,0,-4.7199363777259,0.34025259130855984,0.6554393849973098,0.004308023694130318,BUF,0.6554393849973098,0,-4.699952044172944,0.5382131324004306,0.45748116254036597,0.004305705059203444,ATL,0.5382131324004306,1,8,0,5.2479367719787,8,0,5.243515079978478,2,2,1.0764262648008611
2025_06_CHI_WAS,2025-10-13T20:15-04:00,2025,6,WAS,CHI,-1.0,0.6913525717768458,0.3043394045290238,0.004308023694130318,WAS,0.6913525717768458,0,5.884848867511654,0.7088388381330772,0.28685313817279257,0.004308023694130318,WAS,0.7088388381330772,0,6.485256906289101,0.5382131324004306,0.45748116254036597,0.004305705059203444,WAS,0.5382131324004306,0,9,0,6.222173145991612,10,0,7.088388381330772,3,0,1.6146393972012918
2025_07_PIT_CIN,2025-10-16T20:15-04:00,2025,7,CIN,PIT,2.0,0.3385555369322327,0.6571364393736371,0.004308023694130318,PIT,0.6571364393736371,0,-4.756638765236765,0.3470913577826692,0.6486006185232005,0.004308023694130318,PIT,0.6486006185232005,0,-4.482105163102359,0.5382131324004306,0.45748116254036597,0.004305705059203444,CIN,0.5382131324004306,1,11,0,7.228500833110008,11,0,7.134606803755205,13,13,6.996770721205597
2025_07_LA_JAX,2025-10-19T09:30-04:00,2025,7,JAX,LAR,-28.0,0.3888550548440264,0.6068369214618433,0.004308023694130318,LAR,0.6068369214618433,1,-3.192019220568729,0.3806530530626828,0.6150389232431869,0.004308023694130318,LAR,0.6150389232431869,1,-3.4395416089538666,0.5382131324004306,0.45748116254036597,0.004305705059203444,JAX,0.5382131324004306,0,8,8,4.8546953716947465,8,8,4.920311385945495,6,0,3.2292787944025836
2025_07_CAR_NYJ,2025-10-19T13:00-04:00,2025,7,NYJ,CAR,-7.0,0.5235393567245632,0.4721526195813066,0.004308023694130318,NYJ,0.5235393567245632,0,0.7409610943569427,0.5214197267591082,0.47427224954676134,0.004308023694130318,NYJ,0.5214197267591082,0,0.6794088383182565,0.5382131324004306,0.45748116254036597,0.004305705059203444,NYJ,0.5382131324004306,0,4,0,2.094157426898253,4,0,2.0856789070364328,2,0,1.0764262648008611
2025_07_LV_KC,2025-10-19T13:00-04:00,2025,7,KC,LV,31.0,0.8212366326627497,0.17445534364312004,0.004308023694130318,KC,0.8212366326627497,1,11.11078426583951,0.818210655462898,0.17748132084297175,0.004308023694130318,KC,0.818210655462898,1,10.955659212751497,0.5382131324004306,0.45748116254036597,0.004305705059203444,KC,0.5382131324004306,1,15,15,12.318549489941246,15,15,12.273159831943468,7,7,3.767491926803014
2025_07_MIA_CLE,2025-10-19T13:00-04:00,2025,7,CLE,MIA,25.0,0.4080740926344964,0.5876178836713732,0.004308023694130318,MIA,0.5876178836713732,0,-2.6151915717363883,0.41005376733159504,0.5856382089742745,0.004308023694130318,MIA,0.5856382089742745,0,-2.555038782978312,0.5382131324004306,0.45748116254036597,0.004305705059203444,CLE,0.5382131324004306,1,7,0,4.113325185699613,7,0,4.099467462819922,8,8,4.3057050592034445
2025_07_NE_TEN,2025-10-19T13:00-04:00,2025,7,TEN,NE,-18.0,0.28252826401741565,0.7131637122884541,0.004308023694130318,NE,0.7131637122884541,1,-6.640987051175991,0.28348272769186883,0.7122092486140009,0.004308023694130318,NE,0.7122092486140009,1,-6.6039908851503295,0.5382131324004306,0.45748116254036597,0.004305705059203444,TEN,0.5382131324004306,0,13,13,9.271128259749903,13,13,9.258720231982013,9,0,4.843918191603875
2025_07_NO_CHI,2025-10-19T13:00-04:00,2025,7,CHI,NO,12.0,0.6814818201316181,0.3142101561742517,0.004308023694130318,CHI,0.6814818201316181,1,5.552783441358142,0.6806308044485948,0.31506117185727495,0.004308023694130318,CHI,0.6806308044485948,1,5.521745133582324,0.5382131324004306,0.45748116254036597,0.004305705059203444,CHI,0.5382131324004306,1,12,12,8.177781841579417,12,12,8.167569653383138,10,10,5.382131324004305
2025_07_PHI_MIN,2025-10-19T13:00-04:00,2025,7,MIN,PHI,-6.0,0.5037655283270438,0.4919264479788259,0.004308023694130318,MIN,0.5037655283270438,0,0.17056769171381259,0.4460635747615125,0.5496284015443572,0.004308023694130318,PHI,0.5496284015443572,1,-1.4966962512687638,0.5382131324004306,0.45748116254036597,0.004305705059203444,MIN,0.5382131324004306,0,2,0,1.0075310566540876,6,6,3.2977704092661435,12,0,6.458557588805167
2025_07_IND_LAC,2025-10-19T16:05-04:00,2025,7,LAC,IND,-14.0,0.5166576308643936,0.47903434544147616,0.004308023694130318,LAC,0.5166576308643936,0,0.5422778616225192,0.4931797513983143,0.5025122249075554,0.004308023694130318,IND,0.5025122249075554,1,-0.1343870173113858,0.5382131324004306,0.45748116254036597,0.004305705059203444,LAC,0.5382131324004306,0,3,0,1.549972892593181,1,1,0.5025122249075554,5,0,2.6910656620021527
2025_07_NYG_DEN,2025-10-19T16:05-04:00,2025,7,DEN,NYG,1.0,0.7822005287506637,0.21349144755520608,0.004308023694130318,DEN,0.7822005287506637,1,9.31322523623209,0.7665526348250282,0.22913934148084156,0.004308023694130318,DEN,0.7665526348250282,1,8.656777624575321,0.5382131324004306,0.45748116254036597,0.004305705059203444,DEN,0.5382131324004306,1,14,14,10.950807402509291,14,14,10.731736887550396,11,11,5.920344456404736
2025_07_GB_ARI,2025-10-19T16:25-04:00,2025,7,ARI,GB,-4.0,0.346665808009299,0.6490261682965707,0.004308023694130318,GB,0.6490261682965707,1,-4.497781230646123,0.359081083594403,0.6366108927114668,0.004308023694130318,GB,0.6366108927114668,1,-4.104895225759335,0.5382131324004306,0.45748116254036597,0.004305705059203444,ARI,0.5382131324004306,0,9,9,5.841235514669136,9,9,5.729498034403201,3,0,1.6146393972012918
2025_07_WAS_DAL,2025-10-19T16:25-04:00,2025,7,DAL,WAS,22.0,0.49867549380455767,0.49701648250131203,0.004308023694130318,DAL,0.49867549380455767,1,0.023900560347730693,0.4790022283081515,0.5166897479977183,0.004308023694130318,WAS,0.5166897479977183,0,-0.5429413469195388,0.5382131324004306,0.45748116254036597,0.004305705059203444,DAL,0.5382131324004306,1,1,1,0.49867549380455767,3,0,1.5500692439931547,15,15,8.073196986006458
2025_07_ATL_SF,2025-10-19T20:20-04:00,2025,7,SF,ATL,10.0,0.46015477255724424,0.5355372037486255,0.004308023694130318,ATL,0.5355372037486255,0,-1.088078693050846,0.45700206008287764,0.5386899162229921,0.004308023694130318,ATL,0.5386899162229921,0,-1.1789151869423597,0.5382131324004306,0.45748116254036597,0.004305705059203444,SF,0.5382131324004306,1,6,0,3.2132232224917527,5,0,2.693449581114961,1,1,0.5382131324004306
2025_07_TB_DET,2025-10-20T19:00-04:00,2025,7,DET,TB,15.0,0.6557547680727986,0.339937208233071,0.004308023694130318,DET,0.6557547680727986,1,4.7123320467527225,0.642470167910656,0.35322180839521367,0.004308023694130318,DET,0.642470167910656,1,4.2885136856781445,0.5382131324004306,0.45748116254036597,0.004305705059203444,DET,0.5382131324004306,1,10,10,6.557547680727986,10,10,6.42470167910656,14,14,7.534983853606028
2025_07_HOU_SEA,2025-10-20T22:00-04:00,2025,7,SEA,HOU,8.0,0.5316322739248368,0.4640597023810329,0.004308023694130318,SEA,0.5316322739248368,1,0.9749825737267681,0.5075286899528485,0.48816328635302114,0.004308023694130318,SEA,0.5075286899528485,1,0.278887566655455,0.5382131324004306,0.45748116254036597,0.004305705059203444,SEA,0.5382131324004306,1,5,5,2.658161369624184,2,2,1.015057379905697,4,4,2.1528525296017222
2025_08_MIN_LAC,2025-10-23T20:15-04:00,2025,8,LAC,MIN,27.0,0.60750753518972,0.38818444111614975,0.004308023694130318,LAC,0.60750753518972,1,3.2123206155320854,0.6094715365547972,0.3862204397510724,0.004308023694130318,LAC,0.6094715365547972,1,3.2702642608824695,0.5382131324004306,0.45748116254036597,0.004305705059203444,LAC,0.5382131324004306,1,4,4,2.43003014075888,6,6,3.6568292193287837,7,7,3.767491926803014
2025_08_BUF_CAR,2025-10-26T13:00-04:00,2025,8,CAR,BUF,-31.0,0.3953039883093259,0.6003879879965437,0.004308023694130318,BUF,0.6003879879965437,1,-2.9974198360647826,0.3998194611307627,0.5958725151751069,0.004308023694130318,BUF,0.5958725151751069,1,-2.860425168439161,0.5382131324004306,0.45748116254036597,0.004305705059203444,CAR,0.5382131324004306,0,3,3,1.801163963989631,4,4,2.3834900607004275,1,0,0.5382131324004306
2025_08_CHI_BAL,2025-10-26T13:00-04:00,2025,8,BAL,CHI,14.0,0.43386639276413597,0.5618255835417337,0.004308023694130318,CHI,0.5618255835417337,0,-1.853693715126989,0.4327434462944008,0.5629485300114689,0.004308023694130318,CHI,0.5629485300114689,0,-1.8856880334923853,0.5382131324004306,0.45748116254036597,0.004305705059203444,BAL,0.5382131324004306,1,1,0,0.5618255835417337,1,0,0.5629485300114689,2,2,1.0764262648008611
2025_08_CLE_NE,2025-10-26T13:00-04:00,2025,8,NE,CLE,19.0,0.7184812941690593,0.27721068213681044,0.004308023694130318,NE,0.7184812941690593,1,6.830544833318253,0.7194782027364394,0.2762137735694304,0.004308023694130318,NE,0.7194782027364394,1,6.863001500619107,0.5382131324004306,0.45748116254036597,0.004305705059203444,NE,0.5382131324004306,1,10,10,7.184812941690593,11,11,7.914260230100833,3,3,1.6146393972012918
2025_08_MIA_ATL,2025-10-26T13:00-04:00,2025,8,ATL,MIA,-24.0,0.655642842972764,0.3400491333331058,0.004308023694130318,ATL,0.655642842972764,0,4.708746699183207,0.6635246921225629,0.3321672841833069,0.004308023694130318,ATL,0.6635246921225629,0,4.960247480837238,0.5382131324004306,0.45748116254036597,0.004305705059203444,ATL,0.5382131324004306,0,7,0,4.589499900809348,7,0,4.644672844857941,6,0,3.2292787944025836
2025_08_NYG_PHI,2025-10-26T13:00-04:00,2025,8,PHI,NYG,18.0,0.7442487338475686,0.25144324245830113,0.004308023694130318,PHI,0.7442487338475686,1,7.782987423929967,0.7638064939717926,0.2318854823340772,0.004308023694130318,PHI,0.7638064939717926,1,8.545646160276737,0.5382131324004306,0.45748116254036597,0.004305705059203444,PHI,0.5382131324004306,1,12,12,8.930984806170823,12,12,9.16567792766151,8,8,4.3057050592034445
2025_08_NYJ_CIN,2025-10-26T13:00-04:00,2025,8,CIN,NYJ,-1.0,0.6119432906272239,0.3837486856786458,0.004308023694130318,CIN,0.6119432906272239,0,3.346926993787416,0.6078780932813148,0.38781388302455494,0.004308023694130318,CIN,0.6078780932813148,0,3.2219818026730644,0.5382131324004306,0.45748116254036597,0.004305705059203444,CIN,0.5382131324004306,0,6,0,3.6716597437633434,5,0,3.039390466406574,9,0,4.843918191603875
2025_08_SF_HOU,2025-10-26T13:00-04:00,2025,8,HOU,SF,11.0,0.6687099862178713,0.3269819900879983,0.004308023694130318,HOU,0.6687099862178713,1,5.131328579545276,0.6829384978104752,0.31275347849539453,0.004308023694130318,HOU,0.6829384978104752,1,5.598711104251549,0.5382131324004306,0.45748116254036597,0.004305705059203444,HOU,0.5382131324004306,1,8,8,5.34967988974297,8,8,5.463507982483802,10,10,5.382131324004305
2025_08_TB_NO,2025-10-26T16:05-04:00,2025,8,NO,TB,-20.0,0.30424475090732417,0.6914472253985454,0.004308023694130318,TB,0.6914472253985454,1,-5.888061755883879,0.3073070291573782,0.6883849471484915,0.004308023694130318,TB,0.6883849471484915,1,-5.781595116046121,0.5382131324004306,0.45748116254036597,0.004305705059203444,NO,0.5382131324004306,0,9,9,6.223025028586909,9,9,6.1954645243364235,11,0,5.920344456404736
2025_08_DAL_DEN,2025-10-26T16:25-04:00,2025,8,DEN,DAL,20.0,0.6079482577955413,0.3877437185103285,0.004308023694130318,DEN,0.6079482577955413,1,3.2256694401936397,0.5915638174847435,0.40412815882112624,0.004308023694130318,DEN,0.5915638174847435,1,2.7315589669033957,0.5382131324004306,0.45748116254036597,0.004305705059203444,DEN,0.5382131324004306,1,5,5,3.0397412889777065,3,3,1.7746914524542305,4,4,2.1528525296017222
2025_08_TEN_IND,2025-10-26T16:25-04:00,2025,8,IND,TEN,24.0,0.8958837051984117,0.09980827110745798,0.004308023694130318,IND,0.8958837051984117,1,15.739854699304157,0.8956769232303391,0.1000150530755307,0.004308023694130318,IND,0.8956769232303391,1,15.715735738374633,0.5382131324004306,0.45748116254036597,0.004305705059203444,IND,0.5382131324004306,1,13,13,11.646488167579351,13,13,11.643800001994409,12,12,6.458557588805167
2025_08_GB_PIT,2025-10-26T20:20-04:00,2025,8,PIT,GB,-10.0,0.4272311850257559,0.5684607912801138,0.004308023694130318,GB,0.5684607912801138,1,-2.048435455676104,0.42787429935875615,0.5678176769471135,0.004308023694130318,GB,0.5678176769471135,1,-2.0285449906226694,0.5382131324004306,0.45748116254036597,0.004305705059203444,PIT,0.5382131324004306,0,2,2,1.1369215825602277,2,2,1.135635353894227,5,0,2.6910656620021527
2025_08_WAS_KC,2025-10-27T20:15-04:00,2025,8,KC,WAS,21.0,0.7204616405868741,0.27523033571899563,0.004308023694130318,KC,0.7204616405868741,1,6.90170737417997,0.7040639341389935,0.2916280421668762,0.004308023694130318,KC,0.7040639341389935,1,6.318455982329528,0.5382131324004306,0.45748116254036597,0.004305705059203444,KC,0.5382131324004306,1,11,11,7.925078046455615,10,10,7.040639341389935,13,13,6.996770721205597
2025_09_BAL_MIA,2025-10-30T20:15-04:00,2025,9,MIA,BAL,-22.0,0.4194962266418519,0.576195749664018,0.004308023694130318,BAL,0.576195749664018,1,-2.2764104791913624,0.4195464425623237,0.5761455337435459,0.004308023694130318,BAL,0.5761455337435459,1,-2.273824483053276,0.5382131324004306,0.45748116254036597,0.004305705059203444,MIA,0.5382131324004306,0,5,5,2.88097874832009,5,5,2.8807276687177295,3,0,1.6146393972012918
2025_09_ATL_NE,2025-11-02T13:00-05:00,2025,9,NE,ATL,1.0,0.6586843400312031,0.33700763627466646,0.004308023694130318,NE,0.6586843400312031,1,4.806380312935681,0.6512018676824203,0.3444901086234494,0.004308023694130318,NE,0.6512018676824203,1,4.564726196564643,0.5382131324004306,0.45748116254036597,0.004305705059203444,NE,0.5382131324004306,1,10,10,6.5868434003120315,10,10,6.512018676824203,2,2,1.0764262648008611
2025_09_CAR_GB,2025-11-02T13:00-05:00,2025,9,GB,CAR,-3.0,0.8634584475171522,0.1322335287887175,0.004308023694130318,GB,0.8634584475171522,0,13.457775437673973,0.8570342577580924,0.13865771854777734,0.004308023694130318,GB,0.8570342577580924,0,13.057641321010907,0.5382131324004306,0.45748116254036597,0.004305705059203444,GB,0.5382131324004306,0,13,0,11.224959817722977,12,0,10.284411093097109,4,0,2.1528525296017222
2025_09_CHI_CIN,2025-11-02T13:00-05:00,2025,9,CIN,CHI,-5.0,0.3824697653649066,0.6132222109409632,0.004308023694130318,CHI,0.6132222109409632,1,-3.385843583509056,0.38131927661574017,0.6143726996901296,0.004308023694130318,CHI,0.6143726996901296,1,-3.419236216249642,0.5382131324004306,0.45748116254036597,0.004305705059203444,CIN,0.5382131324004306,0,8,8,4.9057776875277055,7,7,4.300608897830908,5,0,2.6910656620021527
2025_09_DEN_HOU,2025-11-02T13:00-05:00,2025,9,HOU,DEN,-3.0,0.5015043429604301,0.4941876333454395,0.004308023694130318,HOU,0.5015043429604301,0,0.10541003865610993,0.529566828160946,0.4661251481449237,0.004308023694130318,HOU,0.529566828160946,0,0.9147686062179422,0.5382131324004306,0.45748116254036597,0.004305705059203444,HOU,0.5382131324004306,0,1,0,0.5015043429604301,3,0,1.588700484482838,6,0,3.2292787944025836
2025_09_IND_PIT,2025-11-02T13:00-05:00,2025,9,PIT,IND,7.0,0.3833266791643421,0.6123652971415275,0.004308023694130318,IND,0.6123652971415275,0,-3.359762961149741,0.3728266761734016,0.622865300132468,0.004308023694130318,IND,0.622865300132468,0,-3.6791168207956657,0.5382131324004306,0.45748116254036597,0.004305705059203444,PIT,0.5382131324004306,1,7,0,4.2865570799906925,8,0,4.982922401059744,7,7,3.767491926803014
2025_09_LAC_TEN,2025-11-02T13:00-05:00,2025,9,TEN,LAC,-7.0,0.16526377498397776,0.8304282013218919,0.004308023694130318,LAC,0.8304282013218919,1,-11.578815419314672,0.1776716349173368,0.8180203413885329,0.004308023694130318,LAC,0.8180203413885329,1,-10.946308628796947,0.5382131324004306,0.45748116254036597,0.004305705059203444,TEN,0.5382131324004306,0,11,11,9.13471021454081,11,11,8.99822375527386,10,0,5.382131324004305
2025_09_MIN_DET,2025-11-02T13:00-05:00,2025,9,DET,MIN,-3.0,0.8835834887037866,0.11210848760208326,0.004308023694130318,DET,0.8835834887037866,0,14.80717393836327,0.8851624676217134,0.11052950868415633,0.004308023694130318,DET,0.8851624676217134,0,14.914482843729122,0.5382131324004306,0.45748116254036597,0.004305705059203444,DET,0.5382131324004306,0,14,0,12.370168841853012,14,0,12.392274546703987,11,0,5.920344456404736
2025_09_SF_NYG,2025-11-02T13:00-05:00,2025,9,NYG,SF,-10.0,0.47136409808058544,0.5243278782252844,0.004308023694130318,SF,0.5243278782252844,1,-0.7637433183782619,0.4709420509668804,0.5247499253389893,0.004308023694130318,SF,0.5247499253389893,1,-0.7755628065067073,0.5382131324004306,0.45748116254036597,0.004305705059203444,NYG,0.5382131324004306,0,3,3,1.572983634675853,2,2,1.0494998506779787,14,0,7.534983853606028
2025_09_JAX_LV,2025-11-02T16:05-05:00,2025,9,LV,JAX,-1.0,0.4052416797293034,0.5904502965765663,0.004308023694130318,JAX,0.5904502965765663,1,-2.6996351584034692,0.40719234267709137,0.5884996336287782,0.004308023694130318,JAX,0.5884996336287782,1,-2.6401799517870916,0.5382131324004306,0.45748116254036597,0.004305705059203444,LV,0.5382131324004306,0,6,6,3.542701779459398,6,6,3.5309978017726693,8,0,4.3057050592034445
2025_09_NO_LA,2025-11-02T16:05-05:00,2025,9,LAR,NO,24.0,0.8580838108235538,0.1376081654823159,0.004308023694130318,LAR,0.8580838108235538,1,13.127245679851052,0.8611223328384439,0.13456964346742586,0.004308023694130318,LAR,0.8611223328384439,1,13.306290969840287,0.5382131324004306,0.45748116254036597,0.004305705059203444,LAR,0.5382131324004306,1,12,12,10.297005729882645,13,13,11.194590326899771,12,12,6.458557588805167
2025_09_KC_BUF,2025-11-02T16:25-05:00,2025,9,BUF,KC,7.0,0.5239666399781696,0.4717253363277,0.004308023694130318,BUF,0.5239666399781696,1,0.7533058325677717,0.5327956773061765,0.4628962989996932,0.004308023694130318,BUF,0.5327956773061765,1,1.0081754459111607,0.5382131324004306,0.45748116254036597,0.004305705059203444,BUF,0.5382131324004306,1,2,2,1.0479332799563392,4,4,2.131182709224706,9,9,4.843918191603875
2025_09_SEA_WAS,2025-11-02T20:20-05:00,2025,9,WAS,SEA,-24.0,0.4613834290278186,0.5343085472780511,0.004308023694130318,SEA,0.5343085472780511,1,-1.052479960473849,0.48987395891921204,0.5058180173866575,0.004308023694130318,SEA,0.5058180173866575,1,-0.22960631770100148,0.5382131324004306,0.45748116254036597,0.004305705059203444,WAS,0.5382131324004306,0,4,4,2.1372341891122044,1,1,0.5058180173866575,13,0,6.996770721205597
2025_09_ARI_DAL,2025-11-03T20:15-05:00,2025,9,DAL,ARI,-10.0,0.6263438293297374,0.36934814697613216,0.004308023694130318,DAL,0.6263438293297374,0,3.788075926774804,0.6263384571600769,0.36935351914579295,0.004308023694130318,DAL,0.6263384571600769,0,3.786074512884815,0.5382131324004306,0.45748116254036597,0.004305705059203444,DAL,0.5382131324004306,0,9,0,5.637094463967637,9,0,5.637046114440691,1,0,0.5382131324004306
2025_10_LV_DEN,2025-11-06T20:15-05:00,2025,10,DEN,LV,3.0,0.8389428043318226,0.1567491719740472,0.004308023694130318,DEN,0.8389428043318226,1,12.031360695017751,0.8326928516291981,0.16299912467667152,0.004308023694130318,DEN,0.8326928516291981,1,11.691641928715196,0.5382131324004306,0.45748116254036597,0.004305705059203444,DEN,0.5382131324004306,1,14,14,11.745199260645515,14,14,11.657699922808774,9,9,4.843918191603875
2025_10_ATL_IND,2025-11-09T09:30-05:00,2025,10,IND,ATL,6.0,0.6545424498344293,0.3411495264714403,0.004308023694130318,IND,0.6545424498344293,1,4.673527457655052,0.6501639994289432,0.3455279768769264,0.004308023694130318,IND,0.6501639994289432,1,4.531726463273854,0.5382131324004306,0.45748116254036597,0.004305705059203444,IND,0.5382131324004306,1,6,6,3.9272546990065758,5,5,3.250819997144716,2,2,1.0764262648008611
2025_10_BAL_MIN,2025-11-09T13:00-05:00,2025,10,MIN,BAL,-8.0,0.26291168465626885,0.7327802916496009,0.004308023694130318,BAL,0.7327802916496009,1,-7.351720164105233,0.25366019787606847,0.7420317784298013,0.004308023694130318,BAL,0.7420317784298013,1,-7.694900680598701,0.5382131324004306,0.45748116254036597,0.004305705059203444,MIN,0.5382131324004306,0,12,12,8.79336349979521,13,13,9.646413119587416,3,0,1.6146393972012918
2025_10_BUF_MIA,2025-11-09T13:00-05:00,2025,10,MIA,BUF,17.0,0.2742663684336335,0.7214256078722361,0.004308023694130318,BUF,0.7214256078722361,0,-6.9364613575865945,0.26849257029382007,0.7271994060120497,0.004308023694130318,BUF,0.7271994060120497,0,-7.142771341651639,0.5382131324004306,0.45748116254036597,0.004305705059203444,MIA,0.5382131324004306,1,11,0,7.935681686594597,11,0,7.999193466132547,4,4,2.1528525296017222
2025_10_CLE_NYJ,2025-11-09T13:00-05:00,2025,10,NYJ,CLE,7.0,0.5289715228582588,0.46672045344761104,0.004308023694130318,NYJ,0.5289715228582588,1,0.8979909720524826,0.531941667814374,0.46375030849149573,0.004308023694130318,NYJ,0.531941667814374,1,0.9834619592663727,0.5382131324004306,0.45748116254036597,0.004305705059203444,NYJ,0.5382131324004306,1,1,1,0.5289715228582588,1,1,0.531941667814374,5,5,2.6910656620021527
2025_10_JAX_HOU,2025-11-09T13:00-05:00,2025,10,HOU,JAX,7.0,0.5671351516071499,0.42855682469871986,0.004308023694130318,HOU,0.5671351516071499,1,2.009470508407717,0.575051569578294,0.42064040672757574,0.004308023694130318,HOU,0.575051569578294,1,2.241531693160685,0.5382131324004306,0.45748116254036597,0.004305705059203444,HOU,0.5382131324004306,1,2,2,1.1342703032142998,3,3,1.7251547087348817,7,7,3.767491926803014
2025_10_NE_TB,2025-11-09T13:00-05:00,2025,10,TB,NE,-5.0,0.6705627895822268,0.32512918672364294,0.004308023694130318,TB,0.6705627895822268,0,5.191929311457857,0.6717170104959928,0.32397496580987695,0.004308023694130318,TB,0.6717170104959928,0,5.227236684573688,0.5382131324004306,0.45748116254036597,0.004305705059203444,TB,0.5382131324004306,0,7,0,4.693939527075588,7,0,4.702019073471949,10,0,5.382131324004305
2025_10_NO_CAR,2025-11-09T13:00-05:00,2025,10,CAR,NO,-10.0,0.6815778710547725,0.31411410525109723,0.004308023694130318,CAR,0.6815778710547725,0,5.5559870627739105,0.6779428707583901,0.3177491055474797,0.004308023694130318,CAR,0.6779428707583901,0,5.4324779906099385,0.5382131324004306,0.45748116254036597,0.004305705059203444,CAR,0.5382131324004306,0,8,0,5.45262296843818,8,0,5.423542966067121,11,0,5.920344456404736
2025_10_NYG_CHI,2025-11-09T13:00-05:00,2025,10,CHI,NYG,4.0,0.719785893254024,0.2759060830518458,0.004308023694130318,CHI,0.719785893254024,1,6.8773894442354795,0.7159818580952595,0.2797101182106102,0.004308023694130318,CHI,0.7159818580952595,1,6.737906489016116,0.5382131324004306,0.45748116254036597,0.004305705059203444,CHI,0.5382131324004306,1,10,10,7.19785893254024,10,10,7.159818580952595,12,12,6.458557588805167
2025_10_ARI_SEA,2025-11-09T16:05-05:00,2025,10,SEA,ARI,22.0,0.7132742898399854,0.2824176864658842,0.004308023694130318,SEA,0.7132742898399854,1,6.644906685208344,0.7078988183978759,0.2877931579079936,0.004308023694130318,SEA,0.7078988183978759,1,6.452290238040884,0.5382131324004306,0.45748116254036597,0.004305705059203444,SEA,0.5382131324004306,1,9,9,6.4194686085598684,9,9,6.371089365580883,1,1,0.5382131324004306
2025_10_DET_WAS,2025-11-09T16:25-05:00,2025,10,WAS,DET,-22.0,0.24170457314081784,0.753987403165052,0.004308023694130318,DET,0.753987403165052,1,-8.1595390972151,0.25479258956307854,0.7408993867427912,0.004308023694130318,DET,0.7408993867427912,1,-7.652020812046489,0.5382131324004306,0.45748116254036597,0.004305705059203444,WAS,0.5382131324004306,0,13,13,9.801836241145676,12,12,8.890792640913494,6,0,3.2292787944025836
2025_10_LA_SF,2025-11-09T16:25-05:00,2025,10,SF,LAR,-16.0,0.34748360840068565,0.6482083679051841,0.004308023694130318,LAR,0.6482083679051841,1,-4.47183858004903,0.34361913238534886,0.6520728439205209,0.004308023694130318,LAR,0.6520728439205209,1,-4.592455627928198,0.5382131324004306,0.45748116254036597,0.004305705059203444,SF,0.5382131324004306,0,5,5,3.2410418395259204,6,6,3.912437063523125,8,0,4.3057050592034445
2025_10_PIT_LAC,2025-11-09T20:20-05:00,2025,10,LAC,PIT,15.0,0.5972208307953905,0.39847114551047935,0.004308023694130318,LAC,0.5972208307953905,1,2.902250447063085,0.5866547954658956,0.4090371808399741,0.004308023694130318,LAC,0.5866547954658956,1,2.585266409814848,0.5382131324004306,0.45748116254036597,0.004305705059203444,LAC,0.5382131324004306,1,4,4,2.388883323181562,4,4,2.3466191818635824,14,14,7.534983853606028
2025_10_PHI_GB,2025-11-10T20:15-05:00,2025,10,GB,PHI,-3.0,0.5912574039536901,0.40443457235217967,0.004308023694130318,GB,0.5912574039536901,0,2.7237313445350524,0.5566432708390213,0.43904870546684843,0.004308023694130318,GB,0.5566432708390213,0,1.7012440949446224,0.5382131324004306,0.45748116254036597,0.004305705059203444,GB,0.5382131324004306,0,3,0,1.7737722118610701,2,0,1.1132865416780426,13,0,6.996770721205597
2025_11_NYJ_NE,2025-11-13T20:15-05:00,2025,11,NE,NYJ,13.0,0.7893426853009248,0.20634929100494503,0.004308023694130318,NE,0.7893426853009248,1,9.622461561247524,0.7885167634768708,0.20717521282899898,0.004308023694130318,NE,0.7885167634768708,1,9.581657832098927,0.5382131324004306,0.45748116254036597,0.004305705059203444,NE,0.5382131324004306,1,15,15,11.840140279513871,15,15,11.827751452153063,11,11,5.920344456404736
2025_11_WAS_MIA,2025-11-16T09:30-05:00,2025,11,MIA,WAS,3.0,0.6088013875562456,0.38689058874962406,0.004308023694130318,MIA,0.6088013875562456,1,3.2515250996050296,0.598540976617671,0.3971509996881986,0.004308023694130318,MIA,0.598540976617671,1,2.9404625939738915,0.5382131324004306,0.45748116254036597,0.004305705059203444,MIA,0.5382131324004306,1,7,7,4.261609712893719,6,6,3.591245859706026,15,15,8.073196986006458
2025_11_CAR_ATL,2025-11-16T13:00-05:00,2025,11,ATL,CAR,-3.0,0.6788170777413092,0.3168748985645606,0.004308023694130318,ATL,0.6788170777413092,0,5.46411414237639,0.6828909977730251,0.31280097853284455,0.004308023694130318,ATL,0.6828909977730251,0,5.5971237999828105,0.5382131324004306,0.45748116254036597,0.004305705059203444,ATL,0.5382131324004306,0,10,0,6.788170777413091,10,0,6.828909977730251,2,0,1.0764262648008611
2025_11_CHI_MIN,2025-11-16T13:00-05:00,2025,11,MIN,CHI,-2.0,0.3375703759866674,0.6581216003192024,0.004308023694130318,CHI,0.6581216003192024,1,-4.7882839195776885,0.32535433334603564,0.670337642959834,0.004308023694130318,CHI,0.670337642959834,1,-5.182043480754441,0.5382131324004306,0.45748116254036597,0.004305705059203444,MIN,0.5382131324004306,0,9,9,5.923094402872822,9,9,6.033038786638506,3,0,1.6146393972012918
2025_11_CIN_PIT,2025-11-16T13:00-05:00,2025,11,PIT,CIN,22.0,0.7185383440029888,0.277153632302881,0.004308023694130318,PIT,0.7185383440029888,1,6.83259049948828,0.7120359175982597,0.28365605870760996,0.004308023694130318,PIT,0.7120359175982597,1,6.597864136974353,0.5382131324004306,0.45748116254036597,0.004305705059203444,PIT,0.5382131324004306,1,11,11,7.903921784032876,11,11,7.832395093580857,4,4,2.1528525296017222
2025_11_GB_NYG,2025-11-16T13:00-05:00,2025,11,NYG,GB,-7.0,0.23035176317019276,0.7653402131356769,0.004308023694130318,GB,0.7653402131356769,1,-8.611772114837246,0.23608344782790577,0.759608528477964,0.004308023694130318,GB,0.759608528477964,1,-8.377517937300572,0.5382131324004306,0.45748116254036597,0.004305705059203444,NYG,0.5382131324004306,0,13,13,9.9494227707638,12,12,9.115302341735568,7,0,3.767491926803014
2025_11_HOU_TEN,2025-11-16T13:00-05:00,2025,11,TEN,HOU,-3.0,0.2343136215959155,0.7613783547099542,0.004308023694130318,HOU,0.7613783547099542,1,-8.452240674358736,0.2304412826635955,0.765250693642274,0.004308023694130318,HOU,0.765250693642274,1,-8.603975012798806,0.5382131324004306,0.45748116254036597,0.004305705059203444,TEN,0.5382131324004306,0,12,12,9.13654025651945,13,13,9.948259017349562,8,0,4.3057050592034445
2025_11_LAC_JAX,2025-11-16T13:00-05:00,2025,11,JAX,LAC,29.0,0.3872447527240848,0.6084472235817848,0.004308023694130318,LAC,0.6084472235817848,0,-3.240788999054266,0.40482501829481154,0.5908669580110583,0.004308023694130318,LAC,0.5908669580110583,0,-2.710758454930734,0.5382131324004306,0.45748116254036597,0.004305705059203444,JAX,0.5382131324004306,1,6,0,3.650683341490709,5,0,2.954334790055291,10,10,5.382131324004305
2025_11_TB_BUF,2025-11-16T13:00-05:00,2025,11,BUF,TB,12.0,0.5802945765788797,0.41539739972698997,0.004308023694130318,BUF,0.5802945765788797,1,2.397673271581669,0.5854289806740396,0.4102629956318301,0.004308023694130318,BUF,0.5854289806740396,1,2.5488202938958655,0.5382131324004306,0.45748116254036597,0.004305705059203444,BUF,0.5382131324004306,1,4,4,2.321178306315519,4,4,2.3417159226961584,14,14,7.534983853606028
2025_11_SEA_LA,2025-11-16T16:05-05:00,2025,11,LAR,SEA,2.0,0.6029872192278183,0.39270475707805136,0.004308023694130318,LAR,0.6029872192278183,1,3.0757181455522966,0.6171840065297696,0.37850796977610013,0.004308023694130318,LAR,0.6171840065297696,1,3.505012717546376,0.5382131324004306,0.45748116254036597,0.004305705059203444,LAR,0.5382131324004306,1,5,5,3.0149360961390914,7,7,4.320288045708387,12,12,6.458557588805167
2025_11_SF_ARI,2025-11-16T16:05-05:00,2025,11,ARI,SF,-19.0,0.46503577066255514,0.5306562056433145,0.004308023694130318,SF,0.5306562056433145,1,-0.9467327414674249,0.4552351686392858,0.5404568076665839,0.004308023694130318,SF,0.5404568076665839,1,-1.2301599975775845,0.5382131324004306,0.45748116254036597,0.004305705059203444,ARI,0.5382131324004306,0,1,1,0.5306562056433145,1,1,0.5404568076665839,13,0,6.996770721205597
2025_11_BAL_CLE,2025-11-16T16:25-05:00,2025,11,CLE,BAL,-7.0,0.2303456356431476,0.765346340662722,0.004308023694130318,BAL,0.765346340662722,1,-8.612020326141236,0.22896072075517812,0.7667312555506915,0.004308023694130318,BAL,0.7667312555506915,1,-8.664038296020454,0.5382131324004306,0.45748116254036597,0.004305705059203444,CLE,0.5382131324004306,0,14,14,10.714848769278108,14,14,10.734237577709681,1,0,0.5382131324004306
2025_11_KC_DEN,2025-11-16T16:25-05:00,2025,11,DEN,KC,3.0,0.44833269374110923,0.5473592825647604,0.004308023694130318,KC,0.5473592825647604,0,-1.4313579136992818,0.44029315775166444,0.5553988185542051,0.004308023694130318,KC,0.5553988185542051,0,-1.6649089113835682,0.5382131324004306,0.45748116254036597,0.004305705059203444,DEN,0.5382131324004306,1,2,0,1.0947185651295208,3,0,1.6661964556626154,9,9,4.843918191603875
2025_11_DET_PHI,2025-11-16T20:20-05:00,2025,11,PHI,DET,7.0,0.41948642327322216,0.5762055530326476,0.004308023694130318,DET,0.5762055530326476,0,-2.276700118138334,0.45516648001953824,0.5405254962863315,0.004308023694130318,DET,0.5405254962863315,0,-1.232152785176181,0.5382131324004306,0.45748116254036597,0.004305705059203444,PHI,0.5382131324004306,1,3,0,1.728616659097943,2,0,1.081050992572663,6,6,3.2292787944025836
2025_11_DAL_LV,2025-11-17T20:15-05:00,2025,11,LV,DAL,-17.0,0.36132105819637206,0.6343709181094976,0.004308023694130318,DAL,0.6343709181094976,1,-4.037002918721537,0.3620233798120139,0.6336685964938558,0.004308023694130318,DAL,0.6336685964938558,1,-4.013184826487564,0.5382131324004306,0.45748116254036597,0.004305705059203444,LV,0.5382131324004306,0,8,8,5.074967344875981,8,8,5.069348771950846,5,0,2.6910656620021527
2025_12_BUF_HOU,2025-11-20T20:15-05:00,2025,12,HOU,BUF,4.0,0.38793390403871414,0.6077580722671556,0.004308023694130318,BUF,0.6077580722671556,0,-3.2199083340058605,0.38402868812284846,0.6116632881830213,0.004308023694130318,BUF,0.6116632881830213,0,-3.336795443997502,0.5382131324004306,0.45748116254036597,0.004305705059203444,HOU,0.5382131324004306,1,5,0,3.038790361335778,6,0,3.6699797290981278,2,2,1.0764262648008611
2025_12_IND_KC,2025-11-23T13:00-05:00,2025,12,KC,IND,3.0,0.6120459652453932,0.38364601106047647,0.004308023694130318,KC,0.6120459652453932,1,3.3500495124732055,0.6110303638207913,0.38466161248507835,0.004308023694130318,KC,0.6110303638207913,1,3.3175684818705067,0.5382131324004306,0.45748116254036597,0.004305705059203444,KC,0.5382131324004306,1,6,6,3.6722757914723596,5,5,3.0551518191039566,5,5,2.6910656620021527
2025_12_MIN_GB,2025-11-23T13:00-05:00,2025,12,GB,MIN,17.0,0.8366233177100068,0.15906865859586294,0.004308023694130318,GB,0.8366233177100068,1,11.906150810135873,0.8390860388266644,0.1566059374792052,0.004308023694130318,GB,0.8390860388266644,1,12.033307921216243,0.5382131324004306,0.45748116254036597,0.004305705059203444,GB,0.5382131324004306,1,11,11,9.202856494810074,11,11,9.229946427093308,7,7,3.767491926803014
2025_12_NE_CIN,2025-11-23T13:00-05:00,2025,12,CIN,NE,-6.0,0.2881593247798705,0.7075326515259991,0.004308023694130318,NE,0.7075326515259991,1,-6.442588008968956,0.2845472959303131,0.7111446803755567,0.004308023694130318,NE,0.7111446803755567,1,-6.56639697171369,0.5382131324004306,0.45748116254036597,0.004305705059203444,CIN,0.5382131324004306,0,9,9,6.367793863733992,9,9,6.40030212338001,8,0,4.3057050592034445
2025_12_NYG_DET,2025-11-23T13:00-05:00,2025,12,DET,NYG,7.0,0.8689545943913387,0.1267373819145311,0.004308023694130318,DET,0.8689545943913387,1,13.807761842128762,0.8659096343860402,0.12978234191982946,0.004308023694130318,DET,0.8659096343860402,1,13.605708346353186,0.5382131324004306,0.45748116254036597,0.004305705059203444,DET,0.5382131324004306,1,14,14,12.165364321478743,14,14,12.122734881404563,9,9,4.843918191603875
2025_12_NYJ_BAL,2025-11-23T13:00-05:00,2025,12,BAL,NYJ,13.0,0.8434698822400203,0.15222209406584938,0.004308023694130318,BAL,0.8434698822400203,1,12.280150231008895,0.8413585375211792,0.1543334387846905,0.004308023694130318,BAL,0.8413585375211792,1,12.15748405504815,0.5382131324004306,0.45748116254036597,0.004305705059203444,BAL,0.5382131324004306,1,12,12,10.121638586880243,12,12,10.09630245025415,10,10,5.382131324004305
2025_12_PIT_CHI,2025-11-23T13:00-05:00,2025,12,CHI,PIT,3.0,0.6210366488459128,0.3746553274599569,0.004308023694130318,CHI,0.6210366488459128,1,3.624720378173091,0.6273841732894572,0.3683078030164125,0.004308023694130318,CHI,0.6273841732894572,1,3.818358219420543,0.5382131324004306,0.45748116254036597,0.004305705059203444,CHI,0.5382131324004306,1,7,7,4.347256541921389,7,7,4.391689213026201,12,12,6.458557588805167
2025_12_SEA_TEN,2025-11-23T13:00-05:00,2025,12,TEN,SEA,-6.0,0.14742718591607287,0.8482647903897967,0.004308023694130318,SEA,0.8482647903897967,1,-12.550362347367493,0.14924355904211806,0.8464484172637515,0.004308023694130318,SEA,0.8464484172637515,1,-12.44113120582221,0.5382131324004306,0.45748116254036597,0.004305705059203444,TEN,0.5382131324004306,0,13,13,11.027442275067358,13,13,11.003829424428769,13,0,6.996770721205597
2025_12_CLE_LV,2025-11-23T16:05-05:00,2025,12,LV,CLE,-14.0,0.5839074100954972,0.41178456621037246,0.004308023694130318,LV,0.5839074100954972,0,2.504839783651634,0.5861599741787382,0.4095320021271314,0.004308023694130318,LV,0.5861599741787382,0,2.570550353508745,0.5382131324004306,0.45748116254036597,0.004305705059203444,LV,0.5382131324004306,0,4,0,2.3356296403819887,4,0,2.344639896714953,4,0,2.1528525296017222
2025_12_JAX_ARI,2025-11-23T16:05-05:00,2025,12,ARI,JAX,-3.0,0.4923248188888332,0.5033671574170365,0.004308023694130318,JAX,0.5033671574170365,1,-0.15908791834961977,0.4929559154947942,0.5027360608110756,0.004308023694130318,JAX,0.5027360608110756,1,-0.14083386767433181,0.5382131324004306,0.45748116254036597,0.004305705059203444,ARI,0.5382131324004306,0,1,1,0.5033671574170365,1,1,0.5027360608110756,6,0,3.2292787944025836
2025_12_ATL_NO,2025-11-23T16:25-05:00,2025,12,NO,ATL,-14.0,0.46242914977999144,0.5332628265258783,0.004308023694130318,ATL,0.5332628265258783,1,-1.022191761766036,0.45978879310755927,0.5359031831983103,0.004308023694130318,ATL,0.5359031831983103,1,-1.0981526306516285,0.5382131324004306,0.45748116254036597,0.004305705059203444,NO,0.5382131324004306,0,2,2,1.0665256530517566,2,2,1.0718063663966206,1,0,0.5382131324004306
2025_12_PHI_DAL,2025-11-23T16:25-05:00,2025,12,DAL,PHI,3.0,0.4392704041677482,0.5564215721381215,0.004308023694130318,PHI,0.5564215721381215,0,-1.6955910807342778,0.4156308297097953,0.5800611465960743,0.004308023694130318,PHI,0.5800611465960743,0,-2.3895998027975667,0.5382131324004306,0.45748116254036597,0.004305705059203444,DAL,0.5382131324004306,1,3,0,1.6692647164143644,3,0,1.740183439788223,11,11,5.920344456404736
2025_12_TB_LA,2025-11-23T20:20-05:00,2025,12,LAR,TB,27.0,0.6720281022830313,0.32366387402283836,0.004308023694130318,LAR,0.6720281022830313,1,5.23998218040614,0.678420388105773,0.31727158820009677,0.004308023694130318,LAR,0.678420388105773,1,5.44830697902244,0.5382131324004306,0.45748116254036597,0.004305705059203444,LAR,0.5382131324004306,1,8,8,5.376224818264251,8,8,5.427363104846184,14,14,7.534983853606028
2025_12_CAR_SF,2025-11-24T20:15-05:00,2025,12,SF,CAR,11.0,0.765003454128051,0.23068852217781874,0.004308023694130318,SF,0.765003454128051,1,8.598137910998187,0.7713195996821177,0.22437237662375203,0.004308023694130318,SF,0.7713195996821177,1,8.851929932607172,0.5382131324004306,0.45748116254036597,0.004305705059203444,SF,0.5382131324004306,1,10,10,7.65003454128051,10,10,7.713195996821177,3,3,1.6146393972012918
2025_13_GB_DET,2025-11-27T13:00-05:00,2025,13,DET,GB,-7.0,0.5597535544198393,0.4359384218860303,0.004308023694130318,DET,0.5597535544198393,0,1.7930224361210136,0.5633188240891135,0.4323731522167562,0.004308023694130318,DET,0.5633188240891135,0,1.8965387517977002,0.5382131324004306,0.45748116254036597,0.004305705059203444,DET,0.5382131324004306,0,2,0,1.1195071088396786,3,0,1.6899564722673404,7,0,3.767491926803014
2025_13_KC_DAL,2025-11-27T16:30-05:00,2025,13,DAL,KC,3.0,0.40283261416447885,0.5928593621413909,0.004308023694130318,KC,0.5928593621413909,0,-2.7716029661764616,0.4049986158671253,0.5906933604387444,0.004308023694130318,KC,0.5906933604387444,0,-2.7055785099150054,0.5382131324004306,0.45748116254036597,0.004305705059203444,DAL,0.5382131324004306,1,4,0,2.3714374485655636,5,0,2.9534668021937223,10,10,5.382131324004305
2025_13_CIN_BAL,2025-11-27T20:20-05:00,2025,13,BAL,CIN,-18.0,0.7395210531491954,0.2561709231566742,0.004308023694130318,BAL,0.7395210531491954,0,7.60368095486101,0.733512012940736,0.2621799633651337,0.004308023694130318,BAL,0.733512012940736,0,7.375291870443632,0.5382131324004306,0.45748116254036597,0.004305705059203444,BAL,0.5382131324004306,0,11,0,8.134731584641148,11,0,8.068632142348095,5,0,2.6910656620021527
2025_13_CHI_PHI,2025-11-28T15:00-05:00,2025,13,PHI,CHI,-9.0,0.6330256105139238,0.3626663657919459,0.004308023694130318,PHI,0.6330256105139238,0,3.9951219438068772,0.6524212055608264,0.3432707707450432,0.004308023694130318,PHI,0.6524212055608264,0,4.603555780835922,0.5382131324004306,0.45748116254036597,0.004305705059203444,PHI,0.5382131324004306,0,7,0,4.431179273597467,7,0,4.566948438925785,4,0,2.1528525296017222
2025_13_ARI_TB,2025-11-30T13:00-05:00,2025,13,TB,ARI,3.0,0.5943094958153173,0.4013824804905525,0.004308023694130318,TB,0.5943094958153173,1,2.8149902073772806,0.588314235489425,0.4073777408164447,0.004308023694130318,TB,0.588314235489425,1,2.6346579443802813,0.5382131324004306,0.45748116254036597,0.004305705059203444,TB,0.5382131324004306,1,5,5,2.9715474790765866,4,4,2.3532569419577,1,1,0.5382131324004306
2025_13_ATL_NYJ,2025-11-30T13:00-05:00,2025,13,NYJ,ATL,3.0,0.3952413157445581,0.6004506605613116,0.004308023694130318,ATL,0.6004506605613116,0,-2.9993056741182405,0.39055082130849245,0.6051411549973773,0.004308023694130318,ATL,0.6051411549973773,0,-3.1392174356773412,0.5382131324004306,0.45748116254036597,0.004305705059203444,NYJ,0.5382131324004306,1,6,0,3.6027039633678695,6,0,3.630846929984264,2,2,1.0764262648008611
2025_13_HOU_IND,2025-11-30T13:00-05:00,2025,13,IND,HOU,-4.0,0.563469811477774,0.4322221648280957,0.004308023694130318,IND,0.563469811477774,0,1.9018853828925457,0.5519781221643748,0.44371385414149483,0.004308023694130318,IND,0.5519781221643748,0,1.5651405122255244,0.5382131324004306,0.45748116254036597,0.004305705059203444,IND,0.5382131324004306,0,3,0,1.690409434433322,1,0,0.5519781221643748,8,0,4.3057050592034445
2025_13_JAX_TEN,2025-11-30T13:00-05:00,2025,13,TEN,JAX,-22.0,0.29372585020896513,0.7019661260969045,0.004308023694130318,JAX,0.7019661260969045,1,-6.248709091952167,0.2946415160046352,0.7010504603012346,0.004308023694130318,JAX,0.7010504603012346,1,-6.2140106262960515,0.5382131324004306,0.45748116254036597,0.004305705059203444,TEN,0.5382131324004306,0,9,9,6.31769513487214,9,9,6.309454142711112,9,0,4.843918191603875
2025_13_LA_CAR,2025-11-30T13:00-05:00,2025,13,CAR,LAR,3.0,0.17832860267033068,0.8173633736355389,0.004308023694130318,LAR,0.8173633736355389,0,-10.91938175744335,0.17205777519802493,0.8236342011078449,0.004308023694130318,LAR,0.8236342011078449,0,-11.225502911613827,0.5382131324004306,0.45748116254036597,0.004305705059203444,CAR,0.5382131324004306,1,14,0,11.443087230897545,15,0,12.354513016617673,11,11,5.920344456404736
2025_13_NO_MIA,2025-11-30T13:00-05:00,2025,13,MIA,NO,4.0,0.7492748267951479,0.24641714951072174,0.004308023694130318,MIA,0.7492748267951479,1,7.976077824475336,0.7442751837129149,0.25141679259295485,0.004308023694130318,MIA,0.7442751837129149,1,7.7802247772498685,0.5382131324004306,0.45748116254036597,0.004305705059203444,MIA,0.5382131324004306,1,12,12,8.991297921541776,12,12,8.931302204554978,14,14,7.534983853606028
2025_13_SF_CLE,2025-11-30T13:00-05:00,2025,13,CLE,SF,-18.0,0.28235782670829146,0.7133341495975782,0.004308023694130318,SF,0.7133341495975782,1,-6.647028916207926,0.27217454448468387,0.7235174318211857,0.004308023694130318,SF,0.7235174318211857,1,-7.0087416190136835,0.5382131324004306,0.45748116254036597,0.004305705059203444,CLE,0.5382131324004306,0,10,10,7.133341495975783,10,10,7.235174318211857,16,0,8.611410118406889
2025_13_MIN_SEA,2025-11-30T16:05-05:00,2025,13,SEA,MIN,26.0,0.8293669562953789,0.16632502001049068,0.004308023694130318,SEA,0.8293669562953789,1,11.523734532899907,0.8306241538992686,0.16506782240660103,0.004308023694130318,SEA,0.8306241538992686,1,11.583400823178309,0.5382131324004306,0.45748116254036597,0.004305705059203444,SEA,0.5382131324004306,1,16,16,13.269871300726063,16,16,13.289986462388297,13,13,6.996770721205597
2025_13_BUF_PIT,2025-11-30T16:25-05:00,2025,13,PIT,BUF,-19.0,0.4533357610041076,0.5423562153017621,0.004308023694130318,BUF,0.5423562153017621,1,-1.2859063127891635,0.4377087499507314,0.5579832263551384,0.004308023694130318,BUF,0.5579832263551384,1,-1.7403921033801173,0.5382131324004306,0.45748116254036597,0.004305705059203444,PIT,0.5382131324004306,0,1,1,0.5423562153017621,2,2,1.1159664527102768,3,0,1.6146393972012918
2025_13_LV_LAC,2025-11-30T16:25-05:00,2025,13,LAC,LV,17.0,0.8281547226976111,0.16753725360825863,0.004308023694130318,LAC,0.8281547226976111,1,11.461159699661952,0.8194840337262935,0.17620794257957628,0.004308023694130318,LAC,0.8194840337262935,1,11.01842630574957,0.5382131324004306,0.45748116254036597,0.004305705059203444,LAC,0.5382131324004306,1,15,15,12.422320840464167,14,14,11.472776472168109,12,12,6.458557588805167
2025_13_DEN_WAS,2025-11-30T20:20-05:00,2025,13,WAS,DEN,-1.0,0.3022743328814965,0.6934176434243731,0.004308023694130318,DEN,0.6934176434243731,1,-5.955072740909147,0.31146894827512633,0.6842230280307434,0.004308023694130318,DEN,0.6842230280307434,1,-5.641685861548171,0.5382131324004306,0.45748116254036597,0.004305705059203444,WAS,0.5382131324004306,0,8,8,5.5473411473949845,8,8,5.473784224245947,6,0,3.2292787944025836
2025_13_NYG_NE,2025-12-01T20:15-05:00,2025,13,NE,NYG,18.0,0.7638366299063556,0.231855346399514,0.004308023694130318,NE,0.7638366299063556,1,8.551004429463276,0.7624980100829747,0.23319396622289504,0.004308023694130318,NE,0.7624980100829747,1,8.493016715352283,0.5382131324004306,0.45748116254036597,0.004305705059203444,NE,0.5382131324004306,1,13,13,9.929876188782623,13,13,9.912474131078671,15,15,8.073196986006458
2025_14_DAL_DET,2025-12-04T20:15-05:00,2025,14,DET,DAL,14.0,0.6712180930269638,0.32447388327890586,0.004308023694130318,DET,0.6712180930269638,1,5.213405204858339,0.6640487383430351,0.3316432379628346,0.004308023694130318,DET,0.6640487383430351,1,4.977225804878742,0.5382131324004306,0.45748116254036597,0.004305705059203444,DET,0.5382131324004306,1,8,8,5.36974474421571,8,8,5.312389906744281,3,3,1.6146393972012918
2025_14_CIN_BUF,2025-12-07T13:00-05:00,2025,14,BUF,CIN,5.0,0.703184976787933,0.2925069995179367,0.004308023694130318,BUF,0.703184976787933,1,6.290975578591556,0.7072878737403114,0.2884041025655582,0.004308023694130318,BUF,0.7072878737403114,1,6.430898557152283,0.5382131324004306,0.45748116254036597,0.004305705059203444,BUF,0.5382131324004306,1,11,11,7.735034744667264,11,11,7.780166611143426,2,2,1.0764262648008611
2025_14_IND_JAX,2025-12-07T13:00-05:00,2025,14,JAX,IND,17.0,0.4349077271783587,0.5607842491275109,0.004308023694130318,IND,0.5607842491275109,0,-1.8231941938537641,0.43305800135192574,0.562633974953944,0.004308023694130318,IND,0.562633974953944,0,-1.8764723216290067,0.5382131324004306,0.45748116254036597,0.004305705059203444,JAX,0.5382131324004306,1,1,0,0.5607842491275109,1,0,0.562633974953944,6,6,3.2292787944025836
2025_14_MIA_NYJ,2025-12-07T13:00-05:00,2025,14,NYJ,MIA,-24.0,0.39582082309859495,0.5998711532072748,0.004308023694130318,MIA,0.5998711532072748,1,-2.981871994498897,0.3997493884594891,0.5959425878463807,0.004308023694130318,MIA,0.5959425878463807,1,-2.8625246485532347,0.5382131324004306,0.45748116254036597,0.004305705059203444,NYJ,0.5382131324004306,0,3,3,1.7996134596218245,2,2,1.1918851756927613,8,0,4.3057050592034445
2025_14_NO_TB,2025-12-07T13:00-05:00,2025,14,TB,NO,-4.0,0.8094792696908852,0.1862127066149845,0.004308023694130318,TB,0.8094792696908852,0,10.539582296991133,0.8115771428660398,0.18411483343982998,0.004308023694130318,TB,0.8115771428660398,0,10.63425108917176,0.5382131324004306,0.45748116254036597,0.004305705059203444,TB,0.5382131324004306,0,13,0,10.523230505981509,13,0,10.550502857258516,9,0,4.843918191603875
2025_14_PIT_BAL,2025-12-07T13:00-05:00,2025,14,BAL,PIT,-5.0,0.6869533525848063,0.30873862372106353,0.004308023694130318,BAL,0.6869533525848063,0,5.736132699486088,0.6882008777770761,0.30749109852879375,0.004308023694130318,BAL,0.6882008777770761,0,5.775385374125307,0.5382131324004306,0.45748116254036597,0.004305705059203444,BAL,0.5382131324004306,0,10,0,6.8695335258480625,10,0,6.882008777770761,11,0,5.920344456404736
2025_14_SEA_ATL,2025-12-07T13:00-05:00,2025,14,ATL,SEA,-28.0,0.3202698713732416,0.675422104932628,0.004308023694130318,SEA,0.675422104932628,1,-5.351719855679068,0.3283005948577571,0.6673913814481126,0.004308023694130318,SEA,0.6673913814481126,1,-5.0858413590552125,0.5382131324004306,0.45748116254036597,0.004305705059203444,ATL,0.5382131324004306,0,9,9,6.078798944393652,9,9,6.006522433033013,12,0,6.458557588805167
2025_14_TEN_CLE,2025-12-07T13:00-05:00,2025,14,CLE,TEN,-2.0,0.6489715171048304,0.3467204592010392,0.004308023694130318,CLE,0.6489715171048304,0,4.496046672631171,0.6469967990961353,0.3486951772097345,0.004308023694130318,CLE,0.6469967990961353,0,4.431308194520433,0.5382131324004306,0.45748116254036597,0.004305705059203444,CLE,0.5382131324004306,0,6,0,3.893829102628982,6,0,3.881980794576812,13,0,6.996770721205597
2025_14_WAS_MIN,2025-12-07T13:00-05:00,2025,14,MIN,WAS,31.0,0.38707660579742315,0.6086153705084466,0.004308023694130318,WAS,0.6086153705084466,0,-3.2458857467142352,0.3755685546276565,0.6201234216782131,0.004308023694130318,WAS,0.6201234216782131,0,-3.594961938165677,0.5382131324004306,0.45748116254036597,0.004305705059203444,MIN,0.5382131324004306,1,4,0,2.4344614820337864,4,0,2.4804936867128524,14,14,7.534983853606028
2025_14_DEN_LV,2025-12-07T16:05-05:00,2025,14,LV,DEN,-7.0,0.18008255291945208,0.8156094233864177,0.004308023694130318,DEN,0.8156094233864177,1,-10.833776976287737,0.18130237408983468,0.814389602216035,0.004308023694130318,DEN,0.814389602216035,1,-10.769402481354966,0.5382131324004306,0.45748116254036597,0.004305705059203444,LV,0.5382131324004306,0,14,14,11.418531927409848,14,14,11.40145443102449,4,0,2.1528525296017222
2025_14_CHI_GB,2025-12-07T16:25-05:00,2025,14,GB,CHI,7.0,0.6627878558526574,0.3329041204532123,0.004308023694130318,GB,0.6627878558526574,1,4.938790958693156,0.6539924876666151,0.3416994886392546,0.004308023694130318,GB,0.6539924876666151,1,4.653689524809261,0.5382131324004306,0.45748116254036597,0.004305705059203444,GB,0.5382131324004306,1,7,7,4.6395149909686015,7,7,4.577947413666306,1,1,0.5382131324004306
2025_14_LA_ARI,2025-12-07T16:25-05:00,2025,14,ARI,LAR,-28.0,0.24938756400962928,0.7463044122962406,0.004308023694130318,LAR,0.7463044122962406,1,-7.861647964018591,0.2377944480359382,0.7578975282699315,0.004308023694130318,LAR,0.7578975282699315,1,-8.309584670237534,0.5382131324004306,0.45748116254036597,0.004305705059203444,ARI,0.5382131324004306,0,12,12,8.955652947554887,12,12,9.094770339239178,7,0,3.767491926803014
2025_14_HOU_KC,2025-12-07T20:20-05:00,2025,14,KC,HOU,-10.0,0.6265053604440322,0.3691866158618375,0.004308023694130318,KC,0.6265053604440322,0,3.793062759515094,0.6145543242844314,0.3811376520214383,0.004308023694130318,KC,0.6145543242844314,0,3.4247704958333895,0.5382131324004306,0.45748116254036597,0.004305705059203444,KC,0.5382131324004306,0,5,0,3.132526802220161,3,0,1.843662972853294,5,0,2.6910656620021527
2025_14_PHI_LAC,2025-12-08T20:15-05:00,2025,14,LAC,PHI,3.0,0.40098218739995733,0.5947097889059124,0.004308023694130318,PHI,0.5947097889059124,0,-2.8269756968258224,0.367873380153177,0.6278185961526928,0.004308023694130318,PHI,0.6278185961526928,0,-3.831780983341984,0.5382131324004306,0.45748116254036597,0.004305705059203444,LAC,0.5382131324004306,1,2,0,1.1894195778118248,5,0,3.139092980763464,10,10,5.382131324004305
2025_15_ATL_TB,2025-12-11T20:15-05:00,2025,15,TB,ATL,-1.0,0.6978069275713144,0.2978850487345553,0.004308023694130318,TB,0.6978069275713144,0,6.105239583185031,0.697732868196626,0.29795910810924364,0.004308023694130318,TB,0.697732868196626,0,6.0997381318509865,0.5382131324004306,0.45748116254036597,0.004305705059203444,TB,0.5382131324004306,0,9,0,6.280262348141829,9,0,6.279595813769634,2,0,1.0764262648008611
2025_15_ARI_HOU,2025-12-14T13:00-05:00,2025,15,HOU,ARI,20.0,0.7929346467376697,0.20275732956819997,0.004308023694130318,HOU,0.7929346467376697,1,9.780972748447676,0.8008467592058774,0.1948452170999921,0.004308023694130318,HOU,0.8008467592058774,1,10.132757173154806,0.5382131324004306,0.45748116254036597,0.004305705059203444,HOU,0.5382131324004306,1,12,12,9.515215760852037,12,12,9.610161110470528,1,1,0.5382131324004306
2025_15_BAL_CIN,2025-12-14T13:00-05:00,2025,15,CIN,BAL,-24.0,0.48095054881568083,0.5147414274901888,0.004308023694130318,BAL,0.5147414274901888,1,-0.4869951474602095,0.48395964335896263,0.5117323329469071,0.004308023694130318,BAL,0.5117323329469071,1,-0.4000169901904376,0.5382131324004306,0.45748116254036597,0.004305705059203444,CIN,0.5382131324004306,0,2,2,1.0294828549803776,2,2,1.0234646658938142,3,0,1.6146393972012918
2025_15_BUF_NE,2025-12-14T13:00-05:00,2025,15,NE,BUF,-4.0,0.5042319978491102,0.49145997845675954,0.004308023694130318,NE,0.5042319978491102,0,0.1840101276706697,0.49905754103731387,0.4966344352685559,0.004308023694130318,NE,0.49905754103731387,0,0.034891614049078756,0.5382131324004306,0.45748116254036597,0.004305705059203444,NE,0.5382131324004306,0,1,0,0.5042319978491102,1,0,0.49905754103731387,4,0,2.1528525296017222
2025_15_CLE_CHI,2025-12-14T13:00-05:00,2025,15,CHI,CLE,28.0,0.8052073412413421,0.19048463506452762,0.004308023694130318,CHI,0.8052073412413421,1,10.338951866164795,0.8075764821944674,0.18811549411140233,0.004308023694130318,CHI,0.8075764821944674,1,10.444723032251584,0.5382131324004306,0.45748116254036597,0.004305705059203444,CHI,0.5382131324004306,1,13,13,10.467695436137447,13,13,10.498494268528077,6,6,3.2292787944025836
2025_15_LAC_KC,2025-12-14T13:00-05:00,2025,15,KC,LAC,-3.0,0.6619929050973613,0.33369907120850834,0.004308023694130318,KC,0.6619929050973613,0,4.913077095661542,0.6785925790278279,0.31709939727804176,0.004308023694130318,KC,0.6785925790278279,0,5.454017961034644,0.5382131324004306,0.45748116254036597,0.004305705059203444,KC,0.5382131324004306,0,8,0,5.2959432407788904,8,0,5.428740632222623,10,0,5.382131324004305
2025_15_LV_PHI,2025-12-14T13:00-05:00,2025,15,PHI,LV,31.0,0.8645716309734088,0.13112034533246084,0.004308023694130318,PHI,0.8645716309734088,1,13.527649554772333,0.8768098663029443,0.1188821100029254,0.004308023694130318,PHI,0.8768098663029443,1,14.324274466594852,0.5382131324004306,0.45748116254036597,0.004305705059203444,PHI,0.5382131324004306,1,15,15,12.968574464601133,15,15,13.152147994544165,11,11,5.920344456404736
2025_15_NYJ_JAX,2025-12-14T13:00-05:00,2025,15,JAX,NYJ,28.0,0.8472903821116545,0.14840159419421517,0.004308023694130318,JAX,0.8472903821116545,1,12.494870611906359,0.8456410858567524,0.15005089044911737,0.004308023694130318,JAX,0.8456410858567524,1,12.395615781563475,0.5382131324004306,0.45748116254036597,0.004305705059203444,JAX,0.5382131324004306,1,14,14,11.862065349563164,14,14,11.838975201994533,14,14,7.534983853606028
2025_15_WAS_NYG,2025-12-14T13:00-05:00,2025,15,NYG,WAS,-8.0,0.5668945065208183,0.42879746978505145,0.004308023694130318,NYG,0.5668945065208183,0,2.0024003260734933,0.5662481309456517,0.42944384536021796,0.004308023694130318,NYG,0.5662481309456517,0,1.9824533662429014,0.5382131324004306,0.45748116254036597,0.004305705059203444,NYG,0.5382131324004306,0,6,0,3.40136703912491,6,0,3.3974887856739104,16,0,8.611410118406889
2025_15_CAR_NO,2025-12-14T16:25-05:00,2025,15,NO,CAR,3.0,0.4422777878458758,0.5534141884599939,0.004308023694130318,CAR,0.5534141884599939,0,-1.6077851559705012,0.4410889305104633,0.5546030457954064,0.004308023694130318,CAR,0.5546030457954064,0,-1.641685336137339,0.5382131324004306,0.45748116254036597,0.004305705059203444,NO,0.5382131324004306,1,5,0,2.7670709422999695,5,0,2.773015228977032,5,5,2.6910656620021527
2025_15_DET_LA,2025-12-14T16:25-05:00,2025,15,LAR,DET,7.0,0.6260925268791545,0.3695994494267152,0.004308023694130318,LAR,0.6260925268791545,1,3.7803194271428744,0.643142254864423,0.3525497214414467,0.004308023694130318,LAR,0.643142254864423,1,4.309662168157109,0.5382131324004306,0.45748116254036597,0.004305705059203444,LAR,0.5382131324004306,1,7,7,4.382647688154082,7,7,4.501995784050961,7,7,3.767491926803014
2025_15_GB_DEN,2025-12-14T16:25-05:00,2025,15,DEN,GB,8.0,0.47369518670108446,0.5219967896047852,0.004308023694130318,GB,0.5219967896047852,0,-0.6964034260956464,0.4745942677784584,0.5210977085274112,0.004308023694130318,GB,0.5210977085274112,0,-0.6701144702134614,0.5382131324004306,0.45748116254036597,0.004305705059203444,DEN,0.5382131324004306,1,3,0,1.5659903688143557,3,0,1.5632931255822338,8,8,4.3057050592034445
2025_15_IND_SEA,2025-12-14T16:25-05:00,2025,15,SEA,IND,2.0,0.7579338040228958,0.237758172282974,0.004308023694130318,SEA,0.7579338040228958,1,8.315050844414408,0.7503094713799882,0.24538250492588146,0.004308023694130318,SEA,0.7503094713799882,1,8.01226804817702,0.5382131324004306,0.45748116254036597,0.004305705059203444,SEA,0.5382131324004306,1,11,11,8.337271844251854,11,11,8.25340418517987,9,9,4.843918191603875
2025_15_TEN_SF,2025-12-14T16:25-05:00,2025,15,SF,TEN,13.0,0.8793727616148811,0.11631921469098866,0.004308023694130318,SF,0.8793727616148811,1,14.508464610963577,0.88295595843213,0.11273601787373959,0.004308023694130318,SF,0.88295595843213,1,14.75489010000543,0.5382131324004306,0.45748116254036597,0.004305705059203444,SF,0.5382131324004306,1,16,16,14.069964185838097,16,16,14.12729533491408,15,15,8.073196986006458
2025_15_MIN_DAL,2025-12-14T20:20-05:00,2025,15,DAL,MIN,-8.0,0.7216191580949668,0.2740728182109028,0.004308023694130318,DAL,0.7216191580949668,0,6.943448553948748,0.7322793827945636,0.263412593511306,0.004308023694130318,DAL,0.7322793827945636,0,7.3296104220702745,0.5382131324004306,0.45748116254036597,0.004305705059203444,DAL,0.5382131324004306,0,10,0,7.216191580949668,10,0,7.322793827945636,13,0,6.996770721205597
2025_15_MIA_PIT,2025-12-15T20:15-05:00,2025,15,PIT,MIA,13.0,0.5440505289510378,0.451641447354832,0.004308023694130318,PIT,0.5440505289510378,1,1.335133214016296,0.5471813503671058,0.4485106259387639,0.004308023694130318,PIT,0.5471813503671058,1,1.425489013070313,0.5382131324004306,0.45748116254036597,0.004305705059203444,PIT,0.5382131324004306,1,4,4,2.176202115804151,4,4,2.188725401468423,12,12,6.458557588805167
2025_16_LA_SEA,2025-12-18T20:15-05:00,2025,16,SEA,LAR,1.0,0.4963379853562648,0.4993539909496048,0.004308023694130318,LAR,0.4993539909496048,0,-0.04345020272494776,0.4780208849978807,0.517671091307989,0.004308023694130318,LAR,0.517671091307989,0,-0.5712457794965486,0.5382131324004306,0.45748116254036597,0.004305705059203444,SEA,0.5382131324004306,1,2,0,0.9987079818992096,4,0,2.070684365231956,8,8,4.3057050592034445
2025_16_PHI_WAS,2025-12-20T17:00-05:00,2025,16,WAS,PHI,-11.0,0.27275755200590585,0.7229344242999639,0.004308023694130318,PHI,0.7229344242999639,1,-6.991011239257768,0.2587874461303447,0.736904530175525,0.004308023694130318,PHI,0.736904530175525,1,-7.501737465002795,0.5382131324004306,0.45748116254036597,0.004305705059203444,WAS,0.5382131324004306,0,14,14,10.121081940199495,14,14,10.316663422457351,13,0,6.996770721205597
2025_16_GB_CHI,2025-12-20T20:20-05:00,2025,16,CHI,GB,6.0,0.4970916305912307,0.49860034571463907,0.004308023694130318,GB,0.49860034571463907,0,-0.021735313684615454,0.5037977293156365,0.4918942469902331,0.004308023694130318,CHI,0.5037977293156365,1,0.17141252555614273,0.5382131324004306,0.45748116254036597,0.004305705059203444,CHI,0.5382131324004306,1,1,0,0.49860034571463907,2,2,1.007595458631273,4,4,2.1528525296017222
2025_16_BUF_CLE,2025-12-21T13:00-05:00,2025,16,CLE,BUF,-3.0,0.14767439517619335,0.8480175811296763,0.004308023694130318,BUF,0.8480175811296763,1,-12.536255385792725,0.14178500832251822,0.8539069679833515,0.004308023694130318,BUF,0.8539069679833515,1,-12.871547381567677,0.5382131324004306,0.45748116254036597,0.004305705059203444,CLE,0.5382131324004306,0,15,15,12.720263716945144,15,15,12.808604519750272,2,0,1.0764262648008611
2025_16_CIN_MIA,2025-12-21T13:00-05:00,2025,16,MIA,CIN,-24.0,0.4863563990154829,0.5093355772903868,0.004308023694130318,CIN,0.5093355772903868,1,-0.33110821299263904,0.48431663117871804,0.5113753451271517,0.004308023694130318,CIN,0.5113753451271517,1,-0.38972828734683107,0.5382131324004306,0.45748116254036597,0.004305705059203444,MIA,0.5382131324004306,0,3,3,1.5280067318711605,3,3,1.534126035381455,3,0,1.6146393972012918
2025_16_KC_TEN,2025-12-21T13:00-05:00,2025,16,TEN,KC,17.0,0.3049201813956575,0.6907717949102122,0.004308023694130318,KC,0.6907717949102122,0,-5.865147414347799,0.3070879627689073,0.6886040135369624,0.004308023694130318,KC,0.6886040135369624,0,-5.788988197283338,0.5382131324004306,0.45748116254036597,0.004305705059203444,TEN,0.5382131324004306,1,11,0,7.598489744012334,11,0,7.574644148906587,6,6,3.2292787944025836
2025_16_LAC_DAL,2025-12-21T13:00-05:00,2025,16,DAL,LAC,-17.0,0.47637180582744876,0.5193201704784209,0.004308023694130318,LAC,0.5193201704784209,1,-0.6191195654042315,0.4952650668533368,0.5004269094525329,0.004308023694130318,LAC,0.5004269094525329,1,-0.07432869007643239,0.5382131324004306,0.45748116254036597,0.004305705059203444,DAL,0.5382131324004306,0,5,5,2.596600852392105,1,1,0.5004269094525329,7,0,3.767491926803014
2025_16_MIN_NYG,2025-12-21T13:00-05:00,2025,16,NYG,MIN,-3.0,0.5529709340488151,0.44272104225705455,0.004308023694130318,NYG,0.5529709340488151,0,1.5948538490489923,0.5638725586982724,0.43181941760759746,0.004308023694130318,NYG,0.5638725586982724,0,1.9127688583371918,0.5382131324004306,0.45748116254036597,0.004305705059203444,NYG,0.5382131324004306,0,7,0,3.870796538341706,8,0,4.510980469586179,10,0,5.382131324004305
2025_16_NYJ_NO,2025-12-21T13:00-05:00,2025,16,NO,NYJ,23.0,0.7199623356582184,0.27572964064765126,0.004308023694130318,NO,0.7199623356582184,1,6.8837354781499975,0.7212483387118499,0.27444363759401985,0.004308023694130318,NO,0.7212483387118499,1,6.926706360851408,0.5382131324004306,0.45748116254036597,0.004305705059203444,NO,0.5382131324004306,1,13,13,9.35951036355684,13,13,9.376228403254048,12,12,6.458557588805167
2025_16_TB_CAR,2025-12-21T13:00-05:00,2025,16,CAR,TB,3.0,0.4283967807886268,0.567295195517243,0.004308023694130318,TB,0.567295195517243,0,-2.014173155168307,0.42457705246106786,0.5711149238448019,0.004308023694130318,TB,0.5711149238448019,0,-2.125509641868292,0.5382131324004306,0.45748116254036597,0.004305705059203444,CAR,0.5382131324004306,1,9,0,5.1056567596551865,10,0,5.711149238448019,16,16,8.611410118406889
2025_16_ATL_ARI,2025-12-21T16:05-05:00,2025,16,ARI,ATL,-7.0,0.47983531548277086,0.5158566608230988,0.004308023694130318,ATL,0.5158566608230988,1,-0.5191679085176693,0.47715961011998537,0.5185323661858842,0.004308023694130318,ATL,0.5185323661858842,1,-0.5960907936119613,0.5382131324004306,0.45748116254036597,0.004305705059203444,ARI,0.5382131324004306,0,4,4,2.063426643292395,5,5,2.592661830929421,1,0,0.5382131324004306
2025_16_JAX_DEN,2025-12-21T16:05-05:00,2025,16,DEN,JAX,-14.0,0.5734678768763747,0.42222409942949496,0.004308023694130318,DEN,0.5734678768763747,0,2.195886528083865,0.5689829770081308,0.4267089992977389,0.004308023694130318,DEN,0.5689829770081308,0,2.0627923517961277,0.5382131324004306,0.45748116254036597,0.004305705059203444,DEN,0.5382131324004306,0,10,0,5.734678768763747,9,0,5.120846793073177,5,0,2.6910656620021527
2025_16_LV_HOU,2025-12-21T16:25-05:00,2025,16,HOU,LV,2.0,0.8997683828887028,0.095923593417167,0.004308023694130318,HOU,0.8997683828887028,1,16.055617600767526,0.9038130033566831,0.09187897294918654,0.004308023694130318,HOU,0.9038130033566831,1,16.38881749588399,0.5382131324004306,0.45748116254036597,0.004305705059203444,HOU,0.5382131324004306,1,16,16,14.396294126219244,16,16,14.46100805370693,9,9,4.843918191603875
2025_16_PIT_DET,2025-12-21T16:25-05:00,2025,16,DET,PIT,-5.0,0.6944467707691194,0.3012452055367502,0.004308023694130318,DET,0.6944467707691194,0,5.990169693354483,0.6937131580434611,0.30197881826240863,0.004308023694130318,DET,0.6937131580434611,0,5.962253294923837,0.5382131324004306,0.45748116254036597,0.004305705059203444,DET,0.5382131324004306,0,12,0,8.333361249229434,12,0,8.324557896521533,14,0,7.534983853606028
2025_16_NE_BAL,2025-12-21T20:20-05:00,2025,16,BAL,NE,-4.0,0.55939070802188,0.43630126828398985,0.004308023694130318,BAL,0.55939070802188,0,1.7824045205861612,0.5564212433090593,0.43927073299681024,0.004308023694130318,BAL,0.5564212433090593,0,1.6947598136733266,0.5382131324004306,0.45748116254036597,0.004305705059203444,BAL,0.5382131324004306,0,8,0,4.47512566417504,7,0,3.894948703163415,11,0,5.920344456404736
2025_16_SF_IND,2025-12-22T20:15-05:00,2025,16,IND,SF,-21.0,0.44430182525790746,0.5513901510479623,0.004308023694130318,SF,0.5513901510479623,1,-1.5487576538596035,0.4400791836353887,0.555612792670481,0.004308023694130318,SF,0.555612792670481,1,-1.6711549419091862,0.5382131324004306,0.45748116254036597,0.004305705059203444,IND,0.5382131324004306,0,6,6,3.308340906287774,6,6,3.333676756022886,15,0,8.073196986006458
2025_17_DAL_WAS,2025-12-25T13:00-05:00,2025,17,WAS,DAL,-7.0,0.3638313624802926,0.6318606138255772,0.004308023694130318,DAL,0.6318606138255772,1,-3.9589078522375787,0.3720529896645143,0.6236389866413553,0.004308023694130318,DAL,0.6236389866413553,1,-3.702907842263625,0.5382131324004306,0.45748116254036597,0.004305705059203444,WAS,0.5382131324004306,0,10,10,6.318606138255772,10,10,6.236389866413553,4,0,2.1528525296017222
2025_17_DET_MIN,2025-12-25T16:30-05:00,2025,17,MIN,DET,13.0,0.23763777323910992,0.7580542030667599,0.004308023694130318,DET,0.7580542030667599,0,-8.31982295119561,0.2332766410657757,0.7624153352400941,0.004308023694130318,DET,0.7624153352400941,0,-8.489698292125603,0.5382131324004306,0.45748116254036597,0.004305705059203444,MIN,0.5382131324004306,1,14,0,10.612758842934639,14,0,10.673814693361317,6,6,3.2292787944025836
2025_17_DEN_KC,2025-12-25T20:15-05:00,2025,17,KC,DEN,-7.0,0.39114367513576953,0.6045483011701002,0.004308023694130318,DEN,0.6045483011701002,1,-3.1228302475439156,0.39587533183203333,0.5998166444738364,0.004308023694130318,DEN,0.5998166444738364,1,-2.9787884350826634,0.5382131324004306,0.45748116254036597,0.004305705059203444,KC,0.5382131324004306,0,9,9,5.440934710530901,8,8,4.798533155790691,5,0,2.6910656620021527
2025_17_HOU_LAC,2025-12-27T16:30-05:00,2025,17,LAC,HOU,-4.0,0.5481058052688917,0.44758617103697784,0.004308023694130318,LAC,0.5481058052688917,0,1.4530856374105032,0.5195527978618714,0.4761391784439984,0.004308023694130318,LAC,0.5195527978618714,0,0.6255316135388878,0.5382131324004306,0.45748116254036597,0.004305705059203444,LAC,0.5382131324004306,0,3,0,1.6443174158066753,1,0,0.5195527978618714,7,0,3.767491926803014
2025_17_BAL_GB,2025-12-27T20:00-05:00,2025,17,GB,BAL,-17.0,0.5270228341160841,0.4686691421897857,0.004308023694130318,GB,0.5270228341160841,0,0.8416366466617617,0.5230160838223424,0.4726758924835271,0.004308023694130318,GB,0.5230160838223424,0,0.7254928529617357,0.5382131324004306,0.45748116254036597,0.004305705059203444,GB,0.5382131324004306,0,1,0,0.5270228341160841,2,0,1.0460321676446849,2,0,1.0764262648008611
2025_17_ARI_CIN,2025-12-28T13:00-05:00,2025,17,CIN,ARI,23.0,0.7040731324210794,0.29161884388479026,0.004308023694130318,CIN,0.7040731324210794,1,6.321839243404026,0.7043602032776083,0.29133177302826146,0.004308023694130318,CIN,0.7043602032776083,1,6.32875847244347,0.5382131324004306,0.45748116254036597,0.004305705059203444,CIN,0.5382131324004306,1,11,11,7.744804456631873,11,11,7.7479622360536915,1,1,0.5382131324004306
2025_17_JAX_IND,2025-12-28T13:00-05:00,2025,17,IND,JAX,-6.0,0.3995328857752427,0.5961590905306271,0.004308023694130318,JAX,0.5961590905306271,1,-2.8704031175102154,0.4030720025831449,0.5926199737227247,0.004308023694130318,JAX,0.5926199737227247,1,-2.763105806072462,0.5382131324004306,0.45748116254036597,0.004305705059203444,IND,0.5382131324004306,0,7,7,4.17311363371439,7,7,4.148339816059073,8,0,4.3057050592034445
2025_17_NE_NYJ,2025-12-28T13:00-05:00,2025,17,NYJ,NE,-32.0,0.25600828667419645,0.7396836896316732,0.004308023694130318,NE,0.7396836896316732,1,-7.609813010607002,0.25280687422524756,0.7428851020806222,0.004308023694130318,NE,0.7428851020806222,1,-7.72729647123074,0.5382131324004306,0.45748116254036597,0.004305705059203444,NYJ,0.5382131324004306,0,13,13,9.615887965211751,13,13,9.657506327048088,10,0,5.382131324004305
2025_17_NO_TEN,2025-12-28T13:00-05:00,2025,17,TEN,NO,-8.0,0.4564279997926011,0.5392639765132685,0.004308023694130318,NO,0.5392639765132685,1,-1.196140824053085,0.45816977070227316,0.5375222056035965,0.004308023694130318,NO,0.5375222056035965,1,-1.145064868885143,0.5382131324004306,0.45748116254036597,0.004305705059203444,TEN,0.5382131324004306,0,2,2,1.078527953026537,3,3,1.6125666168107897,11,0,5.920344456404736
2025_17_PIT_CLE,2025-12-28T13:00-05:00,2025,17,CLE,PIT,7.0,0.21426364609994192,0.7814283302059277,0.004308023694130318,PIT,0.7814283302059277,0,-9.280246133432474,0.21407072720466372,0.781621249101206,0.004308023694130318,PIT,0.781621249101206,0,-9.283976134919985,0.5382131324004306,0.45748116254036597,0.004305705059203444,CLE,0.5382131324004306,1,15,0,11.721424953088915,15,0,11.72431873651809,14,14,7.534983853606028
2025_17_SEA_CAR,2025-12-28T13:00-05:00,2025,17,CAR,SEA,-17.0,0.2665336812430438,0.7291582950628258,0.004308023694130318,SEA,0.7291582950628258,1,-7.218047897220572,0.26915028174471467,0.726541694561155,0.004308023694130318,SEA,0.726541694561155,1,-7.118745286734251,0.5382131324004306,0.45748116254036597,0.004305705059203444,CAR,0.5382131324004306,0,12,12,8.74989954075391,12,12,8.71850033473386,15,0,8.073196986006458
2025_17_TB_MIA,2025-12-28T13:00-05:00,2025,17,MIA,TB,3.0,0.39903939186374154,0.596652584442128,0.004308023694130318,TB,0.596652584442128,0,-2.885202175699069,0.3951286521900482,0.6005633241158216,0.004308023694130318,TB,0.6005633241158216,0,-3.0012409421469943,0.5382131324004306,0.45748116254036597,0.004305705059203444,MIA,0.5382131324004306,1,8,0,4.773220675537024,9,0,5.405069917042394,16,16,8.611410118406889
2025_17_NYG_LV,2025-12-28T16:05-05:00,2025,17,LV,NYG,-24.0,0.4364225152659244,0.5592694610399453,0.004308023694130318,NYG,0.5592694610399453,1,-1.778856923417913,0.43384478278250105,0.5618471935233686,0.004308023694130318,NYG,0.5618471935233686,1,-1.8534282372665878,0.5382131324004306,0.45748116254036597,0.004305705059203444,LV,0.5382131324004306,0,4,4,2.2370778441597814,5,5,2.8092359676168432,12,0,6.458557588805167
2025_17_PHI_BUF,2025-12-28T16:25-05:00,2025,17,BUF,PHI,-1.0,0.5609817390056492,0.4347102373002205,0.004308023694130318,BUF,0.5609817390056492,0,1.8289771836208035,0.5500020653147873,0.4456899109910824,0.004308023694130318,BUF,0.5500020653147873,0,1.5075759601589382,0.5382131324004306,0.45748116254036597,0.004305705059203444,BUF,0.5382131324004306,0,5,0,2.804908695028246,4,0,2.2000082612591494,13,0,6.996770721205597
2025_17_CHI_SF,2025-12-28T20:20-05:00,2025,17,SF,CHI,4.0,0.585276808918407,0.4104151673874626,0.004308023694130318,SF,0.585276808918407,1,2.545531718277731,0.5902928049619586,0.4053991713439112,0.004308023694130318,SF,0.5902928049619586,1,2.6936290717331746,0.5382131324004306,0.45748116254036597,0.004305705059203444,SF,0.5382131324004306,1,6,6,3.5116608535104423,6,6,3.541756829771751,3,3,1.6146393972012918
2025_17_LA_ATL,2025-12-29T20:15-05:00,2025,17,ATL,LAR,3.0,0.21301611676638518,0.7826758595394845,0.004308023694130318,LAR,0.7826758595394845,0,-9.33356882934778,0.20538582548405807,0.7903061508218115,0.004308023694130318,LAR,0.7903061508218115,0,-9.660093349985186,0.5382131324004306,0.45748116254036597,0.004305705059203444,ATL,0.5382131324004306,1,16,0,12.522813752631752,16,0,12.644898413148985,9,9,4.843918191603875
2025_18_CAR_TB,2026-01-03T16:30-05:00,2025,18,TB,CAR,2.0,0.6641727536775495,0.33151922262832023,0.004308023694130318,TB,0.6641727536775495,1,4.983660707515524,0.6661998298913223,0.3294921464145474,0.004308023694130318,TB,0.6661998298913223,1,5.047059445431752,0.5382131324004306,0.45748116254036597,0.004305705059203444,TB,0.5382131324004306,1,7,7,4.649209275742846,7,7,4.663398809239256,3,3,1.6146393972012918
2025_18_SEA_SF,2026-01-03T20:00-05:00,2025,18,SF,SEA,-10.0,0.5038252863605298,0.49186668994533983,0.004308023694130318,SF,0.5038252863605298,0,0.17228974527721985,0.5135346178277146,0.4821573584781552,0.004308023694130318,SF,0.5135346178277146,0,0.45196693305267255,0.5382131324004306,0.45748116254036597,0.004305705059203444,SF,0.5382131324004306,0,1,0,0.5038252863605298,1,0,0.5135346178277146,14,0,7.534983853606028
2025_18_CLE_CIN,2026-01-04T13:00-05:00,2025,18,CIN,CLE,-2.0,0.8381069526396181,0.1575850236662517,0.004308023694130318,CIN,0.8381069526396181,0,11.986067718408167,0.8392238147933435,0.1564681615125262,0.004308023694130318,CIN,0.8392238147933435,0,12.040794476714582,0.5382131324004306,0.45748116254036597,0.004305705059203444,CIN,0.5382131324004306,0,13,0,10.895390384315036,13,0,10.909909592313465,4,0,2.1528525296017222
2025_18_DAL_NYG,2026-01-04T13:00-05:00,2025,18,NYG,DAL,17.0,0.47486844151924645,0.5208235347866232,0.004308023694130318,DAL,0.5208235347866232,0,-0.662522525847888,0.4752564580412532,0.5204355182646164,0.004308023694130318,DAL,0.5204355182646164,0,-0.6510035231995435,0.5382131324004306,0.45748116254036597,0.004305705059203444,NYG,0.5382131324004306,1,2,0,1.0416470695732465,2,0,1.0408710365292329,5,5,2.6910656620021527
2025_18_GB_MIN,2026-01-04T13:00-05:00,2025,18,MIN,GB,13.0,0.5657085733095825,0.42998340299628723,0.004308023694130318,MIN,0.5657085733095825,1,1.9675715107717116,0.5517455617037262,0.4439464146021435,0.004308023694130318,MIN,0.5517455617037262,1,1.5583632141714578,0.5382131324004306,0.45748116254036597,0.004305705059203444,MIN,0.5382131324004306,1,4,4,2.26283429323833,3,3,1.6552366851111788,7,7,3.767491926803014
2025_18_IND_HOU,2026-01-04T13:00-05:00,2025,18,HOU,IND,8.0,0.7467857957329952,0.24890618057287456,0.004308023694130318,HOU,0.7467857957329952,1,7.880130353265852,0.7529221525456581,0.2427698237602116,0.004308023694130318,HOU,0.7529221525456581,1,8.113924799029052,0.5382131324004306,0.45748116254036597,0.004305705059203444,HOU,0.5382131324004306,1,10,10,7.467857957329952,10,10,7.529221525456581,8,8,4.3057050592034445
2025_18_NO_ATL,2026-01-04T13:00-05:00,2025,18,ATL,NO,2.0,0.5928941690335845,0.4027978072722852,0.004308023694130318,ATL,0.5928941690335845,1,2.7726437806218085,0.5965837337613876,0.39910824254448213,0.004308023694130318,ATL,0.5965837337613876,1,2.8817399601752776,0.5382131324004306,0.45748116254036597,0.004305705059203444,ATL,0.5382131324004306,1,5,5,2.9644708451679227,5,5,2.982918668806938,12,12,6.458557588805167
2025_18_TEN_JAX,2026-01-04T13:00-05:00,2025,18,JAX,TEN,34.0,0.8670736675124636,0.12861830879340608,0.004308023694130318,JAX,0.8670736675124636,1,13.686558443810828,0.8666510128548539,0.12904096345101576,0.004308023694130318,JAX,0.8666510128548539,1,13.652912152969858,0.5382131324004306,0.45748116254036597,0.004305705059203444,JAX,0.5382131324004306,1,15,15,13.006105012686954,14,14,12.133114179967954,15,15,8.073196986006458
2025_18_ARI_LA,2026-01-04T16:25-05:00,2025,18,LAR,ARI,17.0,0.8639682671647853,0.1317237091410844,0.004308023694130318,LAR,0.8639682671647853,1,13.489714501215348,0.8703024996292172,0.12538947667665246,0.004308023694130318,LAR,0.8703024996292172,1,13.888833044484922,0.5382131324004306,0.45748116254036597,0.004305705059203444,LAR,0.5382131324004306,1,14,14,12.095555740306994,15,15,13.054537494438259,1,1,0.5382131324004306
2025_18_DET_CHI,2026-01-04T16:25-05:00,2025,18,CHI,DET,-3.0,0.6137657276841165,0.38192624862175323,0.004308023694130318,CHI,0.6137657276841165,0,3.40239718982938,0.617577895932106,0.3781140803737637,0.004308023694130318,CHI,0.617577895932106,0,3.517050318785957,0.5382131324004306,0.45748116254036597,0.004305705059203444,CHI,0.5382131324004306,0,6,0,3.6825943661046994,6,0,3.7054673755926357,6,0,3.2292787944025836
2025_18_KC_LV,2026-01-04T16:25-05:00,2025,18,LV,KC,2.0,0.26940928343857184,0.726282692867298,0.004308023694130318,KC,0.726282692867298,0,-7.112740912983667,0.2655886362673763,0.7301033400384934,0.004308023694130318,KC,0.7301033400384934,0,-7.2492986107826685,0.5382131324004306,0.45748116254036597,0.004305705059203444,LV,0.5382131324004306,1,9,0,6.536544235805682,9,0,6.5709300603464404,9,9,4.843918191603875
2025_18_LAC_DEN,2026-01-04T16:25-05:00,2025,18,DEN,LAC,16.0,0.6929922880556748,0.302699688250195,0.004308023694130318,DEN,0.6929922880556748,1,5.94058629220029,0.6948954720070484,0.3007965042988213,0.004308023694130318,DEN,0.6948954720070484,1,6.0025830659526695,0.5382131324004306,0.45748116254036597,0.004305705059203444,DEN,0.5382131324004306,1,8,8,5.5439383044453985,8,8,5.559163776056387,10,10,5.382131324004305
2025_18_MIA_NE,2026-01-04T16:25-05:00,2025,18,NE,MIA,28.0,0.8109178275833686,0.18477414872250109,0.004308023694130318,NE,0.8109178275833686,1,10.607940006874145,0.8124354884984504,0.18325648780741943,0.004308023694130318,NE,0.8124354884984504,1,10.675327836075933,0.5382131324004306,0.45748116254036597,0.004305705059203444,NE,0.5382131324004306,1,12,12,9.731013931000422,12,12,9.749225861981405,11,11,5.920344456404736
2025_18_NYJ_BUF,2026-01-04T16:25-05:00,2025,18,BUF,NYJ,27.0,0.8943709820722393,0.10132099423363039,0.004308023694130318,BUF,0.8943709820722393,1,15.619845350590928,0.8969995128706749,0.09869246343519483,0.004308023694130318,BUF,0.8969995128706749,1,15.821744688665815,0.5382131324004306,0.45748116254036597,0.004305705059203444,BUF,0.5382131324004306,1,16,16,14.309935713155829,16,16,14.351992205930799,13,13,6.996770721205597
2025_18_WAS_PHI,2026-01-04T16:25-05:00,2025,18,PHI,WAS,-7.0,0.8043478876035158,0.19134408870235387,0.004308023694130318,PHI,0.8043478876035158,0,10.29900461295039,0.8058841869136013,0.1898077893922685,0.004308023694130318,PHI,0.8058841869136013,0,10.365483056385857,0.5382131324004306,0.45748116254036597,0.004305705059203444,PHI,0.5382131324004306,0,11,0,8.847826763638674,11,0,8.864726056049614,16,0,8.611410118406889
2025_18_BAL_PIT,2026-01-04T20:20-05:00,2025,18,PIT,BAL,2.0,0.43799621718608395,0.5576957591197858,0.004308023694130318,BAL,0.5576957591197858,0,-1.7328310427171947,0.43847784923012445,0.5572141270757452,0.004308023694130318,BAL,0.5572141270757452,0,-1.7179190542079237,0.5382131324004306,0.45748116254036597,0.004305705059203444,PIT,0.5382131324004306,1,3,0,1.6730872773593573,4,0,2.228856508302981,2,2,1.0764262648008611
