game_id,season,week,home,away,actual_total,pf_pa_total,league_total
2018_01_ATL_PHI,2018,1,PHI,ATL,30.0,44.375,43.4375
2018_01_BUF_BAL,2018,1,BAL,BUF,50.0,42.46875,43.4375
2018_01_CHI_GB,2018,1,GB,CHI,47.0,40.25,43.4375
2018_01_CIN_IND,2018,1,IND,CIN,57.0,40.8125,43.4375
2018_01_DAL_CAR,2018,1,CAR,DAL,24.0,43.0,43.4375
2018_01_HOU_NE,2018,1,NE,HOU,47.0,47.75,43.4375
2018_01_JAX_NYG,2018,1,NYG,JAX,35.0,41.21875,43.4375
2018_01_KC_LAC,2018,1,LAC,KC,66.0,43.15625,43.4375
2018_01_LA_OAK,2018,1,LV,LAR,46.0,46.28125,43.4375
2018_01_NYJ_DET,2018,1,DET,NYJ,65.0,45.8125,43.4375
2018_01_PIT_CLE,2018,1,CLE,PIT,42.0,42.4375,43.4375
2018_01_SEA_DEN,2018,1,DEN,SEA,51.0,42.78125,43.4375
2018_01_SF_MIN,2018,1,MIN,SF,40.0,42.125,43.4375
2018_01_TB_NO,2018,1,NO,TB,88.0,46.59375,43.4375
2018_01_TEN_MIA,2018,1,MIA,TEN,47.0,42.625,43.4375
2018_01_WAS_ARI,2018,1,ARI,WAS,30.0,43.3125,43.4375
2018_02_ARI_LA,2018,2,LAR,ARI,34.0,45.71875,43.4375
2018_02_BAL_CIN,2018,2,CIN,BAL,57.0,41.78125,43.4375
2018_02_CAR_ATL,2018,2,ATL,CAR,55.0,42.4375,43.4375
2018_02_CLE_NO,2018,2,NO,CLE,39.0,44.3125,43.4375
2018_02_DET_SF,2018,2,SF,DET,57.0,46.875,43.4375
2018_02_HOU_TEN,2018,2,TEN,HOU,37.0,45.75,43.4375
2018_02_IND_WAS,2018,2,WAS,IND,30.0,43.65625,43.4375
2018_02_KC_PIT,2018,2,PIT,KC,79.0,45.875,43.4375
2018_02_LAC_BUF,2018,2,BUF,LAC,51.0,40.25,43.4375
2018_02_MIA_NYJ,2018,2,NYJ,MIA,32.0,42.3125,43.4375
2018_02_MIN_GB,2018,2,GB,MIN,58.0,41.8125,43.4375
2018_02_NE_JAX,2018,2,JAX,NE,51.0,44.96875,43.4375
2018_02_NYG_DAL,2018,2,DAL,NYG,33.0,41.25,43.4375
2018_02_OAK_DEN,2018,2,DEN,LV,39.0,42.03125,43.4375
2018_02_PHI_TB,2018,2,TB,PHI,48.0,45.90625,43.4375
2018_02_SEA_CHI,2018,2,CHI,SEA,41.0,40.0625,43.4375
2018_03_BUF_MIN,2018,3,MIN,BUF,33.0,40.46875,43.4375
2018_03_CHI_ARI,2018,3,ARI,CHI,30.0,38.75,43.4375
2018_03_CIN_CAR,2018,3,CAR,CIN,52.0,41.53125,43.4375
2018_03_DAL_SEA,2018,3,SEA,DAL,37.0,43.25,43.4375
2018_03_DEN_BAL,2018,3,BAL,DEN,41.0,42.78125,43.4375
2018_03_GB_WAS,2018,3,WAS,GB,48.0,44.8125,43.4375
2018_03_IND_PHI,2018,3,PHI,IND,36.0,44.34375,43.4375
2018_03_LAC_LA,2018,3,LAR,LAC,58.0,44.8125,43.4375
2018_03_NE_DET,2018,3,DET,NE,36.0,48.125,43.4375
2018_03_NO_ATL,2018,3,ATL,NO,80.0,45.0625,43.4375
2018_03_NYG_HOU,2018,3,HOU,NYG,49.0,44.0,43.4375
2018_03_NYJ_CLE,2018,3,CLE,NYJ,38.0,41.375,43.4375
2018_03_OAK_MIA,2018,3,MIA,LV,48.0,42.125,43.4375
2018_03_PIT_TB,2018,3,TB,PIT,57.0,44.71875,43.4375
2018_03_SF_KC,2018,3,KC,SF,65.0,45.875,43.4375
2018_03_TEN_JAX,2018,3,JAX,TEN,15.0,42.96875,43.4375
2018_04_BAL_PIT,2018,4,PIT,BAL,40.0,44.125,43.4375
2018_04_BUF_GB,2018,4,GB,BUF,22.0,42.65625,43.4375
2018_04_CIN_ATL,2018,4,ATL,CIN,73.0,40.84375,43.4375
2018_04_CLE_OAK,2018,4,LV,CLE,87.0,41.1875,43.4375
2018_04_DET_DAL,2018,4,DAL,DET,50.0,46.0,43.4375
2018_04_HOU_IND,2018,4,IND,HOU,71.0,45.03125,43.4375
2018_04_KC_DEN,2018,4,DEN,KC,50.0,44.53125,43.4375
2018_04_MIA_NE,2018,4,NE,MIA,45.0,44.625,43.4375
2018_04_MIN_LA,2018,4,LAR,MIN,69.0,45.03125,43.4375
2018_04_NO_NYG,2018,4,NYG,NO,51.0,44.0,43.4375
2018_04_NYJ_JAX,2018,4,JAX,NYJ,43.0,42.65625,43.4375
2018_04_PHI_TEN,2018,4,TEN,PHI,49.0,45.0625,43.4375
2018_04_SEA_ARI,2018,4,ARI,SEA,37.0,42.3125,43.4375
2018_04_SF_LAC,2018,4,LAC,SF,56.0,41.90625,43.4375
2018_04_TB_CHI,2018,4,CHI,TB,58.0,40.65625,43.4375
2018_05_ARI_SF,2018,5,SF,ARI,46.0,42.8125,43.4375
2018_05_ATL_PIT,2018,5,PIT,ATL,58.0,43.1875,43.4375
2018_05_BAL_CLE,2018,5,CLE,BAL,21.0,41.9375,43.4375
2018_05_DAL_HOU,2018,5,HOU,DAL,35.0,45.625,43.4375
2018_05_DEN_NYJ,2018,5,NYJ,DEN,50.0,42.21875,43.4375
2018_05_GB_DET,2018,5,DET,GB,54.0,46.5625,43.4375
2018_05_IND_NE,2018,5,NE,IND,62.0,44.40625,43.4375
2018_05_JAX_KC,2018,5,KC,JAX,44.0,44.96875,43.4375
2018_05_LA_SEA,2018,5,SEA,LAR,64.0,47.03125,43.4375
2018_05_MIA_CIN,2018,5,CIN,MIA,44.0,41.03125,43.4375
2018_05_MIN_PHI,2018,5,PHI,MIN,44.0,43.3125,43.4375
2018_05_NYG_CAR,2018,5,CAR,NYG,64.0,41.375,43.4375
2018_05_OAK_LAC,2018,5,LAC,LV,36.0,40.65625,43.4375
2018_05_TEN_BUF,2018,5,BUF,TEN,25.0,42.21875,43.4375
2018_05_WAS_NO,2018,5,NO,WAS,62.0,47.0,43.4375
2018_06_ARI_MIN,2018,6,MIN,ARI,44.0,40.3125,43.4375
2018_06_BAL_TEN,2018,6,TEN,BAL,21.0,43.375,43.4375
2018_06_BUF_HOU,2018,6,HOU,BUF,33.0,44.84375,43.4375
2018_06_CAR_WAS,2018,6,WAS,CAR,40.0,44.375,43.4375
2018_06_CHI_MIA,2018,6,MIA,CHI,59.0,39.3125,43.4375
2018_06_IND_NYJ,2018,6,NYJ,IND,76.0,42.09375,43.4375
2018_06_JAX_DAL,2018,6,DAL,JAX,47.0,42.84375,43.4375
2018_06_KC_NE,2018,6,NE,KC,83.0,47.125,43.4375
2018_06_LAC_CLE,2018,6,CLE,LAC,52.0,39.71875,43.4375
2018_06_LA_DEN,2018,6,DEN,LAR,43.0,46.1875,43.4375
2018_06_PHI_NYG,2018,6,NYG,PHI,47.0,43.3125,43.4375
2018_06_PIT_CIN,2018,6,CIN,PIT,49.0,42.28125,43.4375
2018_06_SEA_OAK,2018,6,LV,SEA,30.0,42.875,43.4375
2018_06_SF_GB,2018,6,GB,SF,63.0,44.3125,43.4375
2018_06_TB_ATL,2018,6,ATL,TB,63.0,43.28125,43.4375
2018_07_BUF_IND,2018,7,IND,BUF,42.0,41.5,43.4375
2018_07_CAR_PHI,2018,7,PHI,CAR,38.0,45.0625,43.4375
2018_07_CIN_KC,2018,7,KC,CIN,55.0,43.53125,43.4375
2018_07_CLE_TB,2018,7,TB,CLE,49.0,42.53125,43.4375
2018_07_DAL_WAS,2018,7,WAS,DAL,37.0,44.25,43.4375
2018_07_DEN_ARI,2018,7,ARI,DEN,55.0,41.46875,43.4375
2018_07_DET_MIA,2018,7,MIA,DET,53.0,45.625,43.4375
2018_07_HOU_JAX,2018,7,JAX,HOU,27.0,45.59375,43.4375
2018_07_LA_SF,2018,7,SF,LAR,49.0,47.53125,43.4375
2018_07_MIN_NYJ,2018,7,NYJ,MIN,54.0,41.0625,43.4375
2018_07_NE_CHI,2018,7,CHI,NE,69.0,41.8125,43.4375
2018_07_NO_BAL,2018,7,BAL,NO,47.0,46.0,43.4375
2018_07_NYG_ATL,2018,7,ATL,NYG,43.0,40.6875,43.4375
2018_07_TEN_LAC,2018,7,LAC,TEN,39.0,41.15625,43.4375
2018_08_BAL_CAR,2018,8,CAR,BAL,57.0,43.375,43.4375
2018_08_CLE_PIT,2018,8,PIT,CLE,51.0,42.4375,43.4375
2018_08_DEN_KC,2018,8,KC,DEN,53.0,44.53125,43.4375
2018_08_GB_LA,2018,8,LAR,GB,56.0,47.21875,43.4375
2018_08_IND_OAK,2018,8,LV,IND,70.0,41.90625,43.4375
2018_08_MIA_HOU,2018,8,HOU,MIA,65.0,45.25,43.4375
2018_08_NE_BUF,2018,8,BUF,NE,31.0,44.21875,43.4375
2018_08_NO_MIN,2018,8,MIN,NO,50.0,44.0,43.4375
2018_08_NYJ_CHI,2018,8,CHI,NYJ,34.0,39.5,43.4375
2018_08_PHI_JAX,2018,8,JAX,PHI,42.0,44.90625,43.4375
2018_08_SEA_DET,2018,8,DET,SEA,42.0,46.375,43.4375
2018_08_SF_ARI,2018,8,ARI,SF,33.0,42.8125,43.4375
2018_08_TB_CIN,2018,8,CIN,TB,71.0,42.375,43.4375
2018_08_WAS_NYG,2018,8,NYG,WAS,33.0,42.625,43.4375
2018_09_ATL_WAS,2018,9,WAS,ATL,52.0,43.6875,43.4375
2018_09_CHI_BUF,2018,9,BUF,CHI,50.0,38.90625,43.4375
2018_09_DET_MIN,2018,9,MIN,DET,33.0,44.375,43.4375
2018_09_GB_NE,2018,9,NE,GB,48.0,45.5625,43.4375
2018_09_HOU_DEN,2018,9,DEN,HOU,36.0,45.15625,43.4375
2018_09_KC_CLE,2018,9,CLE,KC,58.0,43.6875,43.4375
2018_09_LAC_SEA,2018,9,SEA,LAC,42.0,41.40625,43.4375
2018_09_LA_NO,2018,9,NO,LAR,80.0,49.40625,43.4375
2018_09_NYJ_MIA,2018,9,MIA,NYJ,19.0,42.3125,43.4375
2018_09_OAK_SF,2018,9,SF,LV,37.0,43.375,43.4375
2018_09_PIT_BAL,2018,9,BAL,PIT,39.0,44.125,43.4375
2018_09_TB_CAR,2018,9,CAR,TB,70.0,43.96875,43.4375
2018_09_TEN_DAL,2018,9,DAL,TEN,42.0,43.0,43.4375
2018_10_ARI_KC,2018,10,KC,ARI,40.0,44.0625,43.4375
2018_10_ATL_CLE,2018,10,CLE,ATL,44.0,41.0,43.4375
2018_10_BUF_NYJ,2018,10,NYJ,BUF,51.0,41.90625,43.4375
2018_10_CAR_PIT,2018,10,PIT,CAR,73.0,43.875,43.4375
2018_10_DAL_PHI,2018,10,PHI,DAL,47.0,44.9375,43.4375
2018_10_DET_CHI,2018,10,CHI,DET,56.0,42.8125,43.4375
2018_10_JAX_IND,2018,10,IND,JAX,55.0,42.25,43.4375
2018_10_LAC_OAK,2018,10,LV,LAC,26.0,40.65625,43.4375
2018_10_MIA_GB,2018,10,GB,MIA,43.0,43.0625,43.4375
2018_10_NE_TEN,2018,10,TEN,NE,44.0,45.125,43.4375
2018_10_NO_CIN,2018,10,CIN,NO,65.0,44.15625,43.4375
2018_10_NYG_SF,2018,10,SF,NYG,50.0,42.125,43.4375
2018_10_SEA_LA,2018,10,LAR,SEA,67.0,47.03125,43.4375
2018_10_WAS_TB,2018,10,TB,WAS,19.0,45.21875,43.4375
2018_11_CAR_DET,2018,11,DET,CAR,39.0,46.125,43.4375
2018_11_CIN_BAL,2018,11,BAL,CIN,45.0,41.78125,43.4375
2018_11_DAL_ATL,2018,11,ATL,DAL,41.0,42.3125,43.4375
2018_11_DEN_LAC,2018,11,LAC,DEN,45.0,40.5625,43.4375
2018_11_GB_SEA,2018,11,SEA,GB,51.0,43.8125,43.4375
2018_11_HOU_WAS,2018,11,WAS,HOU,44.0,47.0,43.4375
2018_11_KC_LA,2018,11,LAR,KC,105.0,48.78125,43.4375
2018_11_MIN_CHI,2018,11,CHI,MIN,45.0,38.0625,43.4375
2018_11_OAK_ARI,2018,11,ARI,LV,44.0,41.5625,43.4375
2018_11_PHI_NO,2018,11,NO,PHI,55.0,47.6875,43.4375
2018_11_PIT_JAX,2018,11,JAX,PIT,36.0,43.71875,43.4375
2018_11_TB_NYG,2018,11,NYG,TB,73.0,42.21875,43.4375
2018_11_TEN_IND,2018,11,IND,TEN,48.0,42.40625,43.4375
2018_12_ARI_LAC,2018,12,LAC,ARI,55.0,40.09375,43.4375
2018_12_ATL_NO,2018,12,NO,ATL,48.0,45.0625,43.4375
2018_12_CHI_DET,2018,12,DET,CHI,39.0,42.8125,43.4375
2018_12_CLE_CIN,2018,12,CIN,CLE,55.0,40.09375,43.4375
2018_12_GB_MIN,2018,12,MIN,GB,41.0,41.8125,43.4375
2018_12_JAX_BUF,2018,12,BUF,JAX,45.0,42.0625,43.4375
2018_12_MIA_IND,2018,12,IND,MIA,51.0,41.90625,43.4375
2018_12_NE_NYJ,2018,12,NYJ,NE,40.0,44.8125,43.4375
2018_12_NYG_PHI,2018,12,PHI,NYG,47.0,43.3125,43.4375
2018_12_OAK_BAL,2018,12,BAL,LV,51.0,42.875,43.4375
2018_12_PIT_DEN,2018,12,DEN,PIT,41.0,43.28125,43.4375
2018_12_SEA_CAR,2018,12,CAR,SEA,57.0,43.375,43.4375
2018_12_SF_TB,2018,12,TB,SF,36.0,44.71875,43.4375
2018_12_TEN_HOU,2018,12,HOU,TEN,51.0,45.75,43.4375
2018_12_WAS_DAL,2018,12,DAL,WAS,54.0,44.25,43.4375
2018_13_ARI_GB,2018,13,GB,ARI,37.0,42.5,43.4375
2018_13_BAL_ATL,2018,13,ATL,BAL,42.0,42.6875,43.4375
2018_13_BUF_MIA,2018,13,MIA,BUF,38.0,41.71875,43.4375
2018_13_CAR_TB,2018,13,TB,CAR,41.0,43.96875,43.4375
2018_13_CHI_NYG,2018,13,NYG,CHI,57.0,38.0625,43.4375
2018_13_CLE_HOU,2018,13,HOU,CLE,42.0,44.3125,43.4375
2018_13_DEN_CIN,2018,13,CIN,DEN,34.0,40.9375,43.4375
2018_13_IND_JAX,2018,13,JAX,IND,6.0,42.25,43.4375
2018_13_KC_OAK,2018,13,LV,KC,73.0,44.625,43.4375
2018_13_LAC_PIT,2018,13,PIT,LAC,63.0,41.90625,43.4375
2018_13_LA_DET,2018,13,DET,LAR,46.0,49.78125,43.4375
2018_13_MIN_NE,2018,13,NE,MIN,34.0,43.375,43.4375
2018_13_NO_DAL,2018,13,DAL,NO,23.0,45.625,43.4375
2018_13_NYJ_TEN,2018,13,TEN,NYJ,48.0,42.8125,43.4375
2018_13_SF_SEA,2018,13,SEA,SF,59.0,44.125,43.4375
2018_13_WAS_PHI,2018,13,PHI,WAS,41.0,46.3125,43.4375
2018_14_ATL_GB,2018,14,GB,ATL,54.0,42.875,43.4375
2018_14_BAL_KC,2018,14,KC,BAL,51.0,45.375,43.4375
2018_14_CAR_CLE,2018,14,CLE,CAR,46.0,41.6875,43.4375
2018_14_CIN_LAC,2018,14,LAC,CIN,47.0,39.5625,43.4375
2018_14_DEN_SF,2018,14,SF,DEN,34.0,43.28125,43.4375
2018_14_DET_ARI,2018,14,ARI,DET,20.0,45.0625,43.4375
2018_14_IND_HOU,2018,14,HOU,IND,45.0,45.03125,43.4375
2018_14_JAX_TEN,2018,14,TEN,JAX,39.0,42.96875,43.4375
2018_14_LA_CHI,2018,14,CHI,LAR,21.0,43.46875,43.4375
2018_14_MIN_SEA,2018,14,SEA,MIN,28.0,41.625,43.4375
2018_14_NE_MIA,2018,14,MIA,NE,67.0,44.625,43.4375
2018_14_NO_TB,2018,14,TB,NO,42.0,46.59375,43.4375
2018_14_NYG_WAS,2018,14,WAS,NYG,56.0,42.625,43.4375
2018_14_NYJ_BUF,2018,14,BUF,NYJ,50.0,41.90625,43.4375
2018_14_PHI_DAL,2018,14,DAL,PHI,52.0,44.9375,43.4375
2018_14_PIT_OAK,2018,14,LV,PIT,45.0,43.375,43.4375
2018_15_ARI_ATL,2018,15,ATL,ARI,54.0,41.375,43.4375
2018_15_CLE_DEN,2018,15,DEN,CLE,33.0,41.09375,43.4375
2018_15_DAL_IND,2018,15,IND,DAL,23.0,42.28125,43.4375
2018_15_DET_BUF,2018,15,BUF,DET,27.0,45.21875,43.4375
2018_15_GB_CHI,2018,15,CHI,GB,41.0,40.25,43.4375
2018_15_HOU_NYJ,2018,15,NYJ,HOU,51.0,45.4375,43.4375
2018_15_LAC_KC,2018,15,KC,LAC,57.0,43.15625,43.4375
2018_15_MIA_MIN,2018,15,MIN,MIA,58.0,40.875,43.4375
2018_15_NE_PIT,2018,15,PIT,NE,27.0,45.875,43.4375
2018_15_NO_CAR,2018,15,CAR,NO,21.0,45.75,43.4375
2018_15_OAK_CIN,2018,15,CIN,LV,46.0,41.03125,43.4375
2018_15_PHI_LA,2018,15,LAR,PHI,53.0,48.71875,43.4375
2018_15_SEA_SF,2018,15,SF,SEA,49.0,44.125,43.4375
2018_15_TB_BAL,2018,15,BAL,TB,32.0,44.21875,43.4375
2018_15_TEN_NYG,2018,15,NYG,TEN,17.0,41.375,43.4375
2018_15_WAS_JAX,2018,15,JAX,WAS,29.0,44.21875,43.4375
2018_16_ATL_CAR,2018,16,CAR,ATL,34.0,42.4375,43.4375
2018_16_BAL_LAC,2018,16,LAC,BAL,32.0,41.40625,43.4375
2018_16_BUF_NE,2018,16,NE,BUF,36.0,44.21875,43.4375
2018_16_CHI_SF,2018,16,SF,CHI,23.0,40.5625,43.4375
2018_16_CIN_CLE,2018,16,CLE,CIN,44.0,40.09375,43.4375
2018_16_DEN_OAK,2018,16,LV,DEN,41.0,42.03125,43.4375
2018_16_GB_NYJ,2018,16,NYJ,GB,82.0,43.25,43.4375
2018_16_HOU_PHI,2018,16,PHI,HOU,62.0,47.6875,43.4375
2018_16_JAX_MIA,2018,16,MIA,JAX,24.0,42.46875,43.4375
2018_16_KC_SEA,2018,16,SEA,KC,69.0,45.375,43.4375
2018_16_LA_ARI,2018,16,ARI,LAR,40.0,45.71875,43.4375
2018_16_MIN_DET,2018,16,DET,MIN,36.0,44.375,43.4375
2018_16_NYG_IND,2018,16,IND,NYG,55.0,40.65625,43.4375
2018_16_PIT_NO,2018,16,NO,PIT,59.0,46.5,43.4375
2018_16_TB_DAL,2018,16,DAL,TB,47.0,43.84375,43.4375
2018_16_WAS_TEN,2018,16,TEN,WAS,41.0,44.375,43.4375
2018_17_ARI_SEA,2018,17,SEA,ARI,51.0,42.3125,43.4375
2018_17_ATL_TB,2018,17,TB,ATL,66.0,43.28125,43.4375
2018_17_CAR_NO,2018,17,NO,CAR,47.0,45.75,43.4375
2018_17_CHI_MIN,2018,17,MIN,CHI,34.0,38.0625,43.4375
2018_17_CIN_PIT,2018,17,PIT,CIN,29.0,42.28125,43.4375
2018_17_CLE_BAL,2018,17,BAL,CLE,50.0,41.9375,43.4375
2018_17_DAL_NYG,2018,17,NYG,DAL,71.0,41.25,43.4375
2018_17_DET_GB,2018,17,GB,DET,31.0,46.5625,43.4375
2018_17_IND_TEN,2018,17,TEN,IND,50.0,42.40625,43.4375
2018_17_JAX_HOU,2018,17,HOU,JAX,23.0,45.59375,43.4375
2018_17_LAC_DEN,2018,17,DEN,LAC,32.0,40.5625,43.4375
2018_17_MIA_BUF,2018,17,BUF,MIA,59.0,41.71875,43.4375
2018_17_NYJ_NE,2018,17,NE,NYJ,41.0,44.8125,43.4375
2018_17_OAK_KC,2018,17,KC,LV,38.0,44.625,43.4375
2018_17_PHI_WAS,2018,17,WAS,PHI,24.0,46.3125,43.4375
2018_17_SF_LA,2018,17,LAR,SF,80.0,47.53125,43.4375
2019_01_ATL_MIN,2019,1,MIN,ATL,40.0,48.0625,46.6875
2019_01_BAL_MIA,2019,1,MIA,BAL,69.0,44.625,46.6875
2019_01_BUF_NYJ,2019,1,NYJ,BUF,33.0,44.28125,46.6875
2019_01_CIN_SEA,2019,1,SEA,CIN,41.0,49.9375,46.6875
2019_01_DEN_OAK,2019,1,LV,DEN,40.0,44.84375,46.6875
2019_01_DET_ARI,2019,1,ARI,DET,54.0,41.6875,46.6875
2019_01_GB_CHI,2019,1,CHI,GB,13.0,46.25,46.6875
2019_01_HOU_NO,2019,1,NO,HOU,58.0,49.21875,46.6875
2019_01_IND_LAC,2019,1,LAC,IND,54.0,47.9375,46.6875
2019_01_KC_JAX,2019,1,JAX,KC,66.0,48.34375,46.6875
2019_01_LA_CAR,2019,1,CAR,LAR,57.0,52.15625,46.6875
2019_01_NYG_DAL,2019,1,DAL,NYG,52.0,45.125,46.6875
2019_01_PIT_NE,2019,1,NE,PIT,36.0,48.40625,46.6875
2019_01_SF_TB,2019,1,TB,SF,48.0,51.15625,46.6875
2019_01_TEN_CLE,2019,1,CLE,TEN,56.0,42.625,46.6875
2019_01_WAS_PHI,2019,1,PHI,WAS,59.0,42.34375,46.6875
2019_02_ARI_BAL,2019,2,BAL,ARI,40.0,41.4375,46.6875
2019_02_BUF_NYG,2019,2,NYG,BUF,42.0,44.5,46.6875
2019_02_CHI_DEN,2019,2,DEN,CHI,30.0,43.1875,46.6875
2019_02_CLE_NYJ,2019,2,NYJ,CLE,26.0,47.65625,46.6875
2019_02_DAL_WAS,2019,2,WAS,DAL,52.0,40.71875,46.6875
2019_02_IND_TEN,2019,2,TEN,IND,36.0,43.4375,46.6875
2019_02_JAX_HOU,2019,2,HOU,JAX,25.0,39.96875,46.6875
2019_02_KC_OAK,2019,2,LV,KC,38.0,54.46875,46.6875
2019_02_LAC_DET,2019,2,DET,LAC,23.0,45.03125,46.6875
2019_02_MIN_GB,2019,2,GB,MIN,37.0,46.15625,46.6875
2019_02_NE_MIA,2019,2,MIA,NE,43.0,47.28125,46.6875
2019_02_NO_LA,2019,2,LAR,NO,36.0,55.25,46.6875
2019_02_PHI_ATL,2019,2,ATL,PHI,44.0,48.5,46.6875
2019_02_SEA_PIT,2019,2,PIT,SEA,54.0,48.84375,46.6875
2019_02_SF_CIN,2019,2,CIN,SF,58.0,50.0,46.6875
2019_02_TB_CAR,2019,2,CAR,TB,34.0,50.5625,46.6875
2019_03_ATL_IND,2019,3,IND,ATL,51.0,50.4375,46.6875
2019_03_BAL_KC,2019,3,KC,BAL,61.0,51.9375,46.6875
2019_03_CAR_ARI,2019,3,ARI,CAR,58.0,44.0,46.6875
2019_03_CHI_WAS,2019,3,WAS,CHI,46.0,42.0,46.6875
2019_03_CIN_BUF,2019,3,BUF,CIN,38.0,45.8125,46.6875
2019_03_DEN_GB,2019,3,GB,DEN,43.0,45.4375,46.6875
2019_03_DET_PHI,2019,3,PHI,DET,51.0,43.71875,46.6875
2019_03_HOU_LAC,2019,3,LAC,HOU,47.0,46.09375,46.6875
2019_03_LA_CLE,2019,3,CLE,LAR,33.0,51.9375,46.6875
2019_03_MIA_DAL,2019,3,DAL,MIA,37.0,44.21875,46.6875
2019_03_NO_SEA,2019,3,SEA,NO,60.0,51.0,46.6875
2019_03_NYG_TB,2019,3,TB,NYG,63.0,51.28125,46.6875
2019_03_NYJ_NE,2019,3,NE,NYJ,44.0,47.96875,46.6875
2019_03_OAK_MIN,2019,3,MIN,LV,48.0,45.5625,46.6875
2019_03_PIT_SF,2019,3,SF,PIT,44.0,48.90625,46.6875
2019_03_TEN_JAX,2019,3,JAX,TEN,27.0,36.6875,46.6875
2019_04_CAR_HOU,2019,4,HOU,CAR,26.0,46.125,46.6875
2019_04_CIN_PIT,2019,4,PIT,CIN,30.0,50.34375,46.6875
2019_04_CLE_BAL,2019,4,BAL,CLE,65.0,44.59375,46.6875
2019_04_DAL_NO,2019,4,NO,DAL,22.0,47.5,46.6875
2019_04_JAX_DEN,2019,4,DEN,JAX,50.0,38.71875,46.6875
2019_04_KC_DET,2019,4,DET,KC,64.0,52.1875,46.6875
2019_04_LAC_MIA,2019,4,MIA,LAC,40.0,47.15625,46.6875
2019_04_MIN_CHI,2019,4,CHI,MIN,22.0,43.90625,46.6875
2019_04_NE_BUF,2019,4,BUF,NE,26.0,43.875,46.6875
2019_04_OAK_IND,2019,4,IND,LV,55.0,47.9375,46.6875
2019_04_PHI_GB,2019,4,GB,PHI,61.0,46.59375,46.6875
2019_04_SEA_ARI,2019,4,ARI,SEA,37.0,44.53125,46.6875
2019_04_TB_LA,2019,4,LAR,TB,95.0,55.34375,46.6875
2019_04_TEN_ATL,2019,4,ATL,TEN,34.0,45.3125,46.6875
2019_04_WAS_NYG,2019,4,NYG,WAS,27.0,44.40625,46.6875
2019_05_ARI_CIN,2019,5,CIN,ARI,49.0,46.03125,46.6875
2019_05_ATL_HOU,2019,5,HOU,ATL,85.0,48.59375,46.6875
2019_05_BAL_PIT,2019,5,PIT,BAL,49.0,45.75,46.6875
2019_05_BUF_TEN,2019,5,TEN,BUF,21.0,39.25,46.6875
2019_05_CHI_OAK,2019,5,LV,CHI,45.0,45.65625,46.6875
2019_05_CLE_SF,2019,5,SF,CLE,34.0,47.75,46.6875
2019_05_DEN_LAC,2019,5,LAC,DEN,33.0,44.84375,46.6875
2019_05_GB_DAL,2019,5,DAL,GB,58.0,44.96875,46.6875
2019_05_IND_KC,2019,5,KC,IND,32.0,55.09375,46.6875
2019_05_JAX_CAR,2019,5,CAR,JAX,61.0,41.21875,46.6875
2019_05_LA_SEA,2019,5,SEA,LAR,59.0,52.6875,46.6875
2019_05_MIN_NYG,2019,5,NYG,MIN,38.0,46.3125,46.6875
2019_05_NE_WAS,2019,5,WAS,NE,40.0,43.78125,46.6875
2019_05_NYJ_PHI,2019,5,PHI,NYJ,37.0,46.53125,46.6875
2019_05_TB_NO,2019,5,NO,TB,55.0,53.65625,46.6875
2019_06_ATL_ARI,2019,6,ARI,ATL,67.0,46.46875,46.6875
2019_06_CAR_TB,2019,6,TB,CAR,63.0,50.5625,46.6875
2019_06_CIN_BAL,2019,6,BAL,CIN,40.0,46.84375,46.6875
2019_06_DAL_NYJ,2019,6,NYJ,DAL,46.0,44.90625,46.6875
2019_06_DET_GB,2019,6,GB,DET,45.0,45.625,46.6875
2019_06_HOU_KC,2019,6,KC,HOU,55.0,53.25,46.6875
2019_06_NO_JAX,2019,6,JAX,NO,19.0,44.3125,46.6875
2019_06_NYG_NE,2019,6,NE,NYG,49.0,48.1875,46.6875
2019_06_PHI_MIN,2019,6,MIN,PHI,58.0,44.25,46.6875
2019_06_PIT_LAC,2019,6,LAC,PIT,41.0,48.28125,46.6875
2019_06_SEA_CLE,2019,6,CLE,SEA,60.0,47.6875,46.6875
2019_06_SF_LA,2019,6,LAR,SF,27.0,52.75,46.6875
2019_06_TEN_DEN,2019,6,DEN,TEN,16.0,40.34375,46.6875
2019_06_WAS_MIA,2019,6,MIA,WAS,33.0,43.5,46.6875
2019_07_ARI_NYG,2019,7,NYG,ARI,48.0,44.71875,46.6875
2019_07_BAL_SEA,2019,7,SEA,BAL,46.0,45.34375,46.6875
2019_07_HOU_IND,2019,7,IND,HOU,53.0,46.71875,46.6875
2019_07_JAX_CIN,2019,7,CIN,JAX,44.0,43.25,46.6875
2019_07_KC_DEN,2019,7,DEN,KC,36.0,52.0,46.6875
2019_07_LAC_TEN,2019,7,TEN,LAC,43.0,42.8125,46.6875
2019_07_LA_ATL,2019,7,ATL,LAR,47.0,54.625,46.6875
2019_07_MIA_BUF,2019,7,BUF,MIA,52.0,43.59375,46.6875
2019_07_MIN_DET,2019,7,DET,MIN,72.0,43.28125,46.6875
2019_07_NE_NYJ,2019,7,NYJ,NE,33.0,47.96875,46.6875
2019_07_NO_CHI,2019,7,CHI,NO,61.0,48.78125,46.6875
2019_07_OAK_GB,2019,7,GB,LV,66.0,47.90625,46.6875
2019_07_PHI_DAL,2019,7,DAL,PHI,47.0,43.0625,46.6875
2019_07_SF_WAS,2019,7,WAS,SF,9.0,44.28125,46.6875
2019_08_ARI_NO,2019,8,NO,ARI,40.0,47.09375,46.6875
2019_08_CAR_SF,2019,8,SF,CAR,64.0,47.96875,46.6875
2019_08_CIN_LA,2019,8,LAR,CIN,34.0,54.1875,46.6875
2019_08_CLE_NE,2019,8,NE,CLE,40.0,47.25,46.6875
2019_08_DEN_IND,2019,8,IND,DEN,28.0,45.46875,46.6875
2019_08_GB_KC,2019,8,KC,GB,55.0,55.0625,46.6875
2019_08_LAC_CHI,2019,8,CHI,LAC,33.0,45.65625,46.6875
2019_08_MIA_PIT,2019,8,PIT,MIA,41.0,48.125,46.6875
2019_08_NYG_DET,2019,8,DET,NYG,57.0,45.78125,46.6875
2019_08_NYJ_JAX,2019,8,JAX,NYJ,44.0,41.71875,46.6875
2019_08_OAK_HOU,2019,8,HOU,LV,51.0,46.09375,46.6875
2019_08_PHI_BUF,2019,8,BUF,PHI,44.0,42.4375,46.6875
2019_08_SEA_ATL,2019,8,ATL,SEA,47.0,50.375,46.6875
2019_08_TB_TEN,2019,8,TEN,TB,50.0,46.03125,46.6875
2019_08_WAS_MIN,2019,8,MIN,WAS,28.0,41.90625,46.6875
2019_09_CHI_PHI,2019,9,PHI,CHI,36.0,44.34375,46.6875
2019_09_CLE_DEN,2019,9,DEN,CLE,43.0,44.65625,46.6875
2019_09_DAL_NYG,2019,9,NYG,DAL,55.0,45.125,46.6875
2019_09_DET_OAK,2019,9,LV,DET,55.0,45.03125,46.6875
2019_09_GB_LAC,2019,9,LAC,GB,37.0,47.90625,46.6875
2019_09_HOU_JAX,2019,9,JAX,HOU,29.0,39.96875,46.6875
2019_09_IND_PIT,2019,9,PIT,IND,50.0,48.90625,46.6875
2019_09_MIN_KC,2019,9,KC,MIN,49.0,52.71875,46.6875
2019_09_NE_BAL,2019,9,BAL,NE,57.0,44.90625,46.6875
2019_09_NYJ_MIA,2019,9,MIA,NYJ,44.0,47.6875,46.6875
2019_09_SF_ARI,2019,9,ARI,SF,53.0,44.59375,46.6875
2019_09_TB_SEA,2019,9,SEA,TB,74.0,51.09375,46.6875
2019_09_TEN_CAR,2019,9,CAR,TEN,50.0,42.84375,46.6875
2019_09_WAS_BUF,2019,9,BUF,WAS,33.0,40.09375,46.6875
2019_10_ARI_TB,2019,10,TB,ARI,57.0,47.1875,46.6875
2019_10_ATL_NO,2019,10,NO,ATL,35.0,52.9375,46.6875
2019_10_BAL_CIN,2019,10,CIN,BAL,62.0,46.84375,46.6875
2019_10_BUF_CLE,2019,10,CLE,BUF,35.0,43.5625,46.6875
2019_10_CAR_GB,2019,10,GB,CAR,40.0,47.9375,46.6875
2019_10_DET_CHI,2019,10,CHI,DET,33.0,43.375,46.6875
2019_10_KC_TEN,2019,10,TEN,KC,67.0,49.96875,46.6875
2019_10_LAC_OAK,2019,10,LV,LAC,50.0,47.3125,46.6875
2019_10_LA_PIT,2019,10,PIT,LAR,29.0,53.09375,46.6875
2019_10_MIA_IND,2019,10,IND,MIA,28.0,47.78125,46.6875
2019_10_MIN_DAL,2019,10,DAL,MIN,52.0,42.625,46.6875
2019_10_NYG_NYJ,2019,10,NYJ,NYG,61.0,48.59375,46.6875
2019_10_SEA_SF,2019,10,SF,SEA,51.0,48.5,46.6875
2019_11_ARI_SF,2019,11,SF,ARI,62.0,44.59375,46.6875
2019_11_ATL_CAR,2019,11,CAR,ATL,32.0,49.84375,46.6875
2019_11_BUF_MIA,2019,11,MIA,BUF,57.0,43.59375,46.6875
2019_11_CHI_LA,2019,11,LAR,CHI,24.0,50.46875,46.6875
2019_11_CIN_OAK,2019,11,LV,CIN,27.0,49.375,46.6875
2019_11_DAL_DET,2019,11,DET,DAL,62.0,42.09375,46.6875
2019_11_DEN_MIN,2019,11,MIN,DEN,50.0,43.09375,46.6875
2019_11_HOU_BAL,2019,11,BAL,HOU,48.0,43.5625,46.6875
2019_11_JAX_IND,2019,11,IND,JAX,46.0,41.8125,46.6875
2019_11_KC_LAC,2019,11,LAC,KC,41.0,54.46875,46.6875
2019_11_NE_PHI,2019,11,PHI,NE,27.0,46.125,46.6875
2019_11_NO_TB,2019,11,TB,NO,51.0,53.65625,46.6875
2019_11_NYJ_WAS,2019,11,WAS,NYJ,51.0,44.1875,46.6875
2019_11_PIT_CLE,2019,11,CLE,PIT,28.0,48.09375,46.6875
2019_12_BAL_LA,2019,12,LAR,BAL,51.0,49.59375,46.6875
2019_12_CAR_NO,2019,12,NO,CAR,65.0,50.46875,46.6875
2019_12_DAL_NE,2019,12,NE,DAL,22.0,44.5,46.6875
2019_12_DEN_BUF,2019,12,BUF,DEN,23.0,41.28125,46.6875
2019_12_DET_WAS,2019,12,WAS,DET,35.0,41.375,46.6875
2019_12_GB_SF,2019,12,SF,GB,45.0,48.53125,46.6875
2019_12_IND_HOU,2019,12,HOU,IND,37.0,46.71875,46.6875
2019_12_JAX_TEN,2019,12,TEN,JAX,62.0,36.6875,46.6875
2019_12_MIA_CLE,2019,12,CLE,MIA,65.0,46.96875,46.6875
2019_12_NYG_CHI,2019,12,CHI,NYG,33.0,46.40625,46.6875
2019_12_OAK_NYJ,2019,12,NYJ,LV,37.0,47.84375,46.6875
2019_12_PIT_CIN,2019,12,CIN,PIT,26.0,50.34375,46.6875
2019_12_SEA_PHI,2019,12,PHI,SEA,26.0,46.5625,46.6875
2019_12_TB_ATL,2019,12,ATL,TB,57.0,53.03125,46.6875
2019_13_BUF_DAL,2019,13,DAL,BUF,41.0,40.8125,46.6875
2019_13_CHI_DET,2019,13,DET,CHI,44.0,43.375,46.6875
2019_13_CLE_PIT,2019,13,PIT,CLE,33.0,48.09375,46.6875
2019_13_GB_NYG,2019,13,NYG,GB,44.0,48.65625,46.6875
2019_13_LAC_DEN,2019,13,DEN,LAC,43.0,44.84375,46.6875
2019_13_LA_ARI,2019,13,ARI,LAR,41.0,48.78125,46.6875
2019_13_MIN_SEA,2019,13,SEA,MIN,67.0,46.125,46.6875
2019_13_NE_HOU,2019,13,HOU,NE,50.0,46.21875,46.6875
2019_13_NO_ATL,2019,13,ATL,NO,44.0,52.9375,46.6875
2019_13_NYJ_CIN,2019,13,CIN,NYJ,28.0,49.90625,46.6875
2019_13_OAK_KC,2019,13,KC,LV,49.0,54.46875,46.6875
2019_13_PHI_MIA,2019,13,MIA,PHI,68.0,45.84375,46.6875
2019_13_SF_BAL,2019,13,BAL,SF,37.0,45.40625,46.6875
2019_13_TB_JAX,2019,13,JAX,TB,39.0,44.40625,46.6875
2019_13_TEN_IND,2019,13,IND,TEN,48.0,43.4375,46.6875
2019_13_WAS_CAR,2019,13,CAR,WAS,50.0,43.6875,46.6875
2019_14_BAL_BUF,2019,14,BUF,BAL,41.0,41.21875,46.6875
2019_14_CAR_ATL,2019,14,ATL,CAR,60.0,49.84375,46.6875
2019_14_CIN_CLE,2019,14,CLE,CIN,46.0,49.1875,46.6875
2019_14_DAL_CHI,2019,14,CHI,DAL,55.0,42.71875,46.6875
2019_14_DEN_HOU,2019,14,HOU,DEN,62.0,43.625,46.6875
2019_14_DET_MIN,2019,14,MIN,DET,27.0,43.28125,46.6875
2019_14_IND_TB,2019,14,TB,IND,73.0,51.15625,46.6875
2019_14_KC_NE,2019,14,NE,KC,39.0,54.59375,46.6875
2019_14_LAC_JAX,2019,14,JAX,LAC,55.0,41.1875,46.6875
2019_14_MIA_NYJ,2019,14,NYJ,MIA,43.0,47.6875,46.6875
2019_14_NYG_PHI,2019,14,PHI,NYG,40.0,46.75,46.6875
2019_14_PIT_ARI,2019,14,ARI,PIT,40.0,44.9375,46.6875
2019_14_SEA_LA,2019,14,LAR,SEA,40.0,52.6875,46.6875
2019_14_SF_NO,2019,14,NO,SF,94.0,51.0625,46.6875
2019_14_TEN_OAK,2019,14,LV,TEN,63.0,42.8125,46.6875
2019_14_WAS_GB,2019,14,GB,WAS,35.0,44.25,46.6875
2019_15_ATL_SF,2019,15,SF,ATL,51.0,50.4375,46.6875
2019_15_BUF_PIT,2019,15,PIT,BUF,27.0,44.71875,46.6875
2019_15_CHI_GB,2019,15,GB,CHI,34.0,46.25,46.6875
2019_15_CLE_ARI,2019,15,ARI,CLE,62.0,43.78125,46.6875
2019_15_DEN_KC,2019,15,KC,DEN,26.0,52.0,46.6875
2019_15_HOU_TEN,2019,15,TEN,HOU,45.0,41.59375,46.6875
2019_15_IND_NO,2019,15,NO,IND,41.0,51.0625,46.6875
2019_15_JAX_OAK,2019,15,LV,JAX,36.0,41.1875,46.6875
2019_15_LA_DAL,2019,15,DAL,LAR,65.0,49.1875,46.6875
2019_15_MIA_NYG,2019,15,NYG,MIA,56.0,47.90625,46.6875
2019_15_MIN_LAC,2019,15,LAC,MIN,49.0,45.5625,46.6875
2019_15_NE_CIN,2019,15,CIN,NE,47.0,49.5,46.6875
2019_15_NYJ_BAL,2019,15,BAL,NYJ,63.0,45.3125,46.6875
2019_15_PHI_WAS,2019,15,WAS,PHI,64.0,42.34375,46.6875
2019_15_SEA_CAR,2019,15,CAR,SEA,54.0,47.90625,46.6875
2019_15_TB_DET,2019,15,DET,TB,55.0,48.25,46.6875
2019_16_ARI_SEA,2019,16,SEA,ARI,40.0,44.53125,46.6875
2019_16_BAL_CLE,2019,16,CLE,BAL,46.0,44.59375,46.6875
2019_16_BUF_NE,2019,16,NE,BUF,41.0,43.875,46.6875
2019_16_CAR_IND,2019,16,IND,CAR,44.0,47.96875,46.6875
2019_16_CIN_MIA,2019,16,MIA,CIN,73.0,49.21875,46.6875
2019_16_DAL_PHI,2019,16,PHI,DAL,26.0,43.0625,46.6875
2019_16_DET_DEN,2019,16,DEN,DET,44.0,42.5625,46.6875
2019_16_GB_MIN,2019,16,MIN,GB,33.0,46.15625,46.6875
2019_16_HOU_TB,2019,16,TB,HOU,43.0,49.3125,46.6875
2019_16_JAX_ATL,2019,16,ATL,JAX,36.0,43.6875,46.6875
2019_16_KC_CHI,2019,16,CHI,KC,29.0,52.8125,46.6875
2019_16_LA_SF,2019,16,SF,LAR,65.0,52.75,46.6875
2019_16_NO_TEN,2019,16,TEN,NO,66.0,45.9375,46.6875
2019_16_NYG_WAS,2019,16,WAS,NYG,76.0,44.40625,46.6875
2019_16_OAK_LAC,2019,16,LAC,LV,41.0,47.3125,46.6875
2019_16_PIT_NYJ,2019,16,NYJ,PIT,26.0,48.8125,46.6875
2019_17_ARI_LA,2019,17,LAR,ARI,55.0,48.78125,46.6875
2019_17_ATL_TB,2019,17,TB,ATL,50.0,53.03125,46.6875
2019_17_CHI_MIN,2019,17,MIN,CHI,40.0,43.90625,46.6875
2019_17_CLE_CIN,2019,17,CIN,CLE,56.0,49.1875,46.6875
2019_17_GB_DET,2019,17,DET,GB,43.0,45.625,46.6875
2019_17_IND_JAX,2019,17,JAX,IND,58.0,41.8125,46.6875
2019_17_LAC_KC,2019,17,KC,LAC,52.0,54.46875,46.6875
2019_17_MIA_NE,2019,17,NE,MIA,51.0,47.28125,46.6875
2019_17_NO_CAR,2019,17,CAR,NO,52.0,50.46875,46.6875
2019_17_NYJ_BUF,2019,17,BUF,NYJ,19.0,44.28125,46.6875
2019_17_OAK_DEN,2019,17,DEN,LV,31.0,44.84375,46.6875
2019_17_PHI_NYG,2019,17,NYG,PHI,51.0,46.75,46.6875
2019_17_PIT_BAL,2019,17,BAL,PIT,38.0,45.75,46.6875
2019_17_SF_SEA,2019,17,SEA,SF,47.0,48.5,46.6875
2019_17_TEN_HOU,2019,17,HOU,TEN,49.0,41.59375,46.6875
2019_17_WAS_DAL,2019,17,DAL,WAS,63.0,40.71875,46.6875
2020_01_ARI_SF,2020,1,SF,ARI,44.0,49.75,45.625
2020_01_CHI_DET,2020,1,DET,CHI,50.0,41.9375,45.625
2020_01_CLE_BAL,2020,1,BAL,CLE,44.0,48.15625,45.625
2020_01_DAL_LA,2020,1,LAR,DAL,37.0,47.28125,45.625
2020_01_GB_MIN,2020,1,MIN,GB,77.0,43.71875,45.625
2020_01_HOU_KC,2020,1,KC,HOU,54.0,47.5625,45.625
2020_01_IND_JAX,2020,1,JAX,IND,47.0,44.71875,45.625
2020_01_LAC_CIN,2020,1,CIN,LAC,29.0,43.15625,45.625
2020_01_LV_CAR,2020,1,CAR,LV,64.0,48.1875,45.625
2020_01_MIA_NE,2020,1,NE,MIA,32.0,45.15625,45.625
2020_01_NYJ_BUF,2020,1,BUF,NYJ,44.0,37.75,45.625
2020_01_PHI_WAS,2020,1,WAS,PHI,44.0,45.0,45.625
2020_01_PIT_NYG,2020,1,NYG,PIT,42.0,43.25,45.625
2020_01_SEA_ATL,2020,1,ATL,SEA,63.0,49.46875,45.625
2020_01_TB_NO,2020,1,NO,TB,57.0,53.3125,45.625
2020_01_TEN_DEN,2020,1,DEN,TEN,30.0,41.59375,45.625
2020_02_ATL_DAL,2020,2,DAL,ATL,79.0,47.96875,45.625
2020_02_BAL_HOU,2020,2,HOU,BAL,49.0,49.25,45.625
2020_02_BUF_MIA,2020,2,MIA,BUF,59.0,42.90625,45.625
2020_02_CAR_TB,2020,2,TB,CAR,48.0,53.65625,45.625
2020_02_CIN_CLE,2020,2,CLE,CIN,65.0,44.59375,45.625
2020_02_DEN_PIT,2020,2,PIT,DEN,47.0,37.1875,45.625
2020_02_DET_GB,2020,2,GB,DET,63.0,45.40625,45.625
2020_02_JAX_TEN,2020,2,TEN,JAX,63.0,44.6875,45.625
2020_02_KC_LAC,2020,2,LAC,KC,43.0,45.03125,45.625
2020_02_LA_PHI,2020,2,PHI,LAR,56.0,46.78125,45.625
2020_02_MIN_IND,2020,2,IND,MIN,39.0,45.125,45.625
2020_02_NE_SEA,2020,2,SEA,NE,65.0,45.25,45.625
2020_02_NO_LV,2020,2,LV,NO,58.0,47.84375,45.625
2020_02_NYG_CHI,2020,2,CHI,NYG,30.0,42.8125,45.625
2020_02_SF_NYJ,2020,2,NYJ,SF,44.0,44.5,45.625
2020_02_WAS_ARI,2020,2,ARI,WAS,45.0,47.0,45.625
2020_03_CAR_LAC,2020,3,LAC,CAR,37.0,46.625,45.625
2020_03_CHI_ATL,2020,3,ATL,CHI,56.0,42.4375,45.625
2020_03_CIN_PHI,2020,3,PHI,CIN,46.0,44.9375,45.625
2020_03_DAL_SEA,2020,3,SEA,DAL,69.0,48.6875,45.625
2020_03_DET_ARI,2020,3,ARI,DET,49.0,48.96875,45.625
2020_03_GB_NO,2020,3,NO,GB,67.0,46.5,45.625
2020_03_HOU_PIT,2020,3,PIT,HOU,49.0,42.34375,45.625
2020_03_KC_BAL,2020,3,BAL,KC,54.0,49.125,45.625
2020_03_LA_BUF,2020,3,BUF,LAR,67.0,41.59375,45.625
2020_03_LV_NE,2020,3,NE,LV,56.0,43.03125,45.625
2020_03_MIA_JAX,2020,3,JAX,MIA,44.0,46.78125,45.625
2020_03_NYJ_IND,2020,3,IND,NYJ,43.0,42.78125,45.625
2020_03_SF_NYG,2020,3,NYG,SF,45.0,49.40625,45.625
2020_03_TB_DEN,2020,3,DEN,TB,38.0,47.03125,45.625
2020_03_TEN_MIN,2020,3,MIN,TEN,61.0,45.09375,45.625
2020_03_WAS_CLE,2020,3,CLE,WAS,54.0,44.65625,45.625
2020_04_ARI_CAR,2020,4,CAR,ARI,52.0,50.40625,45.625
2020_04_ATL_GB,2020,4,GB,ATL,46.0,45.90625,45.625
2020_04_BAL_WAS,2020,4,WAS,BAL,48.0,47.3125,45.625
2020_04_BUF_LV,2020,4,LV,BUF,53.0,40.78125,45.625
2020_04_CLE_DAL,2020,4,DAL,CLE,87.0,46.34375,45.625
2020_04_DEN_NYJ,2020,4,NYJ,DEN,65.0,38.53125,45.625
2020_04_IND_CHI,2020,4,CHI,IND,30.0,41.0,45.625
2020_04_JAX_CIN,2020,4,CIN,JAX,58.0,43.625,45.625
2020_04_LAC_TB,2020,4,TB,LAC,69.0,49.65625,45.625
2020_04_MIN_HOU,2020,4,HOU,MIN,54.0,46.03125,45.625
2020_04_NE_KC,2020,4,KC,NE,36.0,43.875,45.625
2020_04_NO_DET,2020,4,DET,NO,64.0,48.84375,45.625
2020_04_NYG_LA,2020,4,LAR,NYG,26.0,48.4375,45.625
2020_04_PHI_SF,2020,4,SF,PHI,45.0,47.75,45.625
2020_04_SEA_MIA,2020,4,MIA,SEA,54.0,50.09375,45.625
2020_05_ARI_NYJ,2020,5,NYJ,ARI,40.0,44.9375,45.625
2020_05_BUF_TEN,2020,5,TEN,BUF,58.0,40.8125,45.625
2020_05_CAR_ATL,2020,5,ATL,CAR,39.0,49.6875,45.625
2020_05_CIN_BAL,2020,5,BAL,CIN,30.0,47.25,45.625
2020_05_IND_CLE,2020,5,CLE,IND,55.0,45.6875,45.625
2020_05_JAX_HOU,2020,5,HOU,JAX,44.0,45.625,45.625
2020_05_LAC_NO,2020,5,NO,LAC,57.0,46.28125,45.625
2020_05_LA_WAS,2020,5,WAS,LAR,40.0,45.59375,45.625
2020_05_LV_KC,2020,5,KC,LV,72.0,46.59375,45.625
2020_05_MIA_SF,2020,5,SF,MIA,60.0,49.65625,45.625
2020_05_MIN_SEA,2020,5,SEA,MIN,53.0,47.28125,45.625
2020_05_NYG_DAL,2020,5,DAL,NYG,71.0,48.34375,45.625
2020_05_PHI_PIT,2020,5,PIT,PHI,67.0,41.59375,45.625
2020_05_TB_CHI,2020,5,CHI,TB,39.0,46.40625,45.625
2020_06_ARI_DAL,2020,6,DAL,ARI,48.0,48.6875,45.625
2020_06_ATL_MIN,2020,6,MIN,ATL,63.0,46.5625,45.625
2020_06_BAL_PHI,2020,6,PHI,BAL,58.0,48.5,45.625
2020_06_CHI_CAR,2020,6,CAR,CHI,39.0,43.375,45.625
2020_06_CIN_IND,2020,6,IND,CIN,58.0,44.78125,45.625
2020_06_CLE_PIT,2020,6,PIT,CLE,45.0,41.25,45.625
2020_06_DEN_NE,2020,6,NE,DEN,30.0,38.84375,45.625
2020_06_DET_JAX,2020,6,JAX,DET,50.0,45.65625,45.625
2020_06_GB_TB,2020,6,TB,GB,48.0,49.875,45.625
2020_06_HOU_TEN,2020,6,TEN,HOU,78.0,46.75,45.625
2020_06_KC_BUF,2020,6,BUF,KC,43.0,41.625,45.625
2020_06_LA_SF,2020,6,SF,LAR,40.0,48.34375,45.625
2020_06_NYJ_MIA,2020,6,MIA,NYJ,24.0,44.84375,45.625
2020_06_WAS_NYG,2020,6,NYG,WAS,39.0,46.65625,45.625
2020_07_BUF_NYJ,2020,7,NYJ,BUF,28.0,37.75,45.625
2020_07_CAR_NO,2020,7,NO,CAR,51.0,50.28125,45.625
2020_07_CHI_LA,2020,7,LAR,CHI,34.0,41.75,45.625
2020_07_CLE_CIN,2020,7,CIN,CLE,71.0,44.59375,45.625
2020_07_DAL_WAS,2020,7,WAS,DAL,28.0,45.5,45.625
2020_07_DET_ATL,2020,7,ATL,DET,45.0,48.25,45.625
2020_07_GB_HOU,2020,7,HOU,GB,55.0,45.375,45.625
2020_07_JAX_LAC,2020,7,LAC,JAX,68.0,43.09375,45.625
2020_07_KC_DEN,2020,7,DEN,KC,59.0,42.40625,45.625
2020_07_NYG_PHI,2020,7,PHI,NYG,43.0,47.84375,45.625
2020_07_PIT_TEN,2020,7,TEN,PIT,51.0,41.40625,45.625
2020_07_SEA_ARI,2020,7,ARI,SEA,71.0,50.1875,45.625
2020_07_SF_NE,2020,7,NE,SF,39.0,44.8125,45.625
2020_07_TB_LV,2020,7,LV,TB,65.0,51.21875,45.625
2020_08_ATL_CAR,2020,8,CAR,ATL,42.0,49.6875,45.625
2020_08_DAL_PHI,2020,8,PHI,DAL,32.0,46.6875,45.625
2020_08_IND_DET,2020,8,DET,IND,62.0,46.8125,45.625
2020_08_LAC_DEN,2020,8,DEN,LAC,61.0,40.0,45.625
2020_08_LA_MIA,2020,8,MIA,LAR,45.0,48.6875,45.625
2020_08_LV_CLE,2020,8,CLE,LV,22.0,45.625,45.625
2020_08_MIN_GB,2020,8,GB,MIN,50.0,43.71875,45.625
2020_08_NE_BUF,2020,8,BUF,NE,45.0,38.0625,45.625
2020_08_NO_CHI,2020,8,CHI,NO,49.0,43.03125,45.625
2020_08_NYJ_KC,2020,8,KC,NYJ,44.0,43.5625,45.625
2020_08_PIT_BAL,2020,8,BAL,PIT,52.0,43.90625,45.625
2020_08_SF_SEA,2020,8,SEA,SF,64.0,49.75,45.625
2020_08_TB_NYG,2020,8,NYG,TB,48.0,53.09375,45.625
2020_08_TEN_CIN,2020,8,CIN,TEN,51.0,44.75,45.625
2020_09_BAL_IND,2020,9,IND,BAL,34.0,48.34375,45.625
2020_09_CAR_KC,2020,9,KC,CAR,64.0,49.03125,45.625
2020_09_CHI_TEN,2020,9,TEN,CHI,41.0,40.96875,45.625
2020_09_DEN_ATL,2020,9,ATL,DEN,61.0,43.0625,45.625
2020_09_DET_MIN,2020,9,MIN,DET,54.0,46.0625,45.625
2020_09_GB_SF,2020,9,SF,GB,51.0,46.1875,45.625
2020_09_HOU_JAX,2020,9,JAX,HOU,52.0,45.625,45.625
2020_09_LV_LAC,2020,9,LAC,LV,57.0,44.1875,45.625
2020_09_MIA_ARI,2020,9,ARI,MIA,65.0,50.09375,45.625
2020_09_NE_NYJ,2020,9,NYJ,NE,57.0,40.0,45.625
2020_09_NO_TB,2020,9,TB,NO,41.0,53.3125,45.625
2020_09_NYG_WAS,2020,9,WAS,NYG,43.0,46.65625,45.625
2020_09_PIT_DAL,2020,9,DAL,PIT,43.0,42.09375,45.625
2020_09_SEA_BUF,2020,9,BUF,SEA,78.0,43.0,45.625
2020_10_BAL_NE,2020,10,NE,BAL,40.0,45.5625,45.625
2020_10_BUF_ARI,2020,10,ARI,BUF,62.0,43.0,45.625
2020_10_CIN_PIT,2020,10,PIT,CIN,46.0,40.34375,45.625
2020_10_DEN_LV,2020,10,LV,DEN,49.0,41.5625,45.625
2020_10_HOU_CLE,2020,10,CLE,HOU,17.0,46.59375,45.625
2020_10_IND_TEN,2020,10,TEN,IND,51.0,45.84375,45.625
2020_10_JAX_GB,2020,10,GB,JAX,44.0,43.3125,45.625
2020_10_LAC_MIA,2020,10,MIA,LAC,50.0,46.3125,45.625
2020_10_MIN_CHI,2020,10,CHI,MIN,32.0,40.25,45.625
2020_10_PHI_NYG,2020,10,NYG,PHI,44.0,47.84375,45.625
2020_10_SEA_LA,2020,10,LAR,SEA,39.0,48.78125,45.625
2020_10_SF_NO,2020,10,NO,SF,40.0,49.625,45.625
2020_10_TB_CAR,2020,10,CAR,TB,69.0,53.65625,45.625
2020_10_WAS_DET,2020,10,DET,WAS,57.0,45.78125,45.625
2020_11_ARI_SEA,2020,11,SEA,ARI,49.0,50.1875,45.625
2020_11_ATL_NO,2020,11,NO,ATL,33.0,49.34375,45.625
2020_11_CIN_WAS,2020,11,WAS,CIN,29.0,43.75,45.625
2020_11_DAL_MIN,2020,11,MIN,DAL,59.0,45.78125,45.625
2020_11_DET_CAR,2020,11,CAR,DET,20.0,49.1875,45.625
2020_11_GB_IND,2020,11,IND,GB,65.0,44.46875,45.625
2020_11_KC_LV,2020,11,LV,KC,66.0,46.59375,45.625
2020_11_LA_TB,2020,11,TB,LAR,51.0,52.03125,45.625
2020_11_MIA_DEN,2020,11,DEN,MIA,33.0,43.6875,45.625
2020_11_NE_HOU,2020,11,HOU,NE,47.0,44.0,45.625
2020_11_NYJ_LAC,2020,11,LAC,NYJ,62.0,41.15625,45.625
2020_11_PHI_CLE,2020,11,CLE,PHI,39.0,45.84375,45.625
2020_11_PIT_JAX,2020,11,JAX,PIT,30.0,40.28125,45.625
2020_11_TEN_BAL,2020,11,BAL,TEN,54.0,48.3125,45.625
2020_12_ARI_NE,2020,12,NE,ARI,37.0,45.25,45.625
2020_12_BAL_PIT,2020,12,PIT,BAL,33.0,43.90625,45.625
2020_12_CAR_MIN,2020,12,MIN,CAR,55.0,47.5,45.625
2020_12_CHI_GB,2020,12,GB,CHI,66.0,39.59375,45.625
2020_12_CLE_JAX,2020,12,JAX,CLE,52.0,44.53125,45.625
2020_12_HOU_DET,2020,12,DET,HOU,66.0,47.71875,45.625
2020_12_KC_TB,2020,12,TB,KC,51.0,52.0625,45.625
2020_12_LAC_BUF,2020,12,BUF,LAC,44.0,39.21875,45.625
2020_12_LV_ATL,2020,12,ATL,LV,49.0,47.25,45.625
2020_12_MIA_NYJ,2020,12,NYJ,MIA,23.0,44.84375,45.625
2020_12_NO_DEN,2020,12,DEN,NO,34.0,43.65625,45.625
2020_12_NYG_CIN,2020,12,CIN,NYG,36.0,46.59375,45.625
2020_12_SEA_PHI,2020,12,PHI,SEA,40.0,48.1875,45.625
2020_12_SF_LA,2020,12,LAR,SF,43.0,48.34375,45.625
2020_12_TEN_IND,2020,12,IND,TEN,71.0,45.84375,45.625
2020_12_WAS_DAL,2020,12,DAL,WAS,57.0,45.5,45.625
2020_13_BUF_SF,2020,13,SF,BUF,58.0,42.5625,45.625
2020_13_CIN_MIA,2020,13,MIA,CIN,26.0,46.84375,45.625
2020_13_CLE_TEN,2020,13,TEN,CLE,76.0,45.65625,45.625
2020_13_DAL_BAL,2020,13,BAL,DAL,51.0,49.0,45.625
2020_13_DEN_KC,2020,13,KC,DEN,38.0,42.40625,45.625
2020_13_DET_CHI,2020,13,CHI,DET,64.0,41.9375,45.625
2020_13_IND_HOU,2020,13,HOU,IND,46.0,46.78125,45.625
2020_13_JAX_MIN,2020,13,MIN,JAX,51.0,43.96875,45.625
2020_13_LA_ARI,2020,13,ARI,LAR,66.0,48.78125,45.625
2020_13_LV_NYJ,2020,13,NYJ,LV,59.0,42.71875,45.625
2020_13_NE_LAC,2020,13,LAC,NE,45.0,41.46875,45.625
2020_13_NO_ATL,2020,13,ATL,NO,37.0,49.34375,45.625
2020_13_NYG_SEA,2020,13,SEA,NYG,29.0,49.84375,45.625
2020_13_PHI_GB,2020,13,GB,PHI,46.0,44.625,45.625
2020_13_WAS_PIT,2020,13,PIT,WAS,40.0,40.40625,45.625
2020_14_ARI_NYG,2020,14,NYG,ARI,33.0,49.84375,45.625
2020_14_ATL_LAC,2020,14,LAC,ATL,37.0,45.6875,45.625
2020_14_BAL_CLE,2020,14,CLE,BAL,89.0,48.15625,45.625
2020_14_DAL_CIN,2020,14,CIN,DAL,37.0,45.4375,45.625
2020_14_DEN_CAR,2020,14,CAR,DEN,59.0,44.0,45.625
2020_14_GB_DET,2020,14,DET,GB,55.0,45.40625,45.625
2020_14_HOU_CHI,2020,14,CHI,HOU,43.0,41.90625,45.625
2020_14_IND_LV,2020,14,LV,IND,71.0,45.8125,45.625
2020_14_KC_MIA,2020,14,MIA,KC,60.0,48.71875,45.625
2020_14_MIN_TB,2020,14,TB,MIN,40.0,50.53125,45.625
2020_14_NE_LA,2020,14,LAR,NE,27.0,43.84375,45.625
2020_14_NO_PHI,2020,14,PHI,NO,45.0,48.0625,45.625
2020_14_NYJ_SEA,2020,14,SEA,NYJ,43.0,44.9375,45.625
2020_14_PIT_BUF,2020,14,BUF,PIT,41.0,36.40625,45.625
2020_14_TEN_JAX,2020,14,JAX,TEN,41.0,44.6875,45.625
2020_14_WAS_SF,2020,14,SF,WAS,38.0,46.5625,45.625
2020_15_BUF_DEN,2020,15,DEN,BUF,67.0,36.59375,45.625
2020_15_CAR_GB,2020,15,GB,CAR,40.0,46.84375,45.625
2020_15_CHI_MIN,2020,15,MIN,CHI,60.0,40.25,45.625
2020_15_CLE_NYG,2020,15,NYG,CLE,26.0,47.5,45.625
2020_15_DET_TEN,2020,15,TEN,DET,71.0,46.78125,45.625
2020_15_HOU_IND,2020,15,IND,HOU,47.0,46.78125,45.625
2020_15_JAX_BAL,2020,15,BAL,JAX,54.0,47.1875,45.625
2020_15_KC_NO,2020,15,NO,KC,61.0,48.6875,45.625
2020_15_LAC_LV,2020,15,LV,LAC,57.0,44.1875,45.625
2020_15_NE_MIA,2020,15,MIA,NE,34.0,45.15625,45.625
2020_15_NYJ_LA,2020,15,LAR,NYJ,43.0,43.53125,45.625
2020_15_PHI_ARI,2020,15,ARI,PHI,59.0,48.1875,45.625
2020_15_PIT_CIN,2020,15,CIN,PIT,44.0,40.34375,45.625
2020_15_SEA_WAS,2020,15,WAS,SEA,35.0,47.0,45.625
2020_15_SF_DAL,2020,15,DAL,SF,74.0,48.25,45.625
2020_15_TB_ATL,2020,15,ATL,TB,58.0,52.71875,45.625
2020_16_ATL_KC,2020,16,KC,ATL,31.0,48.09375,45.625
2020_16_BUF_NE,2020,16,NE,BUF,47.0,38.0625,45.625
2020_16_CAR_WAS,2020,16,WAS,CAR,33.0,47.21875,45.625
2020_16_CHI_JAX,2020,16,JAX,CHI,58.0,39.84375,45.625
2020_16_CIN_HOU,2020,16,HOU,CIN,68.0,45.6875,45.625
2020_16_CLE_NYJ,2020,16,NYJ,CLE,39.0,42.59375,45.625
2020_16_DEN_LAC,2020,16,LAC,DEN,35.0,40.0,45.625
2020_16_IND_PIT,2020,16,PIT,IND,52.0,41.4375,45.625
2020_16_LA_SEA,2020,16,SEA,LAR,29.0,48.78125,45.625
2020_16_MIA_LV,2020,16,LV,MIA,51.0,47.875,45.625
2020_16_MIN_NO,2020,16,NO,MIN,85.0,47.15625,45.625
2020_16_NYG_BAL,2020,16,BAL,NYG,40.0,50.15625,45.625
2020_16_PHI_DAL,2020,16,DAL,PHI,54.0,46.6875,45.625
2020_16_SF_ARI,2020,16,ARI,SF,32.0,49.75,45.625
2020_16_TB_DET,2020,16,DET,TB,54.0,52.21875,45.625
2020_16_TEN_GB,2020,16,GB,TEN,54.0,44.4375,45.625
2020_17_ARI_LA,2020,17,LAR,ARI,25.0,48.78125,45.625
2020_17_ATL_TB,2020,17,TB,ATL,71.0,52.71875,45.625
2020_17_BAL_CIN,2020,17,CIN,BAL,41.0,47.25,45.625
2020_17_DAL_NYG,2020,17,NYG,DAL,42.0,48.34375,45.625
2020_17_GB_CHI,2020,17,CHI,GB,51.0,39.59375,45.625
2020_17_JAX_IND,2020,17,IND,JAX,42.0,44.71875,45.625
2020_17_LAC_KC,2020,17,KC,LAC,59.0,45.03125,45.625
2020_17_LV_DEN,2020,17,DEN,LV,63.0,41.5625,45.625
2020_17_MIA_BUF,2020,17,BUF,MIA,82.0,42.90625,45.625
2020_17_MIN_DET,2020,17,DET,MIN,72.0,46.0625,45.625
2020_17_NO_CAR,2020,17,CAR,NO,40.0,50.28125,45.625
2020_17_NYJ_NE,2020,17,NE,NYJ,42.0,40.0,45.625
2020_17_PIT_CLE,2020,17,CLE,PIT,46.0,41.25,45.625
2020_17_SEA_SF,2020,17,SF,SEA,49.0,49.75,45.625
2020_17_TEN_HOU,2020,17,HOU,TEN,79.0,46.75,45.625
2020_17_WAS_PHI,2020,17,PHI,WAS,34.0,45.0,45.625
2021_01_ARI_TEN,2021,1,TEN,ARI,51.0,53.34375,49.578125
2021_01_BAL_LV,2021,1,LV,BAL,60.0,52.59375,49.578125
2021_01_CHI_LA,2021,1,LAR,CHI,48.0,44.0625,49.578125
2021_01_CLE_KC,2021,1,KC,CLE,62.0,51.9375,49.578125
2021_01_DAL_TB,2021,1,TB,DAL,60.0,53.59375,49.578125
2021_01_DEN_NYG,2021,1,NYG,DEN,40.0,43.9375,49.578125
2021_01_GB_NO,2021,1,NO,GB,41.0,53.03125,49.578125
2021_01_JAX_HOU,2021,1,HOU,JAX,58.0,51.4375,49.578125
2021_01_LAC_WAS,2021,1,WAS,LAC,36.0,46.0625,49.578125
2021_01_MIA_NE,2021,1,NE,MIA,33.0,44.40625,49.578125
2021_01_MIN_CIN,2021,1,CIN,MIN,51.0,51.25,49.578125
2021_01_NYJ_CAR,2021,1,CAR,NYJ,33.0,45.375,49.578125
2021_01_PHI_ATL,2021,1,ATL,PHI,38.0,48.8125,49.578125
2021_01_PIT_BUF,2021,1,BUF,PIT,39.0,50.125,49.578125
2021_01_SEA_IND,2021,1,IND,SEA,44.0,51.34375,49.578125
2021_01_SF_DET,2021,1,DET,SF,74.0,51.9375,49.578125
2021_02_ATL_TB,2021,2,TB,ATL,73.0,51.78125,49.578125
2021_02_BUF_MIA,2021,2,MIA,BUF,35.0,50.5625,49.578125
2021_02_CIN_CHI,2021,2,CHI,CIN,37.0,46.15625,49.578125
2021_02_DAL_LAC,2021,2,LAC,DAL,37.0,52.4375,49.578125
2021_02_DEN_JAX,2021,2,JAX,DEN,36.0,48.96875,49.578125
2021_02_DET_GB,2021,2,GB,DET,52.0,55.4375,49.578125
2021_02_HOU_CLE,2021,2,CLE,HOU,52.0,52.34375,49.578125
2021_02_KC_BAL,2021,2,BAL,KC,71.0,50.1875,49.578125
2021_02_LA_IND,2021,2,IND,LAR,51.0,46.28125,49.578125
2021_02_LV_PIT,2021,2,PIT,LV,43.0,51.25,49.578125
2021_02_MIN_ARI,2021,2,ARI,MIN,67.0,52.5625,49.578125
2021_02_NE_NYJ,2021,2,NYJ,NE,31.0,43.09375,49.578125
2021_02_NO_CAR,2021,2,CAR,NO,33.0,49.09375,49.578125
2021_02_NYG_WAS,2021,2,WAS,NYG,59.0,40.65625,49.578125
2021_02_SF_PHI,2021,2,PHI,SF,28.0,47.4375,49.578125
2021_02_TEN_SEA,2021,2,SEA,TEN,63.0,55.0,49.578125
2021_03_ARI_JAX,2021,3,JAX,ARI,50.0,49.21875,49.578125
2021_03_ATL_NYG,2021,3,NYG,ATL,31.0,45.21875,49.578125
2021_03_BAL_DET,2021,3,DET,BAL,36.0,52.09375,49.578125
2021_03_CAR_HOU,2021,3,HOU,CAR,33.0,50.0,49.578125
2021_03_CHI_CLE,2021,3,CLE,CHI,32.0,49.03125,49.578125
2021_03_CIN_PIT,2021,3,PIT,CIN,34.0,45.71875,49.578125
2021_03_GB_SF,2021,3,SF,GB,58.0,51.375,49.578125
2021_03_IND_TEN,2021,3,TEN,IND,41.0,54.46875,49.578125
2021_03_LAC_KC,2021,3,KC,LAC,54.0,51.40625,49.578125
2021_03_MIA_LV,2021,3,LV,MIA,59.0,51.6875,49.578125
2021_03_NO_NE,2021,3,NE,NO,41.0,46.8125,49.578125
2021_03_NYJ_DEN,2021,3,DEN,NYJ,26.0,45.90625,49.578125
2021_03_PHI_DAL,2021,3,DAL,PHI,62.0,50.625,49.578125
2021_03_SEA_MIN,2021,3,MIN,SEA,47.0,54.21875,49.578125
2021_03_TB_LA,2021,3,LAR,TB,58.0,47.34375,49.578125
2021_03_WAS_BUF,2021,3,BUF,WAS,64.0,48.125,49.578125
2021_04_ARI_LA,2021,4,LAR,ARI,57.0,45.15625,49.578125
2021_04_BAL_DEN,2021,4,DEN,BAL,30.0,48.125,49.578125
2021_04_CAR_DAL,2021,4,DAL,CAR,64.0,50.625,49.578125
2021_04_CLE_MIN,2021,4,MIN,CLE,21.0,54.125,49.578125
2021_04_DET_CHI,2021,4,CHI,DET,38.0,51.1875,49.578125
2021_04_HOU_BUF,2021,4,BUF,HOU,40.0,53.875,49.578125
2021_04_IND_MIA,2021,4,MIA,IND,44.0,48.59375,49.578125
2021_04_JAX_CIN,2021,4,CIN,JAX,45.0,47.90625,49.578125
2021_04_KC_PHI,2021,4,PHI,KC,72.0,49.59375,49.578125
2021_04_LV_LAC,2021,4,LAC,LV,42.0,53.8125,49.578125
2021_04_NYG_NO,2021,4,NO,NYG,48.0,45.5,49.578125
2021_04_PIT_GB,2021,4,GB,PIT,44.0,50.1875,49.578125
2021_04_SEA_SF,2021,4,SF,SEA,49.0,49.875,49.578125
2021_04_TB_NE,2021,4,NE,TB,36.0,47.6875,49.578125
2021_04_TEN_NYJ,2021,4,NYJ,TEN,51.0,50.9375,49.578125
2021_04_WAS_ATL,2021,4,ATL,WAS,64.0,46.0625,49.578125
2021_05_BUF_KC,2021,5,KC,BUF,58.0,53.46875,49.578125
2021_05_CHI_LV,2021,5,LV,CHI,29.0,51.6875,49.578125
2021_05_CLE_LAC,2021,5,LAC,CLE,89.0,51.15625,49.578125
2021_05_DEN_PIT,2021,5,PIT,DEN,46.0,46.78125,49.578125
2021_05_DET_MIN,2021,5,MIN,DET,36.0,56.28125,49.578125
2021_05_GB_CIN,2021,5,CIN,GB,47.0,50.40625,49.578125
2021_05_IND_BAL,2021,5,BAL,IND,56.0,49.5,49.578125
2021_05_LA_SEA,2021,5,SEA,LAR,43.0,46.8125,49.578125
2021_05_MIA_TB,2021,5,TB,MIA,62.0,49.65625,49.578125
2021_05_NE_HOU,2021,5,HOU,NE,47.0,47.71875,49.578125
2021_05_NO_WAS,2021,5,WAS,NO,55.0,46.34375,49.578125
2021_05_NYG_DAL,2021,5,DAL,NYG,64.0,47.03125,49.578125
2021_05_NYJ_ATL,2021,5,ATL,NYJ,47.0,47.1875,49.578125
2021_05_PHI_CAR,2021,5,CAR,PHI,39.0,47.0,49.578125
2021_05_SF_ARI,2021,5,ARI,SF,27.0,48.21875,49.578125
2021_05_TEN_JAX,2021,5,JAX,TEN,56.0,54.0,49.578125
2021_06_ARI_CLE,2021,6,CLE,ARI,51.0,50.125,49.578125
2021_06_BUF_TEN,2021,6,TEN,BUF,65.0,56.4375,49.578125
2021_06_CIN_DET,2021,6,DET,CIN,45.0,50.96875,49.578125
2021_06_DAL_NE,2021,6,NE,DAL,64.0,48.34375,49.578125
2021_06_GB_CHI,2021,6,CHI,GB,38.0,50.625,49.578125
2021_06_HOU_IND,2021,6,IND,HOU,34.0,51.90625,49.578125
2021_06_KC_WAS,2021,6,WAS,KC,44.0,46.84375,49.578125
2021_06_LAC_BAL,2021,6,BAL,LAC,40.0,49.40625,49.578125
2021_06_LA_NYG,2021,6,NYG,LAR,49.0,40.78125,49.578125
2021_06_LV_DEN,2021,6,DEN,LV,58.0,52.53125,49.578125
2021_06_MIA_JAX,2021,6,JAX,MIA,43.0,48.125,49.578125
2021_06_MIN_CAR,2021,6,CAR,MIN,62.0,51.78125,49.578125
2021_06_SEA_PIT,2021,6,PIT,SEA,43.0,48.6875,49.578125
2021_06_TB_PHI,2021,6,PHI,TB,50.0,49.96875,49.578125
2021_07_ATL_MIA,2021,7,MIA,ATL,58.0,48.5,49.578125
2021_07_CAR_NYG,2021,7,NYG,CAR,28.0,43.40625,49.578125
2021_07_CHI_TB,2021,7,TB,CHI,41.0,49.65625,49.578125
2021_07_CIN_BAL,2021,7,BAL,CIN,58.0,47.0625,49.578125
2021_07_DEN_CLE,2021,7,CLE,DEN,31.0,49.875,49.578125
2021_07_DET_LA,2021,7,LAR,DET,47.0,48.875,49.578125
2021_07_HOU_ARI,2021,7,ARI,HOU,36.0,50.78125,49.578125
2021_07_IND_SF,2021,7,SF,IND,48.0,49.34375,49.578125
2021_07_KC_TEN,2021,7,TEN,KC,30.0,55.15625,49.578125
2021_07_NO_SEA,2021,7,SEA,NO,23.0,51.53125,49.578125
2021_07_NYJ_NE,2021,7,NE,NYJ,67.0,43.09375,49.578125
2021_07_PHI_LV,2021,7,LV,PHI,55.0,52.0,49.578125
2021_07_WAS_GB,2021,7,GB,WAS,34.0,48.1875,49.578125
2021_08_CAR_ATL,2021,8,ATL,CAR,32.0,48.8125,49.578125
2021_08_CIN_NYJ,2021,8,NYJ,CIN,65.0,44.84375,49.578125
2021_08_DAL_MIN,2021,8,MIN,DAL,36.0,55.40625,49.578125
2021_08_GB_ARI,2021,8,ARI,GB,45.0,51.71875,49.578125
2021_08_JAX_SEA,2021,8,SEA,JAX,38.0,50.875,49.578125
2021_08_LA_HOU,2021,8,HOU,LAR,60.0,47.375,49.578125
2021_08_MIA_BUF,2021,8,BUF,MIA,37.0,50.5625,49.578125
2021_08_NE_LAC,2021,8,LAC,NE,51.0,46.53125,49.578125
2021_08_NYG_KC,2021,8,KC,NYG,37.0,46.0,49.578125
2021_08_PHI_DET,2021,8,DET,PHI,50.0,51.5,49.578125
2021_08_PIT_CLE,2021,8,CLE,PIT,25.0,48.59375,49.578125
2021_08_SF_CHI,2021,8,CHI,SF,55.0,47.125,49.578125
2021_08_TB_NO,2021,8,NO,TB,63.0,52.0625,49.578125
2021_08_TEN_IND,2021,8,IND,TEN,65.0,54.46875,49.578125
2021_08_WAS_DEN,2021,8,DEN,WAS,27.0,44.78125,49.578125
2021_09_ARI_SF,2021,9,SF,ARI,48.0,48.21875,49.578125
2021_09_ATL_NO,2021,9,NO,ATL,52.0,50.90625,49.578125
2021_09_BUF_JAX,2021,9,JAX,BUF,15.0,52.3125,49.578125
2021_09_CHI_PIT,2021,9,PIT,CHI,56.0,45.9375,49.578125
2021_09_CLE_CIN,2021,9,CIN,CLE,57.0,48.8125,49.578125
2021_09_DEN_DAL,2021,9,DAL,DEN,46.0,51.15625,49.578125
2021_09_GB_KC,2021,9,KC,GB,20.0,53.53125,49.578125
2021_09_HOU_MIA,2021,9,MIA,HOU,26.0,49.6875,49.578125
2021_09_LAC_PHI,2021,9,PHI,LAC,51.0,48.8125,49.578125
2021_09_LV_NYG,2021,9,NYG,LV,39.0,48.40625,49.578125
2021_09_MIN_BAL,2021,9,BAL,MIN,65.0,52.375,49.578125
2021_09_NE_CAR,2021,9,CAR,NE,30.0,44.71875,49.578125
2021_09_NYJ_IND,2021,9,IND,NYJ,75.0,47.28125,49.578125
2021_09_TEN_LA,2021,9,LAR,TEN,44.0,49.9375,49.578125
2021_10_ATL_DAL,2021,10,DAL,ATL,46.0,52.4375,49.578125
2021_10_BAL_MIA,2021,10,MIA,BAL,32.0,47.28125,49.578125
2021_10_BUF_NYJ,2021,10,NYJ,BUF,62.0,49.25,49.578125
2021_10_CAR_ARI,2021,10,ARI,CAR,44.0,47.78125,49.578125
2021_10_CLE_NE,2021,10,NE,CLE,52.0,47.0625,49.578125
2021_10_DET_PIT,2021,10,PIT,DET,32.0,50.75,49.578125
2021_10_JAX_IND,2021,10,IND,JAX,40.0,50.34375,49.578125
2021_10_KC_LV,2021,10,LV,KC,55.0,54.59375,49.578125
2021_10_LA_SF,2021,10,SF,LAR,41.0,44.8125,49.578125
2021_10_MIN_LAC,2021,10,LAC,MIN,47.0,53.59375,49.578125
2021_10_NO_TEN,2021,10,TEN,NO,44.0,54.65625,49.578125
2021_10_PHI_DEN,2021,10,DEN,PHI,43.0,47.53125,49.578125
2021_10_SEA_GB,2021,10,GB,SEA,17.0,53.375,49.578125
2021_10_TB_WAS,2021,10,WAS,TB,48.0,47.21875,49.578125
2021_11_ARI_SEA,2021,11,SEA,ARI,36.0,50.21875,49.578125
2021_11_BAL_CHI,2021,11,CHI,BAL,29.0,47.28125,49.578125
2021_11_CIN_LV,2021,11,LV,CIN,45.0,51.46875,49.578125
2021_11_DAL_KC,2021,11,KC,DAL,28.0,53.21875,49.578125
2021_11_DET_CLE,2021,11,CLE,DET,23.0,53.84375,49.578125
2021_11_GB_MIN,2021,11,MIN,GB,65.0,55.71875,49.578125
2021_11_HOU_TEN,2021,11,TEN,HOU,35.0,55.5625,49.578125
2021_11_IND_BUF,2021,11,BUF,IND,56.0,52.78125,49.578125
2021_11_MIA_NYJ,2021,11,NYJ,MIA,41.0,45.0625,49.578125
2021_11_NE_ATL,2021,11,ATL,NE,25.0,46.53125,49.578125
2021_11_NO_PHI,2021,11,PHI,NO,69.0,49.09375,49.578125
2021_11_NYG_TB,2021,11,TB,NYG,40.0,46.375,49.578125
2021_11_PIT_LAC,2021,11,LAC,PIT,78.0,48.0625,49.578125
2021_11_SF_JAX,2021,11,JAX,SF,40.0,48.875,49.578125
2021_11_WAS_CAR,2021,11,CAR,WAS,48.0,44.25,49.578125
2021_12_ATL_JAX,2021,12,JAX,ATL,35.0,50.25,49.578125
2021_12_BUF_NO,2021,12,NO,BUF,37.0,52.96875,49.578125
2021_12_CAR_MIA,2021,12,MIA,CAR,43.0,46.6875,49.578125
2021_12_CHI_DET,2021,12,DET,CHI,30.0,51.1875,49.578125
2021_12_CLE_BAL,2021,12,BAL,CLE,26.0,49.9375,49.578125
2021_12_LAC_DEN,2021,12,DEN,LAC,41.0,49.34375,49.578125
2021_12_LA_GB,2021,12,GB,LAR,64.0,48.3125,49.578125
2021_12_LV_DAL,2021,12,DAL,LV,69.0,55.625,49.578125
2021_12_MIN_SF,2021,12,SF,MIN,60.0,52.21875,49.578125
2021_12_NYJ_HOU,2021,12,HOU,NYJ,35.0,48.375,49.578125
2021_12_PHI_NYG,2021,12,NYG,PHI,20.0,43.40625,49.578125
2021_12_PIT_CIN,2021,12,CIN,PIT,51.0,45.71875,49.578125
2021_12_SEA_WAS,2021,12,WAS,SEA,32.0,46.6875,49.578125
2021_12_TB_IND,2021,12,IND,TB,69.0,51.875,49.578125
2021_12_TEN_NE,2021,12,NE,TEN,49.0,50.28125,49.578125
2021_13_ARI_CHI,2021,13,CHI,ARI,55.0,47.46875,49.578125
2021_13_BAL_PIT,2021,13,PIT,BAL,39.0,46.84375,49.578125
2021_13_DAL_NO,2021,13,NO,DAL,44.0,52.71875,49.578125
2021_13_DEN_KC,2021,13,KC,DEN,31.0,50.125,49.578125
2021_13_IND_HOU,2021,13,HOU,IND,31.0,51.90625,49.578125
2021_13_JAX_LA,2021,13,LAR,JAX,44.0,45.8125,49.578125
2021_13_LAC_CIN,2021,13,CIN,LAC,63.0,48.28125,49.578125
2021_13_MIN_DET,2021,13,DET,MIN,56.0,56.28125,49.578125
2021_13_NE_BUF,2021,13,BUF,NE,24.0,48.59375,49.578125
2021_13_NYG_MIA,2021,13,MIA,NYG,29.0,43.09375,49.578125
2021_13_PHI_NYJ,2021,13,NYJ,PHI,51.0,45.375,49.578125
2021_13_SF_SEA,2021,13,SEA,SF,53.0,49.875,49.578125
2021_13_TB_ATL,2021,13,ATL,TB,47.0,51.78125,49.578125
2021_13_WAS_LV,2021,13,LV,WAS,32.0,49.25,49.578125
2021_14_ATL_CAR,2021,14,CAR,ATL,50.0,48.8125,49.578125
2021_14_BAL_CLE,2021,14,CLE,BAL,46.0,49.9375,49.578125
2021_14_BUF_TB,2021,14,TB,BUF,60.0,53.84375,49.578125
2021_14_CHI_GB,2021,14,GB,CHI,75.0,50.625,49.578125
2021_14_DAL_WAS,2021,14,WAS,DAL,47.0,47.875,49.578125
2021_14_DET_DEN,2021,14,DEN,DET,48.0,52.03125,49.578125
2021_14_JAX_TEN,2021,14,TEN,JAX,20.0,54.0,49.578125
2021_14_LA_ARI,2021,14,ARI,LAR,53.0,45.15625,49.578125
2021_14_LV_KC,2021,14,KC,LV,57.0,54.59375,49.578125
2021_14_NO_NYJ,2021,14,NYJ,NO,39.0,47.46875,49.578125
2021_14_NYG_LAC,2021,14,LAC,NYG,58.0,45.21875,49.578125
2021_14_PIT_MIN,2021,14,MIN,PIT,64.0,51.03125,49.578125
2021_14_SEA_HOU,2021,14,HOU,SEA,46.0,52.4375,49.578125
2021_14_SF_CIN,2021,14,CIN,SF,49.0,46.90625,49.578125
2021_15_ARI_DET,2021,15,DET,ARI,42.0,52.28125,49.578125
2021_15_ATL_SF,2021,15,SF,ATL,44.0,49.25,49.578125
2021_15_CAR_BUF,2021,15,BUF,CAR,45.0,50.875,49.578125
2021_15_CIN_DEN,2021,15,DEN,CIN,25.0,47.0,49.578125
2021_15_DAL_NYG,2021,15,NYG,DAL,27.0,47.03125,49.578125
2021_15_GB_BAL,2021,15,BAL,GB,61.0,51.53125,49.578125
2021_15_HOU_JAX,2021,15,JAX,HOU,46.0,51.4375,49.578125
2021_15_KC_LAC,2021,15,LAC,KC,62.0,51.40625,49.578125
2021_15_LV_CLE,2021,15,CLE,LV,30.0,54.34375,49.578125
2021_15_MIN_CHI,2021,15,CHI,MIN,26.0,51.46875,49.578125
2021_15_NE_IND,2021,15,IND,NE,44.0,46.625,49.578125
2021_15_NO_TB,2021,15,TB,NO,9.0,52.0625,49.578125
2021_15_NYJ_MIA,2021,15,MIA,NYJ,55.0,45.0625,49.578125
2021_15_SEA_LA,2021,15,LAR,SEA,30.0,46.8125,49.578125
2021_15_TEN_PIT,2021,15,PIT,TEN,32.0,51.8125,49.578125
2021_15_WAS_PHI,2021,15,PHI,WAS,44.0,44.25,49.578125
2021_16_BAL_CIN,2021,16,CIN,BAL,62.0,47.0625,49.578125
2021_16_BUF_NE,2021,16,NE,BUF,54.0,48.59375,49.578125
2021_16_CHI_SEA,2021,16,SEA,CHI,49.0,49.125,49.578125
2021_16_CLE_GB,2021,16,GB,CLE,46.0,53.28125,49.578125
2021_16_DEN_LV,2021,16,LV,DEN,30.0,52.53125,49.578125
2021_16_DET_ATL,2021,16,ATL,DET,36.0,53.3125,49.578125
2021_16_IND_ARI,2021,16,ARI,IND,38.0,49.6875,49.578125
2021_16_JAX_NYJ,2021,16,NYJ,JAX,47.0,46.8125,49.578125
2021_16_LAC_HOU,2021,16,HOU,LAC,70.0,51.8125,49.578125
2021_16_LA_MIN,2021,16,MIN,LAR,53.0,49.15625,49.578125
2021_16_MIA_NO,2021,16,NO,MIA,23.0,48.78125,49.578125
2021_16_NYG_PHI,2021,16,PHI,NYG,44.0,43.40625,49.578125
2021_16_PIT_KC,2021,16,KC,PIT,46.0,48.84375,49.578125
2021_16_SF_TEN,2021,16,TEN,SF,37.0,53.0,49.578125
2021_16_TB_CAR,2021,16,CAR,TB,38.0,49.96875,49.578125
2021_16_WAS_DAL,2021,16,DAL,WAS,70.0,47.875,49.578125
2021_17_ARI_DAL,2021,17,DAL,ARI,47.0,51.40625,49.578125
2021_17_ATL_BUF,2021,17,BUF,ATL,44.0,52.6875,49.578125
2021_17_CAR_NO,2021,17,NO,CAR,28.0,49.09375,49.578125
2021_17_CLE_PIT,2021,17,PIT,CLE,40.0,48.59375,49.578125
2021_17_DEN_LAC,2021,17,LAC,DEN,47.0,49.34375,49.578125
2021_17_DET_SEA,2021,17,SEA,DET,80.0,53.9375,49.578125
2021_17_HOU_SF,2021,17,SF,HOU,30.0,50.4375,49.578125
2021_17_JAX_NE,2021,17,NE,JAX,60.0,46.15625,49.578125
2021_17_KC_CIN,2021,17,CIN,KC,65.0,49.0625,49.578125
2021_17_LA_BAL,2021,17,BAL,LAR,39.0,44.96875,49.578125
2021_17_LV_IND,2021,17,IND,LV,43.0,53.90625,49.578125
2021_17_MIA_TEN,2021,17,TEN,MIA,37.0,52.25,49.578125
2021_17_MIN_GB,2021,17,GB,MIN,47.0,55.71875,49.578125
2021_17_NYG_CHI,2021,17,CHI,NYG,32.0,43.09375,49.578125
2021_17_PHI_WAS,2021,17,WAS,PHI,36.0,44.25,49.578125
2021_17_TB_NYJ,2021,17,NYJ,TB,52.0,48.34375,49.578125
2021_18_CAR_TB,2021,18,TB,CAR,58.0,49.96875,49.578125
2021_18_CHI_MIN,2021,18,MIN,CHI,48.0,51.46875,49.578125
2021_18_CIN_CLE,2021,18,CLE,CIN,37.0,48.8125,49.578125
2021_18_DAL_PHI,2021,18,PHI,DAL,77.0,50.625,49.578125
2021_18_GB_DET,2021,18,DET,GB,67.0,55.4375,49.578125
2021_18_IND_JAX,2021,18,JAX,IND,37.0,50.34375,49.578125
2021_18_KC_DEN,2021,18,DEN,KC,52.0,50.125,49.578125
2021_18_LAC_LV,2021,18,LV,LAC,67.0,53.8125,49.578125
2021_18_NE_MIA,2021,18,MIA,NE,57.0,44.40625,49.578125
2021_18_NO_ATL,2021,18,ATL,NO,50.0,50.90625,49.578125
2021_18_NYJ_BUF,2021,18,BUF,NYJ,37.0,49.25,49.578125
2021_18_PIT_BAL,2021,18,BAL,PIT,29.0,46.84375,49.578125
2021_18_SEA_ARI,2021,18,ARI,SEA,68.0,50.21875,49.578125
2021_18_SF_LA,2021,18,LAR,SF,51.0,44.8125,49.578125
2021_18_TEN_HOU,2021,18,HOU,TEN,53.0,55.5625,49.578125
2021_18_WAS_NYG,2021,18,NYG,WAS,29.0,40.65625,49.578125
2022_01_BAL_NYJ,2022,1,NYJ,BAL,33.0,46.85294117647059,45.963235294117645
2022_01_BUF_LA,2022,1,LAR,BUF,41.0,47.17647058823529,45.963235294117645
2022_01_CLE_CAR,2022,1,CAR,CLE,50.0,42.0,45.963235294117645
2022_01_DEN_SEA,2022,1,SEA,DEN,33.0,41.705882352941174,45.963235294117645
2022_01_GB_MIN,2022,1,MIN,GB,30.0,49.1764705882353,45.963235294117645
2022_01_IND_HOU,2022,1,HOU,IND,40.0,45.529411764705884,45.963235294117645
2022_01_JAX_WAS,2022,1,WAS,JAX,50.0,43.5,45.963235294117645
2022_01_KC_ARI,2022,1,ARI,KC,65.0,48.794117647058826,45.963235294117645
2022_01_LV_LAC,2022,1,LAC,LV,43.0,51.35294117647059,45.963235294117645
2022_01_NE_MIA,2022,1,MIA,NE,27.0,43.5,45.963235294117645
2022_01_NO_ATL,2022,1,ATL,NO,53.0,43.26470588235294,45.963235294117645
2022_01_NYG_TEN,2022,1,TEN,NYG,41.0,42.55882352941177,45.963235294117645
2022_01_PHI_DET,2022,1,DET,PHI,73.0,47.67647058823529,45.963235294117645
2022_01_PIT_CIN,2022,1,CIN,PIT,43.0,46.38235294117647,45.963235294117645
2022_01_SF_CHI,2022,1,CHI,SF,29.0,44.41176470588235,45.963235294117645
2022_01_TB_DAL,2022,1,DAL,TB,22.0,51.529411764705884,45.963235294117645
2022_02_ARI_LV,2022,2,LV,ARI,52.0,47.882352941176464,45.963235294117645
2022_02_ATL_LA,2022,2,LAR,ATL,58.0,47.17647058823529,45.963235294117645
2022_02_CAR_NYG,2022,2,NYG,CAR,35.0,40.64705882352941,45.963235294117645
2022_02_CHI_GB,2022,2,GB,CHI,37.0,45.26470588235294,45.963235294117645
2022_02_CIN_DAL,2022,2,DAL,CIN,37.0,50.705882352941174,45.963235294117645
2022_02_HOU_DEN,2022,2,DEN,HOU,25.0,40.852941176470594,45.963235294117645
2022_02_IND_JAX,2022,2,JAX,IND,24.0,44.88235294117647,45.963235294117645
2022_02_LAC_KC,2022,2,KC,LAC,51.0,52.26470588235294,45.963235294117645
2022_02_MIA_BAL,2022,2,BAL,MIA,80.0,43.91176470588235,45.963235294117645
2022_02_MIN_PHI,2022,2,PHI,MIN,31.0,49.411764705882355,45.963235294117645
2022_02_NE_PIT,2022,2,PIT,NE,31.0,44.294117647058826,45.963235294117645
2022_02_NYJ_CLE,2022,2,CLE,NYJ,61.0,45.11764705882353,45.963235294117645
2022_02_SEA_SF,2022,2,SF,SEA,34.0,45.67647058823529,45.963235294117645
2022_02_TB_NO,2022,2,NO,TB,30.0,45.970588235294116,45.963235294117645
2022_02_TEN_BUF,2022,2,BUF,TEN,48.0,45.44117647058823,45.963235294117645
2022_02_WAS_DET,2022,2,DET,WAS,63.0,45.91176470588235,45.963235294117645
2022_03_ATL_SEA,2022,3,SEA,ATL,50.0,45.08823529411765,45.963235294117645
2022_03_BAL_NE,2022,3,NE,BAL,63.0,45.41176470588235,45.963235294117645
2022_03_BUF_MIA,2022,3,MIA,BUF,40.0,43.705882352941174,45.963235294117645
2022_03_CIN_NYJ,2022,3,NYJ,CIN,39.0,48.529411764705884,45.963235294117645
2022_03_DAL_NYG,2022,3,NYG,DAL,39.0,45.94117647058823,45.963235294117645
2022_03_DET_MIN,2022,3,MIN,DET,52.0,48.32352941176471,45.963235294117645
2022_03_GB_TB,2022,3,TB,GB,26.0,49.55882352941177,45.963235294117645
2022_03_HOU_CHI,2022,3,CHI,HOU,43.0,42.64705882352941,45.963235294117645
2022_03_JAX_LAC,2022,3,LAC,JAX,48.0,48.32352941176471,45.963235294117645
2022_03_KC_IND,2022,3,IND,KC,37.0,48.82352941176471,45.963235294117645
2022_03_LA_ARI,2022,3,ARI,LAR,32.0,48.44117647058823,45.963235294117645
2022_03_LV_TEN,2022,3,TEN,LV,46.0,46.647058823529406,45.963235294117645
2022_03_NO_CAR,2022,3,CAR,NO,36.0,41.38235294117647,45.963235294117645
2022_03_PHI_WAS,2022,3,WAS,PHI,32.0,47.0,45.963235294117645
2022_03_PIT_CLE,2022,3,CLE,PIT,46.0,42.970588235294116,45.963235294117645
2022_03_SF_DEN,2022,3,DEN,SF,21.0,42.61764705882353,45.963235294117645
2022_04_ARI_CAR,2022,4,CAR,ARI,42.0,44.794117647058826,45.963235294117645
2022_04_BUF_BAL,2022,4,BAL,BUF,43.0,45.61764705882353,45.963235294117645
2022_04_CHI_NYG,2022,4,NYG,CHI,32.0,40.94117647058823,45.963235294117645
2022_04_CLE_ATL,2022,4,ATL,CLE,43.0,43.88235294117647,45.963235294117645
2022_04_DEN_LV,2022,4,LV,DEN,55.0,43.23529411764706,45.963235294117645
2022_04_JAX_PHI,2022,4,PHI,JAX,50.0,45.26470588235294,45.963235294117645
2022_04_KC_TB,2022,4,TB,KC,72.0,50.23529411764706,45.963235294117645
2022_04_LAC_HOU,2022,4,HOU,LAC,58.0,48.970588235294116,45.963235294117645
2022_04_LA_SF,2022,4,SF,LAR,33.0,47.76470588235294,45.963235294117645
2022_04_MIA_CIN,2022,4,CIN,MIA,42.0,45.58823529411765,45.963235294117645
2022_04_MIN_NO,2022,4,NO,MIN,53.0,45.58823529411765,45.963235294117645
2022_04_NE_GB,2022,4,GB,NE,51.0,46.64705882352941,45.963235294117645
2022_04_NYJ_PIT,2022,4,PIT,NYJ,44.0,45.73529411764706,45.963235294117645
2022_04_SEA_DET,2022,4,DET,SEA,93.0,45.67647058823529,45.963235294117645
2022_04_TEN_IND,2022,4,IND,TEN,41.0,46.73529411764706,45.963235294117645
2022_04_WAS_DAL,2022,4,DAL,WAS,35.0,48.73529411764706,45.963235294117645
2022_05_ATL_TB,2022,5,TB,ATL,36.0,48.11764705882353,45.963235294117645
2022_05_CHI_MIN,2022,5,MIN,CHI,51.0,46.14705882352941,45.963235294117645
2022_05_CIN_BAL,2022,5,BAL,CIN,36.0,47.5,45.963235294117645
2022_05_DAL_LA,2022,5,LAR,DAL,32.0,50.588235294117645,45.963235294117645
2022_05_DET_NE,2022,5,NE,DET,29.0,45.794117647058826,45.963235294117645
2022_05_HOU_JAX,2022,5,JAX,HOU,19.0,42.411764705882355,45.963235294117645
2022_05_IND_DEN,2022,5,DEN,IND,21.0,43.32352941176471,45.963235294117645
2022_05_LAC_CLE,2022,5,CLE,LAC,58.0,48.61764705882353,45.963235294117645
2022_05_LV_KC,2022,5,KC,LV,59.0,48.73529411764706,45.963235294117645
2022_05_MIA_NYJ,2022,5,NYJ,MIA,57.0,44.94117647058823,45.963235294117645
2022_05_NYG_GB,2022,5,GB,NYG,49.0,43.970588235294116,45.963235294117645
2022_05_PHI_ARI,2022,5,ARI,PHI,37.0,48.35294117647059,45.963235294117645
2022_05_PIT_BUF,2022,5,BUF,PIT,41.0,44.5,45.963235294117645
2022_05_SEA_NO,2022,5,NO,SEA,71.0,42.94117647058823,45.963235294117645
2022_05_SF_CAR,2022,5,CAR,SF,52.0,44.11764705882353,45.963235294117645
2022_05_TEN_WAS,2022,5,WAS,TEN,38.0,45.35294117647059,45.963235294117645
2022_06_ARI_SEA,2022,6,SEA,ARI,28.0,46.35294117647059,45.963235294117645
2022_06_BAL_NYG,2022,6,NYG,BAL,44.0,42.73529411764706,45.963235294117645
2022_06_BUF_KC,2022,6,KC,BUF,44.0,47.529411764705884,45.963235294117645
2022_06_CAR_LA,2022,6,LAR,CAR,34.0,45.294117647058826,45.963235294117645
2022_06_CIN_NO,2022,6,NO,CIN,56.0,45.14705882352941,45.963235294117645
2022_06_DAL_PHI,2022,6,PHI,DAL,43.0,50.5,45.963235294117645
2022_06_DEN_LAC,2022,6,LAC,DEN,35.0,46.76470588235294,45.963235294117645
2022_06_JAX_IND,2022,6,IND,JAX,61.0,44.88235294117647,45.963235294117645
2022_06_MIN_MIA,2022,6,MIA,MIN,40.0,46.029411764705884,45.963235294117645
2022_06_NE_CLE,2022,6,CLE,NE,53.0,43.67647058823529,45.963235294117645
2022_06_NYJ_GB,2022,6,GB,NYJ,37.0,48.08823529411765,45.963235294117645
2022_06_SF_ATL,2022,6,ATL,SF,42.0,46.0,45.963235294117645
2022_06_TB_PIT,2022,6,PIT,TB,38.0,47.205882352941174,45.963235294117645
2022_06_WAS_CHI,2022,6,CHI,WAS,19.0,43.73529411764706,45.963235294117645
2022_07_ATL_CIN,2022,7,CIN,ATL,52.0,47.294117647058826,45.963235294117645
2022_07_CHI_NE,2022,7,NE,CHI,47.0,43.61764705882353,45.963235294117645
2022_07_CLE_BAL,2022,7,BAL,CLE,43.0,44.088235294117645,45.963235294117645
2022_07_DET_DAL,2022,7,DAL,DET,30.0,49.41176470588235,45.963235294117645
2022_07_GB_WAS,2022,7,WAS,GB,44.0,46.76470588235294,45.963235294117645
2022_07_HOU_LV,2022,7,LV,HOU,58.0,45.44117647058823,45.963235294117645
2022_07_IND_TEN,2022,7,TEN,IND,29.0,46.73529411764706,45.963235294117645
2022_07_KC_SF,2022,7,SF,KC,67.0,48.11764705882353,45.963235294117645
2022_07_NO_ARI,2022,7,ARI,NO,76.0,44.529411764705884,45.963235294117645
2022_07_NYG_JAX,2022,7,JAX,NYG,40.0,40.705882352941174,45.963235294117645
2022_07_NYJ_DEN,2022,7,DEN,NYJ,25.0,43.26470588235294,45.963235294117645
2022_07_PIT_MIA,2022,7,MIA,PIT,26.0,42.794117647058826,45.963235294117645
2022_07_SEA_LAC,2022,7,LAC,SEA,60.0,49.82352941176471,45.963235294117645
2022_07_TB_CAR,2022,7,CAR,TB,24.0,46.23529411764706,45.963235294117645
2022_08_ARI_MIN,2022,8,MIN,ARI,60.0,49.0,45.963235294117645
2022_08_BAL_TB,2022,8,TB,BAL,49.0,48.3235294117647,45.963235294117645
2022_08_CAR_ATL,2022,8,ATL,CAR,71.0,43.529411764705884,45.963235294117645
2022_08_CHI_DAL,2022,8,DAL,CHI,78.0,47.23529411764706,45.963235294117645
2022_08_CIN_CLE,2022,8,CLE,CIN,45.0,45.76470588235294,45.963235294117645
2022_08_DEN_JAX,2022,8,JAX,DEN,38.0,40.205882352941174,45.963235294117645
2022_08_GB_BUF,2022,8,BUF,GB,44.0,46.852941176470594,45.963235294117645
2022_08_LV_NO,2022,8,NO,LV,24.0,44.470588235294116,45.963235294117645
2022_08_MIA_DET,2022,8,DET,MIA,58.0,44.294117647058826,45.963235294117645
2022_08_NE_NYJ,2022,8,NYJ,NE,39.0,46.44117647058823,45.963235294117645
2022_08_NYG_SEA,2022,8,SEA,NYG,40.0,42.205882352941174,45.963235294117645
2022_08_PIT_PHI,2022,8,PHI,PIT,48.0,46.17647058823529,45.963235294117645
2022_08_SF_LA,2022,8,LAR,SF,45.0,47.76470588235294,45.963235294117645
2022_08_TEN_HOU,2022,8,HOU,TEN,27.0,44.26470588235294,45.963235294117645
2022_08_WAS_IND,2022,8,IND,WAS,33.0,46.61764705882353,45.963235294117645
2022_09_BAL_NO,2022,9,NO,BAL,40.0,43.470588235294116,45.963235294117645
2022_09_BUF_NYJ,2022,9,NYJ,BUF,37.0,46.64705882352941,45.963235294117645
2022_09_CAR_CIN,2022,9,CIN,CAR,63.0,45.411764705882355,45.963235294117645
2022_09_GB_DET,2022,9,DET,GB,24.0,47.44117647058823,45.963235294117645
2022_09_IND_NE,2022,9,NE,IND,29.0,46.5,45.963235294117645
2022_09_LAC_ATL,2022,9,ATL,LAC,37.0,50.14705882352941,45.963235294117645
2022_09_LA_TB,2022,9,TB,LAR,29.0,49.882352941176464,45.963235294117645
2022_09_LV_JAX,2022,9,JAX,LV,47.0,44.794117647058826,45.963235294117645
2022_09_MIA_CHI,2022,9,CHI,MIA,67.0,42.11764705882353,45.963235294117645
2022_09_MIN_WAS,2022,9,WAS,MIN,37.0,47.64705882352941,45.963235294117645
2022_09_PHI_HOU,2022,9,HOU,PHI,46.0,45.911764705882355,45.963235294117645
2022_09_SEA_ARI,2022,9,ARI,SEA,52.0,46.35294117647059,45.963235294117645
2022_09_TEN_KC,2022,9,KC,TEN,37.0,47.55882352941177,45.963235294117645
2022_10_ARI_LA,2022,10,LAR,ARI,44.0,48.44117647058823,45.963235294117645
2022_10_ATL_CAR,2022,10,CAR,ATL,40.0,43.529411764705884,45.963235294117645
2022_10_CLE_MIA,2022,10,MIA,CLE,56.0,42.17647058823529,45.963235294117645
2022_10_DAL_GB,2022,10,GB,DAL,59.0,50.26470588235294,45.963235294117645
2022_10_DEN_TEN,2022,10,TEN,DEN,27.0,42.05882352941177,45.963235294117645
2022_10_DET_CHI,2022,10,CHI,DET,61.0,44.41176470588235,45.963235294117645
2022_10_HOU_NYG,2022,10,NYG,HOU,40.0,41.352941176470594,45.963235294117645
2022_10_IND_LV,2022,10,LV,IND,45.0,47.91176470588235,45.963235294117645
2022_10_JAX_KC,2022,10,KC,JAX,44.0,45.705882352941174,45.963235294117645
2022_10_LAC_SF,2022,10,SF,LAC,38.0,50.73529411764706,45.963235294117645
2022_10_MIN_BUF,2022,10,BUF,MIN,63.0,47.73529411764706,45.963235294117645
2022_10_NO_PIT,2022,10,PIT,NO,30.0,42.35294117647059,45.963235294117645
2022_10_SEA_TB,2022,10,TB,SEA,37.0,47.794117647058826,45.963235294117645
2022_10_WAS_PHI,2022,10,PHI,WAS,53.0,47.0,45.963235294117645
2022_11_CAR_BAL,2022,11,BAL,CAR,16.0,43.73529411764706,45.963235294117645
2022_11_CHI_ATL,2022,11,ATL,CHI,51.0,43.82352941176471,45.963235294117645
2022_11_CIN_PIT,2022,11,PIT,CIN,67.0,46.38235294117647,45.963235294117645
2022_11_CLE_BUF,2022,11,BUF,CLE,54.0,43.88235294117647,45.963235294117645
2022_11_DAL_MIN,2022,11,MIN,DAL,43.0,51.14705882352941,45.963235294117645
2022_11_DET_NYG,2022,11,NYG,DET,49.0,43.11764705882353,45.963235294117645
2022_11_KC_LAC,2022,11,LAC,KC,57.0,52.26470588235294,45.963235294117645
2022_11_LA_NO,2022,11,NO,LAR,47.0,45.029411764705884,45.963235294117645
2022_11_LV_DEN,2022,11,DEN,LV,38.0,43.23529411764706,45.963235294117645
2022_11_NYJ_NE,2022,11,NE,NYJ,13.0,46.44117647058823,45.963235294117645
2022_11_PHI_IND,2022,11,IND,PHI,33.0,48.38235294117647,45.963235294117645
2022_11_SF_ARI,2022,11,ARI,SF,48.0,47.26470588235294,45.963235294117645
2022_11_TEN_GB,2022,11,GB,TEN,44.0,46.88235294117647,45.963235294117645
2022_11_WAS_HOU,2022,11,HOU,WAS,33.0,44.14705882352941,45.963235294117645
2022_12_ATL_WAS,2022,12,WAS,ATL,32.0,45.32352941176471,45.963235294117645
2022_12_BAL_JAX,2022,12,JAX,BAL,55.0,43.794117647058826,45.963235294117645
2022_12_BUF_DET,2022,12,DET,BUF,53.0,46.0,45.963235294117645
2022_12_CHI_NYJ,2022,12,NYJ,CHI,41.0,45.05882352941177,45.963235294117645
2022_12_CIN_TEN,2022,12,TEN,CIN,36.0,47.32352941176471,45.963235294117645
2022_12_DEN_CAR,2022,12,CAR,DEN,33.0,40.14705882352941,45.963235294117645
2022_12_GB_PHI,2022,12,PHI,GB,73.0,48.529411764705884,45.963235294117645
2022_12_HOU_MIA,2022,12,MIA,HOU,45.0,42.529411764705884,45.963235294117645
2022_12_LAC_ARI,2022,12,ARI,LAC,49.0,51.41176470588235,45.963235294117645
2022_12_LA_KC,2022,12,KC,LAR,36.0,49.294117647058826,45.963235294117645
2022_12_LV_SEA,2022,12,SEA,LV,74.0,46.294117647058826,45.963235294117645
2022_12_NE_MIN,2022,12,MIN,NE,59.0,47.529411764705884,45.963235294117645
2022_12_NO_SF,2022,12,SF,NO,13.0,43.85294117647059,45.963235294117645
2022_12_NYG_DAL,2022,12,DAL,NYG,48.0,45.94117647058823,45.963235294117645
2022_12_PIT_IND,2022,12,IND,PIT,41.0,45.794117647058826,45.963235294117645
2022_12_TB_CLE,2022,12,CLE,TB,40.0,46.588235294117645,45.963235294117645
2022_13_BUF_NE,2022,13,NE,BUF,34.0,45.205882352941174,45.963235294117645
2022_13_CLE_HOU,2022,13,HOU,CLE,41.0,42.705882352941174,45.963235294117645
2022_13_DEN_BAL,2022,13,BAL,DEN,19.0,42.23529411764706,45.963235294117645
2022_13_GB_CHI,2022,13,CHI,GB,47.0,45.26470588235294,45.963235294117645
2022_13_IND_DAL,2022,13,DAL,IND,73.0,50.11764705882353,45.963235294117645
2022_13_JAX_DET,2022,13,DET,JAX,54.0,44.17647058823529,45.963235294117645
2022_13_KC_CIN,2022,13,CIN,KC,51.0,49.411764705882355,45.963235294117645
2022_13_LAC_LV,2022,13,LV,LAC,47.0,51.35294117647059,45.963235294117645
2022_13_MIA_SF,2022,13,SF,MIA,50.0,44.294117647058826,45.963235294117645
2022_13_NO_TB,2022,13,TB,NO,33.0,45.970588235294116,45.963235294117645
2022_13_NYJ_MIN,2022,13,MIN,NYJ,49.0,48.970588235294116,45.963235294117645
2022_13_PIT_ATL,2022,13,ATL,PIT,35.0,44.5,45.963235294117645
2022_13_SEA_LA,2022,13,LAR,SEA,50.0,46.85294117647059,45.963235294117645
2022_13_TEN_PHI,2022,13,PHI,TEN,45.0,47.11764705882353,45.963235294117645
2022_13_WAS_NYG,2022,13,NYG,WAS,40.0,42.44117647058823,45.963235294117645
2022_14_BAL_PIT,2022,14,PIT,BAL,30.0,44.705882352941174,45.963235294117645
2022_14_CAR_SEA,2022,14,SEA,CAR,54.0,43.205882352941174,45.963235294117645
2022_14_CLE_CIN,2022,14,CIN,CLE,33.0,45.76470588235294,45.963235294117645
2022_14_HOU_DAL,2022,14,DAL,HOU,50.0,47.64705882352941,45.963235294117645
2022_14_JAX_TEN,2022,14,TEN,JAX,58.0,43.61764705882353,45.963235294117645
2022_14_KC_DEN,2022,14,DEN,KC,62.0,44.14705882352941,45.963235294117645
2022_14_LV_LA,2022,14,LAR,LV,33.0,48.382352941176464,45.963235294117645
2022_14_MIA_LAC,2022,14,LAC,MIA,40.0,48.44117647058823,45.963235294117645
2022_14_MIN_DET,2022,14,DET,MIN,57.0,48.32352941176471,45.963235294117645
2022_14_NE_ARI,2022,14,ARI,NE,40.0,46.470588235294116,45.963235294117645
2022_14_NYJ_BUF,2022,14,BUF,NYJ,32.0,46.64705882352941,45.963235294117645
2022_14_PHI_NYG,2022,14,NYG,PHI,70.0,44.205882352941174,45.963235294117645
2022_14_TB_SF,2022,14,SF,TB,42.0,48.705882352941174,45.963235294117645
2022_15_ARI_DEN,2022,15,DEN,ARI,39.0,43.294117647058826,45.963235294117645
2022_15_ATL_NO,2022,15,NO,ATL,39.0,43.26470588235294,45.963235294117645
2022_15_BAL_CLE,2022,15,CLE,BAL,16.0,44.088235294117645,45.963235294117645
2022_15_CIN_TB,2022,15,TB,CIN,57.0,50.0,45.963235294117645
2022_15_DAL_JAX,2022,15,JAX,DAL,74.0,47.0,45.963235294117645
2022_15_DET_NYJ,2022,15,NYJ,DET,37.0,47.23529411764706,45.963235294117645
2022_15_IND_MIN,2022,15,MIN,IND,75.0,49.029411764705884,45.963235294117645
2022_15_KC_HOU,2022,15,HOU,KC,54.0,46.352941176470594,45.963235294117645
2022_15_LA_GB,2022,15,GB,LAR,36.0,48.61764705882353,45.963235294117645
2022_15_MIA_BUF,2022,15,BUF,MIA,61.0,43.705882352941174,45.963235294117645
2022_15_NE_LV,2022,15,LV,NE,54.0,46.41176470588235,45.963235294117645
2022_15_NYG_WAS,2022,15,WAS,NYG,32.0,42.44117647058823,45.963235294117645
2022_15_PHI_CHI,2022,15,CHI,PHI,45.0,45.5,45.963235294117645
2022_15_PIT_CAR,2022,15,CAR,PIT,40.0,42.61764705882353,45.963235294117645
2022_15_SF_SEA,2022,15,SEA,SF,34.0,45.67647058823529,45.963235294117645
2022_15_TEN_LAC,2022,15,LAC,TEN,31.0,50.17647058823529,45.963235294117645
2022_16_ATL_BAL,2022,16,BAL,ATL,26.0,45.61764705882353,45.963235294117645
2022_16_BUF_CHI,2022,16,CHI,BUF,48.0,43.82352941176471,45.963235294117645
2022_16_CIN_NE,2022,16,NE,CIN,40.0,47.08823529411765,45.963235294117645
2022_16_DEN_LA,2022,16,LAR,DEN,65.0,43.794117647058826,45.963235294117645
2022_16_DET_CAR,2022,16,CAR,DET,60.0,44.11764705882353,45.963235294117645
2022_16_GB_MIA,2022,16,MIA,GB,46.0,45.14705882352941,45.963235294117645
2022_16_HOU_TEN,2022,16,TEN,HOU,33.0,44.26470588235294,45.963235294117645
2022_16_JAX_NYJ,2022,16,NYJ,JAX,22.0,44.82352941176471,45.963235294117645
2022_16_LAC_IND,2022,16,IND,LAC,23.0,51.44117647058823,45.963235294117645
2022_16_LV_PIT,2022,16,PIT,LV,23.0,45.705882352941174,45.963235294117645
2022_16_NO_CLE,2022,16,CLE,NO,27.0,41.73529411764706,45.963235294117645
2022_16_NYG_MIN,2022,16,MIN,NYG,51.0,44.852941176470594,45.963235294117645
2022_16_PHI_DAL,2022,16,DAL,PHI,74.0,50.5,45.963235294117645
2022_16_SEA_KC,2022,16,KC,SEA,34.0,47.205882352941174,45.963235294117645
2022_16_TB_ARI,2022,16,ARI,TB,35.0,49.382352941176464,45.963235294117645
2022_16_WAS_SF,2022,16,SF,WAS,57.0,45.91176470588235,45.963235294117645
2022_17_ARI_ATL,2022,17,ATL,ARI,39.0,46.67647058823529,45.963235294117645
2022_17_CAR_TB,2022,17,TB,CAR,54.0,46.23529411764706,45.963235294117645
2022_17_CHI_DET,2022,17,DET,CHI,51.0,44.41176470588235,45.963235294117645
2022_17_CLE_WAS,2022,17,WAS,CLE,34.0,43.794117647058826,45.963235294117645
2022_17_DAL_TEN,2022,17,TEN,DAL,40.0,48.85294117647059,45.963235294117645
2022_17_DEN_KC,2022,17,KC,DEN,51.0,44.14705882352941,45.963235294117645
2022_17_IND_NYG,2022,17,NYG,IND,48.0,43.82352941176471,45.963235294117645
2022_17_JAX_HOU,2022,17,HOU,JAX,34.0,42.411764705882355,45.963235294117645
2022_17_LA_LAC,2022,17,LAC,LAR,41.0,51.91176470588235,45.963235294117645
2022_17_MIA_NE,2022,17,NE,MIA,44.0,43.5,45.963235294117645
2022_17_MIN_GB,2022,17,GB,MIN,58.0,49.1764705882353,45.963235294117645
2022_17_NO_PHI,2022,17,PHI,NO,30.0,44.94117647058823,45.963235294117645
2022_17_NYJ_SEA,2022,17,SEA,NYJ,29.0,46.32352941176471,45.963235294117645
2022_17_PIT_BAL,2022,17,BAL,PIT,29.0,44.705882352941174,45.963235294117645
2022_17_SF_LV,2022,17,LV,SF,71.0,47.205882352941174,45.963235294117645
2022_18_ARI_SF,2022,18,SF,ARI,51.0,47.26470588235294,45.963235294117645
2022_18_BAL_CIN,2022,18,CIN,BAL,43.0,47.5,45.963235294117645
2022_18_CAR_NO,2022,18,NO,CAR,17.0,41.38235294117647,45.963235294117645
2022_18_CLE_PIT,2022,18,PIT,CLE,42.0,42.970588235294116,45.963235294117645
2022_18_DAL_WAS,2022,18,WAS,DAL,32.0,48.73529411764706,45.963235294117645
2022_18_DET_GB,2022,18,GB,DET,36.0,47.44117647058823,45.963235294117645
2022_18_HOU_IND,2022,18,IND,HOU,63.0,45.529411764705884,45.963235294117645
2022_18_KC_LV,2022,18,LV,KC,44.0,48.73529411764706,45.963235294117645
2022_18_LAC_DEN,2022,18,DEN,LAC,59.0,46.76470588235294,45.963235294117645
2022_18_LA_SEA,2022,18,SEA,LAR,35.0,46.85294117647059,45.963235294117645
2022_18_MIN_CHI,2022,18,CHI,MIN,42.0,46.14705882352941,45.963235294117645
2022_18_NE_BUF,2022,18,BUF,NE,58.0,45.205882352941174,45.963235294117645
2022_18_NYG_PHI,2022,18,PHI,NYG,38.0,44.205882352941174,45.963235294117645
2022_18_NYJ_MIA,2022,18,MIA,NYJ,17.0,44.94117647058823,45.963235294117645
2022_18_TB_ATL,2022,18,ATL,TB,47.0,48.11764705882353,45.963235294117645
2022_18_TEN_JAX,2022,18,JAX,TEN,36.0,43.61764705882353,45.963235294117645
2023_01_ARI_WAS,2023,1,WAS,ARI,36.0,42.73529411764706,43.76383763837639
2023_01_BUF_NYJ,2023,1,NYJ,BUF,38.0,41.15625,43.76383763837639
2023_01_CAR_ATL,2023,1,ATL,CAR,34.0,43.294117647058826,43.76383763837639
2023_01_CIN_CLE,2023,1,CLE,CIN,27.0,44.94852941176471,43.76383763837639
2023_01_DAL_NYG,2023,1,NYG,DAL,40.0,45.44117647058823,43.76383763837639
2023_01_DET_KC,2023,1,KC,DET,41.0,51.32352941176471,43.76383763837639
2023_01_GB_CHI,2023,1,CHI,GB,58.0,45.0,43.76383763837639
2023_01_HOU_BAL,2023,1,BAL,HOU,34.0,40.41176470588235,43.76383763837639
2023_01_JAX_IND,2023,1,IND,JAX,52.0,43.23529411764706,43.76383763837639
2023_01_LA_SEA,2023,1,SEA,LAR,43.0,44.08823529411765,43.76383763837639
2023_01_LV_DEN,2023,1,DEN,LV,33.0,42.91176470588235,43.76383763837639
2023_01_MIA_LAC,2023,1,LAC,MIA,70.0,46.205882352941174,43.76383763837639
2023_01_PHI_NE,2023,1,NE,PHI,45.0,45.05882352941177,43.76383763837639
2023_01_SF_PIT,2023,1,PIT,SF,37.0,40.61764705882353,43.76383763837639
2023_01_TB_MIN,2023,1,MIN,TB,37.0,44.76470588235294,43.76383763837639
2023_01_TEN_NO,2023,1,NO,TEN,31.0,39.17647058823529,43.76383763837639
2023_02_BAL_CIN,2023,2,CIN,BAL,51.0,42.68382352941177,43.76383763837639
2023_02_CHI_TB,2023,2,TB,CHI,44.0,42.94117647058823,43.76383763837639
2023_02_CLE_PIT,2023,2,PIT,CLE,48.0,41.05882352941177,43.76383763837639
2023_02_GB_ATL,2023,2,ATL,GB,49.0,43.88235294117647,43.76383763837639
2023_02_IND_HOU,2023,2,HOU,IND,51.0,41.91176470588235,43.76383763837639
2023_02_KC_JAX,2023,2,JAX,KC,26.0,47.61764705882353,43.76383763837639
2023_02_LAC_TEN,2023,2,TEN,LAC,51.0,42.11764705882353,43.76383763837639
2023_02_LV_BUF,2023,2,BUF,LV,48.0,47.06801470588235,43.76383763837639
2023_02_MIA_NE,2023,2,NE,MIA,41.0,44.3235294117647,43.76383763837639
2023_02_MIN_PHI,2023,2,PHI,MIN,62.0,49.1764705882353,43.76383763837639
2023_02_NO_CAR,2023,2,CAR,NO,37.0,41.05882352941177,43.76383763837639
2023_02_NYG_ARI,2023,2,ARI,NYG,59.0,44.852941176470594,43.76383763837639
2023_02_NYJ_DAL,2023,2,DAL,NYJ,40.0,41.794117647058826,43.76383763837639
2023_02_SEA_DET,2023,2,DET,SEA,68.0,49.64705882352941,43.76383763837639
2023_02_SF_LA,2023,2,LAR,SF,53.0,41.705882352941174,43.76383763837639
2023_02_WAS_DEN,2023,2,DEN,WAS,68.0,38.529411764705884,43.76383763837639
2023_03_ATL_DET,2023,3,DET,ATL,26.0,47.970588235294116,43.76383763837639
2023_03_BUF_WAS,2023,3,WAS,BUF,40.0,42.685661764705884,43.76383763837639
2023_03_CAR_SEA,2023,3,SEA,CAR,64.0,44.970588235294116,43.76383763837639
2023_03_CHI_KC,2023,3,KC,CHI,51.0,48.64705882352941,43.76383763837639
2023_03_DAL_ARI,2023,3,ARI,DAL,44.0,47.0,43.76383763837639
2023_03_DEN_MIA,2023,3,MIA,DEN,90.0,42.41176470588235,43.76383763837639
2023_03_HOU_JAX,2023,3,JAX,HOU,54.0,43.029411764705884,43.76383763837639
2023_03_IND_BAL,2023,3,BAL,IND,41.0,40.61764705882353,43.76383763837639
2023_03_LAC_MIN,2023,3,MIN,LAC,52.0,47.82352941176471,43.76383763837639
2023_03_LA_CIN,2023,3,CIN,LAR,35.0,43.44852941176471,43.76383763837639
2023_03_NE_NYJ,2023,3,NYJ,NE,25.0,38.91176470588235,43.76383763837639
2023_03_NO_GB,2023,3,GB,NO,35.0,41.647058823529406,43.76383763837639
2023_03_NYG_SF,2023,3,SF,NYG,42.0,43.029411764705884,43.76383763837639
2023_03_PHI_TB,2023,3,TB,PHI,36.0,43.88235294117647,43.76383763837639
2023_03_PIT_LV,2023,3,LV,PIT,41.0,43.147058823529406,43.76383763837639
2023_03_TEN_CLE,2023,3,CLE,TEN,30.0,41.14705882352941,43.76383763837639
2023_04_ARI_SF,2023,4,SF,ARI,51.0,44.58823529411765,43.76383763837639
2023_04_ATL_JAX,2023,4,JAX,ATL,30.0,44.26470588235294,43.76383763837639
2023_04_BAL_CLE,2023,4,CLE,BAL,31.0,41.38235294117647,43.76383763837639
2023_04_CIN_TEN,2023,4,TEN,CIN,30.0,42.44852941176471,43.76383763837639
2023_04_DEN_CHI,2023,4,CHI,DEN,59.0,42.205882352941174,43.76383763837639
2023_04_DET_GB,2023,4,GB,DET,54.0,47.67647058823529,43.76383763837639
2023_04_KC_NYJ,2023,4,NYJ,KC,43.0,43.44117647058823,43.76383763837639
2023_04_LA_IND,2023,4,IND,LAR,52.0,41.38235294117647,43.76383763837639
2023_04_LV_LAC,2023,4,LAC,LV,41.0,46.705882352941174,43.76383763837639
2023_04_MIA_BUF,2023,4,BUF,MIA,68.0,46.56801470588235,43.76383763837639
2023_04_MIN_CAR,2023,4,CAR,MIN,34.0,46.23529411764706,43.76383763837639
2023_04_NE_DAL,2023,4,DAL,NE,41.0,44.705882352941174,43.76383763837639
2023_04_PIT_HOU,2023,4,HOU,PIT,36.0,40.088235294117645,43.76383763837639
2023_04_SEA_NYG,2023,4,NYG,SEA,27.0,45.411764705882355,43.76383763837639
2023_04_TB_NO,2023,4,NO,TB,35.0,39.588235294117645,43.76383763837639
2023_04_WAS_PHI,2023,4,PHI,WAS,65.0,43.6764705882353,43.76383763837639
2023_05_BAL_PIT,2023,5,PIT,BAL,27.0,38.794117647058826,43.76383763837639
2023_05_CAR_DET,2023,5,DET,CAR,66.0,47.08823529411765,43.76383763837639
2023_05_CHI_WAS,2023,5,WAS,CHI,60.0,42.73529411764706,43.76383763837639
2023_05_CIN_ARI,2023,5,ARI,CIN,54.0,46.330882352941174,43.76383763837639
2023_05_DAL_SF,2023,5,SF,DAL,52.0,45.17647058823529,43.76383763837639
2023_05_GB_LV,2023,5,LV,GB,30.0,45.705882352941174,43.76383763837639
2023_05_HOU_ATL,2023,5,ATL,HOU,40.0,42.94117647058823,43.76383763837639
2023_05_JAX_BUF,2023,5,BUF,JAX,45.0,45.33272058823529,43.76383763837639
2023_05_KC_MIN,2023,5,MIN,KC,47.0,50.470588235294116,43.76383763837639
2023_05_NO_NE,2023,5,NE,NO,34.0,40.76470588235294,43.76383763837639
2023_05_NYG_MIA,2023,5,MIA,NYG,47.0,45.05882352941177,43.76383763837639
2023_05_NYJ_DEN,2023,5,DEN,NYJ,52.0,37.0,43.76383763837639
2023_05_PHI_LA,2023,5,LAR,PHI,37.0,44.470588235294116,43.76383763837639
2023_05_TEN_IND,2023,5,IND,TEN,39.0,40.38235294117647,43.76383763837639
2023_06_ARI_LA,2023,6,LAR,ARI,35.0,43.529411764705884,43.76383763837639
2023_06_BAL_TEN,2023,6,TEN,BAL,40.0,38.88235294117647,43.76383763837639
2023_06_CAR_MIA,2023,6,MIA,CAR,63.0,44.61764705882353,43.76383763837639
2023_06_DAL_LAC,2023,6,LAC,DAL,37.0,46.588235294117645,43.76383763837639
2023_06_DEN_KC,2023,6,KC,DEN,27.0,44.44117647058823,43.76383763837639
2023_06_DET_TB,2023,6,TB,DET,26.0,45.61764705882353,43.76383763837639
2023_06_IND_JAX,2023,6,JAX,IND,57.0,43.23529411764706,43.76383763837639
2023_06_MIN_CHI,2023,6,CHI,MIN,32.0,48.23529411764706,43.76383763837639
2023_06_NE_LV,2023,6,LV,NE,38.0,44.8235294117647,43.76383763837639
2023_06_NO_HOU,2023,6,HOU,NO,33.0,40.705882352941174,43.76383763837639
2023_06_NYG_BUF,2023,6,BUF,NYG,23.0,44.80330882352941,43.76383763837639
2023_06_PHI_NYJ,2023,6,NYJ,PHI,34.0,42.14705882352941,43.76383763837639
2023_06_SEA_CIN,2023,6,CIN,SEA,30.0,46.88970588235294,43.76383763837639
2023_06_SF_CLE,2023,6,CLE,SF,36.0,43.205882352941174,43.76383763837639
2023_06_WAS_ATL,2023,6,ATL,WAS,40.0,41.617647058823536,43.76383763837639
2023_07_ARI_SEA,2023,7,SEA,ARI,30.0,46.970588235294116,43.76383763837639
2023_07_ATL_TB,2023,7,TB,ATL,29.0,41.82352941176471,43.76383763837639
2023_07_BUF_NE,2023,7,NE,BUF,54.0,44.06801470588235,43.76383763837639
2023_07_CLE_IND,2023,7,IND,CLE,77.0,42.88235294117647,43.76383763837639
2023_07_DET_BAL,2023,7,BAL,DET,44.0,45.44117647058823,43.76383763837639
2023_07_GB_DEN,2023,7,DEN,GB,36.0,40.794117647058826,43.76383763837639
2023_07_JAX_NO,2023,7,NO,JAX,55.0,42.029411764705884,43.76383763837639
2023_07_LAC_KC,2023,7,KC,LAC,48.0,48.23529411764706,43.76383763837639
2023_07_LV_CHI,2023,7,CHI,LV,42.0,47.11764705882353,43.76383763837639
2023_07_MIA_PHI,2023,7,PHI,MIA,48.0,47.55882352941177,43.76383763837639
2023_07_PIT_LA,2023,7,LAR,PIT,41.0,39.55882352941177,43.76383763837639
2023_07_SF_MIN,2023,7,MIN,SF,39.0,46.411764705882355,43.76383763837639
2023_07_WAS_NYG,2023,7,NYG,WAS,21.0,41.1764705882353,43.76383763837639
2023_08_ATL_TEN,2023,8,TEN,ATL,51.0,41.411764705882355,43.76383763837639
2023_08_BAL_ARI,2023,8,ARI,BAL,55.0,42.76470588235294,43.76383763837639
2023_08_CHI_LAC,2023,8,LAC,CHI,43.0,46.0,43.76383763837639
2023_08_CIN_SF,2023,8,SF,CIN,48.0,44.50735294117647,43.76383763837639
2023_08_CLE_SEA,2023,8,SEA,CLE,44.0,45.58823529411765,43.76383763837639
2023_08_HOU_CAR,2023,8,CAR,HOU,28.0,42.05882352941177,43.76383763837639
2023_08_JAX_PIT,2023,8,PIT,JAX,30.0,41.41176470588235,43.76383763837639
2023_08_KC_DEN,2023,8,DEN,KC,33.0,44.44117647058823,43.76383763837639
2023_08_LA_DAL,2023,8,DAL,LAR,63.0,44.11764705882353,43.76383763837639
2023_08_LV_DET,2023,8,DET,LV,40.0,49.794117647058826,43.76383763837639
2023_08_MIN_GB,2023,8,GB,MIN,34.0,46.82352941176471,43.76383763837639
2023_08_NE_MIA,2023,8,MIA,NE,48.0,44.3235294117647,43.76383763837639
2023_08_NO_IND,2023,8,IND,NO,65.0,40.91176470588235,43.76383763837639
2023_08_NYJ_NYG,2023,8,NYG,NYJ,23.0,39.64705882352941,43.76383763837639
2023_08_PHI_WAS,2023,8,WAS,PHI,69.0,43.6764705882353,43.76383763837639
2023_08_TB_BUF,2023,8,BUF,TB,42.0,42.89154411764706,43.76383763837639
2023_09_ARI_CLE,2023,9,CLE,ARI,27.0,45.029411764705884,43.76383763837639
2023_09_BUF_CIN,2023,9,CIN,BUF,42.0,46.28125,43.76383763837639
2023_09_CHI_NO,2023,9,NO,CHI,41.0,43.05882352941177,43.76383763837639
2023_09_DAL_PHI,2023,9,PHI,DAL,51.0,47.94117647058823,43.76383763837639
2023_09_IND_CAR,2023,9,CAR,IND,40.0,42.26470588235294,43.76383763837639
2023_09_LAC_NYJ,2023,9,NYJ,LAC,33.0,40.794117647058826,43.76383763837639
2023_09_LA_GB,2023,9,GB,LAR,23.0,42.11764705882353,43.76383763837639
2023_09_MIA_KC,2023,9,KC,MIA,35.0,48.85294117647059,43.76383763837639
2023_09_MIN_ATL,2023,9,ATL,MIN,59.0,47.117647058823536,43.76383763837639
2023_09_NYG_LV,2023,9,LV,NYG,36.0,45.55882352941177,43.76383763837639
2023_09_SEA_BAL,2023,9,BAL,SEA,40.0,43.32352941176471,43.76383763837639
2023_09_TB_HOU,2023,9,HOU,TB,76.0,40.588235294117645,43.76383763837639
2023_09_TEN_PIT,2023,9,PIT,TEN,36.0,38.55882352941177,43.76383763837639
2023_09_WAS_NE,2023,9,NE,WAS,37.0,40.44117647058823,43.76383763837639
2023_10_ATL_ARI,2023,10,ARI,ATL,48.0,45.294117647058826,43.76383763837639
2023_10_CAR_CHI,2023,10,CHI,CAR,29.0,44.411764705882355,43.76383763837639
2023_10_CLE_BAL,2023,10,BAL,CLE,64.0,41.38235294117647,43.76383763837639
2023_10_DEN_BUF,2023,10,BUF,DEN,46.0,42.15625,43.76383763837639
2023_10_DET_LAC,2023,10,LAC,DET,79.0,48.67647058823529,43.76383763837639
2023_10_GB_PIT,2023,10,PIT,GB,42.0,41.029411764705884,43.76383763837639
2023_10_HOU_CIN,2023,10,CIN,HOU,57.0,43.97794117647059,43.76383763837639
2023_10_IND_NE,2023,10,NE,IND,16.0,41.970588235294116,43.76383763837639
2023_10_NO_MIN,2023,10,MIN,NO,46.0,44.88235294117647,43.76383763837639
2023_10_NYG_DAL,2023,10,DAL,NYG,66.0,45.44117647058823,43.76383763837639
2023_10_NYJ_LV,2023,10,LV,NYJ,28.0,41.91176470588235,43.76383763837639
2023_10_SF_JAX,2023,10,JAX,SF,37.0,43.55882352941177,43.76383763837639
2023_10_TEN_TB,2023,10,TB,TEN,26.0,39.05882352941177,43.76383763837639
2023_10_WAS_SEA,2023,10,SEA,WAS,55.0,43.294117647058826,43.76383763837639
2023_11_ARI_HOU,2023,11,HOU,ARI,37.0,44.05882352941177,43.76383763837639
2023_11_CHI_DET,2023,11,DET,CHI,57.0,49.08823529411765,43.76383763837639
2023_11_CIN_BAL,2023,11,BAL,CIN,54.0,42.68382352941177,43.76383763837639
2023_11_DAL_CAR,2023,11,CAR,DAL,43.0,45.0,43.76383763837639
2023_11_LAC_GB,2023,11,GB,LAC,43.0,44.588235294117645,43.76383763837639
2023_11_LV_MIA,2023,11,MIA,LV,33.0,47.3235294117647,43.76383763837639
2023_11_MIN_DEN,2023,11,DEN,MIN,41.0,44.029411764705884,43.76383763837639
2023_11_NYG_WAS,2023,11,WAS,NYG,50.0,41.1764705882353,43.76383763837639
2023_11_NYJ_BUF,2023,11,BUF,NYJ,38.0,41.15625,43.76383763837639
2023_11_PHI_KC,2023,11,KC,PHI,38.0,49.58823529411765,43.76383763837639
2023_11_PIT_CLE,2023,11,CLE,PIT,23.0,41.05882352941177,43.76383763837639
2023_11_SEA_LA,2023,11,LAR,SEA,33.0,44.08823529411765,43.76383763837639
2023_11_TB_SF,2023,11,SF,TB,41.0,41.11764705882353,43.76383763837639
2023_11_TEN_JAX,2023,11,JAX,TEN,48.0,41.5,43.76383763837639
2023_12_BAL_LAC,2023,12,LAC,BAL,30.0,42.35294117647059,43.76383763837639
2023_12_BUF_PHI,2023,12,PHI,BUF,71.0,47.30330882352941,43.76383763837639
2023_12_CAR_TEN,2023,12,TEN,CAR,27.0,40.529411764705884,43.76383763837639
2023_12_CHI_MIN,2023,12,MIN,CHI,22.0,48.23529411764706,43.76383763837639
2023_12_CLE_DEN,2023,12,DEN,CLE,41.0,40.82352941176471,43.76383763837639
2023_12_GB_DET,2023,12,DET,GB,51.0,47.67647058823529,43.76383763837639
2023_12_JAX_HOU,2023,12,HOU,JAX,45.0,43.029411764705884,43.76383763837639
2023_12_KC_LV,2023,12,LV,KC,48.0,49.35294117647059,43.76383763837639
2023_12_LA_ARI,2023,12,ARI,LAR,51.0,43.529411764705884,43.76383763837639
2023_12_MIA_NYJ,2023,12,NYJ,MIA,47.0,41.41176470588235,43.76383763837639
2023_12_NE_NYG,2023,12,NYG,NE,17.0,42.55882352941177,43.76383763837639
2023_12_NO_ATL,2023,12,ATL,NO,39.0,41.94117647058823,43.76383763837639
2023_12_PIT_CIN,2023,12,CIN,PIT,26.0,42.36029411764706,43.76383763837639
2023_12_SF_SEA,2023,12,SEA,SF,44.0,45.14705882352941,43.76383763837639
2023_12_TB_IND,2023,12,IND,TB,47.0,40.794117647058826,43.76383763837639
2023_12_WAS_DAL,2023,12,DAL,WAS,55.0,43.32352941176471,43.76383763837639
2023_13_ARI_PIT,2023,13,PIT,ARI,34.0,42.44117647058823,43.76383763837639
2023_13_ATL_NYJ,2023,13,NYJ,ATL,21.0,40.08823529411765,43.76383763837639
2023_13_CAR_TB,2023,13,TB,CAR,39.0,40.94117647058823,43.76383763837639
2023_13_CIN_JAX,2023,13,JAX,CIN,65.0,45.30147058823529,43.76383763837639
2023_13_CLE_LA,2023,13,LAR,CLE,55.0,42.14705882352941,43.76383763837639
2023_13_DEN_HOU,2023,13,HOU,DEN,39.0,39.85294117647059,43.76383763837639
2023_13_DET_NO,2023,13,NO,DET,61.0,45.73529411764706,43.76383763837639
2023_13_IND_TEN,2023,13,TEN,IND,59.0,40.38235294117647,43.76383763837639
2023_13_KC_GB,2023,13,GB,KC,46.0,47.23529411764706,43.76383763837639
2023_13_LAC_NE,2023,13,NE,LAC,6.0,43.705882352941174,43.76383763837639
2023_13_MIA_WAS,2023,13,WAS,MIA,60.0,42.94117647058823,43.76383763837639
2023_13_SEA_DAL,2023,13,DAL,SEA,76.0,47.55882352941177,43.76383763837639
2023_13_SF_PHI,2023,13,PHI,SF,61.0,45.529411764705884,43.76383763837639
2023_14_BUF_KC,2023,14,KC,BUF,37.0,48.59742647058823,43.76383763837639
2023_14_CAR_NO,2023,14,NO,CAR,34.0,41.05882352941177,43.76383763837639
2023_14_DEN_LAC,2023,14,LAC,DEN,31.0,41.794117647058826,43.76383763837639
2023_14_DET_CHI,2023,14,CHI,DET,41.0,49.08823529411765,43.76383763837639
2023_14_GB_NYG,2023,14,NYG,GB,46.0,43.44117647058823,43.76383763837639
2023_14_HOU_NYJ,2023,14,NYJ,HOU,36.0,38.85294117647059,43.76383763837639
2023_14_IND_CIN,2023,14,CIN,IND,48.0,44.18382352941177,43.76383763837639
2023_14_JAX_CLE,2023,14,CLE,JAX,58.0,44.0,43.76383763837639
2023_14_LA_BAL,2023,14,BAL,LAR,68.0,39.88235294117647,43.76383763837639
2023_14_MIN_LV,2023,14,LV,MIN,3.0,48.94117647058823,43.76383763837639
2023_14_NE_PIT,2023,14,PIT,NE,39.0,40.147058823529406,43.76383763837639
2023_14_PHI_DAL,2023,14,DAL,PHI,46.0,47.94117647058823,43.76383763837639
2023_14_SEA_SF,2023,14,SF,SEA,44.0,45.14705882352941,43.76383763837639
2023_14_TB_ATL,2023,14,ATL,TB,54.0,41.82352941176471,43.76383763837639
2023_14_TEN_MIA,2023,14,MIA,TEN,55.0,42.73529411764706,43.76383763837639
2023_15_ATL_CAR,2023,15,CAR,ATL,16.0,43.294117647058826,43.76383763837639
2023_15_BAL_JAX,2023,15,JAX,BAL,30.0,41.73529411764706,43.76383763837639
2023_15_CHI_CLE,2023,15,CLE,CHI,37.0,45.029411764705884,43.76383763837639
2023_15_DAL_BUF,2023,15,BUF,DAL,41.0,46.950367647058826,43.76383763837639
2023_15_DEN_DET,2023,15,DET,DEN,59.0,44.88235294117647,43.76383763837639
2023_15_HOU_TEN,2023,15,TEN,HOU,35.0,40.17647058823529,43.76383763837639
2023_15_KC_NE,2023,15,NE,KC,44.0,46.35294117647059,43.76383763837639
2023_15_LAC_LV,2023,15,LV,LAC,84.0,46.705882352941174,43.76383763837639
2023_15_MIN_CIN,2023,15,CIN,MIN,51.0,48.154411764705884,43.76383763837639
2023_15_NYG_NO,2023,15,NO,NYG,30.0,41.5,43.76383763837639
2023_15_NYJ_MIA,2023,15,MIA,NYJ,30.0,41.41176470588235,43.76383763837639
2023_15_PHI_SEA,2023,15,SEA,PHI,37.0,47.911764705882355,43.76383763837639
2023_15_PIT_IND,2023,15,IND,PIT,43.0,40.294117647058826,43.76383763837639
2023_15_SF_ARI,2023,15,ARI,SF,74.0,44.58823529411765,43.76383763837639
2023_15_TB_GB,2023,15,GB,TB,54.0,41.529411764705884,43.76383763837639
2023_15_WAS_LA,2023,15,LAR,WAS,48.0,39.852941176470594,43.76383763837639
2023_16_ARI_CHI,2023,16,CHI,ARI,43.0,46.411764705882355,43.76383763837639
2023_16_BAL_SF,2023,16,SF,BAL,52.0,40.94117647058823,43.76383763837639
2023_16_BUF_LAC,2023,16,LAC,BUF,46.0,45.950367647058826,43.76383763837639
2023_16_CIN_PIT,2023,16,PIT,CIN,45.0,42.36029411764706,43.76383763837639
2023_16_CLE_HOU,2023,16,HOU,CLE,58.0,42.67647058823529,43.76383763837639
2023_16_DAL_MIA,2023,16,MIA,DAL,42.0,47.205882352941174,43.76383763837639
2023_16_DET_MIN,2023,16,MIN,DET,54.0,50.911764705882355,43.76383763837639
2023_16_GB_CAR,2023,16,CAR,GB,63.0,43.0,43.76383763837639
2023_16_IND_ATL,2023,16,ATL,IND,39.0,43.14705882352941,43.76383763837639
2023_16_JAX_TB,2023,16,TB,JAX,42.0,41.91176470588235,43.76383763837639
2023_16_LV_KC,2023,16,KC,LV,34.0,49.35294117647059,43.76383763837639
2023_16_NE_DEN,2023,16,DEN,NE,49.0,39.91176470588235,43.76383763837639
2023_16_NO_LA,2023,16,LAR,NO,52.0,40.17647058823529,43.76383763837639
2023_16_NYG_PHI,2023,16,PHI,NYG,58.0,45.794117647058826,43.76383763837639
2023_16_SEA_TEN,2023,16,TEN,SEA,37.0,43.08823529411765,43.76383763837639
2023_16_WAS_NYJ,2023,16,NYJ,WAS,58.0,37.529411764705884,43.76383763837639
2023_17_ARI_PHI,2023,17,PHI,ARI,66.0,47.352941176470594,43.76383763837639
2023_17_ATL_CHI,2023,17,CHI,ATL,54.0,45.294117647058826,43.76383763837639
2023_17_CAR_JAX,2023,17,JAX,CAR,26.0,43.38235294117647,43.76383763837639
2023_17_CIN_KC,2023,17,KC,CIN,42.0,48.56617647058823,43.76383763837639
2023_17_DET_DAL,2023,17,DAL,DET,39.0,49.67647058823529,43.76383763837639
2023_17_GB_MIN,2023,17,MIN,GB,43.0,46.82352941176471,43.76383763837639
2023_17_LAC_DEN,2023,17,DEN,LAC,25.0,41.794117647058826,43.76383763837639
2023_17_LA_NYG,2023,17,NYG,LAR,51.0,41.970588235294116,43.76383763837639
2023_17_LV_IND,2023,17,IND,LV,43.0,44.970588235294116,43.76383763837639
2023_17_MIA_BAL,2023,17,BAL,MIA,75.0,42.970588235294116,43.76383763837639
2023_17_NE_BUF,2023,17,BUF,NE,48.0,44.06801470588235,43.76383763837639
2023_17_NO_TB,2023,17,TB,NO,36.0,39.588235294117645,43.76383763837639
2023_17_NYJ_CLE,2023,17,CLE,NYJ,57.0,39.82352941176471,43.76383763837639
2023_17_PIT_SEA,2023,17,SEA,PIT,53.0,43.0,43.76383763837639
2023_17_SF_WAS,2023,17,WAS,SF,37.0,40.911764705882355,43.76383763837639
2023_17_TEN_HOU,2023,17,HOU,TEN,29.0,40.17647058823529,43.76383763837639
2023_18_ATL_NO,2023,18,NO,ATL,65.0,41.94117647058823,43.76383763837639
2023_18_BUF_MIA,2023,18,MIA,BUF,35.0,46.56801470588235,43.76383763837639
2023_18_CHI_GB,2023,18,GB,CHI,26.0,45.0,43.76383763837639
2023_18_CLE_CIN,2023,18,CIN,CLE,45.0,44.94852941176471,43.76383763837639
2023_18_DAL_WAS,2023,18,WAS,DAL,48.0,43.32352941176471,43.76383763837639
2023_18_DEN_LV,2023,18,LV,DEN,41.0,42.91176470588235,43.76383763837639
2023_18_HOU_IND,2023,18,IND,HOU,42.0,41.91176470588235,43.76383763837639
2023_18_JAX_TEN,2023,18,TEN,JAX,48.0,41.5,43.76383763837639
2023_18_KC_LAC,2023,18,LAC,KC,25.0,48.23529411764706,43.76383763837639
2023_18_LA_SF,2023,18,SF,LAR,41.0,41.705882352941174,43.76383763837639
2023_18_MIN_DET,2023,18,DET,MIN,50.0,50.911764705882355,43.76383763837639
2023_18_NYJ_NE,2023,18,NE,NYJ,20.0,38.91176470588235,43.76383763837639
2023_18_PHI_NYG,2023,18,NYG,PHI,37.0,45.794117647058826,43.76383763837639
2023_18_PIT_BAL,2023,18,BAL,PIT,27.0,38.794117647058826,43.76383763837639
2023_18_SEA_ARI,2023,18,ARI,SEA,41.0,46.970588235294116,43.76383763837639
2023_18_TB_CAR,2023,18,CAR,TB,9.0,40.94117647058823,43.76383763837639
2024_01_ARI_BUF,2024,1,BUF,ARI,62.0,45.5,43.536764705882355
2024_01_BAL_KC,2024,1,KC,BAL,47.0,42.0,43.536764705882355
2024_01_CAR_NO,2024,1,NO,CAR,57.0,40.61764705882353,43.536764705882355
2024_01_DAL_CLE,2024,1,CLE,DAL,50.0,46.529411764705884,43.536764705882355
2024_01_DEN_SEA,2024,1,SEA,DEN,46.0,45.1764705882353,43.536764705882355
2024_01_GB_PHI,2024,1,PHI,GB,63.0,46.88235294117647,43.536764705882355
2024_01_HOU_IND,2024,1,IND,HOU,56.0,45.3235294117647,43.536764705882355
2024_01_JAX_MIA,2024,1,MIA,JAX,37.0,48.08823529411765,43.536764705882355
2024_01_LA_DET,2024,1,DET,LAR,46.0,48.147058823529406,43.536764705882355
2024_01_LV_LAC,2024,1,LAC,LV,32.0,41.38235294117647,43.536764705882355
2024_01_MIN_NYG,2024,1,NYG,MIN,34.0,40.55882352941177,43.536764705882355
2024_01_NE_CIN,2024,1,CIN,NE,26.0,39.76470588235294,43.536764705882355
2024_01_NYJ_SF,2024,1,SF,NYJ,51.0,41.529411764705884,43.536764705882355
2024_01_PIT_ATL,2024,1,ATL,PIT,28.0,38.882352941176464,43.536764705882355
2024_01_TEN_CHI,2024,1,CHI,TEN,41.0,41.5,43.536764705882355
2024_01_WAS_TB,2024,1,TB,WAS,57.0,44.705882352941174,43.536764705882355
2024_02_ATL_PHI,2024,2,PHI,ATL,43.0,45.73529411764706,43.536764705882355
2024_02_BUF_MIA,2024,2,MIA,BUF,41.0,48.5,43.536764705882355
2024_02_CHI_HOU,2024,2,HOU,CHI,32.0,43.205882352941174,43.536764705882355
2024_02_CIN_KC,2024,2,KC,CIN,51.0,41.61764705882353,43.536764705882355
2024_02_CLE_JAX,2024,2,JAX,CLE,31.0,44.294117647058826,43.536764705882355
2024_02_IND_GB,2024,2,GB,IND,26.0,45.41176470588235,43.536764705882355
2024_02_LAC_CAR,2024,2,CAR,LAC,29.0,41.05882352941177,43.536764705882355
2024_02_LA_ARI,2024,2,ARI,LAR,51.0,46.05882352941177,43.536764705882355
2024_02_LV_BAL,2024,2,BAL,LV,49.0,41.94117647058823,43.536764705882355
2024_02_NO_DAL,2024,2,DAL,NO,63.0,45.67647058823529,43.536764705882355
2024_02_NYG_WAS,2024,2,WAS,NYG,39.0,44.705882352941174,43.536764705882355
2024_02_NYJ_TEN,2024,2,TEN,NYJ,41.0,38.08823529411765,43.536764705882355
2024_02_PIT_DEN,2024,2,DEN,PIT,19.0,41.11764705882353,43.536764705882355
2024_02_SEA_NE,2024,2,NE,SEA,43.0,40.23529411764706,43.536764705882355
2024_02_SF_MIN,2024,2,MIN,SF,40.0,43.970588235294116,43.536764705882355
2024_02_TB_DET,2024,2,DET,TB,36.0,44.970588235294116,43.536764705882355
2024_03_BAL_DAL,2024,3,DAL,BAL,53.0,46.67647058823529,43.536764705882355
2024_03_CAR_LV,2024,3,LV,CAR,58.0,38.67647058823529,43.536764705882355
2024_03_CHI_IND,2024,3,IND,CHI,37.0,45.588235294117645,43.536764705882355
2024_03_DEN_TB,2024,3,TB,DEN,33.0,42.44117647058823,43.536764705882355
2024_03_DET_ARI,2024,3,ARI,DET,33.0,48.26470588235294,43.536764705882355
2024_03_GB_TEN,2024,3,TEN,GB,44.0,41.32352941176471,43.536764705882355
2024_03_HOU_MIN,2024,3,MIN,HOU,41.0,42.23529411764706,43.536764705882355
2024_03_JAX_BUF,2024,3,BUF,JAX,57.0,44.41176470588235,43.536764705882355
2024_03_KC_ATL,2024,3,ATL,KC,39.0,39.970588235294116,43.536764705882355
2024_03_LAC_PIT,2024,3,PIT,LAC,30.0,40.35294117647059,43.536764705882355
2024_03_MIA_SEA,2024,3,SEA,MIA,27.0,48.617647058823536,43.536764705882355
2024_03_NE_NYJ,2024,3,NYJ,NE,27.0,36.029411764705884,43.536764705882355
2024_03_NYG_CLE,2024,3,CLE,NYG,36.0,42.088235294117645,43.536764705882355
2024_03_PHI_NO,2024,3,NO,PHI,27.0,46.76470588235294,43.536764705882355
2024_03_SF_LA,2024,3,LAR,SF,51.0,46.17647058823529,43.536764705882355
2024_03_WAS_CIN,2024,3,CIN,WAS,71.0,46.970588235294116,43.536764705882355
2024_04_BUF_BAL,2024,4,BAL,BUF,45.0,44.85294117647059,43.536764705882355
2024_04_CIN_CAR,2024,4,CAR,CIN,58.0,41.23529411764706,43.536764705882355
2024_04_CLE_LV,2024,4,LV,CLE,36.0,41.794117647058826,43.536764705882355
2024_04_DAL_NYG,2024,4,NYG,DAL,35.0,44.029411764705884,43.536764705882355
2024_04_DEN_NYJ,2024,4,NYJ,DEN,19.0,40.970588235294116,43.536764705882355
2024_04_JAX_HOU,2024,4,HOU,JAX,44.0,43.470588235294116,43.536764705882355
2024_04_KC_LAC,2024,4,LAC,KC,27.0,41.44117647058823,43.536764705882355
2024_04_LA_CHI,2024,4,CHI,LAR,42.0,44.705882352941174,43.536764705882355
2024_04_MIN_GB,2024,4,GB,MIN,60.0,42.32352941176471,43.536764705882355
2024_04_NE_SF,2024,4,SF,NE,43.0,40.911764705882355,43.536764705882355
2024_04_NO_ATL,2024,4,ATL,NO,50.0,41.85294117647059,43.536764705882355
2024_04_PHI_TB,2024,4,TB,PHI,49.0,45.11764705882353,43.536764705882355
2024_04_PIT_IND,2024,4,IND,PIT,51.0,42.3235294117647,43.536764705882355
2024_04_SEA_DET,2024,4,DET,SEA,71.0,47.705882352941174,43.536764705882355
2024_04_TEN_MIA,2024,4,MIA,TEN,43.0,45.852941176470594,43.536764705882355
2024_04_WAS_ARI,2024,4,ARI,WAS,56.0,48.0,43.536764705882355
2024_05_ARI_SF,2024,5,SF,ARI,47.0,46.294117647058826,43.536764705882355
2024_05_BAL_CIN,2024,5,CIN,BAL,79.0,44.5,43.536764705882355
2024_05_BUF_HOU,2024,5,HOU,BUF,43.0,43.882352941176464,43.536764705882355
2024_05_CAR_CHI,2024,5,CHI,CAR,46.0,40.91176470588235,43.536764705882355
2024_05_CLE_WAS,2024,5,WAS,CLE,47.0,47.205882352941174,43.536764705882355
2024_05_DAL_PIT,2024,5,PIT,DAL,37.0,42.705882352941174,43.536764705882355
2024_05_GB_LA,2024,5,LAR,GB,43.0,44.529411764705884,43.536764705882355
2024_05_IND_JAX,2024,5,JAX,IND,71.0,45.85294117647059,43.536764705882355
2024_05_LV_DEN,2024,5,DEN,LV,52.0,42.14705882352941,43.536764705882355
2024_05_MIA_NE,2024,5,NE,MIA,25.0,43.794117647058826,43.536764705882355
2024_05_NO_KC,2024,5,KC,NO,39.0,41.0,43.536764705882355
2024_05_NYG_SEA,2024,5,SEA,NYG,49.0,42.32352941176471,43.536764705882355
2024_05_NYJ_MIN,2024,5,MIN,NYJ,40.0,39.08823529411765,43.536764705882355
2024_05_TB_ATL,2024,5,ATL,TB,66.0,40.205882352941174,43.536764705882355
2024_06_ARI_GB,2024,6,GB,ARI,47.0,44.64705882352941,43.536764705882355
2024_06_ATL_CAR,2024,6,CAR,ATL,58.0,39.588235294117645,43.536764705882355
2024_06_BUF_NYJ,2024,6,NYJ,BUF,43.0,40.73529411764706,43.536764705882355
2024_06_CIN_NYG,2024,6,NYG,CIN,24.0,41.85294117647059,43.536764705882355
2024_06_CLE_PHI,2024,6,PHI,CLE,36.0,47.61764705882353,43.536764705882355
2024_06_DET_DAL,2024,6,DAL,DET,56.0,49.41176470588235,43.536764705882355
2024_06_HOU_NE,2024,6,NE,HOU,62.0,39.17647058823529,43.536764705882355
2024_06_IND_TEN,2024,6,TEN,IND,37.0,43.61764705882353,43.536764705882355
2024_06_JAX_CHI,2024,6,CHI,JAX,51.0,43.73529411764706,43.536764705882355
2024_06_LAC_DEN,2024,6,DEN,LAC,39.0,44.529411764705884,43.536764705882355
2024_06_PIT_LV,2024,6,LV,PIT,45.0,37.970588235294116,43.536764705882355
2024_06_SF_SEA,2024,6,SEA,SF,60.0,45.73529411764706,43.536764705882355
2024_06_TB_NO,2024,6,NO,TB,78.0,41.23529411764706,43.536764705882355
2024_06_WAS_BAL,2024,6,BAL,WAS,53.0,47.35294117647059,43.536764705882355
2024_07_BAL_TB,2024,7,TB,BAL,72.0,42.23529411764706,43.536764705882355
2024_07_CAR_WAS,2024,7,WAS,CAR,47.0,44.088235294117645,43.536764705882355
2024_07_CIN_CLE,2024,7,CLE,CIN,35.0,44.35294117647059,43.536764705882355
2024_07_DEN_NO,2024,7,NO,DEN,43.0,44.08823529411765,43.536764705882355
2024_07_DET_MIN,2024,7,MIN,DET,60.0,45.94117647058823,43.536764705882355
2024_07_HOU_GB,2024,7,GB,HOU,46.0,43.029411764705884,43.536764705882355
2024_07_KC_SF,2024,7,SF,KC,46.0,42.76470588235294,43.536764705882355
2024_07_LAC_ARI,2024,7,ARI,LAC,32.0,44.970588235294116,43.536764705882355
2024_07_LV_LA,2024,7,LAR,LV,35.0,42.470588235294116,43.536764705882355
2024_07_MIA_IND,2024,7,IND,MIA,26.0,49.94117647058823,43.536764705882355
2024_07_NE_JAX,2024,7,JAX,NE,48.0,39.705882352941174,43.536764705882355
2024_07_NYJ_PIT,2024,7,PIT,NYJ,52.0,36.794117647058826,43.536764705882355
2024_07_PHI_NYG,2024,7,NYG,PHI,31.0,45.11764705882353,43.536764705882355
2024_07_SEA_ATL,2024,7,ATL,SEA,48.0,42.94117647058823,43.536764705882355
2024_07_TEN_BUF,2024,7,BUF,TEN,44.0,42.17647058823529,43.536764705882355
2024_08_ARI_MIA,2024,8,MIA,ARI,55.0,49.1764705882353,43.536764705882355
2024_08_ATL_TB,2024,8,TB,ATL,57.0,40.205882352941174,43.536764705882355
2024_08_BAL_CLE,2024,8,CLE,BAL,53.0,44.73529411764706,43.536764705882355
2024_08_BUF_SEA,2024,8,SEA,BUF,41.0,44.94117647058823,43.536764705882355
2024_08_CAR_DEN,2024,8,DEN,CAR,42.0,41.82352941176471,43.536764705882355
2024_08_CHI_WAS,2024,8,WAS,CHI,33.0,46.647058823529406,43.536764705882355
2024_08_DAL_SF,2024,8,SF,DAL,54.0,47.44117647058823,43.536764705882355
2024_08_GB_JAX,2024,8,JAX,GB,57.0,43.55882352941177,43.536764705882355
2024_08_IND_HOU,2024,8,HOU,IND,43.0,45.3235294117647,43.536764705882355
2024_08_KC_LV,2024,8,LV,KC,47.0,39.05882352941177,43.536764705882355
2024_08_MIN_LA,2024,8,LAR,MIN,50.0,43.73529411764706,43.536764705882355
2024_08_NO_LAC,2024,8,LAC,NO,34.0,43.32352941176471,43.536764705882355
2024_08_NYG_PIT,2024,8,PIT,NYG,44.0,38.26470588235294,43.536764705882355
2024_08_NYJ_NE,2024,8,NE,NYJ,47.0,36.029411764705884,43.536764705882355
2024_08_PHI_CIN,2024,8,CIN,PHI,54.0,47.38235294117647,43.536764705882355
2024_08_TEN_DET,2024,8,DET,TEN,66.0,44.94117647058823,43.536764705882355
2024_09_CHI_ARI,2024,9,ARI,CHI,38.0,44.82352941176471,43.536764705882355
2024_09_DAL_ATL,2024,9,ATL,DAL,48.0,44.647058823529406,43.536764705882355
2024_09_DEN_BAL,2024,9,BAL,DEN,51.0,45.08823529411765,43.536764705882355
2024_09_DET_GB,2024,9,GB,DET,38.0,46.73529411764706,43.536764705882355
2024_09_HOU_NYJ,2024,9,NYJ,HOU,34.0,39.794117647058826,43.536764705882355
2024_09_IND_MIN,2024,9,MIN,IND,34.0,44.61764705882353,43.536764705882355
2024_09_JAX_PHI,2024,9,PHI,JAX,51.0,47.32352941176471,43.536764705882355
2024_09_LAC_CLE,2024,9,CLE,LAC,37.0,44.17647058823529,43.536764705882355
2024_09_LA_SEA,2024,9,SEA,LAR,46.0,45.5,43.536764705882355
2024_09_LV_CIN,2024,9,CIN,LV,65.0,41.55882352941177,43.536764705882355
2024_09_MIA_BUF,2024,9,BUF,MIA,57.0,48.5,43.536764705882355
2024_09_NE_TEN,2024,9,TEN,NE,37.0,37.470588235294116,43.536764705882355
2024_09_NO_CAR,2024,9,CAR,NO,45.0,40.61764705882353,43.536764705882355
2024_09_TB_KC,2024,9,KC,TB,54.0,39.35294117647059,43.536764705882355
2024_09_WAS_NYG,2024,9,NYG,WAS,49.0,44.705882352941174,43.536764705882355
2024_10_ATL_NO,2024,10,NO,ATL,37.0,41.85294117647059,43.536764705882355
2024_10_BUF_IND,2024,10,IND,BUF,50.0,46.26470588235294,43.536764705882355
2024_10_CIN_BAL,2024,10,BAL,CIN,69.0,44.5,43.536764705882355
2024_10_DEN_KC,2024,10,KC,DEN,30.0,42.205882352941174,43.536764705882355
2024_10_DET_HOU,2024,10,HOU,DET,49.0,46.647058823529406,43.536764705882355
2024_10_MIA_LA,2024,10,LAR,MIA,38.0,49.05882352941177,43.536764705882355
2024_10_MIN_JAX,2024,10,JAX,MIN,19.0,42.76470588235294,43.536764705882355
2024_10_NE_CHI,2024,10,CHI,NE,22.0,39.44117647058823,43.536764705882355
2024_10_NYG_CAR,2024,10,CAR,NYG,37.0,38.970588235294116,43.536764705882355
2024_10_NYJ_ARI,2024,10,ARI,NYJ,37.0,41.411764705882355,43.536764705882355
2024_10_PHI_DAL,2024,10,DAL,PHI,40.0,49.55882352941177,43.536764705882355
2024_10_PIT_WAS,2024,10,WAS,PIT,55.0,43.382352941176464,43.536764705882355
2024_10_SF_TB,2024,10,TB,SF,43.0,43.0,43.536764705882355
2024_10_TEN_LAC,2024,10,LAC,TEN,44.0,41.64705882352941,43.536764705882355
2024_11_ATL_DEN,2024,11,DEN,ATL,44.0,43.05882352941177,43.536764705882355
2024_11_BAL_PIT,2024,11,PIT,BAL,34.0,40.91176470588235,43.536764705882355
2024_11_CIN_LAC,2024,11,LAC,CIN,61.0,43.94117647058823,43.536764705882355
2024_11_CLE_NO,2024,11,NO,CLE,49.0,43.73529411764706,43.536764705882355
2024_11_GB_CHI,2024,11,CHI,GB,39.0,43.294117647058826,43.536764705882355
2024_11_HOU_DAL,2024,11,DAL,HOU,44.0,45.705882352941174,43.536764705882355
2024_11_IND_NYJ,2024,11,NYJ,IND,55.0,42.17647058823529,43.536764705882355
2024_11_JAX_DET,2024,11,DET,JAX,58.0,47.17647058823529,43.536764705882355
2024_11_KC_BUF,2024,11,BUF,KC,51.0,41.970588235294116,43.536764705882355
2024_11_LA_NE,2024,11,NE,LAR,50.0,40.67647058823529,43.536764705882355
2024_11_LV_MIA,2024,11,MIA,LV,53.0,45.58823529411765,43.536764705882355
2024_11_MIN_TEN,2024,11,TEN,MIN,36.0,40.529411764705884,43.536764705882355
2024_11_SEA_SF,2024,11,SF,SEA,37.0,45.73529411764706,43.536764705882355
2024_11_WAS_PHI,2024,11,PHI,WAS,44.0,50.23529411764706,43.536764705882355
2024_12_ARI_SEA,2024,12,SEA,ARI,22.0,45.617647058823536,43.536764705882355
2024_12_BAL_LAC,2024,12,LAC,BAL,53.0,44.32352941176471,43.536764705882355
2024_12_DAL_WAS,2024,12,WAS,DAL,60.0,49.147058823529406,43.536764705882355
2024_12_DEN_LV,2024,12,LV,DEN,48.0,42.14705882352941,43.536764705882355
2024_12_DET_IND,2024,12,IND,DET,30.0,49.029411764705884,43.536764705882355
2024_12_KC_CAR,2024,12,CAR,KC,57.0,38.73529411764706,43.536764705882355
2024_12_MIN_CHI,2024,12,CHI,MIN,57.0,42.5,43.536764705882355
2024_12_NE_MIA,2024,12,MIA,NE,49.0,43.794117647058826,43.536764705882355
2024_12_PHI_LA,2024,12,LAR,PHI,57.0,48.294117647058826,43.536764705882355
2024_12_PIT_CLE,2024,12,CLE,PIT,43.0,40.76470588235294,43.536764705882355
2024_12_SF_GB,2024,12,GB,SF,48.0,44.76470588235294,43.536764705882355
2024_12_TB_NYG,2024,12,NYG,TB,37.0,39.588235294117645,43.536764705882355
2024_12_TEN_HOU,2024,12,HOU,TEN,59.0,41.23529411764706,43.536764705882355
2024_13_ARI_MIN,2024,13,MIN,ARI,45.0,43.852941176470594,43.536764705882355
2024_13_CHI_DET,2024,13,DET,CHI,43.0,46.91176470588235,43.536764705882355
2024_13_CLE_DEN,2024,13,DEN,CLE,73.0,44.94117647058823,43.536764705882355
2024_13_HOU_JAX,2024,13,JAX,HOU,43.0,43.470588235294116,43.536764705882355
2024_13_IND_NE,2024,13,NE,IND,49.0,41.55882352941177,43.536764705882355
2024_13_LAC_ATL,2024,13,ATL,LAC,30.0,42.294117647058826,43.536764705882355
2024_13_LA_NO,2024,13,NO,LAR,35.0,44.41176470588235,43.536764705882355
2024_13_LV_KC,2024,13,KC,LV,36.0,39.05882352941177,43.536764705882355
2024_13_MIA_GB,2024,13,GB,MIA,47.0,47.64705882352941,43.536764705882355
2024_13_NYG_DAL,2024,13,DAL,NYG,47.0,44.029411764705884,43.536764705882355
2024_13_PHI_BAL,2024,13,BAL,PHI,43.0,47.76470588235294,43.536764705882355
2024_13_PIT_CIN,2024,13,CIN,PIT,82.0,40.529411764705884,43.536764705882355
2024_13_SEA_NYJ,2024,13,NYJ,SEA,47.0,40.852941176470594,43.536764705882355
2024_13_SF_BUF,2024,13,BUF,SF,45.0,45.61764705882353,43.536764705882355
2024_13_TB_CAR,2024,13,CAR,TB,49.0,38.970588235294116,43.536764705882355
2024_13_TEN_WAS,2024,13,WAS,TEN,61.0,44.67647058823529,43.536764705882355
2024_14_ATL_MIN,2024,14,MIN,ATL,63.0,41.17647058823529,43.536764705882355
2024_14_BUF_LA,2024,14,LAR,BUF,86.0,45.382352941176464,43.536764705882355
2024_14_CAR_PHI,2024,14,PHI,CAR,38.0,44.5,43.536764705882355
2024_14_CHI_SF,2024,14,SF,CHI,51.0,44.94117647058823,43.536764705882355
2024_14_CIN_DAL,2024,14,DAL,CIN,47.0,46.294117647058826,43.536764705882355
2024_14_CLE_PIT,2024,14,PIT,CLE,41.0,40.76470588235294,43.536764705882355
2024_14_GB_DET,2024,14,DET,GB,65.0,46.73529411764706,43.536764705882355
2024_14_JAX_TEN,2024,14,TEN,JAX,16.0,41.76470588235294,43.536764705882355
2024_14_LAC_KC,2024,14,KC,LAC,36.0,41.44117647058823,43.536764705882355
2024_14_LV_TB,2024,14,TB,LV,41.0,39.294117647058826,43.536764705882355
2024_14_NO_NYG,2024,14,NYG,NO,25.0,41.23529411764706,43.536764705882355
2024_14_NYJ_MIA,2024,14,MIA,NYJ,58.0,44.411764705882355,43.536764705882355
2024_14_SEA_ARI,2024,14,ARI,SEA,48.0,45.617647058823536,43.536764705882355
2024_15_ATL_LV,2024,15,LV,ATL,24.0,39.91176470588235,43.536764705882355
2024_15_BAL_NYG,2024,15,NYG,BAL,49.0,42.23529411764706,43.536764705882355
2024_15_BUF_DET,2024,15,DET,BUF,90.0,47.588235294117645,43.536764705882355
2024_15_CHI_MIN,2024,15,MIN,CHI,42.0,42.5,43.536764705882355
2024_15_CIN_TEN,2024,15,TEN,CIN,64.0,41.82352941176471,43.536764705882355
2024_15_DAL_CAR,2024,15,CAR,DAL,44.0,43.41176470588235,43.536764705882355
2024_15_GB_SEA,2024,15,SEA,GB,43.0,44.08823529411765,43.536764705882355
2024_15_IND_DEN,2024,15,DEN,IND,44.0,46.5,43.536764705882355
2024_15_KC_CLE,2024,15,CLE,KC,28.0,41.85294117647059,43.536764705882355
2024_15_LA_SF,2024,15,SF,LAR,18.0,46.17647058823529,43.536764705882355
2024_15_MIA_HOU,2024,15,HOU,MIA,32.0,47.55882352941177,43.536764705882355
2024_15_NE_ARI,2024,15,ARI,NE,47.0,40.794117647058826,43.536764705882355
2024_15_NYJ_JAX,2024,15,JAX,NYJ,57.0,40.32352941176471,43.536764705882355
2024_15_PIT_PHI,2024,15,PHI,PIT,40.0,43.794117647058826,43.536764705882355
2024_15_TB_LAC,2024,15,LAC,TB,57.0,41.67647058823529,43.536764705882355
2024_15_WAS_NO,2024,15,NO,WAS,39.0,46.35294117647059,43.536764705882355
2024_16_ARI_CAR,2024,16,CAR,ARI,66.0,42.26470588235294,43.536764705882355
2024_16_CLE_CIN,2024,16,CIN,CLE,30.0,44.35294117647059,43.536764705882355
2024_16_DEN_LAC,2024,16,LAC,DEN,61.0,44.529411764705884,43.536764705882355
2024_16_DET_CHI,2024,16,CHI,DET,51.0,46.91176470588235,43.536764705882355
2024_16_HOU_KC,2024,16,KC,HOU,46.0,41.029411764705884,43.536764705882355
2024_16_JAX_LV,2024,16,LV,JAX,33.0,41.5,43.536764705882355
2024_16_LA_NYJ,2024,16,NYJ,LAR,28.0,41.294117647058826,43.536764705882355
2024_16_MIN_SEA,2024,16,SEA,MIN,51.0,43.294117647058826,43.536764705882355
2024_16_NE_BUF,2024,16,BUF,NE,45.0,40.11764705882353,43.536764705882355
2024_16_NO_GB,2024,16,GB,NO,34.0,43.0,43.536764705882355
2024_16_NYG_ATL,2024,16,ATL,NYG,41.0,40.205882352941174,43.536764705882355
2024_16_PHI_WAS,2024,16,WAS,PHI,69.0,50.23529411764706,43.536764705882355
2024_16_PIT_BAL,2024,16,BAL,PIT,51.0,40.91176470588235,43.536764705882355
2024_16_SF_MIA,2024,16,MIA,SF,46.0,49.294117647058826,43.536764705882355
2024_16_TB_DAL,2024,16,DAL,TB,50.0,44.029411764705884,43.536764705882355
2024_16_TEN_IND,2024,16,IND,TEN,68.0,43.61764705882353,43.536764705882355
2024_17_ARI_LA,2024,17,LAR,ARI,22.0,46.05882352941177,43.536764705882355
2024_17_ATL_WAS,2024,17,WAS,ATL,54.0,45.3235294117647,43.536764705882355
2024_17_BAL_HOU,2024,17,HOU,BAL,33.0,43.91176470588235,43.536764705882355
2024_17_CAR_TB,2024,17,TB,CAR,62.0,38.970588235294116,43.536764705882355
2024_17_DAL_PHI,2024,17,PHI,DAL,48.0,49.55882352941177,43.536764705882355
2024_17_DEN_CIN,2024,17,CIN,DEN,54.0,44.705882352941174,43.536764705882355
2024_17_DET_SF,2024,17,SF,DET,74.0,48.38235294117647,43.536764705882355
2024_17_GB_MIN,2024,17,MIN,GB,52.0,42.32352941176471,43.536764705882355
2024_17_IND_NYG,2024,17,NYG,IND,78.0,43.647058823529406,43.536764705882355
2024_17_KC_PIT,2024,17,PIT,KC,39.0,38.029411764705884,43.536764705882355
2024_17_LAC_NE,2024,17,NE,LAC,47.0,39.58823529411765,43.536764705882355
2024_17_LV_NO,2024,17,NO,LV,35.0,40.94117647058823,43.536764705882355
2024_17_MIA_CLE,2024,17,CLE,MIA,23.0,48.38235294117647,43.536764705882355
2024_17_NYJ_BUF,2024,17,BUF,NYJ,54.0,40.73529411764706,43.536764705882355
2024_17_SEA_CHI,2024,17,CHI,SEA,9.0,44.26470588235294,43.536764705882355
2024_17_TEN_JAX,2024,17,JAX,TEN,33.0,41.76470588235294,43.536764705882355
2024_18_BUF_NE,2024,18,NE,BUF,39.0,40.11764705882353,43.536764705882355
2024_18_CAR_ATL,2024,18,ATL,CAR,82.0,39.588235294117645,43.536764705882355
2024_18_CHI_GB,2024,18,GB,CHI,46.0,43.294117647058826,43.536764705882355
2024_18_CIN_PIT,2024,18,PIT,CIN,36.0,40.529411764705884,43.536764705882355
2024_18_CLE_BAL,2024,18,BAL,CLE,45.0,44.73529411764706,43.536764705882355
2024_18_HOU_TEN,2024,18,TEN,HOU,37.0,41.23529411764706,43.536764705882355
2024_18_JAX_IND,2024,18,IND,JAX,49.0,45.85294117647059,43.536764705882355
2024_18_KC_DEN,2024,18,DEN,KC,38.0,42.205882352941174,43.536764705882355
2024_18_LAC_LV,2024,18,LV,LAC,54.0,41.38235294117647,43.536764705882355
2024_18_MIA_NYJ,2024,18,NYJ,MIA,52.0,44.411764705882355,43.536764705882355
2024_18_MIN_DET,2024,18,DET,MIN,40.0,45.94117647058823,43.536764705882355
2024_18_NO_TB,2024,18,TB,NO,46.0,41.23529411764706,43.536764705882355
2024_18_NYG_PHI,2024,18,PHI,NYG,33.0,45.11764705882353,43.536764705882355
2024_18_SEA_LA,2024,18,LAR,SEA,55.0,45.5,43.536764705882355
2024_18_SF_ARI,2024,18,ARI,SF,71.0,46.294117647058826,43.536764705882355
2024_18_WAS_DAL,2024,18,DAL,WAS,42.0,49.147058823529406,43.536764705882355
2025_01_ARI_NO,2025,1,NO,ARI,33.0,44.55882352941177,45.8235294117647
2025_01_BAL_BUF,2025,1,BUF,BAL,81.0,52.11764705882353,45.8235294117647
2025_01_CAR_JAX,2025,1,JAX,CAR,36.0,47.94117647058823,45.8235294117647
2025_01_CIN_CLE,2025,1,CLE,CIN,33.0,47.029411764705884,45.8235294117647
2025_01_DAL_PHI,2025,1,PHI,DAL,44.0,46.58823529411765,45.8235294117647
2025_01_DET_GB,2025,1,GB,DET,40.0,50.11764705882353,45.8235294117647
2025_01_HOU_LA,2025,1,LAR,HOU,23.0,44.029411764705884,45.8235294117647
2025_01_KC_LAC,2025,1,LAC,KC,48.0,41.588235294117645,45.8235294117647
2025_01_LV_NE,2025,1,NE,LV,33.0,42.61764705882353,45.8235294117647
2025_01_MIA_IND,2025,1,IND,MIA,41.0,44.5,45.8235294117647
2025_01_MIN_CHI,2025,1,CHI,MIN,51.0,42.470588235294116,45.8235294117647
2025_01_NYG_WAS,2025,1,WAS,NYG,27.0,46.0,45.8235294117647
2025_01_PIT_NYJ,2025,1,NYJ,PIT,66.0,43.205882352941174,45.8235294117647
2025_01_SF_SEA,2025,1,SEA,SF,30.0,46.11764705882353,45.8235294117647
2025_01_TB_ATL,2025,1,ATL,TB,43.0,49.970588235294116,45.8235294117647
2025_01_TEN_DEN,2025,1,DEN,TEN,32.0,44.32352941176471,45.8235294117647
2025_02_ATL_MIN,2025,2,MIN,ATL,28.0,46.35294117647059,45.8235294117647
2025_02_BUF_NYJ,2025,2,NYJ,BUF,40.0,48.08823529411765,45.8235294117647
2025_02_CAR_ARI,2025,2,ARI,CAR,49.0,48.647058823529406,45.8235294117647
2025_02_CHI_DET,2025,2,DET,CHI,73.0,46.64705882352941,45.8235294117647
2025_02_CLE_BAL,2025,2,BAL,CLE,58.0,46.23529411764706,45.8235294117647
2025_02_DEN_IND,2025,2,IND,DEN,57.0,45.294117647058826,45.8235294117647
2025_02_JAX_CIN,2025,2,CIN,JAX,58.0,48.852941176470594,45.8235294117647
2025_02_LAC_LV,2025,2,LV,LAC,29.0,42.529411764705884,45.8235294117647
2025_02_LA_TEN,2025,2,TEN,LAR,52.0,44.82352941176471,45.8235294117647
2025_02_NE_MIA,2025,2,MIA,NE,60.0,41.61764705882353,45.8235294117647
2025_02_NYG_DAL,2025,2,DAL,NYG,77.0,44.294117647058826,45.8235294117647
2025_02_PHI_KC,2025,2,KC,PHI,37.0,43.44117647058823,45.8235294117647
2025_02_SEA_PIT,2025,2,PIT,SEA,48.0,43.23529411764706,45.8235294117647
2025_02_SF_NO,2025,2,NO,SF,47.0,45.911764705882355,45.8235294117647
2025_02_TB_HOU,2025,2,HOU,TB,39.0,47.970588235294116,45.8235294117647
2025_02_WAS_GB,2025,2,GB,WAS,45.0,49.23529411764706,45.8235294117647
2025_03_ARI_SF,2025,3,SF,ARI,31.0,47.17647058823529,45.8235294117647
2025_03_ATL_CAR,2025,3,CAR,ATL,30.0,49.61764705882353,45.8235294117647
2025_03_CIN_MIN,2025,3,MIN,CIN,58.0,49.11764705882353,45.8235294117647
2025_03_DAL_CHI,2025,3,CHI,DAL,45.0,44.05882352941177,45.8235294117647
2025_03_DEN_LAC,2025,3,LAC,DEN,43.0,42.32352941176471,45.8235294117647
2025_03_DET_BAL,2025,3,BAL,DET,68.0,52.5,45.8235294117647
2025_03_GB_CLE,2025,3,CLE,GB,23.0,43.85294117647059,45.8235294117647
2025_03_HOU_JAX,2025,3,JAX,HOU,27.0,44.08823529411765,45.8235294117647
2025_03_IND_TEN,2025,3,TEN,IND,61.0,46.32352941176471,45.8235294117647
2025_03_KC_NYG,2025,3,NYG,KC,31.0,41.147058823529406,45.8235294117647
2025_03_LA_PHI,2025,3,PHI,LAR,59.0,44.6764705882353,45.8235294117647
2025_03_LV_WAS,2025,3,WAS,LV,65.0,47.61764705882353,45.8235294117647
2025_03_MIA_BUF,2025,3,BUF,MIA,52.0,47.11764705882353,45.8235294117647
2025_03_NO_SEA,2025,3,SEA,NO,57.0,43.5,45.8235294117647
2025_03_NYJ_TB,2025,3,TB,NYJ,56.0,47.911764705882355,45.8235294117647
2025_03_PIT_NE,2025,3,NE,PIT,35.0,42.14705882352941,45.8235294117647
2025_04_BAL_KC,2025,4,KC,BAL,57.0,46.76470588235294,45.8235294117647
2025_04_CAR_NE,2025,4,NE,CAR,55.0,46.5,45.8235294117647
2025_04_CHI_LV,2025,4,LV,CHI,49.0,41.85294117647059,45.8235294117647
2025_04_CIN_DEN,2025,4,DEN,CIN,31.0,48.294117647058826,45.8235294117647
2025_04_CLE_DET,2025,4,DET,CLE,44.0,47.029411764705884,45.8235294117647
2025_04_GB_DAL,2025,4,DAL,GB,80.0,47.529411764705884,45.8235294117647
2025_04_IND_LA,2025,4,LAR,IND,47.0,45.794117647058826,45.8235294117647
2025_04_JAX_SF,2025,4,SF,JAX,47.0,46.470588235294116,45.8235294117647
2025_04_LAC_NYG,2025,4,NYG,LAC,39.0,40.91176470588235,45.8235294117647
2025_04_MIN_PIT,2025,4,PIT,MIN,45.0,43.85294117647059,45.8235294117647
2025_04_NO_BUF,2025,4,BUF,NO,50.0,47.911764705882355,45.8235294117647
2025_04_NYJ_MIA,2025,4,MIA,NYJ,48.0,42.67647058823529,45.8235294117647
2025_04_PHI_TB,2025,4,TB,PHI,56.0,48.617647058823536,45.8235294117647
2025_04_SEA_ARI,2025,4,ARI,SEA,43.0,44.76470588235294,45.8235294117647
2025_04_TEN_HOU,2025,4,HOU,TEN,26.0,44.55882352941177,45.8235294117647
2025_04_WAS_ATL,2025,4,ATL,WAS,61.0,49.64705882352941,45.8235294117647
2025_05_DAL_NYJ,2025,5,NYJ,DAL,59.0,45.88235294117647,45.8235294117647
2025_05_DEN_PHI,2025,5,PHI,DEN,38.0,44.1764705882353,45.8235294117647
2025_05_DET_CIN,2025,5,CIN,DET,61.0,53.294117647058826,45.8235294117647
2025_05_HOU_BAL,2025,5,BAL,HOU,54.0,47.73529411764706,45.8235294117647
2025_05_KC_JAX,2025,5,JAX,KC,59.0,43.11764705882353,45.8235294117647
2025_05_LV_IND,2025,5,IND,LV,46.0,45.5,45.8235294117647
2025_05_MIA_CAR,2025,5,CAR,MIA,51.0,46.588235294117645,45.8235294117647
2025_05_MIN_CLE,2025,5,CLE,MIN,38.0,42.85294117647059,45.8235294117647
2025_05_NE_BUF,2025,5,BUF,NE,43.0,47.029411764705884,45.8235294117647
2025_05_NYG_NO,2025,5,NO,NYG,40.0,41.88235294117647,45.8235294117647
2025_05_SF_LA,2025,5,LAR,SF,49.0,46.411764705882355,45.8235294117647
2025_05_TB_SEA,2025,5,SEA,TB,73.0,47.94117647058823,45.8235294117647
2025_05_TEN_ARI,2025,5,ARI,TEN,43.0,45.588235294117645,45.8235294117647
2025_05_WAS_LAC,2025,5,LAC,WAS,37.0,46.44117647058823,45.8235294117647
2025_06_ARI_IND,2025,6,IND,ARI,58.0,46.55882352941177,45.8235294117647
2025_06_BUF_ATL,2025,6,ATL,BUF,38.0,50.14705882352941,45.8235294117647
2025_06_CHI_WAS,2025,6,WAS,CHI,49.0,45.76470588235294,45.8235294117647
2025_06_CIN_GB,2025,6,GB,CIN,45.0,50.11764705882353,45.8235294117647
2025_06_CLE_PIT,2025,6,PIT,CLE,32.0,41.76470588235294,45.8235294117647
2025_06_DAL_CAR,2025,6,CAR,DAL,57.0,49.794117647058826,45.8235294117647
2025_06_DEN_NYJ,2025,6,NYJ,DEN,24.0,43.470588235294116,45.8235294117647
2025_06_DET_KC,2025,6,KC,DET,47.0,47.55882352941177,45.8235294117647
2025_06_LAC_MIA,2025,6,MIA,LAC,56.0,41.529411764705884,45.8235294117647
2025_06_LA_BAL,2025,6,BAL,LAR,20.0,48.0,45.8235294117647
2025_06_NE_NO,2025,6,NO,NE,44.0,42.411764705882355,45.8235294117647
2025_06_PHI_NYG,2025,6,NYG,PHI,51.0,42.76470588235294,45.8235294117647
2025_06_SEA_JAX,2025,6,JAX,SEA,32.0,44.05882352941177,45.8235294117647
2025_06_SF_TB,2025,6,TB,SF,49.0,50.352941176470594,45.8235294117647
2025_06_TEN_LV,2025,6,LV,TEN,30.0,44.529411764705884,45.8235294117647
2025_07_ATL_SF,2025,7,SF,ATL,30.0,48.14705882352941,45.8235294117647
2025_07_CAR_NYJ,2025,7,NYJ,CAR,19.0,47.55882352941177,45.8235294117647
2025_07_GB_ARI,2025,7,ARI,GB,50.0,46.382352941176464,45.8235294117647
2025_07_HOU_SEA,2025,7,SEA,HOU,46.0,43.73529411764706,45.8235294117647
2025_07_IND_LAC,2025,7,LAC,IND,62.0,44.32352941176471,45.8235294117647
2025_07_LA_JAX,2025,7,JAX,LAR,42.0,44.352941176470594,45.8235294117647
2025_07_LV_KC,2025,7,KC,LV,31.0,42.76470588235294,45.8235294117647
2025_07_MIA_CLE,2025,7,CLE,MIA,37.0,41.23529411764706,45.8235294117647
2025_07_NE_TEN,2025,7,TEN,NE,44.0,43.44117647058823,45.8235294117647
2025_07_NO_CHI,2025,7,CHI,NO,40.0,41.64705882352941,45.8235294117647
2025_07_NYG_DEN,2025,7,DEN,NYG,65.0,41.88235294117647,45.8235294117647
2025_07_PHI_MIN,2025,7,MIN,PHI,50.0,45.0,45.8235294117647
2025_07_PIT_CIN,2025,7,CIN,PIT,64.0,48.029411764705884,45.8235294117647
2025_07_TB_DET,2025,7,DET,TB,33.0,52.73529411764706,45.8235294117647
2025_07_WAS_DAL,2025,7,DAL,WAS,66.0,49.82352941176471,45.8235294117647
2025_08_BUF_CAR,2025,8,CAR,BUF,49.0,52.0,45.8235294117647
2025_08_CHI_BAL,2025,8,BAL,CHI,46.0,45.85294117647059,45.8235294117647
2025_08_CLE_NE,2025,8,NE,CLE,45.0,41.14705882352941,45.8235294117647
2025_08_DAL_DEN,2025,8,DEN,DAL,68.0,45.705882352941174,45.8235294117647
2025_08_GB_PIT,2025,8,PIT,GB,60.0,44.85294117647059,45.8235294117647
2025_08_MIA_ATL,2025,8,ATL,MIA,44.0,44.73529411764706,45.8235294117647
2025_08_MIN_LAC,2025,8,LAC,MIN,47.0,43.147058823529406,45.8235294117647
2025_08_NYG_PHI,2025,8,PHI,NYG,58.0,42.76470588235294,45.8235294117647
2025_08_NYJ_CIN,2025,8,CIN,NYJ,77.0,48.470588235294116,45.8235294117647
2025_08_SF_HOU,2025,8,HOU,SF,41.0,46.14705882352941,45.8235294117647
2025_08_TB_NO,2025,8,NO,TB,26.0,47.73529411764706,45.8235294117647
2025_08_TEN_IND,2025,8,IND,TEN,52.0,46.32352941176471,45.8235294117647
2025_08_WAS_KC,2025,8,KC,WAS,35.0,46.67647058823529,45.8235294117647
2025_09_ARI_DAL,2025,9,DAL,ARI,44.0,46.970588235294116,45.8235294117647
2025_09_ATL_NE,2025,9,NE,ATL,47.0,44.64705882352941,45.8235294117647
2025_09_BAL_MIA,2025,9,MIA,BAL,34.0,46.705882352941174,45.8235294117647
2025_09_CAR_GB,2025,9,GB,CAR,29.0,49.205882352941174,45.8235294117647
2025_09_CHI_CIN,2025,9,CIN,CHI,89.0,46.64705882352941,45.8235294117647
2025_09_DEN_HOU,2025,9,HOU,DEN,33.0,43.529411764705884,45.8235294117647
2025_09_IND_PIT,2025,9,PIT,IND,47.0,45.029411764705884,45.8235294117647
2025_09_JAX_LV,2025,9,LV,JAX,59.0,44.05882352941177,45.8235294117647
2025_09_KC_BUF,2025,9,BUF,KC,49.0,47.17647058823529,45.8235294117647
2025_09_LAC_TEN,2025,9,TEN,LAC,47.0,43.35294117647059,45.8235294117647
2025_09_MIN_DET,2025,9,DET,MIN,51.0,49.11764705882353,45.8235294117647
2025_09_NO_LA,2025,9,LAR,NO,44.0,43.794117647058826,45.8235294117647
2025_09_SEA_WAS,2025,9,WAS,SEA,52.0,47.61764705882353,45.8235294117647
2025_09_SF_NYG,2025,9,NYG,SF,58.0,44.5,45.8235294117647
2025_10_ARI_SEA,2025,10,SEA,ARI,66.0,44.76470588235294,45.8235294117647
2025_10_ATL_IND,2025,10,IND,ATL,56.0,47.529411764705884,45.8235294117647
2025_10_BAL_MIN,2025,10,MIN,BAL,46.0,48.3235294117647,45.8235294117647
2025_10_BUF_MIA,2025,10,MIA,BUF,43.0,47.11764705882353,45.8235294117647
2025_10_CLE_NYJ,2025,10,NYJ,CLE,47.0,42.205882352941174,45.8235294117647
2025_10_DET_WAS,2025,10,WAS,DET,66.0,52.411764705882355,45.8235294117647
2025_10_JAX_HOU,2025,10,HOU,JAX,65.0,44.08823529411765,45.8235294117647
2025_10_LA_SF,2025,10,SF,LAR,68.0,46.411764705882355,45.8235294117647
2025_10_LV_DEN,2025,10,DEN,LV,17.0,43.5,45.8235294117647
2025_10_NE_TB,2025,10,TB,NE,51.0,46.852941176470594,45.8235294117647
2025_10_NO_CAR,2025,10,CAR,NO,24.0,47.38235294117647,45.8235294117647
2025_10_NYG_CHI,2025,10,CHI,NYG,44.0,40.23529411764706,45.8235294117647
2025_10_PHI_GB,2025,10,GB,PHI,17.0,46.0,45.8235294117647
2025_10_PIT_LAC,2025,10,LAC,PIT,35.0,42.05882352941177,45.8235294117647
2025_11_BAL_CLE,2025,11,CLE,BAL,39.0,46.23529411764706,45.8235294117647
2025_11_CAR_ATL,2025,11,ATL,CAR,57.0,49.61764705882353,45.8235294117647
2025_11_CHI_MIN,2025,11,MIN,CHI,36.0,42.470588235294116,45.8235294117647
2025_11_CIN_PIT,2025,11,PIT,CIN,46.0,48.029411764705884,45.8235294117647
2025_11_DAL_LV,2025,11,LV,DAL,49.0,45.91176470588235,45.8235294117647
2025_11_DET_PHI,2025,11,PHI,DET,25.0,49.1764705882353,45.8235294117647
2025_11_GB_NYG,2025,11,NYG,GB,47.0,43.705882352941174,45.8235294117647
2025_11_HOU_TEN,2025,11,TEN,HOU,29.0,44.55882352941177,45.8235294117647
2025_11_KC_DEN,2025,11,DEN,KC,41.0,42.55882352941177,45.8235294117647
2025_11_LAC_JAX,2025,11,JAX,LAC,41.0,42.88235294117647,45.8235294117647
2025_11_NYJ_NE,2025,11,NE,NYJ,41.0,42.58823529411765,45.8235294117647
2025_11_SEA_LA,2025,11,LAR,SEA,40.0,44.0,45.8235294117647
2025_11_SF_ARI,2025,11,ARI,SF,63.0,47.17647058823529,45.8235294117647
2025_11_TB_BUF,2025,11,BUF,TB,76.0,52.352941176470594,45.8235294117647
2025_11_WAS_MIA,2025,11,MIA,WAS,29.0,46.61764705882353,45.8235294117647
2025_12_ATL_NO,2025,12,NO,ATL,34.0,45.529411764705884,45.8235294117647
2025_12_BUF_HOU,2025,12,HOU,BUF,42.0,48.14705882352941,45.8235294117647
2025_12_CAR_SF,2025,12,SF,CAR,29.0,50.0,45.8235294117647
2025_12_CLE_LV,2025,12,LV,CLE,34.0,42.23529411764706,45.8235294117647
2025_12_IND_KC,2025,12,KC,IND,43.0,44.55882352941177,45.8235294117647
2025_12_JAX_ARI,2025,12,ARI,JAX,51.0,45.11764705882353,45.8235294117647
2025_12_MIN_GB,2025,12,GB,MIN,29.0,45.94117647058823,45.8235294117647
2025_12_NE_CIN,2025,12,CIN,NE,46.0,47.411764705882355,45.8235294117647
2025_12_NYG_DET,2025,12,DET,NYG,61.0,46.88235294117647,45.8235294117647
2025_12_NYJ_BAL,2025,12,BAL,NYJ,33.0,47.67647058823529,45.8235294117647
2025_12_PHI_DAL,2025,12,DAL,PHI,45.0,46.58823529411765,45.8235294117647
2025_12_PIT_CHI,2025,12,CHI,PIT,59.0,41.38235294117647,45.8235294117647
2025_12_SEA_TEN,2025,12,TEN,SEA,54.0,44.529411764705884,45.8235294117647
2025_12_TB_LA,2025,12,LAR,TB,41.0,48.23529411764706,45.8235294117647
2025_13_ARI_TB,2025,13,TB,ARI,37.0,49.0,45.8235294117647
2025_13_ATL_NYJ,2025,13,NYJ,ATL,51.0,45.705882352941174,45.8235294117647
2025_13_BUF_PIT,2025,13,PIT,BUF,33.0,47.64705882352941,45.8235294117647
2025_13_CHI_PHI,2025,13,PHI,CHI,39.0,42.529411764705884,45.8235294117647
2025_13_CIN_BAL,2025,13,BAL,CIN,46.0,52.5,45.8235294117647
2025_13_DEN_WAS,2025,13,WAS,DEN,53.0,47.411764705882355,45.8235294117647
2025_13_GB_DET,2025,13,DET,GB,55.0,50.11764705882353,45.8235294117647
2025_13_HOU_IND,2025,13,IND,HOU,36.0,45.529411764705884,45.8235294117647
2025_13_JAX_TEN,2025,13,TEN,JAX,28.0,44.88235294117647,45.8235294117647
2025_13_KC_DAL,2025,13,DAL,KC,59.0,44.970588235294116,45.8235294117647
2025_13_LA_CAR,2025,13,CAR,LAR,59.0,47.88235294117647,45.8235294117647
2025_13_LV_LAC,2025,13,LAC,LV,45.0,42.529411764705884,45.8235294117647
2025_13_MIN_SEA,2025,13,SEA,MIN,26.0,44.3235294117647,45.8235294117647
2025_13_NO_MIA,2025,13,MIA,NO,38.0,42.5,45.8235294117647
2025_13_NYG_NE,2025,13,NE,NYG,48.0,41.0,45.8235294117647
2025_13_SF_CLE,2025,13,CLE,SF,34.0,44.64705882352941,45.8235294117647
2025_14_CHI_GB,2025,14,GB,CHI,49.0,43.470588235294116,45.8235294117647
2025_14_CIN_BUF,2025,14,BUF,CIN,73.0,52.911764705882355,45.8235294117647
2025_14_DAL_DET,2025,14,DET,DAL,74.0,50.705882352941174,45.8235294117647
2025_14_DEN_LV,2025,14,LV,DEN,41.0,43.5,45.8235294117647
2025_14_HOU_KC,2025,14,KC,HOU,30.0,42.794117647058826,45.8235294117647
2025_14_IND_JAX,2025,14,JAX,IND,55.0,45.852941176470594,45.8235294117647
2025_14_LA_ARI,2025,14,ARI,LAR,62.0,45.05882352941177,45.8235294117647
2025_14_MIA_NYJ,2025,14,NYJ,MIA,44.0,42.67647058823529,45.8235294117647
2025_14_NO_TB,2025,14,TB,NO,44.0,47.73529411764706,45.8235294117647
2025_14_PHI_LAC,2025,14,LAC,PHI,41.0,43.205882352941174,45.8235294117647
2025_14_PIT_BAL,2025,14,BAL,PIT,49.0,47.23529411764706,45.8235294117647
2025_14_SEA_ATL,2025,14,ATL,SEA,46.0,45.73529411764706,45.8235294117647
2025_14_TEN_CLE,2025,14,CLE,TEN,60.0,43.05882352941177,45.8235294117647
2025_14_WAS_MIN,2025,14,MIN,WAS,31.0,48.23529411764706,45.8235294117647
2025_15_ARI_HOU,2025,15,HOU,ARI,60.0,44.794117647058826,45.8235294117647
2025_15_ATL_TB,2025,15,TB,ATL,57.0,49.970588235294116,45.8235294117647
2025_15_BAL_CIN,2025,15,CIN,BAL,24.0,52.5,45.8235294117647
2025_15_BUF_NE,2025,15,NE,BUF,66.0,47.029411764705884,45.8235294117647
2025_15_CAR_NO,2025,15,NO,CAR,37.0,47.38235294117647,45.8235294117647
2025_15_CLE_CHI,2025,15,CHI,CLE,34.0,40.38235294117647,45.8235294117647
2025_15_DET_LA,2025,15,LAR,DET,75.0,48.794117647058826,45.8235294117647
2025_15_GB_DEN,2025,15,DEN,GB,60.0,45.11764705882353,45.8235294117647
2025_15_IND_SEA,2025,15,SEA,IND,34.0,45.5,45.8235294117647
2025_15_LAC_KC,2025,15,KC,LAC,29.0,41.588235294117645,45.8235294117647
2025_15_LV_PHI,2025,15,PHI,LV,31.0,44.38235294117647,45.8235294117647
2025_15_MIA_PIT,2025,15,PIT,MIA,43.0,42.23529411764706,45.8235294117647
2025_15_MIN_DAL,2025,15,DAL,MIN,60.0,46.529411764705884,45.8235294117647
2025_15_NYJ_JAX,2025,15,JAX,NYJ,68.0,44.029411764705884,45.8235294117647
2025_15_TEN_SF,2025,15,SF,TEN,61.0,46.94117647058823,45.8235294117647
2025_15_WAS_NYG,2025,15,NYG,WAS,50.0,46.0,45.8235294117647
2025_16_ATL_ARI,2025,16,ARI,ATL,45.0,46.794117647058826,45.8235294117647
2025_16_BUF_CLE,2025,16,CLE,BUF,43.0,46.64705882352941,45.8235294117647
2025_16_CIN_MIA,2025,16,MIA,CIN,66.0,47.5,45.8235294117647
2025_16_GB_CHI,2025,16,CHI,GB,38.0,43.470588235294116,45.8235294117647
2025_16_JAX_DEN,2025,16,DEN,JAX,54.0,43.852941176470594,45.8235294117647
2025_16_KC_TEN,2025,16,TEN,KC,35.0,43.588235294117645,45.8235294117647
2025_16_LAC_DAL,2025,16,DAL,LAC,51.0,44.73529411764706,45.8235294117647
2025_16_LA_SEA,2025,16,SEA,LAR,75.0,44.0,45.8235294117647
2025_16_LV_HOU,2025,16,HOU,LV,44.0,43.73529411764706,45.8235294117647
2025_16_MIN_NYG,2025,16,NYG,MIN,29.0,42.705882352941174,45.8235294117647
2025_16_NE_BAL,2025,16,BAL,NE,52.0,46.61764705882353,45.8235294117647
2025_16_NYJ_NO,2025,16,NO,NYJ,35.0,43.470588235294116,45.8235294117647
2025_16_PHI_WAS,2025,16,WAS,PHI,47.0,48.294117647058826,45.8235294117647
2025_16_PIT_DET,2025,16,DET,PIT,53.0,48.029411764705884,45.8235294117647
2025_16_SF_IND,2025,16,IND,SF,75.0,47.911764705882355,45.8235294117647
2025_16_TB_CAR,2025,16,CAR,TB,43.0,51.82352941176471,45.8235294117647
2025_17_ARI_CIN,2025,17,CIN,ARI,51.0,49.55882352941177,45.8235294117647
2025_17_BAL_GB,2025,17,GB,BAL,65.0,49.3235294117647,45.8235294117647
2025_17_CHI_SF,2025,17,SF,CHI,80.0,44.26470588235294,45.8235294117647
2025_17_DAL_WAS,2025,17,WAS,DAL,53.0,49.82352941176471,45.8235294117647
2025_17_DEN_KC,2025,17,KC,DEN,33.0,42.55882352941177,45.8235294117647
2025_17_DET_MIN,2025,17,MIN,DET,33.0,49.11764705882353,45.8235294117647
2025_17_HOU_LAC,2025,17,LAC,HOU,36.0,42.55882352941177,45.8235294117647
2025_17_JAX_IND,2025,17,IND,JAX,40.0,45.852941176470594,45.8235294117647
2025_17_LA_ATL,2025,17,ATL,LAR,51.0,46.029411764705884,45.8235294117647
2025_17_NE_NYJ,2025,17,NYJ,NE,52.0,42.58823529411765,45.8235294117647
2025_17_NO_TEN,2025,17,TEN,NO,60.0,44.32352941176471,45.8235294117647
2025_17_NYG_LV,2025,17,LV,NYG,44.0,42.088235294117645,45.8235294117647
2025_17_PHI_BUF,2025,17,BUF,PHI,25.0,48.794117647058826,45.8235294117647
2025_17_PIT_CLE,2025,17,CLE,PIT,19.0,41.76470588235294,45.8235294117647
2025_17_SEA_CAR,2025,17,CAR,SEA,37.0,47.588235294117645,45.8235294117647
2025_17_TB_MIA,2025,17,MIA,TB,37.0,46.94117647058823,45.8235294117647
2025_18_ARI_LA,2025,18,LAR,ARI,57.0,45.05882352941177,45.8235294117647
2025_18_BAL_PIT,2025,18,PIT,BAL,50.0,47.23529411764706,45.8235294117647
2025_18_CAR_TB,2025,18,TB,CAR,30.0,51.82352941176471,45.8235294117647
2025_18_CLE_CIN,2025,18,CIN,CLE,38.0,47.029411764705884,45.8235294117647
2025_18_DAL_NYG,2025,18,NYG,DAL,51.0,44.294117647058826,45.8235294117647
2025_18_DET_CHI,2025,18,CHI,DET,35.0,46.64705882352941,45.8235294117647
2025_18_GB_MIN,2025,18,MIN,GB,19.0,45.94117647058823,45.8235294117647
2025_18_IND_HOU,2025,18,HOU,IND,68.0,45.529411764705884,45.8235294117647
2025_18_KC_LV,2025,18,LV,KC,26.0,42.76470588235294,45.8235294117647
2025_18_LAC_DEN,2025,18,DEN,LAC,22.0,42.32352941176471,45.8235294117647
2025_18_MIA_NE,2025,18,NE,MIA,48.0,41.61764705882353,45.8235294117647
2025_18_NO_ATL,2025,18,ATL,NO,36.0,45.529411764705884,45.8235294117647
2025_18_NYJ_BUF,2025,18,BUF,NYJ,43.0,48.08823529411765,45.8235294117647
2025_18_SEA_SF,2025,18,SF,SEA,16.0,46.11764705882353,45.8235294117647
2025_18_TEN_JAX,2025,18,JAX,TEN,48.0,44.88235294117647,45.8235294117647
2025_18_WAS_PHI,2025,18,PHI,WAS,41.0,48.294117647058826,45.8235294117647
