game_id,kickoff,home_team,away_team,season,week,neutral_site,actual_margin,reference4,active4_exposure,active4_symmetric,pgo_v0,constant,corrected,candidate
2018_01_ATL_PHI,2018-09-06T20:20-04:00,PHI,ATL,2018,1,False,6.0,-0.4177990697489866,0.9437127982145219,0.24145623723091036,3.6138365405258286,2.44140625,0.06772435725149073,0.892245381499698
2018_01_BUF_BAL,2018-09-09T13:00-04:00,BAL,BUF,2018,1,False,44.0,11.257632689476404,8.591462369373257,7.947399772149725,4.759554503649869,2.44140625,7.881200319634855,8.114371570134972
2018_01_CIN_IND,2018-09-09T13:00-04:00,IND,CIN,2018,1,False,-11.0,5.541117806077903,0.9903375204493714,0.7041742805186575,0.7504929105212321,2.44140625,0.7573062427143018,0.8208018284345275
2018_01_HOU_NE,2018-09-09T13:00-04:00,NE,HOU,2018,1,False,7.0,12.60727821199,13.247485210959248,12.613434096847882,10.494308457785952,2.44140625,12.461658787149602,11.378583306479468
2018_01_JAX_NYG,2018-09-09T13:00-04:00,NYG,JAX,2018,1,False,-5.0,-1.1490007372446103,-1.2037419688460442,-1.4888677000607213,-1.556576324822914,2.44140625,-1.8790768874696264,-1.9714289461376329
2018_01_PIT_CLE,2018-09-09T13:00-04:00,CLE,PIT,2018,1,False,0.0,-7.177003810331699,-5.384422478126716,-5.867455178388806,-3.9821622988077117,2.44140625,-5.862199463741618,-5.3202557102136385
2018_01_SF_MIN,2018-09-09T13:00-04:00,MIN,SF,2018,1,False,8.0,4.70660083745623,6.146967718197654,5.3672984301287485,6.957203064300311,2.44140625,5.403794112143007,4.257012601630336
2018_01_TB_NO,2018-09-09T13:00-04:00,NO,TB,2018,1,False,-8.0,7.580342661804032,7.050732847923452,6.524361924462556,5.464856260596324,2.44140625,6.387973193359612,6.315693101439482
2018_01_TEN_MIA,2018-09-09T13:00-04:00,MIA,TEN,2018,1,False,7.0,-2.741510495661932,0.3929841303568127,-0.24077268771873794,1.0125644284673228,2.44140625,-0.3586498879785497,0.10008478598474191
2018_01_KC_LAC,2018-09-09T16:05-04:00,LAC,KC,2018,1,False,-10.0,8.060080117309738,5.456458521908583,5.150470064727621,2.6015632300830207,2.44140625,5.089201361822491,5.377491985931368
2018_01_DAL_CAR,2018-09-09T16:25-04:00,CAR,DAL,2018,1,False,8.0,0.27603150713749836,2.2048945891972314,2.050819066215449,2.1068101735462887,2.44140625,1.9980657826982968,2.1162329171671703
2018_01_SEA_DEN,2018-09-09T16:25-04:00,DEN,SEA,2018,1,False,3.0,1.2676776630425004,-1.2180937404982788,-1.6304175764749824,-0.8684239420805433,2.44140625,-1.7032795578615216,-1.8419803472483036
2018_01_WAS_ARI,2018-09-09T16:25-04:00,ARI,WAS,2018,1,False,-18.0,1.9623758648417005,1.4131582273364773,1.0659834923771725,2.8373365947939733,2.44140625,0.6413884851490641,0.6768794712041171
2018_01_CHI_GB,2018-09-09T20:20-04:00,GB,CHI,2018,1,False,1.0,-0.8341172179927887,3.2840011993917777,2.3807524440127894,2.458884712154749,2.44140625,2.479916336277051,2.5355894986157925
2018_01_NYJ_DET,2018-09-10T19:10-04:00,DET,NYJ,2018,1,False,-31.0,16.29508280088516,11.654046601454446,11.143409119635354,4.999520857873593,2.44140625,11.235244786894564,11.0662339575357
2018_01_LA_OAK,2018-09-10T22:20-04:00,LV,LAR,2018,1,False,-20.0,0.6047463539370456,-1.8856384195410487,-2.426265281172941,-0.6971898397819629,2.44140625,-2.4179795565994526,-1.597238360750117
2018_02_BAL_CIN,2018-09-13T20:20-04:00,CIN,BAL,2018,2,False,11.0,0.16132196320756065,0.022633404033241433,-0.3509295744358145,-0.5823651184926941,2.44140625,-0.3555267730207681,-0.5171875664816699
2018_02_CAR_ATL,2018-09-16T13:00-04:00,ATL,CAR,2018,2,False,7.0,3.025618713524275,4.191908877112111,3.749961332219567,2.832811051802996,2.44140625,3.7519458450201375,5.052176293259292
2018_02_CLE_NO,2018-09-16T13:00-04:00,NO,CLE,2018,2,False,3.0,9.818603534620395,8.634609535467275,8.293595561144105,7.704711653141321,2.44140625,8.278476901433185,8.485319062619029
2018_02_HOU_TEN,2018-09-16T13:00-04:00,TEN,HOU,2018,2,False,3.0,0.8262407108115188,3.531445057186011,3.1807569336581305,4.746215220897497,2.44140625,3.179441262939429,2.2920544125179125
2018_02_IND_WAS,2018-09-16T13:00-04:00,WAS,IND,2018,2,False,-12.0,6.899692136915802,6.729343360906407,6.2398787721348015,6.603859981419827,2.44140625,6.336766571259867,6.43366246431361
2018_02_KC_PIT,2018-09-16T13:00-04:00,PIT,KC,2018,2,False,-5.0,-0.7228959325615008,-0.47845390183804326,-0.8842162029524383,1.829433249061966,2.44140625,-0.8805779503836155,-1.6628244066195725
2018_02_LAC_BUF,2018-09-16T13:00-04:00,BUF,LAC,2018,2,False,-11.0,-4.9255820954996405,-4.382605504786463,-4.7952674849968115,-0.675240273489838,2.44140625,-4.752591004152793,-4.560658920477026
2018_02_MIA_NYJ,2018-09-16T13:00-04:00,NYJ,MIA,2018,2,False,-8.0,1.463255041056254,1.3544427170309667,0.9939589153070545,3.566805170231498,2.44140625,1.0050446874520107,1.337461127512567
2018_02_MIN_GB,2018-09-16T13:00-04:00,GB,MIN,2018,2,False,0.0,-6.520167489602217,-5.12329872672231,-5.484830498838939,-2.6901401587991884,2.44140625,-5.512318075631031,-4.622249508644517
2018_02_PHI_TB,2018-09-16T13:00-04:00,TB,PHI,2018,2,False,6.0,0.6361483019923173,1.529806541220145,0.8633452452553398,-0.3477493708812833,2.44140625,1.1405854296404196,-0.3435280434372534
2018_02_ARI_LA,2018-09-16T16:05-04:00,LAR,ARI,2018,2,False,34.0,8.741916394589225,9.003921967479247,8.503021091651494,7.753137219129222,2.44140625,8.614021911666903,7.890399899738031
2018_02_DET_SF,2018-09-16T16:05-04:00,SF,DET,2018,2,False,3.0,1.900169344319198,0.6744525911468905,0.28131325326679324,2.4379842561545253,2.44140625,0.19484487112565874,-0.051575172485741616
2018_02_NE_JAX,2018-09-16T16:25-04:00,JAX,NE,2018,2,False,11.0,-3.662927016668506,-1.4378912702419844,-1.914841900686775,-0.11033103706623404,2.44140625,-1.745755682178199,-0.7553923340363315
2018_02_OAK_DEN,2018-09-16T16:25-04:00,DEN,LV,2018,2,False,1.0,6.0361178296588704,3.311541373671235,2.739679012621884,3.654281887492895,2.44140625,2.9165838708163516,2.892765409115484
2018_02_NYG_DAL,2018-09-16T20:20-04:00,DAL,NYG,2018,2,False,7.0,6.852748102439436,5.298723798438136,4.470448922942145,6.417227883038326,2.44140625,4.810076546612868,4.547315461586873
2018_02_SEA_CHI,2018-09-17T20:15-04:00,CHI,SEA,2018,2,False,7.0,0.9920600216389202,1.2042506939249753,1.0747563849372996,0.15187278874438492,2.44140625,0.9385676924212767,0.8586517143376562
2018_03_NYJ_CLE,2018-09-20T20:20-04:00,CLE,NYJ,2018,3,False,4.0,1.5015298633245382,2.3908013078933794,1.8473557672098782,0.38866032166598163,2.44140625,1.9227276577092105,1.4398809215436217
2018_03_BUF_MIN,2018-09-23T13:00-04:00,MIN,BUF,2018,3,False,-21.0,9.875362571635872,10.50434841558298,9.979386892736693,8.863934449343366,2.44140625,10.091160048790748,9.180086093146965
2018_03_CIN_CAR,2018-09-23T13:00-04:00,CAR,CIN,2018,3,False,10.0,1.8736068082432653,1.557295838942366,1.2465045030582111,2.852861974101559,2.44140625,1.3309800845934565,1.2177228827997193
2018_03_DEN_BAL,2018-09-23T13:00-04:00,BAL,DEN,2018,3,False,13.0,7.216103345943519,7.514428712100214,7.302224370400941,6.668835583203411,2.44140625,7.19202846633774,7.308342479479658
2018_03_GB_WAS,2018-09-23T13:00-04:00,WAS,GB,2018,3,False,14.0,7.64642299513797,7.298218798484416,7.018962519183992,3.0707205070377688,2.44140625,7.074714405794321,7.176931274967445
2018_03_IND_PHI,2018-09-23T13:00-04:00,PHI,IND,2018,3,False,4.0,8.502124185103568,7.19721315993165,6.707960462831441,7.479360964987606,2.44140625,6.7534832528893265,7.2848118802521835
2018_03_NO_ATL,2018-09-23T13:00-04:00,ATL,NO,2018,3,False,-6.0,2.887493113041429,3.4117998980165782,3.0666346324765015,3.5962530350278277,2.44140625,3.1705413066357457,4.302509302193312
2018_03_NYG_HOU,2018-09-23T13:00-04:00,HOU,NYG,2018,3,False,-5.0,1.5401600377196016,1.141917362360832,0.5596767997101848,2.3879327743870906,2.44140625,0.7198888764615744,0.6806285136468465
2018_03_OAK_MIA,2018-09-23T13:00-04:00,MIA,LV,2018,3,False,8.0,4.567802412100147,4.189319513194607,3.8454111452193667,4.575013548426981,2.44140625,3.8960122845183074,3.8586093756298894
2018_03_SF_KC,2018-09-23T13:00-04:00,KC,SF,2018,3,False,11.0,6.99987391853766,7.082269089967765,6.728583323365233,6.7562524637007275,2.44140625,6.781532777386074,6.858123811490138
2018_03_TEN_JAX,2018-09-23T13:00-04:00,JAX,TEN,2018,3,False,-3.0,8.166429485063356,7.5572807265486,7.081723326196601,6.077856900501608,2.44140625,7.18053311706155,8.192778280311597
2018_03_LAC_LA,2018-09-23T16:05-04:00,LAR,LAC,2018,3,False,12.0,3.9931070303874416,4.611754585796938,4.348664216975222,5.409844901465146,2.44140625,4.253907527211215,3.601036844457835
2018_03_CHI_ARI,2018-09-23T16:25-04:00,ARI,CHI,2018,3,False,-2.0,0.059116194904371366,-0.9182578272955744,-1.0484227355474376,-0.2684504231644671,2.44140625,-1.2504004160912576,-1.0833307396460186
2018_03_DAL_SEA,2018-09-23T16:25-04:00,SEA,DAL,2018,3,False,11.0,1.388495619714805,1.206480860594898,0.8362166094740602,1.9314763125275216,2.44140625,0.8132689468856579,1.0205125547096525
2018_03_NE_DET,2018-09-23T20:20-04:00,DET,NE,2018,3,False,16.0,-4.856292713065844,-2.648699359115845,-2.971812830779903,-1.9558175289266888,2.44140625,-2.865880375435474,-2.288294231632496
2018_03_PIT_TB,2018-09-24T20:15-04:00,TB,PIT,2018,3,False,-3.0,1.3096417186228524,2.17656341972487,1.6185933517203972,1.8630345741436347,2.44140625,1.6695812066458657,2.3771504932550522
2018_04_MIN_LA,2018-09-27T20:20-04:00,LAR,MIN,2018,4,False,7.0,6.210487167094133,6.827492925130276,6.6995400635329965,5.764126316978254,2.44140625,6.5297615108344305,6.721888904482517
2018_04_BUF_GB,2018-09-30T13:00-04:00,GB,BUF,2018,4,False,22.0,-0.050749924854800454,1.2504682813857735,0.773502555748209,1.757619352391889,2.44140625,0.8279512562392468,0.6614204210644741
2018_04_CIN_ATL,2018-09-30T13:00-04:00,ATL,CIN,2018,4,False,-1.0,5.193614366868756,4.902637262592857,4.520315842700247,3.6270677424494013,2.44140625,4.62894981568777,5.555668142729741
2018_04_DET_DAL,2018-09-30T13:00-04:00,DAL,DET,2018,4,False,2.0,1.194379540022072,0.46799159256603706,-0.07994634474999707,2.5397816441214593,2.44140625,-0.05967274159057512,-0.2368454423415165
2018_04_HOU_IND,2018-09-30T13:00-04:00,IND,HOU,2018,4,False,-3.0,4.2043915562317835,5.876284669302237,5.615767400403317,4.227968638837057,2.44140625,5.628379753539676,5.6884447144907595
2018_04_MIA_NE,2018-09-30T13:00-04:00,NE,MIA,2018,4,False,31.0,8.40045960531864,7.303240987376585,6.872987105629228,5.00892168993853,2.44140625,6.883707136571491,6.41145311817138
2018_04_NYJ_JAX,2018-09-30T13:00-04:00,JAX,NYJ,2018,4,False,19.0,7.373730859571683,7.892355225059994,7.297620314262732,5.926927420610366,2.44140625,7.529662955935978,7.595032742103146
2018_04_PHI_TEN,2018-09-30T13:00-04:00,TEN,PHI,2018,4,False,3.0,-1.2609190365220786,-0.9868348892669176,-1.3381756786507653,-0.4662082956969966,2.44140625,-1.310678612314464,-2.14115648750164
2018_04_TB_CHI,2018-09-30T13:00-04:00,CHI,TB,2018,4,False,38.0,0.3016669268752068,1.3248381545185997,1.3325100026217296,1.2251773123567036,2.44140625,1.1048686722742094,0.9876605254909421
2018_04_CLE_OAK,2018-09-30T16:05-04:00,LV,CLE,2018,4,False,3.0,2.3338070121931196,2.7447389531474924,2.3517425847105944,2.6768172754672355,2.44140625,2.208537163720269,1.938257010374654
2018_04_SEA_ARI,2018-09-30T16:05-04:00,ARI,SEA,2018,4,False,-3.0,-6.4966654434515725,-5.736485222652528,-5.937652536568489,-2.3993640475548403,2.44140625,-5.995954469338624,-5.893186746359818
2018_04_NO_NYG,2018-09-30T16:25-04:00,NYG,NO,2018,4,False,-15.0,-3.5952362550752794,-2.572054908370422,-2.6717746766767543,-1.6664456467627957,2.44140625,-2.830970530262367,-2.7616706095159342
2018_04_SF_LAC,2018-09-30T16:25-04:00,LAC,SF,2018,4,False,2.0,9.326700087979606,8.72372209330868,8.549243646854087,5.053750127912241,2.44140625,8.461148393696824,8.709943320334887
2018_04_BAL_PIT,2018-09-30T20:20-04:00,PIT,BAL,2018,4,False,-12.0,3.1622001062039855,2.5674139398486617,2.1645765029064146,1.780150425339701,2.44140625,2.248731907489983,1.7564770161391223
2018_04_KC_DEN,2018-10-01T20:15-04:00,DEN,KC,2018,4,False,-4.0,-6.455669790980551,-6.221016148372689,-6.731440368020796,-3.5471958815216027,2.44140625,-6.727793035668997,-6.656633941309614
2018_05_IND_NE,2018-10-04T20:20-04:00,NE,IND,2018,5,False,14.0,10.505324831145668,9.208616946868535,8.678838746134945,8.527458872256032,2.44140625,8.660161719512995,8.383264261487144
2018_05_ATL_PIT,2018-10-07T13:00-04:00,PIT,ATL,2018,5,False,24.0,1.3436406432458003,0.8389364821691105,0.42227940689394705,2.3224845155944447,2.44140625,0.4205109923278363,-0.6944013376876403
2018_05_BAL_CLE,2018-10-07T13:00-04:00,CLE,BAL,2018,5,False,3.0,-4.568807135792827,-4.745988956925636,-5.003852794070979,-4.391253764407763,2.44140625,-5.003683223354194,-4.941071751888602
2018_05_DEN_NYJ,2018-10-07T13:00-04:00,NYJ,DEN,2018,5,False,18.0,2.6291236896586767,2.6520223165517165,2.566431761496313,2.408125059571144,2.44140625,2.380937307260067,2.660091917245194
2018_05_GB_DET,2018-10-07T13:00-04:00,DET,GB,2018,5,False,8.0,2.6540586618328104,3.5663794087676086,3.3485752357822736,3.6014875052418285,2.44140625,3.3147022879168455,3.2740373146087136
2018_05_JAX_KC,2018-10-07T13:00-04:00,KC,JAX,2018,5,False,16.0,4.752165891759468,4.534288743254207,4.299747480838422,3.3191031322034066,2.44140625,4.20069690211797,4.027917006322225
2018_05_MIA_CIN,2018-10-07T13:00-04:00,CIN,MIA,2018,5,False,10.0,6.1198008352098485,5.641809916680134,5.18103059182771,5.059072033299946,2.44140625,5.2424881234486636,4.993044490362846
2018_05_NYG_CAR,2018-10-07T13:00-04:00,CAR,NYG,2018,5,False,2.0,6.743488704988491,7.649971995422758,7.150934859753569,7.621142238566162,2.44140625,7.312924801584835,7.490454531433887
2018_05_TEN_BUF,2018-10-07T13:00-04:00,BUF,TEN,2018,5,False,1.0,-2.1302863696582377,-1.4914888068623366,-1.8162157881041439,-0.3469210562887848,2.44140625,-1.9403227594161503,-1.794741235001611
2018_05_OAK_LAC,2018-10-07T16:05-04:00,LAC,LV,2018,5,False,16.0,7.903367473654588,7.571001987862287,7.293120075568828,6.493037708332043,2.44140625,7.286899694135402,7.408060542978656
2018_05_ARI_SF,2018-10-07T16:25-04:00,SF,ARI,2018,5,False,-10.0,3.7230662384362834,4.1333171637913,3.6860401778965968,5.199225731651192,2.44140625,3.632248085208195,3.2308116905354964
2018_05_LA_SEA,2018-10-07T16:25-04:00,SEA,LAR,2018,5,False,-2.0,-2.0534015751380306,-2.3279518249826245,-2.987903774129325,-1.5255438520204052,2.44140625,-2.7854971975772878,-2.1427263350305963
2018_05_MIN_PHI,2018-10-07T16:25-04:00,PHI,MIN,2018,5,False,-2.0,3.668833627754967,3.7924037432854423,3.5448600723026265,3.0219541845144957,2.44140625,3.4931442284292054,4.634221302979092
2018_05_DAL_HOU,2018-10-07T20:20-04:00,HOU,DAL,2018,5,False,3.0,-0.33324427801681616,-0.14336405293888355,-0.4097779713551757,-0.908085336492193,2.44140625,-0.4584677531752315,-0.33968518147755006
2018_05_WAS_NO,2018-10-08T20:15-04:00,NO,WAS,2018,5,False,24.0,3.204750913111094,3.0735990925882275,2.6799738489322666,5.286725852384552,2.44140625,2.5641693886724566,2.421068691135667
2018_06_PHI_NYG,2018-10-11T20:20-04:00,NYG,PHI,2018,6,False,-21.0,-2.759903920124785,-2.3013065401971797,-2.5855314571559393,-2.406987039890014,2.44140625,-2.6547202443449613,-3.0295276158931808
2018_06_ARI_MIN,2018-10-14T13:00-04:00,MIN,ARI,2018,6,False,10.0,7.671647591167292,7.35457454760479,6.940690428415228,7.302200556975251,2.44140625,6.942550827448608,6.101543743121673
2018_06_BUF_HOU,2018-10-14T13:00-04:00,HOU,BUF,2018,6,False,7.0,1.767255680316549,1.7590948262671071,1.253713698234965,2.6019232396600205,2.44140625,1.377157542710774,1.3593527916037629
2018_06_CAR_WAS,2018-10-14T13:00-04:00,WAS,CAR,2018,6,False,6.0,1.1673773339033933,1.3645002024731965,0.9717467649723102,-0.22329918438103524,2.44140625,1.0094375540340497,0.8310072859204302
2018_06_CHI_MIA,2018-10-14T13:00-04:00,MIA,CHI,2018,6,False,3.0,-3.2365028415060015,-3.5756372814272472,-4.13014201596846,-0.5774017097581563,2.44140625,-4.043992393887577,-4.155503403579017
2018_06_IND_NYJ,2018-10-14T13:00-04:00,NYJ,IND,2018,6,False,8.0,2.7507337371121574,0.25113024037635445,-0.09967029901843638,3.921947878929986,2.44140625,-0.22543228385159475,-0.09875561351106743
2018_06_LAC_CLE,2018-10-14T13:00-04:00,CLE,LAC,2018,6,False,-24.0,-4.7250215239375,-4.436135155255683,-4.863799298205676,-1.8770105320237072,2.44140625,-4.757703664811425,-4.766503682147362
2018_06_PIT_CIN,2018-10-14T13:00-04:00,CIN,PIT,2018,6,False,-7.0,-0.29065390234830835,0.6534575501657438,0.36386078597155413,1.1150775008260687,2.44140625,0.227200260256734,0.5101527961925671
2018_06_SEA_OAK,2018-10-14T13:00-04:00,LV,SEA,2018,6,True,-24.0,-7.217519537239804,-6.468155021158743,-5.985606519202541,-4.865021769153687,2.44140625,-6.1491609725150775,-6.191356707594316
2018_06_TB_ATL,2018-10-14T13:00-04:00,ATL,TB,2018,6,False,5.0,5.03896457862163,4.7143910881636835,4.297086838966502,3.010424814482988,2.44140625,4.3570517220266884,5.211941574576525
2018_06_LA_DEN,2018-10-14T16:05-04:00,DEN,LAR,2018,6,False,-3.0,-7.8753064467793585,-8.011724240802428,-8.67748338329815,-6.438125248276744,2.44140625,-8.541722168342597,-8.00696350523927
2018_06_BAL_TEN,2018-10-14T16:25-04:00,TEN,BAL,2018,6,False,-21.0,-0.4278280230608353,0.4548931687289155,-0.24532977863526428,-0.8733367030136923,2.44140625,-0.17261660291520842,-0.38406058200504
2018_06_JAX_DAL,2018-10-14T16:25-04:00,DAL,JAX,2018,6,False,33.0,1.4891432820512733,0.7733574053689123,0.4500554342410028,0.6922678769926891,2.44140625,0.3647581881523505,0.04301768153094421
2018_06_KC_NE,2018-10-14T20:20-04:00,NE,KC,2018,6,False,3.0,3.5005754950313714,2.880267501095373,2.5286080712336005,1.9377240782128418,2.44140625,2.4149315369994353,2.1064361401174194
2018_06_SF_GB,2018-10-15T20:15-04:00,GB,SF,2018,6,False,3.0,8.094056791193918,7.120338947228238,6.719084470218583,3.66269911340144,2.44140625,6.809517062841847,7.01949196658396
2018_07_DEN_ARI,2018-10-18T20:20-04:00,ARI,DEN,2018,7,False,-35.0,1.5509604679522795,2.2817049841232815,2.064634300125347,3.0672853227624817,2.44140625,1.9832703911752794,2.2666965545753524
2018_07_BUF_IND,2018-10-21T13:00-04:00,IND,BUF,2018,7,False,32.0,5.093280182326019,5.124897384865434,4.886975287389147,2.5661514457990537,2.44140625,4.879067210058573,4.821217326510445
2018_07_CAR_PHI,2018-10-21T13:00-04:00,PHI,CAR,2018,7,False,-4.0,4.10110014016553,4.713595529155375,4.319977762637503,4.9902395479456025,2.44140625,4.2806799448842705,4.485394325734516
2018_07_CLE_TB,2018-10-21T13:00-04:00,TB,CLE,2018,7,False,3.0,6.716628901948561,6.5533739534011,6.182705259829339,5.567910124624718,2.44140625,6.1846620290270415,6.026997770850668
2018_07_DET_MIA,2018-10-21T13:00-04:00,MIA,DET,2018,7,False,-11.0,-3.842207268810336,-3.768774433269553,-4.357166479637553,-0.21911332003745798,2.44140625,-4.2858089489145765,-4.332746381730696
2018_07_HOU_JAX,2018-10-21T13:00-04:00,JAX,HOU,2018,7,False,-13.0,5.215901121211035,4.493238897796919,3.9653717253204213,5.299748902000177,2.44140625,4.123114988304078,4.381027056816477
2018_07_MIN_NYJ,2018-10-21T13:00-04:00,NYJ,MIN,2018,7,False,-20.0,-1.8334278128920138,-1.1037994302802598,-1.3237998305109409,-0.9792549800964769,2.44140625,-1.4450183056984105,-0.7964814147601992
2018_07_NE_CHI,2018-10-21T13:00-04:00,CHI,NE,2018,7,False,-7.0,-3.4958503250284707,-2.117281129087668,-2.4485136887150296,-1.0605059846295735,2.44140625,-2.4035047555583318,-2.1452383348428263
2018_07_NO_BAL,2018-10-21T16:05-04:00,BAL,NO,2018,7,False,-1.0,0.232657230572336,0.2517955877218969,0.010017278256009288,2.961285483251115,2.44140625,-0.06296982698533338,-0.08706662291205669
2018_07_DAL_WAS,2018-10-21T16:25-04:00,WAS,DAL,2018,7,False,3.0,2.316607367653351,2.530742365446487,2.3346720122533453,0.006168806231367618,2.44140625,2.3212366888748184,2.61364013054885
2018_07_LA_SF,2018-10-21T16:25-04:00,SF,LAR,2018,7,False,-29.0,-8.17121634877897,-7.370891824972591,-8.025162557179836,-4.683741874637272,2.44140625,-7.888520575614948,-7.621560309907754
2018_07_CIN_KC,2018-10-21T20:20-04:00,KC,CIN,2018,7,False,35.0,7.7422885792466065,7.13053705037672,6.654199997762044,6.580956683931954,2.44140625,6.84419762973379,6.83445038069449
2018_07_TEN_LAC,2018-10-21T21:30-04:00,LAC,TEN,2018,7,True,1.0,6.466134790334489,6.175470264509501,6.731704210674843,4.967781535290801,2.44140625,6.527569414266836,6.685223358268385
2018_07_NYG_ATL,2018-10-22T20:15-04:00,ATL,NYG,2018,7,False,3.0,9.368267175027604,8.87975491898771,8.369732351944425,6.598355665375097,2.44140625,8.542629663022561,9.231242570044326
2018_08_MIA_HOU,2018-10-25T20:20-04:00,HOU,MIA,2018,8,False,19.0,4.787213838762582,4.587572518470135,4.455027161197826,4.243963769851259,2.44140625,4.26912740029392,4.293940829386606
2018_08_BAL_CAR,2018-10-28T13:00-04:00,CAR,BAL,2018,8,False,15.0,0.803130983554395,0.5924796311503973,0.24267273661305294,-0.3270863348857733,2.44140625,0.3401676877922068,0.5940059702183029
2018_08_CLE_PIT,2018-10-28T13:00-04:00,PIT,CLE,2018,8,False,15.0,12.008714687098406,10.797121721830425,10.163112580506835,9.466075146831027,2.44140625,10.38907987282463,9.78555265613086
2018_08_DEN_KC,2018-10-28T13:00-04:00,KC,DEN,2018,8,False,7.0,11.716513354325137,11.464551771428052,10.7418821271667,10.39804429715548,2.44140625,10.84726631967383,10.884982965202703
2018_08_NYJ_CHI,2018-10-28T13:00-04:00,CHI,NYJ,2018,8,False,14.0,7.079075150128589,7.968538783098983,7.454948915303397,5.120796788251836,2.44140625,7.655060481590997,7.672777376013315
2018_08_SEA_DET,2018-10-28T13:00-04:00,DET,SEA,2018,8,False,-14.0,-0.4832068844668802,0.9197354825993436,0.7260957303919418,1.4028151989949196,2.44140625,0.7118207963528163,0.6478636364493081
2018_08_TB_CIN,2018-10-28T13:00-04:00,CIN,TB,2018,8,False,3.0,2.778105404748738,2.8614789928456124,2.4699227584480825,2.681167416602176,2.44140625,2.3968866472886394,2.522020727045634
2018_08_WAS_NYG,2018-10-28T13:00-04:00,NYG,WAS,2018,8,False,-7.0,-3.862676306347939,-3.1818041926041976,-3.423035197277251,-0.8705557938665449,2.44140625,-3.6342266812651047,-3.758430693739424
2018_08_IND_OAK,2018-10-28T16:05-04:00,LV,IND,2018,8,False,-14.0,-1.7603080563333162,-2.3055195960183354,-2.8027562547891054,-0.9778366750329974,2.44140625,-2.881861767356121,-2.941734814970596
2018_08_GB_LA,2018-10-28T16:25-04:00,LAR,GB,2018,8,False,2.0,7.90329034311073,8.389249824518757,8.392765322916391,10.12044762824605,2.44140625,8.119149043696678,7.596525685499427
2018_08_SF_ARI,2018-10-28T16:25-04:00,ARI,SF,2018,8,False,3.0,1.3581602799195713,1.6134406162556183,1.3434537886257378,1.8286207363645226,2.44140625,1.3304425612444435,1.7350746575059577
2018_08_NO_MIN,2018-10-28T20:20-04:00,MIN,NO,2018,8,False,-10.0,-0.3025846429823984,-0.9310427391982983,-1.2134949250712703,1.821731713601407,2.44140625,-1.2867747650357582,-1.6273990216672767
2018_08_PHI_JAX,2018-10-28T21:30-04:00,JAX,PHI,2018,8,True,-6.0,-5.82116237309385,-5.650467429857232,-5.411968418166614,-3.6766937394476322,2.44140625,-5.361969978292865,-5.558584903347951
2018_08_NE_BUF,2018-10-29T20:15-04:00,BUF,NE,2018,8,False,-19.0,-11.172651153194685,-11.40683966397602,-11.674988170206664,-6.7454781415837495,2.44140625,-11.756403188851824,-11.609432661462355
2018_09_OAK_SF,2018-11-01T20:20-04:00,SF,LV,2018,9,False,31.0,-1.4834588027012678,-0.8210925542132947,-1.2038998860916448,4.844064947026342,2.44140625,-1.12489012997495,-1.1920236351623315
2018_09_ATL_WAS,2018-11-04T13:00-05:00,WAS,ATL,2018,9,False,-24.0,-0.7246346897743456,1.8496426344201,1.5633620600456442,2.771661793757722,2.44140625,1.5784974169480028,1.073395473393112
2018_09_CHI_BUF,2018-11-04T13:00-05:00,BUF,CHI,2018,9,False,-32.0,-7.1795483418739785,-8.993625015811592,-9.333494113748737,-3.8790774349109434,2.44140625,-9.449894980456891,-9.636094523876437
2018_09_DET_MIN,2018-11-04T13:00-05:00,MIN,DET,2018,9,False,15.0,4.932597989700659,3.2655563872540356,2.81921097007933,5.047800787341686,2.44140625,2.740671410412858,2.5954048612828275
2018_09_KC_CLE,2018-11-04T13:00-05:00,CLE,KC,2018,9,False,-16.0,-5.573713029261838,-8.99830095158776,-9.111976634192905,-7.605038748166152,2.44140625,-9.34996024738622,-9.045973653680257
2018_09_NYJ_MIA,2018-11-04T13:00-05:00,MIA,NYJ,2018,9,False,7.0,2.1841950369048124,2.65810217478549,1.997122602915506,1.7761384087329501,2.44140625,2.23764025428933,2.053982498077956
2018_09_PIT_BAL,2018-11-04T13:00-05:00,BAL,PIT,2018,9,False,-7.0,0.5596584816385768,0.9287796691671324,0.6700358674584104,2.262225043220777,2.44140625,0.5098904981321257,0.6004494129769551
2018_09_TB_CAR,2018-11-04T13:00-05:00,CAR,TB,2018,9,False,14.0,8.124652705658,8.33388891355391,8.257990647519732,6.456510007210397,2.44140625,8.182405138991996,8.45186526838712
2018_09_HOU_DEN,2018-11-04T16:05-05:00,DEN,HOU,2018,9,False,-2.0,-2.325270734452704,-1.2967978487502805,-1.7710577404807535,0.8189410104590493,2.44140625,-1.752619774965511,-1.8097532787388984
2018_09_LAC_SEA,2018-11-04T16:05-05:00,SEA,LAC,2018,9,False,-8.0,1.746705272658442,1.8880036628312389,1.2733365584403038,3.3338578394563534,2.44140625,1.4988549073301654,1.4103571275495357
2018_09_LA_NO,2018-11-04T16:25-05:00,NO,LAR,2018,9,False,10.0,2.846352281257805,2.2449364396727867,1.5638253216751372,1.9522369486861288,2.44140625,1.7758330961476547,2.1738274863944484
2018_09_GB_NE,2018-11-04T20:20-05:00,NE,GB,2018,9,False,14.0,7.812480683786143,8.359756096731324,8.082270632720194,8.448668549262758,2.44140625,7.963316405778672,7.882415615288859
2018_09_TEN_DAL,2018-11-05T20:15-05:00,DAL,TEN,2018,9,False,-14.0,4.120566214523791,3.3160505314967303,2.8057174217938274,5.25679192315346,2.44140625,2.8681662443135942,2.771653673594386
2018_10_CAR_PIT,2018-11-08T20:20-05:00,PIT,CAR,2018,10,False,31.0,3.429301539713585,3.0564320341969844,2.553424764548928,3.3947034702144685,2.44140625,2.6088536035658967,2.1430256220341364
2018_10_ARI_KC,2018-11-11T13:00-05:00,KC,ARI,2018,10,False,12.0,17.431247669479838,16.4380348419849,16.007084452743797,13.117674301221214,2.44140625,16.12310584999898,16.188011911767447
2018_10_ATL_CLE,2018-11-11T13:00-05:00,CLE,ATL,2018,10,False,12.0,-9.040582433454517,-6.0142393966769525,-6.166470175708932,-3.4589677405604844,2.44140625,-6.366220870958584,-6.7713854642810105
2018_10_BUF_NYJ,2018-11-11T13:00-05:00,NYJ,BUF,2018,10,False,-31.0,5.133420007368416,6.301095467738659,5.823875449139933,6.034610545551855,2.44140625,5.959130166418335,5.7989193202836935
2018_10_DET_CHI,2018-11-11T13:00-05:00,CHI,DET,2018,10,False,12.0,4.054610265190773,4.77126770121704,4.2475483403342045,5.1352159028621065,2.44140625,4.380416194168395,4.682366994116075
2018_10_JAX_IND,2018-11-11T13:00-05:00,IND,JAX,2018,10,False,3.0,5.5986886953659845,6.306802371628229,6.22292579644921,3.0281591766518257,2.44140625,6.029197957338043,5.9193341339039165
2018_10_NE_TEN,2018-11-11T13:00-05:00,TEN,NE,2018,10,False,24.0,-5.243970733250666,-4.743983568779345,-5.050249426673888,-3.3643354755159773,2.44140625,-5.027630844955197,-5.333315986409327
2018_10_NO_CIN,2018-11-11T13:00-05:00,CIN,NO,2018,10,False,-37.0,-6.561225862182653,-5.2177460059518435,-5.489979747534219,-4.528192009473086,2.44140625,-5.573310740523399,-5.559204906655754
2018_10_WAS_TB,2018-11-11T13:00-05:00,TB,WAS,2018,10,False,-13.0,-1.1008011585735678,-1.0083332429618803,-1.5977939373592693,2.4070863362739594,2.44140625,-1.6081049547973483,-1.9170601892354826
2018_10_LAC_OAK,2018-11-11T16:05-05:00,LV,LAC,2018,10,False,-14.0,-9.54867136666282,-9.26301252414887,-9.82892028143657,-8.883323391580653,2.44140625,-9.74224343102658,-9.810093356350109
2018_10_MIA_GB,2018-11-11T16:25-05:00,GB,MIA,2018,10,False,19.0,6.517114779712482,6.181373167995178,5.86378793832958,5.124309819303274,2.44140625,5.8363134754516715,5.916889479852638
2018_10_SEA_LA,2018-11-11T16:25-05:00,LAR,SEA,2018,10,False,5.0,5.090497569038121,5.195999913354036,5.095349510910939,4.885941910350729,2.44140625,4.90588845327651,4.66049173774617
2018_10_DAL_PHI,2018-11-11T20:20-05:00,PHI,DAL,2018,10,False,-7.0,7.935912542545179,7.200904097020051,6.952773108875701,5.454989398115514,2.44140625,6.912061864237298,7.437072606151903
2018_10_NYG_SF,2018-11-12T20:15-05:00,SF,NYG,2018,10,False,-4.0,1.8567551928130148,2.148204642243305,1.6493211627001911,4.801623899278529,2.44140625,1.7251432022388253,1.4707698921250039
2018_11_GB_SEA,2018-11-15T20:20-05:00,SEA,GB,2018,11,False,3.0,4.8242969898262125,4.6990936021082375,4.3554581370067575,5.279975083339215,2.44140625,4.3233545289644715,4.285691499903954
2018_11_CAR_DET,2018-11-18T13:00-05:00,DET,CAR,2018,11,False,1.0,-2.012721748486648,-1.1791536140461027,-1.5184292079209032,-0.1292722509484272,2.44140625,-1.549003338315709,-1.9349129501386608
2018_11_CIN_BAL,2018-11-18T13:00-05:00,BAL,CIN,2018,11,False,3.0,5.094241895997829,5.730027560520402,5.485736017596677,7.560874209509897,2.44140625,5.470431439542441,5.344882906426236
2018_11_DAL_ATL,2018-11-18T13:00-05:00,ATL,DAL,2018,11,False,-3.0,5.88524596778034,5.22814819756794,4.980115578142281,1.4940026158347588,2.44140625,4.974815497165805,5.717579975014553
2018_11_HOU_WAS,2018-11-18T13:00-05:00,WAS,HOU,2018,11,False,-2.0,3.0605294246762003,2.564514300757989,2.2312421933676942,1.6473582547418393,2.44140625,2.331323812268274,2.6797348733816473
2018_11_PIT_JAX,2018-11-18T13:00-05:00,JAX,PIT,2018,11,False,-4.0,-6.3327791583320705,-5.783333548395934,-6.174376398809595,-4.317122849776531,2.44140625,-6.162514311401506,-5.677965393892484
2018_11_TB_NYG,2018-11-18T13:00-05:00,NYG,TB,2018,11,False,3.0,3.318729639769698,3.489097627509663,3.3848666384529706,1.6185945066059144,2.44140625,3.2458646883557667,3.6714104232417992
2018_11_TEN_IND,2018-11-18T13:00-05:00,IND,TEN,2018,11,False,28.0,2.4472522530047804,3.712859500129036,3.1044190728042986,0.3241200926684069,2.44140625,3.0296483321904724,3.310003115999589
2018_11_DEN_LAC,2018-11-18T16:05-05:00,LAC,DEN,2018,11,False,-1.0,10.382388593574769,9.950935316257029,9.889367892335358,8.530387585308826,2.44140625,9.68205910389951,9.96790257864307
2018_11_OAK_ARI,2018-11-18T16:05-05:00,ARI,LV,2018,11,False,-2.0,1.7663880253531232,2.3415435572281114,1.9667885053588923,6.315968891159228,2.44140625,2.0602431703208413,1.842128809551328
2018_11_PHI_NO,2018-11-18T16:25-05:00,NO,PHI,2018,11,False,41.0,9.52482326686859,9.195139435496218,8.721452115691823,8.068378401054446,2.44140625,8.723478233103805,8.247661378064603
2018_11_MIN_CHI,2018-11-18T20:20-05:00,CHI,MIN,2018,11,False,5.0,1.1833563568473773,2.656088348015499,2.2252924288282663,1.6094440409070159,2.44140625,2.4097314988005416,2.9521526415590404
2018_11_KC_LA,2018-11-19T20:15-05:00,LAR,KC,2018,11,False,3.0,0.6659519330916701,1.0696083687032287,1.063703590124344,1.5293575206271672,2.44140625,0.7488151255367106,0.4358584383371795
2018_12_CHI_DET,2018-11-22T12:30-05:00,DET,CHI,2018,12,False,-7.0,1.9591566543730092,0.9408702050388289,0.7598462729732065,-1.3345297955436322,2.44140625,0.6519053203473499,0.3871767330809164
2018_12_WAS_DAL,2018-11-22T16:30-05:00,DAL,WAS,2018,12,False,8.0,3.298206443522374,3.7559261070177263,3.2769127721784135,4.529983599938181,2.44140625,3.2787883859420552,2.999891373364732
2018_12_ATL_NO,2018-11-22T20:20-05:00,NO,ATL,2018,12,False,14.0,10.212717221592506,11.00623546636519,10.50931748129578,11.99816696980548,2.44140625,10.560485043291717,9.91128296480994
2018_12_CLE_CIN,2018-11-25T13:00-05:00,CIN,CLE,2018,12,False,-15.0,4.387500944241626,2.9833513643274125,2.501324092770685,4.1151129093344405,2.44140625,2.5559064699097154,2.4461944472546273
2018_12_JAX_BUF,2018-11-25T13:00-05:00,BUF,JAX,2018,12,False,3.0,-2.2915264132272433,-1.426955824862679,-1.589308142576774,-1.9596398098830985,2.44140625,-1.7804268407452861,-1.9576324165133498
2018_12_NE_NYJ,2018-11-25T13:00-05:00,NYJ,NE,2018,12,False,-14.0,-6.909923915605345,-7.446089506606718,-7.7328599621562795,-6.965395733599625,2.44140625,-7.699745627497473,-7.579854060121308
2018_12_NYG_PHI,2018-11-25T13:00-05:00,PHI,NYG,2018,12,False,3.0,4.384772653263528,4.401911816867194,3.972119426254723,6.687899218599787,2.44140625,4.071897049944058,4.152833825184168
2018_12_OAK_BAL,2018-11-25T13:00-05:00,BAL,LV,2018,12,False,17.0,7.086971249277402,8.10156274189238,7.903384371714447,12.013115584970567,2.44140625,7.905321924095983,7.667583500882926
2018_12_SEA_CAR,2018-11-25T13:00-05:00,CAR,SEA,2018,12,False,-3.0,1.8185147187029,1.7741025456371406,1.4978758682098094,1.4052878289716246,2.44140625,1.4933855451808946,1.7673900098511361
2018_12_SF_TB,2018-11-25T13:00-05:00,TB,SF,2018,12,False,18.0,0.9300852501102823,1.3773355060376011,1.1373651539446183,2.296419767002779,2.44140625,1.1521867769152818,0.9921018740639641
2018_12_ARI_LAC,2018-11-25T16:05-05:00,LAC,ARI,2018,12,False,35.0,15.750959183281278,15.267426978260831,15.017972589280074,10.743774589623106,2.44140625,14.886786860837532,15.258576206669485
2018_12_MIA_IND,2018-11-25T16:25-05:00,IND,MIA,2018,12,False,3.0,9.917364078954702,10.365112810706643,10.036818347633922,7.906139466881303,2.44140625,10.092373334340241,10.129412715837447
2018_12_PIT_DEN,2018-11-25T16:25-05:00,DEN,PIT,2018,12,False,7.0,-5.569647395949684,-4.94781092889062,-5.295292184141441,-4.2469869506169635,2.44140625,-5.408464485100637,-5.155242741747291
2018_12_GB_MIN,2018-11-25T20:20-05:00,MIN,GB,2018,12,False,7.0,4.273108733265798,3.882101836460662,3.597695441355591,5.599887597276464,2.44140625,3.497945556166132,3.2938547880686793
2018_12_TEN_HOU,2018-11-26T20:15-05:00,HOU,TEN,2018,12,False,17.0,4.179104876666391,4.203713048380766,3.8494219029714474,3.0092094192579677,2.44140625,3.815104745957164,3.784498160933903
2018_13_NO_DAL,2018-11-29T20:20-05:00,DAL,NO,2018,13,False,3.0,-7.576202311536965,-7.26730966844123,-7.615607208428887,-5.207955440524978,2.44140625,-7.645057382306691,-7.798783820374943
2018_13_ARI_GB,2018-12-02T13:00-05:00,GB,ARI,2018,13,False,-3.0,12.153667574137035,11.948534328724557,11.400898292811755,8.986042337410982,2.44140625,11.53408056692469,11.66078150686626
2018_13_BAL_ATL,2018-12-02T13:00-05:00,ATL,BAL,2018,13,False,-10.0,5.432867722181196,4.228380383979589,3.614769681444417,-0.7129374125208452,2.44140625,3.8282402046282877,4.47352138379346
2018_13_BUF_MIA,2018-12-02T13:00-05:00,MIA,BUF,2018,13,False,4.0,3.596332036347263,2.932524607657425,2.593843851119784,3.549638903697474,2.44140625,2.5273964440658987,2.5548547668623423
2018_13_CAR_TB,2018-12-02T13:00-05:00,TB,CAR,2018,13,False,7.0,-2.827200616659673,-2.2756823956465313,-2.6215193402188217,-0.7543098698851463,2.44140625,-2.598471992043038,-2.933116611362438
2018_13_CHI_NYG,2018-12-02T13:00-05:00,NYG,CHI,2018,13,False,3.0,-2.647103228498133,-3.6043314266212207,-3.758583971025001,-4.459635850094494,2.44140625,-3.891478349714459,-3.72440009518748
2018_13_CLE_HOU,2018-12-02T13:00-05:00,HOU,CLE,2018,13,False,16.0,7.048300992731266,5.761405596581142,5.287123037779512,6.468607868716084,2.44140625,5.326879165395623,4.807310105616514
2018_13_DEN_CIN,2018-12-02T13:00-05:00,CIN,DEN,2018,13,False,-14.0,-0.8533086549216964,-1.9818243664510042,-2.351098166924885,-0.8523036822051457,2.44140625,-2.2210911994802998,-1.970852550977459
2018_13_IND_JAX,2018-12-02T13:00-05:00,JAX,IND,2018,13,False,6.0,-2.523060596064535,-2.672099296729996,-3.057242767300756,0.4958363878540535,2.44140625,-3.14791899406612,-3.105682644220788
2018_13_LA_DET,2018-12-02T13:00-05:00,DET,LAR,2018,13,False,-14.0,-4.786565266010996,-4.602733381088602,-5.0216407792276545,-4.163850790670289,2.44140625,-4.935849946998666,-4.911502595767719
2018_13_KC_OAK,2018-12-02T16:05-05:00,LV,KC,2018,13,False,-7.0,-10.25635536717976,-9.902213273587963,-10.095682789954004,-11.406012525534564,2.44140625,-10.373039480008755,-10.110399133843217
2018_13_NYJ_TEN,2018-12-02T16:05-05:00,TEN,NYJ,2018,13,False,4.0,8.281638692197909,7.639399655318826,7.336879242462192,7.079346284508024,2.44140625,7.269501840438946,7.117937094632641
2018_13_MIN_NE,2018-12-02T16:25-05:00,NE,MIN,2018,13,False,14.0,3.6437409992046526,4.3274781591841185,3.9218243166904596,3.8923926645699476,2.44140625,3.9256400979683583,4.227276241988112
2018_13_SF_SEA,2018-12-02T16:25-05:00,SEA,SF,2018,13,False,27.0,11.434097627894737,11.525658638299014,11.109889154398287,9.661772017211627,2.44140625,11.195799272994279,11.196378754263309
2018_13_LAC_PIT,2018-12-02T20:20-05:00,PIT,LAC,2018,13,False,-3.0,2.6604083694108978,2.111921217153873,1.4377841845089667,2.3026334818081873,2.44140625,1.764079713546551,1.4810487066085005
2018_13_WAS_PHI,2018-12-03T20:15-05:00,PHI,WAS,2018,13,False,15.0,3.5282133069092025,3.803906408182062,3.4878428148732237,3.7633331807584134,2.44140625,3.463294977469036,3.905886079510856
2018_14_JAX_TEN,2018-12-06T20:20-05:00,TEN,JAX,2018,14,False,21.0,3.09620434336317,2.453028633020315,2.071584698935378,2.3549314436889373,2.44140625,2.141454054809853,2.006684544238182
2018_14_ATL_GB,2018-12-09T13:00-05:00,GB,ATL,2018,14,False,14.0,5.238134770884606,1.8434538735609085,1.46148539212431,3.1779979100745095,2.44140625,1.4337348577224789,0.8168617721931939
2018_14_BAL_KC,2018-12-09T13:00-05:00,KC,BAL,2018,14,False,3.0,10.060237459837982,8.39416732963581,7.77236562060563,5.117883644833551,2.44140625,8.006216528122115,8.126671823366749
2018_14_CAR_CLE,2018-12-09T13:00-05:00,CLE,CAR,2018,14,False,6.0,-3.1525575232964185,-1.3062207153826335,-1.5862675700718911,-1.3508824915897875,2.44140625,-1.6574081769096543,-1.4268265899375443
2018_14_IND_HOU,2018-12-09T13:00-05:00,HOU,IND,2018,14,False,-3.0,4.411657570150106,3.854817551042975,3.4172234261149486,4.730025760918551,2.44140625,3.3988992755868788,3.25790848203244
2018_14_NE_MIA,2018-12-09T13:00-05:00,MIA,NE,2018,14,False,1.0,-7.678892096064603,-7.657660605390488,-7.830849460403307,-7.330283177627367,2.44140625,-7.963937122997938,-8.043759400393636
2018_14_NO_TB,2018-12-09T13:00-05:00,TB,NO,2018,14,False,-14.0,-10.305986434667775,-9.461655311112628,-9.65307529493585,-7.357282011778297,2.44140625,-9.680726232133864,-9.793183949693397
2018_14_NYG_WAS,2018-12-09T13:00-05:00,WAS,NYG,2018,14,False,-24.0,0.9486849331916987,0.7963543692809529,0.4164598558567736,3.4691584548511996,2.44140625,0.45124441208110655,0.16651159609789978
2018_14_NYJ_BUF,2018-12-09T13:00-05:00,BUF,NYJ,2018,14,False,-4.0,3.0645109451091908,4.226656491343745,3.6922085327129555,2.600229706608614,2.44140625,3.857187710403356,3.8816885884047094
2018_14_CIN_LAC,2018-12-09T16:05-05:00,LAC,CIN,2018,14,False,5.0,15.821165686081887,15.444144825812959,15.33475404893514,12.493383843391605,2.44140625,15.036383806499234,14.831634451267997
2018_14_DEN_SF,2018-12-09T16:05-05:00,SF,DEN,2018,14,False,6.0,-4.320544831108449,-4.589980392996492,-4.76566697845788,-3.5752593275357913,2.44140625,-4.924743372077122,-4.990320948955032
2018_14_DET_ARI,2018-12-09T16:25-05:00,ARI,DET,2018,14,False,-14.0,-1.9090083501392003,-1.7500052047141756,-2.0990726045695345,-0.9128613727792625,2.44140625,-2.122752119353137,-2.166980090218424
2018_14_PHI_DAL,2018-12-09T16:25-05:00,DAL,PHI,2018,14,False,6.0,3.6703099800858707,3.7951555715226104,3.234853123472615,3.5599995257852943,2.44140625,3.2514508561633977,2.804292931495736
2018_14_PIT_OAK,2018-12-09T16:25-05:00,LV,PIT,2018,14,False,3.0,-10.106230454439423,-8.251282013279724,-8.531614833702111,-9.260849509493138,2.44140625,-8.73622814166526,-8.216795599052862
2018_14_LA_CHI,2018-12-09T20:20-05:00,CHI,LAR,2018,14,False,9.0,-1.9448175589381602,-1.0378578052139305,-1.7140998200859685,-0.7766843439150168,2.44140625,-1.4475879683791137,-1.149666881183005
2018_14_MIN_SEA,2018-12-10T20:15-05:00,SEA,MIN,2018,14,False,14.0,4.268223624111868,4.680318963439063,4.243027507745377,4.121917029396859,2.44140625,4.325109294225975,4.286945868914375
2018_15_LAC_KC,2018-12-13T20:20-05:00,KC,LAC,2018,15,False,-1.0,2.207282326125194,2.3662955201813154,1.755509786524048,3.394662111640053,2.44140625,2.0304669334159153,1.9754744159544253
2018_15_HOU_NYJ,2018-12-15T16:30-05:00,NYJ,HOU,2018,15,False,-7.0,-6.559097237364648,-6.421997995939011,-6.620679019502143,-4.096308569320952,2.44140625,-6.75998532827175,-6.7043355956128385
2018_15_CLE_DEN,2018-12-15T20:20-05:00,DEN,CLE,2018,15,False,-1.0,6.023725267089875,4.984607206939214,4.413822188459787,5.03162065238591,2.44140625,4.48827084787224,4.16348939194847
2018_15_ARI_ATL,2018-12-16T13:00-05:00,ATL,ARI,2018,15,False,26.0,11.088577073730889,10.601179442663199,10.167055156976343,6.68002331702197,2.44140625,10.279097489532324,10.77247656787981
2018_15_DAL_IND,2018-12-16T13:00-05:00,IND,DAL,2018,15,False,23.0,1.5477305594802067,2.21916678819787,2.061747019529625,0.9248038344734306,2.44140625,2.013899576013376,2.139089846461225
2018_15_DET_BUF,2018-12-16T13:00-05:00,BUF,DET,2018,15,False,1.0,-1.2271488991001742,-0.31306206770593636,-0.6990399489032435,-2.2894334090693302,2.44140625,-0.6654227990116769,-0.5534204852401607
2018_15_GB_CHI,2018-12-16T13:00-05:00,CHI,GB,2018,15,False,7.0,4.65581447808472,4.273187425556724,3.8870159986051047,6.00891538318387,2.44140625,3.939503637867343,4.052587572171026
2018_15_MIA_MIN,2018-12-16T13:00-05:00,MIN,MIA,2018,15,False,24.0,8.225964782648909,7.740829446718598,7.290596915556748,8.056121951625624,2.44140625,7.38456745533281,7.223759733537638
2018_15_OAK_CIN,2018-12-16T13:00-05:00,CIN,LV,2018,15,False,14.0,2.3405496227432785,2.440562115174978,2.035831245721141,4.902667281606958,2.44140625,2.1960364240852757,2.2472751359758667
2018_15_TB_BAL,2018-12-16T13:00-05:00,BAL,TB,2018,15,False,8.0,3.535743546948448,4.420034974888792,4.176538458226207,7.740948974543938,2.44140625,3.9605393235666106,3.7927916279412806
2018_15_TEN_NYG,2018-12-16T13:00-05:00,NYG,TEN,2018,15,False,-17.0,1.9326118346140497,2.269222174160892,2.0457432005601324,0.9191843626600005,2.44140625,1.9511586411756152,2.1483004281390774
2018_15_WAS_JAX,2018-12-16T13:00-05:00,JAX,WAS,2018,15,False,-3.0,4.012126657859662,5.187256113186556,4.812484912786287,3.4599654553532035,2.44140625,4.752073548096988,4.894222347344169
2018_15_SEA_SF,2018-12-16T16:05-05:00,SF,SEA,2018,15,False,3.0,-7.170154063518924,-7.381634273896851,-7.597738297517967,-7.2852179878599355,2.44140625,-7.790944888164764,-7.713392957290883
2018_15_NE_PIT,2018-12-16T16:25-05:00,PIT,NE,2018,15,False,7.0,0.5501001193972843,0.39445308461411155,-0.03915954083074502,0.9075080755825691,2.44140625,0.06366273380821164,-0.41462287167395195
2018_15_PHI_LA,2018-12-16T20:20-05:00,LAR,PHI,2018,15,False,-7.0,11.2454524357967,10.66625479371645,10.485326884344019,7.149131867771963,2.44140625,10.404088488112016,9.083969503158443
2018_15_NO_CAR,2018-12-17T20:15-05:00,CAR,NO,2018,15,False,-3.0,-8.076847512084544,-7.676001777726458,-7.856106073214705,-6.3156386583617845,2.44140625,-7.959412932844035,-7.794961507881533
2018_16_WAS_TEN,2018-12-22T16:30-05:00,TEN,WAS,2018,16,False,9.0,5.718635968163298,6.6654304788840975,6.384242349880504,6.97109860053681,2.44140625,6.295049138589725,6.296280333839281
2018_16_BAL_LAC,2018-12-22T20:20-05:00,LAC,BAL,2018,16,False,-12.0,7.685202345676272,6.99028213379915,6.702925483033483,4.2157098179322645,2.44140625,6.578918893086321,6.60053563244096
2018_16_ATL_CAR,2018-12-23T13:00-05:00,CAR,ATL,2018,16,False,-14.0,-4.4786326633875735,-3.050268335112124,-3.400422337430499,3.6732649560092576,2.44140625,-3.4696181966844843,-3.7706606498524193
2018_16_BUF_NE,2018-12-23T13:00-05:00,NE,BUF,2018,16,False,12.0,14.104208384744805,13.23598581779175,12.834603848682047,12.614077835432306,2.44140625,12.816702976981961,12.938700872583297
2018_16_CIN_CLE,2018-12-23T13:00-05:00,CLE,CIN,2018,16,False,8.0,3.9743030856339456,5.046670458660126,4.884931506156239,3.782760834718375,2.44140625,4.714709150255472,4.966345313546478
2018_16_GB_NYJ,2018-12-23T13:00-05:00,NYJ,GB,2018,16,False,-6.0,-3.094972001366481,-4.293368086449478,-4.403463903432954,-2.6484635444492994,2.44140625,-4.591411270195015,-4.6428303450684885
2018_16_HOU_PHI,2018-12-23T13:00-05:00,PHI,HOU,2018,16,False,2.0,-1.562970523692279,-1.173677358465486,-1.567179286925629,2.42208270461027,2.44140625,-1.5961415593505286,-0.3722332136999369
2018_16_JAX_MIA,2018-12-23T13:00-05:00,MIA,JAX,2018,16,False,-10.0,2.7611627126806644,2.2357177010203464,1.691688970860568,0.766767812177378,2.44140625,1.4870056554574507,1.485446531389162
2018_16_MIN_DET,2018-12-23T13:00-05:00,DET,MIN,2018,16,False,-18.0,-2.744930869869531,-2.315184947251267,-2.688991393967308,-1.9461684363251237,2.44140625,-2.639602068187168,-2.494877632626385
2018_16_NYG_IND,2018-12-23T13:00-05:00,IND,NYG,2018,16,False,1.0,8.110727556304052,8.333957856370727,7.88682117964036,7.429733881520178,2.44140625,7.99562397214816,7.957541689878745
2018_16_TB_DAL,2018-12-23T13:00-05:00,DAL,TB,2018,16,False,7.0,3.6204500667502346,4.077384166895382,3.5935826127668857,5.081152598924001,2.44140625,3.5201130244285395,3.4536638940961555
2018_16_CHI_SF,2018-12-23T16:05-05:00,SF,CHI,2018,16,False,-5.0,-4.817455675905086,-5.6472320469855,-5.796657715924905,-5.095163189934275,2.44140625,-6.109026946525823,-6.244321404191669
2018_16_LA_ARI,2018-12-23T16:05-05:00,ARI,LAR,2018,16,False,-22.0,-12.534750575718565,-12.23774557794439,-12.679906694279392,-9.688231977237393,2.44140625,-12.667933793253951,-12.780026831110654
2018_16_PIT_NO,2018-12-23T16:25-05:00,NO,PIT,2018,16,False,3.0,7.125941981536427,7.290215142262202,6.937358198234044,7.351913420711364,2.44140625,6.907275108987551,7.178305488562825
2018_16_KC_SEA,2018-12-23T20:20-05:00,SEA,KC,2018,16,False,7.0,-1.8640519562736593,-0.985350182392884,-1.3140280201540115,1.4847273822699227,2.44140625,-1.399475450944001,-1.4314121767949153
2018_16_DEN_OAK,2018-12-24T20:15-05:00,LV,DEN,2018,16,False,13.0,-3.5223680348500555,-3.480898824397361,-3.7870092939009212,-4.176905578612313,2.44140625,-3.9021456813568176,-3.6766937738702654
2018_17_ATL_TB,2018-12-30T13:00-05:00,TB,ATL,2018,17,False,-2.0,-1.4687467645721113,-1.2786385576384518,-1.5644849096197726,-0.10229624870824283,2.44140625,-1.5661502793429378,-1.921772705262013
2018_17_CAR_NO,2018-12-30T13:00-05:00,NO,CAR,2018,17,False,-19.0,11.340046939126136,11.661274874634382,11.306595079495814,11.81739422475486,2.44140625,11.30274689549496,11.01159095974553
2018_17_DAL_NYG,2018-12-30T13:00-05:00,NYG,DAL,2018,17,False,-1.0,-0.8204426230969278,-0.4128183104638765,-0.5705037859528892,-0.6666135610134347,2.44140625,-0.6718843668177995,-0.48899350885687154
2018_17_DET_GB,2018-12-30T13:00-05:00,GB,DET,2018,17,False,-31.0,-1.3792023343508983,-0.175981794230053,-0.6827633472097818,5.2331681345838374,2.44140625,-0.701529805545734,-1.1828008793338793
2018_17_JAX_HOU,2018-12-30T13:00-05:00,HOU,JAX,2018,17,False,17.0,6.882337102290871,7.617289520847856,7.39639343794747,6.6536159242819295,2.44140625,7.298082485321775,7.197934623580945
2018_17_MIA_BUF,2018-12-30T13:00-05:00,BUF,MIA,2018,17,False,25.0,2.4218210078840494,3.2405793982258944,2.735837927946642,2.559080248418452,2.44140625,2.923720307963932,3.0675100778944127
2018_17_NYJ_NE,2018-12-30T13:00-05:00,NE,NYJ,2018,17,False,35.0,14.379122617680814,13.428027488088766,12.875097001405088,12.394066845539635,2.44140625,12.958395985152293,13.294309399618744
2018_17_ARI_SEA,2018-12-30T16:25-05:00,SEA,ARI,2018,17,False,3.0,18.21378612792806,17.021373144956023,16.584653219154156,15.997866669037357,2.44140625,16.632182901830042,16.70391013132973
2018_17_CHI_MIN,2018-12-30T16:25-05:00,MIN,CHI,2018,17,False,-14.0,3.1092036908985303,2.0282727400307987,1.798599155937726,3.2219994339976,2.44140625,1.6170696113575722,1.3895966384234228
2018_17_CIN_PIT,2018-12-30T16:25-05:00,PIT,CIN,2018,17,False,3.0,11.249584439437502,10.775394765661982,10.313295067283033,10.436378185863513,2.44140625,10.399296159985116,10.105280414839246
2018_17_CLE_BAL,2018-12-30T16:25-05:00,BAL,CLE,2018,17,False,2.0,6.929451685507303,6.509924489753889,6.051104790925689,8.91809061767455,2.44140625,6.054425194506458,5.690086559048884
2018_17_LAC_DEN,2018-12-30T16:25-05:00,DEN,LAC,2018,17,False,-14.0,-4.1319253768920134,-3.265441424630392,-3.937031546573642,-3.1791272641809964,2.44140625,-3.655902950361331,-3.5821088813270388
2018_17_OAK_KC,2018-12-30T16:25-05:00,KC,LV,2018,17,False,32.0,12.589740670694221,12.20472612814596,11.745125052005866,13.317492590910671,2.44140625,11.964910731111921,11.700638857043792
2018_17_PHI_WAS,2018-12-30T16:25-05:00,WAS,PHI,2018,17,False,-24.0,0.16122715350254224,-0.14810091626011768,-0.4494397345140765,-2.4630320511239248,2.44140625,-0.4436608298721735,-1.5574077055681967
2018_17_SF_LA,2018-12-30T16:25-05:00,LAR,SF,2018,17,False,16.0,11.9873731288199,11.733374326219582,11.459443208502222,11.686074008380057,2.44140625,11.458296205617335,11.25807072125707
2018_17_IND_TEN,2018-12-30T20:20-05:00,TEN,IND,2018,17,False,-16.0,-0.6686606381527573,-0.880337294498691,-1.3474067331054846,2.4733570562925737,2.44140625,-1.388034042820915,-1.7087981132509809
2019_01_GB_CHI,2019-09-05T20:20-04:00,CHI,GB,2019,1,False,-7.0,5.92475927257158,5.143245664048119,4.682280810943433,5.595362779922368,2.4016927083333335,4.76256944338659,4.895905170343192
2019_01_ATL_MIN,2019-09-08T13:00-04:00,MIN,ATL,2019,1,False,16.0,1.9998048208898873,-0.20414035023993393,-0.3450999187415529,3.695468142970097,2.4016927083333335,-0.520617312025438,-0.884707347588142
2019_01_BAL_MIA,2019-09-08T13:00-04:00,MIA,BAL,2019,1,False,-49.0,1.1502090449041424,-4.621548474734725,-5.240258703478515,-3.0765399809939673,2.4016927083333335,-5.04999473881038,-3.853039378529626
2019_01_BUF_NYJ,2019-09-08T13:00-04:00,NYJ,BUF,2019,1,False,-1.0,-2.836060882934275,-0.9665195105289515,-1.1664585816042103,1.0639496572889122,2.4016927083333335,-1.314006224573614,-1.319575463420894
2019_01_KC_JAX,2019-09-08T13:00-04:00,JAX,KC,2019,1,False,-14.0,4.717486101577334,-6.77002419591801,-7.112765784516148,-2.161102595088243,2.4016927083333335,-7.172962919232745,-6.4140481572685974
2019_01_LA_CAR,2019-09-08T13:00-04:00,CAR,LAR,2019,1,False,-3.0,-1.5750383616753778,-1.1076638191164971,-1.663850811902969,-0.004684562269423154,2.4016927083333335,-1.4754379129685415,-0.8617000936810864
2019_01_TEN_CLE,2019-09-08T13:00-04:00,CLE,TEN,2019,1,False,-30.0,0.7750590492940992,1.2050666829415289,0.7939502106890141,1.74258468700213,2.4016927083333335,0.7644200187172283,0.8643760936536045
2019_01_WAS_PHI,2019-09-08T13:00-04:00,PHI,WAS,2019,1,False,5.0,1.8597108501921307,8.218270539845108,7.946525595897581,6.481516025561962,2.4016927083333335,8.021888911509546,7.740904776757033
2019_01_CIN_SEA,2019-09-08T16:05-04:00,SEA,CIN,2019,1,False,1.0,4.916397352137706,7.3243037091294685,6.80613767287241,5.967118084074336,2.4016927083333335,6.912380677127896,6.861562703532821
2019_01_IND_LAC,2019-09-08T16:05-04:00,LAC,IND,2019,1,False,6.0,5.0778687003491685,3.1735487138658596,2.907391257134567,3.340837746815378,2.4016927083333335,2.758607552705581,3.601246491277628
2019_01_DET_ARI,2019-09-08T16:25-04:00,ARI,DET,2019,1,False,0.0,-7.513404759936844,-5.687318200489572,-6.137206389637892,-0.9113640733296515,2.4016927083333335,-6.054526730443343,-5.856239637608065
2019_01_NYG_DAL,2019-09-08T16:25-04:00,DAL,NYG,2019,1,False,18.0,5.139345820188727,5.037734645499187,4.5123800958989495,4.10831076343071,2.4016927083333335,4.590304523181562,4.406954391018131
2019_01_SF_TB,2019-09-08T16:25-04:00,TB,SF,2019,1,False,-14.0,2.5133500335527943,5.9195324246304,5.5512411604627,3.528447269960604,2.4016927083333335,5.5918655676304025,5.690002641999339
2019_01_PIT_NE,2019-09-08T20:20-04:00,NE,PIT,2019,1,False,30.0,8.058325710272744,5.334222091104225,5.114895214289924,3.681948577741902,2.4016927083333335,4.977265436981484,5.3222695030074565
2019_01_HOU_NO,2019-09-09T19:10-04:00,NO,HOU,2019,1,False,2.0,9.083571581865886,4.716760851565702,4.247699322991615,4.598080967493259,2.4016927083333335,4.316078744914053,4.745829447528838
2019_01_DEN_OAK,2019-09-09T22:20-04:00,LV,DEN,2019,1,False,8.0,-3.8877408154227826,-0.49666107699771667,-0.7697250335814106,0.15500382884212982,2.4016927083333335,-0.9150340458709503,-0.8692656622502496
2019_02_TB_CAR,2019-09-12T20:20-04:00,CAR,TB,2019,2,False,-6.0,6.919341201621368,4.593088397405602,4.325418604777856,4.973434508748749,2.4016927083333335,4.239679220923467,4.259506701805178
2019_02_ARI_BAL,2019-09-15T13:00-04:00,BAL,ARI,2019,2,False,6.0,10.241197986807837,11.544463483821568,11.151069431054708,9.867049028226724,2.4016927083333335,11.08823775651976,9.965628155530407
2019_02_BUF_NYG,2019-09-15T13:00-04:00,NYG,BUF,2019,2,False,-14.0,2.52832979649797,2.6194023052921263,2.528650551759554,2.1284872105881756,2.4016927083333335,2.3748597815376558,2.2954148999287955
2019_02_DAL_WAS,2019-09-15T13:00-04:00,WAS,DAL,2019,2,False,-10.0,-3.509184255913349,-3.0633034339801144,-3.282062183304495,-1.1949732402300448,2.4016927083333335,-3.414348678546,-3.2496903914282544
2019_02_IND_TEN,2019-09-15T13:00-04:00,TEN,IND,2019,2,False,-2.0,3.370067767540524,1.8351901224567286,1.473560824277707,2.80061391791319,2.4016927083333335,1.6155076690620267,2.3379216771628153
2019_02_JAX_HOU,2019-09-15T13:00-04:00,HOU,JAX,2019,2,False,1.0,8.381312222503263,8.696662424843163,8.37710963574552,6.435560145750196,2.4016927083333335,8.40549288497909,7.884717718479583
2019_02_LAC_DET,2019-09-15T13:00-04:00,DET,LAC,2019,2,False,3.0,0.08104008132334917,0.906329375320909,0.4920215395498738,-0.5987145332625872,2.4016927083333335,0.7474810390566343,0.6889251273344683
2019_02_MIN_GB,2019-09-15T13:00-04:00,GB,MIN,2019,2,False,5.0,0.6649916624419125,2.0816966285837073,1.5104250949297024,0.3570997798455866,2.4016927083333335,1.668622212149,1.6526653908936162
2019_02_NE_MIA,2019-09-15T13:00-04:00,MIA,NE,2019,2,False,-43.0,-11.365206078216108,-11.408969075710957,-11.808088107707128,-7.040523204267956,2.4016927083333335,-11.752212251716312,-12.017750573515322
2019_02_SEA_PIT,2019-09-15T13:00-04:00,PIT,SEA,2019,2,False,-2.0,1.2121688650810443,0.7659441093048387,0.4006513846294577,1.3158765012232323,2.4016927083333335,0.5287131557533984,0.4791850219532078
2019_02_SF_CIN,2019-09-15T13:00-04:00,CIN,SF,2019,2,False,-24.0,1.4892040305645857,1.7132986560348298,1.5303130953426278,2.089606199963856,2.4016927083333335,1.3948940808863983,1.3701757487337474
2019_02_KC_OAK,2019-09-15T16:05-04:00,LV,KC,2019,2,False,-18.0,-6.817830023603752,-6.855389026115446,-6.895565860508461,-4.609476943668577,2.4016927083333335,-7.191261428357285,-6.928986217561336
2019_02_CHI_DEN,2019-09-15T16:25-04:00,DEN,CHI,2019,2,False,-2.0,-1.742204286071079,-1.1780889815943227,-1.381873199517326,-0.9258733800598566,2.4016927083333335,-1.5537150522642045,-1.6071199841469204
2019_02_NO_LA,2019-09-15T16:25-04:00,LAR,NO,2019,2,False,18.0,2.7052569004867775,3.0898503014066856,3.030161909353749,2.265492180283781,2.4016927083333335,2.77711186689172,2.4306413546821597
2019_02_PHI_ATL,2019-09-15T20:20-04:00,ATL,PHI,2019,2,False,4.0,1.7355443059033253,0.2938256751520254,-0.08879330290750134,0.39628820550530275,2.4016927083333335,-0.053929909399184434,0.5730333329997055
2019_02_CLE_NYJ,2019-09-16T20:15-04:00,NYJ,CLE,2019,2,False,-20.0,-0.8164986515835597,0.4557920799043056,0.019461706481195495,1.0523420887191857,2.4016927083333335,0.12164873126050124,0.027949106753022868
2019_03_TEN_JAX,2019-09-19T20:20-04:00,JAX,TEN,2019,3,False,13.0,-3.6416069060301934,-3.474963771012812,-3.917216956400429,-0.7278367550885951,2.4016927083333335,-3.8493712758761287,-3.813964212298432
2019_03_ATL_IND,2019-09-22T13:00-04:00,IND,ATL,2019,3,False,3.0,0.7543667689693367,2.764678661349894,2.6591332613846017,4.467429227810252,2.4016927083333335,2.3883422152279867,1.247625168519614
2019_03_BAL_KC,2019-09-22T13:00-04:00,KC,BAL,2019,3,False,5.0,4.727994367870268,4.730445907726626,4.256749040158311,4.302932102789704,2.4016927083333335,4.464299805272851,5.152100515500701
2019_03_CIN_BUF,2019-09-22T13:00-04:00,BUF,CIN,2019,3,False,4.0,5.272188389571495,5.117235073571621,4.638698494155048,4.573325135460372,2.4016927083333335,4.825614877513928,4.7636764568915195
2019_03_DEN_GB,2019-09-22T13:00-04:00,GB,DEN,2019,3,False,11.0,3.9270076533246687,4.958106281675078,4.623216960484737,5.148592030132935,2.4016927083333335,4.678656052429922,4.667754910735232
2019_03_DET_PHI,2019-09-22T13:00-04:00,PHI,DET,2019,3,False,-3.0,3.558310454342879,4.075350691146557,3.69150854983439,4.044870699828552,2.4016927083333335,3.7265006375656897,3.5133746972171704
2019_03_MIA_DAL,2019-09-22T13:00-04:00,DAL,MIA,2019,3,False,25.0,17.39908854689172,16.99684774507961,16.61911838690179,11.16526471499292,2.4016927083333335,16.71810430159116,16.688537097087547
2019_03_NYJ_NE,2019-09-22T13:00-04:00,NE,NYJ,2019,3,False,16.0,19.36226325935054,17.560842104655702,17.183488077264357,13.601829647066486,2.4016927083333335,17.184743681213355,17.586722075586934
2019_03_OAK_MIN,2019-09-22T13:00-04:00,MIN,LV,2019,3,False,20.0,7.657718107097167,7.291912140697569,6.958582566181459,8.687033695477723,2.4016927083333335,6.994377062793774,6.958706010758615
2019_03_CAR_ARI,2019-09-22T16:05-04:00,ARI,CAR,2019,3,False,-18.0,0.24369993990129263,0.7068371557918933,0.626382312512444,-0.2811290240506379,2.4016927083333335,0.48527609788278503,0.602404089974555
2019_03_NYG_TB,2019-09-22T16:05-04:00,TB,NYG,2019,3,False,-1.0,5.974878449106832,6.259023219577469,5.789453019278998,4.350042303198492,2.4016927083333335,5.956597440389489,6.073552089970869
2019_03_HOU_LAC,2019-09-22T16:25-04:00,LAC,HOU,2019,3,False,-7.0,3.337395827477004,2.6473893071131087,2.4550649134516886,3.636851251929605,2.4016927083333335,2.290030001401317,3.0427998605756947
2019_03_NO_SEA,2019-09-22T16:25-04:00,SEA,NO,2019,3,False,-6.0,4.535358608446796,4.517301826016702,4.031820338096171,2.179331009637009,2.4016927083333335,4.1513707492123935,4.79160543639429
2019_03_PIT_SF,2019-09-22T16:25-04:00,SF,PIT,2019,3,False,4.0,4.798515176064167,3.8231926775148644,3.489573862032799,3.1211576649414683,2.4016927083333335,3.4517778826678556,3.5199803141724004
2019_03_LA_CLE,2019-09-22T20:20-04:00,CLE,LAR,2019,3,False,-7.0,-7.625257251171043,-5.75360065488842,-6.155208794514536,-2.3513747380164842,2.4016927083333335,-6.064539753667212,-5.598606701978097
2019_03_CHI_WAS,2019-09-23T20:15-04:00,WAS,CHI,2019,3,False,-16.0,-0.45775496248948844,-1.4617000829863545,-1.7310951969531465,-2.0008193950154105,2.4016927083333335,-1.8684736444561065,-1.9941087234340733
2019_04_PHI_GB,2019-09-26T20:20-04:00,GB,PHI,2019,4,False,-7.0,2.2953944284563472,3.105953338096146,2.765521228657888,2.880252708201326,2.4016927083333335,2.7485127462133034,2.9285315047448095
2019_04_CAR_HOU,2019-09-29T13:00-04:00,HOU,CAR,2019,4,False,-6.0,5.654742688527075,5.149631125824843,4.834419715474139,3.864309973199368,2.4016927083333335,4.84010305083927,4.315431185511509
2019_04_CLE_BAL,2019-09-29T13:00-04:00,BAL,CLE,2019,4,False,-15.0,8.454306054426098,8.198255506412234,7.855268016318448,6.6965266377526715,2.4016927083333335,7.809469215630338,6.932836147137831
2019_04_KC_DET,2019-09-29T13:00-04:00,DET,KC,2019,4,False,-4.0,-4.976840792248241,-4.651192509709267,-4.776852875317909,-2.3593041913781567,2.4016927083333335,-4.862611998973223,-4.808254525363797
2019_04_LAC_MIA,2019-09-29T13:00-04:00,MIA,LAC,2019,4,False,-20.0,-10.773651895264361,-10.38530132427935,-10.848850195362527,-6.552802660846153,2.4016927083333335,-10.711307617026625,-10.870984694502805
2019_04_NE_BUF,2019-09-29T13:00-04:00,BUF,NE,2019,4,False,-6.0,-5.637597260452273,-5.351758366641128,-5.68204588330833,-4.369412476597489,2.4016927083333335,-5.662872518058014,-6.029201922886769
2019_04_OAK_IND,2019-09-29T13:00-04:00,IND,LV,2019,4,False,-7.0,7.44112377759419,9.295358531394779,9.002015047355961,8.970226183615477,2.4016927083333335,8.953004433523255,8.42029376764651
2019_04_TEN_ATL,2019-09-29T13:00-04:00,ATL,TEN,2019,4,False,-14.0,3.4198867729765374,3.1205188954512737,2.733810041131302,2.09169389068095,2.4016927083333335,2.8205404499336657,3.140251260776644
2019_04_WAS_NYG,2019-09-29T13:00-04:00,NYG,WAS,2019,4,False,21.0,1.2893963497013132,2.7927970420230515,2.4608046431350266,3.404841275616306,2.4016927083333335,2.535832079403566,2.46562107229244
2019_04_SEA_ARI,2019-09-29T16:05-04:00,ARI,SEA,2019,4,False,-17.0,-5.720748452505461,-5.072147061982121,-5.1721779318952334,-3.507334730483742,2.4016927083333335,-5.313874095660264,-5.369694929122036
2019_04_TB_LA,2019-09-29T16:05-04:00,LAR,TB,2019,4,False,-15.0,10.190745472204814,9.360069376724764,9.198953186117667,9.034396952388969,2.4016927083333335,8.991669304449648,8.576554539245702
2019_04_JAX_DEN,2019-09-29T16:25-04:00,DEN,JAX,2019,4,False,-2.0,2.6971851883046325,3.4433374643395718,3.1721021446332074,1.0390371458421694,2.4016927083333335,3.083631997528074,3.0642463260845583
2019_04_MIN_CHI,2019-09-29T16:25-04:00,CHI,MIN,2019,4,False,10.0,3.072033772974865,3.9197900404391106,3.4624110367483483,2.193401228321365,2.4016927083333335,3.6636885951262417,3.820373545810325
2019_04_DAL_NO,2019-09-29T20:20-04:00,NO,DAL,2019,4,False,2.0,-0.5126488210700473,-0.6190442826249651,-0.6867976487881771,2.02263781761188,2.4016927083333335,-0.9149889440072947,-1.069121382424258
2019_04_CIN_PIT,2019-09-30T20:15-04:00,PIT,CIN,2019,4,False,24.0,4.308383987111625,3.734669379002732,3.413133888943962,5.180323574805758,2.4016927083333335,3.4817095407219005,3.36560692334008
2019_05_LA_SEA,2019-10-03T20:20-04:00,SEA,LAR,2019,5,False,1.0,1.6864216572988986,2.083146123325433,1.5699597898435615,1.603515831237976,2.4016927083333335,1.7582671002913957,2.0244901235800867
2019_05_ARI_CIN,2019-10-06T13:00-04:00,CIN,ARI,2019,5,False,-3.0,3.9927265284866227,3.088238107086454,2.719178720565795,4.293516995635269,2.4016927083333335,2.6465994967810267,2.7648871643643487
2019_05_ATL_HOU,2019-10-06T13:00-04:00,HOU,ATL,2019,5,False,21.0,2.867301737776153,4.407695601606999,4.23614834560193,5.095100872455605,2.4016927083333335,4.03588236174622,3.180158417358426
2019_05_BAL_PIT,2019-10-06T13:00-04:00,PIT,BAL,2019,5,False,-3.0,0.3655695963041685,0.39474136176058705,0.060560291044040815,2.221215234108298,2.4016927083333335,0.14976621510426125,0.8472976826396974
2019_05_BUF_TEN,2019-10-06T13:00-04:00,TEN,BUF,2019,5,False,-7.0,6.2384040683650035,5.939990911226438,5.698480533129311,4.7323305829208,2.4016927083333335,5.684831007005798,5.671463559424609
2019_05_CHI_OAK,2019-10-06T13:00-04:00,LV,CHI,2019,5,True,3.0,-6.591558063282921,-7.947714082823577,-5.949932134694674,-6.965107813582165,2.4016927083333335,-6.136798093750347,-6.036926611668473
2019_05_JAX_CAR,2019-10-06T13:00-04:00,CAR,JAX,2019,5,False,7.0,2.8739737629539066,4.131066983361847,3.8825158527192336,4.535987700003163,2.4016927083333335,3.8235555116620334,3.7724751341368266
2019_05_MIN_NYG,2019-10-06T13:00-04:00,NYG,MIN,2019,5,False,-18.0,-2.4148307242789446,-0.5921273194234238,-1.1182174687675615,-1.5973221696207522,2.4016927083333335,-0.8802861669565327,-0.813250789266877
2019_05_NE_WAS,2019-10-06T13:00-04:00,WAS,NE,2019,5,False,-26.0,-12.275912860676602,-11.30217792494512,-11.551285525190245,-9.062718033898395,2.4016927083333335,-11.578893008824007,-12.089949688427488
2019_05_NYJ_PHI,2019-10-06T13:00-04:00,PHI,NYJ,2019,5,False,25.0,13.598602360964916,12.324540804196461,12.109148230267508,9.252747574817196,2.4016927083333335,12.060979198165132,11.81435276107116
2019_05_TB_NO,2019-10-06T13:00-04:00,NO,TB,2019,5,False,7.0,3.9103715908016716,3.0753414478254735,2.9654824220730545,5.6718336939008775,2.4016927083333335,2.689805590584219,2.3763374473819416
2019_05_DEN_LAC,2019-10-06T16:05-04:00,LAC,DEN,2019,5,False,-7.0,7.984272046429014,7.512683730520873,7.4304200975687795,7.627156215823438,2.4016927083333335,7.229625665080556,7.198937393912077
2019_05_GB_DAL,2019-10-06T16:25-04:00,DAL,GB,2019,5,False,-10.0,5.575298383015507,3.9975229735719173,3.66678863666908,5.294774540169562,2.4016927083333335,3.7032328141488704,3.4621449897887864
2019_05_IND_KC,2019-10-06T20:20-04:00,KC,IND,2019,5,False,-6.0,9.84849487646513,7.925270502077073,7.363359839211044,7.369400933050555,2.4016927083333335,7.628785505403353,8.06448763768413
2019_05_CLE_SF,2019-10-07T20:15-04:00,SF,CLE,2019,5,False,28.0,1.8199647860701746,2.546606138324922,2.171676768814585,2.759250155171649,2.4016927083333335,2.1299421150445768,2.08013743325652
2019_06_NYG_NE,2019-10-10T20:20-04:00,NE,NYG,2019,6,False,21.0,15.577807023975422,13.855812161759095,13.578278475981806,13.0190999343606,2.4016927083333335,13.508716163688108,14.040272253002605
2019_06_CAR_TB,2019-10-13T09:30-04:00,TB,CAR,2019,6,True,-11.0,-3.6580789693379536,-1.7869001688894524,0.01346935465355692,-2.0818244718196746,2.4016927083333335,0.1549089647481745,0.3169622299121626
2019_06_CIN_BAL,2019-10-13T13:00-04:00,BAL,CIN,2019,6,False,6.0,9.429913057122127,8.904798978121605,8.522210030874593,9.220664721707363,2.4016927083333335,8.590345481237684,7.97988568902755
2019_06_HOU_KC,2019-10-13T13:00-04:00,KC,HOU,2019,6,False,-7.0,4.1855061109634635,4.925711691362849,4.416228966694069,4.335152477718953,2.4016927083333335,4.601718522132872,5.238647369942516
2019_06_NO_JAX,2019-10-13T13:00-04:00,JAX,NO,2019,6,False,-7.0,-1.9058405060289587,-1.918830400468728,-2.401647154038087,-1.1948237129987596,2.4016927083333335,-2.273391051466537,-1.9882656588109584
2019_06_PHI_MIN,2019-10-13T13:00-04:00,MIN,PHI,2019,6,False,18.0,-0.16702128084616663,-0.07651652391694785,-0.3123748090105465,3.458977814830454,2.4016927083333335,-0.4833338216084717,-0.47350031437393625
2019_06_SEA_CLE,2019-10-13T13:00-04:00,CLE,SEA,2019,6,False,-4.0,-3.177233400569615,-4.24741956757022,-4.35924186852525,-0.6069206712091395,2.4016927083333335,-4.533451261339359,-4.461421806477963
2019_06_WAS_MIA,2019-10-13T13:00-04:00,MIA,WAS,2019,6,False,-1.0,-4.25620891582224,-2.3740068263240475,-2.657727742123409,0.444189189550789,2.4016927083333335,-2.7069670729295967,-2.959787595617793
2019_06_ATL_ARI,2019-10-13T16:05-04:00,ARI,ATL,2019,6,False,1.0,-2.3897208558511154,-1.3960208547647341,-1.5585677917516976,-0.24041420917209777,2.4016927083333335,-1.6785802868795485,-2.120502412159043
2019_06_SF_LA,2019-10-13T16:05-04:00,LAR,SF,2019,6,False,-13.0,5.055080454437432,4.132390229622898,3.8178421403093052,3.3346820594852105,2.4016927083333335,3.850037737183525,3.6852714863996345
2019_06_DAL_NYJ,2019-10-13T16:25-04:00,NYJ,DAL,2019,6,False,2.0,-7.61813649900164,-7.730888139518465,-7.862435678489264,-5.979672758333878,2.4016927083333335,-8.044640574272925,-7.567802512910548
2019_06_TEN_DEN,2019-10-13T16:25-04:00,DEN,TEN,2019,6,False,16.0,-1.9344083676726946,-0.11779509945240996,-0.5501425310934691,0.41253258618344724,2.4016927083333335,-0.5484266294059863,-0.5248003011272295
2019_06_PIT_LAC,2019-10-13T20:20-04:00,LAC,PIT,2019,6,False,-7.0,6.97760781059904,4.687226824125281,4.609060689003746,2.8628452955840338,2.4016927083333335,4.3562451442288666,4.465881944150221
2019_06_DET_GB,2019-10-14T20:15-04:00,GB,DET,2019,6,False,1.0,1.8487351178078666,3.4424950843119966,3.0680574982445803,3.8975341260998517,2.4016927083333335,3.0940715334513307,3.0198261829362965
2019_07_KC_DEN,2019-10-17T20:20-04:00,DEN,KC,2019,7,False,-24.0,-2.781331523015788,-3.21075159589292,-3.4030150787418982,-1.2492563074896452,2.4016927083333335,-3.549709599879015,-3.6262493594078484
2019_07_ARI_NYG,2019-10-20T13:00-04:00,NYG,ARI,2019,7,False,-6.0,0.6747455027781748,1.079965999557462,0.49926750364814554,4.196609501332343,2.4016927083333335,0.667118596122239,0.6750210855775611
2019_07_HOU_IND,2019-10-20T13:00-04:00,IND,HOU,2019,7,False,7.0,-1.1506530796337615,-0.48634830434895426,-0.7827491622829534,0.6210252487970604,2.4016927083333335,-0.8402448858603013,-0.744616095194151
2019_07_JAX_CIN,2019-10-20T13:00-04:00,CIN,JAX,2019,7,False,-10.0,-0.48136356673943037,1.2411546294299036,0.9774493011486768,-0.546502894528019,2.4016927083333335,0.90896309892317,0.936230806736333
2019_07_LA_ATL,2019-10-20T13:00-04:00,ATL,LAR,2019,7,False,-27.0,-0.2666728869777353,-0.41074618095864546,-0.9907722897607922,-2.053484304397827,2.4016927083333335,-0.6970355206449298,-0.2592088818214693
2019_07_MIA_BUF,2019-10-20T13:00-04:00,BUF,MIA,2019,7,False,10.0,11.91162033437047,11.964906392119925,11.58154989809865,11.26306336963273,2.4016927083333335,11.600972577684221,11.521164368898368
2019_07_MIN_DET,2019-10-20T13:00-04:00,DET,MIN,2019,7,False,-12.0,0.36900668278331294,0.7315354516776251,0.3918584452458253,-1.8654945847653979,2.4016927083333335,0.5230205823911263,0.7310717477522191
2019_07_OAK_GB,2019-10-20T13:00-04:00,GB,LV,2019,7,False,18.0,3.9074722756589284,5.04501795419454,4.461999277136509,6.771520607075978,2.4016927083333335,4.8383256948127755,4.879966489563045
2019_07_SF_WAS,2019-10-20T13:00-04:00,WAS,SF,2019,7,False,-9.0,-5.787625601739873,-6.300517073816778,-6.735850246224732,-7.404075830613111,2.4016927083333335,-6.658401564663887,-6.475826673409103
2019_07_LAC_TEN,2019-10-20T16:05-04:00,TEN,LAC,2019,7,False,3.0,-2.2058423696020744,-1.8609573972851292,-2.28676264970105,1.2250379714991917,2.4016927083333335,-2.1788715355817794,-2.339138129686632
2019_07_BAL_SEA,2019-10-20T16:25-04:00,SEA,BAL,2019,7,False,-14.0,5.462834896084223,4.8216820178274125,4.3960269668000675,3.0148336946857124,2.4016927083333335,4.5236387289767634,5.113322676175844
2019_07_NO_CHI,2019-10-20T16:25-04:00,CHI,NO,2019,7,False,-11.0,2.5809946705844977,3.4133299983970398,2.7782505011975345,1.7795966859019043,2.4016927083333335,3.091075588674585,3.335540349733583
2019_07_PHI_DAL,2019-10-20T20:20-04:00,DAL,PHI,2019,7,False,27.0,1.490742989332924,1.1826334567210934,0.7800098314597848,2.3569385267519367,2.4016927083333335,0.8598908573140785,0.6736133828124384
2019_07_NE_NYJ,2019-10-21T20:15-04:00,NYJ,NE,2019,7,False,-33.0,-13.455425603675588,-13.08281684237761,-13.18483959854147,-11.535281391655946,2.4016927083333335,-13.323695532887466,-13.686394856814857
2019_08_WAS_MIN,2019-10-24T20:20-04:00,MIN,WAS,2019,8,False,10.0,13.064400204226166,12.987514626270848,12.770698429251588,14.503978932148694,2.4016927083333335,12.690171416176558,12.524289903395495
2019_08_ARI_NO,2019-10-27T13:00-04:00,NO,ARI,2019,8,False,22.0,8.213394086656812,8.784417537288137,8.250930741389558,11.153835324149806,2.4016927083333335,8.397225741581135,8.400427235139958
2019_08_CIN_LA,2019-10-27T13:00-04:00,LAR,CIN,2019,8,True,14.0,8.788390447610965,8.232204837434384,10.28629461486642,8.468840430374385,2.4016927083333335,10.154485936333838,10.068454493558352
2019_08_DEN_IND,2019-10-27T13:00-04:00,IND,DEN,2019,8,False,2.0,6.169877951673915,7.045821029741271,6.838403672866871,6.213825056565815,2.4016927083333335,6.777610260428234,6.41857175982982
2019_08_LAC_CHI,2019-10-27T13:00-04:00,CHI,LAC,2019,8,False,-1.0,2.6717552084382,3.259657124481756,2.5316694739480097,3.5260724221871906,2.4016927083333335,2.9904409086504047,3.0423675738610063
2019_08_NYG_DET,2019-10-27T13:00-04:00,DET,NYG,2019,8,False,5.0,8.770121944023085,9.85062546309535,9.762344895976732,6.386031234680242,2.4016927083333335,9.597754670294925,9.90204872234721
2019_08_NYJ_JAX,2019-10-27T13:00-04:00,JAX,NYJ,2019,8,False,14.0,8.398450991258272,9.296300754141072,8.946373057554672,9.225960358285633,2.4016927083333335,8.944247383600697,8.812593441073634
2019_08_PHI_BUF,2019-10-27T13:00-04:00,BUF,PHI,2019,8,False,-18.0,-0.1972868218624817,-0.16769248087193178,-0.6208270276855701,2.41182885733225,2.4016927083333335,-0.5327962360466656,-0.5006908732606425
2019_08_SEA_ATL,2019-10-27T13:00-04:00,ATL,SEA,2019,8,False,-7.0,-5.8265748932928645,-6.171987452178442,-6.42850872011267,-2.7699423379693835,2.4016927083333335,-6.48075944679671,-6.411536724681406
2019_08_TB_TEN,2019-10-27T13:00-04:00,TEN,TB,2019,8,False,4.0,2.3759651083943156,1.1628664656270633,1.1134479213554052,3.2616468140007466,2.4016927083333335,0.8758961649616821,0.785014953840744
2019_08_CAR_SF,2019-10-27T16:05-04:00,SF,CAR,2019,8,False,38.0,2.606552041972898,2.5349340734552306,2.360486265975247,3.9386988839362496,2.4016927083333335,2.307481659785363,2.2259499998954584
2019_08_CLE_NE,2019-10-27T16:25-04:00,NE,CLE,2019,8,False,14.0,15.987287177557679,15.227294224146096,14.798927850904539,13.428320073199526,2.4016927083333335,14.89322948476034,15.656480263591234
2019_08_OAK_HOU,2019-10-27T16:25-04:00,HOU,LV,2019,8,False,3.0,6.357814691445883,9.52724913655918,8.912599134365124,9.072701839365305,2.4016927083333335,9.257673141058909,8.84498865246634
2019_08_GB_KC,2019-10-27T20:20-04:00,KC,GB,2019,8,False,-7.0,1.0673007722693848,1.7456498723661722,1.6194245504858662,5.230212035752055,2.4016927083333335,1.3879739797536434,1.0562541549403601
2019_08_MIA_PIT,2019-10-28T20:15-04:00,PIT,MIA,2019,8,False,13.0,14.719056552667217,14.407364281322705,14.149239612484973,12.863298083611095,2.4016927083333335,14.075106255988288,14.03707795359647
2019_09_SF_ARI,2019-10-31T20:20-04:00,ARI,SF,2019,9,False,-3.0,-5.453085252725657,-4.906733086074862,-5.20834503832347,-7.891767582424539,2.4016927083333335,-5.132833328912875,-4.9668973398898615
2019_09_HOU_JAX,2019-11-03T09:30-05:00,JAX,HOU,2019,9,True,-23.0,-5.883336292318274,-6.699642640956614,-4.892744634703972,-2.5829031913106384,2.4016927083333335,-4.884966062004014,-4.319007636800707
2019_09_CHI_PHI,2019-11-03T13:00-05:00,PHI,CHI,2019,9,False,8.0,3.542190882010453,3.3579722563913768,3.170404467780931,2.8615635836124573,2.4016927083333335,3.004056382847648,2.8608117088753353
2019_09_IND_PIT,2019-11-03T13:00-05:00,PIT,IND,2019,9,False,2.0,3.144138731227549,2.809818733248136,2.5001662117413583,2.7533552954042384,2.4016927083333335,2.483436797123116,2.8553722724626045
2019_09_MIN_KC,2019-11-03T13:00-05:00,KC,MIN,2019,9,False,3.0,-1.4609254747990899,-0.32050234062658856,-0.5685169770915233,1.3302020237279866,2.4016927083333335,-0.6057246485344681,-0.7786579841493212
2019_09_NYJ_MIA,2019-11-03T13:00-05:00,MIA,NYJ,2019,9,False,8.0,3.063618030593946,2.333553633632201,1.922021219365822,1.611808640375699,2.4016927083333335,2.01625627549939,1.912596951302721
2019_09_TEN_CAR,2019-11-03T13:00-05:00,CAR,TEN,2019,9,False,10.0,3.720306202210927,2.4567247668229135,2.007823503056099,3.602527498096033,2.4016927083333335,2.0803948405921053,2.0041217640446796
2019_09_WAS_BUF,2019-11-03T13:00-05:00,BUF,WAS,2019,9,False,15.0,9.833549212503682,8.779783882663532,8.463167820092998,7.177790320821311,2.4016927083333335,8.423956467304091,8.465774142701335
2019_09_DET_OAK,2019-11-03T16:05-05:00,LV,DET,2019,9,False,7.0,-0.3868229034080921,-0.47356426027221055,-0.48147827658981496,-0.33125966766439374,2.4016927083333335,-0.8925150423970565,-1.0794567413481524
2019_09_TB_SEA,2019-11-03T16:05-05:00,SEA,TB,2019,9,False,6.0,8.352020345970486,7.6695317315072415,7.310247707069976,5.212123970015182,2.4016927083333335,7.303028874070483,7.3718467091638935
2019_09_CLE_DEN,2019-11-03T16:25-05:00,DEN,CLE,2019,9,False,5.0,1.7559500135368802,1.794892406044491,1.5111171644844035,2.2383671208849867,2.4016927083333335,1.5148806661473877,1.6196178740312817
2019_09_GB_LAC,2019-11-03T16:25-05:00,LAC,GB,2019,9,False,15.0,0.6807478205280277,-0.1566261060097418,-0.054303361887974244,0.2943324353523633,2.4016927083333335,-0.4379493575999845,-0.31934617465914183
2019_09_NE_BAL,2019-11-03T20:20-05:00,BAL,NE,2019,9,False,17.0,-3.4620278567326794,-3.4290095738984463,-3.6451996205830888,-4.094034664766078,2.4016927083333335,-3.7823190259185853,-4.914026537302172
2019_09_DAL_NYG,2019-11-04T20:15-05:00,NYG,DAL,2019,9,False,-19.0,-8.61109737446315,-8.130665562436862,-8.407465716394938,-4.624468767133268,2.4016927083333335,-8.38439730985972,-8.382117550345814
2019_10_LAC_OAK,2019-11-07T20:20-05:00,LV,LAC,2019,10,False,2.0,-2.7950572214747424,-2.3393879897076078,-2.6813802931113955,-2.2650188083696934,2.4016927083333335,-2.730381409970665,-2.8000166696636493
2019_10_ARI_TB,2019-11-10T13:00-05:00,TB,ARI,2019,10,False,3.0,4.5845793662533465,4.2487817139475945,3.864923208191259,6.052168137560918,2.4016927083333335,3.949065919121357,3.860722877757847
2019_10_ATL_NO,2019-11-10T13:00-05:00,NO,ATL,2019,10,False,-17.0,11.753327812996385,10.69093924978231,10.386307207537303,11.99494563429451,2.4016927083333335,10.391719972401049,10.219835222652371
2019_10_BAL_CIN,2019-11-10T13:00-05:00,CIN,BAL,2019,10,False,-36.0,-9.934870587481974,-10.068332795757453,-10.440062117046166,-7.637526791185007,2.4016927083333335,-10.357998610635782,-9.761035692488473
2019_10_BUF_CLE,2019-11-10T13:00-05:00,CLE,BUF,2019,10,False,3.0,0.1389283903722569,0.6188551257577255,0.4240608132898247,1.9326849569102458,2.4016927083333335,0.3421020055276238,0.37266380465435356
2019_10_DET_CHI,2019-11-10T13:00-05:00,CHI,DET,2019,10,False,7.0,7.502248990723421,6.026153675211395,5.806607565232265,4.392301851136432,2.4016927083333335,5.7876401423245705,5.915233208921919
2019_10_KC_TEN,2019-11-10T13:00-05:00,TEN,KC,2019,10,False,3.0,-6.03631134862516,-4.953122408097162,-5.003427025220635,-2.499189747839866,2.4016927083333335,-5.267774575727857,-5.4855034382994985
2019_10_NYG_NYJ,2019-11-10T13:00-05:00,NYJ,NYG,2019,10,False,7.0,0.2600276786711294,-0.9402404190128492,-0.9646488243078332,-0.4172555600859251,2.4016927083333335,-1.2478922259680227,-1.10362093062127
2019_10_MIA_IND,2019-11-10T16:05-05:00,IND,MIA,2019,10,False,-4.0,8.73679338151732,10.766302573957324,10.538620902390008,12.207835370848686,2.4016927083333335,10.425472225174918,10.015002025512736
2019_10_CAR_GB,2019-11-10T16:25-05:00,GB,CAR,2019,10,False,8.0,4.951421538275837,6.1948452530634714,5.751918568033355,3.3132012285000156,2.4016927083333335,5.949931842565842,6.050814428994409
2019_10_LA_PIT,2019-11-10T16:25-05:00,PIT,LAR,2019,10,False,5.0,-0.727782200228211,-0.1120758826017707,-0.49545793175481934,0.4359470951281095,2.4016927083333335,-0.43856656104665837,-0.2242665636714508
2019_10_MIN_DAL,2019-11-10T20:20-05:00,DAL,MIN,2019,10,False,-4.0,3.3213014674700743,3.0552675263308924,2.532659763420961,1.4979175886000142,2.4016927083333335,2.7757659216103256,2.6996395873535555
2019_10_SEA_SF,2019-11-11T20:15-05:00,SF,SEA,2019,10,False,-3.0,2.5354137955038807,2.5766744596240496,2.403863898560753,5.775528932987033,2.4016927083333335,2.2554858845418293,2.1499083726171877
2019_11_PIT_CLE,2019-11-14T20:20-05:00,CLE,PIT,2019,11,False,14.0,-3.6215428067458255,-2.894444857856136,-3.3903250940179857,-0.9863498727821356,2.4016927083333335,-3.1120099619392008,-3.250224449102796
2019_11_ATL_CAR,2019-11-17T13:00-05:00,CAR,ATL,2019,11,False,-26.0,3.4531081178228202,2.8496617211187942,2.798499180552142,6.295554837035761,2.4016927083333335,2.3883404728499675,2.153747230023942
2019_11_BUF_MIA,2019-11-17T13:00-05:00,MIA,BUF,2019,11,False,-17.0,-2.7819398155049018,-3.1205426039820225,-3.4221966119224234,-3.3957716008381844,2.4016927083333335,-3.464337403218173,-3.4219559048473527
2019_11_DAL_DET,2019-11-17T13:00-05:00,DET,DAL,2019,11,False,-8.0,-5.8886616516683326,-5.3059818932199425,-5.663690908952992,-2.3575850772146634,2.4016927083333335,-5.6343881976623305,-5.56005858831389
2019_11_DEN_MIN,2019-11-17T13:00-05:00,MIN,DEN,2019,11,False,4.0,8.993253562012233,9.60090341974376,9.467943653931265,9.265738006828792,2.4016927083333335,9.284766166481457,9.18549603702636
2019_11_HOU_BAL,2019-11-17T13:00-05:00,BAL,HOU,2019,11,False,34.0,3.5713278232184757,2.987970847467538,2.673987661552994,4.817206198675054,2.4016927083333335,2.660835276664775,2.695007699064614
2019_11_JAX_IND,2019-11-17T13:00-05:00,IND,JAX,2019,11,False,20.0,4.418933916531862,5.7489558806158705,5.63038938742632,4.641104405839768,2.4016927083333335,5.4669362208205206,4.930012814619952
2019_11_NO_TB,2019-11-17T13:00-05:00,TB,NO,2019,11,False,-17.0,-3.382882541993665,-3.0032262155449296,-3.309212885245206,-2.590621929601644,2.4016927083333335,-3.32329763583575,-3.518846074203014
2019_11_NYJ_WAS,2019-11-17T13:00-05:00,WAS,NYJ,2019,11,False,-17.0,1.8551300369227406,2.776163651638703,2.300153580827021,3.3540292864983536,2.4016927083333335,2.422767245032135,2.3609072755781475
2019_11_ARI_SF,2019-11-17T16:05-05:00,SF,ARI,2019,11,False,10.0,7.948583081408154,7.612554394473504,7.359465087336291,11.27092516476976,2.4016927083333335,7.241900439916237,7.153631070425558
2019_11_CIN_OAK,2019-11-17T16:25-05:00,LV,CIN,2019,11,False,7.0,11.922347311879587,11.911428290152248,11.848466953960513,7.028244914752001,2.4016927083333335,11.539073996306456,11.488490491012449
2019_11_NE_PHI,2019-11-17T16:25-05:00,PHI,NE,2019,11,False,-7.0,-4.483146868060157,-3.784665702490997,-3.9084918704895255,-3.766991337105056,2.4016927083333335,-4.011587620365476,-4.700804146286839
2019_11_CHI_LA,2019-11-17T20:20-05:00,LAR,CHI,2019,11,False,10.0,3.992226393360718,4.009288487308492,3.9278970597082936,4.9283919640126275,2.4016927083333335,3.693365891754539,3.4853989367562663
2019_11_KC_LAC,2019-11-18T20:15-05:00,LAC,KC,2019,11,True,-7.0,-4.696713831190509,-5.051263931267668,-2.6995535847411354,-2.03109475544845,2.4016927083333335,-3.218727726794366,-3.384126297856752
2019_12_IND_HOU,2019-11-21T20:20-05:00,HOU,IND,2019,12,False,3.0,5.06717859660526,4.454983694833963,4.1301834703869025,3.289881615908853,2.4016927083333335,4.189007668153412,3.984376535619058
2019_12_CAR_NO,2019-11-24T13:00-05:00,NO,CAR,2019,12,False,3.0,10.77353992982107,11.571146033686054,10.975227282550161,7.7800941525386245,2.4016927083333335,11.342850954254791,11.67432673483355
2019_12_DEN_BUF,2019-11-24T13:00-05:00,BUF,DEN,2019,12,False,17.0,4.99312261069322,5.197123507016176,4.83273929087355,3.460041141530761,2.4016927083333335,4.886586733363208,4.9077933135722285
2019_12_DET_WAS,2019-11-24T13:00-05:00,WAS,DET,2019,12,False,3.0,-2.822730968061574,-4.298140342762744,-4.321516401086998,-4.094620543075839,2.4016927083333335,-4.59643616417123,-4.660074918444975
2019_12_MIA_CLE,2019-11-24T13:00-05:00,CLE,MIA,2019,12,False,17.0,8.596823464008148,9.442032543552585,9.145415882721945,10.13284718460769,2.4016927083333335,9.18388028063101,9.276829066642053
2019_12_NYG_CHI,2019-11-24T13:00-05:00,CHI,NYG,2019,12,False,5.0,10.426407125088495,9.426100012431595,9.245432120961294,8.970249693476973,2.4016927083333335,9.215102300983958,9.4941058493845
2019_12_OAK_NYJ,2019-11-24T13:00-05:00,NYJ,LV,2019,12,False,31.0,-3.1877147431384154,-3.6441635243536905,-3.9885701137377625,-1.1535956344544536,2.4016927083333335,-3.8801770868455643,-3.9289686185005137
2019_12_PIT_CIN,2019-11-24T13:00-05:00,CIN,PIT,2019,12,False,-6.0,-8.375995188239566,-8.116416376805358,-8.577273646401332,-5.450670819746669,2.4016927083333335,-8.422833742137307,-8.713043864500609
2019_12_SEA_PHI,2019-11-24T13:00-05:00,PHI,SEA,2019,12,False,-8.0,-0.006794977901766197,0.21692712836362327,0.07942291419828296,2.0874493405858607,2.4016927083333335,-0.008854608718601664,0.08264014472853054
2019_12_TB_ATL,2019-11-24T13:00-05:00,ATL,TB,2019,12,False,-13.0,5.14807501400541,5.612472920016046,5.209604570677436,3.6763796505870125,2.4016927083333335,5.310298112522648,5.591270173492754
2019_12_JAX_TEN,2019-11-24T16:05-05:00,TEN,JAX,2019,12,False,22.0,4.169757773958523,4.6580140189174735,4.522097666329972,4.924794140013507,2.4016927083333335,4.308626516365924,3.7628763769514038
2019_12_DAL_NE,2019-11-24T16:25-05:00,NE,DAL,2019,12,False,4.0,4.317437703105113,5.215272893668711,4.942328321601752,6.948909048770403,2.4016927083333335,4.839863657039297,5.532820869271306
2019_12_GB_SF,2019-11-24T20:20-05:00,SF,GB,2019,12,False,29.0,0.7829139988484943,0.34579698557094474,0.22863193495199097,4.173810683917337,2.4016927083333335,0.06834764136065696,0.05298900537384621
2019_12_BAL_LA,2019-11-25T20:15-05:00,LAR,BAL,2019,12,False,-39.0,-3.2712941372068443,-3.199425813850601,-3.2585748251049926,-1.300945790533118,2.4016927083333335,-3.436357680430367,-2.961906527317181
2019_13_CHI_DET,2019-11-28T12:30-05:00,DET,CHI,2019,13,False,-4.0,-4.218554521454793,-4.290421676791097,-4.587897539976969,-0.06059490369572984,2.4016927083333335,-4.66692224239781,-4.7753551072848825
2019_13_BUF_DAL,2019-11-28T16:30-05:00,DAL,BUF,2019,13,False,-11.0,6.341078939356289,6.387365434035142,6.017496654275439,5.712848848577371,2.4016927083333335,6.075363252089378,6.09544770830198
2019_13_NO_ATL,2019-11-28T20:20-05:00,ATL,NO,2019,13,False,-8.0,-2.7807834113475502,-3.3454971837127463,-3.7148135852886868,-4.467870401928014,2.4016927083333335,-3.6376532080744806,-3.558999928207334
2019_13_CLE_PIT,2019-12-01T13:00-05:00,PIT,CLE,2019,13,False,7.0,2.322078859207074,2.203744580927708,1.942274963536973,3.2645606192293917,2.4016927083333335,1.8429364924693492,1.901293980187203
2019_13_GB_NYG,2019-12-01T13:00-05:00,NYG,GB,2019,13,False,-18.0,-8.439083516213474,-6.1160128389131945,-6.508091323668092,-3.849747785532001,2.4016927083333335,-6.452764721561772,-6.480085236614937
2019_13_NYJ_CIN,2019-12-01T13:00-05:00,CIN,NYJ,2019,13,False,16.0,0.5104111836394751,-0.3322465194576891,-0.7236492062040271,0.0883877683962524,2.4016927083333335,-0.6942460017315616,-0.7388253193561142
2019_13_PHI_MIA,2019-12-01T13:00-05:00,MIA,PHI,2019,13,False,6.0,-6.771824745917015,-6.530523041027271,-7.001116942043371,-6.8990276178588275,2.4016927083333335,-6.914222363590461,-6.900373216658177
2019_13_SF_BAL,2019-12-01T13:00-05:00,BAL,SF,2019,13,False,3.0,8.618157804847705,8.996585603705693,8.558136745464187,6.139001456960713,2.4016927083333335,8.65839540790854,8.190748904936534
2019_13_TB_JAX,2019-12-01T13:00-05:00,JAX,TB,2019,13,False,-17.0,-1.094505531755425,-0.39991456342890896,-0.7678652087218889,-0.28242780011488566,2.4016927083333335,-0.7869462953486676,-0.3841480526639518
2019_13_TEN_IND,2019-12-01T13:00-05:00,IND,TEN,2019,13,False,-14.0,5.539206033702225,5.281824744783346,5.003410018186593,3.2612452866444728,2.4016927083333335,4.931915515415456,4.867200489925313
2019_13_WAS_CAR,2019-12-01T13:00-05:00,CAR,WAS,2019,13,False,-8.0,9.825402391647053,9.503698808023739,9.387668001119957,9.908343928602152,2.4016927083333335,9.138705009277519,9.058509870051093
2019_13_LA_ARI,2019-12-01T16:05-05:00,ARI,LAR,2019,13,False,-27.0,-3.1226349502387922,-1.8652118089090772,-2.496502779651761,-4.41834205648189,2.4016927083333335,-2.3086154762109143,-2.3142825653394525
2019_13_LAC_DEN,2019-12-01T16:25-05:00,DEN,LAC,2019,13,False,3.0,-5.978560811151055,-4.445011273717256,-4.994717876425596,-0.7384305918478073,2.4016927083333335,-4.693909378726706,-4.5490928180194015
2019_13_OAK_KC,2019-12-01T16:25-05:00,KC,LV,2019,13,False,31.0,10.793852201044132,11.145967995700968,10.38982842004756,10.531147004510455,2.4016927083333335,10.842136717010609,11.057217353306973
2019_13_NE_HOU,2019-12-01T20:20-05:00,HOU,NE,2019,13,False,6.0,-2.6798839715512113,-1.622885513282902,-1.9024919336766835,-3.4542894556936368,2.4016927083333335,-1.9210836085274636,-2.9308631184128426
2019_13_MIN_SEA,2019-12-02T20:15-05:00,SEA,MIN,2019,13,False,7.0,1.3062036078050627,1.6708292510435505,1.2451278420105734,0.3574171922202547,2.4016927083333335,1.3976944774140074,1.5213830394523553
2019_14_DAL_CHI,2019-12-05T20:20-05:00,CHI,DAL,2019,14,False,7.0,-0.8941201886693473,0.3740380175238178,0.17084751617289173,0.15230191454092168,2.4016927083333335,0.09986364342516385,0.3304782011096836
2019_14_BAL_BUF,2019-12-08T13:00-05:00,BUF,BAL,2019,14,False,-7.0,-6.311543769059678,-6.1076342549851335,-6.498198287307602,-4.115190631291438,2.4016927083333335,-6.394799590517682,-5.972661900225679
2019_14_CAR_ATL,2019-12-08T13:00-05:00,ATL,CAR,2019,14,False,20.0,4.301053558277751,4.386929916235552,3.828922526588457,1.1734257025195782,2.4016927083333335,4.147607394093528,4.597187728092155
2019_14_CIN_CLE,2019-12-08T13:00-05:00,CLE,CIN,2019,14,False,8.0,7.4692983440281795,7.797154038737256,7.51371798155739,8.2949807066272,2.4016927083333335,7.525614405720971,7.655845366158082
2019_14_DEN_HOU,2019-12-08T13:00-05:00,HOU,DEN,2019,14,False,-14.0,10.439150202620798,10.045020146778336,9.717654194178303,7.18485646942816,2.4016927083333335,9.730062197134275,9.256553357003789
2019_14_DET_MIN,2019-12-08T13:00-05:00,MIN,DET,2019,14,False,13.0,10.086778067527726,9.79301063358101,9.63123221785946,9.54196410797142,2.4016927083333335,9.514172930968536,9.378878762864051
2019_14_IND_TB,2019-12-08T13:00-05:00,TB,IND,2019,14,False,3.0,0.7191077868541156,1.2413228891914438,0.8120295749699816,2.0835188059486507,2.4016927083333335,1.0240646980669261,1.2629651328678242
2019_14_MIA_NYJ,2019-12-08T13:00-05:00,NYJ,MIA,2019,14,False,1.0,2.135784104020919,4.11759027776489,4.022984569157531,4.145224772255314,2.4016927083333335,3.849585445300084,3.886815175194214
2019_14_SF_NO,2019-12-08T13:00-05:00,NO,SF,2019,14,False,-2.0,4.6392325583740135,4.190691928495774,3.7150289441604922,1.261039973539221,2.4016927083333335,3.9148009383747198,4.131668318748398
2019_14_WAS_GB,2019-12-08T13:00-05:00,GB,WAS,2019,14,False,5.0,14.149159403295766,14.27526943865142,13.815140885335605,10.784201032826708,2.4016927083333335,14.023581081094608,14.22974418422934
2019_14_LAC_JAX,2019-12-08T16:05-05:00,JAX,LAC,2019,14,False,-35.0,-4.900370553185528,-4.375217479439334,-4.99910217671647,-3.949418836989362,2.4016927083333335,-4.745263047159914,-4.730210709607473
2019_14_KC_NE,2019-12-08T16:25-05:00,NE,KC,2019,14,False,-7.0,1.8452692111626305,1.7018204739489566,1.549301863782162,4.486523667177347,2.4016927083333335,1.3579773693179205,1.6893078495396967
2019_14_PIT_ARI,2019-12-08T16:25-05:00,ARI,PIT,2019,14,False,-6.0,-3.5666303453904877,-2.6049763380457627,-2.974465543943737,-4.855907886259865,2.4016927083333335,-2.8795648930214455,-3.0101576199631688
2019_14_TEN_OAK,2019-12-08T16:25-05:00,LV,TEN,2019,14,False,-21.0,-0.40368803040161627,-0.7172564332468929,-0.8328428208744043,-5.059401661502527,2.4016927083333335,-1.0453207804731497,-0.891986556465695
2019_14_SEA_LA,2019-12-08T20:20-05:00,LAR,SEA,2019,14,False,16.0,0.5704258967421416,0.10910031892414296,0.04297667339746569,2.94718346098142,2.4016927083333335,-0.08671457733024734,-0.1459845183880022
2019_14_NYG_PHI,2019-12-09T20:15-05:00,PHI,NYG,2019,14,False,6.0,9.37903399054282,8.67101793840604,8.450176323991435,9.084410748555701,2.4016927083333335,8.357932802892352,8.2496156050818
2019_15_NYJ_BAL,2019-12-12T20:20-05:00,BAL,NYJ,2019,15,False,21.0,15.691419375273512,16.283455518910536,15.804360416930182,17.67519424816438,2.4016927083333335,15.906100519583394,15.425282731919712
2019_15_CHI_GB,2019-12-15T13:00-05:00,GB,CHI,2019,15,False,8.0,4.7282023334696035,4.528147800056508,4.234253357034281,2.7934566460674204,2.4016927083333335,4.166971536341368,4.064247790432151
2019_15_DEN_KC,2019-12-15T13:00-05:00,KC,DEN,2019,15,False,20.0,12.620996313826668,11.764383747126606,11.305234095941795,9.095968114628706,2.4016927083333335,11.453830928460452,11.523705170212061
2019_15_HOU_TEN,2019-12-15T13:00-05:00,TEN,HOU,2019,15,False,-3.0,-0.15092957251724393,0.7916688868615411,0.4698742209893789,4.273421902541625,2.4016927083333335,0.4260995428813943,0.674998397365346
2019_15_MIA_NYG,2019-12-15T13:00-05:00,NYG,MIA,2019,15,False,16.0,2.33863051404456,3.3124939415073857,3.146940563255665,3.3752016748468323,2.4016927083333335,3.0629508273453285,3.1882866628764917
2019_15_NE_CIN,2019-12-15T13:00-05:00,CIN,NE,2019,15,False,-21.0,-9.353238134240158,-9.08135516259992,-9.255814854476036,-10.005894792340381,2.4016927083333335,-9.414401792266258,-10.051957407031166
2019_15_PHI_WAS,2019-12-15T13:00-05:00,WAS,PHI,2019,15,False,-10.0,-6.828156600693244,-5.7481747490143436,-6.098800622349954,-3.2311802800765266,2.4016927083333335,-6.155734100658929,-6.370159098315779
2019_15_SEA_CAR,2019-12-15T13:00-05:00,CAR,SEA,2019,15,False,-6.0,-6.018697318173073,-6.188847345411661,-6.345220062736857,-2.998554498677928,2.4016927083333335,-6.497595224430687,-6.864558656568894
2019_15_TB_DET,2019-12-15T13:00-05:00,DET,TB,2019,15,False,-21.0,0.06628020654883893,-0.5937048189368773,-0.7243191611598748,-0.17556547038874148,2.4016927083333335,-0.958883312534413,-0.9928174789843924
2019_15_CLE_ARI,2019-12-15T16:05-05:00,ARI,CLE,2019,15,False,14.0,-2.0128721291038576,-1.5458992046484945,-1.734263175172396,-3.594714715448352,2.4016927083333335,-1.86657203671734,-1.9550525550478088
2019_15_JAX_OAK,2019-12-15T16:05-05:00,LV,JAX,2019,15,False,-4.0,4.631711845494116,4.833322924347909,4.6894310146173455,2.779539793611364,2.4016927083333335,4.514417725399613,4.5077432792687855
2019_15_MIN_LAC,2019-12-15T16:05-05:00,LAC,MIN,2019,15,False,-29.0,1.168117285134529,0.6117249822984006,0.5314057648783307,0.20551509595089223,2.4016927083333335,0.3016897072210488,0.30645512285483
2019_15_ATL_SF,2019-12-15T16:25-05:00,SF,ATL,2019,15,False,-7.0,5.366361333996663,5.905909163209469,5.781068967679082,10.069234793804,2.4016927083333335,5.505582371923361,5.26552243059191
2019_15_LA_DAL,2019-12-15T16:25-05:00,DAL,LAR,2019,15,False,23.0,1.480226620582994,1.847185765193371,1.182527304953,0.163712974424568,2.4016927083333335,1.46163168660919,1.4823331927658168
2019_15_BUF_PIT,2019-12-15T20:20-05:00,PIT,BUF,2019,15,False,-7.0,2.82440353777843,2.89801823096466,2.8075536300939237,1.7894033909920002,2.4016927083333335,2.563199820066047,2.695638107677751
2019_15_IND_NO,2019-12-16T20:15-05:00,NO,IND,2019,15,False,27.0,6.9587591117768985,6.294266946709687,5.863365868950096,6.561561807278051,2.4016927083333335,6.078508373973747,6.39248477171451
2019_16_HOU_TB,2019-12-21T13:00-05:00,TB,HOU,2019,16,False,-3.0,-2.590773613976221,-0.7358298036515911,-1.2366256642839675,1.8566837736139963,2.4016927083333335,-1.0672492996418808,-0.5402179949516733
2019_16_BUF_NE,2019-12-21T16:30-05:00,NE,BUF,2019,16,False,7.0,8.029294207533644,7.781079613785358,7.49127618819965,7.277110231076801,2.4016927083333335,7.4245648015851256,8.04508274168181
2019_16_LA_SF,2019-12-21T20:15-05:00,SF,LAR,2019,16,False,3.0,3.1086436225100704,3.596435146360794,3.154150193361896,3.882793590898207,2.4016927083333335,3.1719862510677856,3.1919293375781814
2019_16_BAL_CLE,2019-12-22T13:00-05:00,CLE,BAL,2019,16,False,-16.0,-9.512411366842183,-9.660292525082532,-9.89420299139513,-8.260279668524554,2.4016927083333335,-9.927337893397523,-9.543761022862448
2019_16_CAR_IND,2019-12-22T13:00-05:00,IND,CAR,2019,16,False,32.0,8.142614364380393,8.772747622963033,8.417861413704799,4.502077223775085,2.4016927083333335,8.410838412335,8.475864991047608
2019_16_CIN_MIA,2019-12-22T13:00-05:00,MIA,CIN,2019,16,False,3.0,2.557932792809555,2.196547694685205,1.7400410926080814,0.9711119457179649,2.4016927083333335,1.8703513096072648,2.0304063707113
2019_16_JAX_ATL,2019-12-22T13:00-05:00,ATL,JAX,2019,16,False,12.0,10.05306837692552,10.345059300552098,9.905442993699552,8.629978895575311,2.4016927083333335,10.113395010355443,10.307781668999848
2019_16_NO_TEN,2019-12-22T13:00-05:00,TEN,NO,2019,16,False,-10.0,-0.47783518191261265,-2.552717730161184,-2.7517846225321616,-0.5148459786753126,2.4016927083333335,-2.947272692077767,-3.248780287704894
2019_16_NYG_WAS,2019-12-22T13:00-05:00,WAS,NYG,2019,16,False,-6.0,1.3077229097837604,1.673680369998158,1.6395298619086922,1.4360475028150708,2.4016927083333335,1.3060485619350901,1.2295721405667848
2019_16_PIT_NYJ,2019-12-22T13:00-05:00,NYJ,PIT,2019,16,False,6.0,-3.8290010631056917,-2.2985762604627413,-2.610644069935809,-4.506840779621928,2.4016927083333335,-2.587190953558495,-2.6219806818883966
2019_16_DET_DEN,2019-12-22T16:05-05:00,DEN,DET,2019,16,False,10.0,6.401036531796486,6.37704555811715,6.073235966047976,5.770716193253116,2.4016927083333335,6.109916648067033,6.347806924914346
2019_16_OAK_LAC,2019-12-22T16:05-05:00,LAC,LV,2019,16,False,-7.0,8.853259271239992,7.730831249605916,7.533613055506478,10.67834452789885,2.4016927083333335,7.429515601149498,7.430198641137472
2019_16_ARI_SEA,2019-12-22T16:25-05:00,SEA,ARI,2019,16,False,-14.0,10.31352847890618,10.678354299903317,10.213238357484904,9.983509072545116,2.4016927083333335,10.27050124530345,10.398041405373467
2019_16_DAL_PHI,2019-12-22T16:25-05:00,PHI,DAL,2019,16,False,8.0,0.033684896334846615,0.003721506213406167,-0.029173093561285945,-1.2048158454047107,2.4016927083333335,-0.27460923867853015,-0.23189700212207387
2019_16_KC_CHI,2019-12-22T20:20-05:00,CHI,KC,2019,16,False,-23.0,-4.961416173485549,-5.988960022139876,-6.22582529026545,-3.968344125779515,2.4016927083333335,-6.267383213542977,-6.408265928710919
2019_16_GB_MIN,2019-12-23T20:15-05:00,MIN,GB,2019,16,False,-13.0,5.847843261309208,5.648353968379679,5.535330836334376,6.952286377710399,2.4016927083333335,5.289358105607687,5.249930095206717
2019_17_ATL_TB,2019-12-29T13:00-05:00,TB,ATL,2019,17,False,-6.0,-2.1298899885560707,-0.19124524468385284,-0.6227692156635001,3.60335247370244,2.4016927083333335,-0.5459564775987558,-0.5986900237510808
2019_17_CHI_MIN,2019-12-29T13:00-05:00,MIN,CHI,2019,17,False,-2.0,4.594347334828606,5.029690926451438,4.715993872626705,7.957677239105962,2.4016927083333335,4.655452985445767,4.58762551009098
2019_17_CLE_CIN,2019-12-29T13:00-05:00,CIN,CLE,2019,17,False,10.0,-2.0808468849996116,-1.9655515424761063,-2.2363767545465087,-2.3273754667594595,2.4016927083333335,-2.3291651129788287,-2.4333354568838352
2019_17_GB_DET,2019-12-29T13:00-05:00,DET,GB,2019,17,False,-3.0,-7.883561376399823,-8.261151569710007,-8.483385785648121,-5.422000877899605,2.4016927083333335,-8.656648557704433,-8.731099033807874
2019_17_LAC_KC,2019-12-29T13:00-05:00,KC,LAC,2019,17,False,10.0,11.659959096524831,12.039417053587034,11.222292894583319,11.489354533119867,2.4016927083333335,11.770147308864624,12.013113655412688
2019_17_MIA_NE,2019-12-29T13:00-05:00,NE,MIA,2019,17,False,-3.0,15.651294005729776,15.291143391015341,15.014658366909543,18.010948756369448,2.4016927083333335,14.977506304463788,15.44536277783783
2019_17_NO_CAR,2019-12-29T13:00-05:00,CAR,NO,2019,17,False,-32.0,-10.750399762173785,-10.753137732726408,-10.811417968008621,-8.775025582652486,2.4016927083333335,-11.141305674753067,-11.489941861996378
2019_17_NYJ_BUF,2019-12-29T13:00-05:00,BUF,NYJ,2019,17,False,-7.0,8.781555710298605,7.363649279915552,6.976358225920295,10.768618106137843,2.4016927083333335,7.00991430982882,7.115134755710344
2019_17_ARI_LA,2019-12-29T16:25-05:00,LAR,ARI,2019,17,False,7.0,8.5302181931937,8.148986604513674,7.890646056180338,9.229716121097534,2.4016927083333335,7.868404983472295,7.952930104534213
2019_17_IND_JAX,2019-12-29T16:25-05:00,JAX,IND,2019,17,False,18.0,-5.49468769949753,-5.3614082086279655,-5.632464816525994,-4.382094832906151,2.4016927083333335,-5.6590980727252465,-5.448365181319107
2019_17_OAK_DEN,2019-12-29T16:25-05:00,DEN,LV,2019,17,False,1.0,4.5429447662300255,4.235650193484048,3.848874899818126,7.674196579338969,2.4016927083333335,3.943824646188048,4.1036871555424765
2019_17_PHI_NYG,2019-12-29T16:25-05:00,NYG,PHI,2019,17,False,-17.0,-6.4893007212405855,-5.174311056886786,-5.768534873831987,-3.3152083665743417,2.4016927083333335,-5.5434552359724485,-5.69289592230834
2019_17_PIT_BAL,2019-12-29T16:25-05:00,BAL,PIT,2019,17,False,18.0,11.488564452537318,12.451340432460643,12.205845548271729,12.535566414650097,2.4016927083333335,12.176525697619276,11.680920870221488
2019_17_TEN_HOU,2019-12-29T16:25-05:00,HOU,TEN,2019,17,False,-21.0,0.06218850758331973,0.6369548664345047,0.35416403833940047,2.89322921746002,2.4016927083333335,0.3214064900918352,0.3536212630031139
2019_17_WAS_DAL,2019-12-29T16:25-05:00,DAL,WAS,2019,17,False,31.0,12.60413139807679,12.116965308800488,11.690681590861779,12.818661457775535,2.4016927083333335,11.88394431896334,11.86297231580313
2019_17_SF_SEA,2019-12-29T20:20-05:00,SEA,SF,2019,17,False,-5.0,2.2842121863281157,3.1542030922503983,2.7557051278998483,-0.9965816008158934,2.4016927083333335,2.8364044704869844,2.9212397981727527
2020_01_HOU_KC,2020-09-10T20:20-04:00,KC,HOU,2020,1,False,14.0,9.248468367445353,7.918524450178648,7.6600202755914,6.317414355737133,2.0385044642857144,7.7199876022896134,8.904400504283819
2020_01_CHI_DET,2020-09-13T13:00-04:00,DET,CHI,2020,1,False,-4.0,0.6216129072124548,0.5575714314290512,0.4246245882147551,0.25552860653102094,2.0385044642857144,0.3041865783250761,0.2969176447912103
2020_01_CLE_BAL,2020-09-13T13:00-04:00,BAL,CLE,2020,1,False,32.0,15.08585547074593,12.703769466056762,12.496073982354769,9.127811698577037,2.0385044642857144,12.467761109181058,10.02291880337365
2020_01_GB_MIN,2020-09-13T13:00-04:00,MIN,GB,2020,1,False,-9.0,0.6971922456290525,1.1702645079506206,1.0414674846285157,2.947133846981681,2.0385044642857144,0.8768194723102569,1.2018922229573152
2020_01_IND_JAX,2020-09-13T13:00-04:00,JAX,IND,2020,1,False,7.0,-6.089611211823358,-2.960338954493996,-3.40572763331889,0.5589525835469247,2.0385044642857144,-3.199864634673568,-3.1613800472378606
2020_01_LV_CAR,2020-09-13T13:00-04:00,CAR,LV,2020,1,False,-4.0,1.6219596428892515,-1.7557245539104385,-1.9422706619791104,2.019108309343359,2.0385044642857144,-1.9690049436689927,-2.047047232320338
2020_01_MIA_NE,2020-09-13T13:00-04:00,NE,MIA,2020,1,False,10.0,9.263325411952883,8.383906958729796,8.280045832601399,8.755474378184724,2.0385044642857144,8.22415883430921,8.086275609120651
2020_01_NYJ_BUF,2020-09-13T13:00-04:00,BUF,NYJ,2020,1,False,10.0,3.4004110797323683,4.482616204987805,4.111462669576303,5.3016626951085835,2.0385044642857144,4.238911910699755,3.9924042112327505
2020_01_PHI_WAS,2020-09-13T13:00-04:00,WAS,PHI,2020,1,False,10.0,-5.271051390909808,-6.902953169212944,-7.124095311607334,-2.6922638761776456,2.0385044642857144,-7.159538763961018,-5.759434698047044
2020_01_SEA_ATL,2020-09-13T13:00-04:00,ATL,SEA,2020,1,False,-13.0,-0.39620110749879056,1.0937395430092813,0.7799542988322545,2.4136004718491004,2.0385044642857144,0.9009520287768833,0.9997543037454164
2020_01_LAC_CIN,2020-09-13T16:05-04:00,CIN,LAC,2020,1,False,-3.0,-5.227421129265414,-2.6850259222865103,-2.923794518072107,-0.3310223243559043,2.0385044642857144,-2.9191099301819694,-2.4706544831142607
2020_01_ARI_SF,2020-09-13T16:25-04:00,SF,ARI,2020,1,False,-4.0,5.102207487276527,5.219404780900245,4.961631807894404,6.55655917210875,2.0385044642857144,4.9447696039362175,5.8621630088564185
2020_01_TB_NO,2020-09-13T16:25-04:00,NO,TB,2020,1,False,11.0,6.752507126043119,8.995189118523655,8.857010756051075,6.31823004618489,2.0385044642857144,8.845950728046528,7.664191270322901
2020_01_DAL_LA,2020-09-13T20:20-04:00,LAR,DAL,2020,1,False,3.0,3.0286831315800855,0.7644309488078602,0.7357651347935225,1.7810143167745003,2.0385044642857144,0.5735812047504658,0.5674245313983755
2020_01_PIT_NYG,2020-09-14T19:15-04:00,NYG,PIT,2020,1,False,-10.0,-5.070944259174855,-0.6327581604887036,-0.896266782955872,-0.18983504392042994,2.0385044642857144,-0.8850572928106265,-0.6744027340792437
2020_01_TEN_DEN,2020-09-14T22:10-04:00,DEN,TEN,2020,1,False,-2.0,-0.5259518809366228,-0.5684212248439275,-0.6749680255029628,0.14872198648646728,2.0385044642857144,-0.7394446947809383,-1.7821396114950674
2020_02_CIN_CLE,2020-09-17T20:20-04:00,CLE,CIN,2020,2,False,5.0,0.49341165209532745,1.7565501709249491,1.4034056494462086,2.689307899046078,2.0385044642857144,1.4705533557334118,1.4706817813961743
2020_02_ATL_DAL,2020-09-20T13:00-04:00,DAL,ATL,2020,2,False,1.0,3.6198502901266805,5.515439661263983,5.191997861903345,5.559598680227625,2.0385044642857144,5.209535621029644,5.128881139542555
2020_02_BUF_MIA,2020-09-20T13:00-04:00,MIA,BUF,2020,2,False,-3.0,-3.015058419878378,-2.4812181122444805,-2.731117104534838,-1.9170940704999158,2.0385044642857144,-2.7210617557746373,-2.5633316284018717
2020_02_CAR_TB,2020-09-20T13:00-04:00,TB,CAR,2020,2,False,14.0,5.427140236696056,4.753504438193207,4.209649846142811,5.919583121805971,2.0385044642857144,4.468549424460172,4.615661144243905
2020_02_DEN_PIT,2020-09-20T13:00-04:00,PIT,DEN,2020,2,False,5.0,4.139317527785886,3.479915050463953,3.1298325387257755,3.7375560434647968,2.0385044642857144,3.25884061306981,3.1681818608093
2020_02_DET_GB,2020-09-20T13:00-04:00,GB,DET,2020,2,False,21.0,7.181189139345621,7.318009533006867,6.953780011686463,7.494550057120785,2.0385044642857144,7.096224533191838,5.6649758324909145
2020_02_JAX_TEN,2020-09-20T13:00-04:00,TEN,JAX,2020,2,False,3.0,5.5403455801934385,6.795393063167098,6.518980365225165,6.536787647707273,2.0385044642857144,6.58525924316896,7.615210732064553
2020_02_LA_PHI,2020-09-20T13:00-04:00,PHI,LAR,2020,2,False,-18.0,-0.07279414458885713,0.2051735955163857,-0.05895361992700332,0.8449747228933062,2.0385044642857144,-0.052703836838063234,-1.3151819998427607
2020_02_MIN_IND,2020-09-20T13:00-04:00,IND,MIN,2020,2,False,17.0,0.9996116927665937,1.3356510230322813,1.289975218670097,0.23153261469859965,2.0385044642857144,1.1216959095878192,2.0060234377850117
2020_02_NYG_CHI,2020-09-20T13:00-04:00,CHI,NYG,2020,2,False,4.0,9.509534244148576,7.927649464203557,7.79028845855149,6.537146954326731,2.0385044642857144,7.7001214066648425,7.841284678743849
2020_02_SF_NYJ,2020-09-20T13:00-04:00,NYJ,SF,2020,2,False,-18.0,-2.8691103316773914,-1.8009709220212287,-2.017982713646009,-1.6195411455346518,2.0385044642857144,-2.0002832239775716,-2.7549606676191942
2020_02_WAS_ARI,2020-09-20T16:05-04:00,ARI,WAS,2020,2,False,15.0,6.945463107962112,6.759193385531752,6.443356005839441,4.946138232057485,2.0385044642857144,6.501716315713576,6.595786056151929
2020_02_BAL_HOU,2020-09-20T16:25-04:00,HOU,BAL,2020,2,False,-17.0,-5.58596040104995,-6.021202588011896,-6.191156827848667,-4.296556550074808,2.0385044642857144,-6.254347711800669,-5.113061105813821
2020_02_KC_LAC,2020-09-20T16:25-04:00,LAC,KC,2020,2,False,-3.0,-8.581373330902702,-8.137934372689832,-8.255043407751394,-2.2589962742223513,2.0385044642857144,-8.307877119394234,-8.23158605147556
2020_02_NE_SEA,2020-09-20T20:20-04:00,SEA,NE,2020,2,False,5.0,0.6803840224252098,0.9988517244906983,0.7822592622391746,0.987283496685341,2.0385044642857144,0.7230974578758238,0.9064825512930921
2020_02_NO_LV,2020-09-21T20:15-04:00,LV,NO,2020,2,False,10.0,-4.036451802880701,-3.658611985562413,-3.720916698705948,-4.0563207240049834,2.0385044642857144,-3.9856489959134827,-3.047883032278522
2020_03_MIA_JAX,2020-09-24T20:20-04:00,JAX,MIA,2020,3,False,-18.0,3.9027339054874344,3.894974836342817,3.7815171749886285,4.088705980743958,2.0385044642857144,3.6363206024995174,3.6403544582319234
2020_03_CHI_ATL,2020-09-27T13:00-04:00,ATL,CHI,2020,3,False,-4.0,1.6481372327939705,2.3504715809341423,2.062400635803079,1.8444795326723291,2.0385044642857144,2.1164952408709317,2.195875739455417
2020_03_CIN_PHI,2020-09-27T13:00-04:00,PHI,CIN,2020,3,False,0.0,4.301842987116448,4.089227832921336,3.8684012904282095,4.441641395911711,2.0385044642857144,3.83745949950739,2.6893570510858833
2020_03_HOU_PIT,2020-09-27T13:00-04:00,PIT,HOU,2020,3,False,7.0,2.8213130303975174,2.169204334498356,1.95465181769666,4.152144751039014,2.0385044642857144,1.9709808306522534,2.8808513815608956
2020_03_LA_BUF,2020-09-27T13:00-04:00,BUF,LAR,2020,3,False,3.0,-1.9723441226692973,-1.0758969430574328,-1.4276621740003734,0.5304809422953831,2.0385044642857144,-1.3189928642558308,-1.4912810739255118
2020_03_LV_NE,2020-09-27T13:00-04:00,NE,LV,2020,3,False,16.0,6.014045875207845,5.841291794927602,5.442046375195418,6.455491404765691,2.0385044642857144,5.683761553855386,5.573831421174408
2020_03_SF_NYG,2020-09-27T13:00-04:00,NYG,SF,2020,3,False,-27.0,-2.1825697066669236,-3.0427718204855743,-3.408104013931789,-3.88684376289606,2.0385044642857144,-3.2232495674982067,-4.094656522555318
2020_03_TEN_MIN,2020-09-27T13:00-04:00,MIN,TEN,2020,3,False,-1.0,-1.2751501842821211,-1.3580369590984676,-1.5508243639327737,0.714194061259682,2.0385044642857144,-1.6252616532454864,-3.3075415729827378
2020_03_WAS_CLE,2020-09-27T13:00-04:00,CLE,WAS,2020,3,False,14.0,4.983572849822156,5.204311046560105,4.7720811275763335,3.723361141407144,2.0385044642857144,4.913663033592459,5.104877198876558
2020_03_CAR_LAC,2020-09-27T16:05-04:00,LAC,CAR,2020,3,False,-5.0,5.716986680274406,6.215077308280046,5.876725671930804,6.751818973585724,2.0385044642857144,6.0233326854629645,6.225050126048703
2020_03_NYJ_IND,2020-09-27T16:05-04:00,IND,NYJ,2020,3,False,29.0,8.221215047158893,6.748552741426079,6.730632937992423,6.292607954763406,2.0385044642857144,6.478181050196708,6.332875944229753
2020_03_DAL_SEA,2020-09-27T16:25-04:00,SEA,DAL,2020,3,False,7.0,4.535204469335605,2.89835710904034,2.831299195176057,2.481764557466311,2.0385044642857144,2.6510670523309656,2.722300627993261
2020_03_DET_ARI,2020-09-27T16:25-04:00,ARI,DET,2020,3,False,-3.0,3.3617837780848836,4.761886941559444,4.442657133408662,5.988122182526756,2.0385044642857144,4.501963371906421,4.396980737278537
2020_03_TB_DEN,2020-09-27T16:25-04:00,DEN,TB,2020,3,False,-18.0,1.645896507443637,1.4851317950288005,1.3710203312786982,1.237406526679306,2.0385044642857144,1.3645664487857563,1.2909605279455698
2020_03_GB_NO,2020-09-27T20:20-04:00,NO,GB,2020,3,False,-7.0,3.0044318016375473,1.9253275375665522,1.7050182577095137,2.2901490668255287,2.0385044642857144,1.7099459307731832,1.9775042447232931
2020_03_KC_BAL,2020-09-28T20:15-04:00,BAL,KC,2020,3,False,-14.0,3.0769964595100014,3.691580147065838,3.47499351923872,5.223937327009311,2.0385044642857144,3.385299359055045,1.3903665055642849
2020_04_DEN_NYJ,2020-10-01T20:20-04:00,NYJ,DEN,2020,4,False,-9.0,2.350602646093185,1.510412786319939,1.3417654781839272,-0.3857951468603691,2.0385044642857144,1.2879010107225586,1.2099683406426207
2020_04_ARI_CAR,2020-10-04T13:00-04:00,CAR,ARI,2020,4,False,10.0,-0.5161183612180036,-0.8999257042746147,-1.0295699797252316,-0.11399585306743187,2.0385044642857144,-1.1924197487210733,-1.104632723107563
2020_04_BAL_WAS,2020-10-04T13:00-04:00,WAS,BAL,2020,4,False,-14.0,-13.865397903530994,-12.504506922058084,-12.555441809695647,-8.459581806025792,2.0385044642857144,-12.719204245876655,-11.362672726625442
2020_04_CLE_DAL,2020-10-04T13:00-04:00,DAL,CLE,2020,4,False,-11.0,5.287499633836381,5.701186117867897,5.370636025544211,6.058680420186349,2.0385044642857144,5.487608105481951,5.458840420643795
2020_04_JAX_CIN,2020-10-04T13:00-04:00,CIN,JAX,2020,4,False,8.0,2.5064980845185056,3.031940560232274,2.887929713839134,2.8700532601265656,2.0385044642857144,2.922686430111055,3.026493351449052
2020_04_LAC_TB,2020-10-04T13:00-04:00,TB,LAC,2020,4,False,7.0,4.357799252182601,4.287808519708507,4.009606725830597,5.20401859246923,2.0385044642857144,3.9978734933216575,3.9637968015070753
2020_04_MIN_HOU,2020-10-04T13:00-04:00,HOU,MIN,2020,4,False,-8.0,1.7120369040314622,1.8726551221030652,1.614178494491373,1.472548700920186,2.0385044642857144,1.6925199533197766,1.6364592278119718
2020_04_NO_DET,2020-10-04T13:00-04:00,DET,NO,2020,4,False,-6.0,-2.9653049717705056,-4.17693442151522,-4.2871289419463645,-2.939646271676774,2.0385044642857144,-4.4484876226860814,-3.5225378716275784
2020_04_SEA_MIA,2020-10-04T13:00-04:00,MIA,SEA,2020,4,False,-8.0,-1.9745852681261928,-3.2372173635757955,-3.563890270535377,-1.6504760587934886,2.0385044642857144,-3.4617796683721256,-3.692382691934888
2020_04_NYG_LA,2020-10-04T16:05-04:00,LAR,NYG,2020,4,False,8.0,13.859436270338758,12.498902628717412,12.390566628542595,10.41070456720808,2.0385044642857144,12.275835674630866,12.253459766651792
2020_04_BUF_LV,2020-10-04T16:25-04:00,LV,BUF,2020,4,False,-7.0,0.273666523732978,0.45863086700869227,0.4494304669810981,-0.7136560102401166,2.0385044642857144,0.19572460160898075,0.36528957980861293
2020_04_IND_CHI,2020-10-04T16:25-04:00,CHI,IND,2020,4,False,-8.0,-2.594135704958417,-2.547333364305916,-3.0388261095007065,1.492069132173134,2.0385044642857144,-2.7757642965038714,-2.5040291961766266
2020_04_PHI_SF,2020-10-04T20:20-04:00,SF,PHI,2020,4,False,-5.0,5.297269909496323,6.3389055702541395,6.102434606117442,8.605819856594202,2.0385044642857144,6.034750494227849,7.820045211387173
2020_04_NE_KC,2020-10-05T19:05-04:00,KC,NE,2020,4,False,16.0,9.495417205649556,9.227266321552126,8.871245205142898,5.348418299569086,2.0385044642857144,9.099860307005432,9.481909065489122
2020_04_ATL_GB,2020-10-05T21:00-04:00,GB,ATL,2020,4,False,14.0,5.738087293499733,7.261701583309226,7.029768329025228,7.605561752252608,2.0385044642857144,7.021703120476681,5.913930249747665
2020_05_TB_CHI,2020-10-08T20:20-04:00,CHI,TB,2020,5,False,1.0,-0.09303907687877522,-1.0448977232666743,-1.2358345437393976,0.4040736972757881,2.0385044642857144,-1.222389451650908,-0.9879590162880816
2020_05_ARI_NYJ,2020-10-11T13:00-04:00,NYJ,ARI,2020,5,False,-20.0,-2.706815527466242,-2.2950550892935344,-2.5589061101075137,-1.842446407238711,2.0385044642857144,-2.5700206811738133,-2.376385538463973
2020_05_CAR_ATL,2020-10-11T13:00-04:00,ATL,CAR,2020,5,False,-7.0,4.9564723522457745,4.216893029099002,3.9303556759556626,3.673417252981044,2.0385044642857144,4.060820618081639,4.142609098521692
2020_05_CIN_BAL,2020-10-11T13:00-04:00,BAL,CIN,2020,5,False,24.0,8.062053265947846,9.73042031010977,9.348295690012128,11.699046718777529,2.0385044642857144,9.394201421821538,7.8339348997998455
2020_05_JAX_HOU,2020-10-11T13:00-04:00,HOU,JAX,2020,5,False,16.0,3.074269675046394,3.653736824070552,3.415528359065619,4.238752561058067,2.0385044642857144,3.4804618360251185,2.8757908970957917
2020_05_LA_WAS,2020-10-11T13:00-04:00,WAS,LAR,2020,5,False,-20.0,-9.703648983229595,-8.51898697352221,-8.771317193675069,-5.431124815744456,2.0385044642857144,-8.76607562053547,-8.900231777364386
2020_05_LV_KC,2020-10-11T13:00-04:00,KC,LV,2020,5,False,-8.0,12.686821972644289,12.616012051296556,12.10490408258985,12.005930420384232,2.0385044642857144,12.457836901913927,12.645927705072737
2020_05_PHI_PIT,2020-10-11T13:00-04:00,PIT,PHI,2020,5,False,9.0,3.982362312249842,3.102708552508072,2.933185404649566,3.977885810623651,2.0385044642857144,2.8269144486709674,3.6545924431114365
2020_05_MIA_SF,2020-10-11T16:05-04:00,SF,MIA,2020,5,False,-26.0,7.054360685936049,6.893636062829788,6.817229801490138,8.295752090335602,2.0385044642857144,6.616429920110949,7.159867621783232
2020_05_IND_CLE,2020-10-11T16:25-04:00,CLE,IND,2020,5,False,9.0,-2.424649404459884,-1.792033935496041,-2.3192525909289667,-0.556180653686865,2.0385044642857144,-2.0668887080186207,-2.070143535120005
2020_05_NYG_DAL,2020-10-11T16:25-04:00,DAL,NYG,2020,5,False,3.0,8.182448391350322,9.027521001090522,8.696565432783746,7.577641789798923,2.0385044642857144,8.81271228403659,8.832627847521323
2020_05_MIN_SEA,2020-10-11T20:20-04:00,SEA,MIN,2020,5,False,1.0,5.303948300444796,6.648765929796966,6.415050489487731,4.735644213854616,2.0385044642857144,6.4485385997510125,7.255815233932962
2020_05_LAC_NO,2020-10-12T20:15-04:00,NO,LAC,2020,5,False,3.0,7.90058189635895,7.922403551500146,7.716448583930098,6.288917277237648,2.0385044642857144,7.688458761277634,6.850745784777252
2020_05_BUF_TEN,2020-10-13T19:00-04:00,TEN,BUF,2020,5,False,26.0,3.2921920768664603,2.9194848039597803,2.711842485193725,2.4873203474048498,2.0385044642857144,2.652102692300694,3.5856196998443886
2020_06_ATL_MIN,2020-10-18T13:00-04:00,MIN,ATL,2020,6,False,-17.0,3.4374686170174344,2.7186270375780035,2.5625665916478715,5.435459619129843,2.0385044642857144,2.4302443238544824,1.7593483580585596
2020_06_BAL_PHI,2020-10-18T13:00-04:00,PHI,BAL,2020,6,False,-2.0,-7.516903133321998,-6.960812288392864,-7.175393448791924,-6.087191108793428,2.0385044642857144,-7.17540276309766,-6.653180743157059
2020_06_CHI_CAR,2020-10-18T13:00-04:00,CAR,CHI,2020,6,False,-7.0,1.6651726644405782,2.633537394601817,2.4505902306686034,0.782524487391629,2.0385044642857144,2.3965390372680706,2.208289063841267
2020_06_CIN_IND,2020-10-18T13:00-04:00,IND,CIN,2020,6,False,4.0,8.002544938569374,7.951156941698664,7.856645758153903,7.630230150665756,2.0385044642857144,7.691405727237301,7.7024955259969525
2020_06_CLE_PIT,2020-10-18T13:00-04:00,PIT,CLE,2020,6,False,31.0,5.216138703012481,2.8219121397528104,2.7490773611851687,3.680724946165654,2.0385044642857144,2.653133929376242,2.637062078341237
2020_06_DEN_NE,2020-10-18T13:00-04:00,NE,DEN,2020,6,False,-6.0,11.034863586591523,9.40860104166848,9.203011650938986,6.8441621244001105,2.0385044642857144,9.23951437171376,9.083625613597235
2020_06_DET_JAX,2020-10-18T13:00-04:00,JAX,DET,2020,6,False,-18.0,-1.5765165839204038,-0.6751921360178208,-0.8962151342900266,0.9730017595862686,2.0385044642857144,-0.9267544324304807,-1.0535377418554948
2020_06_HOU_TEN,2020-10-18T13:00-04:00,TEN,HOU,2020,6,False,6.0,8.60144791878834,7.445094272738064,7.224731369156885,6.8987339416574525,2.0385044642857144,7.2360870385862475,8.484106856495758
2020_06_WAS_NYG,2020-10-18T13:00-04:00,NYG,WAS,2020,6,False,1.0,3.090632386732113,4.081617991932419,3.819993387410936,4.318014706671672,2.0385044642857144,3.870584578263768,3.970741706448903
2020_06_NYJ_MIA,2020-10-18T16:05-04:00,MIA,NYJ,2020,6,False,24.0,7.936748352584074,8.327559369389856,8.076474953760808,8.768303277566854,2.0385044642857144,8.09922515293582,7.896442761747595
2020_06_GB_TB,2020-10-18T16:25-04:00,TB,GB,2020,6,False,28.0,-2.311840750187427,-2.76600081924936,-2.96446542597846,-0.21362557849823194,2.0385044642857144,-3.08333762358311,-2.2585605399889817
2020_06_LA_SF,2020-10-18T20:20-04:00,SF,LAR,2020,6,False,8.0,-2.3462135753249447,-1.7479894351338163,-1.9638812889657629,0.5438399101648548,2.0385044642857144,-2.0490760872798317,-1.6231362522237007
2020_06_KC_BUF,2020-10-19T17:00-04:00,BUF,KC,2020,6,False,-9.0,-5.262777197501546,-4.554047781895438,-4.651459615990491,-2.849322811680133,2.0385044642857144,-4.808647011256758,-5.258747249772867
2020_06_ARI_DAL,2020-10-19T20:15-04:00,DAL,ARI,2020,6,False,-28.0,0.6946155610260354,0.8147821423235222,0.6470418505317601,2.546690146202668,2.0385044642857144,0.5172439678980226,0.46754800961683074
2020_07_NYG_PHI,2020-10-22T20:20-04:00,PHI,NYG,2020,7,False,1.0,6.024325238453654,5.682535911214248,5.522562665254858,6.456066290727556,2.0385044642857144,5.468440552047436,4.866503221206814
2020_07_BUF_NYJ,2020-10-25T13:00-04:00,NYJ,BUF,2020,7,False,-8.0,-5.657385051904069,-6.1563840476597,-6.352967721763372,-5.661813726700606,2.0385044642857144,-6.3555811749888225,-6.06421733866387
2020_07_CAR_NO,2020-10-25T13:00-04:00,NO,CAR,2020,7,False,3.0,9.623098294687125,8.750177572315936,8.432219447130496,7.421229357028618,2.0385044642857144,8.551372547972637,7.818600201472183
2020_07_CLE_CIN,2020-10-25T13:00-04:00,CIN,CLE,2020,7,False,-3.0,1.4532343040970788,1.3840983624892957,1.3031430134041109,0.7647906662680106,2.0385044642857144,1.1896484397592135,1.1515059884321346
2020_07_DAL_WAS,2020-10-25T13:00-04:00,WAS,DAL,2020,7,False,22.0,-1.6368490785209753,-2.2083395071694807,-2.4838035466110604,-1.9601591250003816,2.0385044642857144,-2.443328097956501,-2.5589364615191816
2020_07_DET_ATL,2020-10-25T13:00-04:00,ATL,DET,2020,7,False,-1.0,0.785624672918311,2.6797617310096906,2.3648602939362706,3.4639200477231054,2.0385044642857144,2.465130925869776,2.5457034023430145
2020_07_GB_HOU,2020-10-25T13:00-04:00,HOU,GB,2020,7,False,-15.0,-1.0608070069733087,-1.9224122942933133,-2.1009072346518725,-1.7087824809704362,2.0385044642857144,-2.195823084777578,-2.01244118549039
2020_07_PIT_TEN,2020-10-25T13:00-04:00,TEN,PIT,2020,7,False,-3.0,3.4041333517946413,4.179915423252629,3.846785998589459,3.0469996987983867,2.0385044642857144,3.9221934884626486,4.598675067350356
2020_07_TB_LV,2020-10-25T16:05-04:00,LV,TB,2020,7,False,-25.0,-0.7182445991563173,-0.9904729441033495,-1.1022265164100575,-1.8077559625480086,2.0385044642857144,-1.2384359003787815,-1.2756230828598891
2020_07_JAX_LAC,2020-10-25T16:25-04:00,LAC,JAX,2020,7,False,10.0,7.50622333602117,6.853146336115767,6.621415084736328,7.806424221863135,2.0385044642857144,6.654752820117155,6.773041453881323
2020_07_KC_DEN,2020-10-25T16:25-04:00,DEN,KC,2020,7,False,-27.0,-9.990695733860154,-10.337020836367723,-10.416621315625772,-4.2883063088278135,2.0385044642857144,-10.609692475255365,-10.767260869196628
2020_07_SF_NE,2020-10-25T16:25-04:00,NE,SF,2020,7,False,-27.0,2.955579391058169,1.6216468964762323,1.317689252230215,1.7973249847184192,2.0385044642857144,1.4392163108532057,1.072716492203903
2020_07_SEA_ARI,2020-10-25T20:20-04:00,ARI,SEA,2020,7,False,3.0,-0.7095457198813446,-0.24584493921768757,-0.46827046392066096,1.4750448346506806,2.0385044642857144,-0.39360287419602225,-0.5910489749662942
2020_07_CHI_LA,2020-10-26T20:15-04:00,LAR,CHI,2020,7,False,14.0,7.67812453423774,7.540974867849373,7.3774449317717234,5.251965856275154,2.0385044642857144,7.333162897061358,7.077162367077985
2020_08_ATL_CAR,2020-10-29T20:20-04:00,CAR,ATL,2020,8,False,-8.0,-0.07433947805732233,-0.2155692842605969,-0.3651118416028263,1.51029220376812,2.0385044642857144,-0.4983037560754613,-0.560735063865043
2020_08_IND_DET,2020-11-01T13:00-05:00,DET,IND,2020,8,False,-20.0,-0.6628274082477766,-0.37183962991384845,-0.7101815583740579,-0.17226284634042965,2.0385044642857144,-0.5368830969528755,-0.45852019129467103
2020_08_LA_MIA,2020-11-01T13:00-05:00,MIA,LAR,2020,8,False,11.0,-5.353553423547114,-4.317020200569223,-4.663968669776699,-1.206425480029989,2.0385044642857144,-4.5932406885365795,-4.472079103230778
2020_08_LV_CLE,2020-11-01T13:00-05:00,CLE,LV,2020,8,False,-10.0,1.7172271286519933,2.744530483884411,2.372482649650883,3.6311575654906996,2.0385044642857144,2.5350332110578178,2.5361174494374694
2020_08_MIN_GB,2020-11-01T13:00-05:00,GB,MIN,2020,8,False,-6.0,6.890333944163779,8.134517229742727,7.865970965389879,7.42661547818567,2.0385044642857144,8.021762207068672,7.94042997559951
2020_08_NE_BUF,2020-11-01T13:00-05:00,BUF,NE,2020,8,False,3.0,3.332970281716774,3.878777712640649,3.6483918212379836,2.274208083657062,2.0385044642857144,3.64999872265884,3.4842080123789847
2020_08_NYJ_KC,2020-11-01T13:00-05:00,KC,NYJ,2020,8,False,26.0,19.699775490753225,19.24767158671453,18.902457859033895,18.60910208712617,2.0385044642857144,19.016785701407517,19.246798846473638
2020_08_PIT_BAL,2020-11-01T13:00-05:00,BAL,PIT,2020,8,False,-4.0,4.7882658206685,6.659749870088455,6.250509503520806,6.595923859193939,2.0385044642857144,6.351080065666518,5.286061731573395
2020_08_TEN_CIN,2020-11-01T13:00-05:00,CIN,TEN,2020,8,False,11.0,-6.302712562465155,-4.878130816326353,-5.020363079188266,-3.7917683012562513,2.0385044642857144,-5.0805536818849175,-5.639082945431798
2020_08_LAC_DEN,2020-11-01T16:05-05:00,DEN,LAC,2020,8,False,1.0,-3.9117272443232762,-4.09879462485313,-4.307048194957195,0.8887032898738392,2.0385044642857144,-4.392102509502724,-4.430852793719498
2020_08_NO_CHI,2020-11-01T16:25-05:00,CHI,NO,2020,8,False,-3.0,-5.198969449777072,-4.476152073264621,-4.66072340187616,0.13911446968628027,2.0385044642857144,-4.720865066295355,-3.9000902304832072
2020_08_SF_SEA,2020-11-01T16:25-05:00,SEA,SF,2020,8,False,10.0,1.4234691247469622,2.1406073975147404,1.858934940214473,0.8533955994609315,2.0385044642857144,1.914809562041766,1.8719231884270284
2020_08_DAL_PHI,2020-11-01T20:20-05:00,PHI,DAL,2020,8,False,14.0,6.332234925017764,5.550203769448908,5.249157284156768,4.407014694593528,2.0385044642857144,5.282433387480461,4.676645409145976
2020_08_TB_NYG,2020-11-02T20:15-05:00,NYG,TB,2020,8,False,-2.0,-8.085617786955718,-7.4434891209113685,-7.713068202646585,-6.749757675655342,2.0385044642857144,-7.6819551001225355,-7.80184684742158
2020_09_GB_SF,2020-11-05T20:20-05:00,SF,GB,2020,9,False,-17.0,-1.4481482887619241,-0.4039494815233341,-0.5219816634625163,2.601915697552119,2.0385044642857144,-0.7250684442392323,0.12992842522334147
2020_09_BAL_IND,2020-11-08T13:00-05:00,IND,BAL,2020,9,False,-14.0,0.6283738919467532,0.4798132634806884,0.5220285476434777,-1.097912912471556,2.0385044642857144,0.28458644263718835,1.2496402086478333
2020_09_CAR_KC,2020-11-08T13:00-05:00,KC,CAR,2020,9,False,2.0,15.09725177118873,14.575152821667855,14.194126957767146,13.403174510409535,2.0385044642857144,14.416197374339378,14.700328909180799
2020_09_CHI_TEN,2020-11-08T13:00-05:00,TEN,CHI,2020,9,False,7.0,7.953292875451971,8.925724364946758,8.624135472374215,4.520243514699575,2.0385044642857144,8.655122143074472,8.982368912081592
2020_09_DEN_ATL,2020-11-08T13:00-05:00,ATL,DEN,2020,9,False,7.0,6.008106395929019,8.191975239711564,7.871853110954564,4.347353515421451,2.0385044642857144,8.034516102035306,8.080696082890157
2020_09_DET_MIN,2020-11-08T13:00-05:00,MIN,DET,2020,9,False,14.0,4.139642297580251,3.566338819500372,3.336199738533179,5.558662110662109,2.0385044642857144,3.2587285736993232,2.714954751207409
2020_09_HOU_JAX,2020-11-08T13:00-05:00,JAX,HOU,2020,9,False,-2.0,-5.092443769909864,-6.029927522808071,-6.243939775427384,-1.6609967239256846,2.0385044642857144,-6.25814228268625,-5.721926393790838
2020_09_NYG_WAS,2020-11-08T13:00-05:00,WAS,NYG,2020,9,False,-3.0,1.7242149547985783,1.6631285495225967,1.4961815252411963,1.9142507018503618,2.0385044642857144,1.3882096078676738,1.3152613029065459
2020_09_SEA_BUF,2020-11-08T13:00-05:00,BUF,SEA,2020,9,False,10.0,-1.7104757867838385,-1.6963096327624876,-1.9348741266133898,-0.4134234674001602,2.0385044642857144,-1.9031237340390683,-2.3150339683448626
2020_09_LV_LAC,2020-11-08T16:05-05:00,LAC,LV,2020,9,False,-5.0,2.3602375708626098,2.2489928115274203,1.9262413034317254,3.2595375401353035,2.0385044642857144,2.061814625311276,2.1752630171421536
2020_09_MIA_ARI,2020-11-08T16:25-05:00,ARI,MIA,2020,9,False,-3.0,5.081201851222088,5.94319509818628,5.622760232875709,2.8542886408025128,2.0385044642857144,5.6430935163757265,5.569884004151957
2020_09_PIT_DAL,2020-11-08T16:25-05:00,DAL,PIT,2020,9,False,-5.0,-7.239549234288476,-7.261550907347876,-7.538895835085581,-5.208576437023601,2.0385044642857144,-7.465540476387449,-7.3357609855754635
2020_09_NO_TB,2020-11-08T20:20-05:00,TB,NO,2020,9,False,-35.0,0.4524292111210002,1.993068622015073,1.7495021218313078,4.62639964032623,2.0385044642857144,1.7012674760612396,2.2497143555262067
2020_09_NE_NYJ,2020-11-09T20:15-05:00,NYJ,NE,2020,9,False,-3.0,-5.9369981282384945,-5.6994026036569005,-5.962046658863712,-6.738216533778269,2.0385044642857144,-5.955385544271562,-5.800183842877823
2020_10_IND_TEN,2020-11-12T20:20-05:00,TEN,IND,2020,10,False,-17.0,1.885396719616169,2.820277081626654,2.335578019959665,2.480888732063737,2.0385044642857144,2.5567851716755454,3.0268747378739786
2020_10_HOU_CLE,2020-11-15T13:00-05:00,CLE,HOU,2020,10,False,3.0,2.3424393414899574,1.1581335606913485,0.8273926596266143,2.2676377562247363,2.0385044642857144,0.8699852057131663,1.2138372552553973
2020_10_JAX_GB,2020-11-15T13:00-05:00,GB,JAX,2020,10,False,4.0,14.001873949427265,14.228913625721141,14.056288343770234,13.352034594908613,2.0385044642857144,14.048016581987214,13.580636750614847
2020_10_PHI_NYG,2020-11-15T13:00-05:00,NYG,PHI,2020,10,False,10.0,-1.7583162447466827,-0.8697740643433891,-1.1232171201721035,-0.63232961671098,2.0385044642857144,-1.096817014705052,-0.6992318360116643
2020_10_TB_CAR,2020-11-15T13:00-05:00,CAR,TB,2020,10,False,-23.0,-1.860951207199542,-1.1795940906949278,-1.3718851943725525,-2.4779120060289195,2.0385044642857144,-1.407842137297243,-1.4072593005154541
2020_10_WAS_DET,2020-11-15T13:00-05:00,DET,WAS,2020,10,False,3.0,5.633306695031807,4.727845605859255,4.560046894745544,3.9469290735108613,2.0385044642857144,4.491118607816045,4.636682427160958
2020_10_BUF_ARI,2020-11-15T16:05-05:00,ARI,BUF,2020,10,False,2.0,1.0326132315238117,3.031762463543284,2.815873258014464,2.711137838697608,2.0385044642857144,2.8621814827038103,2.9975150296867707
2020_10_DEN_LV,2020-11-15T16:05-05:00,LV,DEN,2020,10,False,25.0,7.010701509974591,7.332364874350922,7.17667721280659,4.153478465325472,2.0385044642857144,7.120219665671375,7.017689941729626
2020_10_LAC_MIA,2020-11-15T16:05-05:00,MIA,LAC,2020,10,False,8.0,2.192307007823069,2.68026730296385,2.4859228783292853,5.2786953958368095,2.0385044642857144,2.467734385192644,2.456626732716607
2020_10_CIN_PIT,2020-11-15T16:25-05:00,PIT,CIN,2020,10,False,26.0,7.679187927418332,5.718531542335974,5.522764942050229,8.82148699134618,2.0385044642857144,5.531918084258644,5.456568626133589
2020_10_SEA_LA,2020-11-15T16:25-05:00,LAR,SEA,2020,10,False,7.0,4.702165701014058,3.587379554942497,3.4228405432988365,3.3199725566906384,2.0385044642857144,3.3609661710234073,3.2648281991588437
2020_10_SF_NO,2020-11-15T16:25-05:00,NO,SF,2020,10,False,14.0,7.06855301886354,6.796878762160462,6.468754337383629,4.682125782202386,2.0385044642857144,6.677896830675616,5.7856275893361575
2020_10_BAL_NE,2020-11-15T20:20-05:00,NE,BAL,2020,10,False,6.0,-3.517071064577981,-5.07824263472247,-5.226589786296698,-4.990272217753748,2.0385044642857144,-5.256910644116368,-4.408109673585949
2020_10_MIN_CHI,2020-11-16T20:15-05:00,CHI,MIN,2020,10,False,-6.0,-2.971617562752386,-2.2855353435120453,-2.4717565565869526,1.075686180031379,2.0385044642857144,-2.4224108114068192,-1.8979147619925434
2020_11_ARI_SEA,2020-11-19T20:20-05:00,SEA,ARI,2020,11,False,7.0,1.6909505537965501,1.3756172235650133,1.2435015659733515,3.4176053882466464,2.0385044642857144,1.1349279704874036,1.213292048678621
2020_11_ATL_NO,2020-11-22T13:00-05:00,NO,ATL,2020,11,False,15.0,2.6905052184736933,2.0101105682911107,1.9087954894567307,7.290390907177737,2.0385044642857144,1.8396481425641769,1.3952606391490012
2020_11_CIN_WAS,2020-11-22T13:00-05:00,WAS,CIN,2020,11,False,11.0,-1.449012020061448,-0.503152683993239,-0.7925005280512929,1.3787079135280265,2.0385044642857144,-0.697032583722222,-0.8411496308602606
2020_11_DET_CAR,2020-11-22T13:00-05:00,CAR,DET,2020,11,False,20.0,-2.0612684934237144,-1.0845554647119777,-1.3752833866939844,2.6377907260689892,2.0385044642857144,-1.3628788196814139,-1.2195041111048255
2020_11_NE_HOU,2020-11-22T13:00-05:00,HOU,NE,2020,11,False,7.0,0.3008542496325983,1.7078213296830875,1.472434801487285,-0.29967666542192584,2.0385044642857144,1.4854149802035186,1.2051726136262246
2020_11_PHI_CLE,2020-11-22T13:00-05:00,CLE,PHI,2020,11,False,5.0,1.80618248677133,2.7073909270320717,2.441408358435531,1.5460441056987904,2.0385044642857144,2.4868637252931167,2.9776810002253606
2020_11_PIT_JAX,2020-11-22T13:00-05:00,JAX,PIT,2020,11,False,-24.0,-10.263701598808815,-8.872498465989397,-9.384710201607744,-8.219749350272469,2.0385044642857144,-9.199471052573212,-9.150514243003869
2020_11_TEN_BAL,2020-11-22T13:00-05:00,BAL,TEN,2020,11,False,-6.0,6.2167458665214905,5.1772800696684635,4.973662163006739,8.689133482110334,2.0385044642857144,4.958678613679019,3.689766050757635
2020_11_MIA_DEN,2020-11-22T16:05-05:00,DEN,MIA,2020,11,False,7.0,-6.1254981543412015,-6.397415021716993,-6.7157048186089865,-3.1568786155895285,2.0385044642857144,-6.6617534589658245,-6.612633966807648
2020_11_NYJ_LAC,2020-11-22T16:05-05:00,LAC,NYJ,2020,11,False,6.0,10.197264983543763,10.018602858475443,9.86440281302647,9.874133177774837,2.0385044642857144,9.850003539187746,9.792856856562562
2020_11_DAL_MIN,2020-11-22T16:25-05:00,MIN,DAL,2020,11,False,-3.0,8.727197476436439,7.978665857983132,7.807659463421851,7.6775710685655625,2.0385044642857144,7.778751855364228,7.526155951536958
2020_11_GB_IND,2020-11-22T16:25-05:00,IND,GB,2020,11,False,3.0,1.5300775429323095,0.9429227216597968,1.0321042194412677,1.8998071929113207,2.0385044642857144,0.6911221806103716,1.0207765442766101
2020_11_KC_LV,2020-11-22T20:20-05:00,LV,KC,2020,11,False,-4.0,-4.342271499549921,-4.9115567310441755,-4.905269229893928,-4.024508331771093,2.0385044642857144,-5.158854180426406,-5.542049879533849
2020_11_LA_TB,2020-11-23T20:15-05:00,TB,LAR,2020,11,False,-3.0,0.4030320393461512,1.49106004979299,1.1462854118654042,3.798027630786586,2.0385044642857144,1.1909441692134453,1.2146787324547939
2020_12_HOU_DET,2020-11-26T12:30-05:00,DET,HOU,2020,12,False,-16.0,-1.2132483804121468,-2.0675867744518848,-2.199055856521066,-0.8000758642465371,2.0385044642857144,-2.321385042576748,-1.992599575919187
2020_12_WAS_DAL,2020-11-26T16:30-05:00,DAL,WAS,2020,12,False,-25.0,1.567060973268925,1.3034161670620166,1.09161940437994,3.6330985056541483,2.0385044642857144,0.9839343588161569,0.992789371068608
2020_12_ARI_NE,2020-11-29T13:00-05:00,NE,ARI,2020,12,False,3.0,0.8442189093749948,-0.05299095889358563,-0.21799541264553102,1.9432218903142155,2.0385044642857144,-0.26696368217281463,-0.29193548544511816
2020_12_CAR_MIN,2020-11-29T13:00-05:00,MIN,CAR,2020,12,False,1.0,5.536369135047799,5.129534750902465,4.871649397560581,5.185784686322228,2.0385044642857144,4.831271286078468,4.597369270680657
2020_12_CLE_JAX,2020-11-29T13:00-05:00,JAX,CLE,2020,12,False,-2.0,-4.157729385331233,-3.9542907447337328,-4.190360125176298,-2.275575036028722,2.0385044642857144,-4.212577363291632,-4.129184019311364
2020_12_LAC_BUF,2020-11-29T13:00-05:00,BUF,LAC,2020,12,False,10.0,2.996150473777011,2.901649302453526,2.6022979523569347,5.09169607336901,2.0385044642857144,2.6036150211311657,2.3890337449630383
2020_12_LV_ATL,2020-11-29T13:00-05:00,ATL,LV,2020,12,False,37.0,-2.6608498054458822,-1.4384340895053196,-1.7691229163991793,1.0117132159382605,2.0385044642857144,-1.5926417241911754,-1.5093197700667078
2020_12_MIA_NYJ,2020-11-29T13:00-05:00,NYJ,MIA,2020,12,False,-17.0,-5.206052459753753,-5.659487131591979,-5.795057482065353,-7.008698379733797,2.0385044642857144,-5.939463681677417,-5.895574184730783
2020_12_NYG_CIN,2020-11-29T13:00-05:00,CIN,NYG,2020,12,False,-2.0,-0.7735259214990079,-0.9880764155163823,-1.162620648940581,0.8504032358193738,2.0385044642857144,-1.1509668221134366,-1.0698368559925262
2020_12_TEN_IND,2020-11-29T13:00-05:00,IND,TEN,2020,12,False,-19.0,1.2806937126536195,2.6033569088765827,2.5371998444273394,4.4220740271192,2.0385044642857144,2.3590431364821405,1.7520581058979048
2020_12_NO_DEN,2020-11-29T16:05-05:00,DEN,NO,2020,12,False,-28.0,-6.0397153813644975,-5.926583912724327,-6.148454055431061,-5.852096181078426,2.0385044642857144,-6.165056696702613,-5.693111489904264
2020_12_SF_LA,2020-11-29T16:05-05:00,LAR,SF,2020,12,False,-3.0,7.383275784939836,7.248645674674176,7.082127513251539,5.219190430385844,2.0385044642857144,7.165380726119793,6.891821174153188
2020_12_KC_TB,2020-11-29T16:25-05:00,TB,KC,2020,12,False,-3.0,-5.517601634235124,-4.367973158951267,-4.454922053274284,-0.7228002752453468,2.0385044642857144,-4.626537143720649,-4.933880402974067
2020_12_CHI_GB,2020-11-29T20:20-05:00,GB,CHI,2020,12,False,16.0,7.493487561593913,7.820647895271658,7.597691281220014,7.420739720395064,2.0385044642857144,7.59583809815044,7.23094779724296
2020_12_SEA_PHI,2020-11-30T20:15-05:00,PHI,SEA,2020,12,False,-6.0,-2.5171024680800462,-3.1626781374196975,-3.345689337072948,-1.1915423101910703,2.0385044642857144,-3.3500167496864206,-3.9249205077843037
2020_12_BAL_PIT,2020-12-02T15:40-05:00,PIT,BAL,2020,12,False,5.0,6.901367667616766,5.837662440772493,5.527891923446738,3.4080276572121555,2.0385044642857144,5.615085108880997,6.174428938117764
2020_13_CIN_MIA,2020-12-06T13:00-05:00,MIA,CIN,2020,13,False,12.0,8.318918687172525,8.852951934919421,8.75994647780502,8.915937378944918,2.0385044642857144,8.698518950413936,8.933610082981208
2020_13_CLE_TEN,2020-12-06T13:00-05:00,TEN,CLE,2020,13,False,-6.0,7.717237807965442,7.545620246280579,7.247858152199258,7.438088922399089,2.0385044642857144,7.315484390627305,7.680890662125071
2020_13_DET_CHI,2020-12-06T13:00-05:00,CHI,DET,2020,13,False,-4.0,4.489800995678346,4.589636752063631,4.360931503707263,6.739607675861098,2.0385044642857144,4.41210944201873,4.5102683591764
2020_13_IND_HOU,2020-12-06T13:00-05:00,HOU,IND,2020,13,False,-6.0,0.9287526378260353,1.5203378972778054,1.0341306874050586,0.21143645340840234,2.0385044642857144,1.2888347329288545,1.0634368374191707
2020_13_JAX_MIN,2020-12-06T13:00-05:00,MIN,JAX,2020,13,False,3.0,9.964681321797666,9.85510959847575,9.617808222328065,9.47974096112976,2.0385044642857144,9.601890514943731,9.36253798961332
2020_13_LV_NYJ,2020-12-06T13:00-05:00,NYJ,LV,2020,13,False,-3.0,-5.935538874068836,-6.401305689735329,-6.651440508611932,-6.018249872041752,2.0385044642857144,-6.586705632625453,-6.636515562183213
2020_13_NO_ATL,2020-12-06T13:00-05:00,ATL,NO,2020,13,False,-5.0,0.25616478587359914,0.9547006778920335,0.6711855698457581,-3.4468322711010764,2.0385044642857144,0.7286124851887847,1.1211628970899103
2020_13_LA_ARI,2020-12-06T16:05-05:00,ARI,LAR,2020,13,False,-10.0,0.2692440547390702,1.0667556690648738,0.7352800233710349,-0.03093280557167999,2.0385044642857144,0.8537714655201949,0.7513741421837941
2020_13_NYG_SEA,2020-12-06T16:05-05:00,SEA,NYG,2020,13,False,-5.0,8.55940025666337,8.101967202455103,7.944278618685698,7.616829876372029,2.0385044642857144,7.907451206113389,8.083500705059777
2020_13_NE_LAC,2020-12-06T16:25-05:00,LAC,NE,2020,13,False,-45.0,2.76356839966426,3.096601719054108,2.8751461403912435,0.18191331658155097,2.0385044642857144,2.871950643998278,3.1053816959511282
2020_13_PHI_GB,2020-12-06T16:25-05:00,GB,PHI,2020,13,False,14.0,9.308147562049422,10.777251392517218,10.431476868171782,8.842875045391525,2.0385044642857144,10.549542339822418,10.760586488121014
2020_13_DEN_KC,2020-12-06T20:20-05:00,KC,DEN,2020,13,False,6.0,19.66058159734225,19.50245955663386,19.194253978755064,14.585172755401118,2.0385044642857144,19.305163290762934,19.620429963697546
2020_13_WAS_PIT,2020-12-07T17:00-05:00,PIT,WAS,2020,13,False,-6.0,8.953814418489596,8.934594344753698,8.732087261524946,11.600875847069481,2.0385044642857144,8.72983589960282,8.589733341676112
2020_13_BUF_SF,2020-12-07T20:15-05:00,SF,BUF,2020,13,True,-10.0,-4.142025895145907,-3.9305414766266904,-1.6854464284334154,0.43302735403141956,2.0385044642857144,-1.8238491205058802,-1.40914517549413
2020_13_DAL_BAL,2020-12-08T20:05-05:00,BAL,DAL,2020,13,False,17.0,13.445503651129455,12.1697051910279,11.95666804431837,12.320953832785001,2.0385044642857144,11.993207069514721,11.444904233844222
2020_14_NE_LA,2020-12-10T20:20-05:00,LAR,NE,2020,14,False,21.0,6.18697842146891,5.762703362766888,5.604547191621514,4.67687423838672,2.0385044642857144,5.551584786582646,5.685215008085642
2020_14_ARI_NYG,2020-12-13T13:00-05:00,NYG,ARI,2020,14,False,-19.0,-1.6563921505024486,-1.0977775400112442,-1.327901710216852,0.9719696689097499,2.0385044642857144,-1.3860168911994417,-1.5359425267007898
2020_14_DAL_CIN,2020-12-13T13:00-05:00,CIN,DAL,2020,14,False,-23.0,1.0870003113052351,0.9474593712464234,0.6888524862421976,2.4508432911225704,2.0385044642857144,0.6763384069527969,0.6634665721106141
2020_14_DEN_CAR,2020-12-13T13:00-05:00,CAR,DEN,2020,14,False,-5.0,8.205794984346928,9.014313683083765,8.798601004823794,4.695734157443154,2.0385044642857144,8.734338580686483,8.74371076846228
2020_14_HOU_CHI,2020-12-13T13:00-05:00,CHI,HOU,2020,14,False,29.0,-0.8337167537993158,-1.8190405795355251,-2.0252965571690402,0.8199303495675889,2.0385044642857144,-2.037339796661437,-1.8395370514550424
2020_14_KC_MIA,2020-12-13T13:00-05:00,MIA,KC,2020,14,False,-6.0,-6.888028991051488,-5.866342160849371,-5.812464947737705,-2.327285657395837,2.0385044642857144,-6.060236289927973,-6.3909215679923195
2020_14_MIN_TB,2020-12-13T13:00-05:00,TB,MIN,2020,14,False,12.0,4.117071353794366,4.416597702415775,4.085812616457826,6.609233996055172,2.0385044642857144,4.144847335552536,4.352622998795485
2020_14_TEN_JAX,2020-12-13T13:00-05:00,JAX,TEN,2020,14,False,-21.0,-7.231613773314732,-8.080588814831433,-8.15103528212702,-5.678490461758839,2.0385044642857144,-8.351535230099882,-8.644633330116804
2020_14_IND_LV,2020-12-13T16:05-05:00,LV,IND,2020,14,False,-17.0,-1.9379926145610389,-1.2290129412407262,-1.6366546793655914,-0.8108756468547469,2.0385044642857144,-1.4915589168416097,-1.4655123304723894
2020_14_NYJ_SEA,2020-12-13T16:05-05:00,SEA,NYJ,2020,14,False,37.0,13.511775477076092,12.139001641208804,12.022006146976686,13.112812388623338,2.0385044642857144,11.952381921756,12.111360450474843
2020_14_ATL_LAC,2020-12-13T16:25-05:00,LAC,ATL,2020,14,False,3.0,1.486368787907315,-0.6587811617502346,-0.8076839090184378,-1.739237480181341,2.0385044642857144,-0.922030738662732,-0.9654144452758445
2020_14_GB_DET,2020-12-13T16:25-05:00,DET,GB,2020,14,False,-7.0,-9.735520969881133,-8.635942879268885,-8.794192475908016,-7.528550234102955,2.0385044642857144,-8.869180646828443,-8.677191363382482
2020_14_NO_PHI,2020-12-13T16:25-05:00,PHI,NO,2020,14,False,3.0,-5.375137016683272,-5.610744179469844,-5.791284533926943,-6.607434904252184,2.0385044642857144,-5.912202063241239,-5.895256839676426
2020_14_WAS_SF,2020-12-13T16:25-05:00,SF,WAS,2020,14,True,-8.0,-2.7182275905795397,-2.516516523909714,-0.40390275282797306,2.205526091429678,2.0385044642857144,-0.4856698764816836,-0.19757772313499786
2020_14_PIT_BUF,2020-12-13T20:20-05:00,BUF,PIT,2020,14,False,11.0,-0.6563715431221637,-0.5461694114534033,-0.8895206110012825,-0.6232916295060882,2.0385044642857144,-0.860064706060227,-0.9802438199787581
2020_14_BAL_CLE,2020-12-14T20:15-05:00,CLE,BAL,2020,14,False,-5.0,-2.927654089664804,-2.599878132295711,-2.7263368634494016,-4.147526249844979,2.0385044642857144,-2.8062833884663023,-2.3012700395562757
2020_15_LAC_LV,2020-12-17T20:20-05:00,LV,LAC,2020,15,False,-3.0,1.1663035726724877,1.644272929434455,1.3751861089007025,3.5480159660078736,2.0385044642857144,1.3772186361774694,1.350254202653219
2020_15_BUF_DEN,2020-12-19T16:30-05:00,DEN,BUF,2020,15,False,-29.0,-7.9901013522651105,-8.121763819082497,-8.339581113454692,-3.6606364177942403,2.0385044642857144,-8.35607184728531,-8.317765015313231
2020_15_CAR_GB,2020-12-19T20:15-05:00,GB,CAR,2020,15,False,8.0,9.69384559203235,9.76398258657699,9.53358518325886,9.825509325228735,2.0385044642857144,9.588369234270145,9.318709272352965
2020_15_CHI_MIN,2020-12-20T13:00-05:00,MIN,CHI,2020,15,False,-6.0,3.4338905314416577,3.2943689406323737,3.067937625818601,2.929542139636102,2.0385044642857144,2.9836991792870315,2.8887789946400066
2020_15_DET_TEN,2020-12-20T13:00-05:00,TEN,DET,2020,15,False,21.0,13.055184626402099,10.82303507975321,10.49728655149504,10.742698707022807,2.0385044642857144,10.580687436716913,10.94143225159008
2020_15_HOU_IND,2020-12-20T13:00-05:00,IND,HOU,2020,15,False,7.0,7.54732592556123,6.718623986002813,6.67026967219631,8.434463341088751,2.0385044642857144,6.446045485613114,6.69370765409721
2020_15_JAX_BAL,2020-12-20T13:00-05:00,BAL,JAX,2020,15,False,26.0,12.153608033914862,12.61917234044394,12.32723956866407,15.616689874194305,2.0385044642857144,12.387016139845354,11.90434561734719
2020_15_NE_MIA,2020-12-20T13:00-05:00,MIA,NE,2020,15,False,10.0,1.828944558020421,3.1508630541255185,3.04587410267025,3.695154464228841,2.0385044642857144,2.9071047653608844,2.9228954222811048
2020_15_SEA_WAS,2020-12-20T13:00-05:00,WAS,SEA,2020,15,False,-5.0,-4.363244331429629,-2.6577189968913713,-2.8793228776398205,-1.1265627706249468,2.0385044642857144,-2.9213488713930573,-3.1219973667687366
2020_15_SF_DAL,2020-12-20T13:00-05:00,DAL,SF,2020,15,False,8.0,-0.09738007081368205,0.6203391658764148,0.30053895971284617,-0.9780072799896398,2.0385044642857144,0.42747774281092,0.09100267281116628
2020_15_TB_ATL,2020-12-20T13:00-05:00,ATL,TB,2020,15,False,-4.0,-1.9252811647033177,-0.7522838552538611,-1.048921786861274,-1.4917664524421044,2.0385044642857144,-0.9096845808622364,-0.8203020854697167
2020_15_NYJ_LA,2020-12-20T16:05-05:00,LAR,NYJ,2020,15,False,-3.0,17.081351575039058,16.655907988032546,16.49682729409274,18.167064641654285,2.0385044642857144,16.46847528578851,16.544884735962913
2020_15_PHI_ARI,2020-12-20T16:05-05:00,ARI,PHI,2020,15,False,7.0,8.51434115466272,8.878812871208625,8.613714082910192,5.434398138053487,2.0385044642857144,8.726581800297055,8.932073983710318
2020_15_KC_NO,2020-12-20T16:25-05:00,NO,KC,2020,15,False,-3.0,-0.3361630623306642,-0.4244826496475286,-0.5481365897712824,1.5312877684855861,2.0385044642857144,-0.6630411042305113,-1.4211109544929448
2020_15_CLE_NYG,2020-12-20T20:20-05:00,NYG,CLE,2020,15,False,-14.0,-3.5679867388953403,-3.8429208585090895,-4.0983753629464585,0.3963207760542593,2.0385044642857144,-4.114941249840982,-4.184545367720529
2020_15_PIT_CIN,2020-12-21T20:15-05:00,CIN,PIT,2020,15,False,10.0,-12.636115028101237,-10.788887881246925,-11.086451634719474,-8.17604995209072,2.0385044642857144,-11.061099640746349,-11.329042171913013
2020_16_MIN_NO,2020-12-25T16:30-05:00,NO,MIN,2020,16,False,19.0,6.773797193866092,6.932493431491405,6.634558491732224,9.570644145671682,2.0385044642857144,6.750181915704879,6.617676924467382
2020_16_TB_DET,2020-12-26T13:00-05:00,DET,TB,2020,16,False,-40.0,-7.243098966217161,-5.901759449282032,-6.146694780928742,-7.89383140624734,2.0385044642857144,-6.078227117003209,-6.197328056715143
2020_16_SF_ARI,2020-12-26T16:30-05:00,ARI,SF,2020,16,False,-8.0,7.709976413724409,6.2239802620856075,6.054712208689889,4.544258939897189,2.0385044642857144,6.079153794446226,5.808006227591518
2020_16_MIA_LV,2020-12-26T20:15-05:00,LV,MIA,2020,16,False,-1.0,-0.2882886980309707,-0.989516706169562,-1.3572982535937204,-2.349512551138247,2.0385044642857144,-1.2957446954352714,-1.250787797861842
2020_16_ATL_KC,2020-12-27T13:00-05:00,KC,ATL,2020,16,False,3.0,10.948069843846264,9.578280514210238,9.278999555388864,9.811368953848277,2.0385044642857144,9.313518502931286,9.597542821370046
2020_16_CHI_JAX,2020-12-27T13:00-05:00,JAX,CHI,2020,16,False,-24.0,-5.048130465424505,-5.99556724108818,-6.194434210123934,-5.271507362304553,2.0385044642857144,-6.289579755360354,-6.180958916112911
2020_16_CIN_HOU,2020-12-27T13:00-05:00,HOU,CIN,2020,16,False,-6.0,7.333171316004683,7.734953659481775,7.561126206532675,5.266707220815684,2.0385044642857144,7.5151427346347255,7.3340581328630945
2020_16_CLE_NYJ,2020-12-27T13:00-05:00,NYJ,CLE,2020,16,False,7.0,-6.81356099208179,-7.488772436872259,-7.7693609833685535,-6.574012550688693,2.0385044642857144,-7.748553520673665,-7.738274974729823
2020_16_IND_PIT,2020-12-27T13:00-05:00,PIT,IND,2020,16,False,4.0,0.9770310259502857,-0.17704411478543614,-0.45434205151754004,1.963641398535989,2.0385044642857144,-0.3196430930409533,-0.19990624793182232
2020_16_NYG_BAL,2020-12-27T13:00-05:00,BAL,NYG,2020,16,False,14.0,13.511213023500677,13.280471774261649,13.01898120726267,13.23754885395347,2.0385044642857144,13.026322179640381,12.359493675452773
2020_16_CAR_WAS,2020-12-27T16:05-05:00,WAS,CAR,2020,16,False,-7.0,1.7206868455337738,2.2130092327111477,2.0627748110759327,4.048056136513573,2.0385044642857144,2.0103713579682605,1.8958880997011618
2020_16_DEN_LAC,2020-12-27T16:05-05:00,LAC,DEN,2020,16,False,3.0,9.334584207231586,9.7871523965413,9.579753276270882,4.52501484012946,2.0385044642857144,9.581134269435482,9.649756009866067
2020_16_LA_SEA,2020-12-27T16:25-05:00,SEA,LAR,2020,16,False,11.0,3.3903115953460343,2.785631597303588,2.593867890680789,2.23625553917218,2.0385044642857144,2.539198782446572,2.5512145957561767
2020_16_PHI_DAL,2020-12-27T16:25-05:00,DAL,PHI,2020,16,False,20.0,0.941964080568896,2.34711217959648,2.077606971755749,1.4936732894570801,2.0385044642857144,2.144989238609193,2.275964505164992
2020_16_TEN_GB,2020-12-27T20:20-05:00,GB,TEN,2020,16,False,26.0,1.5462790836076417,1.7206837955558731,1.5696958879817682,3.300358195599262,2.0385044642857144,1.519120770008689,1.0785132770494412
2020_16_BUF_NE,2020-12-28T20:15-05:00,NE,BUF,2020,16,False,-29.0,-3.6646939162956014,-4.053501272527091,-4.2054840377484055,-1.861176750014356,2.0385044642857144,-4.2340375733812,-4.138184480531553
2020_17_ATL_TB,2021-01-03T13:00-05:00,TB,ATL,2020,17,False,17.0,6.311518741975648,5.936404062314445,5.811912668995603,7.857148813037168,2.0385044642857144,5.633194740790488,5.530244815500526
2020_17_BAL_CIN,2021-01-03T13:00-05:00,CIN,BAL,2020,17,False,-35.0,-8.84059040209321,-9.266358806762076,-9.57089295453207,-8.263628305427243,2.0385044642857144,-9.483537588449295,-8.890816448728586
2020_17_DAL_NYG,2021-01-03T13:00-05:00,NYG,DAL,2020,17,False,4.0,-0.3107598354174176,-0.5295737906845329,-0.7278023220076608,-0.4905631906325967,2.0385044642857144,-0.7437132254367419,-0.8298199669847108
2020_17_MIA_BUF,2021-01-03T13:00-05:00,BUF,MIA,2020,17,False,30.0,6.796127017260295,6.958517402590323,6.63649529230363,6.321508896755209,2.0385044642857144,6.739647721606943,6.705627287148956
2020_17_MIN_DET,2021-01-03T13:00-05:00,DET,MIN,2020,17,False,-2.0,-4.935534112495166,-4.397590337185509,-4.610819386997262,-2.9109476439862716,2.0385044642857144,-4.539617935118718,-4.596283809921751
2020_17_NYJ_NE,2021-01-03T13:00-05:00,NE,NYJ,2020,17,False,14.0,5.797693483267477,5.78434826846565,5.564225417055466,9.050807182541085,2.0385044642857144,5.570404771806168,5.722874488239202
2020_17_PIT_CLE,2021-01-03T13:00-05:00,CLE,PIT,2020,17,False,2.0,1.8104133765518968,1.7555564544499425,1.427318656355481,-1.543394298253224,2.0385044642857144,1.4846779590849015,1.4549199071592671
2020_17_ARI_LA,2021-01-03T16:25-05:00,LAR,ARI,2020,17,False,11.0,4.115250851403858,4.389285824655233,4.159503059843033,4.9187480379729065,2.0385044642857144,4.223645610453223,4.3077560819340555
2020_17_GB_CHI,2021-01-03T16:25-05:00,CHI,GB,2020,17,False,-19.0,-3.235120477004572,-4.301143033438746,-4.493919556561819,-2.64897663437128,2.0385044642857144,-4.517688433441688,-4.383677139694635
2020_17_JAX_IND,2021-01-03T16:25-05:00,IND,JAX,2020,17,False,14.0,14.33925216465999,15.046615106537324,14.950871419268118,15.36064999548871,2.0385044642857144,14.838311458496559,14.830084365677616
2020_17_LAC_KC,2021-01-03T16:25-05:00,KC,LAC,2020,17,False,-17.0,3.8762962539743855,4.866632091813269,4.674902716565957,12.264025539956073,2.0385044642857144,4.674670313215072,4.6690156053873695
2020_17_LV_DEN,2021-01-03T16:25-05:00,DEN,LV,2020,17,False,-1.0,-3.8111010190456756,-3.708102421494508,-3.93842087091233,0.4223342604381881,2.0385044642857144,-3.917674242949717,-3.9922470979553486
2020_17_NO_CAR,2021-01-03T16:25-05:00,CAR,NO,2020,17,False,-26.0,-6.015401152301349,-4.765794911754128,-4.958446308809814,-5.537421787444462,2.0385044642857144,-4.980440630924572,-4.740131448853104
2020_17_SEA_SF,2021-01-03T16:25-05:00,SF,SEA,2020,17,True,-3.0,-11.240007252622059,-8.688967209766794,-6.716720146621096,-3.6321853451818704,2.0385044642857144,-6.632786821521735,-6.511899163657953
2020_17_TEN_HOU,2021-01-03T16:25-05:00,HOU,TEN,2020,17,False,-3.0,-4.540851936397417,-3.654699812115583,-3.8178369456869468,-2.9803196876189926,2.0385044642857144,-3.8955638083049187,-4.225110543252888
2020_17_WAS_PHI,2021-01-03T20:20-05:00,PHI,WAS,2020,17,False,-6.0,-2.1131270979158665,-0.6621978330710936,-0.9448731049562429,1.107504653418657,2.0385044642857144,-1.0065551773233552,-1.2973785009920893
2021_01_DAL_TB,2021-09-09T20:20-04:00,TB,DAL,2021,1,False,2.0,9.938847057753751,6.1983049604720595,6.222602671461901,6.644894719355273,1.79052734375,5.99961749464355,7.45488955231583
2021_01_ARI_TEN,2021-09-12T13:00-04:00,TEN,ARI,2021,1,False,-25.0,2.392281876438869,4.182113450597809,3.912393070720223,3.6327722857940827,1.79052734375,3.936800396960414,3.5017755265823203
2021_01_JAX_HOU,2021-09-12T13:00-04:00,HOU,JAX,2021,1,False,16.0,1.2228476699110473,4.715138106387729,4.284628002049654,5.672777618010834,1.79052734375,4.209160804772379,4.019033761102821
2021_01_LAC_WAS,2021-09-12T13:00-04:00,WAS,LAC,2021,1,False,-4.0,-2.3314961823054423,1.8481122544571895,1.6603021805651141,2.61008164069027,1.79052734375,1.7092110194678596,1.041244423852245
2021_01_MIN_CIN,2021-09-12T13:00-04:00,CIN,MIN,2021,1,False,3.0,1.921934318512989,-0.20635063456309455,-0.3366314104689372,0.6908232524848799,1.79052734375,-0.28292169578156035,-0.08504335818541264
2021_01_NYJ_CAR,2021-09-12T13:00-04:00,CAR,NYJ,2021,1,False,5.0,4.789012759228227,3.427803340320289,3.207558424174005,5.164714209763986,1.79052734375,3.1850830891828785,3.12125410546259
2021_01_PHI_ATL,2021-09-12T13:00-04:00,ATL,PHI,2021,1,False,-26.0,9.145864531984381,5.984894247319153,5.76810043217789,4.263552926688213,1.79052734375,5.8613766196784916,6.035825665323566
2021_01_PIT_BUF,2021-09-12T13:00-04:00,BUF,PIT,2021,1,False,-7.0,6.133440533917696,4.924599384573494,4.590735599522388,4.79821676929291,1.79052734375,4.66781626219854,4.8100202308996725
2021_01_SEA_IND,2021-09-12T13:00-04:00,IND,SEA,2021,1,False,-12.0,1.9011185502359584,0.05300540677717391,-0.22427718149401787,2.1075124273615535,1.79052734375,-0.19375775931843742,1.0133267774815162
2021_01_SF_DET,2021-09-12T13:00-04:00,DET,SF,2021,1,False,-8.0,-0.26741593723201773,-2.9819244570918446,-3.3445681272532246,-1.3948959893194433,1.79052734375,-3.3645959499629177,-3.1697527147067914
2021_01_CLE_KC,2021-09-12T16:25-04:00,KC,CLE,2021,1,False,4.0,12.855528190115304,5.832112388309115,5.454057307917848,5.561173270691322,1.79052734375,5.658717022135221,4.592927498707307
2021_01_DEN_NYG,2021-09-12T16:25-04:00,NYG,DEN,2021,1,False,-14.0,3.0208833315749986,2.249288096919646,1.8867312779892416,2.9066970570695347,1.79052734375,1.7912569462520431,1.6783156978027511
2021_01_GB_NO,2021-09-12T16:25-04:00,NO,GB,2021,1,True,35.0,-5.562841454726669,-5.8215070813090595,-3.4569742960646725,0.29400815940820024,1.79052734375,-3.4659070566159684,-2.993227406547188
2021_01_MIA_NE,2021-09-12T16:25-04:00,NE,MIA,2021,1,False,-1.0,-0.5107218141230039,-1.3579434000062753,-1.4902331600236716,1.6657608040251364,1.79052734375,-1.5136342920386405,-1.4550021502537072
2021_01_CHI_LA,2021-09-12T20:20-04:00,LAR,CHI,2021,1,False,20.0,6.858078033196721,5.7633211824731,5.66212833517019,4.320906237655777,1.79052734375,5.722701053699538,4.856490705709627
2021_01_BAL_LV,2021-09-13T20:15-04:00,LV,BAL,2021,1,False,6.0,-7.2798867746875775,-5.666578569737368,-5.7982836554266015,-2.7687512610372673,1.79052734375,-5.832230381711419,-3.9424813902974476
2021_02_NYG_WAS,2021-09-16T20:20-04:00,WAS,NYG,2021,2,False,1.0,5.041179859913059,4.517223079159347,4.302600252089882,4.677099581670633,1.79052734375,4.378739556778596,4.103536479845162
2021_02_BUF_MIA,2021-09-19T13:00-04:00,MIA,BUF,2021,2,False,-35.0,-2.2352461712911844,-2.3344317738625016,-2.468197736242024,0.17404386962124896,1.79052734375,-2.530220699217672,-1.8956312281393581
2021_02_CIN_CHI,2021-09-19T13:00-04:00,CHI,CIN,2021,2,False,3.0,2.8943110261098495,2.761166912737397,2.577907357164939,3.8919175288196253,1.79052734375,2.5418471480827356,2.3210178970968363
2021_02_DEN_JAX,2021-09-19T13:00-04:00,JAX,DEN,2021,2,False,-10.0,-4.309103103936363,-3.8365830027488528,-4.03589130841064,-1.8952639711704435,1.79052734375,-4.049806929737831,-3.9840495793646964
2021_02_HOU_CLE,2021-09-19T13:00-04:00,CLE,HOU,2021,2,False,10.0,6.924861693727327,4.551279453457605,4.541058047137044,3.0447970529910364,1.79052734375,4.432523928608029,5.479453120183869
2021_02_LA_IND,2021-09-19T13:00-04:00,IND,LAR,2021,2,False,-3.0,-4.989976534626896,-3.2751828034715933,-3.4819810693722766,0.14717166826146055,1.79052734375,-3.5362623363485546,-2.7256712186461964
2021_02_LV_PIT,2021-09-19T13:00-04:00,PIT,LV,2021,2,False,-9.0,6.283800682751738,5.450767804084484,5.396609611500722,5.359952891671191,1.79052734375,5.374215838973168,4.462544353001577
2021_02_NE_NYJ,2021-09-19T13:00-04:00,NYJ,NE,2021,2,False,-19.0,-2.9459962517543503,-0.9982836011313301,-1.3460042149565457,-0.9343074265457765,1.79052734375,-1.3764996119132098,-1.3780825460746016
2021_02_NO_CAR,2021-09-19T13:00-04:00,CAR,NO,2021,2,False,19.0,-8.30863536424431,-7.8688644134628145,-7.946619009140533,-4.531064459454529,1.79052734375,-8.034612025299985,-7.895039488563106
2021_02_SF_PHI,2021-09-19T13:00-04:00,PHI,SF,2021,2,False,-6.0,-0.3421155847679658,-0.0055554659532194295,-0.25187056917113226,1.4874921236357976,1.79052734375,-0.14148953026712663,-0.2702484529537743
2021_02_ATL_TB,2021-09-19T16:05-04:00,TB,ATL,2021,2,False,23.0,6.8615672431113905,5.910016435854384,5.718990915409435,7.015921141589151,1.79052734375,5.634435240880448,7.003599552229794
2021_02_MIN_ARI,2021-09-19T16:05-04:00,ARI,MIN,2021,2,False,1.0,3.1818587685118342,3.8443799006021675,3.6135940567227633,5.260487647124881,1.79052734375,3.7789597444002756,3.905753414899248
2021_02_DAL_LAC,2021-09-19T16:25-04:00,LAC,DAL,2021,2,False,-3.0,1.822888896340677,2.388900264858499,2.4755961214865687,2.783671447833189,1.79052734375,2.239199834373613,2.2568351247808973
2021_02_TEN_SEA,2021-09-19T16:25-04:00,SEA,TEN,2021,2,False,-3.0,5.8281560682377,5.756893343248169,5.9042567281729035,5.8644137675243595,1.79052734375,5.650762565934913,4.998551438303926
2021_02_KC_BAL,2021-09-19T20:20-04:00,BAL,KC,2021,2,False,1.0,0.328312604635022,0.7913551703087318,0.7069807883437906,3.2902092392756024,1.79052734375,0.5690610947979255,-0.957889799197633
2021_02_DET_GB,2021-09-20T20:15-04:00,GB,DET,2021,2,False,18.0,12.491445235633252,12.15061068030079,11.960828415465446,8.865211688646957,1.79052734375,12.012900327058185,11.364806417009962
2021_03_CAR_HOU,2021-09-23T20:20-04:00,HOU,CAR,2021,3,False,-15.0,-2.4280971903928594,-1.177056399318074,-1.4410321196057527,1.2357174281353522,1.79052734375,-1.4481052566266268,-1.436041664756067
2021_03_ARI_JAX,2021-09-26T13:00-04:00,JAX,ARI,2021,3,False,-12.0,-7.772971999967449,-7.221523181850111,-7.47286259931095,-4.844501506731861,1.79052734375,-7.443903308826478,-7.483714110679706
2021_03_ATL_NYG,2021-09-26T13:00-04:00,NYG,ATL,2021,3,False,-3.0,2.071297838595049,0.836055034990129,0.6358056197964934,2.267490273892566,1.79052734375,0.6046927713949253,0.3809772964308795
2021_03_BAL_DET,2021-09-26T13:00-04:00,DET,BAL,2021,3,False,-2.0,-6.086509013868351,-5.2208665861738055,-5.421334647367599,-5.560860040521721,1.79052734375,-5.542147628485639,-4.048646232217179
2021_03_CHI_CLE,2021-09-26T13:00-04:00,CLE,CHI,2021,3,False,20.0,5.707102977253934,5.097869464015744,4.890858089729425,4.130379539576486,1.79052734375,4.931504025922241,5.87011017887022
2021_03_CIN_PIT,2021-09-26T13:00-04:00,PIT,CIN,2021,3,False,-14.0,6.049299179540961,5.432574309058103,5.3022284248463665,6.313593590324896,1.79052734375,5.2790773249105385,4.561200633220039
2021_03_IND_TEN,2021-09-26T13:00-04:00,TEN,IND,2021,3,False,9.0,2.591006581730476,2.2723374196203276,1.8795028278881298,2.5450695769022564,1.79052734375,2.098140431465854,1.5975595940487741
2021_03_LAC_KC,2021-09-26T13:00-04:00,KC,LAC,2021,3,False,-6.0,6.744685151201132,5.902135299748377,5.518263203739371,5.874709703157576,1.79052734375,5.765403856057386,5.69936080736931
2021_03_NO_NE,2021-09-26T13:00-04:00,NE,NO,2021,3,False,-15.0,-1.9766248159893618,-2.243397609513072,-2.3302798411564507,-0.8818371681990742,1.79052734375,-2.4445843182832467,-2.187565425898955
2021_03_WAS_BUF,2021-09-26T13:00-04:00,BUF,WAS,2021,3,False,22.0,8.409821910819062,8.06408207160248,7.8642887568254665,8.151589538627075,1.79052734375,7.863135830310797,7.592295388554158
2021_03_MIA_LV,2021-09-26T16:05-04:00,LV,MIA,2021,3,False,3.0,3.8314048552758764,4.070284187127493,3.9012956925755864,4.014515451683926,1.79052734375,3.9099094154018275,4.059432303381156
2021_03_NYJ_DEN,2021-09-26T16:05-04:00,DEN,NYJ,2021,3,False,26.0,9.608106076445472,8.713201324505505,8.662378596732523,7.533549868492932,1.79052734375,8.577927414673415,8.595290937156008
2021_03_SEA_MIN,2021-09-26T16:25-04:00,MIN,SEA,2021,3,False,13.0,-1.1160003710488204,-1.57370933039687,-1.864960052678476,-0.7733060943446297,1.79052734375,-1.811740023472135,-1.0847194066264865
2021_03_TB_LA,2021-09-26T16:25-04:00,LAR,TB,2021,3,False,10.0,3.612111251705648,3.2070510191048545,3.206976379754982,1.4458390667748642,1.79052734375,3.1663797549791157,1.25187960994362
2021_03_GB_SF,2021-09-26T20:20-04:00,SF,GB,2021,3,False,-2.0,-2.060069842419928,-2.400457025274255,-2.5271672893445984,0.896902688195776,1.79052734375,-2.5911376665314636,-2.2258851750418986
2021_03_PHI_DAL,2021-09-27T20:15-04:00,DAL,PHI,2021,3,False,20.0,4.133810946625835,3.444471598059745,3.127983028970779,3.3266508246855553,1.79052734375,3.233835378956943,3.3099825809561505
2021_04_JAX_CIN,2021-09-30T20:20-04:00,CIN,JAX,2021,4,False,3.0,8.853489412401009,9.926419399857561,9.923287081879124,8.044306399410075,1.79052734375,9.82842332425452,9.837371721620514
2021_04_CAR_DAL,2021-10-03T13:00-04:00,DAL,CAR,2021,4,False,8.0,3.213940187233643,2.8117429072967797,2.5546538327456867,2.5429096224079992,1.79052734375,2.5791140036128297,2.5618665743672584
2021_04_CLE_MIN,2021-10-03T13:00-04:00,MIN,CLE,2021,4,False,-7.0,0.8441498488238284,0.37702478263293226,0.1670428320148798,1.1697099777316624,1.79052734375,0.17133394110368294,-0.6397448918718927
2021_04_DET_CHI,2021-10-03T13:00-04:00,CHI,DET,2021,4,False,10.0,3.2639752531824087,3.2664799698117344,3.2396354863926726,4.54939385798246,1.79052734375,3.0949849457590117,2.683665135162965
2021_04_HOU_BUF,2021-10-03T13:00-04:00,BUF,HOU,2021,4,False,40.0,13.378325722738818,13.835223638613964,13.552671544320715,10.374951958781542,1.79052734375,13.738135891482383,13.104145356832461
2021_04_IND_MIA,2021-10-03T13:00-04:00,MIA,IND,2021,4,False,-10.0,0.13617940147668728,-0.8549232508191813,-1.1486632306372877,1.7443988120216682,1.79052734375,-1.046214530621759,-1.221735813472078
2021_04_KC_PHI,2021-10-03T13:00-04:00,PHI,KC,2021,4,False,-12.0,-5.968144537906416,-4.866052954859151,-4.840660708136615,-1.477379218913108,1.79052734375,-5.052365888339966,-5.0003458860004
2021_04_NYG_NO,2021-10-03T13:00-04:00,NO,NYG,2021,4,False,-6.0,11.062495673853892,9.714233371619184,9.486739147887771,10.90775283022488,1.79052734375,9.561909517188177,9.454994956122317
2021_04_TEN_NYJ,2021-10-03T13:00-04:00,NYJ,TEN,2021,4,False,3.0,-9.156273146772461,-8.930128506495343,-8.97830252149535,-5.253320433218051,1.79052734375,-9.126281826560557,-8.8196425087265
2021_04_WAS_ATL,2021-10-03T13:00-04:00,ATL,WAS,2021,4,False,-4.0,1.8981724252896917,2.475319505726971,2.3105453391152064,2.540667636832308,1.79052734375,2.3206177419066516,2.790183696056244
2021_04_ARI_LA,2021-10-03T16:05-04:00,LAR,ARI,2021,4,False,-17.0,5.030998179388277,4.816076151142409,4.837495092660492,4.501874079965052,1.79052734375,4.684667897179663,4.2171510079337935
2021_04_SEA_SF,2021-10-03T16:05-04:00,SF,SEA,2021,4,False,-7.0,-0.2039203994795793,0.1021248328632412,-0.1497781109558276,2.210763794344806,1.79052734375,-0.10498216229740498,0.5381952318667489
2021_04_BAL_DEN,2021-10-03T16:25-04:00,DEN,BAL,2021,4,False,-16.0,1.088569948880055,2.0021662903400523,1.9913602732684796,0.4430685815170192,1.79052734375,1.9675324955803737,2.9892214810913886
2021_04_PIT_GB,2021-10-03T16:25-04:00,GB,PIT,2021,4,False,10.0,7.015727609805424,8.323805595812154,8.092390358947387,5.89055405058303,1.79052734375,8.133802956302576,8.525733274014456
2021_04_TB_NE,2021-10-03T20:20-04:00,NE,TB,2021,4,False,-2.0,-2.3435421637700316,-3.8116467639472766,-3.9576533848830477,-1.491351159752603,1.79052734375,-3.9375713268698362,-5.061707413126954
2021_04_LV_LAC,2021-10-04T20:15-04:00,LAC,LV,2021,4,False,14.0,2.6768267558511383,4.01251990820031,3.8829712460161847,2.349980742131942,1.79052734375,3.816531429550291,3.7450511363574046
2021_05_LA_SEA,2021-10-07T20:20-04:00,SEA,LAR,2021,5,False,-9.0,0.49655960080989153,0.5303623594697928,0.3964558678140392,2.2711644548283316,1.79052734375,0.3075292373864227,-0.02909785779336982
2021_05_NYJ_ATL,2021-10-10T09:30-04:00,ATL,NYJ,2021,5,True,7.0,3.891976082733606,4.147432744981938,6.506725740982093,3.475175784723745,1.79052734375,6.556838766462452,6.64962834059696
2021_05_DEN_PIT,2021-10-10T13:00-04:00,PIT,DEN,2021,5,False,8.0,4.345853405199369,3.8847340279741918,3.8135915679091443,2.250301164789458,1.79052734375,3.7278617580086406,3.3785673513482917
2021_05_DET_MIN,2021-10-10T13:00-04:00,MIN,DET,2021,5,False,2.0,8.755932445449462,8.530556468242258,8.285504457397684,7.025993656675577,1.79052734375,8.361504623163784,8.14040318079255
2021_05_GB_CIN,2021-10-10T13:00-04:00,CIN,GB,2021,5,False,-3.0,-3.990940084845269,-5.27317085715482,-5.34184718019142,-2.3906790670699545,1.79052734375,-5.4318750343565,-5.236333614378061
2021_05_MIA_TB,2021-10-10T13:00-04:00,TB,MIA,2021,5,False,28.0,8.458248450005525,9.040559322829843,8.888243429428552,7.896202488841851,1.79052734375,8.821126609084653,9.986043279919116
2021_05_NE_HOU,2021-10-10T13:00-04:00,HOU,NE,2021,5,False,-3.0,-5.668408643893921,-4.8690580128739285,-4.978498528648015,-1.03417779482663,1.79052734375,-5.08438201065823,-5.301617329676602
2021_05_NO_WAS,2021-10-10T13:00-04:00,WAS,NO,2021,5,False,-11.0,-5.122384829779643,-3.789025716908456,-3.9439109334201663,-3.1671556648365797,1.79052734375,-3.9614435810882376,-4.005996590077423
2021_05_PHI_CAR,2021-10-10T13:00-04:00,CAR,PHI,2021,5,False,-3.0,2.871395391551201,3.1156176609076116,2.9537741710710157,6.16465835883684,1.79052734375,2.9790090081787053,2.967897674060004
2021_05_TEN_JAX,2021-10-10T13:00-04:00,JAX,TEN,2021,5,False,-18.0,-5.42411173660186,-6.997711236152497,-7.110796885991554,-3.9851015549049684,1.79052734375,-7.23303433455216,-6.909925085678495
2021_05_CHI_LV,2021-10-10T16:05-04:00,LV,CHI,2021,5,False,-11.0,4.150275389571183,3.8874581111174686,3.534168921352626,4.181089703571751,1.79052734375,3.739454040837935,3.9922225195403724
2021_05_CLE_LAC,2021-10-10T16:05-04:00,LAC,CLE,2021,5,False,5.0,2.058815837913992,2.2592001842177885,2.0691687520002797,1.5638179380653296,1.79052734375,2.043424003065205,1.4365112851137178
2021_05_NYG_DAL,2021-10-10T16:25-04:00,DAL,NYG,2021,5,False,24.0,6.184679315086276,5.056980433535799,4.838615288879536,6.219614903955966,1.79052734375,4.864552157413859,4.918326999375836
2021_05_SF_ARI,2021-10-10T16:25-04:00,ARI,SF,2021,5,False,7.0,6.220841547668476,6.589583905835735,6.102609427245138,5.397812240013531,1.79052734375,6.178392504821314,6.099452490141044
2021_05_BUF_KC,2021-10-10T20:20-04:00,KC,BUF,2021,5,False,-18.0,-0.9718796883556458,-1.6058104786069474,-1.8216297411193252,-1.6934795737766901,1.79052734375,-1.7507901057550723,-1.308667444797057
2021_05_IND_BAL,2021-10-11T20:15-04:00,BAL,IND,2021,5,False,6.0,4.723488883483791,4.573978172100576,4.215234445569149,5.972837746562989,1.79052734375,4.401266826351838,3.4312949139728315
2021_06_TB_PHI,2021-10-14T20:20-04:00,PHI,TB,2021,6,False,-6.0,-5.458061860414626,-5.287599028200642,-5.395212695895386,-4.78877685477487,1.79052734375,-5.440716905300603,-6.363118560581698
2021_06_MIA_JAX,2021-10-17T09:30-04:00,JAX,MIA,2021,6,True,3.0,-6.104261878415165,-6.475033201936465,-4.150047186466055,-4.005477731531574,1.79052734375,-4.131609917272147,-4.199118627569445
2021_06_CIN_DET,2021-10-17T13:00-04:00,DET,CIN,2021,6,False,-23.0,-2.0741442371751977,-2.663315342342849,-2.779915161072833,-0.58930937949268,1.79052734375,-2.884647961491354,-2.6859933503267053
2021_06_GB_CHI,2021-10-17T13:00-04:00,CHI,GB,2021,6,False,-10.0,-5.835306812910817,-5.9442874754521045,-5.824629602250531,-1.9427696036998379,1.79052734375,-6.152055911942904,-6.19366587477872
2021_06_HOU_IND,2021-10-17T13:00-04:00,IND,HOU,2021,6,False,28.0,11.216698018757807,10.086013910931923,9.963003249097817,7.3682842979363,1.79052734375,9.940784382694616,10.051290753095632
2021_06_KC_WAS,2021-10-17T13:00-04:00,WAS,KC,2021,6,False,-18.0,-4.96254535745074,-3.727611231933671,-3.8245809437651896,-1.409295754464409,1.79052734375,-3.903109243452028,-4.098990916346514
2021_06_LAC_BAL,2021-10-17T13:00-04:00,BAL,LAC,2021,6,False,28.0,3.541502331716921,3.2028835322089515,2.9021871911630037,5.267522039402238,1.79052734375,3.030109996208594,2.012980728074857
2021_06_LA_NYG,2021-10-17T13:00-04:00,NYG,LAR,2021,6,False,-27.0,-7.337903200203401,-5.840263701795472,-6.0714520502761165,-4.0392903578154655,1.79052734375,-6.065770408604649,-5.887559122754549
2021_06_MIN_CAR,2021-10-17T13:00-04:00,CAR,MIN,2021,6,False,-6.0,-1.2171820173963965,0.05803362025983505,-0.16172603922759343,3.426998989017372,1.79052734375,-0.11949644527017744,-0.16258285777239712
2021_06_ARI_CLE,2021-10-17T16:05-04:00,CLE,ARI,2021,6,False,-23.0,-0.5465361321824692,-0.41575648282851885,-0.45222573896534823,0.9400616039787146,1.79052734375,-0.5994615968328977,-0.005319438562521817
2021_06_DAL_NE,2021-10-17T16:25-04:00,NE,DAL,2021,6,False,-6.0,-2.604525432708497,-3.126426155914933,-3.2770909567668975,-0.8037460088010198,1.79052734375,-3.227943653299212,-3.149687737737312
2021_06_LV_DEN,2021-10-17T16:25-04:00,DEN,LV,2021,6,False,-10.0,1.814390717836949,2.58831190438252,2.440403517477465,3.3046447652682707,1.79052734375,2.466178212266925,2.350468425898188
2021_06_SEA_PIT,2021-10-17T20:20-04:00,PIT,SEA,2021,6,False,3.0,3.7287125134901857,2.6423364426496168,2.550115140947783,1.1353914747661487,1.79052734375,2.496823587750928,2.492285876106755
2021_06_BUF_TEN,2021-10-18T20:15-04:00,TEN,BUF,2021,6,False,3.0,-7.2096358029972185,-6.424605402452962,-6.590318613167869,-4.31045860883615,1.79052734375,-6.540244820862694,-6.398373219170873
2021_07_DEN_CLE,2021-10-21T20:20-04:00,CLE,DEN,2021,7,False,3.0,1.4769701077444979,3.682446825981228,3.6160797073605586,4.607737357996452,1.79052734375,3.4775700105672716,4.204352102333343
2021_07_ATL_MIA,2021-10-24T13:00-04:00,MIA,ATL,2021,7,False,-2.0,-2.4305255268316643,-2.4396297574830568,-1.2015410416351466,1.2196327307454902,1.79052734375,-1.2124694106280225,-1.0929726184985316
2021_07_CAR_NYG,2021-10-24T13:00-04:00,NYG,CAR,2021,7,False,22.0,0.2154415581540311,0.5283292288951222,0.4179492176955808,-1.7972963060234033,1.79052734375,0.35186446799682036,0.2943814975536101
2021_07_CIN_BAL,2021-10-24T13:00-04:00,BAL,CIN,2021,7,False,-24.0,5.522184351580663,6.126086162027303,5.832074942529886,8.204534903972984,1.79052734375,5.902394301139912,5.084053391827837
2021_07_KC_TEN,2021-10-24T13:00-04:00,TEN,KC,2021,7,False,24.0,-0.798279209680023,0.2682620792313887,0.12411809350591962,1.6329806061215772,1.79052734375,0.114872495809613,-0.13986000980746827
2021_07_NYJ_NE,2021-10-24T13:00-04:00,NE,NYJ,2021,7,False,41.0,6.937944282801308,5.977051638651633,5.752546933645039,8.33521459672576,1.79052734375,5.802712535121994,5.981722315404408
2021_07_WAS_GB,2021-10-24T13:00-04:00,GB,WAS,2021,7,False,14.0,10.860947631173277,11.219014738890586,11.095021628128977,10.274709519727303,1.79052734375,11.055461384051698,11.228247166174718
2021_07_DET_LA,2021-10-24T16:05-04:00,LAR,DET,2021,7,False,9.0,14.610084911379705,14.775405023130752,14.51062420772428,13.234062724807373,1.79052734375,14.64728659538882,14.303113778758032
2021_07_PHI_LV,2021-10-24T16:05-04:00,LV,PHI,2021,7,False,11.0,3.68546885360352,3.4384708214462565,3.317069077099387,4.212099331945,1.79052734375,3.292007852618858,3.374068830837579
2021_07_CHI_TB,2021-10-24T16:25-04:00,TB,CHI,2021,7,False,35.0,9.124884539325308,9.965432079427398,9.53512212516855,9.264427879767261,1.79052734375,9.765162002265665,10.713206680918073
2021_07_HOU_ARI,2021-10-24T16:25-04:00,ARI,HOU,2021,7,False,26.0,16.878288608649108,16.370945033705098,16.122250001772365,13.058367491778359,1.79052734375,16.25679071479788,16.40175190988309
2021_07_IND_SF,2021-10-24T20:20-04:00,SF,IND,2021,7,False,-12.0,-0.03902592311132247,-0.07304425007648163,-0.2632906375072104,0.5519427898305567,1.79052734375,-0.20603219639752746,-0.32586084434908813
2021_07_NO_SEA,2021-10-25T20:15-04:00,SEA,NO,2021,7,False,-3.0,-5.299181297728978,-4.8532941459775225,-4.861165325415001,-0.8126476080046974,1.79052734375,-5.006318836445503,-5.245684109366069
2021_08_GB_ARI,2021-10-28T20:20-04:00,ARI,GB,2021,8,False,-3.0,1.7767909799807295,2.062229150967564,1.9634311758317704,4.0225621786006975,1.79052734375,1.9019916609895333,1.933412351687116
2021_08_CAR_ATL,2021-10-31T13:00-04:00,ATL,CAR,2021,8,False,-6.0,5.147960360759589,5.385438893704773,5.303131373014151,2.30606857929356,1.79052734375,5.2398777831308365,5.378150974867604
2021_08_CIN_NYJ,2021-10-31T13:00-04:00,NYJ,CIN,2021,8,False,3.0,-10.50569876547791,-9.02493175548266,-9.260589147705257,-7.0365439990049055,1.79052734375,-9.229660790749318,-9.296892186822618
2021_08_LA_HOU,2021-10-31T13:00-04:00,HOU,LAR,2021,8,False,-16.0,-13.742365295457969,-14.060840262949707,-14.218368897205268,-8.43848255761262,1.79052734375,-14.29264480638015,-14.296612079809893
2021_08_MIA_BUF,2021-10-31T13:00-04:00,BUF,MIA,2021,8,False,15.0,14.06906236409884,15.454877565880842,15.202893980985689,14.110916087981867,1.79052734375,15.231079112367766,14.789186482117895
2021_08_PHI_DET,2021-10-31T13:00-04:00,DET,PHI,2021,8,False,-38.0,-0.6115061518380009,-1.7782499976532369,-1.769453391990774,-0.49164500182373505,1.79052734375,-1.90963018129046,-1.7882560008542026
2021_08_PIT_CLE,2021-10-31T13:00-04:00,CLE,PIT,2021,8,False,-5.0,1.8719699886035537,2.7915079260718745,2.648867084820157,2.7367070692880193,1.79052734375,2.6234641482244525,3.6642244116087683
2021_08_SF_CHI,2021-10-31T13:00-04:00,CHI,SF,2021,8,False,-11.0,-2.6212952550837136,-3.274355273424332,-3.2960263956918388,0.09684542359940451,1.79052734375,-3.491602471238494,-3.582460354157938
2021_08_TEN_IND,2021-10-31T13:00-04:00,IND,TEN,2021,8,False,-3.0,1.2332066457295765,0.9292682190638575,1.0094312724671473,2.3264765642107386,1.79052734375,0.6892551405792101,0.9769999173244991
2021_08_JAX_SEA,2021-10-31T16:05-04:00,SEA,JAX,2021,8,False,24.0,8.32025236292399,7.958233122372543,8.005392724115122,10.189013986172657,1.79052734375,7.865571514657308,7.362047938970583
2021_08_NE_LAC,2021-10-31T16:05-04:00,LAC,NE,2021,8,False,-3.0,4.787755376408452,4.561994629941545,4.5062673683637495,1.6383422668498908,1.79052734375,4.411921138254366,4.325108987105037
2021_08_TB_NO,2021-10-31T16:25-04:00,NO,TB,2021,8,False,9.0,-0.9371096536683801,-1.0313998941747662,-1.2269229335910876,0.36265332657620863,1.79052734375,-1.1031838747905711,-2.1261748936394937
2021_08_WAS_DEN,2021-10-31T16:25-04:00,DEN,WAS,2021,8,False,7.0,3.5894396272367945,4.1384858769949755,4.097440157973111,4.8383473800842784,1.79052734375,4.01077150507883,4.148466558985804
2021_08_DAL_MIN,2021-10-31T20:20-04:00,MIN,DAL,2021,8,False,-4.0,4.892982415760991,3.5527996040905436,3.5044196620477552,-0.9920445523438581,1.79052734375,3.394366865679035,3.4589902446795824
2021_08_NYG_KC,2021-11-01T20:15-04:00,KC,NYG,2021,8,False,3.0,7.535098019886753,7.238525249521642,6.857433450097462,7.104098370800192,1.79052734375,7.02512034894535,7.1022433763588895
2021_09_NYJ_IND,2021-11-04T20:20-04:00,IND,NYJ,2021,9,False,15.0,13.779247480694078,12.944938765076738,12.848760164353012,12.553335985395467,1.79052734375,12.728922963151364,12.757530223045105
2021_09_ATL_NO,2021-11-07T13:00-05:00,NO,ATL,2021,9,False,-2.0,5.350358252620174,5.554561589219512,5.36824764319049,10.624024801068192,1.79052734375,5.359144093333268,5.085286856367623
2021_09_BUF_JAX,2021-11-07T13:00-05:00,JAX,BUF,2021,9,False,3.0,-13.430033757502617,-15.424761951270646,-15.50035790687075,-12.926604949416205,1.79052734375,-15.590562526165739,-15.282289835856208
2021_09_CLE_CIN,2021-11-07T13:00-05:00,CIN,CLE,2021,9,False,-25.0,2.3317893932164164,2.5751515051975287,2.3097437475173654,3.590324914905753,1.79052734375,2.3960168712992553,2.0430492074694957
2021_09_DEN_DAL,2021-11-07T13:00-05:00,DAL,DEN,2021,9,False,-14.0,5.481938273282709,6.163452191416237,5.89969723369029,7.5747168562137555,1.79052734375,5.911234871243697,6.0626590148471555
2021_09_HOU_MIA,2021-11-07T13:00-05:00,MIA,HOU,2021,9,False,8.0,4.953417669506703,3.789702354738097,3.6244198866975905,5.55723212538603,1.79052734375,3.559538680503509,3.5356202207556455
2021_09_LV_NYG,2021-11-07T13:00-05:00,NYG,LV,2021,9,False,7.0,-0.6561539869312457,-1.2174500109007593,-1.3298238372449553,-0.5369043935356173,1.79052734375,-1.3135187454391914,-1.4875432727447095
2021_09_MIN_BAL,2021-11-07T13:00-05:00,BAL,MIN,2021,9,False,3.0,3.305969862837961,4.105563526892456,3.783805289707952,7.040321409689331,1.79052734375,3.875693825228085,3.0514382505468682
2021_09_NE_CAR,2021-11-07T13:00-05:00,CAR,NE,2021,9,False,-18.0,-0.21803552189511066,-0.8515396239407429,-0.8981866930600708,-0.12083183076494919,1.79052734375,-0.9462924616247927,-1.1671991678499472
2021_09_LAC_PHI,2021-11-07T16:05-05:00,PHI,LAC,2021,9,False,-3.0,0.6709878615608162,0.33257911924806915,0.11294576993110228,1.6307531321346052,1.79052734375,0.1699708429042226,0.07143673419296359
2021_09_ARI_SF,2021-11-07T16:25-05:00,SF,ARI,2021,9,False,-14.0,-0.8436160497890621,-0.7932627772514458,-1.0307793683431596,-2.6912029812004077,1.79052734375,-0.9387417305285377,-0.8876081044850463
2021_09_GB_KC,2021-11-07T16:25-05:00,KC,GB,2021,9,False,6.0,2.8053575224346106,2.317542199142464,2.040585729147958,-1.4907044556580744,1.79052734375,2.1743027011850904,2.387441231510771
2021_09_TEN_LA,2021-11-07T20:20-05:00,LAR,TEN,2021,9,False,-12.0,3.2709316061574545,2.990451503379514,3.093369814937811,3.6522847423963913,1.79052734375,2.8346409796006857,2.9696376539509095
2021_09_CHI_PIT,2021-11-08T20:15-05:00,PIT,CHI,2021,9,False,2.0,9.778398240874207,8.953456257708352,8.804022661408586,6.977981359456907,1.79052734375,8.833018194448584,8.571727658247337
2021_10_BAL_MIA,2021-11-11T20:20-05:00,MIA,BAL,2021,10,False,12.0,-5.604364549305491,-5.396314413667874,-5.572571700643448,-5.33946880710174,1.79052734375,-5.570320545743494,-5.017056747143967
2021_10_ATL_DAL,2021-11-14T13:00-05:00,DAL,ATL,2021,10,False,40.0,3.378777657639501,3.2987970631877097,3.0692454797944295,6.5747767743266445,1.79052734375,3.0704457350865333,3.083590751939733
2021_10_BUF_NYJ,2021-11-14T13:00-05:00,NYJ,BUF,2021,10,False,-28.0,-13.404410162226613,-13.718041807671263,-13.808818175389263,-11.395920704301744,1.79052734375,-13.892227819986324,-13.701622265916537
2021_10_CLE_NE,2021-11-14T13:00-05:00,NE,CLE,2021,10,False,38.0,-0.08892234839400137,0.4225410725061962,0.01628217783235142,3.8305495952583453,1.79052734375,0.18729894159782678,-0.16273587302755432
2021_10_DET_PIT,2021-11-14T13:00-05:00,PIT,DET,2021,10,False,0.0,6.674382246714234,7.055674696008859,6.888907216908876,9.979139349446921,1.79052734375,6.942912028091073,6.499914005926458
2021_10_JAX_IND,2021-11-14T13:00-05:00,IND,JAX,2021,10,False,6.0,12.660346871972871,13.01351883788277,12.90377823659501,12.062029090288174,1.79052734375,12.747568142222,12.773737806249452
2021_10_NO_TEN,2021-11-14T13:00-05:00,TEN,NO,2021,10,False,2.0,3.6380065337217657,3.5121403161306253,3.090820125360447,3.1528533920592796,1.79052734375,3.3558197705523414,3.231864916891001
2021_10_TB_WAS,2021-11-14T13:00-05:00,WAS,TB,2021,10,False,10.0,-8.542445682997613,-8.559102256416935,-8.767327652441192,-7.681502968357048,1.79052734375,-8.699204437796157,-9.715552010955983
2021_10_CAR_ARI,2021-11-14T16:05-05:00,ARI,CAR,2021,10,False,-24.0,8.728319717333537,10.823769810527132,10.714451578385457,11.525019240091021,1.79052734375,10.640113368190459,10.644840558279476
2021_10_MIN_LAC,2021-11-14T16:05-05:00,LAC,MIN,2021,10,False,-7.0,1.090575055794517,1.8675483584591723,1.716597681392382,2.4692060794567463,1.79052734375,1.6702496999399483,1.6623452071973925
2021_10_PHI_DEN,2021-11-14T16:25-05:00,DEN,PHI,2021,10,False,-17.0,0.7150673180700872,1.5324020225387303,1.4840981921319203,4.160150665780663,1.79052734375,1.4192762319831034,1.3425221478519482
2021_10_SEA_GB,2021-11-14T16:25-05:00,GB,SEA,2021,10,False,17.0,5.219938812346497,5.847250683822632,5.573256054564937,4.873485587809485,1.79052734375,5.709688462013721,6.039220402431164
2021_10_KC_LV,2021-11-14T20:20-05:00,LV,KC,2021,10,False,-27.0,-2.376976195815704,-1.7372413097450625,-1.760861523742694,0.4213501146659273,1.79052734375,-1.9443744533987806,-1.8509123520942945
2021_10_LA_SF,2021-11-15T20:15-05:00,SF,LAR,2021,10,False,21.0,-4.920797517320791,-4.624347152005676,-4.8397554482546825,-1.89811756310577,1.79052734375,-4.87507095380512,-4.909937268005491
2021_11_NE_ATL,2021-11-18T20:20-05:00,ATL,NE,2021,11,False,-25.0,-3.307726433338312,-2.5794904959976397,-2.555925578911632,-4.954809290977938,1.79052734375,-2.673013819194827,-2.6916818454047684
2021_11_BAL_CHI,2021-11-21T13:00-05:00,CHI,BAL,2021,11,False,-3.0,-1.8377798755863148,-1.5139675937803447,-1.6641717937489182,-3.624950118937229,1.79052734375,-1.7213631352570862,-1.5581425645448128
2021_11_DET_CLE,2021-11-21T13:00-05:00,CLE,DET,2021,11,False,3.0,11.461979600261103,10.19074596008721,10.092348074108017,8.680253509092488,1.79052734375,10.034030283347873,10.444521828730837
2021_11_GB_MIN,2021-11-21T13:00-05:00,MIN,GB,2021,11,False,3.0,-1.7101947882951913,-2.9832799546443853,-3.035410464879596,-2.0627161269178034,1.79052734375,-3.1741153856436517,-2.9519530774476883
2021_11_HOU_TEN,2021-11-21T13:00-05:00,TEN,HOU,2021,11,False,-9.0,11.446798639136977,13.086683539589892,12.813731433820788,14.691090373445666,1.79052734375,13.018757800744543,12.822392187677766
2021_11_IND_BUF,2021-11-21T13:00-05:00,BUF,IND,2021,11,False,-26.0,6.451043606046317,6.700337174837853,6.322760796037897,7.675543245664581,1.79052734375,6.534695984618449,6.255388057621735
2021_11_MIA_NYJ,2021-11-21T13:00-05:00,NYJ,MIA,2021,11,False,-7.0,-4.490434901715537,-4.224719835370394,-4.317427302169919,-3.57511109902942,1.79052734375,-4.358152810002612,-4.457292032641759
2021_11_NO_PHI,2021-11-21T13:00-05:00,PHI,NO,2021,11,False,11.0,0.857335365795993,-0.08280409316150905,-0.3984599058668121,-1.9769758329801839,1.79052734375,-0.30607646151121715,-0.07660163218233507
2021_11_SF_JAX,2021-11-21T13:00-05:00,JAX,SF,2021,11,False,-20.0,-5.641429497735356,-5.887073807442286,-6.107985039656511,-4.4766178514529855,1.79052734375,-6.054808281372603,-5.966154331653442
2021_11_WAS_CAR,2021-11-21T13:00-05:00,CAR,WAS,2021,11,False,-6.0,5.817474678858851,5.261761987856248,5.200917052310481,3.9885248671597,1.79052734375,5.203523269344617,5.391942003703089
2021_11_CIN_LV,2021-11-21T16:05-05:00,LV,CIN,2021,11,False,-19.0,0.17006884687486623,0.8387248862832175,0.666273896451286,1.1376477292550546,1.79052734375,0.6311128426853512,0.6999304976446817
2021_11_ARI_SEA,2021-11-21T16:25-05:00,SEA,ARI,2021,11,False,-10.0,0.9768332357394947,1.3642779111140149,1.203793351659004,-1.1621146311186905,1.79052734375,1.2532778605207138,1.000623765303326
2021_11_DAL_KC,2021-11-21T16:25-05:00,KC,DAL,2021,11,False,10.0,3.415196012336943,2.8675091360742346,2.619397117833957,1.8561054508878279,1.79052734375,2.7216760121315775,2.6250073517892756
2021_11_PIT_LAC,2021-11-21T20:20-05:00,LAC,PIT,2021,11,False,4.0,2.9413546087252733,3.1538255706963922,2.8676508883870095,2.2673040004015665,1.79052734375,2.9269435500468335,3.4400375500431752
2021_11_NYG_TB,2021-11-22T20:15-05:00,TB,NYG,2021,11,False,20.0,8.906235077178053,8.52750445871856,8.365536786853504,9.746991285396398,1.79052734375,8.352905523968298,9.263577906005064
2021_12_CHI_DET,2021-11-25T12:30-05:00,DET,CHI,2021,12,False,-2.0,-0.12633883861743178,-0.156581119840691,-0.17305383444336753,-0.12027198843838738,1.79052734375,-0.33040057955044055,-0.18714917416716437
2021_12_LV_DAL,2021-11-25T16:30-05:00,DAL,LV,2021,12,False,-3.0,7.076423683582426,7.080076612825398,6.863087135452339,9.111752343262832,1.79052734375,6.925222853689648,6.839227101477055
2021_12_BUF_NO,2021-11-25T20:20-05:00,NO,BUF,2021,12,False,-25.0,-5.619232669930112,-4.742342065782525,-4.747483743494327,-0.2976371640160549,1.79052734375,-4.857504029332262,-4.811757576540147
2021_12_ATL_JAX,2021-11-28T13:00-05:00,JAX,ATL,2021,12,False,-7.0,-2.317675952685267,-2.325784536857738,-2.576217831137832,0.14872742830439378,1.79052734375,-2.5254330624295824,-2.6225019386706463
2021_12_CAR_MIA,2021-11-28T13:00-05:00,MIA,CAR,2021,12,False,23.0,-1.308813585869861,-0.9955486708116972,-1.3021557805709703,2.1837313600099266,1.79052734375,-1.247541828440334,-1.233270227616279
2021_12_NYJ_HOU,2021-11-28T13:00-05:00,HOU,NYJ,2021,12,False,-7.0,7.305960001702301,7.111139027622434,6.835776695867953,5.6078702994914575,1.79052734375,7.0086667690970295,6.960855486089782
2021_12_PHI_NYG,2021-11-28T13:00-05:00,NYG,PHI,2021,12,False,6.0,-2.2068189684166217,-2.379759988182354,-2.4325751386847867,-1.636294488025885,1.79052734375,-2.496619439789338,-2.583138282050164
2021_12_PIT_CIN,2021-11-28T13:00-05:00,CIN,PIT,2021,12,False,31.0,1.9404335960259709,2.507585983672165,2.2388094977957764,3.9182621769382386,1.79052734375,2.33238902668532,2.704088259312941
2021_12_TB_IND,2021-11-28T13:00-05:00,IND,TB,2021,12,False,-7.0,1.305212577451642,0.9589100022598545,0.8765225887824317,1.0038752718235764,1.79052734375,0.7557085219145618,0.04664425790654514
2021_12_TEN_NE,2021-11-28T13:00-05:00,NE,TEN,2021,12,False,23.0,3.2209593048108522,2.315089423347655,2.2918890413884445,4.6579988224151405,1.79052734375,2.021673826801255,2.297052096128448
2021_12_LAC_DEN,2021-11-28T16:05-05:00,DEN,LAC,2021,12,False,15.0,-0.5562123680952,-0.636402280720697,-0.7956547470241584,1.6765290840844513,1.79052734375,-0.798217431130861,-0.8852516941663671
2021_12_LA_GB,2021-11-28T16:25-05:00,GB,LAR,2021,12,False,8.0,0.9491123562484433,1.4549940550531124,1.1437022490871627,5.140049379915114,1.79052734375,1.265129042506779,0.8444667008353781
2021_12_MIN_SF,2021-11-28T16:25-05:00,SF,MIN,2021,12,False,8.0,1.8789538203112413,2.0606413683534934,1.8570097688352614,3.429395426000276,1.79052734375,1.8681696497817484,1.6592854050302999
2021_12_CLE_BAL,2021-11-28T20:20-05:00,BAL,CLE,2021,12,False,6.0,2.566340174658924,2.6753961862191797,2.3867824503516317,5.823264106806418,1.79052734375,2.5157438402708148,1.569601802185179
2021_12_SEA_WAS,2021-11-29T20:15-05:00,WAS,SEA,2021,12,False,2.0,-0.4808807234194626,-0.6025069618102871,-0.9489188296163455,0.060551291571044885,1.79052734375,-0.8273870966395672,-0.828470346880628
2021_13_DAL_NO,2021-12-02T20:20-05:00,NO,DAL,2021,13,False,-10.0,-1.3615514582620825,-1.3561150776742834,-1.520094112426349,2.288008640440376,1.79052734375,-1.4585531151854814,-1.6527442958725382
2021_13_ARI_CHI,2021-12-05T13:00-05:00,CHI,ARI,2021,13,False,-11.0,-6.334284541138074,-5.922231461711803,-6.108199487070846,-6.2086860884703,1.79052734375,-6.132298733141736,-6.088502590210071
2021_13_IND_HOU,2021-12-05T13:00-05:00,HOU,IND,2021,13,False,-31.0,-9.671357872308144,-8.321050069829505,-8.619669058904107,-7.70528534814833,1.79052734375,-8.41451399150134,-8.475538132803493
2021_13_LAC_CIN,2021-12-05T13:00-05:00,CIN,LAC,2021,13,False,-19.0,2.9385064687622466,3.158252489300413,3.035931527431411,6.390314095290574,1.79052734375,3.0158382496660976,2.9580877846593503
2021_13_MIN_DET,2021-12-05T13:00-05:00,DET,MIN,2021,13,False,2.0,-3.7837487352325203,-4.304122959409703,-4.3596783008866,-4.452616234047256,1.79052734375,-4.526876349779987,-4.498067966235835
2021_13_NYG_MIA,2021-12-05T13:00-05:00,MIA,NYG,2021,13,False,11.0,5.4276547853748065,4.742438166102889,4.534334375333807,4.337084191418884,1.79052734375,4.579647195191994,4.623555662047178
2021_13_PHI_NYJ,2021-12-05T13:00-05:00,NYJ,PHI,2021,13,False,-15.0,-7.3726202087191215,-7.653294394392802,-7.820126063984832,-5.797020285116266,1.79052734375,-7.823127792352575,-7.931976848353781
2021_13_TB_ATL,2021-12-05T13:00-05:00,ATL,TB,2021,13,False,-13.0,-7.04469964096087,-7.3862937855235815,-7.410304140850988,-8.02596663263073,1.79052734375,-7.4745305709367535,-8.061863260219088
2021_13_JAX_LA,2021-12-05T16:05-05:00,LAR,JAX,2021,13,False,30.0,12.55038930475483,12.08203856086443,12.066609293969552,12.360647336316244,1.79052734375,11.98646571739734,12.019050409523306
2021_13_WAS_LV,2021-12-05T16:05-05:00,LV,WAS,2021,13,False,-2.0,1.2325651921771101,1.318094514365611,1.107680968740416,1.7024383797879317,1.79052734375,1.0832521723215902,1.5090315867228128
2021_13_BAL_PIT,2021-12-05T16:25-05:00,PIT,BAL,2021,13,False,1.0,-0.360709608895285,-0.9108062797753389,-0.9010761254046162,-2.2384375476464857,1.79052734375,-1.0491751041171504,-0.9204257387722908
2021_13_SF_SEA,2021-12-05T16:25-05:00,SEA,SF,2021,13,False,7.0,0.3459975254071981,-0.24999620768168396,-0.29227102749144696,0.41005884291238104,1.79052734375,-0.3383877452143361,-0.42635595571416696
2021_13_DEN_KC,2021-12-05T20:20-05:00,KC,DEN,2021,13,False,13.0,7.6539703628219335,7.560786073519928,7.140828977684756,6.54235407959133,1.79052734375,7.310759988746188,7.390059660639957
2021_13_NE_BUF,2021-12-06T20:15-05:00,BUF,NE,2021,13,False,-4.0,3.5252250481097946,4.069698051907169,3.7947721796369818,3.3107896825581484,1.79052734375,3.928693063128912,3.6720475542179365
2021_14_PIT_MIN,2021-12-09T20:20-05:00,MIN,PIT,2021,14,False,8.0,2.616869645596834,4.184963603822769,3.899348991534852,4.65851036567504,1.79052734375,3.9795317870933022,4.408104319902691
2021_14_ATL_CAR,2021-12-12T13:00-05:00,CAR,ATL,2021,14,False,-8.0,2.9965013537125507,3.405675028262086,3.1325428590400195,3.7398608152206188,1.79052734375,3.226504643317767,3.149717362507955
2021_14_BAL_CLE,2021-12-12T13:00-05:00,CLE,BAL,2021,14,False,2.0,1.5138857831063501,1.726982447123196,1.6098227433244954,-0.606891674711969,1.79052734375,1.5127384151634948,2.380510486772571
2021_14_DAL_WAS,2021-12-12T13:00-05:00,WAS,DAL,2021,14,False,-7.0,-1.6681944388565286,-1.5081005336543778,-1.6332296871517373,-2.141345641110272,1.79052734375,-1.6482043918999816,-1.952480341698569
2021_14_JAX_TEN,2021-12-12T13:00-05:00,TEN,JAX,2021,14,False,20.0,10.98200489835697,12.88460866738162,12.517158747121524,13.63153895883865,1.79052734375,12.744517105366107,12.458552074594973
2021_14_LV_KC,2021-12-12T13:00-05:00,KC,LV,2021,14,False,39.0,10.746245749940673,9.69341932728888,9.410618459938435,9.543066873287518,1.79052734375,9.53088100722641,9.455233994714753
2021_14_NO_NYJ,2021-12-12T13:00-05:00,NYJ,NO,2021,14,False,-21.0,-5.727314483197571,-4.818039482196265,-4.8970268128567795,-7.1687946603346155,1.79052734375,-5.067933511425871,-5.127807989859113
2021_14_SEA_HOU,2021-12-12T13:00-05:00,HOU,SEA,2021,14,False,-20.0,-7.774406224388904,-8.441814744003167,-8.65490501364121,-6.540822552128091,1.79052734375,-8.664032235649172,-8.536500467294974
2021_14_DET_DEN,2021-12-12T16:05-05:00,DEN,DET,2021,14,False,28.0,7.71114912257045,7.150322455719383,6.835241578259241,7.30200497628044,1.79052734375,7.029324799312205,6.760228446502954
2021_14_NYG_LAC,2021-12-12T16:05-05:00,LAC,NYG,2021,14,False,16.0,7.585500499004753,7.315323657871354,7.021094851080866,5.574379162596559,1.79052734375,7.105702537415537,7.088364993126614
2021_14_BUF_TB,2021-12-12T16:25-05:00,TB,BUF,2021,14,False,6.0,1.2888285459445254,1.4106600518064223,1.360724820104915,1.8422338566431664,1.79052734375,1.2141042817630776,1.9233328229959945
2021_14_SF_CIN,2021-12-12T16:25-05:00,CIN,SF,2021,14,False,-3.0,-0.5660787248328816,-0.5536627888668857,-0.6880800882298725,1.412182252317505,1.79052734375,-0.6671102995991576,-0.610786198738217
2021_14_CHI_GB,2021-12-12T20:20-05:00,GB,CHI,2021,14,False,15.0,13.902606512461045,14.145863081283112,13.749812494616982,11.270333934675833,1.79052734375,13.981410152255496,14.025855207239207
2021_14_LA_ARI,2021-12-13T20:15-05:00,ARI,LAR,2021,14,False,-7.0,2.683762869047452,2.4427394736339076,2.1873627811938423,4.903139763675487,1.79052734375,2.279087769237507,2.2703011124371377
2021_15_KC_LAC,2021-12-16T20:20-05:00,LAC,KC,2021,15,False,-6.0,-3.3896052206175096,-3.153310169224275,-3.2158683281487654,-2.419805682288505,1.79052734375,-3.31467844556162,-3.3513963902013413
2021_15_NE_IND,2021-12-18T20:20-05:00,IND,NE,2021,15,False,10.0,1.8085223908889414,2.0790934187398253,1.9702044931338363,-0.013353434685063448,1.79052734375,1.9006155085978733,1.8398274004685349
2021_15_ARI_DET,2021-12-19T13:00-05:00,DET,ARI,2021,15,False,18.0,-8.634980328288266,-8.781120434390521,-8.736436998886889,-9.593584122178452,1.79052734375,-9.035793176570877,-8.915097555540218
2021_15_CAR_BUF,2021-12-19T13:00-05:00,BUF,CAR,2021,15,False,17.0,9.93902199760012,10.712790045221848,10.33257685682306,13.758634066262118,1.79052734375,10.47826520342941,10.495613034999693
2021_15_DAL_NYG,2021-12-19T13:00-05:00,NYG,DAL,2021,15,False,-15.0,-4.843163459607185,-5.289331103444025,-5.386561535312923,-4.873633192415323,1.79052734375,-5.469807694287501,-5.617902630076667
2021_15_HOU_JAX,2021-12-19T13:00-05:00,JAX,HOU,2021,15,False,-14.0,2.995488461426608,2.0669710211482957,1.7296652339648821,2.161295329253303,1.79052734375,1.9279606821608681,2.0099393526226184
2021_15_NYJ_MIA,2021-12-19T13:00-05:00,MIA,NYJ,2021,15,False,7.0,12.529010231237093,12.065944030949167,11.802586931451009,11.870536726447916,1.79052734375,11.908882237596714,11.963829489601956
2021_15_TEN_PIT,2021-12-19T13:00-05:00,PIT,TEN,2021,15,False,6.0,-1.3564047026017099,-3.370237911858243,-3.1983545905604953,-2.110201431144813,1.79052734375,-3.6020380471180533,-3.609621931889636
2021_15_ATL_SF,2021-12-19T16:05-05:00,SF,ATL,2021,15,False,18.0,5.469650867058571,5.367476088304466,5.060927482626976,8.58972441151997,1.79052734375,5.149094109804848,5.009322125497803
2021_15_CIN_DEN,2021-12-19T16:05-05:00,DEN,CIN,2021,15,False,-5.0,4.903477935813676,4.659606688409049,4.6032266849086785,2.631325851074373,1.79052734375,4.510610546860967,4.4917416851846745
2021_15_GB_BAL,2021-12-19T16:25-05:00,BAL,GB,2021,15,False,-1.0,-5.396355613238136,-5.57409708343696,-5.595639094665288,-0.7256268456682604,1.79052734375,-5.751113122410718,-5.685697042811698
2021_15_NO_TB,2021-12-19T20:20-05:00,TB,NO,2021,15,False,-9.0,10.15578124731892,10.046761556905173,9.857374440497505,7.287654502777247,1.79052734375,9.791668739685242,10.4259587471069
2021_15_LV_CLE,2021-12-20T17:00-05:00,CLE,LV,2021,15,False,-2.0,2.8409174155240873,3.011843413231275,2.864421397113379,6.397571479010518,1.79052734375,2.8140140184980957,2.9218674978144126
2021_15_MIN_CHI,2021-12-20T20:15-05:00,CHI,MIN,2021,15,False,-8.0,-7.69610128093731,-6.3723817334498385,-6.483668337589883,-1.956124047159494,1.79052734375,-6.5708477872486135,-6.773396343289552
2021_15_SEA_LA,2021-12-21T19:00-05:00,LAR,SEA,2021,15,False,10.0,5.480764374776244,5.241405664978462,5.03063928996586,4.978516456175996,1.79052734375,5.10030926855333,5.28714810174856
2021_15_WAS_PHI,2021-12-21T19:00-05:00,PHI,WAS,2021,15,False,10.0,6.014668365732103,5.7450992180904725,5.437481292353253,5.459224644415533,1.79052734375,5.463701532209349,5.632225385890119
2021_16_SF_TEN,2021-12-23T20:20-05:00,TEN,SF,2021,16,False,3.0,0.20468490079129387,1.2723026923235004,0.9221995300453392,1.4514431546275182,1.79052734375,1.2103648337172306,0.9763141495166296
2021_16_CLE_GB,2021-12-25T16:30-05:00,GB,CLE,2021,16,False,2.0,4.856253943793233,5.3067232753213975,4.968730018328289,9.091880616674104,1.79052734375,5.112556594472907,4.382308438554222
2021_16_IND_ARI,2021-12-25T20:15-05:00,ARI,IND,2021,16,False,-6.0,-0.3628141727362264,-0.8272539410743234,-1.0108854614231348,0.1901592602689366,1.79052734375,-0.9029428378625475,-0.7672443730241952
2021_16_BAL_CIN,2021-12-26T13:00-05:00,CIN,BAL,2021,16,False,20.0,3.2431434408107744,2.4169476217550208,2.2736254007849155,1.380238077450282,1.79052734375,2.2753532627528266,2.5026667772915294
2021_16_BUF_NE,2021-12-26T13:00-05:00,NE,BUF,2021,16,False,-12.0,-0.25429777348945715,0.33545699097404036,0.2777482919644798,2.103557277945616,1.79052734375,0.1250585398573587,0.22923282431877512
2021_16_DET_ATL,2021-12-26T13:00-05:00,ATL,DET,2021,16,False,4.0,7.804352887871761,6.9091345862563935,6.826023360269826,3.6248291300802142,1.79052734375,6.74384402964829,6.868604909885624
2021_16_JAX_NYJ,2021-12-26T13:00-05:00,NYJ,JAX,2021,16,False,5.0,1.1896066143987472,1.570305759441418,1.4933632974547546,3.9812767498557573,1.79052734375,1.3347730330389396,1.2711785196294414
2021_16_LAC_HOU,2021-12-26T13:00-05:00,HOU,LAC,2021,16,False,12.0,-9.285407934711225,-9.349324719625638,-9.32383645845885,-5.974888840552792,1.79052734375,-9.492367583703366,-9.510092443354445
2021_16_LA_MIN,2021-12-26T13:00-05:00,MIN,LAR,2021,16,False,-7.0,-2.217227599186875,-2.478080246239288,-2.626586972038888,-1.1639003708635096,1.79052734375,-2.658965656404131,-2.746733983363285
2021_16_NYG_PHI,2021-12-26T13:00-05:00,PHI,NYG,2021,16,False,24.0,5.812086927490331,6.262368633005613,5.935855099179463,8.56274970412481,1.79052734375,6.022109896542523,5.993635527146721
2021_16_TB_CAR,2021-12-26T13:00-05:00,CAR,TB,2021,16,False,-26.0,-7.325800192483909,-8.162584115079575,-8.356083564963,-7.746061201730857,1.79052734375,-8.304572420450654,-8.959727204824828
2021_16_CHI_SEA,2021-12-26T16:05-05:00,SEA,CHI,2021,16,False,-1.0,10.300445258367283,9.435459865472506,9.330271126437324,8.294866823199484,1.79052734375,9.264033045250702,9.112954630672386
2021_16_DEN_LV,2021-12-26T16:25-05:00,LV,DEN,2021,16,False,4.0,1.1209520779147912,1.1816225035532755,1.0154834015251204,-1.3298986058785212,1.79052734375,1.0661207350868107,1.1269847789844787
2021_16_PIT_KC,2021-12-26T16:25-05:00,KC,PIT,2021,16,False,26.0,10.329989309977627,10.687029976433017,10.231571562746396,9.897653699734816,1.79052734375,10.42339721468748,10.818878111245306
2021_16_WAS_DAL,2021-12-26T20:20-05:00,DAL,WAS,2021,16,False,42.0,7.816028987008693,7.910225052929465,7.742586890150372,8.970179457181416,1.79052734375,7.689776061492063,7.8713046628996794
2021_16_MIA_NO,2021-12-27T20:15-05:00,NO,MIA,2021,16,False,-17.0,0.9501220567571385,1.1956900265520969,0.9984412263393843,6.459803077028394,1.79052734375,1.0693140957197174,1.0976683810878387
2021_17_ATL_BUF,2022-01-02T13:00-05:00,BUF,ATL,2021,17,False,14.0,12.226312243365818,12.275111383063539,11.894600213836913,15.216017853967925,1.79052734375,12.12360629368732,12.018642548769153
2021_17_JAX_NE,2022-01-02T13:00-05:00,NE,JAX,2021,17,False,40.0,15.748311913224459,15.078109515997815,14.915124590962714,19.046514852177996,1.79052734375,14.850787750883008,14.917795849254412
2021_17_KC_CIN,2022-01-02T13:00-05:00,CIN,KC,2021,17,False,3.0,-5.322917758648983,-5.0830006190589545,-5.0581768604416375,-2.1496857820534476,1.79052734375,-5.195977599738997,-5.226864962330571
2021_17_LA_BAL,2022-01-02T13:00-05:00,BAL,LAR,2021,17,False,-1.0,-7.9021523451559865,-7.089058936129211,-7.305103051105209,-1.8239257186311901,1.79052734375,-7.243171701457811,-7.675881544572647
2021_17_LV_IND,2022-01-02T13:00-05:00,IND,LV,2021,17,False,-3.0,9.586509947235342,10.121351210488008,9.912680637636296,12.068187479417455,1.79052734375,9.926317353514282,9.973396976908072
2021_17_MIA_TEN,2022-01-02T13:00-05:00,TEN,MIA,2021,17,False,31.0,3.572440533646893,4.051752169398368,3.584624750597976,3.685548953437439,1.79052734375,3.886967031869546,3.580477748423932
2021_17_NYG_CHI,2022-01-02T13:00-05:00,CHI,NYG,2021,17,False,26.0,4.383884772971525,3.9054537862442857,3.655149676041446,4.685329098953969,1.79052734375,3.761552856666646,3.740744326715653
2021_17_PHI_WAS,2022-01-02T13:00-05:00,WAS,PHI,2021,17,False,-4.0,-5.101783984386403,-5.562228149910549,-5.647086779663178,-3.7981347199438424,1.79052734375,-5.693721765504083,-5.8486736538347035
2021_17_TB_NYJ,2022-01-02T13:00-05:00,NYJ,TB,2021,17,False,-4.0,-11.63332926923864,-11.579823859576962,-11.817457013802347,-13.736906787979152,1.79052734375,-11.794276351187229,-12.018584795741182
2021_17_DEN_LAC,2022-01-02T16:05-05:00,LAC,DEN,2021,17,False,21.0,5.472884274497332,5.166932889710693,4.870497581047694,1.9466558827657703,1.79052734375,5.017042676511768,5.037651426603807
2021_17_HOU_SF,2022-01-02T16:05-05:00,SF,HOU,2021,17,False,16.0,8.40252470630582,9.091194808360097,8.803217405238417,12.012039606164382,1.79052734375,8.923799808925883,8.988558891636604
2021_17_ARI_DAL,2022-01-02T16:25-05:00,DAL,ARI,2021,17,False,-3.0,3.7053488076186585,3.3937279807612573,3.222081295433032,5.258766498763381,1.79052734375,3.1464133682733406,3.0002859845901795
2021_17_CAR_NO,2022-01-02T16:25-05:00,NO,CAR,2021,17,False,8.0,4.367146981098182,4.758770427121103,4.606383184101997,10.270600284240384,1.79052734375,4.671881187799783,4.722214481342613
2021_17_DET_SEA,2022-01-02T16:25-05:00,SEA,DET,2021,17,False,22.0,10.983210254354145,10.029714681525125,10.004703025626174,8.951810404595513,1.79052734375,9.891566408516974,9.881703051737539
2021_17_MIN_GB,2022-01-02T20:20-05:00,GB,MIN,2021,17,False,27.0,9.837908544427883,10.054025526780038,9.85997603398361,6.846763513361486,1.79052734375,9.867225307939181,9.789929167927838
2021_17_CLE_PIT,2022-01-03T20:15-05:00,PIT,CLE,2021,17,False,12.0,-0.19479162758944502,-1.120072281321847,-1.222341031605416,0.40660711052588905,1.79052734375,-1.2307294538006328,-1.7702815341962483
2021_18_KC_DEN,2022-01-08T16:30-05:00,DEN,KC,2021,18,False,-4.0,-10.524417856644511,-10.081891712681784,-10.03894601819107,-6.002057723410907,1.79052734375,-10.268539197783165,-10.326099088339333
2021_18_DAL_PHI,2022-01-08T20:15-05:00,PHI,DAL,2021,18,False,-25.0,-0.3624377981096638,0.41785148245964177,0.2748794957755202,-0.037497353826109414,1.79052734375,0.2453111332911906,0.23980500118288717
2021_18_CHI_MIN,2022-01-09T13:00-05:00,MIN,CHI,2021,18,False,14.0,4.419914436949353,4.245937594609904,4.093462622910964,3.727882956160373,1.79052734375,4.075002404248479,4.175530792692352
2021_18_CIN_CLE,2022-01-09T13:00-05:00,CLE,CIN,2021,18,False,5.0,1.1649266661754005,0.8719484093023173,0.8218103095782996,-1.8256578736116014,1.79052734375,0.6914544019194393,0.8638519138807917
2021_18_GB_DET,2022-01-09T13:00-05:00,DET,GB,2021,18,False,7.0,-12.342454089500844,-12.625027751476562,-12.64261259429426,-10.604434294053146,1.79052734375,-12.825537414235322,-12.600368162278286
2021_18_IND_JAX,2022-01-09T13:00-05:00,JAX,IND,2021,18,False,15.0,-15.010568262707132,-14.618511471659758,-14.84835951687288,-14.927079112105474,1.79052734375,-14.774481980289703,-14.797469185607035
2021_18_PIT_BAL,2022-01-09T13:00-05:00,BAL,PIT,2021,18,False,-3.0,-0.2551818542501214,0.5733216674711371,0.20471622477535512,5.182407459075187,1.79052734375,0.37092822536490644,0.28208444244295805
2021_18_TEN_HOU,2022-01-09T13:00-05:00,HOU,TEN,2021,18,False,-3.0,-9.074431164278899,-9.489728425559138,-9.316351335006765,-7.9948633171354455,1.79052734375,-9.764540823665415,-9.563217719991005
2021_18_WAS_NYG,2022-01-09T13:00-05:00,NYG,WAS,2021,18,False,-15.0,-0.29822136879841254,-0.4456001036593984,-0.5392670231097144,-1.0650626325580346,1.79052734375,-0.6036000201646994,-0.47549851112982383
2021_18_CAR_TB,2022-01-09T16:25-05:00,TB,CAR,2021,18,False,24.0,14.031656510182382,14.645140477770777,14.487250213116567,14.583588991054764,1.79052734375,14.472195029902721,15.069364228671844
2021_18_NE_MIA,2022-01-09T16:25-05:00,MIA,NE,2021,18,False,9.0,-5.224059499123516,-5.776950507576873,-5.837836268418355,-5.3488776410806915,1.79052734375,-5.883359651178249,-5.839807237494336
2021_18_NO_ATL,2022-01-09T16:25-05:00,ATL,NO,2021,18,False,-10.0,1.554060452147751,1.8145705229479256,1.780220982848197,-3.5534706158037785,1.79052734375,1.528126974992767,1.5399152762161832
2021_18_NYJ_BUF,2022-01-09T16:25-05:00,BUF,NYJ,2021,18,False,17.0,18.050978205856623,18.052471451090113,17.790387639740395,19.102936580400797,1.79052734375,17.96974092398731,17.903045393765865
2021_18_SEA_ARI,2022-01-09T16:25-05:00,ARI,SEA,2021,18,False,-8.0,1.8491420115178192,2.8761844730897077,2.6174853385291694,4.346442856058668,1.79052734375,2.784279695345698,2.966692018542154
2021_18_SF_LA,2022-01-09T16:25-05:00,LAR,SF,2021,18,False,-3.0,6.150541053248267,5.936242982474138,5.845919969890291,4.419389486122061,1.79052734375,5.832869575333026,5.999333075278185
2021_18_LAC_LV,2022-01-09T20:20-05:00,LV,LAC,2021,18,False,3.0,-2.438842757399448,-2.6018001537557973,-2.645366164568132,-0.2759564455987711,1.79052734375,-2.7563549323580663,-2.7606554213947465
2022_01_BUF_LA,2022-09-08T20:20-04:00,LAR,BUF,2022,1,False,-21.0,-1.2205292328600588,-1.0858819190985791,-1.118943466092095,0.7759611019776811,1.7814655172413794,-1.2609968058225598,-1.3533485609404612
2022_01_BAL_NYJ,2022-09-11T13:00-04:00,NYJ,BAL,2022,1,False,-15.0,-4.901523515163547,-4.8387806580104105,-5.010832847553159,-1.7909275442440222,1.7814655172413794,-5.006960345269004,-4.632464790529905
2022_01_CLE_CAR,2022-09-11T13:00-04:00,CAR,CLE,2022,1,False,-2.0,0.2610063823773924,0.45978298011692753,0.32329921758035013,-0.27530288794539937,1.7814655172413794,0.2755837744189854,0.30698663451876707
2022_01_IND_HOU,2022-09-11T13:00-04:00,HOU,IND,2022,1,False,0.0,-6.559946157470848,-5.477391727441924,-5.745397636494364,-2.5820707579605093,1.7814655172413794,-5.633416596885983,-5.673389457491647
2022_01_JAX_WAS,2022-09-11T13:00-04:00,WAS,JAX,2022,1,False,6.0,7.380656960421769,6.295750661865388,6.197093734697964,6.568697996213141,1.7814655172413794,6.126538795802678,6.105369851252805
2022_01_NE_MIA,2022-09-11T13:00-04:00,MIA,NE,2022,1,False,13.0,-2.571408917984698,-1.9636735796164648,-2.0894199420146102,-0.34827299745929396,1.7814655172413794,-2.0682067634192682,-0.5419439159172095
2022_01_NO_ATL,2022-09-11T13:00-04:00,ATL,NO,2022,1,False,-1.0,-3.9514398225969845,-1.8344442591769532,-2.1554461442921466,-1.0102250117166056,1.7814655172413794,-2.1407590762375905,-2.145930885014816
2022_01_PHI_DET,2022-09-11T13:00-04:00,DET,PHI,2022,1,False,-3.0,0.26660756801593377,-0.9657567626841745,-0.9401551471640687,-0.7088016490168165,1.7814655172413794,-1.0841854494633139,-0.6312762049776061
2022_01_PIT_CIN,2022-09-11T13:00-04:00,CIN,PIT,2022,1,False,-3.0,5.378453551231726,3.2401341912368014,3.058390381153733,4.277218464856544,1.7814655172413794,3.034885427639809,4.711779570301884
2022_01_SF_CHI,2022-09-11T13:00-04:00,CHI,SF,2022,1,False,9.0,-2.565108997212007,-3.250771084992531,-3.447595740299803,-0.8064386730610416,1.7814655172413794,-3.451951919734645,-3.8743994157394015
2022_01_GB_MIN,2022-09-11T16:25-04:00,MIN,GB,2022,1,False,16.0,-4.096801014282898,-3.8399553488118037,-3.9592648618035926,-0.1280110815097637,1.7814655172413794,-3.99579333295938,-3.708909470440399
2022_01_KC_ARI,2022-09-11T16:25-04:00,ARI,KC,2022,1,False,-23.0,-2.285362597201406,-3.1420741430641743,-3.2038249900083464,0.53496536174482,1.7814655172413794,-3.2308166575852484,-3.504305604743323
2022_01_LV_LAC,2022-09-11T16:25-04:00,LAC,LV,2022,1,False,5.0,3.002158742189282,4.230463084593643,4.018124450063922,3.642281489379478,1.7814655172413794,4.084163391992403,4.005952802915619
2022_01_NYG_TEN,2022-09-11T16:25-04:00,TEN,NYG,2022,1,False,-1.0,8.176377548424936,8.383050330259344,8.034997191297226,8.263239330498816,1.7814655172413794,8.232467975512549,7.381179803751996
2022_01_TB_DAL,2022-09-11T20:20-04:00,DAL,TB,2022,1,False,-16.0,0.11752646592804239,1.0721833279388577,0.9690753281646172,2.3056163568587533,1.7814655172413794,0.8908319878680188,-0.15802033913665792
2022_01_DEN_SEA,2022-09-12T20:15-04:00,SEA,DEN,2022,1,False,1.0,1.2364427902317336,1.2328968957948718,1.0158797813384801,4.638601680369522,1.7814655172413794,1.0446662219515743,0.9225772003398789
2022_02_LAC_KC,2022-09-15T20:15-04:00,KC,LAC,2022,2,False,3.0,8.421392748550433,7.322227167781022,7.0998240623317415,7.044642425315507,1.7814655172413794,7.152324483577436,6.4208718823736906
2022_02_CAR_NYG,2022-09-18T13:00-04:00,NYG,CAR,2022,2,False,3.0,-1.1057254310942541,1.1783594530294157,1.024534965975304,2.3896895108012566,1.7814655172413794,1.0079135577426959,0.8977419373102599
2022_02_IND_JAX,2022-09-18T13:00-04:00,JAX,IND,2022,2,False,24.0,-7.192104363215801,-6.270043819690381,-6.588558967905979,-4.4772318994897145,1.7814655172413794,-6.39910215709786,-6.4816020537508
2022_02_MIA_BAL,2022-09-18T13:00-04:00,BAL,MIA,2022,2,False,-4.0,3.911163216974302,2.1873279105472303,1.928564043866083,2.40462273153004,1.7814655172413794,2.0043194249461678,1.7653089640634836
2022_02_NE_PIT,2022-09-18T13:00-04:00,PIT,NE,2022,2,False,-3.0,0.2760305308933213,0.03088240466572756,-0.20814241796019328,0.3861784642652277,1.7814655172413794,-0.13064125245246472,0.7720440240653768
2022_02_NYJ_CLE,2022-09-18T13:00-04:00,CLE,NYJ,2022,2,False,-1.0,7.937007000152611,6.703037756604484,6.571017021224928,7.3097509602944735,1.7814655172413794,6.552522040101117,6.626338459272761
2022_02_TB_NO,2022-09-18T13:00-04:00,NO,TB,2022,2,False,-10.0,-3.0856122090543403,-4.463547692260324,-4.664983753218833,-1.3118480382964592,1.7814655172413794,-4.604958726668754,-4.707316501821711
2022_02_WAS_DET,2022-09-18T13:00-04:00,DET,WAS,2022,2,False,9.0,0.048166591907616185,0.6666010709374275,0.5899336815379342,1.0536579290724892,1.7814655172413794,0.5207038306528876,0.6352317289379714
2022_02_ATL_LA,2022-09-18T16:05-04:00,LAR,ATL,2022,2,False,4.0,5.428568847641657,5.826805549374428,5.7554014345586335,5.704886544177632,1.7814655172413794,5.658285708215919,5.975311631285537
2022_02_SEA_SF,2022-09-18T16:05-04:00,SF,SEA,2022,2,False,20.0,-0.25517613640318304,0.4175487318690217,0.18499916427406315,2.5560293926755424,1.7814655172413794,0.2662172427400944,0.6150957168317408
2022_02_ARI_LV,2022-09-18T16:25-04:00,LV,ARI,2022,2,False,-6.0,-2.5745533130073874,-0.3568181363466505,-0.4881003726474294,1.5744529469671167,1.7814655172413794,-0.5685059676775128,0.5664749160659197
2022_02_CIN_DAL,2022-09-18T16:25-04:00,DAL,CIN,2022,2,False,3.0,0.4066290469925504,2.289112210550096,2.1014094349681183,3.800304351926533,1.7814655172413794,2.1153232425960065,0.4164615603542505
2022_02_HOU_DEN,2022-09-18T16:25-04:00,DEN,HOU,2022,2,False,7.0,7.150247656357775,7.531452347159784,7.447500501962187,5.068057535640609,1.7814655172413794,7.422807692950421,7.443127013876124
2022_02_CHI_GB,2022-09-18T20:20-04:00,GB,CHI,2022,2,False,17.0,10.626661604818128,9.120935793322564,8.917358629894753,4.567277606285112,1.7814655172413794,8.942582753185707,8.941347639322926
2022_02_TEN_BUF,2022-09-19T19:15-04:00,BUF,TEN,2022,2,False,34.0,6.644494226581713,6.775508405508228,6.648109493505191,7.095242033585904,1.7814655172413794,6.610568292038397,7.727251021112587
2022_02_MIN_PHI,2022-09-19T20:30-04:00,PHI,MIN,2022,2,False,17.0,1.8358311263276548,0.8938850068514936,0.5948192850425764,2.0671672007644997,1.7814655172413794,0.7232301542189448,0.26004777477846375
2022_03_PIT_CLE,2022-09-22T20:15-04:00,CLE,PIT,2022,3,False,12.0,-0.7971741211809824,0.2847362484909931,0.06184966674423853,1.8406068299092737,1.7814655172413794,0.06639788054551488,0.5309068269663141
2022_03_BAL_NE,2022-09-25T13:00-04:00,NE,BAL,2022,3,False,-11.0,3.5850870328779396,3.416448479529156,3.2721662310632547,4.175719405995005,1.7814655172413794,3.147165443574846,2.269859002621374
2022_03_BUF_MIA,2022-09-25T13:00-04:00,MIA,BUF,2022,3,False,2.0,-5.526453900127711,-5.524964413523688,-5.4856729598707465,-2.7864160949099066,1.7814655172413794,-5.721704480802192,-6.223456123716964
2022_03_CIN_NYJ,2022-09-25T13:00-04:00,NYJ,CIN,2022,3,False,-15.0,-4.029297780568393,-3.740229176015493,-3.9382662073758268,-2.7223033926834734,1.7814655172413794,-3.940968888523244,-4.884651653039096
2022_03_DET_MIN,2022-09-25T13:00-04:00,MIN,DET,2022,3,False,4.0,3.967020526216773,4.574296133269959,4.34471936259953,4.769376085637569,1.7814655172413794,4.415409285991235,4.384859257457767
2022_03_HOU_CHI,2022-09-25T13:00-04:00,CHI,HOU,2022,3,False,3.0,2.2112713541595914,1.8719185791889055,1.800589321230495,4.093866989826697,1.7814655172413794,1.7548205140223065,1.5976803122313443
2022_03_KC_IND,2022-09-25T13:00-04:00,IND,KC,2022,3,False,3.0,-5.3857836051212935,-5.410155850709993,-5.365371073112369,-1.8979286158974347,1.7814655172413794,-5.578896502368486,-4.935297635378139
2022_03_LV_TEN,2022-09-25T13:00-04:00,TEN,LV,2022,3,False,2.0,4.651064378579081,4.113664108755099,3.7953204803425535,3.547047373396181,1.7814655172413794,4.026809045438323,3.3670321485131054
2022_03_NO_CAR,2022-09-25T13:00-04:00,CAR,NO,2022,3,False,8.0,2.092206584977011,0.46396905837869773,0.427385255196855,-1.3326126826324574,1.7814655172413794,0.3202815149006637,0.5621885181429209
2022_03_PHI_WAS,2022-09-25T13:00-04:00,WAS,PHI,2022,3,False,-16.0,-1.8730056912593736,-2.519851660421462,-2.5518679178706356,-1.3220774459990094,1.7814655172413794,-2.642222015746688,-2.3203725137718316
2022_03_JAX_LAC,2022-09-25T16:05-04:00,LAC,JAX,2022,3,False,-28.0,4.673291769738787,4.737667147658373,4.599972591513434,6.937214453868967,1.7814655172413794,4.578485805988599,4.4216012066429276
2022_03_ATL_SEA,2022-09-25T16:25-04:00,SEA,ATL,2022,3,False,-4.0,4.837048096824534,4.000181134409779,3.9778292214650066,4.573969433057979,1.7814655172413794,3.841219048991526,3.7694430564858097
2022_03_GB_TB,2022-09-25T16:25-04:00,TB,GB,2022,3,False,-2.0,1.6464600508274776,3.3804059390858368,3.209153246883428,5.741728669575318,1.7814655172413794,3.229126769900092,3.523808183331447
2022_03_LA_ARI,2022-09-25T16:25-04:00,ARI,LAR,2022,3,False,-8.0,-0.3104858778226883,0.029945631717831878,-0.1500311228681135,2.271330976931508,1.7814655172413794,-0.06551002620987822,-1.3905054351065451
2022_03_SF_DEN,2022-09-25T20:20-04:00,DEN,SF,2022,3,False,1.0,-2.4258886001676667,-1.5718722303958796,-1.6350076769701771,-0.31224293171201545,1.7814655172413794,-1.6882519948294687,-1.5908999594146844
2022_03_DAL_NYG,2022-09-26T20:15-04:00,NYG,DAL,2022,3,False,-7.0,-3.466047081448575,-3.2282271601249874,-3.4150538520080023,-2.8145871108110647,1.7814655172413794,-3.466473949035425,-2.964949737053362
2022_04_MIA_CIN,2022-09-29T20:15-04:00,CIN,MIA,2022,4,False,12.0,3.4846471574126827,2.213266768606813,2.0277282917130597,2.0593683671939234,1.7814655172413794,2.076671097758626,4.454193228002318
2022_04_MIN_NO,2022-10-02T09:30-04:00,NO,MIN,2022,4,True,-3.0,-7.148468120487015,-4.727802500299642,-3.4397996315537593,-0.25435884899671035,1.7814655172413794,-3.3832802839940825,-3.495476496097107
2022_04_BUF_BAL,2022-10-02T13:00-04:00,BAL,BUF,2022,4,False,-3.0,-3.044537424001254,-4.072758724826106,-4.208575253867336,-2.3453266105415045,1.7814655172413794,-4.315226847435722,-5.0132657036233645
2022_04_CHI_NYG,2022-10-02T13:00-04:00,NYG,CHI,2022,4,False,8.0,3.0977303415755397,2.7441106337181767,2.4622991147569504,0.47560126146211523,1.7814655172413794,2.5143816077873935,2.6452406598632474
2022_04_CLE_ATL,2022-10-02T13:00-04:00,ATL,CLE,2022,4,False,3.0,0.48714829215853983,-0.024698849925622657,-0.12283279726598983,1.027943110915565,1.7814655172413794,-0.17854181963868,-0.1788429951815927
2022_04_JAX_PHI,2022-10-02T13:00-04:00,PHI,JAX,2022,4,False,8.0,6.407968511711535,6.111837961313601,5.917222974263068,7.810339279010689,1.7814655172413794,5.941396062623669,5.608681594245523
2022_04_LAC_HOU,2022-10-02T13:00-04:00,HOU,LAC,2022,4,False,-10.0,-5.022676342454161,-3.7631113001187577,-3.8831256779387564,0.28240164076436125,1.7814655172413794,-3.9521047199085615,-3.9248597801545717
2022_04_NYJ_PIT,2022-10-02T13:00-04:00,PIT,NYJ,2022,4,False,-4.0,8.042523222499916,7.2897410693788895,7.143669776729723,6.881554244132964,1.7814655172413794,7.171487799543101,6.745534870080192
2022_04_SEA_DET,2022-10-02T13:00-04:00,DET,SEA,2022,4,False,-3.0,-1.8669302385638848,0.3549058355311361,0.23801502938715002,1.1987348714467385,1.7814655172413794,0.2182346805268695,0.38602747688975986
2022_04_TEN_IND,2022-10-02T13:00-04:00,IND,TEN,2022,4,False,-7.0,2.7724150380196995,1.410847000706628,1.5162276084661128,3.6937146903153395,1.7814655172413794,1.2030852202544355,1.880433654951129
2022_04_WAS_DAL,2022-10-02T13:00-04:00,DAL,WAS,2022,4,False,15.0,5.890703068143356,6.7053748191759475,6.584883608820608,7.780829891726011,1.7814655172413794,6.555686707355113,6.266125001874549
2022_04_ARI_CAR,2022-10-02T16:05-04:00,CAR,ARI,2022,4,False,-10.0,-0.3268878536916975,-1.5123982057062513,-1.5780483065678796,0.14641192437037098,1.7814655172413794,-1.693069332699974,-0.75608131504955
2022_04_DEN_LV,2022-10-02T16:25-04:00,LV,DEN,2022,4,False,9.0,-0.6714499632771317,-0.15383857292710584,-0.41087329297092134,1.2420283924106825,1.7814655172413794,-0.3545223089069729,-0.482445017225428
2022_04_NE_GB,2022-10-02T16:25-04:00,GB,NE,2022,4,False,3.0,7.062997374167465,6.360466512223358,6.239810940077415,4.187072556390211,1.7814655172413794,6.243732529207085,7.272482713128165
2022_04_KC_TB,2022-10-02T20:20-04:00,TB,KC,2022,4,False,-10.0,-1.819231013057752,-0.08166433014905339,-0.13785203670113821,3.3169121757276976,1.7814655172413794,-0.23977134398874822,0.33454621722863875
2022_04_LA_SF,2022-10-03T20:15-04:00,SF,LAR,2022,4,False,15.0,1.4348261581053228,1.6537695191222084,1.5234132647929663,3.4286728111329388,1.7814655172413794,1.4903934301793447,1.0494119023192598
2022_05_IND_DEN,2022-10-06T20:15-04:00,DEN,IND,2022,5,False,-3.0,1.0080018342045578,1.3478275632136594,1.1682504070928963,1.969447381091676,1.7814655172413794,1.2436887762974895,1.3056293089632147
2022_05_NYG_GB,2022-10-09T09:30-04:00,GB,NYG,2022,5,True,-5.0,7.464097531652056,6.437559785237657,7.830556249797242,5.9658940312157736,1.7814655172413794,7.779832100697625,7.812552896615729
2022_05_ATL_TB,2022-10-09T13:00-04:00,TB,ATL,2022,5,False,6.0,6.79579532557079,8.266566991631645,8.163552822787338,7.97393416701161,1.7814655172413794,8.15592694248415,8.238427567391206
2022_05_CHI_MIN,2022-10-09T13:00-04:00,MIN,CHI,2022,5,False,7.0,8.25383478558025,8.298482499446912,8.149316975628881,4.965549716117539,1.7814655172413794,8.169950840554053,8.363773072140933
2022_05_DET_NE,2022-10-09T13:00-04:00,NE,DET,2022,5,False,29.0,3.526115921162063,2.9684638567603803,2.7414702046449007,6.270391588885039,1.7814655172413794,2.7797733941386302,1.830058554482978
2022_05_HOU_JAX,2022-10-09T13:00-04:00,JAX,HOU,2022,5,False,-7.0,5.5821493573669,5.109037288086203,4.836132163987959,4.0373394743498,1.7814655172413794,4.891283497364087,4.817109803273299
2022_05_LAC_CLE,2022-10-09T13:00-04:00,CLE,LAC,2022,5,False,-2.0,0.5579798086291728,0.2079737157902961,-0.04934397068037111,2.319879243526826,1.7814655172413794,0.018582031632278895,0.024805778169655568
2022_05_MIA_NYJ,2022-10-09T13:00-04:00,NYJ,MIA,2022,5,False,23.0,-3.6570871880054976,-4.7669739508551885,-4.913902223562699,-3.4429255758166004,1.7814655172413794,-4.963588568457252,-5.029882428602727
2022_05_PIT_BUF,2022-10-09T13:00-04:00,BUF,PIT,2022,5,False,35.0,10.949882320020844,13.232386259058924,12.978343111049966,11.056706025646845,1.7814655172413794,13.10503473356366,13.884452762337364
2022_05_SEA_NO,2022-10-09T13:00-04:00,NO,SEA,2022,5,False,7.0,-4.356397664056925,-1.3450351259885114,-1.5337110355228047,2.5775174935582097,1.7814655172413794,-1.4819756945262024,-1.5162697398157072
2022_05_TEN_WAS,2022-10-09T13:00-04:00,WAS,TEN,2022,5,False,-4.0,-3.7308484067766456,-3.413549447416423,-3.419462812660161,-1.2077547653493501,1.7814655172413794,-3.5754843468610753,-3.0562328475751315
2022_05_SF_CAR,2022-10-09T16:05-04:00,CAR,SF,2022,5,False,-22.0,-5.069502376499531,-6.104838292560688,-6.188540616171516,-4.180459989863594,1.7814655172413794,-6.24029472625044,-6.1232172580774265
2022_05_DAL_LA,2022-10-09T16:25-04:00,LAR,DAL,2022,5,False,-12.0,1.2222896086349448,1.006445788077368,0.8863839723023148,0.3038862374683995,1.7814655172413794,0.8485009214392312,1.5269067544980461
2022_05_PHI_ARI,2022-10-09T16:25-04:00,ARI,PHI,2022,5,False,-3.0,0.4677347610868665,-0.13606916161634386,-0.2047125126527154,-0.05237473197380771,1.7814655172413794,-0.22768659660136553,-0.6796140620588532
2022_05_CIN_BAL,2022-10-09T20:20-04:00,BAL,CIN,2022,5,False,2.0,0.661803554049467,1.0878272153222013,0.8244231903422157,1.86911082626815,1.7814655172413794,0.8709784367593171,-0.04394849131841094
2022_05_LV_KC,2022-10-10T20:15-04:00,KC,LV,2022,5,False,1.0,11.197283417036463,10.27045749692008,10.028010617753049,8.588864823825292,1.7814655172413794,10.12269015013133,9.823243003273046
2022_06_WAS_CHI,2022-10-13T20:15-04:00,CHI,WAS,2022,6,False,-5.0,1.3548927071485921,0.5685901849884178,0.399127209938158,3.896772060112312,1.7814655172413794,0.3617524638865901,0.26854235950524696
2022_06_BAL_NYG,2022-10-16T13:00-04:00,NYG,BAL,2022,6,False,4.0,-3.4719830198096355,-2.6605295755853535,-2.7198297779400322,-1.606764552938392,1.7814655172413794,-2.7708776308773935,-2.6255154029695618
2022_06_CIN_NO,2022-10-16T13:00-04:00,NO,CIN,2022,6,False,-4.0,-4.1447380471168325,-2.408955849379119,-2.588907471393929,-0.013692592740976117,1.7814655172413794,-2.620170370876668,-3.3602781850527377
2022_06_JAX_IND,2022-10-16T13:00-04:00,IND,JAX,2022,6,False,7.0,5.436035427995394,4.483644970501374,4.506773158279643,5.757281512140681,1.7814655172413794,4.313537803563251,4.3392157348117015
2022_06_MIN_MIA,2022-10-16T13:00-04:00,MIA,MIN,2022,6,False,-8.0,-2.0074280060917316,-1.58952469149378,-1.8016533476972154,1.9859435637007758,1.7814655172413794,-1.7474574721010945,-1.8541692583602383
2022_06_NE_CLE,2022-10-16T13:00-04:00,CLE,NE,2022,6,False,-23.0,0.23302110628133654,0.38515057950550524,0.07867503471008354,-0.9419336839339634,1.7814655172413794,0.25701461152041893,1.082057031225037
2022_06_NYJ_GB,2022-10-16T13:00-04:00,GB,NYJ,2022,6,False,-17.0,9.37251845590995,9.54902535515549,9.460913530976093,7.58656157582449,1.7814655172413794,9.418581414238325,9.514534343661957
2022_06_SF_ATL,2022-10-16T13:00-04:00,ATL,SF,2022,6,False,14.0,-5.783735321167236,-5.835504955897822,-6.056339649231463,-3.4134942001924973,1.7814655172413794,-6.013094642682459,-5.9064024145577685
2022_06_TB_PIT,2022-10-16T13:00-04:00,PIT,TB,2022,6,False,2.0,-6.548456203177051,-7.246476097071669,-7.483733345607029,-4.682368855815492,1.7814655172413794,-7.4176184951124675,-7.931617604777983
2022_06_ARI_SEA,2022-10-16T16:05-04:00,SEA,ARI,2022,6,False,10.0,0.22082770063277812,0.5167192989244995,0.3996327416512027,1.424096937515556,1.7814655172413794,0.295861588882908,0.9529987206111997
2022_06_CAR_LA,2022-10-16T16:05-04:00,LAR,CAR,2022,6,False,14.0,9.162458693087876,8.767692632943302,8.647565716585703,6.929762133350696,1.7814655172413794,8.648915130090433,9.014605412676406
2022_06_BUF_KC,2022-10-16T16:25-04:00,KC,BUF,2022,6,False,-4.0,0.12707122123710013,-0.30779125684960684,-0.3555464099247454,-1.1148323184609232,1.7814655172413794,-0.48446172825339984,-1.2526336589843012
2022_06_DAL_PHI,2022-10-16T20:20-04:00,PHI,DAL,2022,6,False,9.0,2.682372251226342,3.0625032636976326,2.7844875579045194,2.0140031606186306,1.7814655172413794,2.882532157336732,2.8079656476680315
2022_06_DEN_LAC,2022-10-17T20:15-04:00,LAC,DEN,2022,6,False,3.0,5.023640661075495,4.22818236228986,3.9698634593469975,3.893098748772635,1.7814655172413794,4.037171615677993,3.966624384838195
2022_07_NO_ARI,2022-10-20T20:15-04:00,ARI,NO,2022,7,False,8.0,4.665413214411307,3.913417647294541,3.731044239925031,2.4907935188180588,1.7814655172413794,3.809907496449762,3.2838700680390587
2022_07_ATL_CIN,2022-10-23T13:00-04:00,CIN,ATL,2022,7,False,18.0,5.002741852273033,5.170532965564978,5.085869617725052,5.222687069062894,1.7814655172413794,5.083780335238314,5.59010906100912
2022_07_CLE_BAL,2022-10-23T13:00-04:00,BAL,CLE,2022,7,False,3.0,7.211384087731337,6.609101545650415,6.533009757961968,5.993750589459065,1.7814655172413794,6.473023898264856,6.207799985457246
2022_07_DET_DAL,2022-10-23T13:00-04:00,DAL,DET,2022,7,False,18.0,10.00790933932345,9.324414455238207,9.208429631665282,9.631857832377085,1.7814655172413794,9.211769123816993,8.751271573336286
2022_07_GB_WAS,2022-10-23T13:00-04:00,WAS,GB,2022,7,False,2.0,-4.773289040770073,-4.239051177043146,-4.453105508420837,-1.1298109780124612,1.7814655172413794,-4.396416161881948,-4.404364762682101
2022_07_IND_TEN,2022-10-23T13:00-04:00,TEN,IND,2022,7,False,9.0,1.5451012893069471,2.9919391882576365,2.589561168202076,2.6538484656594354,1.7814655172413794,2.841672505796706,2.2221424656574555
2022_07_NYG_JAX,2022-10-23T13:00-04:00,JAX,NYG,2022,7,False,-6.0,0.21707492111622462,0.16973447780934592,-0.11643009992376402,1.1324875021100773,1.7814655172413794,-0.019129325065125713,0.10542414789331966
2022_07_TB_CAR,2022-10-23T13:00-04:00,CAR,TB,2022,7,False,18.0,-11.323903088308455,-10.51135105476692,-10.714972486771712,-6.146831008963961,1.7814655172413794,-10.699453383636582,-10.777910068675768
2022_07_HOU_LV,2022-10-23T16:05-04:00,LV,HOU,2022,7,False,18.0,6.144855375981988,6.549987834493071,6.447602743708707,5.210647888183788,1.7814655172413794,6.433932345118185,6.347917848382702
2022_07_NYJ_DEN,2022-10-23T16:05-04:00,DEN,NYJ,2022,7,False,-7.0,-0.6834006324805313,-0.533663032366285,-0.7589077905566013,2.96004457168754,1.7814655172413794,-0.6602148209683498,-0.47310384566751407
2022_07_KC_SF,2022-10-23T16:25-04:00,SF,KC,2022,7,False,-21.0,-0.3691944669453995,-0.7020739004408303,-0.7095624323623657,1.3865208179631914,1.7814655172413794,-0.8386640960243776,-0.7560723715174635
2022_07_SEA_LAC,2022-10-23T16:25-04:00,LAC,SEA,2022,7,False,-14.0,1.7385958459336723,2.5933444858342996,2.426299324658475,2.846996240821854,1.7814655172413794,2.4643350113298244,2.55672696313498
2022_07_PIT_MIA,2022-10-23T20:20-04:00,MIA,PIT,2022,7,False,6.0,2.5511266217537427,4.387646247106686,4.333239939287178,4.443481036839861,1.7814655172413794,4.229573655590298,4.600259092529122
2022_07_CHI_NE,2022-10-24T20:15-04:00,NE,CHI,2022,7,False,-19.0,10.438228966200638,9.69158943850045,9.55407703834382,9.8809851063265,1.7814655172413794,9.516432571446257,8.994617487204177
2022_08_BAL_TB,2022-10-27T20:15-04:00,TB,BAL,2022,8,False,-5.0,-0.9443677323629076,1.6822633857312344,1.664770000145537,3.203234732592684,1.7814655172413794,1.568372814623115,1.867047223688103
2022_08_DEN_JAX,2022-10-30T09:30-04:00,JAX,DEN,2022,8,True,-4.0,-3.2861059249987217,-4.176184812633813,-3.0033622988710205,-1.9294312985976914,1.7814655172413794,-2.8848243235790476,-2.9905721619854546
2022_08_ARI_MIN,2022-10-30T13:00-04:00,MIN,ARI,2022,8,False,8.0,1.74636839908936,2.120335523448442,2.04385839297349,3.631037422870534,1.7814655172413794,1.9456457452436313,2.5206389486019534
2022_08_CAR_ATL,2022-10-30T13:00-04:00,ATL,CAR,2022,8,False,3.0,7.055559365298629,6.4202428472413535,6.2328036965684674,5.317878226384408,1.7814655172413794,6.272982932470864,6.181650017192495
2022_08_CHI_DAL,2022-10-30T13:00-04:00,DAL,CHI,2022,8,False,20.0,11.360193166765917,10.555285360656145,10.527258768604021,7.870062012390265,1.7814655172413794,10.452760608632644,10.253620353671582
2022_08_LV_NO,2022-10-30T13:00-04:00,NO,LV,2022,8,False,24.0,1.1088549277991222,1.0962081891685318,0.9251431192990649,1.0578547426938378,1.7814655172413794,0.9935791071822424,1.0027371067658017
2022_08_MIA_DET,2022-10-30T13:00-04:00,DET,MIA,2022,8,False,-4.0,-2.3377240790865974,-2.8178832529437305,-2.9562740479591287,-1.3087290269988174,1.7814655172413794,-2.9815961655990835,-2.9809623401403993
2022_08_NE_NYJ,2022-10-30T13:00-04:00,NYJ,NE,2022,8,False,-5.0,-1.767509874998291,-1.4931968052436928,-1.5791505367280243,-1.1529886123574276,1.7814655172413794,-1.6099304643910701,-1.0375155249196655
2022_08_PIT_PHI,2022-10-30T13:00-04:00,PHI,PIT,2022,8,False,22.0,9.08057060571387,10.765007362141432,10.578472829152375,9.189601035789705,1.7814655172413794,10.5685682992419,10.590257218472871
2022_08_TEN_HOU,2022-10-30T16:05-04:00,HOU,TEN,2022,8,False,-7.0,-2.427266948922124,-1.1567834770253322,-1.3875988376353834,-2.321235191048653,1.7814655172413794,-1.3105194370613709,-1.07921909092474
2022_08_NYG_SEA,2022-10-30T16:25-04:00,SEA,NYG,2022,8,False,14.0,7.251321758439275,4.01784192707721,3.9741796487478855,4.9147114319643475,1.7814655172413794,3.8385806454953437,3.920109939626227
2022_08_SF_LA,2022-10-30T16:25-04:00,LAR,SF,2022,8,False,-17.0,1.6305447699666396,0.2745172000215803,0.15666739704453958,0.9126510469797773,1.7814655172413794,0.14644952595114358,0.6061441613200919
2022_08_WAS_IND,2022-10-30T16:25-04:00,IND,WAS,2022,8,False,-1.0,1.9367037802136697,2.3927465462170927,2.2128210013160254,5.094787991952611,1.7814655172413794,2.24669169225359,2.307437030521016
2022_08_GB_BUF,2022-10-30T20:20-04:00,BUF,GB,2022,8,False,10.0,9.573486149531318,9.842032114440002,9.433000975729207,10.67058895680174,1.7814655172413794,9.675832524042887,10.216091557087207
2022_08_CIN_CLE,2022-10-31T20:15-04:00,CLE,CIN,2022,8,False,19.0,-5.4443278730963085,-5.173525466288284,-5.470654203200681,-3.0582539597567973,1.7814655172413794,-5.386168371378181,-5.896300288893954
2022_09_PHI_HOU,2022-11-03T20:15-04:00,HOU,PHI,2022,9,False,-12.0,-10.393681222849263,-9.657969230371108,-9.753138262034053,-6.564237750361556,1.7814655172413794,-9.827206693844497,-9.436252388905983
2022_09_BUF_NYJ,2022-11-06T13:00-05:00,NYJ,BUF,2022,9,False,3.0,-8.901103755352157,-9.070514893180883,-8.994073849822637,-7.013643048711792,1.7814655172413794,-9.249827698646751,-9.814312583210405
2022_09_CAR_CIN,2022-11-06T13:00-05:00,CIN,CAR,2022,9,False,21.0,9.6424996799628,9.620650270807726,9.51564128064749,8.283321368109037,1.7814655172413794,9.539932537306584,9.961300115976696
2022_09_GB_DET,2022-11-06T13:00-05:00,DET,GB,2022,9,False,6.0,-4.191786427592228,-4.0504680795499075,-4.196849406403228,-2.6019755434315393,1.7814655172413794,-4.234924241012926,-4.183507875455294
2022_09_IND_NE,2022-11-06T13:00-05:00,NE,IND,2022,9,False,23.0,5.027860940310686,5.782789050147404,5.582323125239013,6.359352495588057,1.7814655172413794,5.561740734612748,5.0424695226373135
2022_09_LAC_ATL,2022-11-06T13:00-05:00,ATL,LAC,2022,9,False,-3.0,-0.5975966796796912,-0.5271954942895017,-0.7023511416654249,2.472064859501325,1.7814655172413794,-0.6978194531342397,-0.7249950250612474
2022_09_LV_JAX,2022-11-06T13:00-05:00,JAX,LV,2022,9,False,7.0,-0.8950494845282893,-1.0294537445429268,-1.2779492371475296,-0.571543845225551,1.7814655172413794,-1.19382824551821,-1.1362323734194888
2022_09_MIA_CHI,2022-11-06T13:00-05:00,CHI,MIA,2022,9,False,-3.0,-2.197798200630018,-2.793502420680692,-3.027611988544944,0.5966974460856211,1.7814655172413794,-2.971789337140061,-3.220541669534482
2022_09_MIN_WAS,2022-11-06T13:00-05:00,WAS,MIN,2022,9,False,-3.0,-4.076709792714491,-4.502794645886296,-4.696500575918704,-1.3850044521186842,1.7814655172413794,-4.644503627786387,-4.669493848397229
2022_09_SEA_ARI,2022-11-06T16:05-05:00,ARI,SEA,2022,9,False,-10.0,-0.6225902925132538,-0.22742554551374394,-0.5111853849603545,0.43011453525139975,1.7814655172413794,-0.3466286129051679,-0.8329335816786714
2022_09_LA_TB,2022-11-06T16:25-05:00,TB,LAR,2022,9,False,3.0,1.0017541472512415,4.212730688841431,4.069681208455829,4.884739419194901,1.7814655172413794,4.028168060085825,3.8084760093743784
2022_09_TEN_KC,2022-11-06T20:20-05:00,KC,TEN,2022,9,False,3.0,12.812504961910893,12.878559329699792,12.491657718623804,7.231854268986066,1.7814655172413794,12.73662160440956,12.828370181055433
2022_09_BAL_NO,2022-11-07T20:15-05:00,NO,BAL,2022,9,False,-14.0,0.24493983004368886,-0.11581474008707926,-0.19751573481466497,1.4151956940333825,1.7814655172413794,-0.25400206250241397,-0.181908131559005
2022_10_ATL_CAR,2022-11-10T20:15-05:00,CAR,ATL,2022,10,False,10.0,-5.088491913017583,-4.256637805797142,-4.39205468604273,-0.5135425253559696,1.7814655172413794,-4.411063788605161,-4.340868034112294
2022_10_SEA_TB,2022-11-13T09:30-05:00,TB,SEA,2022,10,True,5.0,-4.591575959020778,-3.124869249201578,-1.81427446441669,-1.4254479803723137,1.7814655172413794,-1.7272799312087208,-1.4716037729293923
2022_10_CLE_MIA,2022-11-13T13:00-05:00,MIA,CLE,2022,10,False,22.0,3.2966026626314933,3.006107926995014,3.053818851780838,2.5997267966981035,1.7814655172413794,2.8866567959397704,2.995423142069819
2022_10_DEN_TEN,2022-11-13T13:00-05:00,TEN,DEN,2022,10,False,7.0,2.8505099244337684,0.35463387961409065,0.10340132076785258,5.692008158355253,1.7814655172413794,0.1606863313684923,-0.42249200907524287
2022_10_DET_CHI,2022-11-13T13:00-05:00,CHI,DET,2022,10,False,-1.0,0.6241872799783741,1.5343158567366375,1.2423324230206578,3.894216644820829,1.7814655172413794,1.378704889540121,1.084558928967705
2022_10_HOU_NYG,2022-11-13T13:00-05:00,NYG,HOU,2022,10,False,8.0,6.214528879427878,7.4218481023429215,7.264871839000218,5.227378022333835,1.7814655172413794,7.301071105208845,7.128692745458298
2022_10_JAX_KC,2022-11-13T13:00-05:00,KC,JAX,2022,10,False,10.0,12.278257954009707,12.037914588677616,11.773916797168742,11.46123510240953,1.7814655172413794,11.892636078727929,11.89586901879001
2022_10_MIN_BUF,2022-11-13T13:00-05:00,BUF,MIN,2022,10,False,-3.0,5.221089297910998,4.316042836961629,3.970002258655197,8.566372670092589,1.7814655172413794,4.128053361557621,4.149418197282357
2022_10_NO_PIT,2022-11-13T13:00-05:00,PIT,NO,2022,10,False,10.0,-0.8050691798445342,-3.4548756801022473,-3.6648487516108754,-0.9285962613285967,1.7814655172413794,-3.623559554004067,-3.8805942666540933
2022_10_IND_LV,2022-11-13T16:05-05:00,LV,IND,2022,10,False,-5.0,2.2866857624683847,3.3260763357637626,3.084364746176205,3.0508785835535113,1.7814655172413794,3.153461358700244,3.065858382054459
2022_10_ARI_LA,2022-11-13T16:25-05:00,LAR,ARI,2022,10,False,-10.0,-0.5262389452460088,-0.34316383934746236,-0.6382468041977203,2.60692615834833,1.7814655172413794,-0.46843197410054793,0.05553390558330129
2022_10_DAL_GB,2022-11-13T16:25-05:00,GB,DAL,2022,10,False,3.0,-5.028603462890681,-3.8937398495443296,-4.085401121779652,-2.541842451892168,1.7814655172413794,-4.02768426158031,-3.640711859787399
2022_10_LAC_SF,2022-11-13T20:20-05:00,SF,LAC,2022,10,False,6.0,5.5507290773503115,4.473895368255345,4.34980821190571,6.338718230524945,1.7814655172413794,4.29600550925396,4.144440000557024
2022_10_WAS_PHI,2022-11-14T20:15-05:00,PHI,WAS,2022,10,False,-11.0,10.576164326155983,11.276607206908327,11.044827452243283,10.16435212182222,1.7814655172413794,11.083130227270715,10.822238342715446
2022_11_TEN_GB,2022-11-17T20:15-05:00,GB,TEN,2022,11,False,-10.0,1.1122745393699869,0.7615133016576849,0.6777832636310045,1.0141685144734758,1.7814655172413794,0.5810186865738606,0.9841180363979134
2022_11_CAR_BAL,2022-11-20T13:00-05:00,BAL,CAR,2022,11,False,10.0,9.335606125189392,5.8701858981395905,7.109655659680408,9.206372899379524,1.7814655172413794,7.059147926114996,6.814752716146279
2022_11_CHI_ATL,2022-11-20T13:00-05:00,ATL,CHI,2022,11,False,3.0,4.867406833072916,3.829818237537406,3.721418157326509,3.2563551527008903,1.7814655172413794,3.664141372127336,3.908812263109834
2022_11_CLE_BUF,2022-11-20T13:00-05:00,BUF,CLE,2022,11,True,8.0,6.638265203207515,6.910501102258032,8.177896484475982,8.62605028334302,1.7814655172413794,8.252498465175343,8.641359167085515
2022_11_DET_NYG,2022-11-20T13:00-05:00,NYG,DET,2022,11,False,-13.0,2.786552481944531,3.8682183271658683,3.6366574636520235,4.43518676422093,1.7814655172413794,3.738701972483322,3.5118679829560175
2022_11_LA_NO,2022-11-20T13:00-05:00,NO,LAR,2022,11,False,7.0,-1.2102955474058301,0.4964712917856964,0.34000779075986953,3.155565199308861,1.7814655172413794,0.3440573703400551,-0.2601183788981616
2022_11_NYJ_NE,2022-11-20T13:00-05:00,NE,NYJ,2022,11,False,7.0,6.365531770926985,5.374072536673014,5.1692723190207355,7.227065654681326,1.7814655172413794,5.20422277533132,4.778503061089119
2022_11_PHI_IND,2022-11-20T13:00-05:00,IND,PHI,2022,11,False,-1.0,-8.071035957661175,-7.220933667835534,-7.268420431744987,-2.506890331635784,1.7814655172413794,-7.327938411719058,-7.037424899646268
2022_11_WAS_HOU,2022-11-20T13:00-05:00,HOU,WAS,2022,11,False,-13.0,-3.0632686681357884,-2.979905742817087,-3.144608093199791,-1.4231966143100645,1.7814655172413794,-3.155692354512542,-3.040015516012913
2022_11_LV_DEN,2022-11-20T16:05-05:00,DEN,LV,2022,11,False,-6.0,1.3056685892439746,2.522266573453085,2.4471737405202756,2.7420550526175607,1.7814655172413794,2.4033034748693556,2.527019070870968
2022_11_CIN_PIT,2022-11-20T16:25-05:00,PIT,CIN,2022,11,False,-7.0,-6.689195036338306,-7.873036710092266,-8.043446908708015,-3.701969775912036,1.7814655172413794,-8.019385854000873,-8.75675579457236
2022_11_DAL_MIN,2022-11-20T16:25-05:00,MIN,DAL,2022,11,False,-37.0,-1.7262057042223922,-1.050271354938692,-1.1952402439082082,0.6390265625495606,1.7814655172413794,-1.224260682739562,-0.9391963687352436
2022_11_KC_LAC,2022-11-20T20:20-05:00,LAC,KC,2022,11,False,-3.0,-5.417281679544169,-5.792603569161075,-5.839999666725504,-3.6563630138942305,1.7814655172413794,-5.938792418389983,-5.837494739385078
2022_11_SF_ARI,2022-11-21T20:15-05:00,ARI,SF,2022,11,True,-28.0,-7.162252371775241,-5.427227965339566,-4.022076283201975,-3.2688939828104067,1.7814655172413794,-4.061010786188632,-4.23077164477076
2022_12_BUF_DET,2022-11-24T12:30-05:00,DET,BUF,2022,12,False,-3.0,-7.132094237771671,-5.799200536105185,-5.637540342099167,-6.686667785116466,1.7814655172413794,-5.95625512485517,-6.246417007058442
2022_12_NYG_DAL,2022-11-24T16:30-05:00,DAL,NYG,2022,12,False,8.0,13.554831881308335,11.142374620942945,11.077608428200952,11.443269474651139,1.7814655172413794,10.991425588417242,10.894549306125004
2022_12_NE_MIN,2022-11-24T20:20-05:00,MIN,NE,2022,12,False,7.0,-0.9929133120338081,0.5116553451152686,0.4048710358435378,-0.8973338590108466,1.7814655172413794,0.3414323995583439,0.7298978192436509
2022_12_ATL_WAS,2022-11-27T13:00-05:00,WAS,ATL,2022,12,False,6.0,2.555783086371102,2.456950685393007,2.350942230827137,4.686159649127953,1.7814655172413794,2.3121126137871904,2.2159947894156895
2022_12_BAL_JAX,2022-11-27T13:00-05:00,JAX,BAL,2022,12,False,1.0,-3.7554793659191636,-4.1275820085227135,-4.265929060307336,-3.7524061824124146,1.7814655172413794,-4.320089285008286,-4.181861711435495
2022_12_CHI_NYJ,2022-11-27T13:00-05:00,NYJ,CHI,2022,12,False,21.0,3.7774685013224856,3.278663119752113,3.1733383994331827,5.234861062086511,1.7814655172413794,3.2300896957741814,3.3596409277657497
2022_12_CIN_TEN,2022-11-27T13:00-05:00,TEN,CIN,2022,12,False,-4.0,-0.014857073728512082,-0.13827138016457297,-0.3378825747215514,1.5425573770155911,1.7814655172413794,-0.28851108425183514,-1.084247421213833
2022_12_DEN_CAR,2022-11-27T13:00-05:00,CAR,DEN,2022,12,False,13.0,-3.0057200321392883,-2.590279291625823,-2.776395788216073,1.118184552274085,1.7814655172413794,-2.750337749093821,-2.7856723279105733
2022_12_HOU_MIA,2022-11-27T13:00-05:00,MIA,HOU,2022,12,False,15.0,10.932228197012218,11.464487632829314,11.41901268213508,9.501322866223706,1.7814655172413794,11.299687267644327,11.32499032920207
2022_12_TB_CLE,2022-11-27T13:00-05:00,CLE,TB,2022,12,False,6.0,-2.4258564771987947,-3.3219279998177704,-3.66764034548658,-0.8812999897736598,1.7814655172413794,-3.495425918247125,-3.615416406358544
2022_12_LAC_ARI,2022-11-27T16:05-05:00,ARI,LAC,2022,12,False,-1.0,0.8779028107241951,1.3972284024015111,1.3162964917848596,1.4697892870937301,1.7814655172413794,1.2909130270145883,0.777120886991189
2022_12_LV_SEA,2022-11-27T16:05-05:00,SEA,LV,2022,12,False,-6.0,6.601216437521912,6.191740394755874,6.113709900326734,5.933620049981123,1.7814655172413794,6.022948758614729,5.960416452733903
2022_12_LA_KC,2022-11-27T16:25-05:00,KC,LAR,2022,12,False,16.0,14.940616877015026,13.66961377616741,13.349177648046904,10.16056465017212,1.7814655172413794,13.491835271424522,13.374050131286356
2022_12_NO_SF,2022-11-27T16:25-05:00,SF,NO,2022,12,False,13.0,10.246685514441642,9.631536215024816,9.423245566396806,8.10910893885363,1.7814655172413794,9.433339473109653,9.49399681225195
2022_12_GB_PHI,2022-11-27T20:20-05:00,PHI,GB,2022,12,False,7.0,4.066320234661189,4.461581037557988,4.227180989434975,6.732258897635124,1.7814655172413794,4.278599902200315,3.8435258764241067
2022_12_PIT_IND,2022-11-28T20:15-05:00,IND,PIT,2022,12,False,-7.0,3.0192205714847673,4.570904876191536,4.551989323545005,4.552677039587984,1.7814655172413794,4.427413067621737,4.703471784108084
2022_13_BUF_NE,2022-12-01T20:15-05:00,NE,BUF,2022,13,False,-14.0,-2.4848383640264373,-3.401961663700047,-3.324334653677437,-0.20292909485920596,1.7814655172413794,-3.5561563934980103,-4.365914253684775
2022_13_CLE_HOU,2022-12-04T13:00-05:00,HOU,CLE,2022,13,False,-13.0,-6.393114282816402,-5.76920171565903,-5.972450584166973,-2.4670071445472903,1.7814655172413794,-5.9625327528004,-6.118866420063916
2022_13_DEN_BAL,2022-12-04T13:00-05:00,BAL,DEN,2022,13,False,1.0,8.451654804178645,8.052400044945479,7.762013100735096,8.478307211645193,1.7814655172413794,7.8686482098523225,7.595774006198086
2022_13_GB_CHI,2022-12-04T13:00-05:00,CHI,GB,2022,13,False,-9.0,-3.659981713869022,-3.3880303245492445,-3.6146303201048933,-1.0171825619775219,1.7814655172413794,-3.542331244571763,-3.8118444472300266
2022_13_JAX_DET,2022-12-04T13:00-05:00,DET,JAX,2022,13,False,26.0,2.92477057686414,2.79236047771116,2.7535088532535483,3.234291723759708,1.7814655172413794,2.642905109669819,2.729851296074989
2022_13_NYJ_MIN,2022-12-04T13:00-05:00,MIN,NYJ,2022,13,False,5.0,3.4199365360673277,3.392512807376016,3.298025166417136,3.205586566550582,1.7814655172413794,3.220684541334795,3.1159108535913407
2022_13_PIT_ATL,2022-12-04T13:00-05:00,ATL,PIT,2022,13,False,-3.0,1.9657791516185268,2.722153560661137,2.5795968684745763,2.499310275043154,1.7814655172413794,2.571334085434927,2.843648278417665
2022_13_TEN_PHI,2022-12-04T13:00-05:00,PHI,TEN,2022,13,False,25.0,3.325363858658192,4.10356423273435,3.9038468432179103,4.030074520891114,1.7814655172413794,3.8906082022187802,3.9036345547045204
2022_13_WAS_NYG,2022-12-04T13:00-05:00,NYG,WAS,2022,13,False,0.0,-0.5247692571218492,0.380579967602825,0.14723010001092865,-0.2961173722861874,1.7814655172413794,0.23561721523755602,0.17595351515614735
2022_13_MIA_SF,2022-12-04T16:05-05:00,SF,MIA,2022,13,False,16.0,5.10108312269138,5.037965649512822,4.870569557125692,5.896452209878365,1.7814655172413794,4.897064494641496,4.724355872538412
2022_13_SEA_LA,2022-12-04T16:05-05:00,LAR,SEA,2022,13,False,-4.0,-6.422056229126466,-5.836605975638252,-6.103008927748595,-1.3223561075765233,1.7814655172413794,-5.9652890206861775,-5.790904367014674
2022_13_KC_CIN,2022-12-04T16:25-05:00,CIN,KC,2022,13,False,3.0,-2.3492324763539782,-2.655563129662785,-2.626763782555104,0.4210825318169804,1.7814655172413794,-2.799589551683158,-2.4717892263579184
2022_13_LAC_LV,2022-12-04T16:25-05:00,LV,LAC,2022,13,False,7.0,1.7979161285277097,0.8380499393488663,0.7714976096098825,2.4529311289614237,1.7814655172413794,0.6977919724042584,0.588566590416546
2022_13_IND_DAL,2022-12-04T20:20-05:00,DAL,IND,2022,13,False,35.0,11.898179894801297,10.747194444349732,10.499248053688273,10.193432174319408,1.7814655172413794,10.587519330204138,10.33826735548611
2022_13_NO_TB,2022-12-05T20:15-05:00,TB,NO,2022,13,False,1.0,5.411705447521976,5.78173520464639,5.666288974030098,4.936278087711971,1.7814655172413794,5.632932059852122,5.893922032415905
2022_14_LV_LA,2022-12-08T20:15-05:00,LAR,LV,2022,14,False,1.0,-0.14363352466402968,-1.7938983555391521,-1.872183284152852,-0.22063252235222297,1.7814655172413794,-1.9414196641979609,-1.698565120956499
2022_14_BAL_PIT,2022-12-11T13:00-05:00,PIT,BAL,2022,14,False,-2.0,0.5518050156644154,-0.8834159898316576,-0.9875533386689048,-1.6167069480020526,1.7814655172413794,-1.054001521420633,-1.0932250157618395
2022_14_CLE_CIN,2022-12-11T13:00-05:00,CIN,CLE,2022,14,False,13.0,6.565098309122469,6.506647828479644,6.389725997317159,6.97046249295005,1.7814655172413794,6.3652426312597274,6.571679612863524
2022_14_HOU_DAL,2022-12-11T13:00-05:00,DAL,HOU,2022,14,False,4.0,19.5111724086711,18.256243523350612,18.12767558209076,16.591292078838414,1.7814655172413794,18.11939408201642,17.90788153461379
2022_14_JAX_TEN,2022-12-11T13:00-05:00,TEN,JAX,2022,14,False,-14.0,6.393662024352606,5.92877426306381,5.743768762831302,7.406606100842426,1.7814655172413794,5.819517180163253,5.560062152962472
2022_14_MIN_DET,2022-12-11T13:00-05:00,DET,MIN,2022,14,False,11.0,0.9355832877863071,0.5853763565668071,0.5069449854679755,0.14741425016072407,1.7814655172413794,0.43405952863537955,0.47177181141516356
2022_14_NYJ_BUF,2022-12-11T13:00-05:00,BUF,NYJ,2022,14,False,8.0,9.485025327887382,10.03202072730154,9.719083806020176,9.290610766963272,1.7814655172413794,9.880677756577594,10.21674295952296
2022_14_PHI_NYG,2022-12-11T13:00-05:00,NYG,PHI,2022,14,False,-26.0,-6.960115628218938,-6.608576777032418,-6.703480099311506,-5.378526218749477,1.7814655172413794,-6.740129120927424,-6.53858340379305
2022_14_KC_DEN,2022-12-11T16:05-05:00,DEN,KC,2022,14,False,-6.0,-10.452489720364172,-8.763669224917846,-8.71277426248171,-5.958819904169719,1.7814655172413794,-8.896889631683747,-8.873332533695207
2022_14_CAR_SEA,2022-12-11T16:25-05:00,SEA,CAR,2022,14,False,-6.0,8.410500887566293,7.288343068114406,7.218136750928833,6.799354332585844,1.7814655172413794,7.129945225681856,7.073535575790934
2022_14_TB_SF,2022-12-11T16:25-05:00,SF,TB,2022,14,False,28.0,3.4049574438892707,3.211196645358074,2.943858575573483,7.459451451151134,1.7814655172413794,3.002325840145135,3.038272081109935
2022_14_MIA_LAC,2022-12-11T20:20-05:00,LAC,MIA,2022,14,False,6.0,0.11346797066019781,0.48648982314292455,0.19040606457200582,0.8929222258515099,1.7814655172413794,0.31748025382052236,0.2160303443865561
2022_14_NE_ARI,2022-12-12T20:15-05:00,ARI,NE,2022,14,False,-14.0,0.25337861433474596,0.4187679089298073,0.21972157206262943,-2.0672112522872306,1.7814655172413794,0.2874923615610726,0.16275319085568438
2022_15_SF_SEA,2022-12-15T20:15-05:00,SEA,SF,2022,15,False,-8.0,-0.8233095431412005,-2.914105161036229,-2.9456884649576964,-4.340652098784006,1.7814655172413794,-3.0537922573941065,-3.301624074796936
2022_15_IND_MIN,2022-12-17T13:00-05:00,MIN,IND,2022,15,False,3.0,4.879105229998841,5.203850515170153,4.957119271150133,7.003641063164379,1.7814655172413794,5.0383482772675485,5.120955205544022
2022_15_BAL_CLE,2022-12-17T16:30-05:00,CLE,BAL,2022,15,False,10.0,1.4152838796966036,1.2511638630270419,1.0586177446774998,-0.5412458585629052,1.7814655172413794,1.1170086832869437,1.4729721097030133
2022_15_MIA_BUF,2022-12-17T20:15-05:00,BUF,MIA,2022,15,False,3.0,6.98697998206353,7.435535772912226,7.036688560568552,9.45920929366552,1.7814655172413794,7.304845616447519,7.597097703647552
2022_15_ATL_NO,2022-12-18T13:00-05:00,NO,ATL,2022,15,False,3.0,4.964561814243983,5.352855732154725,5.282215454071341,4.300082943596143,1.7814655172413794,5.250027829786081,5.133917883805594
2022_15_DAL_JAX,2022-12-18T13:00-05:00,JAX,DAL,2022,15,False,6.0,-8.937109011236348,-8.451745526811564,-8.637605027176338,-6.518377747603186,1.7814655172413794,-8.599844923991089,-8.440605892183815
2022_15_DET_NYJ,2022-12-18T13:00-05:00,NYJ,DET,2022,15,False,-3.0,-1.5490440632694977,-0.5696830545263476,-0.7644664032121504,3.160689044555581,1.7814655172413794,-0.686100819922201,-0.6984243979517042
2022_15_KC_HOU,2022-12-18T13:00-05:00,HOU,KC,2022,15,False,-6.0,-17.678393049947154,-14.576926595095145,-14.620373336394588,-9.268240015045203,1.7814655172413794,-14.75012572049595,-14.87632760145581
2022_15_PHI_CHI,2022-12-18T13:00-05:00,CHI,PHI,2022,15,False,-5.0,-11.378679687144526,-10.696288603050352,-10.90306408299548,-8.888313932819063,1.7814655172413794,-10.884891431232482,-10.800906343028345
2022_15_PIT_CAR,2022-12-18T13:00-05:00,CAR,PIT,2022,15,False,-8.0,-1.3012000872230436,0.3045335749284138,1.5324837692865487,2.588428200507006,1.7814655172413794,1.5141756156534876,1.7868533596019702
2022_15_ARI_DEN,2022-12-18T16:05-05:00,DEN,ARI,2022,15,False,9.0,-3.428907415959849,-1.0772227349415933,-1.3996678335978716,2.4509430570932276,1.7814655172413794,-1.2659019195657515,-0.9794597524377118
2022_15_NE_LV,2022-12-18T16:05-05:00,LV,NE,2022,15,False,6.0,-1.0532307312051645,0.5524360550565368,0.34213395242889966,-1.3590774472824587,1.7814655172413794,0.378540303555001,0.5670596331103531
2022_15_CIN_TB,2022-12-18T16:25-05:00,TB,CIN,2022,15,False,-11.0,-3.1854451703428133,-2.8339151211625806,-2.955839585347035,-2.658768135408537,1.7814655172413794,-3.008313743229781,-3.1793484218578123
2022_15_TEN_LAC,2022-12-18T16:25-05:00,LAC,TEN,2022,15,False,3.0,3.6166346861762575,3.190552258898324,3.070402976964245,3.099112348937854,1.7814655172413794,3.0073107650517867,3.39474737659975
2022_15_NYG_WAS,2022-12-18T20:20-05:00,WAS,NYG,2022,15,False,-8.0,5.353252666208517,4.950079611577347,4.872543308252711,6.751699766443259,1.7814655172413794,4.772693633435495,4.763018501495546
2022_15_LA_GB,2022-12-19T20:15-05:00,GB,LAR,2022,15,False,12.0,5.172425254940272,6.635713401721869,6.392466092033251,5.134377873434823,1.7814655172413794,6.462139153666662,6.3409478397001
2022_16_JAX_NYJ,2022-12-22T20:15-05:00,NYJ,JAX,2022,16,False,-16.0,2.5545864275432075,1.758859742081076,1.6828615038618102,4.807994690141328,1.7814655172413794,1.6413552140335956,1.749067240484481
2022_16_ATL_BAL,2022-12-24T13:00-05:00,BAL,ATL,2022,16,False,8.0,4.991440650327057,5.380090299044964,5.279907606172297,6.582940532953289,1.7814655172413794,5.291598180982703,5.340253723144485
2022_16_BUF_CHI,2022-12-24T13:00-05:00,CHI,BUF,2022,16,False,-22.0,-11.705531615263016,-9.93786359589837,-10.046754901718142,-8.981512920571197,1.7814655172413794,-10.144846610881109,-10.78232954159511
2022_16_CIN_NE,2022-12-24T13:00-05:00,NE,CIN,2022,16,False,-4.0,-3.105076546879529,-3.2675462280533343,-3.422459209554689,0.5066194325302051,1.7814655172413794,-3.4272376405065,-3.9212524097383286
2022_16_DET_CAR,2022-12-24T13:00-05:00,CAR,DET,2022,16,False,14.0,-2.8982511518526906,-3.1804432106705005,-3.38333737437402,-0.8827729605950783,1.7814655172413794,-3.3505293265158045,-3.3422297069418967
2022_16_NO_CLE,2022-12-24T13:00-05:00,CLE,NO,2022,16,False,-7.0,5.820428364425986,4.498687561961022,4.297040409075988,3.5178110511180987,1.7814655172413794,4.33748622827941,4.540997994175779
2022_16_NYG_MIN,2022-12-24T13:00-05:00,MIN,NYG,2022,16,False,3.0,2.8529729664182346,3.3072042160689357,3.189473076110066,6.308128577156403,1.7814655172413794,3.115391246202814,3.2507141812572753
2022_16_SEA_KC,2022-12-24T13:00-05:00,KC,SEA,2022,16,False,14.0,10.670908989119397,10.151571265739125,9.760676326636254,7.8122549166183095,1.7814655172413794,9.992681072717764,10.078375790077914
2022_16_HOU_TEN,2022-12-24T14:00-05:00,TEN,HOU,2022,16,False,-5.0,2.543893573110035,3.561426552411804,3.5483546252865636,7.35314204529384,1.7814655172413794,3.3848276551833134,3.297969316197427
2022_16_WAS_SF,2022-12-24T16:05-05:00,SF,WAS,2022,16,False,17.0,8.388885239343642,9.454958195544238,9.305873016175436,11.212724174911365,1.7814655172413794,9.276367913248087,9.616256348622805
2022_16_PHI_DAL,2022-12-24T16:25-05:00,DAL,PHI,2022,16,False,6.0,5.356385229678255,4.673774114169213,4.430009965372175,1.434442339760838,1.7814655172413794,4.499325430538695,4.588192225248327
2022_16_LV_PIT,2022-12-24T20:15-05:00,PIT,LV,2022,16,False,3.0,0.5575646456582066,-0.27941030407764056,-0.4090750035810631,0.9092879566071681,1.7814655172413794,-0.4200381546609042,-0.636701849538877
2022_16_GB_MIA,2022-12-25T13:00-05:00,MIA,GB,2022,16,False,-6.0,0.8361027079165774,1.2153031760538215,1.1022330451859363,3.0532817287436522,1.7814655172413794,1.0469803096957002,1.110115080490116
2022_16_DEN_LA,2022-12-25T16:30-05:00,LAR,DEN,2022,16,False,37.0,1.1842506321926989,0.011986062159977107,-0.07782748507703285,1.5034704858586743,1.7814655172413794,-0.14928114558614825,-0.008258905845646591
2022_16_TB_ARI,2022-12-25T20:20-05:00,ARI,TB,2022,16,False,-3.0,-2.9536706184338186,-3.9590781579168373,-4.247650589247406,0.6201943210114922,1.7814655172413794,-4.114620584557795,-4.513261932456815
2022_16_LAC_IND,2022-12-26T20:15-05:00,IND,LAC,2022,16,False,-17.0,-4.743163510554066,-3.59709680701565,-3.7296401559108885,-0.4287194646759529,1.7814655172413794,-3.729192257521056,-3.796933257330837
2022_17_DAL_TEN,2022-12-29T20:15-05:00,TEN,DAL,2022,17,False,-14.0,-11.80996954759376,-10.304907822177345,-10.434870903226102,-4.934362367435158,1.7814655172413794,-10.41490692166799,-10.255667030637445
2022_17_ARI_ATL,2023-01-01T13:00-05:00,ATL,ARI,2022,17,False,1.0,3.3165337705415316,3.0727207742147886,2.9907846638395346,3.122220085498618,1.7814655172413794,2.8739739432399114,3.0468132270568367
2022_17_CAR_TB,2023-01-01T13:00-05:00,TB,CAR,2022,17,False,6.0,4.938338104455297,4.091694760668235,4.011619511392123,3.0844981575557364,1.7814655172413794,3.942946559692709,4.127150609240203
2022_17_CHI_DET,2023-01-01T13:00-05:00,DET,CHI,2022,17,False,31.0,8.299266185240747,7.886097398585915,7.974117532425003,7.530475658375947,1.7814655172413794,7.777600349421618,7.9419864225995935
2022_17_CLE_WAS,2023-01-01T13:00-05:00,WAS,CLE,2022,17,False,-14.0,0.5250228974914539,0.632564321202949,0.511558514407718,1.8015000549899667,1.7814655172413794,0.4677687084806763,0.2399486751865213
2022_17_DEN_KC,2023-01-01T13:00-05:00,KC,DEN,2022,17,False,3.0,14.555240387945428,13.894517539458697,13.573743596581982,12.192780527951488,1.7814655172413794,13.765131489057921,13.88499866656245
2022_17_IND_NYG,2023-01-01T13:00-05:00,NYG,IND,2022,17,False,28.0,7.231928835866471,7.081440304668218,6.913646006637614,4.085922009969353,1.7814655172413794,6.93697588816531,6.887385363978003
2022_17_JAX_HOU,2023-01-01T13:00-05:00,HOU,JAX,2022,17,False,-28.0,-3.8649078288688115,-3.968062767568991,-4.094881960848867,-1.9514951959542755,1.7814655172413794,-4.104840642125996,-4.04019427790724
2022_17_MIA_NE,2023-01-01T13:00-05:00,NE,MIA,2022,17,False,2.0,3.561881105914985,2.3746452035432135,2.292573002338308,4.983102693280809,1.7814655172413794,2.2203435931215236,2.0355101295915436
2022_17_NO_PHI,2023-01-01T13:00-05:00,PHI,NO,2022,17,False,-10.0,6.633008482014381,7.154318073516958,7.040902653459755,8.774848700632091,1.7814655172413794,6.971294183518332,6.885213443137339
2022_17_NYJ_SEA,2023-01-01T16:05-05:00,SEA,NYJ,2022,17,False,17.0,3.9318537852290127,3.99008678441921,3.9681244926214747,3.3156926754238443,1.7814655172413794,3.874700313413565,3.819197337143211
2022_17_SF_LV,2023-01-01T16:05-05:00,LV,SF,2022,17,False,-3.0,-7.424709299041467,-6.789314213803799,-6.9927954975429625,-5.288987506285432,1.7814655172413794,-6.895739018054501,-7.167963599320001
2022_17_LA_LAC,2023-01-01T16:25-05:00,LAC,LAR,2022,17,False,21.0,5.087098562642576,4.787790816750747,4.488986593065571,5.127458730091085,1.7814655172413794,4.644312492241184,4.534938911667657
2022_17_MIN_GB,2023-01-01T16:25-05:00,GB,MIN,2022,17,False,24.0,4.805366559086993,4.407694034479766,4.249515852992094,3.232338836406553,1.7814655172413794,4.254576619967937,4.376421959508045
2022_17_PIT_BAL,2023-01-01T20:20-05:00,BAL,PIT,2022,17,False,-3.0,1.220955974110236,1.949665671349932,1.8534312044035437,5.038951408145542,1.7814655172413794,1.7953420334525725,1.9070859549697143
2022_18_KC_LV,2023-01-07T16:30-05:00,LV,KC,2022,18,False,-18.0,-9.260856829682279,-8.841353472586762,-8.910520422233828,-2.380590730741546,1.7814655172413794,-9.016880118679651,-9.177964440268811
2022_18_TEN_JAX,2023-01-07T20:15-05:00,JAX,TEN,2022,18,False,4.0,6.049289670393369,7.581214609396039,7.473553642407545,6.131247279896875,1.7814655172413794,7.461395132610984,7.418706841353986
2022_18_BAL_CIN,2023-01-08T13:00-05:00,CIN,BAL,2022,18,False,11.0,10.150768711550441,9.819772394206252,9.688537871609386,7.084471442703394,1.7814655172413794,9.686519784265627,9.979223812798208
2022_18_CAR_NO,2023-01-08T13:00-05:00,NO,CAR,2022,18,False,-3.0,2.78560557702676,3.4690627914102823,3.359545054585793,5.4108454975639315,1.7814655172413794,3.3537138293855344,3.310541814872897
2022_18_CLE_PIT,2023-01-08T13:00-05:00,PIT,CLE,2022,18,False,14.0,2.549555035490579,0.9949158897762034,0.843870356929327,1.734031711981956,1.7814655172413794,0.8380850653528823,0.47622888718477596
2022_18_HOU_IND,2023-01-08T13:00-05:00,IND,HOU,2022,18,False,-1.0,1.7157713498745626,1.7201362666996316,1.606796598446297,2.839336383668721,1.7814655172413794,1.580845102816796,1.4429064543220291
2022_18_MIN_CHI,2023-01-08T13:00-05:00,CHI,MIN,2022,18,False,-16.0,-7.552719843496239,-7.42723677472196,-7.695070703969099,-3.3609471164182345,1.7814655172413794,-7.64978747825717,-7.584633567839526
2022_18_NE_BUF,2023-01-08T13:00-05:00,BUF,NE,2022,18,False,12.0,7.646839604029321,8.280396792062255,7.905133828331957,7.8863405689438775,1.7814655172413794,8.142232565464372,8.61447648110193
2022_18_NYJ_MIA,2023-01-08T13:00-05:00,MIA,NYJ,2022,18,False,5.0,3.3606817370256543,2.5940371111384932,2.532077143985863,5.155361855303342,1.7814655172413794,2.3794162802847847,2.3359095745059073
2022_18_TB_ATL,2023-01-08T13:00-05:00,ATL,TB,2022,18,False,13.0,1.9159814396195307,0.29402042993204414,0.2088787298877356,0.32155611376267057,1.7814655172413794,0.07550565291811906,0.11932257580270167
2022_18_ARI_SF,2023-01-08T16:25-05:00,SF,ARI,2022,18,False,25.0,11.781692742960281,10.887129923122998,10.774767010214738,13.614020304148907,1.7814655172413794,10.673607934145618,11.040979393779761
2022_18_DAL_WAS,2023-01-08T16:25-05:00,WAS,DAL,2022,18,False,20.0,-10.37682236517063,-10.315614958645732,-10.400873451725566,-6.517520567555065,1.7814655172413794,-10.388781816597966,-10.156781220120639
2022_18_LAC_DEN,2023-01-08T16:25-05:00,DEN,LAC,2022,18,False,3.0,-6.323600265002702,-4.450862392104872,-4.592860393298494,-2.6319112715965662,1.7814655172413794,-4.6294225535136695,-4.642145807986704
2022_18_LA_SEA,2023-01-08T16:25-05:00,SEA,LAR,2022,18,False,3.0,4.197984839703204,4.592806516243645,4.427764640860312,6.165657007553631,1.7814655172413794,4.4858279164506225,4.353278700454949
2022_18_NYG_PHI,2023-01-08T16:25-05:00,PHI,NYG,2022,18,False,6.0,8.99093225299886,9.54961774469108,9.346347955506303,8.481885070952728,1.7814655172413794,9.391953119985935,9.283880867614112
2022_18_DET_GB,2023-01-08T20:20-05:00,GB,DET,2022,18,False,-4.0,4.690188682843571,4.771690888795968,4.503905089064793,4.062810294448841,1.7814655172413794,4.587747562242612,4.644191634362588
2023_01_DET_KC,2023-09-07T20:20-04:00,KC,DET,2023,1,False,-1.0,5.97236935263723,6.971853515856967,6.618761773877596,4.89309469899032,1.8020069471246623,6.825715674107752,7.013785946658539
2023_01_ARI_WAS,2023-09-10T13:00-04:00,WAS,ARI,2023,1,False,4.0,1.4434467115531597,2.6706872941151603,2.4571659639463945,3.9368573957551196,1.8020069471246623,2.503460220412154,2.588998384131963
2023_01_CAR_ATL,2023-09-10T13:00-04:00,ATL,CAR,2023,1,False,14.0,2.017507824418213,3.9323750242314865,3.9363801036041774,2.0817247134177754,1.8020069471246623,3.7489326694276675,3.6818063217015844
2023_01_CIN_CLE,2023-09-10T13:00-04:00,CLE,CIN,2023,1,False,21.0,-4.47491908707125,-3.7905996121999808,-3.998529332331743,-0.6826120575038295,1.8020069471246623,-3.9635315358410033,-4.580884158822325
2023_01_HOU_BAL,2023-09-10T13:00-04:00,BAL,HOU,2023,1,False,16.0,5.666354322818709,8.11072829128194,7.983870981148348,5.825592926207008,1.8020069471246623,7.9450197213959495,7.7569235368122875
2023_01_JAX_IND,2023-09-10T13:00-04:00,IND,JAX,2023,1,False,-10.0,-3.980929493956041,-6.211036234344695,-6.366655621824934,-1.120132747534221,1.8020069471246623,-6.339575825357885,-6.1161526223279035
2023_01_SF_PIT,2023-09-10T13:00-04:00,PIT,SF,2023,1,False,-23.0,-2.189054976078845,-1.1490912133391142,-1.2960846515155406,-1.6127490900872479,1.8020069471246623,-1.1971107509420702,-0.809992447562265
2023_01_TB_MIN,2023-09-10T13:00-04:00,MIN,TB,2023,1,False,-3.0,0.6699305018366777,0.8832986746829753,0.6365609222688556,3.28823996827274,1.8020069471246623,0.6810354411032036,1.4047380215494196
2023_01_TEN_NO,2023-09-10T13:00-04:00,NO,TEN,2023,1,False,1.0,2.7971422227627034,2.2604382163653387,2.1723645631743977,3.9188085973432814,1.8020069471246623,2.1265282509703605,2.3677803444597822
2023_01_GB_CHI,2023-09-10T16:25-04:00,CHI,GB,2023,1,False,-18.0,-4.598393339614688,-4.147798709120451,-4.380531169310422,-2.4682520735048783,1.8020069471246623,-4.286268899179857,-4.31802858411913
2023_01_LA_SEA,2023-09-10T16:25-04:00,SEA,LAR,2023,1,False,-17.0,1.527343596938215,3.0241777734124535,2.8840771049589384,4.095404228210294,1.8020069471246623,2.928126125318225,2.04021076741523
2023_01_LV_DEN,2023-09-10T16:25-04:00,DEN,LV,2023,1,False,-1.0,3.584079313436545,-0.2573707043459569,-0.45366119600686305,1.5802881612734534,1.8020069471246623,-0.4240059942821275,-0.24622423360547918
2023_01_MIA_LAC,2023-09-10T16:25-04:00,LAC,MIA,2023,1,False,-2.0,3.315605846577453,2.800140280545994,2.5251034198091786,3.072459312804362,1.8020069471246623,2.6649716721080035,3.010646778904002
2023_01_PHI_NE,2023-09-10T16:25-04:00,NE,PHI,2023,1,False,-5.0,1.259691114775332,-0.9759878303358316,-1.0020670050410483,1.4473197198729322,1.8020069471246623,-1.1641794945132626,-3.261401813369795
2023_01_DAL_NYG,2023-09-10T20:20-04:00,NYG,DAL,2023,1,False,-40.0,-0.9151036651308696,0.09127986780944025,-0.022512866668109366,-0.5015280772088784,1.8020069471246623,0.02421351883825995,-1.5492788358596596
2023_01_BUF_NYJ,2023-09-11T20:15-04:00,NYJ,BUF,2023,1,False,6.0,-4.091664424495355,-4.840187095526669,-4.735092074164602,-2.6871060158586833,1.8020069471246623,-4.885270822188872,-3.3818096052107296
2023_02_MIN_PHI,2023-09-14T20:15-04:00,PHI,MIN,2023,2,False,6.0,4.8301911819480114,6.1341973090505215,5.8895822830276865,5.7231196935007755,1.8020069471246623,6.020755927305557,7.941984128780669
2023_02_BAL_CIN,2023-09-17T13:00-04:00,CIN,BAL,2023,2,False,-3.0,5.996328156961613,4.246657692982046,4.210157751917835,2.822819832614468,1.8020069471246623,4.099282694828584,4.965812964846667
2023_02_CHI_TB,2023-09-17T13:00-04:00,TB,CHI,2023,2,False,10.0,9.326848874068085,9.428191368016765,9.493858472514315,7.226661648312599,1.8020069471246623,9.341371361746592,8.674906906984393
2023_02_GB_ATL,2023-09-17T13:00-04:00,ATL,GB,2023,2,False,1.0,-1.1252023709948904,-1.12626653259955,-1.114027420625456,0.21256138305579864,1.8020069471246623,-1.2735482876985784,-1.2330975294263287
2023_02_IND_HOU,2023-09-17T13:00-04:00,HOU,IND,2023,2,False,-11.0,0.8438470869544392,1.093631880660528,0.8992013876395779,2.5211915503412525,1.8020069471246623,0.982227693856961,0.9146016783173475
2023_02_KC_JAX,2023-09-17T13:00-04:00,JAX,KC,2023,2,False,-8.0,-3.385519772811623,-2.6369693194274166,-2.6111108902492326,0.854999773218696,1.8020069471246623,-2.786442957379364,-3.2574095936111735
2023_02_LAC_TEN,2023-09-17T13:00-04:00,TEN,LAC,2023,2,False,3.0,-1.0803285614736358,-1.6268409920441087,-1.7429905323867787,1.078493235027553,1.8020069471246623,-1.7471384179374785,-2.3978824349995063
2023_02_LV_BUF,2023-09-17T13:00-04:00,BUF,LV,2023,2,False,28.0,6.216873896938283,5.209470978347072,4.8421804694273245,6.177413802967484,1.8020069471246623,5.038352108088489,4.059167050059864
2023_02_SEA_DET,2023-09-17T13:00-04:00,DET,SEA,2023,2,False,-6.0,5.123010119924046,5.453727461925456,5.385933466533633,5.015644933907401,1.8020069471246623,5.264153732746996,5.727602854175619
2023_02_NYG_ARI,2023-09-17T16:05-04:00,ARI,NYG,2023,2,False,-3.0,-2.0828508225924356,-1.0337025180852681,-1.0977479412909565,2.55117470235786,1.8020069471246623,-1.1793956359868933,-0.5376809619094032
2023_02_SF_LA,2023-09-17T16:05-04:00,LAR,SF,2023,2,False,-7.0,-2.9904200370076803,-3.4320503005934104,-3.5579297473343567,-3.1859324744815014,1.8020069471246623,-3.512821287433614,-2.7702956206447755
2023_02_NYJ_DAL,2023-09-17T16:25-04:00,DAL,NYJ,2023,2,False,20.0,7.548589982809938,8.513069268950662,8.31558699743419,6.783285525049171,1.8020069471246623,8.305671593401733,8.98239531375441
2023_02_WAS_DEN,2023-09-17T16:25-04:00,DEN,WAS,2023,2,False,-2.0,1.4879378477272078,3.2448083497490092,3.0961163656311843,1.6206103110048278,1.8020069471246623,3.0637668836065144,3.191263087721218
2023_02_MIA_NE,2023-09-17T20:20-04:00,NE,MIA,2023,2,False,-7.0,0.7902474389849923,0.5590469404571498,0.3361536758669845,2.5053990581028174,1.8020069471246623,0.44403116214520555,0.4297452102944215
2023_02_NO_CAR,2023-09-18T19:15-04:00,CAR,NO,2023,2,False,-3.0,-2.373272455397868,-0.9440623419077107,-1.0770683567551131,1.0004306618424081,1.8020069471246623,-1.0768014368996623,-0.929596691067486
2023_02_CLE_PIT,2023-09-18T20:15-04:00,PIT,CLE,2023,2,False,4.0,0.18220979521475011,0.5526653620949904,0.48023314946491574,0.036963477592331095,1.8020069471246623,0.41539366753290025,0.30765845481250537
2023_03_NYG_SF,2023-09-21T20:15-04:00,SF,NYG,2023,3,False,18.0,10.31723652232146,8.891421794945202,8.766409936976618,10.33658598867656,1.8020069471246623,8.65638297171202,8.999745268575548
2023_03_ATL_DET,2023-09-24T13:00-04:00,DET,ATL,2023,3,False,14.0,1.7137814686659179,2.9648476212362165,2.7965645384462574,3.002613983426714,1.8020069471246623,2.8431985651896055,2.784358742159452
2023_03_BUF_WAS,2023-09-24T13:00-04:00,WAS,BUF,2023,3,False,-34.0,-6.3565487249547985,-5.820148535693557,-5.749290606367913,-2.833233403564515,1.8020069471246623,-5.895265889351132,-4.86506017550416
2023_03_DEN_MIA,2023-09-24T13:00-04:00,MIA,DEN,2023,3,False,50.0,7.406293320671365,6.375047067692743,6.441630426845229,5.629509740863089,1.8020069471246623,6.2359921435503916,6.26922723846216
2023_03_HOU_JAX,2023-09-24T13:00-04:00,JAX,HOU,2023,3,False,-20.0,8.562789986344233,7.363495808255031,7.262089717600644,7.780885668347028,1.8020069471246623,7.163922407970967,7.044806135428468
2023_03_IND_BAL,2023-09-24T13:00-04:00,BAL,IND,2023,3,False,-3.0,7.454856747626733,7.235288695868697,6.975886104979879,6.7955676587877,1.8020069471246623,7.1318862829534035,7.166385936949407
2023_03_LAC_MIN,2023-09-24T13:00-04:00,MIN,LAC,2023,3,False,-4.0,-0.17916121035535637,-0.9037703682922178,-1.0074789726426163,1.6138141712118341,1.8020069471246623,-1.052196091280539,-1.4136928915453217
2023_03_NE_NYJ,2023-09-24T13:00-04:00,NYJ,NE,2023,3,False,-5.0,-3.150582303109592,-2.2488774186219027,-2.391202193540978,1.1713219998587352,1.8020069471246623,-2.3742096719445778,-2.381947328292864
2023_03_NO_GB,2023-09-24T13:00-04:00,GB,NO,2023,3,False,1.0,4.192980543545714,4.639081869815362,4.404499583877975,4.298245089282723,1.8020069471246623,4.475835084796472,4.564453095650345
2023_03_TEN_CLE,2023-09-24T13:00-04:00,CLE,TEN,2023,3,False,24.0,2.1978468885222306,2.4975069823799525,2.3638954704217596,4.22255922386061,1.8020069471246623,2.341010444397707,2.615904213734688
2023_03_CAR_SEA,2023-09-24T16:05-04:00,SEA,CAR,2023,3,False,10.0,5.294897636695726,4.560182880552032,4.393934710997888,3.867871991919527,1.8020069471246623,4.434304831327427,3.959365125617695
2023_03_CHI_KC,2023-09-24T16:25-04:00,KC,CHI,2023,3,False,31.0,16.933490745905413,16.584014051399826,16.427394386577873,11.27967674878526,1.8020069471246623,16.467356649387437,16.81456340252383
2023_03_DAL_ARI,2023-09-24T16:25-04:00,ARI,DAL,2023,3,False,12.0,-8.111728672117165,-7.39061413950017,-7.504542611574857,-4.85794506314917,1.8020069471246623,-7.501543774393438,-8.065400886000102
2023_03_PIT_LV,2023-09-24T20:20-04:00,LV,PIT,2023,3,False,-5.0,1.0810936671082463,2.0174453848823104,1.8789179890778829,1.7735211866392648,1.8020069471246623,1.8598895577248875,1.7660139547693232
2023_03_PHI_TB,2023-09-25T19:15-04:00,TB,PHI,2023,3,False,-14.0,-0.6588454525465415,-0.7740969268155222,-0.7202634802616166,-0.3808893131434914,1.8020069471246623,-0.861865061497914,-3.0522408619499273
2023_03_LA_CIN,2023-09-25T20:15-04:00,CIN,LAR,2023,3,False,3.0,0.9467678436579257,1.7553187255406177,1.5922103988156462,3.568175541273554,1.8020069471246623,1.6287039717326193,1.9800161531939862
2023_04_DET_GB,2023-09-28T20:15-04:00,GB,DET,2023,4,False,-14.0,1.2780158870713016,1.822983710970827,1.4618843133351105,3.0945365080366565,1.8020069471246623,1.6582677249679076,1.70874315331339
2023_04_ATL_JAX,2023-10-01T09:30-04:00,JAX,ATL,2023,4,True,16.0,-1.020782252914942,0.17077655769610622,1.9430530378652162,-0.146403410918168,1.8020069471246623,2.0311721790493795,1.873255625580234
2023_04_BAL_CLE,2023-10-01T13:00-04:00,CLE,BAL,2023,4,False,-25.0,-1.7310051969752707,-2.5221375419068406,-2.6467621112623614,4.12424418110351,1.8020069471246623,-2.7220094023223727,-2.625214896808706
2023_04_CIN_TEN,2023-10-01T13:00-04:00,TEN,CIN,2023,4,False,24.0,-4.1481727170013105,-4.123573889663432,-4.3886055453495345,-0.7063824257138664,1.8020069471246623,-4.3036926038140635,-5.300541323222497
2023_04_DEN_CHI,2023-10-01T13:00-04:00,CHI,DEN,2023,4,False,-3.0,-2.554451962990366,-3.4128242521670096,-3.583180739665743,-1.0400278273466617,1.8020069471246623,-3.576445441352945,-3.670290271916544
2023_04_LA_IND,2023-10-01T13:00-04:00,IND,LAR,2023,4,False,-6.0,-4.335271684543894,-1.399498133893295,-1.58710095051529,0.5152654335771178,1.8020069471246623,-1.5279822332850237,-1.816166902186355
2023_04_MIA_BUF,2023-10-01T13:00-04:00,BUF,MIA,2023,4,False,28.0,5.113505771856169,4.9181760574481475,4.413254762555432,6.126204898347323,1.8020069471246623,4.791512749707516,3.758188406112555
2023_04_MIN_CAR,2023-10-01T13:00-04:00,CAR,MIN,2023,4,False,-8.0,-2.2768359878715065,-0.9754511292545764,-1.0680925126546494,1.251304203369521,1.8020069471246623,-1.0620336859828816,-0.9759450401990941
2023_04_PIT_HOU,2023-10-01T13:00-04:00,HOU,PIT,2023,4,False,24.0,-2.8557322858938,-0.44780811978903223,-0.5948927213653663,-0.3482564344330399,1.8020069471246623,-0.5782117400692975,-0.50500571727148
2023_04_TB_NO,2023-10-01T13:00-04:00,NO,TB,2023,4,False,-17.0,0.1828127500365926,0.4030498724223821,0.19285383153416635,4.274850935446897,1.8020069471246623,0.23613618559298954,0.7357108958772747
2023_04_WAS_PHI,2023-10-01T13:00-04:00,PHI,WAS,2023,4,False,3.0,10.39463216454898,11.13806084125585,10.87648171177755,8.061500196571986,1.8020069471246623,10.980780740247834,12.512912501820423
2023_04_LV_LAC,2023-10-01T16:05-04:00,LAC,LV,2023,4,False,7.0,8.910681464515623,9.32493423628866,9.127847814787803,5.434831535612057,1.8020069471246623,9.16290122362577,9.377778799023783
2023_04_ARI_SF,2023-10-01T16:25-04:00,SF,ARI,2023,4,False,19.0,12.248344532260827,11.224189565701696,11.079789936710352,10.42849766278545,1.8020069471246623,10.99023117435106,10.650602714137788
2023_04_NE_DAL,2023-10-01T16:25-04:00,DAL,NE,2023,4,False,35.0,4.508252956802776,5.197107425863001,5.0141823791599265,5.709919666424938,1.8020069471246623,5.036834616270622,5.549860038909552
2023_04_KC_NYJ,2023-10-01T20:20-04:00,NYJ,KC,2023,4,False,-3.0,-11.520420249644602,-11.49832427412617,-11.489332492153327,-4.280125619000995,1.8020069471246623,-11.61678343990325,-11.838958644419918
2023_04_SEA_NYG,2023-10-02T20:15-04:00,NYG,SEA,2023,4,False,-21.0,-0.34802063176578646,-0.04520431398288405,-0.2712351534306763,0.17915830051018755,1.8020069471246623,-0.19075247961210828,-0.3485986526614908
2023_05_CHI_WAS,2023-10-05T20:15-04:00,WAS,CHI,2023,5,False,-20.0,8.053024363764079,7.050343150876307,7.010197234109565,7.989119490684457,1.8020069471246623,6.96879134320955,6.971620850154395
2023_05_JAX_BUF,2023-10-08T09:30-04:00,BUF,JAX,2023,5,True,-5.0,5.580430493670898,5.932725936998466,7.526428197397593,7.799311410875954,1.8020069471246623,7.776320667320784,6.944645741954133
2023_05_BAL_PIT,2023-10-08T13:00-04:00,PIT,BAL,2023,5,False,7.0,-4.7183144725157256,-3.141271268451591,-3.2578250258131085,-1.7196308321555183,1.8020069471246623,-3.3125075887444186,-3.256891879522928
2023_05_CAR_DET,2023-10-08T13:00-04:00,DET,CAR,2023,5,False,18.0,9.18325010551781,8.692607058799814,8.665994247372058,7.991821790945314,1.8020069471246623,8.515307868256134,8.538921186638381
2023_05_HOU_ATL,2023-10-08T13:00-04:00,ATL,HOU,2023,5,False,2.0,0.6519622888191781,-1.468647336329017,-1.4765011012654887,2.216308823446333,1.8020069471246623,-1.6612283297904513,-1.7267783004577972
2023_05_NO_NE,2023-10-08T13:00-04:00,NE,NO,2023,5,False,-34.0,3.1997432072677516,2.221484790551388,2.097250477343734,2.336871638747077,1.8020069471246623,2.0745559856081073,2.0882268745662538
2023_05_NYG_MIA,2023-10-08T13:00-04:00,MIA,NYG,2023,5,False,15.0,10.148404279920177,9.194307542257866,9.192738021423004,7.634495715464684,1.8020069471246623,8.959534790195155,9.542736424920054
2023_05_TEN_IND,2023-10-08T13:00-04:00,IND,TEN,2023,5,False,7.0,-1.602004315028219,0.039040939788962836,-0.12582823809099875,0.7500537416901794,1.8020069471246623,-0.12410403802662118,0.15182337260250756
2023_05_CIN_ARI,2023-10-08T16:05-04:00,ARI,CIN,2023,5,False,-14.0,-2.8109711997178746,-1.492202851663946,-1.7489766450160957,1.235875940403956,1.8020069471246623,-1.6455186631968532,-2.3975674259764688
2023_05_PHI_LA,2023-10-08T16:05-04:00,LAR,PHI,2023,5,False,-9.0,-0.5229780605969936,-2.091901215764902,-2.173072333018662,-0.42479738274623724,1.8020069471246623,-2.2489696846332947,-3.2132703992336187
2023_05_KC_MIN,2023-10-08T16:25-04:00,MIN,KC,2023,5,False,-7.0,-7.806685175808764,-7.117454075508437,-7.128924691854998,-2.630979844055922,1.8020069471246623,-7.291542892980521,-7.5392991026388225
2023_05_NYJ_DEN,2023-10-08T16:25-04:00,DEN,NYJ,2023,5,False,-10.0,1.9917375311786332,2.9290572807038933,2.654323094638702,1.1334167014041125,1.8020069471246623,2.7482771131784327,2.7014685676122068
2023_05_DAL_SF,2023-10-08T20:20-04:00,SF,DAL,2023,5,False,32.0,4.483596496706283,4.458984021452911,4.370439800948346,4.742107034399746,1.8020069471246623,4.3011650627600435,3.541307635048277
2023_05_GB_LV,2023-10-09T20:15-04:00,LV,GB,2023,5,False,4.0,-1.0560552276212212,-0.6804014965765592,-0.7174925641133996,-0.40359542686449057,1.8020069471246623,-0.8260840124577538,-0.999850525712294
2023_06_DEN_KC,2023-10-12T20:15-04:00,KC,DEN,2023,6,False,11.0,14.920784935160066,13.747658479524958,13.593358816049996,11.617372839047848,1.8020069471246623,13.621264442536088,13.857872674798822
2023_06_BAL_TEN,2023-10-15T09:30-04:00,TEN,BAL,2023,6,True,-8.0,-5.850368596971591,-5.096501649164847,-3.1777991814419915,-2.879704816139581,1.8020069471246623,-3.2446462880007796,-3.3726078453951978
2023_06_CAR_MIA,2023-10-15T13:00-04:00,MIA,CAR,2023,6,False,21.0,11.975598983773983,10.122726239914051,10.100377469383314,8.098219211378435,1.8020069471246623,9.898076788369156,10.032968218496917
2023_06_IND_JAX,2023-10-15T13:00-04:00,JAX,IND,2023,6,False,17.0,6.411425489283319,5.972627309154884,5.795266871252253,5.730058461507621,1.8020069471246623,5.798738080028618,5.619563620523042
2023_06_MIN_CHI,2023-10-15T13:00-04:00,CHI,MIN,2023,6,False,-6.0,-5.973739242752392,-4.544098594058002,-4.844922896896115,-2.3300573722396685,1.8020069471246623,-4.713054782248678,-4.807122671018229
2023_06_NO_HOU,2023-10-15T13:00-04:00,HOU,NO,2023,6,False,7.0,0.546568391484324,1.5046306252559782,1.2825594698126723,0.1456840144342304,1.8020069471246623,1.3666557680749443,1.5382956382812225
2023_06_SEA_CIN,2023-10-15T13:00-04:00,CIN,SEA,2023,6,False,4.0,2.5171723037355864,1.9996684416762314,1.8963594038246938,1.5007108079350635,1.8020069471246623,1.865461955220765,2.844639389969074
2023_06_SF_CLE,2023-10-15T13:00-04:00,CLE,SF,2023,6,False,2.0,-13.07292040476157,-12.045462200242834,-12.228415433076655,-5.4673060392039385,1.8020069471246623,-12.174892670632698,-11.8613285315357
2023_06_WAS_ATL,2023-10-15T13:00-04:00,ATL,WAS,2023,6,False,-8.0,3.3107533934119227,2.8329721998734745,2.805624101606316,3.3625292154676294,1.8020069471246623,2.624585656381343,2.694619373863305
2023_06_NE_LV,2023-10-15T16:05-04:00,LV,NE,2023,6,False,4.0,3.543981824211209,3.8567803364655338,3.6573067765048344,3.1112206791908346,1.8020069471246623,3.661942960554587,3.4847693028154034
2023_06_ARI_LA,2023-10-15T16:25-04:00,LAR,ARI,2023,6,False,17.0,6.7911140260039655,5.533377769045776,5.343032086593291,5.269370256268072,1.8020069471246623,5.355400955854989,5.637732202475357
2023_06_DET_TB,2023-10-15T16:25-04:00,TB,DET,2023,6,False,-14.0,-0.086888534172954,-0.377832525570462,-0.5925943956539669,-0.5165263570824052,1.8020069471246623,-0.48447545996677666,-1.0602429790601602
2023_06_PHI_NYJ,2023-10-15T16:25-04:00,NYJ,PHI,2023,6,False,6.0,-5.862644820352786,-6.568291276292036,-6.575471597516341,-2.398921649618819,1.8020069471246623,-6.729620423630138,-7.851837635830562
2023_06_NYG_BUF,2023-10-15T20:20-04:00,BUF,NYG,2023,6,False,5.0,17.986783855850565,17.50418247390562,17.214949511118977,13.85316507933646,1.8020069471246623,17.337364884137713,17.016059052597846
2023_06_DAL_LAC,2023-10-16T20:15-04:00,LAC,DAL,2023,6,False,-3.0,1.5821164887973271,1.4134984509575745,1.2311903272150115,-0.2593618389786916,1.8020069471246623,1.2700307372277266,1.0229697963077455
2023_07_JAX_NO,2023-10-19T20:15-04:00,NO,JAX,2023,7,False,-7.0,0.5149827420103753,0.8365462366184888,0.7116761960981637,0.5594055530382969,1.8020069471246623,0.7182528360337266,0.7347913346049507
2023_07_ATL_TB,2023-10-22T13:00-04:00,TB,ATL,2023,7,False,-3.0,5.3467764283534,5.927364598106063,5.793711456390573,4.736531718130743,1.8020069471246623,5.836968314892532,5.462378991564775
2023_07_BUF_NE,2023-10-22T13:00-04:00,NE,BUF,2023,7,False,4.0,-9.794736372280013,-10.733775924681236,-10.568827301542811,-6.526489261265279,1.8020069471246623,-10.876473846335557,-10.019592659351115
2023_07_CLE_IND,2023-10-22T13:00-04:00,IND,CLE,2023,7,False,-1.0,-1.0999979105151896,0.3280946894630068,0.262335033837946,-1.8756691975453261,1.8020069471246623,0.15383157933276426,0.19935804068187002
2023_07_DET_BAL,2023-10-22T13:00-04:00,BAL,DET,2023,7,False,32.0,0.4154973874290382,-0.8398292595906696,-1.1424980478670008,0.17446200078785346,1.8020069471246623,-0.9293479395109792,-1.047730846584706
2023_07_LV_CHI,2023-10-22T13:00-04:00,CHI,LV,2023,7,False,18.0,-5.159703502844462,-4.554782946306064,-4.801676016541947,-1.3120986558690975,1.8020069471246623,-4.809657086861601,-4.676222405405322
2023_07_WAS_NYG,2023-10-22T13:00-04:00,NYG,WAS,2023,7,False,7.0,-1.3500779015459958,-1.0377886341343974,-1.2443219995099495,0.9523051434596224,1.8020069471246623,-1.205126550601207,-1.631542915508091
2023_07_ARI_SEA,2023-10-22T16:05-04:00,SEA,ARI,2023,7,False,10.0,9.334676826486664,8.14712505467244,8.103124922571787,7.741145184096599,1.8020069471246623,8.04669290503957,7.7398861485095685
2023_07_PIT_LA,2023-10-22T16:05-04:00,LAR,PIT,2023,7,False,-7.0,3.7154479045335895,4.012295919926058,3.8605584562596578,4.449462518201338,1.8020069471246623,3.8514785848548962,4.186090496526043
2023_07_GB_DEN,2023-10-22T16:25-04:00,DEN,GB,2023,7,False,2.0,-1.9458829726311075,-0.9292600754621057,-1.1010076712299544,-1.6679302589932599,1.8020069471246623,-1.0633151483985184,-1.0896863823582401
2023_07_LAC_KC,2023-10-22T16:25-04:00,KC,LAC,2023,7,False,14.0,8.05024507728423,7.723914349776919,7.506127406272441,6.966103480853415,1.8020069471246623,7.573776786573676,7.5621786185819015
2023_07_MIA_PHI,2023-10-22T20:20-04:00,PHI,MIA,2023,7,False,14.0,1.1417782242929897,1.717183074999354,1.310882763749537,2.9680338686977494,1.8020069471246623,1.6370240064501618,2.4974029135622593
2023_07_SF_MIN,2023-10-23T20:15-04:00,MIN,SF,2023,7,False,5.0,-6.860958142455603,-7.064387338206645,-7.196941406101835,-6.145649509098247,1.8020069471246623,-7.165345981573192,-6.9631834722136645
2023_08_TB_BUF,2023-10-26T20:15-04:00,BUF,TB,2023,8,False,6.0,10.741094420408576,10.31761468821109,9.929061574651108,9.373567093882293,1.8020069471246623,10.137150896201414,9.770457415933329
2023_08_ATL_TEN,2023-10-29T13:00-04:00,TEN,ATL,2023,8,False,5.0,-2.8272543174644857,-1.3959652755241834,-1.7488000595038438,3.222052149860191,1.8020069471246623,-1.5665742367654838,-1.4616297154827178
2023_08_HOU_CAR,2023-10-29T13:00-04:00,CAR,HOU,2023,8,False,2.0,-3.753970862951004,-4.060967454877145,-4.140680560577108,-0.8787643731662889,1.8020069471246623,-4.176671979410301,-4.248309795478736
2023_08_JAX_PIT,2023-10-29T13:00-04:00,PIT,JAX,2023,8,False,-10.0,-0.15396231852608788,-1.0884272277435119,-1.2283222307272543,-0.5030768761365829,1.8020069471246623,-1.2070830040174634,-1.1023534137814348
2023_08_LA_DAL,2023-10-29T13:00-04:00,DAL,LAR,2023,8,False,23.0,4.664887362099369,4.997047850105446,4.833930097021736,6.5298967383919155,1.8020069471246623,4.831439644982095,4.888346067421155
2023_08_MIN_GB,2023-10-29T13:00-04:00,GB,MIN,2023,8,False,-14.0,-0.15630066854680225,-0.67323017180415,-0.9048804217639486,1.996929070632646,1.8020069471246623,-0.8195739284467258,-0.798353772179627
2023_08_NE_MIA,2023-10-29T13:00-04:00,MIA,NE,2023,8,False,14.0,6.419222546823141,6.997608367715234,6.9556265273237585,6.4273823257280895,1.8020069471246623,6.833608371149262,7.012467748857653
2023_08_NO_IND,2023-10-29T13:00-04:00,IND,NO,2023,8,False,-11.0,-3.2510893187658847,-2.2214064483786005,-2.4186949187912745,0.1526753609739977,1.8020069471246623,-2.401404835591986,-2.4375504000885817
2023_08_NYJ_NYG,2023-10-29T13:00-04:00,NYG,NYJ,2023,8,False,-3.0,-0.6422682798397492,-0.9645867142393731,-1.2429894270521133,-0.418340888622589,1.8020069471246623,-1.0709889498586924,-1.5545663746927283
2023_08_PHI_WAS,2023-10-29T13:00-04:00,WAS,PHI,2023,8,False,-7.0,-6.663351415705229,-6.437665284480795,-6.505867626047493,-4.2442811225869335,1.8020069471246623,-6.57011421006112,-7.621623868373442
2023_08_CLE_SEA,2023-10-29T16:05-04:00,SEA,CLE,2023,8,False,4.0,6.429451055437848,6.453677601429253,6.375039124112682,2.646781631691071,1.8020069471246623,6.379397968710981,6.1629654709498745
2023_08_BAL_ARI,2023-10-29T16:25-04:00,ARI,BAL,2023,8,False,-7.0,-8.686268263200246,-7.143464551356062,-7.249903816987395,-5.044624656941,1.8020069471246623,-7.308564328072305,-7.17961577014162
2023_08_CIN_SF,2023-10-29T16:25-04:00,SF,CIN,2023,8,False,-14.0,2.4569275443465615,3.055814885192316,2.7640898808370533,9.22398990271376,1.8020069471246623,2.78911093070405,1.4297351932946216
2023_08_KC_DEN,2023-10-29T16:25-04:00,DEN,KC,2023,8,False,15.0,-10.772410632210313,-9.776299856157566,-9.846938017652914,-6.777214382702171,1.8020069471246623,-9.943141959825375,-10.148103762423881
2023_08_CHI_LAC,2023-10-29T20:20-04:00,LAC,CHI,2023,8,False,17.0,9.777743543556248,9.002758780548653,8.861444535861335,6.903279854861047,1.8020069471246623,8.937923413818744,9.138595109771163
2023_08_LV_DET,2023-10-30T20:15-04:00,DET,LV,2023,8,False,12.0,5.371406259090625,6.172831944740144,6.075703112973668,8.68659257704591,1.8020069471246623,5.996159157496769,6.20536086841246
2023_09_TEN_PIT,2023-11-02T20:15-04:00,PIT,TEN,2023,9,False,4.0,4.515242108533196,4.022840090305986,3.8509186807747,2.86513511341178,1.8020069471246623,3.9017705559593523,3.8658105424558755
2023_09_MIA_KC,2023-11-05T09:30-05:00,KC,MIA,2023,9,True,7.0,2.771585358490812,2.133620690205758,3.585116347084856,1.5204987883263663,1.8020069471246623,4.030821535703512,4.117622594257359
2023_09_ARI_CLE,2023-11-05T13:00-05:00,CLE,ARI,2023,9,False,27.0,8.02754886678072,7.2836175973579085,7.085639089762384,7.978353547897294,1.8020069471246623,7.13698259465898,7.011121247476439
2023_09_CHI_NO,2023-11-05T13:00-05:00,NO,CHI,2023,9,False,7.0,9.880487325107792,9.218806846068587,9.208130527869853,7.861616037243482,1.8020069471246623,9.154020258391933,9.089507266603578
2023_09_LA_GB,2023-11-05T13:00-05:00,GB,LAR,2023,9,False,17.0,4.704708690198196,4.350319362731484,4.208261780322974,2.729099296814695,1.8020069471246623,4.244757897640483,4.054502393708105
2023_09_MIN_ATL,2023-11-05T13:00-05:00,ATL,MIN,2023,9,False,-3.0,-1.9010949354433828,-1.5666661842372327,-1.7030839202892214,-1.6946436577101753,1.8020069471246623,-1.7326465984328923,-1.6626253455397237
2023_09_SEA_BAL,2023-11-05T13:00-05:00,BAL,SEA,2023,9,False,34.0,4.359554125343472,4.436000900659032,4.156885257279722,4.509813023565147,1.8020069471246623,4.285369968595959,4.413797118138452
2023_09_TB_HOU,2023-11-05T13:00-05:00,HOU,TB,2023,9,False,2.0,1.7486729988787988,2.246930593395266,2.034383027759566,2.0571841908485413,1.8020069471246623,2.090617772759139,2.4573578216341803
2023_09_WAS_NE,2023-11-05T13:00-05:00,NE,WAS,2023,9,False,-3.0,2.063026862876403,1.1749656577893264,1.156215904847806,2.8328025987013437,1.8020069471246623,0.976218464886859,1.0367683755850856
2023_09_IND_CAR,2023-11-05T16:05-05:00,CAR,IND,2023,9,False,-14.0,0.6677962661590042,0.8606578413368716,0.7535677516831845,1.7617050746672032,1.8020069471246623,0.7975976677039767,0.8803207200177487
2023_09_DAL_PHI,2023-11-05T16:25-05:00,PHI,DAL,2023,9,False,5.0,2.4234631370643758,2.923576223990049,2.7388407548920304,1.8289930023392218,1.8020069471246623,2.8238395981000624,3.25945849134386
2023_09_NYG_LV,2023-11-05T16:25-05:00,LV,NYG,2023,9,False,24.0,3.397447206917904,1.3501118716262848,1.3042093171377167,2.286372996683959,1.8020069471246623,1.1563369763846334,1.433138988685101
2023_09_BUF_CIN,2023-11-05T20:20-05:00,CIN,BUF,2023,9,False,6.0,-1.7521169070833926,-2.2534418227242474,-2.1170189714275995,-0.5852614535802614,1.8020069471246623,-2.3757878136185386,-1.1368922360642935
2023_09_LAC_NYJ,2023-11-06T20:15-05:00,NYJ,LAC,2023,9,False,-21.0,-2.450934211886678,-3.72839883688975,-3.650000246055633,1.5254611936659495,1.8020069471246623,-3.839762226430591,-4.037891006459599
2023_10_CAR_CHI,2023-11-09T20:15-05:00,CHI,CAR,2023,10,False,3.0,2.6457777090611287,1.422343507880283,1.067578100151258,3.1436539146547187,1.8020069471246623,1.1548898835557821,1.0977861943202982
2023_10_IND_NE,2023-11-12T09:30-05:00,NE,IND,2023,10,True,-4.0,-0.9742853025385285,-1.8396608381012634,0.07439141716338957,-0.3630301102973923,1.8020069471246623,0.013052508431833587,0.12012983054703003
2023_10_CLE_BAL,2023-11-12T13:00-05:00,BAL,CLE,2023,10,False,-2.0,6.53495504969739,5.483179743115021,5.330823878025425,4.932953926594854,1.8020069471246623,5.301751565014126,5.249380570730342
2023_10_GB_PIT,2023-11-12T13:00-05:00,PIT,GB,2023,10,False,4.0,2.3793887170155132,1.9145696794760976,1.812976116747532,1.5766433868002365,1.8020069471246623,1.78361780264065,1.821914601590195
2023_10_HOU_CIN,2023-11-12T13:00-05:00,CIN,HOU,2023,10,False,-3.0,6.617770707363081,4.764023909366533,4.715096156450122,6.723269808703307,1.8020069471246623,4.648031769091219,5.124661026250303
2023_10_NO_MIN,2023-11-12T13:00-05:00,MIN,NO,2023,10,False,8.0,-1.45929612040687,-0.7332163649560075,-1.1521937782316134,4.025995662800289,1.8020069471246623,-0.8854139205110432,-1.0145185628836448
2023_10_SF_JAX,2023-11-12T13:00-05:00,JAX,SF,2023,10,False,-31.0,0.05769059483285255,-0.8102669125154269,-0.8747240601146511,-0.18718127463719902,1.8020069471246623,-0.9452524755488956,-1.0592259180534163
2023_10_TEN_TB,2023-11-12T13:00-05:00,TB,TEN,2023,10,False,14.0,5.273360206423795,5.147041704183524,5.043546584019666,3.063074934639384,1.8020069471246623,5.059619919224041,4.72714389493714
2023_10_ATL_ARI,2023-11-12T16:05-05:00,ARI,ATL,2023,10,False,2.0,0.36883712462962354,1.198585316941087,1.0909501667158157,-0.5168522335670716,1.8020069471246623,1.1243609452797134,1.1083903386921201
2023_10_DET_LAC,2023-11-12T16:05-05:00,LAC,DET,2023,10,False,-3.0,1.3613400567327425,1.8575563598158782,1.5283845836596892,1.810151874490268,1.8020069471246623,1.7355264796229957,1.873549573782227
2023_10_NYG_DAL,2023-11-12T16:25-05:00,DAL,NYG,2023,10,False,32.0,14.08852396568287,13.789650686450434,13.555041514373762,12.21830657264176,1.8020069471246623,13.643546842999992,14.363508333367946
2023_10_WAS_SEA,2023-11-12T16:25-05:00,SEA,WAS,2023,10,False,3.0,3.458079819793653,3.219187108969827,3.213779974129582,4.96782691789431,1.8020069471246623,3.0631030538534008,2.963408684625072
2023_10_NYJ_LV,2023-11-12T20:20-05:00,LV,NYJ,2023,10,False,4.0,1.2946676034838076,3.2600180955514158,2.9866318984568263,1.9807832413547581,1.8020069471246623,3.106134561755745,3.0981053755423424
2023_10_DEN_BUF,2023-11-13T20:15-05:00,BUF,DEN,2023,10,False,-2.0,10.443226143890966,10.281935310636078,10.038246467083251,9.461990674093117,1.8020069471246623,10.184654005267285,9.663303139814811
2023_11_CIN_BAL,2023-11-16T20:15-05:00,BAL,CIN,2023,11,False,14.0,2.619981047396925,2.81264259904459,2.612268411928971,5.120493407775882,1.8020069471246623,2.680654522378113,2.150336996080235
2023_11_ARI_HOU,2023-11-19T13:00-05:00,HOU,ARI,2023,11,False,5.0,6.451055003576332,7.162826780108554,6.979564568241345,7.170546235121716,1.8020069471246623,6.935904125672481,7.071380688674848
2023_11_CHI_DET,2023-11-19T13:00-05:00,DET,CHI,2023,11,False,5.0,9.838320618367428,8.915176045228282,8.899991012621026,10.914550233534234,1.8020069471246623,8.708778197373098,9.058156170353481
2023_11_DAL_CAR,2023-11-19T13:00-05:00,CAR,DAL,2023,11,False,-23.0,-10.038945865059567,-9.147430052167339,-9.209080057148771,-9.40785156292462,1.8020069471246623,-9.253342538014904,-9.563796934341235
2023_11_LAC_GB,2023-11-19T13:00-05:00,GB,LAC,2023,11,False,3.0,-2.403412131909827,-2.7186004511801847,-2.844090926899229,0.1540178023203187,1.8020069471246623,-2.8966261673720926,-3.065873050589314
2023_11_LV_MIA,2023-11-19T13:00-05:00,MIA,LV,2023,11,False,7.0,9.052436285112927,8.325715628538713,8.382076473850688,6.674786876718992,1.8020069471246623,8.123620184233749,8.312373515477857
2023_11_NYG_WAS,2023-11-19T13:00-05:00,WAS,NYG,2023,11,False,-12.0,9.209963779291403,10.151973338784408,9.95757757869563,6.6961603664031895,1.8020069471246623,10.057490940704007,10.361218670461353
2023_11_PIT_CLE,2023-11-19T13:00-05:00,CLE,PIT,2023,11,False,3.0,0.7316861615559289,1.5138277234974804,1.343999315441562,6.616072047691464,1.8020069471246623,1.3613538629529307,1.2986754588030394
2023_11_TEN_JAX,2023-11-19T13:00-05:00,JAX,TEN,2023,11,False,20.0,6.260810964390265,6.959102716445003,6.807212600988418,6.698134704524039,1.8020069471246623,6.8053803895120755,6.613284361679665
2023_11_TB_SF,2023-11-19T16:05-05:00,SF,TB,2023,11,False,13.0,8.971371031729074,8.982977157741253,8.723966899339754,10.181702284717762,1.8020069471246623,8.767604753669046,8.966418728999198
2023_11_NYJ_BUF,2023-11-19T16:25-05:00,BUF,NYJ,2023,11,False,26.0,12.346365015520544,12.478557568895228,12.032521548036526,8.215041001906389,1.8020069471246623,12.32066619697985,11.868919475684521
2023_11_SEA_LA,2023-11-19T16:25-05:00,LAR,SEA,2023,11,False,1.0,0.14289912565462531,-0.014439757979495815,-0.28872843040483076,0.0002160775328063913,1.8020069471246623,-0.18335657570439712,0.24523508890164925
2023_11_MIN_DEN,2023-11-19T20:20-05:00,DEN,MIN,2023,11,False,1.0,0.9623880194704086,0.8405132492766543,0.7845673323931222,-0.8568840802138045,1.8020069471246623,0.6905191393517941,0.7408827801063977
2023_11_PHI_KC,2023-11-20T20:15-05:00,KC,PHI,2023,11,False,-4.0,5.356627716939601,4.0119712720991725,3.8203732487195716,2.4320744757486574,1.8020069471246623,3.866735217992807,3.457673564084848
2023_12_GB_DET,2023-11-23T12:30-05:00,DET,GB,2023,12,False,-7.0,7.462228847246541,6.705184400298506,6.752158708084993,5.6003131720219095,1.8020069471246623,6.548619574652545,6.6151224326879206
2023_12_WAS_DAL,2023-11-23T16:30-05:00,DAL,WAS,2023,12,False,35.0,11.536285583076486,11.579519490321204,11.451524525080035,13.411023380603199,1.8020069471246623,11.414238450447662,11.854357132597821
2023_12_SF_SEA,2023-11-23T20:20-05:00,SEA,SF,2023,12,False,-18.0,-6.850186135208315,-7.4888568958536865,-7.5040368436742515,-5.262631742315919,1.8020069471246623,-7.577696225449888,-7.645179644948004
2023_12_MIA_NYJ,2023-11-24T15:00-05:00,NYJ,MIA,2023,12,False,-21.0,-7.666666890795098,-8.17849859997585,-8.671283495528403,-2.8167155409736324,1.8020069471246623,-8.31415760461646,-8.431136127336892
2023_12_CAR_TEN,2023-11-26T13:00-05:00,TEN,CAR,2023,12,False,7.0,5.241344473882922,4.07331990719109,3.9774719710603006,5.703835098735907,1.8020069471246623,3.857764756017214,3.891669632843965
2023_12_JAX_HOU,2023-11-26T13:00-05:00,HOU,JAX,2023,12,False,-3.0,-0.8080297181937524,0.2970121686763423,0.11833537555024698,-1.1973694569034263,1.8020069471246623,0.1634410782256266,0.4238289299398885
2023_12_NE_NYG,2023-11-26T13:00-05:00,NYG,NE,2023,12,False,3.0,-4.371778108435645,-3.413335391746005,-3.585459797052008,0.668529212750677,1.8020069471246623,-3.544927585493498,-3.8442261332075804
2023_12_NO_ATL,2023-11-26T13:00-05:00,ATL,NO,2023,12,False,9.0,-2.147635816830665,-2.6004666563436674,-2.7090397315373234,-0.2551650384809112,1.8020069471246623,-2.738508277034419,-2.7905705440088546
2023_12_PIT_CIN,2023-11-26T13:00-05:00,CIN,PIT,2023,12,False,-6.0,-0.6224692080591896,1.0195480850747658,0.752631334846849,4.45142107952754,1.8020069471246623,0.8775289864974629,0.9553052548927572
2023_12_TB_IND,2023-11-26T13:00-05:00,IND,TB,2023,12,False,7.0,-0.9656091405116922,-0.2521035950003161,-0.44947967843574865,0.6902441557482095,1.8020069471246623,-0.4589934398569452,-0.3295340491794728
2023_12_CLE_DEN,2023-11-26T16:05-05:00,DEN,CLE,2023,12,False,17.0,2.017468095992829,2.45976535115089,2.2427768357280384,-1.592634762917525,1.8020069471246623,2.318878615006363,2.204164181792426
2023_12_LA_ARI,2023-11-26T16:05-05:00,ARI,LAR,2023,12,False,-23.0,-1.7538741772792041,-0.31359242707054524,-0.4754125359580308,-0.33079938646652085,1.8020069471246623,-0.4358967404331948,-0.8115069513286387
2023_12_BUF_PHI,2023-11-26T16:25-05:00,PHI,BUF,2023,12,False,3.0,-2.4796563901494757,-1.715735726921549,-1.7623029916491315,2.30229478511703,1.8020069471246623,-1.8660961785423655,-0.7645395303815758
2023_12_KC_LV,2023-11-26T16:25-05:00,LV,KC,2023,12,False,-14.0,-10.455242493978743,-9.188519909492733,-9.237360006810231,-3.5591962453613295,1.8020069471246623,-9.406952107389728,-9.764509430739272
2023_12_BAL_LAC,2023-11-26T20:20-05:00,LAC,BAL,2023,12,False,-10.0,-0.10114630617913678,-0.24455357828127333,-0.4812370458756452,-0.9826592256403952,1.8020069471246623,-0.40814725385685136,-0.2473388375165273
2023_12_CHI_MIN,2023-11-27T20:15-05:00,MIN,CHI,2023,12,False,-2.0,4.310072967684838,3.827536375937527,3.537527741910501,8.984336089815228,1.8020069471246623,3.6346424909669413,3.7184636028036264
2023_13_SEA_DAL,2023-11-30T20:15-05:00,DAL,SEA,2023,13,False,6.0,11.020581158300837,11.2713436730367,10.977705465474772,12.36644488642414,1.8020069471246623,11.130879439098647,11.56724654569662
2023_13_ARI_PIT,2023-12-03T13:00-05:00,PIT,ARI,2023,13,False,-14.0,7.4688778883113205,6.359434612861879,6.287771246129848,9.439007111905616,1.8020069471246623,6.178709516724767,6.2828449330903755
2023_13_ATL_NYJ,2023-12-03T13:00-05:00,NYJ,ATL,2023,13,False,-5.0,-3.1745965213925356,-3.514153038049886,-3.845506428511407,0.15627270555004857,1.8020069471246623,-3.648733430232468,-3.6628481614122497
2023_13_DEN_HOU,2023-12-03T13:00-05:00,HOU,DEN,2023,13,False,5.0,0.39750298246780336,1.0761050024027783,0.9225952095869407,1.1791423933411305,1.8020069471246623,0.8954044421020408,1.099757267513369
2023_13_DET_NO,2023-12-03T13:00-05:00,NO,DET,2023,13,False,-5.0,-1.6450451323135324,-0.44921405599079933,-0.6899556283140901,-0.274975506037507,1.8020069471246623,-0.5707394436522613,-0.6738459029668831
2023_13_IND_TEN,2023-12-03T13:00-05:00,TEN,IND,2023,13,False,-3.0,0.619376414662991,-0.7990012798791445,-0.8976319253017239,0.9438552605697073,1.8020069471246623,-0.9531292961389358,-0.8373623657441512
2023_13_LAC_NE,2023-12-03T13:00-05:00,NE,LAC,2023,13,False,-6.0,-3.4656698433868742,-4.0271770003927045,-4.048095310541484,-1.95442244953954,1.8020069471246623,-4.197404474452066,-4.453460448269639
2023_13_MIA_WAS,2023-12-03T13:00-05:00,WAS,MIA,2023,13,False,-30.0,-7.172685253761462,-7.191758420697841,-7.737566007593988,-6.1904171171033155,1.8020069471246623,-7.257667324231406,-7.4629722247544805
2023_13_CAR_TB,2023-12-03T16:05-05:00,TB,CAR,2023,13,False,3.0,6.105614669002769,8.46923335474558,8.405621223883657,8.317697040969836,1.8020069471246623,8.30692265452145,8.138676924590243
2023_13_CLE_LA,2023-12-03T16:25-05:00,LAR,CLE,2023,13,False,17.0,3.2586465386505203,2.7953385092176126,2.652922673212514,-0.0035647777934597613,1.8020069471246623,2.63903547177402,2.9766988143794197
2023_13_SF_PHI,2023-12-03T16:25-05:00,PHI,SF,2023,13,False,-23.0,-3.5361165979901394,-2.8461870282688877,-3.0434085473273433,-0.9704527055912013,1.8020069471246623,-2.945035637988984,-2.306812525422675
2023_13_KC_GB,2023-12-03T20:20-05:00,GB,KC,2023,13,False,8.0,-6.165657659844015,-5.546677544853948,-5.653139779322272,-1.5238226701710866,1.8020069471246623,-5.771004730701744,-6.08042828276322
2023_13_CIN_JAX,2023-12-04T20:15-05:00,JAX,CIN,2023,13,False,-3.0,5.685749028718308,5.93623687713122,5.834169666843497,4.854816017985103,1.8020069471246623,5.772322787645416,5.480290903370127
2023_14_NE_PIT,2023-12-07T20:15-05:00,PIT,NE,2023,14,False,-3.0,5.246531253586775,4.901592423349767,4.78643250316873,4.796816654368966,1.8020069471246623,4.794073459756307,4.887793513907219
2023_14_CAR_NO,2023-12-10T13:00-05:00,NO,CAR,2023,14,False,22.0,8.305964543649186,7.268467041968529,7.190894907576739,7.736485184792063,1.8020069471246623,7.05873634224848,7.107785359069284
2023_14_DET_CHI,2023-12-10T13:00-05:00,CHI,DET,2023,14,False,15.0,-3.051848563128927,-2.423826757985635,-2.771137794738417,-3.6128958409135006,1.8020069471246623,-2.5192025150356483,-2.8749412677633654
2023_14_HOU_NYJ,2023-12-10T13:00-05:00,NYJ,HOU,2023,14,False,24.0,-4.11520935917596,-5.63249198872402,-5.573708495606453,-1.5561082682028848,1.8020069471246623,-5.739392081516185,-5.931092703117078
2023_14_IND_CIN,2023-12-10T13:00-05:00,CIN,IND,2023,14,False,20.0,3.982460631408175,2.9748660178437456,2.7137299254436584,5.1137607213736285,1.8020069471246623,2.8752932986675006,3.112784306574175
2023_14_JAX_CLE,2023-12-10T13:00-05:00,CLE,JAX,2023,14,False,4.0,1.1503171361237214,-0.48225428954011673,-0.6050641472527492,0.4706769597852265,1.8020069471246623,-0.6036456876513022,-0.5066531701464891
2023_14_LA_BAL,2023-12-10T13:00-05:00,BAL,LAR,2023,14,False,6.0,6.404993665316765,6.238394834901218,6.08665048395743,8.12922482035403,1.8020069471246623,6.080937365588158,5.794578794461976
2023_14_TB_ATL,2023-12-10T13:00-05:00,ATL,TB,2023,14,False,-4.0,-0.9659738462738854,-0.08485939139426923,-0.16075742412537974,2.0906497072223686,1.8020069471246623,-0.27621952646959413,-0.22426477648990262
2023_14_MIN_LV,2023-12-10T16:05-05:00,LV,MIN,2023,14,False,-3.0,-1.3802441341193135,-0.6174652784407522,-0.62480336749281,-1.389927007081297,1.8020069471246623,-0.7632508187837126,-0.6369383465026116
2023_14_SEA_SF,2023-12-10T16:05-05:00,SF,SEA,2023,14,False,12.0,13.559879106966168,15.139225216252196,15.029632928637334,13.19575361448672,1.8020069471246623,14.984025985223962,14.990945167904407
2023_14_BUF_KC,2023-12-10T16:25-05:00,KC,BUF,2023,14,False,-3.0,-1.1540046069546834,-0.11958825594453604,-0.10142139955502627,1.3906595619546804,1.8020069471246623,-0.2503162831402218,0.45245832981859413
2023_14_DEN_LAC,2023-12-10T16:25-05:00,LAC,DEN,2023,14,False,-17.0,3.7800065977397943,3.4550041768278077,3.3049278035950582,3.959389244364589,1.8020069471246623,3.320805418124906,3.6010089477811045
2023_14_PHI_DAL,2023-12-10T20:20-05:00,DAL,PHI,2023,14,False,20.0,6.355342445770846,6.22821571417278,6.117805622954998,7.186177244565002,1.8020069471246623,6.073219668132406,5.733341306146933
2023_14_GB_NYG,2023-12-11T20:15-05:00,NYG,GB,2023,14,False,2.0,-6.27198620546048,-6.6741954005591335,-6.660512667716874,-3.8526984969151803,1.8020069471246623,-6.867095199031432,-7.208151152345616
2023_14_TEN_MIA,2023-12-11T20:15-05:00,MIA,TEN,2023,14,False,-1.0,11.529860986747607,11.687499970059378,11.73627414869525,11.220809243198056,1.8020069471246623,11.542435649850251,11.65063075477576
2023_15_LAC_LV,2023-12-14T20:15-05:00,LV,LAC,2023,15,False,42.0,-0.31467704387486173,0.4358995900376612,0.38964069802071677,-0.3234287511885965,1.8020069471246623,0.24975056454027833,0.1754028568589856
2023_15_MIN_CIN,2023-12-16T13:00-05:00,CIN,MIN,2023,15,False,3.0,4.254625857077997,3.322988995533213,3.185498135571601,3.51683543227412,1.8020069471246623,3.213547671192077,3.4244749501272183
2023_15_PIT_IND,2023-12-16T16:30-05:00,IND,PIT,2023,15,False,17.0,0.6638925459503776,1.854622138125897,1.738229044008617,1.8273517007543583,1.8020069471246623,1.6530907692614534,1.5020965112466476
2023_15_DEN_DET,2023-12-16T20:15-05:00,DET,DEN,2023,15,False,25.0,2.605088489234549,1.3783708854191596,1.48983870946278,2.0268859512282367,1.8020069471246623,1.162149249478449,1.335590926883411
2023_15_ATL_CAR,2023-12-17T13:00-05:00,CAR,ATL,2023,15,False,2.0,-3.9017614071940603,-3.159796455817657,-3.505659636953361,-2.7236570751456464,1.8020069471246623,-3.263875033080502,-3.1874303099116936
2023_15_CHI_CLE,2023-12-17T13:00-05:00,CLE,CHI,2023,15,False,3.0,1.1918822505834048,0.7606632820916815,0.5762274791877058,5.373811252209148,1.8020069471246623,0.5766279402065204,0.8146209935120172
2023_15_HOU_TEN,2023-12-17T13:00-05:00,TEN,HOU,2023,15,False,-3.0,4.97795832105516,3.723539994144734,3.7842556763123847,2.070571844582754,1.8020069471246623,3.5735136626765787,3.5411359070242967
2023_15_KC_NE,2023-12-17T13:00-05:00,NE,KC,2023,15,False,-10.0,-8.522716562025929,-8.804366139474627,-8.835107035305052,-4.355555197458941,1.8020069471246623,-8.989271217497244,-9.404947468990253
2023_15_NYG_NO,2023-12-17T13:00-05:00,NO,NYG,2023,15,False,18.0,7.657423922469561,7.888094540195118,7.755279843682876,6.8501368736582355,1.8020069471246623,7.772525940985975,8.050972690135191
2023_15_NYJ_MIA,2023-12-17T13:00-05:00,MIA,NYJ,2023,15,False,30.0,12.277029378544922,11.862645140827404,11.84887265547705,10.014367969503986,1.8020069471246623,11.650293371097646,11.858353886792754
2023_15_TB_GB,2023-12-17T13:00-05:00,GB,TB,2023,15,False,-14.0,3.10710642724052,3.0617389639770156,2.808418381510778,4.454064431786288,1.8020069471246623,2.8545166628651377,2.980993110928538
2023_15_SF_ARI,2023-12-17T16:05-05:00,ARI,SF,2023,15,False,-16.0,-10.781377318160796,-11.60287464111202,-11.746552039804156,-12.808868561119356,1.8020069471246623,-11.656321892677276,-11.710060280388099
2023_15_WAS_LA,2023-12-17T16:05-05:00,LAR,WAS,2023,15,False,8.0,9.692151810018807,8.988827362958824,8.973776221341522,9.58502399926931,1.8020069471246623,8.837131564980359,9.239332353412786
2023_15_DAL_BUF,2023-12-17T16:25-05:00,BUF,DAL,2023,15,False,21.0,1.341374674942128,1.0007213022484098,0.6750667002952607,-1.2248650514255006,1.8020069471246623,0.8706800768813888,0.3329335541275704
2023_15_BAL_JAX,2023-12-17T20:20-05:00,JAX,BAL,2023,15,False,-16.0,-3.138227106670586,-2.2924750195765307,-2.454401742942982,-1.2518790855043718,1.8020069471246623,-2.467875274023178,-2.661859153006328
2023_15_PHI_SEA,2023-12-18T20:15-05:00,SEA,PHI,2023,15,False,3.0,-0.4526267054348257,-3.3250524730629625,-3.445265800102793,-0.67458268115139,1.8020069471246623,-3.501160236429231,-3.889789047076057
2023_16_NO_LA,2023-12-21T20:15-05:00,LAR,NO,2023,16,False,8.0,2.937071367947517,1.874569310381626,1.5650287629929627,2.057694206320618,1.8020069471246623,1.725626088884666,2.0170936353398883
2023_16_CIN_PIT,2023-12-23T16:30-05:00,PIT,CIN,2023,16,False,23.0,-4.275221530481398,-5.107622495487639,-5.249825498641954,-2.7732342789448055,1.8020069471246623,-5.222108662651611,-5.341038408395319
2023_16_BUF_LAC,2023-12-23T20:00-05:00,LAC,BUF,2023,16,False,-2.0,-11.60748436774733,-13.08181807133914,-13.039610016743424,-6.146996736766527,1.8020069471246623,-13.227686271430045,-13.025551244983362
2023_16_CLE_HOU,2023-12-24T13:00-05:00,HOU,CLE,2023,16,False,-14.0,-1.4943052561944885,-0.4563021483079577,-0.569578240538855,0.23086402793844396,1.8020069471246623,-0.6120615981161543,-0.5784557592598601
2023_16_DET_MIN,2023-12-24T13:00-05:00,MIN,DET,2023,16,False,-6.0,-1.453208243568837,-1.0116298689827332,-1.3615260488052252,1.2792751553874173,1.8020069471246623,-1.130041964509926,-1.2697812780509987
2023_16_GB_CAR,2023-12-24T13:00-05:00,CAR,GB,2023,16,False,-3.0,-5.570640079049525,-5.037116270050864,-5.218378355320901,-4.262340142773025,1.8020069471246623,-5.114988665635107,-5.150263352840622
2023_16_IND_ATL,2023-12-24T13:00-05:00,ATL,IND,2023,16,False,19.0,-0.2587510384859968,-0.8888686906338918,-1.1505606606024226,1.4267720669968784,1.8020069471246623,-0.9875093111674176,-0.9851650851296017
2023_16_SEA_TEN,2023-12-24T13:00-05:00,TEN,SEA,2023,16,False,-3.0,-1.9013875191015162,-0.6599676761884453,-0.8295206325952801,-0.3814614040323199,1.8020069471246623,-0.7899704115831474,-0.9872892637636212
2023_16_WAS_NYJ,2023-12-24T13:00-05:00,NYJ,WAS,2023,16,False,2.0,0.36372991340828476,-1.123567957744123,-1.1756860382274796,4.141689252127075,1.8020069471246623,-1.2963601038400898,-1.3347741577176007
2023_16_JAX_TB,2023-12-24T16:05-05:00,TB,JAX,2023,16,False,18.0,2.9702115875787456,2.4245068069230724,2.393939702239173,2.08998356536652,1.8020069471246623,2.2775584446834856,2.1924364420025393
2023_16_ARI_CHI,2023-12-24T16:25-05:00,CHI,ARI,2023,16,False,11.0,4.27187154045812,4.864348867239258,4.720484362240155,5.8673554835641655,1.8020069471246623,4.7226083634671046,4.558939540343552
2023_16_DAL_MIA,2023-12-24T16:25-05:00,MIA,DAL,2023,16,False,2.0,1.7367106991525945,0.8535389158173552,1.0699098781194334,0.3782021053716482,1.8020069471246623,0.6477939951024027,0.3931678686295018
2023_16_NE_DEN,2023-12-24T20:15-05:00,DEN,NE,2023,16,False,-3.0,6.174010041867935,6.333141358004296,6.147246482521069,5.940441948856927,1.8020069471246623,6.250388467183013,6.231116950300597
2023_16_LV_KC,2023-12-25T13:00-05:00,KC,LV,2023,16,False,-6.0,11.060503307557862,9.419706876673626,9.184929836643066,8.12581947580718,1.8020069471246623,9.331242927871807,9.689839147743964
2023_16_NYG_PHI,2023-12-25T16:30-05:00,PHI,NYG,2023,16,False,8.0,9.992983635147496,11.201897487613419,10.88703827017624,10.124895711418414,1.8020069471246623,11.114771693659883,11.805831977808538
2023_16_BAL_SF,2023-12-25T20:15-05:00,SF,BAL,2023,16,False,-14.0,5.7006842032060066,6.499769073358376,6.350977187537447,5.866494646819724,1.8020069471246623,6.283153121406262,6.240683841795924
2023_17_NYJ_CLE,2023-12-28T20:15-05:00,CLE,NYJ,2023,17,False,17.0,9.031013787694649,9.211153460177936,9.029461228471245,8.932401026900262,1.8020069471246623,9.053655645796365,9.102950291922992
2023_17_DET_DAL,2023-12-30T20:15-05:00,DAL,DET,2023,17,False,1.0,4.089250868879012,4.76106862246654,4.3930735788124196,7.136784602577196,1.8020069471246623,4.673046352817972,4.949690285378571
2023_17_ARI_PHI,2023-12-31T13:00-05:00,PHI,ARI,2023,17,False,-4.0,10.120155456517677,12.284579113634312,12.093241920862354,10.656382987163035,1.8020069471246623,12.154743516397328,12.56441604764713
2023_17_ATL_CHI,2023-12-31T13:00-05:00,CHI,ATL,2023,17,False,20.0,1.041843131404132,2.662737618956326,2.470659375317957,1.9486586163829678,1.8020069471246623,2.514662878504865,2.4144535846002477
2023_17_CAR_JAX,2023-12-31T13:00-05:00,JAX,CAR,2023,17,False,26.0,6.678561766865506,6.347516238997755,6.274110094466666,9.198475067082672,1.8020069471246623,6.185121423186873,6.164635921796108
2023_17_LA_NYG,2023-12-31T13:00-05:00,NYG,LAR,2023,17,False,-1.0,-6.814766808816133,-6.77750163120905,-7.051912402969224,-3.366616305099691,1.8020069471246623,-6.948243340226339,-7.287724200627931
2023_17_LV_IND,2023-12-31T13:00-05:00,IND,LV,2023,17,False,3.0,1.6917988747778354,0.6647770873369079,0.5867666473511166,0.062096841908290124,1.8020069471246623,0.5172312312963541,0.37853916154482675
2023_17_MIA_BAL,2023-12-31T13:00-05:00,BAL,MIA,2023,17,False,37.0,2.742851304014449,2.4067002845630583,1.9067503871000018,5.096547595421099,1.8020069471246623,2.3074254982630458,2.256634942909638
2023_17_NE_BUF,2023-12-31T13:00-05:00,BUF,NE,2023,17,False,6.0,14.2643092315158,14.269630714196538,13.889291260520412,12.065270028566284,1.8020069471246623,14.162046820071708,13.978801136469146
2023_17_NO_TB,2023-12-31T13:00-05:00,TB,NO,2023,17,False,-10.0,2.7820899997520243,2.8268428060277753,2.654632062466707,3.8573316819651833,1.8020069471246623,2.672928243886992,2.5365328347449854
2023_17_SF_WAS,2023-12-31T13:00-05:00,WAS,SF,2023,17,False,-17.0,-12.159161199640597,-11.46897216297866,-11.729302879201226,-12.597978219610926,1.8020069471246623,-11.546433210170237,-11.71232794295057
2023_17_TEN_HOU,2023-12-31T13:00-05:00,HOU,TEN,2023,17,False,23.0,2.857917698579053,4.218433634800831,3.922671161722607,2.8190895247068517,1.8020069471246623,4.105634143755245,4.209972399821247
2023_17_PIT_SEA,2023-12-31T16:05-05:00,SEA,PIT,2023,17,False,-7.0,2.971081236171906,3.2835227732774133,3.2010101030964555,4.048164844205054,1.8020069471246623,3.1345443021596298,3.132266226409671
2023_17_CIN_KC,2023-12-31T16:25-05:00,KC,CIN,2023,17,False,8.0,6.61916872245162,6.359764097972972,6.112828381421515,4.956872284248977,1.8020069471246623,6.245594213006106,6.469118776222169
2023_17_LAC_DEN,2023-12-31T16:25-05:00,DEN,LAC,2023,17,False,7.0,4.142377320550489,2.8621618571624405,2.7004123429843414,3.059052854213652,1.8020069471246623,2.692822959705233,2.606150509266658
2023_17_GB_MIN,2023-12-31T20:20-05:00,MIN,GB,2023,17,False,-23.0,-0.8511378138883252,-0.31261506740157596,-0.4456697673552097,3.605401394028415,1.8020069471246623,-0.46237407337861525,-0.46945345645107084
2023_18_PIT_BAL,2024-01-06T16:30-05:00,BAL,PIT,2023,18,False,-7.0,6.035397929019201,8.77318895172724,8.639837879565231,13.12678626702726,1.8020069471246623,8.566622128652629,8.586192419287132
2023_18_HOU_IND,2024-01-06T20:15-05:00,IND,HOU,2023,18,False,-4.0,-0.12669950544153713,-1.2098890762683718,-1.2777426061163741,1.4125874120384152,1.8020069471246623,-1.3904005387095597,-1.533044375548247
2023_18_ATL_NO,2024-01-07T13:00-05:00,NO,ATL,2023,18,False,31.0,6.2862600491841,6.513813948257065,6.332166662484862,6.472354797456641,1.8020069471246623,6.381078454373385,6.417135707832409
2023_18_CLE_CIN,2024-01-07T13:00-05:00,CIN,CLE,2023,18,False,17.0,2.0901597471592726,1.2792490715010305,1.0678593236189144,0.9431520255442427,1.8020069471246623,1.1527210525974572,1.2707104969324017
2023_18_JAX_TEN,2024-01-07T13:00-05:00,TEN,JAX,2023,18,False,8.0,-1.976982303730711,-3.120893669527237,-3.2461374014451296,-3.294254795746152,1.8020069471246623,-3.2607873844726534,-3.4169059357603366
2023_18_MIN_DET,2024-01-07T13:00-05:00,DET,MIN,2023,18,False,10.0,8.404870478348709,7.994930057418896,8.050014266218088,6.772874963113985,1.8020069471246623,7.828312616199325,7.896785312349351
2023_18_NYJ_NE,2024-01-07T13:00-05:00,NE,NYJ,2023,18,False,-14.0,5.86330578264875,5.624614205065987,5.5430287188180545,5.75344270249195,1.8020069471246623,5.5024259602760965,5.4705842773847255
2023_18_TB_CAR,2024-01-07T13:00-05:00,CAR,TB,2023,18,False,-9.0,-5.87908888038285,-4.671364846762572,-4.886014391466242,-6.395775591465625,1.8020069471246623,-4.762620841380056,-4.580621888180494
2023_18_CHI_GB,2024-01-07T16:25-05:00,GB,CHI,2023,18,False,8.0,4.707043979520732,3.1139664624375984,3.053105487053947,4.03205480306177,1.8020069471246623,2.944308120504415,3.0575167416842204
2023_18_DAL_WAS,2024-01-07T16:25-05:00,WAS,DAL,2023,18,False,-28.0,-9.848321512866278,-9.9612415683423,-10.179419679656235,-11.36333117316305,1.8020069471246623,-10.068761252701387,-10.354477983777496
2023_18_DEN_LV,2024-01-07T16:25-05:00,LV,DEN,2023,18,False,13.0,2.587452568168053,2.9739148041021015,2.8692715726900806,2.350016327234946,1.8020069471246623,2.813151843673032,2.9309322863552696
2023_18_KC_LAC,2024-01-07T16:25-05:00,LAC,KC,2023,18,False,-1.0,-2.872114829758287,-1.8660518136083466,-2.1699439882910396,-2.455735123290858,1.8020069471246623,-2.0274380125485516,-2.0943203223288624
2023_18_LA_SF,2024-01-07T16:25-05:00,SF,LAR,2023,18,False,-1.0,7.177154741961884,6.517539408896834,6.472322497296046,10.973309436027245,1.8020069471246623,6.326610161718002,6.167459846580753
2023_18_PHI_NYG,2024-01-07T16:25-05:00,NYG,PHI,2023,18,False,17.0,-6.827375729992722,-7.670766637465264,-7.82139854817852,-3.5294364077859477,1.8020069471246623,-7.860380754495361,-8.364880923671933
2023_18_SEA_ARI,2024-01-07T16:25-05:00,ARI,SEA,2023,18,False,-1.0,-1.0877240981493168,-0.04799695185335029,-0.246731244291448,-1.4609041938857033,1.8020069471246623,-0.20580025110313427,-0.22289934590900606
2023_18_BUF_MIA,2024-01-07T20:20-05:00,MIA,BUF,2023,18,False,-7.0,-2.034181564617571,-1.8620521546527584,-1.4908395148745817,0.49062200629423547,1.8020069471246623,-2.0976647681074825,-1.7882645515142133
2024_01_BAL_KC,2024-09-05T20:20-04:00,KC,BAL,2024,1,False,7.0,1.2561986234083502,0.050361341666515624,-0.06956965282784022,-0.05311881135717167,1.885784142507859,-0.03522350707756433,2.00949902716724
2024_01_GB_PHI,2024-09-06T20:15-04:00,PHI,GB,2024,1,True,5.0,-3.182829500014849,-2.6588894099028666,-0.8494878913353325,-0.8817995972535747,1.885784142507859,-0.7937157724875354,-2.5167321154053495
2024_01_ARI_BUF,2024-09-08T13:00-04:00,BUF,ARI,2024,1,False,6.0,7.874032416174567,8.96031758615333,8.831670364379834,8.318404788776986,1.885784142507859,8.947241532021245,9.066776104787216
2024_01_CAR_NO,2024-09-08T13:00-04:00,NO,CAR,2024,1,False,37.0,10.070171606832941,10.498792851281477,10.400428586121649,8.156180246217648,1.885784142507859,10.296177917687963,10.201017105511736
2024_01_HOU_IND,2024-09-08T13:00-04:00,IND,HOU,2024,1,False,-2.0,1.1549284787645404,-0.6282125347017642,-0.7324377805009354,1.5503496501163263,1.885784142507859,-0.7863431311507394,-1.266882090719632
2024_01_JAX_MIA,2024-09-08T13:00-04:00,MIA,JAX,2024,1,False,3.0,3.9489736090368472,5.095352666916277,5.096940057039353,4.28797302380335,1.885784142507859,4.9103434963856145,4.164980928248175
2024_01_MIN_NYG,2024-09-08T13:00-04:00,NYG,MIN,2024,1,False,-22.0,3.9523242536508354,1.8519006588373244,1.6389049953081933,1.3205966356076533,1.885784142507859,1.7354587530340995,1.6873695058487832
2024_01_NE_CIN,2024-09-08T13:00-04:00,CIN,NE,2024,1,False,-6.0,2.051656069685148,5.080397212848166,5.008798202878644,5.259010998344297,1.885784142507859,4.9413352673193645,5.182066861852448
2024_01_PIT_ATL,2024-09-08T13:00-04:00,ATL,PIT,2024,1,False,-8.0,2.981111979994812,-0.10417676048380908,-0.22757525311479088,0.08277507026333009,1.885784142507859,-0.2653153284256823,0.2632368266916626
2024_01_TEN_CHI,2024-09-08T13:00-04:00,CHI,TEN,2024,1,False,7.0,1.1830084430804444,2.4914545942349644,2.2641065395989246,4.115967338769326,1.885784142507859,2.352533975033288,2.404192656844815
2024_01_DEN_SEA,2024-09-08T16:05-04:00,SEA,DEN,2024,1,False,6.0,7.986260997724209,5.520702990472528,5.415344825460378,2.665466248569885,1.885784142507859,5.401371952957767,5.426676751638981
2024_01_LV_LAC,2024-09-08T16:05-04:00,LAC,LV,2024,1,False,12.0,1.4754796334240976,0.692678691185159,0.44922317213734625,1.6551100527364424,1.885784142507859,0.5615905809177689,0.8352207606109541
2024_01_DAL_CLE,2024-09-08T16:25-04:00,CLE,DAL,2024,1,False,-16.0,-3.3371646066197864,-3.616429001982079,-3.7793394141068646,-1.3136432427700329,1.885784142507859,-3.7246021706742862,-3.8247825422624535
2024_01_WAS_TB,2024-09-08T16:25-04:00,TB,WAS,2024,1,False,17.0,8.24051481631789,8.938639422843206,8.84651055264391,6.887263498311318,1.885784142507859,8.811802143778706,8.802090516158227
2024_01_LA_DET,2024-09-08T20:20-04:00,DET,LAR,2024,1,False,6.0,2.7356114782918866,2.774307563195348,2.6927350849350855,3.6030641901974,1.885784142507859,2.589322895066235,2.134437534434878
2024_01_NYJ_SF,2024-09-09T20:15-04:00,SF,NYJ,2024,1,False,13.0,6.083723209013401,8.596792080444683,8.43648008697518,8.666628750712816,1.885784142507859,8.380824320658217,8.256364628481375
2024_02_BUF_MIA,2024-09-12T20:15-04:00,MIA,BUF,2024,2,False,-21.0,-0.2058635741711352,-0.4825415606515908,-0.33244494527012813,1.0107967350480727,1.885784142507859,-0.6409162286911891,-1.530775903285007
2024_02_CLE_JAX,2024-09-15T13:00-04:00,JAX,CLE,2024,2,False,-5.0,2.4746262662705294,2.263976384793192,2.148126488339024,3.359836863681357,1.885784142507859,2.107504099129623,2.9247632852070735
2024_02_IND_GB,2024-09-15T13:00-04:00,GB,IND,2024,2,False,6.0,3.222771986683851,2.923930788263998,3.0357678135870474,4.515399998454573,1.885784142507859,2.907947433172112,3.4463049712637845
2024_02_LAC_CAR,2024-09-15T13:00-04:00,CAR,LAC,2024,2,False,-23.0,-6.718512614139593,-6.762636237279413,-6.900257263535554,-3.254681418028608,1.885784142507859,-6.877252225921935,-7.022694882823388
2024_02_LV_BAL,2024-09-15T13:00-04:00,BAL,LV,2024,2,False,-3.0,9.057559298010352,8.148980683123279,7.895273985742346,6.823799126685207,1.885784142507859,7.976427903297648,7.896849991766982
2024_02_NO_DAL,2024-09-15T13:00-04:00,DAL,NO,2024,2,False,-25.0,4.164338821061909,4.055547161516196,3.84231039874628,4.880653387230467,1.885784142507859,3.9252304012481614,3.2483289604046037
2024_02_NYG_WAS,2024-09-15T13:00-04:00,WAS,NYG,2024,2,False,3.0,-0.8887187537891341,0.5719696502658114,0.5922268208362085,0.9809955857133108,1.885784142507859,0.5802714109532814,0.6927345211269866
2024_02_NYJ_TEN,2024-09-15T13:00-04:00,TEN,NYJ,2024,2,False,-7.0,-2.464761583480391,-0.844577736743163,-0.9530345387813175,2.698788772063055,1.885784142507859,-1.050957099540624,-1.2099791808604388
2024_02_SEA_NE,2024-09-15T13:00-04:00,NE,SEA,2024,2,False,-3.0,1.3201862446651793,1.1611497424378363,1.000319639850109,1.6174641111739738,1.885784142507859,1.029028006592176,1.031958110928814
2024_02_SF_MIN,2024-09-15T13:00-04:00,MIN,SF,2024,2,False,6.0,-5.837396218823381,-5.036454986587479,-5.138128888910081,-0.9390670231341613,1.885784142507859,-5.161259979031221,-5.16558407213517
2024_02_TB_DET,2024-09-15T13:00-04:00,DET,TB,2024,2,False,-4.0,4.553043674717989,3.514379751035655,3.396618033277626,3.3524758501730534,1.885784142507859,3.3242462640629467,3.0192950016160243
2024_02_LA_ARI,2024-09-15T16:05-04:00,ARI,LAR,2024,2,False,31.0,-1.8689442611923992,-1.106448457164177,-1.3042750721159415,-0.2981211470055234,1.885784142507859,-1.2653791141790984,-1.4933054381592537
2024_02_CIN_KC,2024-09-15T16:25-04:00,KC,CIN,2024,2,False,1.0,5.145870729009437,4.759370917250097,4.504751900708846,4.673358590367927,1.885784142507859,4.625310442145626,5.989416236858826
2024_02_PIT_DEN,2024-09-15T16:25-04:00,DEN,PIT,2024,2,False,-7.0,-3.8071910953207317,-3.6769636929331657,-3.88031170285057,0.6564217413195408,1.885784142507859,-3.8878865664648963,-3.459275010301517
2024_02_CHI_HOU,2024-09-15T20:20-04:00,HOU,CHI,2024,2,False,6.0,4.053483279642235,4.148948503751231,4.078072692947004,2.372988670861484,1.885784142507859,4.076189190624902,4.481711795758252
2024_02_ATL_PHI,2024-09-16T20:15-04:00,PHI,ATL,2024,2,False,-1.0,7.007625578966804,5.318964679064647,5.086709047582588,5.4085487611890235,1.885784142507859,5.116894042222845,4.375287169204914
2024_03_NE_NYJ,2024-09-19T20:15-04:00,NYJ,NE,2024,3,False,21.0,4.731747977768071,2.167742072478782,2.0535544511231407,2.2590771491113375,1.885784142507859,2.0390935161395225,2.158791242120723
2024_03_CHI_IND,2024-09-22T13:00-04:00,IND,CHI,2024,3,False,5.0,0.9097933902931662,1.143546852017165,0.958515810938321,1.0514667230298431,1.885784142507859,1.0379667163244237,1.1699659920197796
2024_03_DEN_TB,2024-09-22T13:00-04:00,TB,DEN,2024,3,False,-19.0,7.0831105922114626,7.868665046815881,7.821568464136254,5.677469534546198,1.885784142507859,7.749294765672576,7.948501178645431
2024_03_GB_TEN,2024-09-22T13:00-04:00,TEN,GB,2024,3,False,-16.0,-3.727731387343252,-3.3843307754810557,-3.5695407143106026,-0.793512267889497,1.885784142507859,-3.5611948203981485,-4.1368815665552345
2024_03_HOU_MIN,2024-09-22T13:00-04:00,MIN,HOU,2024,3,False,27.0,0.011223976962447146,0.3045722870691838,0.11752932160380425,4.005621911142939,1.885784142507859,0.07627301115103613,-0.27940366885364254
2024_03_LAC_PIT,2024-09-22T13:00-04:00,PIT,LAC,2024,3,False,10.0,4.849215172336215,3.4277194364428016,3.332443740956636,2.5320872264182506,1.885784142507859,3.3339995559589055,2.944005687691961
2024_03_NYG_CLE,2024-09-22T13:00-04:00,CLE,NYG,2024,3,False,-6.0,4.591784614949246,4.582392613842987,4.467822041295762,5.782159668219581,1.885784142507859,4.480549640470606,3.559257236199551
2024_03_PHI_NO,2024-09-22T13:00-04:00,NO,PHI,2024,3,False,-3.0,6.736914229013585,6.852435417422406,6.8059363638751655,7.1644779248982235,1.885784142507859,6.698846619100727,7.082213164460939
2024_03_CAR_LV,2024-09-22T16:05-04:00,LV,CAR,2024,3,False,-14.0,6.878153242161071,7.114291860871239,6.992116884833862,9.765521701351876,1.885784142507859,6.9712686066554355,6.861392762873745
2024_03_MIA_SEA,2024-09-22T16:05-04:00,SEA,MIA,2024,3,False,21.0,1.842779007190012,3.4372359053194055,3.273148393204289,2.3869629574299456,1.885784142507859,3.346815482294188,3.8652000194794423
2024_03_BAL_DAL,2024-09-22T16:25-04:00,DAL,BAL,2024,3,False,-3.0,2.205962594086348,2.551493957003578,2.434061765567225,3.4019815680616667,1.885784142507859,2.4190171449532487,1.8640431375023803
2024_03_DET_ARI,2024-09-22T16:25-04:00,ARI,DET,2024,3,False,-7.0,-1.5520794977725598,-0.8473924423067348,-1.1519120555510973,0.290709980089666,1.885784142507859,-0.9700947524233421,-1.039994956497598
2024_03_SF_LA,2024-09-22T16:25-04:00,LAR,SF,2024,3,False,3.0,-3.119002982453904,-3.82962950968533,-3.9637468149065547,-2.3229995130082504,1.885784142507859,-3.9194392258146737,-3.7485401487417724
2024_03_KC_ATL,2024-09-22T20:20-04:00,ATL,KC,2024,3,False,-5.0,-5.098219834515248,-3.0876277235790064,-3.1084277567795153,-1.5565482416478948,1.885784142507859,-3.216727440270135,-4.746606956016439
2024_03_JAX_BUF,2024-09-23T19:30-04:00,BUF,JAX,2024,3,False,37.0,10.269935791208542,10.432932462095527,10.159378295517687,7.710968099960876,1.885784142507859,10.267043839552027,10.459635640938242
2024_03_WAS_CIN,2024-09-23T20:15-04:00,CIN,WAS,2024,3,False,-5.0,7.976033197858989,6.559106943996644,6.622325077528519,7.3297180926374885,1.885784142507859,6.566013352623537,6.768534531551552
2024_04_DAL_NYG,2024-09-26T20:15-04:00,NYG,DAL,2024,4,False,-5.0,-5.058291626676274,-4.920630909000504,-5.043910774652279,-3.307958067076914,1.885784142507859,-5.04846603349869,-4.4985434086732266
2024_04_CIN_CAR,2024-09-29T13:00-04:00,CAR,CIN,2024,4,False,-10.0,-5.904146919062335,-4.6965558001734715,-4.857607833924092,-2.5347993508439535,1.885784142507859,-4.834246399077015,-5.06713304026834
2024_04_DEN_NYJ,2024-09-29T13:00-04:00,NYJ,DEN,2024,4,False,-1.0,5.632554444665132,5.927991562018439,5.901688605345182,2.1756786076472805,1.885784142507859,5.831633711692957,5.848881903745469
2024_04_JAX_HOU,2024-09-29T13:00-04:00,HOU,JAX,2024,4,False,4.0,3.5028735423365305,3.9441831081435166,3.8909160034964154,2.957615808707235,1.885784142507859,3.845456027163175,4.156444002045951
2024_04_LA_CHI,2024-09-29T13:00-04:00,CHI,LAR,2024,4,False,6.0,-1.4358510390293544,-0.7153044199094672,-0.8857207282599631,2.3067653027206316,1.885784142507859,-0.8954641577661189,-1.177083414834454
2024_04_MIN_GB,2024-09-29T13:00-04:00,GB,MIN,2024,4,False,-2.0,0.6751371303958236,1.2498338968664509,1.0419822524068632,1.0073810202493165,1.885784142507859,1.0996457481455701,1.2020530777480716
2024_04_NO_ATL,2024-09-29T13:00-04:00,ATL,NO,2024,4,False,2.0,-5.121679157331579,-4.542937651557011,-4.686287973815768,-3.6076674094179344,1.885784142507859,-4.654346327513288,-4.330927764414542
2024_04_PHI_TB,2024-09-29T13:00-04:00,TB,PHI,2024,4,False,17.0,-0.24087387894503598,-0.1447496025544186,-0.19793707615129275,2.199057387075729,1.885784142507859,-0.2583494433443291,0.4966088280392885
2024_04_PIT_IND,2024-09-29T13:00-04:00,IND,PIT,2024,4,False,3.0,-3.5853411124529346,-2.724810097259332,-2.9902416366607727,-1.1864928628369222,1.885784142507859,-2.950819258118436,-2.4506640116583593
2024_04_NE_SF,2024-09-29T16:05-04:00,SF,NE,2024,4,False,17.0,10.930187541144413,9.463605234163682,9.331848031169997,8.834216652918471,1.885784142507859,9.27552229234052,9.32036731846057
2024_04_WAS_ARI,2024-09-29T16:05-04:00,ARI,WAS,2024,4,False,-28.0,3.5046571097025243,2.8024050439870005,2.6216180485732568,4.872966678538323,1.885784142507859,2.6703526545591827,2.521560149254965
2024_04_CLE_LV,2024-09-29T16:25-04:00,LV,CLE,2024,4,False,4.0,-0.7320171585890818,0.884782942800874,0.8096101053260834,2.0210601409508016,1.885784142507859,0.7336063874696881,1.4383374949720626
2024_04_KC_LAC,2024-09-29T16:25-04:00,LAC,KC,2024,4,False,-7.0,-5.9967697267812206,-3.4140398195523756,-3.542147949676786,1.3162438558247738,1.885784142507859,-3.5771202629728913,-5.155986434870038
2024_04_BUF_BAL,2024-09-29T20:20-04:00,BAL,BUF,2024,4,False,25.0,-2.223624694178249,-2.2257020563027963,-2.252250893981543,-0.3490533929686461,1.885784142507859,-2.37210532260696,-2.603548949912268
2024_04_TEN_MIA,2024-09-30T19:30-04:00,MIA,TEN,2024,4,False,-19.0,7.132998268195052,6.617088282050236,6.600539632908566,5.429653744422776,1.885784142507859,6.640762901493499,6.272467108585474
2024_04_SEA_DET,2024-09-30T20:15-04:00,DET,SEA,2024,4,False,13.0,5.853688674773103,4.322491551385733,4.251957352683352,2.9917117272858484,1.885784142507859,4.119905794721925,4.160178735457946
2024_05_TB_ATL,2024-10-03T20:15-04:00,ATL,TB,2024,5,False,6.0,-1.1612508488964246,-0.4996993916517942,-0.6594233851564341,-0.8564142005931492,1.885784142507859,-0.6445120270954795,-0.7609611421731792
2024_05_NYJ_MIN,2024-10-06T09:30-04:00,MIN,NYJ,2024,5,True,6.0,-0.8828183635642635,-0.5714996973562345,1.3048222098607394,3.72874854207766,1.885784142507859,1.2228432425311453,1.0800327259208626
2024_05_BAL_CIN,2024-10-06T13:00-04:00,CIN,BAL,2024,5,False,-3.0,-1.6929615421586948,-1.9785652806945837,-1.884731462157529,-2.5012101771082715,1.885784142507859,-1.9678195476488893,-1.5211978399619017
2024_05_BUF_HOU,2024-10-06T13:00-04:00,HOU,BUF,2024,5,False,3.0,-4.858443928465663,-5.016053508067994,-4.926444945207009,-3.675173476906684,1.885784142507859,-5.113406989291709,-4.968591585956103
2024_05_CAR_CHI,2024-10-06T13:00-04:00,CHI,CAR,2024,5,False,26.0,5.506187777738997,4.691540254324347,4.545070971605935,8.315302963331566,1.885784142507859,4.538654869188134,4.431059255468928
2024_05_CLE_WAS,2024-10-06T13:00-04:00,WAS,CLE,2024,5,False,21.0,3.767493980109761,4.918548408307514,4.77196458131232,1.4584979011297021,1.885784142507859,4.759795796251589,5.521833926088332
2024_05_IND_JAX,2024-10-06T13:00-04:00,JAX,IND,2024,5,False,3.0,2.7495517564980503,1.2436041493496028,1.1181100889533206,1.7196520636626949,1.885784142507859,1.105381103944275,1.3599577717477485
2024_05_MIA_NE,2024-10-06T13:00-04:00,NE,MIA,2024,5,False,-5.0,-0.3130788355780031,0.9059052166176682,0.6925120531612314,1.6897822652728136,1.885784142507859,0.7645454244214689,1.0718069260604333
2024_05_ARI_SF,2024-10-06T16:05-04:00,SF,ARI,2024,5,False,-1.0,9.813154636688113,9.372915908945272,9.254196949885005,9.381132696075994,1.885784142507859,9.181881223080119,9.197624743726015
2024_05_LV_DEN,2024-10-06T16:05-04:00,DEN,LV,2024,5,False,16.0,3.1766684597212644,1.8325412481385033,1.5442239039453165,4.080758616657156,1.885784142507859,1.6714664539093578,1.7963894440158872
2024_05_GB_LA,2024-10-06T16:25-04:00,LAR,GB,2024,5,False,-5.0,0.04526570585257583,-1.0717444340836695,-1.1429140115062564,0.415612374104835,1.885784142507859,-1.151520034471458,-1.521673986997634
2024_05_NYG_SEA,2024-10-06T16:25-04:00,SEA,NYG,2024,5,False,-9.0,3.7490920220454647,4.3894675384061514,4.245663243532762,5.885346122379586,1.885784142507859,4.255361480679362,4.26527282017616
2024_05_DAL_PIT,2024-10-06T20:20-04:00,PIT,DAL,2024,5,False,-3.0,-1.1925920100511884,-1.6889269623229741,-1.7769686235021378,0.8301858705878531,1.885784142507859,-1.7725082312673106,-1.5784112118285087
2024_05_NO_KC,2024-10-07T20:15-04:00,KC,NO,2024,5,False,13.0,3.0433443845829,1.355258910655908,1.091196953897741,2.0096919408759795,1.885784142507859,1.2423750527726851,2.779063710632016
2024_06_SF_SEA,2024-10-10T20:15-04:00,SEA,SF,2024,6,False,-12.0,-4.866051463901465,-3.492284443702539,-3.63077602298158,-1.15838553386439,1.885784142507859,-3.5909093439286224,-3.6798858683799454
2024_06_JAX_CHI,2024-10-13T09:30-04:00,CHI,JAX,2024,6,True,19.0,-0.9634301856161773,0.14974977300644965,2.0395185504310502,2.829933041869957,1.885784142507859,2.0246106964564685,2.0388067137900947
2024_06_ARI_GB,2024-10-13T13:00-04:00,GB,ARI,2024,6,False,21.0,5.261977206578237,4.899556508529976,4.778969570210018,6.1791303584392425,1.885784142507859,4.7184304103568735,5.308847824317432
2024_06_CLE_PHI,2024-10-13T13:00-04:00,PHI,CLE,2024,6,False,4.0,7.270207844803895,6.259769096749176,6.04100251136415,4.494437949808212,1.885784142507859,6.052651710678321,6.347813210353766
2024_06_HOU_NE,2024-10-13T13:00-04:00,NE,HOU,2024,6,False,-20.0,-4.527969014250451,-4.057561828328135,-4.223542343138133,-0.5225969816286464,1.885784142507859,-4.239035149904622,-4.4185171888173045
2024_06_IND_TEN,2024-10-13T13:00-04:00,TEN,IND,2024,6,False,-3.0,-1.9494082091517944,-1.9332786026152342,-1.9957947839614658,1.289990285628369,1.885784142507859,-2.077349462502857,-1.8180622770166492
2024_06_TB_NO,2024-10-13T13:00-04:00,NO,TB,2024,6,False,-24.0,-0.7226487311441794,0.09885457785647978,-0.06417077070606192,4.10006105802228,1.885784142507859,-0.019189034063975097,-0.26519140452733003
2024_06_WAS_BAL,2024-10-13T13:00-04:00,BAL,WAS,2024,6,False,7.0,7.393208360573356,5.919632925595112,5.906130510508727,8.113157183838448,1.885784142507859,5.895252312841004,5.645218326509149
2024_06_LAC_DEN,2024-10-13T16:05-04:00,DEN,LAC,2024,6,False,-7.0,-0.186835568476174,-0.6352219835658932,-0.7794610997863347,3.355976453069608,1.885784142507859,-0.7870186566772603,-0.8688104140492712
2024_06_PIT_LV,2024-10-13T16:05-04:00,LV,PIT,2024,6,False,-19.0,-4.4735160359616355,-3.440822010706846,-3.447982561042423,-1.187409897724487,1.885784142507859,-3.472886092603984,-3.1611870814498326
2024_06_ATL_CAR,2024-10-13T16:25-04:00,CAR,ATL,2024,6,False,-18.0,-5.283162521093194,-4.198366749596574,-4.337650710592143,-3.588124333267868,1.885784142507859,-4.350460599240087,-4.448119264190779
2024_06_DET_DAL,2024-10-13T16:25-04:00,DAL,DET,2024,6,False,-38.0,1.7030057248043518,2.5037775586473514,2.2780163422711834,3.470727206736909,1.885784142507859,2.402580153799007,1.8590704915286826
2024_06_CIN_NYG,2024-10-13T20:20-04:00,NYG,CIN,2024,6,False,-10.0,-3.5530035455601077,-2.400326364726691,-2.578072404809532,1.1618434938098916,1.885784142507859,-2.5011313899050642,-2.73712179283838
2024_06_BUF_NYJ,2024-10-14T20:15-04:00,NYJ,BUF,2024,6,False,-3.0,-4.8328523735277935,-5.141715073332259,-5.097976799976752,-2.4206311942458374,1.885784142507859,-5.238440145649898,-5.301107667172362
2024_07_DEN_NO,2024-10-17T20:15-04:00,NO,DEN,2024,7,False,-23.0,2.2166479675362933,3.0482210130392504,2.9842617493446855,3.0179494581492734,1.885784142507859,2.899836365044396,2.8117774832705393
2024_07_NE_JAX,2024-10-20T09:30-04:00,JAX,NE,2024,7,True,16.0,3.8328227331700173,2.9352389070971343,4.836671789313644,2.252061833202892,1.885784142507859,4.811961834587211,4.729076116076333
2024_07_CIN_CLE,2024-10-20T13:00-04:00,CLE,CIN,2024,7,False,-7.0,-5.6687104192257785,-5.263936001303453,-5.379503980886434,-0.7269071650567898,1.885784142507859,-5.380462378786631,-6.236465829220604
2024_07_DET_MIN,2024-10-20T13:00-04:00,MIN,DET,2024,7,False,-2.0,-2.610941711585599,-1.744929712229687,-1.9397354926131456,1.6120962373419903,1.885784142507859,-1.8965188439946106,-1.9664021391972872
2024_07_HOU_GB,2024-10-20T13:00-04:00,GB,HOU,2024,7,False,2.0,5.8209743585268665,4.5275324986391405,4.2978937732294344,4.765563454555667,1.885784142507859,4.308068581538411,4.592284308658181
2024_07_MIA_IND,2024-10-20T13:00-04:00,IND,MIA,2024,7,False,6.0,3.69425033449833,4.334995549055753,4.133067252335934,3.6003715714755216,1.885784142507859,4.1858782773671885,4.6596337681539595
2024_07_PHI_NYG,2024-10-20T13:00-04:00,NYG,PHI,2024,7,False,-25.0,-0.34343655750279023,-0.8909031522824555,-0.983287772699033,0.7942018774582174,1.885784142507859,-0.9758156366123576,-0.6588893509434517
2024_07_SEA_ATL,2024-10-20T13:00-04:00,ATL,SEA,2024,7,False,-20.0,4.949573234376449,3.773311279085991,3.721899352727891,3.2242259061497966,1.885784142507859,3.596653151609531,3.7692900913023637
2024_07_TEN_BUF,2024-10-20T13:00-04:00,BUF,TEN,2024,7,False,24.0,13.792080761688934,12.152859486804651,11.840706647929698,9.679398708653146,1.885784142507859,12.028609175368052,12.071112776306267
2024_07_CAR_WAS,2024-10-20T16:05-04:00,WAS,CAR,2024,7,False,33.0,10.517971798670636,10.917729965220776,10.755434748812265,10.57077141974699,1.885784142507859,10.814184736719886,10.856406331530447
2024_07_LV_LA,2024-10-20T16:05-04:00,LAR,LV,2024,7,False,5.0,8.350242079820884,6.7906048890132436,6.673459382680905,4.804436649915273,1.885784142507859,6.654735263485719,6.923234545547782
2024_07_KC_SF,2024-10-20T16:25-04:00,SF,KC,2024,7,False,-10.0,3.033578685696572,3.306052422151845,3.3263384883391693,3.0550411943688065,1.885784142507859,3.2555945040118073,1.999946942502637
2024_07_NYJ_PIT,2024-10-20T20:20-04:00,PIT,NYJ,2024,7,False,22.0,4.527764061638459,5.039205192465228,4.878381226120818,6.06312213826283,1.885784142507859,4.87018015086998,4.512247382974184
2024_07_BAL_TB,2024-10-21T20:15-04:00,TB,BAL,2024,7,False,-10.0,-2.241888966108436,-1.3170729909472958,-1.4051879836596424,-0.019987947232714465,1.885784142507859,-1.4619080415325478,-1.0151859765167544
2024_07_LAC_ARI,2024-10-21T21:00-04:00,ARI,LAC,2024,7,False,2.0,1.645079852364812,0.14099682294311666,-0.05136293690256111,-1.7148403123699953,1.885784142507859,-0.03451951548387899,-0.1289088220168873
2024_08_MIN_LA,2024-10-24T20:15-04:00,LAR,MIN,2024,8,False,10.0,0.7262364060807438,0.19025809735709265,0.04616754966708009,-1.8190540770282801,1.885784142507859,0.09113148146628847,0.45015999823017067
2024_08_ARI_MIA,2024-10-27T13:00-04:00,MIA,ARI,2024,8,False,-1.0,-3.2571051508265683,-3.545128814701436,-3.682321726275734,3.008395061062215,1.885784142507859,-3.6697632760016976,-4.05958069718251
2024_08_ATL_TB,2024-10-27T13:00-04:00,TB,ATL,2024,8,False,-5.0,4.97572050971333,4.541214931269082,4.392614259918125,5.9985604915417206,1.885784142507859,4.409194355888938,4.5778577103222835
2024_08_BAL_CLE,2024-10-27T13:00-04:00,CLE,BAL,2024,8,False,5.0,-8.15385497212067,-8.997360364586253,-9.125753877392606,-6.101293631353482,1.885784142507859,-9.092534551619348,-9.472078853702808
2024_08_GB_JAX,2024-10-27T13:00-04:00,JAX,GB,2024,8,False,-3.0,-3.016428226479251,-3.0586929349035126,-3.168506216793028,-2.2191964341356663,1.885784142507859,-3.164158434216665,-3.747872478165287
2024_08_IND_HOU,2024-10-27T13:00-04:00,HOU,IND,2024,8,False,3.0,4.301619385053298,4.453416973839522,4.391288876150355,4.096790688965207,1.885784142507859,4.33467154501129,4.790613081784942
2024_08_NYJ_NE,2024-10-27T13:00-04:00,NE,NYJ,2024,8,False,3.0,-3.9657611321274007,-3.5311042511957043,-3.7006564444520125,-2.029045331579276,1.885784142507859,-3.7084452939735395,-3.784425309431994
2024_08_PHI_CIN,2024-10-27T13:00-04:00,CIN,PHI,2024,8,False,-20.0,3.8679674996936795,3.2865019125860835,3.16608694441521,2.77711687034055,1.885784142507859,3.150199032053624,3.651250658990456
2024_08_TEN_DET,2024-10-27T13:00-04:00,DET,TEN,2024,8,False,38.0,14.011441181635247,12.19255793210927,12.092886645223444,11.017607192051429,1.885784142507859,12.024787167699953,12.08406295725809
2024_08_BUF_SEA,2024-10-27T16:05-04:00,SEA,BUF,2024,8,False,-21.0,-6.55546250796413,-5.3530382354296,-5.353673346154533,-2.5032659404360036,1.885784142507859,-5.484907758650843,-5.54320601361796
2024_08_NO_LAC,2024-10-27T16:05-04:00,LAC,NO,2024,8,False,18.0,5.90697979936207,6.379908813597821,6.245379196376669,3.9008575333138102,1.885784142507859,6.254954948813641,6.36314450395638
2024_08_CAR_DEN,2024-10-27T16:25-04:00,DEN,CAR,2024,8,False,14.0,12.463130294838857,11.389683342646364,11.185953909542523,14.579078678649962,1.885784142507859,11.204938499190789,11.250771193708982
2024_08_CHI_WAS,2024-10-27T16:25-04:00,WAS,CHI,2024,8,False,3.0,-1.6585076800022893,0.34360986961891493,0.21863645511850716,1.3091182040504954,1.885784142507859,0.22739618866572386,0.1142054931331149
2024_08_KC_LV,2024-10-27T16:25-04:00,LV,KC,2024,8,False,-7.0,-8.763258542952403,-7.163681225607816,-5.808185177991789,-5.597873796576895,1.885784142507859,-5.754953220688684,-6.503205378546058
2024_08_DAL_SF,2024-10-27T20:20-04:00,SF,DAL,2024,8,False,6.0,3.7625337731800594,3.9196271188571945,3.7562347476529014,3.412295395138552,1.885784142507859,3.755402029285265,4.326512114083432
2024_08_NYG_PIT,2024-10-28T20:15-04:00,PIT,NYG,2024,8,False,8.0,9.710948343118503,10.155121272066813,9.930373805725093,10.356633687467365,1.885784142507859,9.957786246338333,9.72547586504245
2024_09_HOU_NYJ,2024-10-31T20:15-04:00,NYJ,HOU,2024,9,False,8.0,-2.0468386644802727,-1.6514433262292414,-1.8624848768267874,-0.4485938226025876,1.885784142507859,-1.7852392655224496,-1.850021400785853
2024_09_DAL_ATL,2024-11-03T13:00-05:00,ATL,DAL,2024,9,False,6.0,-0.29303806560459084,0.7828940034281278,0.694113592169186,-0.6500084306884855,1.885784142507859,0.6080071194835635,1.0139123674323114
2024_09_DEN_BAL,2024-11-03T13:00-05:00,BAL,DEN,2024,9,False,31.0,8.211006355926823,7.197841334118628,7.111276794799755,5.39721112986449,1.885784142507859,7.042651377281652,6.860907242908511
2024_09_LAC_CLE,2024-11-03T13:00-05:00,CLE,LAC,2024,9,False,-17.0,-1.5585278698360565,-2.8961337875453044,-3.0294965672090095,-1.5585620341492632,1.885784142507859,-3.01419842525208,-3.577519002756483
2024_09_LV_CIN,2024-11-03T13:00-05:00,CIN,LV,2024,9,False,17.0,9.035970564882572,8.441195779802213,8.2482198951009,5.800672274624157,1.885784142507859,8.294633083859189,8.561250662832785
2024_09_MIA_BUF,2024-11-03T13:00-05:00,BUF,MIA,2024,9,False,3.0,12.088925808515452,11.948972441961587,11.523897700479132,11.868163935950097,1.885784142507859,11.803225738735117,12.307703264728477
2024_09_NE_TEN,2024-11-03T13:00-05:00,TEN,NE,2024,9,False,3.0,0.9202720094930111,1.2801461647780867,1.169577218328328,3.10122548094592,1.885784142507859,1.1177922462959677,1.2232830781189226
2024_09_NO_CAR,2024-11-03T13:00-05:00,CAR,NO,2024,9,False,1.0,-5.987014371284433,-5.382158450021537,-5.576108953285113,-5.996161550899025,1.885784142507859,-5.473514673478812,-5.459020614027523
2024_09_WAS_NYG,2024-11-03T13:00-05:00,NYG,WAS,2024,9,False,-5.0,-1.885464092910372,-3.4638802044751085,-3.562934752473427,-2.171721631853477,1.885784142507859,-3.5751064797370042,-3.5741437454535285
2024_09_CHI_ARI,2024-11-03T16:05-05:00,ARI,CHI,2024,9,False,20.0,1.9552077804512855,1.2864176004101973,1.0613304887493955,-1.993936046822066,1.885784142507859,1.141283819234512,1.1160187028195216
2024_09_JAX_PHI,2024-11-03T16:05-05:00,PHI,JAX,2024,9,False,5.0,6.860377914902554,6.339171354033059,6.199566670458413,7.0761712933944665,1.885784142507859,6.205047804888018,5.973834126250391
2024_09_DET_GB,2024-11-03T16:25-05:00,GB,DET,2024,9,False,-10.0,-4.564095600669143,-2.6085802053822706,-2.8574027026528697,-0.9040018130678455,1.885784142507859,-2.7345529763417162,-2.779894472031433
2024_09_LA_SEA,2024-11-03T16:25-05:00,SEA,LAR,2024,9,False,-6.0,-2.043816052993453,-0.10243042345119191,-0.28443419680767157,1.7817039349109076,1.885784142507859,-0.26098350352422905,-0.5608418419350167
2024_09_IND_MIN,2024-11-03T20:20-05:00,MIN,IND,2024,9,False,8.0,4.495446608470211,4.09054771581916,4.014959069690751,5.511675150136375,1.885784142507859,3.9332160721382823,4.133578515846881
2024_09_TB_KC,2024-11-04T20:15-05:00,KC,TB,2024,9,False,6.0,6.855037197374046,5.956475434915731,5.698351301454571,6.415979703424431,1.885784142507859,5.821133662014269,6.65061109485072
2024_10_CIN_BAL,2024-11-07T20:15-05:00,BAL,CIN,2024,10,False,1.0,6.090132037345301,6.139069338854994,5.965523563321097,8.26087593930051,1.885784142507859,5.9542771148157305,5.619692731277029
2024_10_NYG_CAR,2024-11-10T09:30-05:00,CAR,NYG,2024,10,True,3.0,-6.215441505537701,-6.166509852409326,-4.308185303277667,-5.745602027762564,1.885784142507859,-4.351268250301508,-4.24178065731215
2024_10_ATL_NO,2024-11-10T13:00-05:00,NO,ATL,2024,10,False,3.0,0.28887710407111344,-0.37449368421243945,-0.5339568552383993,0.9413319830353901,1.885784142507859,-0.5224964012640234,-0.5636004876986525
2024_10_BUF_IND,2024-11-10T13:00-05:00,IND,BUF,2024,10,False,-10.0,-8.525966030124678,-8.497059682068537,-8.50356190949134,-4.546471237487363,1.885784142507859,-8.661243102042077,-8.938892925689174
2024_10_DEN_KC,2024-11-10T13:00-05:00,KC,DEN,2024,10,False,2.0,9.939358834976591,9.286811071775658,9.186138033690266,6.772707585870164,1.885784142507859,9.165993198106895,10.12574674302974
2024_10_MIN_JAX,2024-11-10T13:00-05:00,JAX,MIN,2024,10,False,-5.0,-3.5460991892684017,-3.271821809371406,-3.397356802731946,-1.9550830447819196,1.885784142507859,-3.386235140154079,-3.356563713890803
2024_10_NE_CHI,2024-11-10T13:00-05:00,CHI,NE,2024,10,False,-16.0,8.32274228497749,8.19247986756794,8.224881009307085,9.027013835666537,1.885784142507859,8.058049466732516,8.059747316086707
2024_10_PIT_WAS,2024-11-10T13:00-05:00,WAS,PIT,2024,10,False,-1.0,-3.13636831125801,-1.001860744052806,-1.0832693215957945,-0.11929612488279329,1.885784142507859,-1.0992801078014656,-0.8937713885396096
2024_10_SF_TB,2024-11-10T13:00-05:00,TB,SF,2024,10,False,-3.0,-2.090043078806637,-2.6222984527753797,-2.626169537201242,-0.07048462098896024,1.885784142507859,-2.703416135312627,-2.5855570855307337
2024_10_TEN_LAC,2024-11-10T16:05-05:00,LAC,TEN,2024,10,False,10.0,9.57179825136221,9.916882109835187,9.774266568770582,11.019564298415537,1.885784142507859,9.773315146240652,9.869668537477782
2024_10_NYJ_ARI,2024-11-10T16:25-05:00,ARI,NYJ,2024,10,False,25.0,3.369161674199484,4.1178589542010755,3.9296030053254114,3.132336631377835,1.885784142507859,3.9281689892549183,3.8015198191487913
2024_10_PHI_DAL,2024-11-10T16:25-05:00,DAL,PHI,2024,10,False,-28.0,-3.061058057430686,-2.9064397299599873,-2.9958496679789937,1.8268518469632957,1.885784142507859,-3.0676779820602955,-3.029701036140665
2024_10_DET_HOU,2024-11-10T20:20-05:00,HOU,DET,2024,10,False,-3.0,-3.3753155243574424,-3.4085301369892433,-3.6036136595985377,-4.211394719267483,1.885784142507859,-3.5009151768195834,-3.4849174315192997
2024_10_MIA_LA,2024-11-11T20:15-05:00,LAR,MIA,2024,10,False,-8.0,3.1620295084293013,3.0327521336625147,2.8171098935413257,4.727199451590647,1.885784142507859,2.9301157665591457,3.6585295522751564
2024_11_WAS_PHI,2024-11-14T20:15-05:00,PHI,WAS,2024,11,False,8.0,6.257775027164049,5.281995228390231,5.024725281055748,5.055548030146469,1.885784142507859,5.068692709784596,4.7719002322198625
2024_11_BAL_PIT,2024-11-17T13:00-05:00,PIT,BAL,2024,11,False,2.0,-2.763299271042791,-2.754964983170308,-2.896903694622484,0.7067641354026097,1.885784142507859,-2.8698692438787776,-2.9203281020272347
2024_11_CLE_NO,2024-11-17T13:00-05:00,NO,CLE,2024,11,False,21.0,4.223309962850299,4.537431955097377,4.493963781310963,3.8306289632262494,1.885784142507859,4.359446931812011,4.890420900611362
2024_11_GB_CHI,2024-11-17T13:00-05:00,CHI,GB,2024,11,False,-1.0,-3.725593576132995,-3.450302067602867,-3.477743240826634,-0.4980252491721129,1.885784142507859,-3.5186812599271744,-4.053592945639384
2024_11_IND_NYJ,2024-11-17T13:00-05:00,NYJ,IND,2024,11,False,-1.0,3.109745536646639,2.6130932438558236,2.556331051876973,0.712961820641252,1.885784142507859,2.5656312757231463,2.8733693470585604
2024_11_JAX_DET,2024-11-17T13:00-05:00,DET,JAX,2024,11,False,46.0,13.142940949677138,12.549485493164052,12.467896303762693,11.404319966794782,1.885784142507859,12.396810552193864,12.58859324524489
2024_11_LA_NE,2024-11-17T13:00-05:00,NE,LAR,2024,11,False,-6.0,-5.130116497674477,-3.9040931706802278,-4.151186783184414,-1.3779853786649587,1.885784142507859,-4.04599559248427,-4.254275838874477
2024_11_LV_MIA,2024-11-17T13:00-05:00,MIA,LV,2024,11,False,15.0,8.101384264348054,7.628184834177585,7.5514248087985925,5.976277555261993,1.885784142507859,7.489949821293147,7.053763745750073
2024_11_MIN_TEN,2024-11-17T13:00-05:00,TEN,MIN,2024,11,False,-10.0,-6.477246175806149,-6.5765006169908835,-6.74444343943497,-5.5475776620859065,1.885784142507859,-6.709044580271981,-6.6784265118436394
2024_11_ATL_DEN,2024-11-17T16:05-05:00,DEN,ATL,2024,11,False,32.0,1.0801887205017908,0.21607404513177375,-0.05428155569369464,3.9744525955188683,1.885784142507859,0.09830280651993517,0.12506118613890482
2024_11_SEA_SF,2024-11-17T16:05-05:00,SF,SEA,2024,11,False,-3.0,10.668517028535339,9.506773994491901,9.35225076113001,7.690173962583126,1.885784142507859,9.359748750553898,9.486260526855034
2024_11_KC_BUF,2024-11-17T16:25-05:00,BUF,KC,2024,11,False,9.0,3.9886497218440446,5.464352504234635,5.205341894360897,4.70970083934227,1.885784142507859,5.2863400364140185,4.353338117480974
2024_11_CIN_LAC,2024-11-17T20:20-05:00,LAC,CIN,2024,11,False,7.0,0.44927962896066365,1.2801712843729665,1.1501100805545657,4.4204132164094165,1.885784142507859,1.1429739513003645,1.0090607778707303
2024_11_HOU_DAL,2024-11-18T20:15-05:00,DAL,HOU,2024,11,False,-24.0,-3.23575687261175,-3.3657022743451575,-3.499221689483097,2.4453317625725255,1.885784142507859,-3.505294963995724,-3.847966837454928
2024_12_PIT_CLE,2024-11-21T20:15-05:00,CLE,PIT,2024,12,False,5.0,-5.4082738111306226,-6.103931600079877,-6.2858027153954765,-6.141101391647171,1.885784142507859,-6.225283457943682,-6.482758167257637
2024_12_DAL_WAS,2024-11-24T13:00-05:00,WAS,DAL,2024,12,False,-8.0,6.7863017309575575,7.313532726310543,7.166015585080983,4.89676622515122,1.885784142507859,7.234385805414147,7.481208002703919
2024_12_DET_IND,2024-11-24T13:00-05:00,IND,DET,2024,12,False,-18.0,-9.723077611354594,-9.636611465326162,-9.85223966187415,-6.886334548627779,1.885784142507859,-9.763085975701376,-10.147640628858943
2024_12_KC_CAR,2024-11-24T13:00-05:00,CAR,KC,2024,12,False,-3.0,-10.504750778852465,-9.570903017603586,-9.505632408541732,-10.404566688333421,1.885784142507859,-9.613399594111613,-10.409224016553662
2024_12_MIN_CHI,2024-11-24T13:00-05:00,CHI,MIN,2024,12,False,-3.0,-1.8102912281046535,-1.850872313877515,-1.9726334326689026,-1.5546525892602174,1.885784142507859,-1.9513479619211438,-1.9209353809885465
2024_12_NE_MIA,2024-11-24T13:00-05:00,MIA,NE,2024,12,False,19.0,9.512520878241435,8.49067163135281,8.55716578478689,7.083296124768387,1.885784142507859,8.339590116736563,7.879610611270067
2024_12_TB_NYG,2024-11-24T13:00-05:00,NYG,TB,2024,12,False,-23.0,-4.983088791161219,-4.9515688401969555,-5.034186950045854,-2.5772340693882407,1.885784142507859,-5.05270793579861,-5.45953724139781
2024_12_TEN_HOU,2024-11-24T13:00-05:00,HOU,TEN,2024,12,False,-5.0,11.717124461260799,11.543929504509249,11.480329568702821,9.844323204782254,1.885784142507859,11.426540164921349,11.578806420267167
2024_12_DEN_LV,2024-11-24T16:05-05:00,LV,DEN,2024,12,False,-10.0,-5.687457603450426,-5.371178352715829,-5.3897760431269415,-4.878968495162166,1.885784142507859,-5.509678489263527,-5.614643200868283
2024_12_ARI_SEA,2024-11-24T16:25-05:00,SEA,ARI,2024,12,False,10.0,-3.4763269184999004,-3.5780229505502223,-3.6953614510764146,1.2156589405577933,1.885784142507859,-3.73320863997834,-3.6836193641463986
2024_12_SF_GB,2024-11-24T16:25-05:00,GB,SF,2024,12,False,28.0,4.024625642387012,3.3109903198031447,3.161407380865675,1.72730259355282,1.885784142507859,3.148112099890166,3.7221808794238562
2024_12_PHI_LA,2024-11-24T20:20-05:00,LAR,PHI,2024,12,False,-17.0,-0.7530978174719137,-1.9629957696280753,-1.9866557692823896,-1.7875778487070537,1.885784142507859,-2.0624593028131435,-1.6328765608508893
2024_12_BAL_LAC,2024-11-25T20:15-05:00,LAC,BAL,2024,12,False,-7.0,-4.323284509085521,-3.271863604356736,-3.4008270169669164,0.03913036661808089,1.885784142507859,-3.3935973488896507,-3.1401547990453924
2024_13_CHI_DET,2024-11-28T12:30-05:00,DET,CHI,2024,13,False,3.0,10.611170013294233,11.030086880674897,10.969040091406562,12.655146257305212,1.885784142507859,10.840648242000757,11.011717504065505
2024_13_NYG_DAL,2024-11-28T16:30-05:00,DAL,NYG,2024,13,False,7.0,5.033479164838288,5.1942346148269,5.096906148393591,8.035488092519964,1.885784142507859,5.031727126091803,4.906006075505814
2024_13_MIA_GB,2024-11-28T20:20-05:00,GB,MIA,2024,13,False,13.0,3.123638242112863,3.370651064071933,3.1005248222549353,5.43228937234011,1.885784142507859,3.1848012215830175,4.028340948314171
2024_13_LV_KC,2024-11-29T15:00-05:00,KC,LV,2024,13,False,2.0,13.277628161059365,8.017673782347295,9.444926303585868,11.442732367340307,1.885784142507859,9.373732403306537,9.740920210958057
2024_13_ARI_MIN,2024-12-01T13:00-05:00,MIN,ARI,2024,13,False,1.0,1.7149543819743798,1.8260706852792319,1.85875403722199,5.778167165033841,1.885784142507859,1.799191973508401,1.7792094651268084
2024_13_HOU_JAX,2024-12-01T13:00-05:00,JAX,HOU,2024,13,False,-3.0,-5.509760956778134,-6.187937881932661,-6.435702651252043,-1.761310215058753,1.885784142507859,-6.3941428980058,-6.576411056231527
2024_13_IND_NE,2024-12-01T13:00-05:00,NE,IND,2024,13,False,-1.0,0.21542324200415353,-0.5039262401632516,-0.7190446541255222,-1.2231304517630597,1.885784142507859,-0.6310086971314246,-0.5218281439850994
2024_13_LAC_ATL,2024-12-01T13:00-05:00,ATL,LAC,2024,13,False,-4.0,-0.1661886785720028,-0.9929695170985762,-1.1021633721176625,-2.383347860272478,1.885784142507859,-1.190909416811242,-1.2657788678208317
2024_13_PIT_CIN,2024-12-01T13:00-05:00,CIN,PIT,2024,13,False,-6.0,1.8833009898267623,2.402321304088368,2.263816358447527,0.16661222195139702,1.885784142507859,2.28003421807259,2.624986549156482
2024_13_SEA_NYJ,2024-12-01T13:00-05:00,NYJ,SEA,2024,13,False,-5.0,1.9580376841112497,1.4147050094375535,1.2826529636746127,-0.635293287941888,1.885784142507859,1.3019994912680604,1.4319565057865362
2024_13_TEN_WAS,2024-12-01T13:00-05:00,WAS,TEN,2024,13,False,23.0,6.827666834644267,8.304101713683014,8.262491960533616,7.10583948526099,1.885784142507859,8.243244005350618,8.303615035888823
2024_13_LA_NO,2024-12-01T16:05-05:00,NO,LAR,2024,13,False,-7.0,1.824973218750197,2.489515372307989,2.341684071441416,3.26545520525886,1.885784142507859,2.284112425862157,2.1077075811316237
2024_13_TB_CAR,2024-12-01T16:05-05:00,CAR,TB,2024,13,False,-3.0,-8.69967318189137,-8.589775203179645,-8.802236526700277,-7.955653291361415,1.885784142507859,-8.77400261075784,-8.948852335624657
2024_13_PHI_BAL,2024-12-01T16:25-05:00,BAL,PHI,2024,13,False,-5.0,4.106121613786789,3.4220182179224774,3.3395997287432873,3.5582660691668613,1.885784142507859,3.2884482121045746,3.4433650267268243
2024_13_SF_BUF,2024-12-01T20:20-05:00,BUF,SF,2024,13,False,25.0,13.252864176464534,13.870446695218586,13.6397009696718,8.03866772814105,1.885784142507859,13.77147680044269,14.304274758377197
2024_13_CLE_DEN,2024-12-02T20:15-05:00,DEN,CLE,2024,13,False,9.0,7.312077503996894,7.7489207347705555,7.630622952485733,8.891146959412367,1.885784142507859,7.597952994724011,8.064807814963913
2024_14_GB_DET,2024-12-05T20:15-05:00,DET,GB,2024,14,False,3.0,4.625310190434182,5.036898908094839,5.005349521487672,6.681709473331051,1.885784142507859,4.897383692895841,4.669512194772312
2024_14_ATL_MIN,2024-12-08T13:00-05:00,MIN,ATL,2024,14,False,21.0,5.1231621703501435,5.387418904490782,5.201491490079782,7.6039807416833085,1.885784142507859,5.24035756134241,5.11296915647369
2024_14_CAR_PHI,2024-12-08T13:00-05:00,PHI,CAR,2024,14,False,6.0,13.728104921439115,14.303586228582517,14.108912121759374,16.251759518064894,1.885784142507859,14.172263813616155,13.926033326875906
2024_14_CLE_PIT,2024-12-08T13:00-05:00,PIT,CLE,2024,14,False,13.0,8.86851798824437,8.756691323934078,8.680518631535314,9.940596077590522,1.885784142507859,8.598123093810548,8.783857997623379
2024_14_JAX_TEN,2024-12-08T13:00-05:00,TEN,JAX,2024,14,False,-4.0,-0.47179926495558155,0.01016053370274217,-0.23389883128579814,0.544475186259004,1.885784142507859,-0.1579881764676363,-0.24585900280503364
2024_14_LV_TB,2024-12-08T13:00-05:00,TB,LV,2024,14,False,15.0,10.698079806090652,6.68029449503441,8.089357639841928,9.024625049215683,1.885784142507859,8.03531665140068,8.115536840457338
2024_14_NO_NYG,2024-12-08T13:00-05:00,NYG,NO,2024,14,False,-3.0,-4.857445233733133,-3.603370847577614,-3.680386774201769,-1.9515876242807657,1.885784142507859,-3.7182029577714895,-3.9057484502357247
2024_14_NYJ_MIA,2024-12-08T13:00-05:00,MIA,NYJ,2024,14,False,6.0,6.643650037561214,6.401989893172783,6.327624741416268,6.117903504221956,1.885784142507859,6.193345615564807,5.699023275101332
2024_14_SEA_ARI,2024-12-08T16:05-05:00,ARI,SEA,2024,14,False,-12.0,5.226011977714523,4.932426250241803,4.784619375602282,2.4976994344990553,1.885784142507859,4.82689772646997,4.816261174578962
2024_14_BUF_LA,2024-12-08T16:25-05:00,LAR,BUF,2024,14,False,2.0,-7.795172582660484,-8.43001741611584,-8.339148819120581,-6.292538291815861,1.885784142507859,-8.526275699902634,-8.40356209324748
2024_14_CHI_SF,2024-12-08T16:25-05:00,SF,CHI,2024,14,False,25.0,4.939399141352218,4.205622530296602,4.003172793857383,2.9581840343616475,1.885784142507859,4.008330547210099,4.2369257176247785
2024_14_LAC_KC,2024-12-08T20:20-05:00,KC,LAC,2024,14,False,2.0,4.394695886875187,3.086881732034401,2.8589443452683994,2.4413374065316065,1.885784142507859,2.938803073588562,3.507201105239277
2024_14_CIN_DAL,2024-12-09T20:15-05:00,DAL,CIN,2024,14,False,-7.0,-2.746237672198352,-2.9033599703514925,-2.9652695540533003,1.5550676401304266,1.885784142507859,-3.063001689807499,-3.4134961525717835
2024_15_LA_SF,2024-12-12T20:15-05:00,SF,LAR,2024,15,False,-6.0,4.824488981606478,4.9822226604584845,4.7618152841255466,4.087730351009779,1.885784142507859,4.786731087024517,4.816791224305771
2024_15_BAL_NYG,2024-12-15T13:00-05:00,NYG,BAL,2024,15,False,-21.0,-12.759213678019268,-11.254962367414947,-11.260695761966799,-9.020509772975604,1.885784142507859,-11.344572245507166,-11.447369090497038
2024_15_CIN_TEN,2024-12-15T13:00-05:00,TEN,CIN,2024,15,False,-10.0,-7.1183391098859286,-6.558042814351659,-6.573900854141641,-4.685386697397662,1.885784142507859,-6.713340496443925,-6.960873613697784
2024_15_DAL_CAR,2024-12-15T13:00-05:00,CAR,DAL,2024,15,False,-16.0,-1.1077739331471186,-0.6402554908169409,-0.8595664914316516,-3.5540596738373846,1.885784142507859,-0.7117083487732117,-0.48352160801739075
2024_15_KC_CLE,2024-12-15T13:00-05:00,CLE,KC,2024,15,False,-14.0,-5.276557305165038,-5.551052021280292,-5.603794547052106,-4.183070145049221,1.885784142507859,-5.563901754663238,-6.563648493004631
2024_15_MIA_HOU,2024-12-15T13:00-05:00,HOU,MIA,2024,15,False,8.0,1.5632457351442648,2.3885144702060708,2.138118171397657,3.0985012452163287,1.885784142507859,2.2174673060487096,2.65989601203259
2024_15_NYJ_JAX,2024-12-15T13:00-05:00,JAX,NYJ,2024,15,False,-7.0,-1.0134653745614441,-1.1251322974138802,-1.2657607471348247,2.592441179974476,1.885784142507859,-1.3286337049231438,-1.3497367045965818
2024_15_WAS_NO,2024-12-15T13:00-05:00,NO,WAS,2024,15,False,-1.0,-3.889396090436655,-5.126432641035468,-5.2202780183585,-0.08192126310522152,1.885784142507859,-5.236878890668677,-5.159955973248213
2024_15_BUF_DET,2024-12-15T16:25-05:00,DET,BUF,2024,15,False,-6.0,0.18792446958053222,-0.41007069591032697,-0.26535098082497477,3.0116348768142522,1.885784142507859,-0.5535552425061745,-0.5105366361534087
2024_15_IND_DEN,2024-12-15T16:25-05:00,DEN,IND,2024,15,False,18.0,7.240718280840341,7.090512173230778,6.967829056109412,7.2120271616263105,1.885784142507859,6.958777219983355,6.935742816660473
2024_15_NE_ARI,2024-12-15T16:25-05:00,ARI,NE,2024,15,False,13.0,7.612887186602178,7.143330471787744,7.111212961870146,7.368956392536683,1.885784142507859,7.048433224941316,7.098349899406658
2024_15_PIT_PHI,2024-12-15T16:25-05:00,PHI,PIT,2024,15,False,14.0,4.366083769185924,3.9288903298839104,3.7960054151485427,3.585538578116396,1.885784142507859,3.7989798520570375,3.766237802513257
2024_15_TB_LAC,2024-12-15T16:25-05:00,LAC,TB,2024,15,False,-23.0,0.7996264288612531,0.9538521667770562,0.7475576393395704,3.1453072406730187,1.885784142507859,0.839491309913441,0.7072452131060005
2024_15_GB_SEA,2024-12-15T20:20-05:00,SEA,GB,2024,15,False,-17.0,-3.3917945844472275,-2.778883752518126,-2.8628031128680735,-0.5841509288728446,1.885784142507859,-2.88357070404262,-3.28205176307348
2024_15_CHI_MIN,2024-12-16T20:00-05:00,MIN,CHI,2024,15,False,18.0,7.129472390763355,6.981924265069761,6.840523076798654,8.193657638569508,1.885784142507859,6.788417574532929,6.785423743034733
2024_15_ATL_LV,2024-12-16T20:30-05:00,LV,ATL,2024,15,False,-6.0,-1.6378850043309727,-2.0542748679323006,-0.7181318181756414,0.5974088985888795,1.885784142507859,-0.6799051755650861,-0.6887066617062767
2024_16_DEN_LAC,2024-12-19T20:15-05:00,LAC,DEN,2024,16,False,7.0,-0.8024355437339274,-0.28801333274244545,-0.34309336165155147,0.3619051769381074,1.885784142507859,-0.39925160180539715,-0.25348554752217584
2024_16_HOU_KC,2024-12-21T13:00-05:00,KC,HOU,2024,16,False,8.0,5.3686179789377775,3.9397843065406235,3.6590030734058443,4.940338206009354,1.885784142507859,3.830850536551749,4.370708426506872
2024_16_PIT_BAL,2024-12-21T16:30-05:00,BAL,PIT,2024,16,False,17.0,7.543969240223358,7.303337453288146,7.192660633797579,5.808493074431196,1.885784142507859,7.170464058421182,7.229552236948853
2024_16_ARI_CAR,2024-12-22T13:00-05:00,CAR,ARI,2024,16,False,6.0,-7.265449744225151,-7.321157830659244,-7.485006249290268,-5.18892269790176,1.885784142507859,-7.462986434606888,-7.411841143757436
2024_16_CLE_CIN,2024-12-22T13:00-05:00,CIN,CLE,2024,16,False,18.0,10.948636720478891,6.11387239462138,7.471472732866001,8.688167570256185,1.885784142507859,7.469988448884215,7.62582184459351
2024_16_DET_CHI,2024-12-22T13:00-05:00,CHI,DET,2024,16,False,-17.0,-7.872559132500759,-7.70275532856377,-7.8747009621985224,-7.49034916955582,1.885784142507859,-7.789428695304624,-7.993685079178061
2024_16_LA_NYJ,2024-12-22T13:00-05:00,NYJ,LAR,2024,16,False,-10.0,-1.5155548162941201,-1.2680515578126927,-1.4602215455168854,-1.0589422336955385,1.885784142507859,-1.4365843390375779,-1.5644176781703103
2024_16_NYG_ATL,2024-12-22T13:00-05:00,ATL,NYG,2024,16,False,27.0,3.5691914089476655,3.8776133176993333,3.5858090413652777,6.529609759083689,1.885784142507859,3.7095075586468544,3.866938767638538
2024_16_PHI_WAS,2024-12-22T13:00-05:00,WAS,PHI,2024,16,False,3.0,-1.6783445687302625,-0.8779664183604048,-0.9963807914518066,-1.9985596079591943,1.885784142507859,-1.0112100633491665,-0.9042416338966546
2024_16_TEN_IND,2024-12-22T13:00-05:00,IND,TEN,2024,16,False,8.0,4.335325814493126,4.700593754950567,4.655248499451262,6.146485946830021,1.885784142507859,4.608566698574265,4.48112039254741
2024_16_MIN_SEA,2024-12-22T16:05-05:00,SEA,MIN,2024,16,False,-3.0,-2.511984477813564,-2.6292855637086823,-2.8026795801210325,-1.9431798690059665,1.885784142507859,-2.7802921082534224,-2.713216277208872
2024_16_JAX_LV,2024-12-22T16:25-05:00,LV,JAX,2024,16,False,5.0,0.6461872631000524,0.9854141025540035,0.830567648097573,0.9612110103730407,1.885784142507859,0.841492136290019,0.9002353353405568
2024_16_NE_BUF,2024-12-22T16:25-05:00,BUF,NE,2024,16,False,3.0,17.66487794185668,17.627186872342673,17.3666386761395,16.84608186392329,1.885784142507859,17.465222025977603,17.69091760024339
2024_16_SF_MIA,2024-12-22T16:25-05:00,MIA,SF,2024,16,False,12.0,-0.595591852118029,-0.16222048190608995,-0.13766621504335771,1.3796594514279503,1.885784142507859,-0.2681165195849291,-0.8104310757304114
2024_16_TB_DAL,2024-12-22T20:20-05:00,DAL,TB,2024,16,False,2.0,-2.9048651357570034,-3.9250370597867343,-4.022342041460442,-1.404071256811577,1.885784142507859,-4.087391156662112,-4.5597383093297985
2024_16_NO_GB,2024-12-23T20:15-05:00,GB,NO,2024,16,False,34.0,11.59597364089755,11.277900762847583,11.028424787453032,9.548556477365201,1.885784142507859,11.078498593645989,11.362294847330318
2024_17_KC_PIT,2024-12-25T13:00-05:00,PIT,KC,2024,17,False,-19.0,-2.070006057577057,-1.795702523846617,-1.8301082834883529,1.1302445211731835,1.885784142507859,-1.9556360329374192,-2.592073879050187
2024_17_BAL_HOU,2024-12-25T16:30-05:00,HOU,BAL,2024,17,False,-29.0,-5.817536914370838,-4.93562078728505,-5.060582071206861,-4.01675110954765,1.885784142507859,-5.101227284415411,-4.935485217819378
2024_17_SEA_CHI,2024-12-26T20:15-05:00,CHI,SEA,2024,17,False,-3.0,-1.0636501350932663,-0.9950745385888405,-1.1345371173090224,-0.8553914262368756,1.885784142507859,-1.1131216112272164,-1.1176870691966074
2024_17_LAC_NE,2024-12-28T13:00-05:00,NE,LAC,2024,17,False,-33.0,-4.079433476196257,-4.297270378195909,-4.5237827669061295,-4.454420427936189,1.885784142507859,-4.4555913172753066,-4.704669354078245
2024_17_DEN_CIN,2024-12-28T16:30-05:00,CIN,DEN,2024,17,False,6.0,2.4130726736962558,2.3216654821867566,2.2149505228429645,1.7021142025360563,1.885784142507859,2.1838891317787326,2.23067889475721
2024_17_ARI_LA,2024-12-28T20:15-05:00,LAR,ARI,2024,17,False,4.0,4.915845480860143,4.25455807331795,4.17247835989496,5.174267077603758,1.885784142507859,4.119752480349566,4.342192581213078
2024_17_CAR_TB,2024-12-29T13:00-05:00,TB,CAR,2024,17,False,34.0,13.42160765410286,12.559159411655287,12.50535762316489,13.230547432969855,1.885784142507859,12.372692264141,12.549775792052674
2024_17_DAL_PHI,2024-12-29T13:00-05:00,PHI,DAL,2024,17,False,34.0,-1.0658605590564503,4.284271974960126,5.606546813959091,7.8773776838390415,1.885784142507859,5.554872940597309,5.4716945465649305
2024_17_IND_NYG,2024-12-29T13:00-05:00,NYG,IND,2024,17,False,12.0,-2.926137910277318,-2.274835878773706,-2.2369898834595663,-3.1453368124520296,1.885784142507859,-2.3381691782744483,-2.220409783333643
2024_17_LV_NO,2024-12-29T13:00-05:00,NO,LV,2024,17,False,-15.0,1.259346073697578,2.204343816405584,2.134984639968414,4.998138845292113,1.885784142507859,2.129673174356225,2.173026843027335
2024_17_NYJ_BUF,2024-12-29T13:00-05:00,BUF,NYJ,2024,17,False,26.0,12.422190659474012,12.861259054952562,12.51821355588227,13.159015813852944,1.885784142507859,12.681497553610996,12.732228488658198
2024_17_TEN_JAX,2024-12-29T13:00-05:00,JAX,TEN,2024,17,False,7.0,3.1196842264740168,2.658100508007384,2.6280418345109235,4.652463380642662,1.885784142507859,2.565641175381564,2.627182131718069
2024_17_MIA_CLE,2024-12-29T16:05-05:00,CLE,MIA,2024,17,False,-17.0,-2.6865684126285756,-4.739530577971194,-3.4081204241565546,-3.3764583322222945,1.885784142507859,-3.4261737846670988,-3.4546639235290453
2024_17_GB_MIN,2024-12-29T16:25-05:00,MIN,GB,2024,17,False,2.0,-1.5717083440643087,-1.645270237404924,-1.7216245270486366,-0.024086910711399234,1.885784142507859,-1.7890713393280335,-2.2065775765854765
2024_17_ATL_WAS,2024-12-29T20:20-05:00,WAS,ATL,2024,17,False,6.0,5.309138216096592,6.490614939901363,6.2738646289774405,5.50337062755106,1.885784142507859,6.3558843949591495,6.283312831963478
2024_17_DET_SF,2024-12-30T20:15-05:00,SF,DET,2024,17,False,-6.0,-4.305611992697026,-4.321329700053397,-4.571121600430507,-5.563018587838837,1.885784142507859,-4.448074462888025,-4.40587069427136
2024_18_CLE_BAL,2025-01-04T16:30-05:00,BAL,CLE,2024,18,False,25.0,20.846968953237337,20.053686354153772,19.90916404786506,17.72270094959495,1.885784142507859,19.918076070410727,20.036740096699525
2024_18_CIN_PIT,2025-01-04T20:00-05:00,PIT,CIN,2024,18,False,-2.0,-1.7816051076284705,-2.4633464421063236,-2.5607099920770597,0.8064323417175534,1.885784142507859,-2.6028729009563016,-2.6830634769596884
2024_18_BUF_NE,2025-01-05T13:00-05:00,NE,BUF,2024,18,False,7.0,-15.980218525473179,-14.633424278567734,-14.876173976471769,-12.232243398295825,1.885784142507859,-14.786866846815323,-14.71660983609226
2024_18_CAR_ATL,2025-01-05T13:00-05:00,ATL,CAR,2024,18,False,-6.0,9.129383308569189,8.796327671318139,8.744158056843204,9.925071051269008,1.885784142507859,8.629807993054719,8.701950479993931
2024_18_CHI_GB,2025-01-05T13:00-05:00,GB,CHI,2024,18,False,-2.0,11.667346103369606,12.010126971044745,11.809359080492927,12.990220350332226,1.885784142507859,11.835852493146284,12.165560477208485
2024_18_HOU_TEN,2025-01-05T13:00-05:00,TEN,HOU,2024,18,False,-9.0,-2.1841957377770425,-1.5320121055138776,-1.6761508430392105,-3.595286705704563,1.885784142507859,-1.6897484765226718,-1.8083604579379478
2024_18_JAX_IND,2025-01-05T13:00-05:00,IND,JAX,2024,18,False,3.0,2.6612013147061617,3.0598137576042483,2.8727862887713407,2.9600841667771522,1.885784142507859,2.879025411512758,2.6637819196629624
2024_18_NO_TB,2025-01-05T13:00-05:00,TB,NO,2024,18,False,8.0,14.156161617380004,14.666976692246937,14.630930736467189,11.859244008849402,1.885784142507859,14.509767561361244,14.626188390252567
2024_18_NYG_PHI,2025-01-05T13:00-05:00,PHI,NYG,2024,18,False,7.0,10.239261103789303,13.176551001466372,13.108608867018798,16.645855792466165,1.885784142507859,12.994539249947412,12.951879092078045
2024_18_WAS_DAL,2025-01-05T13:00-05:00,DAL,WAS,2024,18,False,-4.0,-3.2109213510111227,-5.044384744884577,-5.111703697418917,-0.6658492200073964,1.885784142507859,-5.149876621882076,-5.235869199751059
2024_18_KC_DEN,2025-01-05T16:25-05:00,DEN,KC,2024,18,False,38.0,2.9745374181924094,1.1171332599824002,0.8836381678308598,-0.022984892700018023,1.885784142507859,0.9396872781891874,0.6981572276350381
2024_18_LAC_LV,2025-01-05T16:25-05:00,LV,LAC,2024,18,False,-14.0,-4.828181205007416,-5.8606148681286685,-5.979692686461599,-4.756131724011227,1.885784142507859,-6.035018568101167,-6.1565848738259366
2024_18_MIA_NYJ,2025-01-05T16:25-05:00,NYJ,MIA,2024,18,False,12.0,7.786744254339531,-3.3679758451254456,-1.9876346973008598,-3.4651167961418974,1.885784142507859,-2.0203262856387125,-1.8535773778501627
2024_18_SEA_LA,2025-01-05T16:25-05:00,LAR,SEA,2024,18,False,-5.0,3.115146770947872,4.775784780878004,4.669860900244768,3.642005181451645,1.885784142507859,4.678043694473896,4.6737897523325564
2024_18_SF_ARI,2025-01-05T16:25-05:00,ARI,SF,2024,18,False,23.0,6.055978572624193,5.3267760965885635,5.242087117617101,1.3391106343860368,1.885784142507859,5.207106999360947,5.1993723954315545
2024_18_MIN_DET,2025-01-05T20:20-05:00,DET,MIN,2024,18,False,22.0,5.718758975779271,5.25881859388355,5.13114169121838,5.840669566839233,1.885784142507859,5.084956986068003,5.235848437876849
2025_01_DAL_PHI,2025-09-04T20:20-04:00,PHI,DAL,2025,1,False,4.0,7.088510413875062,7.3957062820193755,7.22516207922797,6.451999903951762,1.8842105263157896,7.22964134171494,8.158701064096132
2025_01_KC_LAC,2025-09-05T20:00-04:00,LAC,KC,2025,1,True,6.0,0.08770477206279459,0.06740303049636687,0.7954008163089448,0.17513303160316362,1.8842105263157896,0.6828789052170445,0.42638070011878704
2025_01_ARI_NO,2025-09-07T13:00-04:00,NO,ARI,2025,1,False,-7.0,-4.410861426288902,-5.280874354229912,-5.432691735427137,0.28104620037369,1.8842105263157896,-5.4094705262254195,-5.246781473480751
2025_01_CAR_JAX,2025-09-07T13:00-04:00,JAX,CAR,2025,1,False,16.0,6.8926503021796535,3.8837056190174732,3.7758933078356067,4.142343431761537,1.8842105263157896,3.740553887685018,3.633835693369644
2025_01_CIN_CLE,2025-09-07T13:00-04:00,CLE,CIN,2025,1,False,-1.0,-8.007600610413732,-8.390166113777859,-8.00602994376306,-2.342664674510038,1.8842105263157896,-8.021409340454735,-8.261231927313748
2025_01_LV_NE,2025-09-07T13:00-04:00,NE,LV,2025,1,False,-7.0,-0.05238891887193864,-0.7191013249052527,-0.4072362506065552,2.2187098358231916,1.8842105263157896,-0.36923092025492066,-0.3693814188081346
2025_01_MIA_IND,2025-09-07T13:00-04:00,IND,MIA,2025,1,False,25.0,-2.1115968553483175,-1.2607535336675662,-1.5086321794123718,0.40911451973977897,1.8842105263157896,-1.3832628819984647,-1.0768891131393927
2025_01_NYG_WAS,2025-09-07T13:00-04:00,WAS,NYG,2025,1,False,15.0,5.759755117354786,6.6813287504018035,6.422159712154743,6.730474726349501,1.8842105263157896,6.5068983510240175,7.015299710773537
2025_01_PIT_NYJ,2025-09-07T13:00-04:00,NYJ,PIT,2025,1,False,-2.0,1.2160358993549494,0.8461941295505513,0.779658057711029,0.5448785676290391,1.8842105263157896,0.7448949901410644,1.721270736902818
2025_01_TB_ATL,2025-09-07T13:00-04:00,ATL,TB,2025,1,False,-3.0,-4.139545251180795,-3.1738155477255674,-3.3450177198563535,-1.1052067049411587,1.8842105263157896,-3.3206411753588063,-2.7802112565850137
2025_01_SF_SEA,2025-09-07T16:05-04:00,SEA,SF,2025,1,False,-4.0,2.255487511315205,1.7286770407959344,1.7331010931924546,3.67169142875323,1.8842105263157896,1.6074875877163863,0.9727559050455823
2025_01_TEN_DEN,2025-09-07T16:05-04:00,DEN,TEN,2025,1,False,8.0,13.528001260853607,11.581251527097837,11.950099249502003,8.188471392592326,1.8842105263157896,11.95300832237341,10.511261942033451
2025_01_DET_GB,2025-09-07T16:25-04:00,GB,DET,2025,1,False,14.0,0.9365089661708068,-0.13722341919249081,0.1324601829984831,0.7717939992517415,1.8842105263157896,0.2283879660971722,0.12298075768815736
2025_01_HOU_LA,2025-09-07T16:25-04:00,LAR,HOU,2025,1,False,5.0,3.3653389197168564,2.6811681835323546,2.493699406246889,2.985261871150339,1.8842105263157896,2.5695366475685244,1.3334638438793909
2025_01_BAL_BUF,2025-09-07T20:20-04:00,BUF,BAL,2025,1,False,1.0,0.8281216537307512,1.4765895801116025,1.111873864589295,1.1645597973872697,1.8842105263157896,1.3248731958950826,1.699565945565792
2025_01_MIN_CHI,2025-09-08T20:15-04:00,CHI,MIN,2025,1,False,-3.0,3.8994644019232507,1.8947981325559216,1.8172246907406149,-0.46676508373278036,1.8842105263157896,1.7472083355119024,3.0573750356482927
2025_02_WAS_GB,2025-09-11T20:15-04:00,GB,WAS,2025,2,False,9.0,4.578017409852677,3.604318188362834,3.992039950185646,4.81722599309105,1.8842105263157896,3.960550295857995,2.5687590019640165
2025_02_BUF_NYJ,2025-09-14T13:00-04:00,NYJ,BUF,2025,2,False,-20.0,-7.898942380792822,-6.11827450549778,-6.049675671206343,-2.6699546213642193,1.8842105263157896,-6.246328839546361,-6.0871390950403645
2025_02_CHI_DET,2025-09-14T13:00-04:00,DET,CHI,2025,2,False,31.0,9.545482484263303,7.984422442238255,7.9124129493675195,7.546926818303376,1.8842105263157896,7.804043519427504,7.20797100999866
2025_02_CLE_BAL,2025-09-14T13:00-04:00,BAL,CLE,2025,2,False,24.0,13.784678496848997,14.127807572136858,14.478277539502567,10.568790037793647,1.8842105263157896,14.512488003723112,14.164702928732224
2025_02_JAX_CIN,2025-09-14T13:00-04:00,CIN,JAX,2025,2,False,4.0,7.603599085904738,6.062637922972824,5.915188716220766,5.023610206715068,1.8842105263157896,5.896452347086619,5.935639152559677
2025_02_LA_TEN,2025-09-14T13:00-04:00,TEN,LAR,2025,2,False,-14.0,-5.884643533925997,-4.886545593953955,-5.113889351552837,-1.5752287262940783,1.8842105263157896,-5.071622057340419,-4.574350089915099
2025_02_NE_MIA,2025-09-14T13:00-04:00,MIA,NE,2025,2,False,-6.0,7.589476828040674,5.953411635130668,5.949525878858216,4.446350606726685,1.8842105263157896,5.780032138138863,5.616342056180896
2025_02_NYG_DAL,2025-09-14T13:00-04:00,DAL,NYG,2025,2,False,3.0,3.7317875032149184,5.406060855332813,5.184101752967752,5.701603196166527,1.8842105263157896,5.24273689505164,5.0102320762561865
2025_02_SEA_PIT,2025-09-14T13:00-04:00,PIT,SEA,2025,2,False,-14.0,2.728701236001266,1.8046280738701146,1.5441931040231744,3.1606811174853604,1.8842105263157896,1.6412599089918456,1.1543890645864763
2025_02_SF_NO,2025-09-14T13:00-04:00,NO,SF,2025,2,False,-5.0,-3.702728221407633,-1.1329571763265267,-1.2835476805903925,0.0791461953821897,1.8842105263157896,-1.214585253375119,-1.1488479824429345
2025_02_CAR_ARI,2025-09-14T16:05-04:00,ARI,CAR,2025,2,False,5.0,9.004895570440892,8.790306006991903,8.691330027745021,7.887539705241713,1.8842105263157896,8.647076872020076,8.52477806510884
2025_02_DEN_IND,2025-09-14T16:05-04:00,IND,DEN,2025,2,False,1.0,-1.6500506921737355,-0.9224456684482978,-1.0774009036440866,0.012176574295741371,1.8842105263157896,-1.0572499004485059,0.16122289871235967
2025_02_PHI_KC,2025-09-14T16:25-04:00,KC,PHI,2025,2,False,-3.0,-0.16623318533409975,-0.8481282320849984,-1.059443008175816,0.9875428816876799,1.8842105263157896,-0.9713563605053013,-2.6024492477816197
2025_02_ATL_MIN,2025-09-14T20:20-04:00,MIN,ATL,2025,2,False,-16.0,1.0805202208373865,1.5393706522135893,1.4030417473903736,5.884501824631268,1.8842105263157896,1.4065337908174598,0.10050813066617126
2025_02_TB_HOU,2025-09-15T19:00-04:00,HOU,TB,2025,2,False,-1.0,-1.3788882443709247,-2.820430345746958,-2.4672492468795446,-0.2747133184010022,1.8842105263157896,-2.466811213481419,-1.59552899206382
2025_02_LAC_LV,2025-09-15T22:00-04:00,LV,LAC,2025,2,False,-11.0,-4.942780725927824,-3.501890644638946,-3.673015198367912,-1.5668177676477946,1.8842105263157896,-3.6333573789995395,-2.6085631158571116
2025_03_MIA_BUF,2025-09-18T20:15-04:00,BUF,MIA,2025,3,False,10.0,10.808358097669643,10.973744097689146,10.531375444030385,9.23964378933392,1.8842105263157896,10.872919845105613,10.866535763198346
2025_03_ATL_CAR,2025-09-21T13:00-04:00,CAR,ATL,2025,3,False,30.0,-4.43891231905482,-4.472625084259549,-4.697804274026996,-2.0488044643846717,1.8842105263157896,-4.611799747843797,-4.592586089375679
2025_03_CIN_MIN,2025-09-21T13:00-04:00,MIN,CIN,2025,3,False,38.0,-0.5172634356372008,0.38225285617888977,0.3174401275414417,1.7820404087003245,1.8842105263157896,0.28113903497994264,-0.7432411593454578
2025_03_GB_CLE,2025-09-21T13:00-04:00,CLE,GB,2025,3,False,3.0,-9.746953723627229,-10.460877115458644,-10.611859962115181,-6.1237848107083686,1.8842105263157896,-10.608898187244694,-10.15560078139389
2025_03_HOU_JAX,2025-09-21T13:00-04:00,JAX,HOU,2025,3,False,7.0,0.6883240221904467,1.9418749796145143,1.7581807320418965,1.672076860544079,1.8842105263157896,1.7876566733839905,1.1704510530719061
2025_03_IND_TEN,2025-09-21T13:00-04:00,TEN,IND,2025,3,False,-21.0,-5.822152803204182,-4.927466696128731,-5.048117062411018,-1.6783218604549823,1.8842105263157896,-5.088842497551553,-5.079881566994064
2025_03_LA_PHI,2025-09-21T13:00-04:00,PHI,LAR,2025,3,False,7.0,4.047888725026603,4.2072400186953445,3.9237476867042638,4.303399724485022,1.8842105263157896,4.030706083559387,5.212610334876428
2025_03_LV_WAS,2025-09-21T13:00-04:00,WAS,LV,2025,3,False,17.0,3.671329992332955,4.400712247256564,4.300070721645185,6.109292828877221,1.8842105263157896,4.255478963884664,4.44629299672529
2025_03_NYJ_TB,2025-09-21T13:00-04:00,TB,NYJ,2025,3,False,2.0,9.767755232130149,8.924237897970043,8.823661339398393,8.166897151407944,1.8842105263157896,8.798586122636705,8.490322009685691
2025_03_PIT_NE,2025-09-21T13:00-04:00,NE,PIT,2025,3,False,-7.0,-1.1611012227333934,-0.33791561785781915,0.048991181943327744,0.8008640860063863,1.8842105263157896,0.05716027279852631,0.6975944493639124
2025_03_DEN_LAC,2025-09-21T16:05-04:00,LAC,DEN,2025,3,False,3.0,1.762581303567942,2.564581165346192,2.483386801505029,3.6692012793815945,1.8842105263157896,2.4345137433059874,2.428750317694431
2025_03_NO_SEA,2025-09-21T16:05-04:00,SEA,NO,2025,3,False,31.0,7.961862248738921,7.228531772308282,7.200112402402966,6.609778567523122,1.8842105263157896,7.049094831866656,6.641889218685796
2025_03_ARI_SF,2025-09-21T16:25-04:00,SF,ARI,2025,3,False,1.0,-1.4227989529263074,-2.019169899821111,-2.134073866871658,2.20724451748224,1.8842105263157896,-2.1940414179162735,-2.111311681038444
2025_03_DAL_CHI,2025-09-21T16:25-04:00,CHI,DAL,2025,3,False,17.0,-1.7155174175980004,-1.6227842780956445,-1.7439133383233851,0.48619483636673166,1.8842105263157896,-1.7530264636734008,-1.7865715711346197
2025_03_KC_NYG,2025-09-21T20:20-04:00,NYG,KC,2025,3,False,-13.0,-4.350711640028238,-3.826021186587173,-3.2838973210930393,-2.2716600403741394,1.8842105263157896,-3.449561747951676,-2.7015282317027407
2025_03_DET_BAL,2025-09-22T20:15-04:00,BAL,DET,2025,3,False,-8.0,2.945487314670739,3.3850136658083914,3.1368849698656556,3.029419671298383,1.8842105263157896,3.2608227265232372,3.455714584921573
2025_04_SEA_ARI,2025-09-25T20:15-04:00,ARI,SEA,2025,4,False,-3.0,1.37671977651833,1.6927838837894091,1.4844445824609238,0.45624598773094505,1.8842105263157896,1.568383040450836,1.8316900622310506
2025_04_MIN_PIT,2025-09-28T09:30-04:00,PIT,MIN,2025,4,True,3.0,-0.0941185250927179,-1.5484787324453047,-1.0196212468131547,-2.1729564321672266,1.8842105263157896,-0.9713665891163981,-0.5989320574164065
2025_04_CAR_NE,2025-09-28T13:00-04:00,NE,CAR,2025,4,False,29.0,1.5882617817372258,1.5026770910788698,1.3848219276233227,2.3910843299541424,1.8842105263157896,1.3385856818394597,1.2204139141176742
2025_04_CLE_DET,2025-09-28T13:00-04:00,DET,CLE,2025,4,False,24.0,14.39151681826596,15.139756450930731,15.106719046762453,12.196974475370467,1.8842105263157896,14.991535238342058,14.475973451626219
2025_04_LAC_NYG,2025-09-28T13:00-04:00,NYG,LAC,2025,4,False,3.0,-8.068238282905092,-9.009048090689358,-9.156447194526049,-5.081512901808139,1.8842105263157896,-9.123623643967207,-8.060058279987228
2025_04_NO_BUF,2025-09-28T13:00-04:00,BUF,NO,2025,4,False,12.0,16.707729664038208,15.497656193352645,15.226470761302814,11.673290124243621,1.8842105263157896,15.342035536013155,15.222213890760528
2025_04_PHI_TB,2025-09-28T13:00-04:00,TB,PHI,2025,4,False,-6.0,-1.610940273416037,-1.3532259144182284,-1.4385045802334748,1.1416173520109538,1.8842105263157896,-1.4535853284819187,-2.9824090128810643
2025_04_TEN_HOU,2025-09-28T13:00-04:00,HOU,TEN,2025,4,False,26.0,8.590020178289821,8.283953650448272,8.16842007146441,7.714749105230991,1.8842105263157896,8.159578896402575,8.64401251041853
2025_04_WAS_ATL,2025-09-28T13:00-04:00,ATL,WAS,2025,4,False,7.0,5.3429562549761,-0.08865156829181275,0.974555492838434,-1.0265722153507495,1.8842105263157896,0.9947815692985915,0.847062964332523
2025_04_IND_LA,2025-09-28T16:05-04:00,LAR,IND,2025,4,False,7.0,3.9547490900194813,1.4180752175237692,1.4247008611644778,2.609251675765484,1.8842105263157896,1.3034496521700139,1.1882143760407584
2025_04_JAX_SF,2025-09-28T16:05-04:00,SF,JAX,2025,4,False,-5.0,3.2035733152154,2.4611346158631107,2.280605638971197,3.390318488059525,1.8842105263157896,2.3199550575313506,2.57032365160954
2025_04_BAL_KC,2025-09-28T16:25-04:00,KC,BAL,2025,4,False,17.0,-0.29797760626705827,-1.000423373661765,-1.2298192277612547,-0.4554120300165816,1.8842105263157896,-1.122380021452749,-1.1110940345048284
2025_04_CHI_LV,2025-09-28T16:25-04:00,LV,CHI,2025,4,False,-1.0,1.0013465936543615,-0.03633854431345318,-0.22934095999946247,1.0073864200742109,1.8842105263157896,-0.17846108802447125,-0.18725673423219424
2025_04_GB_DAL,2025-09-28T20:20-04:00,DAL,GB,2025,4,False,0.0,-5.500099457740959,-3.9436897588473925,-4.1171646166476155,-3.157106131021628,1.8842105263157896,-4.0910730715670285,-3.5031736066806953
2025_04_NYJ_MIA,2025-09-29T19:15-04:00,MIA,NYJ,2025,4,False,6.0,6.435013220348898,4.329449699786086,4.3014413908932525,3.0102736366701146,1.8842105263157896,4.15493960529862,4.0595663835629505
2025_04_CIN_DEN,2025-09-29T20:15-04:00,DEN,CIN,2025,4,False,25.0,7.59810557407673,7.675955197342726,7.630140481395761,4.860798851781026,1.8842105263157896,7.580167879569375,6.749248066244745
2025_05_SF_LA,2025-10-02T20:15-04:00,LAR,SF,2025,5,False,-3.0,7.395422400356279,6.506343775514258,6.482035825222252,4.568072343321289,1.8842105263157896,6.403060203045966,6.29409370878355
2025_05_MIN_CLE,2025-10-05T09:30-04:00,CLE,MIN,2025,5,True,-4.0,-4.873571480556148,-7.680771731937694,-7.081983765616291,-6.166846684827248,1.8842105263157896,-7.066001120344751,-6.167774571579564
2025_05_DAL_NYJ,2025-10-05T13:00-04:00,NYJ,DAL,2025,5,False,-15.0,1.7555278309278637,-0.7518248879421194,-0.8900027355083702,1.465408618372019,1.8842105263157896,-0.8815876896371193,-0.9380166326652066
2025_05_DEN_PHI,2025-10-05T13:00-04:00,PHI,DEN,2025,5,False,-4.0,2.5135611877657418,2.3966913521525584,2.1988951228344362,2.912048595642211,1.8842105263157896,2.250315401061093,3.963163865095029
2025_05_HOU_BAL,2025-10-05T13:00-04:00,BAL,HOU,2025,5,False,-34.0,-0.5374738902318184,0.5708695594595852,0.4702477778007701,5.445620154134003,1.8842105263157896,0.365931845022768,-0.3713833085129705
2025_05_LV_IND,2025-10-05T13:00-04:00,IND,LV,2025,5,False,34.0,6.125433817726772,6.630692372308911,6.499181599206318,6.560120666758473,1.8842105263157896,6.4928900059408114,6.541471567146316
2025_05_MIA_CAR,2025-10-05T13:00-04:00,CAR,MIA,2025,5,False,3.0,-4.622704304364817,-2.5755180430057982,-2.9081959838832345,-0.02274991357208833,1.8842105263157896,-2.6877490279121066,-2.539545926808888
2025_05_NYG_NO,2025-10-05T13:00-04:00,NO,NYG,2025,5,False,12.0,-0.16732780013189985,1.697220579256326,1.4052333559746821,1.848937906932361,1.8842105263157896,1.5666465924242092,1.4754748310564256
2025_05_TB_SEA,2025-10-05T16:05-04:00,SEA,TB,2025,5,False,-3.0,1.5178709383307143,1.4850657366929023,1.3861394214742795,3.8534364726673354,1.8842105263157896,1.3086181365639737,1.0786248942916359
2025_05_TEN_ARI,2025-10-05T16:05-04:00,ARI,TEN,2025,5,False,-1.0,11.355329109910898,11.667600044930863,12.01506323115434,10.162350452920933,1.8842105263157896,12.032910864398866,11.82779377964384
2025_05_DET_CIN,2025-10-05T16:25-04:00,CIN,DET,2025,5,False,-13.0,-10.046895472010046,-11.090807415178407,-11.42143522582369,-6.194650295525431,1.8842105263157896,-11.274173964356315,-10.723147843628276
2025_05_WAS_LAC,2025-10-05T16:25-04:00,LAC,WAS,2025,5,False,-17.0,2.3247871592734675,2.141649151064708,2.0623672306094174,3.501388588351272,1.8842105263157896,2.0062544301288634,0.6190282985120386
2025_05_NE_BUF,2025-10-05T20:20-04:00,BUF,NE,2025,5,False,-3.0,12.16677801526863,11.411622578170721,11.148456968150747,8.785636567983765,1.8842105263157896,11.291500757194882,11.306755663824102
2025_05_KC_JAX,2025-10-06T20:15-04:00,JAX,KC,2025,5,False,3.0,-3.107363832493547,-1.4077941162928524,-1.4664903732048693,-0.8793745276606528,1.8842105263157896,-1.5641435595021458,-1.3402565673836568
2025_06_PHI_NYG,2025-10-09T20:15-04:00,NYG,PHI,2025,6,False,17.0,-7.959374343389629,-8.421241933535363,-8.534222488202957,-5.561552954647292,1.8842105263157896,-8.56421194319842,-9.398641124465856
2025_06_DEN_NYJ,2025-10-12T09:30-04:00,NYJ,DEN,2025,6,True,-2.0,-9.233500533312217,-8.862557304898521,-8.286674641500092,-8.201356700745219,1.8842105263157896,-8.270364137589391,-7.649614526236855
2025_06_ARI_IND,2025-10-12T13:00-04:00,IND,ARI,2025,6,False,4.0,6.781177766947284,7.204218864922389,7.101288052378093,5.2934871052249575,1.8842105263157896,7.081934999989654,7.153131492027329
2025_06_CLE_PIT,2025-10-12T13:00-04:00,PIT,CLE,2025,6,False,14.0,7.1069822272848295,7.200557136165786,6.989845906468689,7.107320216123061,1.8842105263157896,7.030101983437641,6.47878705626521
2025_06_DAL_CAR,2025-10-12T13:00-04:00,CAR,DAL,2025,6,False,3.0,-2.8220330406403766,-3.3846393745552645,-3.588650568797801,-1.1068081068904672,1.8842105263157896,-3.516865728955282,-3.5130712565569358
2025_06_LAC_MIA,2025-10-12T13:00-04:00,MIA,LAC,2025,6,False,-2.0,1.5105630571710966,-0.5966516714751764,-0.6958078728299614,-0.6787286818812057,1.8842105263157896,-0.7607171794859453,-0.17156111546003716
2025_06_LA_BAL,2025-10-12T13:00-04:00,BAL,LAR,2025,6,False,-14.0,-4.182048428311829,-3.2199368644561517,-3.4635496211092076,3.584237120751959,1.8842105263157896,-3.4330789779327624,-3.679622775932499
2025_06_NE_NO,2025-10-12T13:00-04:00,NO,NE,2025,6,False,-6.0,-0.2220736404775554,-0.9378472828134823,-1.0921034656068231,-0.5592531232420228,1.8842105263157896,-1.044611632376561,-1.014036868320896
2025_06_SEA_JAX,2025-10-12T13:00-04:00,JAX,SEA,2025,6,False,-8.0,-1.339023251422478,-0.45720870282377024,-0.6453262856070123,0.2671016020805661,1.8842105263157896,-0.6041234974173397,-0.3032657275512478
2025_06_TEN_LV,2025-10-12T16:05-04:00,LV,TEN,2025,6,False,10.0,3.4971136306353086,4.496436042622804,4.297513843980222,4.221364323449278,1.8842105263157896,4.348877817012377,4.299934959313953
2025_06_CIN_GB,2025-10-12T16:25-04:00,GB,CIN,2025,6,False,9.0,11.314012783921523,12.373935664110501,12.260242358214061,8.141284262918832,1.8842105263157896,12.278016379637961,11.940397207901302
2025_06_SF_TB,2025-10-12T16:25-04:00,TB,SF,2025,6,False,11.0,6.046723547222717,7.089776466980203,6.930157776065981,4.499054345127054,1.8842105263157896,6.982016925331008,6.779908121537238
2025_06_DET_KC,2025-10-12T20:20-04:00,KC,DET,2025,6,False,13.0,-0.6593444049695187,-2.037093319831683,-2.4139160947957525,-1.95783063891907,1.8842105263157896,-2.1501779839019277,-1.777239974328582
2025_06_BUF_ATL,2025-10-13T19:15-04:00,ATL,BUF,2025,6,False,10.0,-5.470616617119692,-4.569374587022615,-4.526043281221782,-2.1420007748031455,1.8842105263157896,-4.7199363777259,-4.699952044172944
2025_06_CHI_WAS,2025-10-13T20:15-04:00,WAS,CHI,2025,6,False,-1.0,6.360757188604555,6.011412165104391,5.847240723058661,6.997738426962977,1.8842105263157896,5.884848867511654,6.485256906289101
2025_07_PIT_CIN,2025-10-16T20:15-04:00,CIN,PIT,2025,7,False,2.0,-4.551543141623974,-4.56855078103234,-4.746630090973291,-0.5888116008530906,1.8842105263157896,-4.756638765236765,-4.482105163102359
2025_07_LA_JAX,2025-10-19T09:30-04:00,JAX,LAR,2025,7,True,-28.0,-4.3210874247247375,-3.761271676255947,-3.367913600426583,-2.7801349470606787,1.8842105263157896,-3.192019220568729,-3.4395416089538666
2025_07_CAR_NYJ,2025-10-19T13:00-04:00,NYJ,CAR,2025,7,False,-7.0,0.4022825340181571,0.37631082032218255,0.8057788951334277,2.7594965770457893,1.8842105263157896,0.7409610943569427,0.6794088383182565
2025_07_LV_KC,2025-10-19T13:00-04:00,KC,LV,2025,7,False,31.0,11.963607853001438,11.244794495613053,11.02917744737151,10.90500259325098,1.8842105263157896,11.11078426583951,10.955659212751497
2025_07_MIA_CLE,2025-10-19T13:00-04:00,CLE,MIA,2025,7,False,25.0,-3.0388859808313144,-2.516749432337134,-2.6796534497824807,-0.17289793184784763,1.8842105263157896,-2.6151915717363883,-2.555038782978312
2025_07_NE_TEN,2025-10-19T13:00-04:00,TEN,NE,2025,7,False,-18.0,-6.17015286554437,-6.503497431267249,-6.561936338808536,-4.155901293816139,1.8842105263157896,-6.640987051175991,-6.6039908851503295
2025_07_NO_CHI,2025-10-19T13:00-04:00,CHI,NO,2025,7,False,12.0,5.210475632161282,5.697743901174414,5.709684420038787,5.767777785089308,1.8842105263157896,5.552783441358142,5.521745133582324
2025_07_PHI_MIN,2025-10-19T13:00-04:00,MIN,PHI,2025,7,False,-6.0,0.320727385192094,-0.19699735894692605,0.2485591212258349,1.977111372175667,1.8842105263157896,0.17056769171381259,-1.4966962512687638
2025_07_IND_LAC,2025-10-19T16:05-04:00,LAC,IND,2025,7,False,-14.0,0.8930980483684711,0.6873452728142271,0.6026444917870677,1.4288347732434783,1.8842105263157896,0.5422778616225192,-0.1343870173113858
2025_07_NYG_DEN,2025-10-19T16:05-04:00,DEN,NYG,2025,7,False,1.0,10.474179342889867,9.42647127641041,9.305950167484864,9.221209895795521,1.8842105263157896,9.31322523623209,8.656777624575321
2025_07_GB_ARI,2025-10-19T16:25-04:00,ARI,GB,2025,7,False,-4.0,-4.468847878884093,-4.351282373042777,-4.558221326500937,-1.3009837075703383,1.8842105263157896,-4.497781230646123,-4.104895225759335
2025_07_WAS_DAL,2025-10-19T16:25-04:00,DAL,WAS,2025,7,False,22.0,0.32814628790765216,0.17850071327418826,0.015453321323539937,-0.848049639170303,1.8842105263157896,0.023900560347730693,-0.5429413469195388
2025_07_ATL_SF,2025-10-19T20:20-04:00,SF,ATL,2025,7,False,10.0,-0.25186651782696434,-0.9052445711614432,-1.0715485782813383,1.960423104509475,1.8842105263157896,-1.088078693050846,-1.1789151869423597
2025_07_TB_DET,2025-10-20T19:00-04:00,DET,TB,2025,7,False,15.0,5.528336712387895,4.88468199702313,4.907295601589626,6.238413369244024,1.8842105263157896,4.7123320467527225,4.2885136856781445
2025_07_HOU_SEA,2025-10-20T22:00-04:00,SEA,HOU,2025,7,False,8.0,1.3393349473132883,0.6037628096543437,1.017365900062615,3.3730295086092807,1.8842105263157896,0.9749825737267681,0.278887566655455
2025_08_MIN_LAC,2025-10-23T20:15-04:00,LAC,MIN,2025,8,False,27.0,2.6011587154250995,3.3641311181669895,3.1822481830772857,1.632167390472856,1.8842105263157896,3.2123206155320854,3.2702642608824695
2025_08_BUF_CAR,2025-10-26T13:00-04:00,CAR,BUF,2025,8,False,-31.0,-1.2997352744788988,-4.583585730554779,-2.9861113205886047,-3.6154690024157627,1.8842105263157896,-2.9974198360647826,-2.860425168439161
2025_08_CHI_BAL,2025-10-26T13:00-04:00,BAL,CHI,2025,8,False,14.0,0.14608581082968564,-1.6921161316965276,-1.9402145527968981,3.6648299110281544,1.8842105263157896,-1.853693715126989,-1.8856880334923853
2025_08_CLE_NE,2025-10-26T13:00-04:00,NE,CLE,2025,8,False,19.0,5.402974484701605,6.991427974978013,6.706371046838232,6.697320101926138,1.8842105263157896,6.830544833318253,6.863001500619107
2025_08_MIA_ATL,2025-10-26T13:00-04:00,ATL,MIA,2025,8,False,-24.0,3.2678671630077005,4.80762780424479,4.684802959246525,5.7615308502891525,1.8842105263157896,4.708746699183207,4.960247480837238
2025_08_NYG_PHI,2025-10-26T13:00-04:00,PHI,NYG,2025,8,False,18.0,6.951916639497684,7.931458006017072,7.713440406306933,7.543245565375804,1.8842105263157896,7.782987423929967,8.545646160276737
2025_08_NYJ_CIN,2025-10-26T13:00-04:00,CIN,NYJ,2025,8,False,-1.0,6.374835590481703,3.548007101735847,3.360737643218007,4.708370656960872,1.8842105263157896,3.346926993787416,3.2219818026730644
2025_08_SF_HOU,2025-10-26T13:00-04:00,HOU,SF,2025,8,False,11.0,4.726209616568244,5.23205037639507,5.031940035895955,4.109058328540429,1.8842105263157896,5.131328579545276,5.598711104251549
2025_08_TB_NO,2025-10-26T16:05-04:00,NO,TB,2025,8,False,-20.0,-5.265870430295755,-5.713033927470098,-5.960910359598939,-3.9986664717712355,1.8842105263157896,-5.888061755883879,-5.781595116046121
2025_08_DAL_DEN,2025-10-26T16:25-04:00,DEN,DAL,2025,8,False,20.0,4.906481232463765,3.343181859785604,3.2098803978542394,4.923272139637664,1.8842105263157896,3.2256694401936397,2.7315589669033957
2025_08_TEN_IND,2025-10-26T16:25-04:00,IND,TEN,2025,8,False,24.0,15.718558306986887,15.882009515288388,15.688946807765173,13.813341144014235,1.8842105263157896,15.739854699304157,15.715735738374633
2025_08_GB_PIT,2025-10-26T20:20-04:00,PIT,GB,2025,8,False,-10.0,-1.1823809552841367,-1.894192825533993,-2.0058945374499646,-0.577867114624123,1.8842105263157896,-2.048435455676104,-2.0285449906226694
2025_08_WAS_KC,2025-10-27T20:15-04:00,KC,WAS,2025,8,False,21.0,14.699348356644496,5.807052275594332,6.8821922889598195,7.146770681114609,1.8842105263157896,6.90170737417997,6.318455982329528
2025_09_BAL_MIA,2025-10-30T20:15-04:00,MIA,BAL,2025,9,False,-22.0,-2.9601441776721114,-2.1212373343782884,-2.114584006597966,-1.2859117312674337,1.8842105263157896,-2.2764104791913624,-2.273824483053276
2025_09_ATL_NE,2025-11-02T13:00-05:00,NE,ATL,2025,9,False,1.0,4.30610309407264,4.981095612196392,4.775383959724518,6.185592312144678,1.8842105263157896,4.806380312935681,4.564726196564643
2025_09_CAR_GB,2025-11-02T13:00-05:00,GB,CAR,2025,9,False,-3.0,14.89852723757801,13.596192991485056,13.496892752168574,11.488959689202233,1.8842105263157896,13.457775437673973,13.057641321010907
2025_09_CHI_CIN,2025-11-02T13:00-05:00,CIN,CHI,2025,9,False,-5.0,3.2773475030445556,-3.198517204806854,-3.459776599526173,1.0747394149020777,1.8842105263157896,-3.385843583509056,-3.419236216249642
2025_09_DEN_HOU,2025-11-02T13:00-05:00,HOU,DEN,2025,9,False,-3.0,0.8367785025031936,0.2491569576928374,0.06701522759302891,0.6711872926609472,1.8842105263157896,0.10541003865610993,0.9147686062179422
2025_09_IND_PIT,2025-11-02T13:00-05:00,PIT,IND,2025,9,False,7.0,-2.372840838400981,-3.211822402775832,-3.3471127099995526,-1.8017432131581579,1.8842105263157896,-3.359762961149741,-3.6791168207956657
2025_09_LAC_TEN,2025-11-02T13:00-05:00,TEN,LAC,2025,9,False,-7.0,-10.640055785274871,-11.44223987508371,-11.521646647727355,-7.691850115470125,1.8842105263157896,-11.578815419314672,-10.946308628796947
2025_09_MIN_DET,2025-11-02T13:00-05:00,DET,MIN,2025,9,False,-3.0,15.048211031567217,14.962901391873153,14.938330947183015,10.107061400736228,1.8842105263157896,14.80717393836327,14.914482843729122
2025_09_SF_NYG,2025-11-02T13:00-05:00,NYG,SF,2025,9,False,-10.0,-1.6948290767596943,-0.6602790308716502,-0.8123443362354843,-0.43152729695176584,1.8842105263157896,-0.7637433183782619,-0.7755628065067073
2025_09_JAX_LV,2025-11-02T16:05-05:00,LV,JAX,2025,9,False,-1.0,-1.2094088349170624,-2.5672063341391302,-2.6982123792996084,-1.3656643266644521,1.8842105263157896,-2.6996351584034692,-2.6401799517870916
2025_09_NO_LA,2025-11-02T16:05-05:00,LAR,NO,2025,9,False,24.0,13.596742636077567,13.233287816817768,13.254496102439878,12.120939490332058,1.8842105263157896,13.127245679851052,13.306290969840287
2025_09_KC_BUF,2025-11-02T16:25-05:00,BUF,KC,2025,9,False,7.0,0.7360011581612889,0.8986461680950059,0.7063337874525574,0.3228318356359834,1.8842105263157896,0.7533058325677717,1.0081754459111607
2025_09_SEA_WAS,2025-11-02T20:20-05:00,WAS,SEA,2025,9,False,-24.0,-0.4685506914830566,-0.9206197038748767,-1.0924407534631797,-0.9664110385303082,1.8842105263157896,-1.052479960473849,-0.22960631770100148
2025_09_ARI_DAL,2025-11-03T20:15-05:00,DAL,ARI,2025,9,False,-10.0,3.1919935244467568,3.421801738765221,3.8083631480950837,2.5516064866870334,1.8842105263157896,3.788075926774804,3.786074512884815
2025_10_LV_DEN,2025-11-06T20:15-05:00,DEN,LV,2025,10,False,3.0,11.642512308005374,12.153564789104099,11.982237271399432,12.712123224580644,1.8842105263157896,12.031360695017751,11.691641928715196
2025_10_ATL_IND,2025-11-09T09:30-05:00,IND,ATL,2025,10,True,6.0,4.15171629375581,4.115790489832056,4.703115798132621,5.0586656138608745,1.8842105263157896,4.673527457655052,4.531726463273854
2025_10_BAL_MIN,2025-11-09T13:00-05:00,MIN,BAL,2025,10,False,-8.0,-7.466814095488801,-7.237178943452227,-7.303789086728117,-0.21529274507930873,1.8842105263157896,-7.351720164105233,-7.694900680598701
2025_10_BUF_MIA,2025-11-09T13:00-05:00,MIA,BUF,2025,10,False,17.0,-6.520852827634421,-6.7719148148276584,-6.629716608600177,-6.1859873883609175,1.8842105263157896,-6.9364613575865945,-7.142771341651639
2025_10_CLE_NYJ,2025-11-09T13:00-05:00,NYJ,CLE,2025,10,False,7.0,0.5735639375338999,1.051996327749447,0.8546839709144003,2.889029587582227,1.8842105263157896,0.8979909720524826,0.9834619592663727
2025_10_JAX_HOU,2025-11-09T13:00-05:00,HOU,JAX,2025,10,False,7.0,2.1925001807220776,2.1558929015510664,2.013054857709392,6.521817745677664,1.8842105263157896,2.009470508407717,2.241531693160685
2025_10_NE_TB,2025-11-09T13:00-05:00,TB,NE,2025,10,False,-5.0,5.87473541209052,5.289078850697642,5.142953788876104,4.283895693605893,1.8842105263157896,5.191929311457857,5.227236684573688
2025_10_NO_CAR,2025-11-09T13:00-05:00,CAR,NO,2025,10,False,-10.0,6.526704193851929,5.692329736137819,5.489559921339587,5.604099356909794,1.8842105263157896,5.5559870627739105,5.4324779906099385
2025_10_NYG_CHI,2025-11-09T13:00-05:00,CHI,NYG,2025,10,False,4.0,6.4969431695848865,7.034373312025915,6.994197492736231,5.764504648928804,1.8842105263157896,6.8773894442354795,6.737906489016116
2025_10_ARI_SEA,2025-11-09T16:05-05:00,SEA,ARI,2025,10,False,22.0,6.168634228370019,6.77690671436823,6.682526100497725,7.016459068496888,1.8842105263157896,6.644906685208344,6.452290238040884
2025_10_DET_WAS,2025-11-09T16:25-05:00,WAS,DET,2025,10,False,-22.0,-8.980260285253372,-7.998019507942306,-8.316438343912505,-5.074008315363704,1.8842105263157896,-8.1595390972151,-7.652020812046489
2025_10_LA_SF,2025-11-09T16:25-05:00,SF,LAR,2025,10,False,-16.0,-4.694934003095646,-4.276557150501739,-4.5903845051457415,-1.8263966436891197,1.8842105263157896,-4.47183858004903,-4.592455627928198
2025_10_PIT_LAC,2025-11-09T20:20-05:00,LAC,PIT,2025,10,False,15.0,2.1097764315557637,3.022690986737884,2.867486473944297,3.4402338565690607,1.8842105263157896,2.902250447063085,2.585266409814848
2025_10_PHI_GB,2025-11-10T20:15-05:00,GB,PHI,2025,10,False,-3.0,3.457913880611254,2.8522961837791203,2.739681489882541,2.3807171887495135,1.8842105263157896,2.7237313445350524,1.7012440949446224
2025_11_NYJ_NE,2025-11-13T20:15-05:00,NE,NYJ,2025,11,False,13.0,8.361135247294651,9.782917115114438,9.636775346227534,8.152742471733248,1.8842105263157896,9.622461561247524,9.581657832098927
2025_11_WAS_MIA,2025-11-16T09:30-05:00,MIA,WAS,2025,11,True,3.0,3.9054066282765474,2.67607101449618,3.4186112832137843,0.6318365148975067,1.8842105263157896,3.2515250996050296,2.9404625939738915
2025_11_CAR_ATL,2025-11-16T13:00-05:00,ATL,CAR,2025,11,False,-3.0,4.595187606969026,5.575979801269887,5.512211999011277,5.593754896199783,1.8842105263157896,5.46411414237639,5.5971237999828105
2025_11_CHI_MIN,2025-11-16T13:00-05:00,MIN,CHI,2025,11,False,-2.0,-3.777051553155375,-4.634580640891333,-4.823811654367075,3.0926920277275745,1.8842105263157896,-4.7882839195776885,-5.182043480754441
2025_11_CIN_PIT,2025-11-16T13:00-05:00,PIT,CIN,2025,11,False,22.0,5.51435809251269,6.9415584681319675,6.885093100652485,5.170711429941199,1.8842105263157896,6.83259049948828,6.597864136974353
2025_11_GB_NYG,2025-11-16T13:00-05:00,NYG,GB,2025,11,False,-7.0,-9.898162346842666,-8.480047729367872,-8.636168625460861,-4.1742197342216905,1.8842105263157896,-8.611772114837246,-8.377517937300572
2025_11_HOU_TEN,2025-11-16T13:00-05:00,TEN,HOU,2025,11,False,-3.0,-7.271350800506591,-8.333221618803911,-8.407014089486362,-8.234498650350808,1.8842105263157896,-8.452240674358736,-8.603975012798806
2025_11_LAC_JAX,2025-11-16T13:00-05:00,JAX,LAC,2025,11,False,29.0,-4.561462505083094,-3.0810678767517423,-3.242489956408926,-1.8141014923821324,1.8842105263157896,-3.240788999054266,-2.710758454930734
2025_11_TB_BUF,2025-11-16T13:00-05:00,BUF,TB,2025,11,False,12.0,2.942367520079653,2.5866812962152403,2.26306089528674,3.540180132752487,1.8842105263157896,2.397673271581669,2.5488202938958655
2025_11_SEA_LA,2025-11-16T16:05-05:00,LAR,SEA,2025,11,False,2.0,4.925613712903299,3.1951704391850737,3.2160337440543563,2.290332742060534,1.8842105263157896,3.0757181455522966,3.505012717546376
2025_11_SF_ARI,2025-11-16T16:05-05:00,ARI,SF,2025,11,False,-19.0,-3.8504284200898193,-0.8208442078537945,-0.9572620075123832,2.398114196852862,1.8842105263157896,-0.9467327414674249,-1.2301599975775845
2025_11_BAL_CLE,2025-11-16T16:25-05:00,CLE,BAL,2025,11,False,-7.0,-7.560155441201562,-8.498114578934711,-8.550948360048414,-5.7736864805212065,1.8842105263157896,-8.612020326141236,-8.664038296020454
2025_11_KC_DEN,2025-11-16T16:25-05:00,DEN,KC,2025,11,False,3.0,-2.2804699584142556,-1.316747213299049,-1.343438410634281,0.06793162739684666,1.8842105263157896,-1.4313579136992818,-1.6649089113835682
2025_11_DET_PHI,2025-11-16T20:20-05:00,PHI,DET,2025,11,False,7.0,-1.2374475597318524,-2.134332486188863,-2.4862902314643005,-0.9862154666250218,1.8842105263157896,-2.276700118138334,-1.232152785176181
2025_11_DAL_LV,2025-11-17T20:15-05:00,LV,DAL,2025,11,False,-17.0,-3.0164408231245785,-3.912942759437478,-4.016046540219488,-1.0822231305939831,1.8842105263157896,-4.037002918721537,-4.013184826487564
2025_12_BUF_HOU,2025-11-20T20:15-05:00,HOU,BUF,2025,12,False,4.0,-2.9106556204206386,-3.1020383314247413,-2.981845058356933,0.10123278796591517,1.8842105263157896,-3.2199083340058605,-3.336795443997502
2025_12_IND_KC,2025-11-23T13:00-05:00,KC,IND,2025,12,False,3.0,3.8043202824779634,3.4600983061053747,3.235438115824828,4.861959233603783,1.8842105263157896,3.3500495124732055,3.3175684818705067
2025_12_MIN_GB,2025-11-23T13:00-05:00,GB,MIN,2025,12,False,17.0,11.408124438908043,12.060641977040776,11.861862151577588,6.1755841769175746,1.8842105263157896,11.906150810135873,12.033307921216243
2025_12_NE_CIN,2025-11-23T13:00-05:00,CIN,NE,2025,12,False,-6.0,-5.121454058422431,-6.2599421740951176,-6.470649416406852,-4.190296607739913,1.8842105263157896,-6.442588008968956,-6.56639697171369
2025_12_NYG_DET,2025-11-23T13:00-05:00,DET,NYG,2025,12,False,7.0,14.248147095061036,13.932363378479062,14.011116098296787,13.199792950346122,1.8842105263157896,13.807761842128762,13.605708346353186
2025_12_NYJ_BAL,2025-11-23T13:00-05:00,BAL,NYJ,2025,12,False,13.0,12.641238211914468,12.444862955952242,12.247955910983391,10.223529159657229,1.8842105263157896,12.280150231008895,12.15748405504815
2025_12_PIT_CHI,2025-11-23T13:00-05:00,CHI,PIT,2025,12,False,3.0,1.892405012772788,3.73873583592721,3.689131333870092,1.1531774780475332,1.8842105263157896,3.624720378173091,3.818358219420543
2025_12_SEA_TEN,2025-11-23T13:00-05:00,TEN,SEA,2025,12,False,-6.0,-12.0515079197757,-12.44558895010708,-12.577317563338122,-11.777181611925588,1.8842105263157896,-12.550362347367493,-12.44113120582221
2025_12_CLE_LV,2025-11-23T16:05-05:00,LV,CLE,2025,12,False,-14.0,3.0367072081779467,2.6674781179035927,2.4952742556695764,0.9762691684638103,1.8842105263157896,2.504839783651634,2.570550353508745
2025_12_JAX_ARI,2025-11-23T16:05-05:00,ARI,JAX,2025,12,False,-3.0,0.37596041884797227,-0.008133639805806503,-0.20596156189892423,0.7430502803002099,1.8842105263157896,-0.15908791834961977,-0.14083386767433181
2025_12_ATL_NO,2025-11-23T16:25-05:00,NO,ATL,2025,12,False,-14.0,-0.8161694820349183,-0.8463088544427131,-1.0512651124709187,-0.7127077323581235,1.8842105263157896,-1.022191761766036,-1.0981526306516285
2025_12_PHI_DAL,2025-11-23T16:25-05:00,DAL,PHI,2025,12,False,3.0,-1.5695933836943663,-1.5245933307049602,-1.6243525139035562,-2.1435576361604305,1.8842105263157896,-1.6955910807342778,-2.3895998027975667
2025_12_TB_LA,2025-11-23T20:20-05:00,LAR,TB,2025,12,False,27.0,6.326574026836202,5.3876039296606635,5.522543165791161,6.485026490684384,1.8842105263157896,5.23998218040614,5.44830697902244
2025_12_CAR_SF,2025-11-24T20:15-05:00,SF,CAR,2025,12,False,11.0,9.664640765033646,8.763115773373197,8.658693413161426,7.435058149013271,1.8842105263157896,8.598137910998187,8.851929932607172
2025_13_GB_DET,2025-11-27T13:00-05:00,DET,GB,2025,13,False,-7.0,0.5215839775337767,1.9165384449794864,1.956470424830624,4.824890518250544,1.8842105263157896,1.7930224361210136,1.8965387517977002
2025_13_KC_DAL,2025-11-27T16:30-05:00,DAL,KC,2025,13,False,3.0,-3.2958452489625443,-2.6217562435593837,-2.6411856033392294,-3.165997824519714,1.8842105263157896,-2.7716029661764616,-2.7055785099150054
2025_13_CIN_BAL,2025-11-27T20:20-05:00,BAL,CIN,2025,13,False,-18.0,8.032640846101677,7.757317746429931,7.5714348059972325,10.877957733869096,1.8842105263157896,7.60368095486101,7.375291870443632
2025_13_CHI_PHI,2025-11-28T15:00-05:00,PHI,CHI,2025,13,False,-9.0,4.694385034309651,4.143630748091342,3.883037906197144,6.793516918253962,1.8842105263157896,3.9951219438068772,4.603555780835922
2025_13_ARI_TB,2025-11-30T13:00-05:00,TB,ARI,2025,13,False,3.0,4.1356390772587055,2.9348410990707077,2.8178464279168303,5.32825027496648,1.8842105263157896,2.8149902073772806,2.6346579443802813
2025_13_ATL_NYJ,2025-11-30T13:00-05:00,NYJ,ATL,2025,13,False,3.0,-2.457987200495668,-2.8429325415732736,-3.06958795475842,-0.4018916809332671,1.8842105263157896,-2.9993056741182405,-3.1392174356773412
2025_13_HOU_IND,2025-11-30T13:00-05:00,IND,HOU,2025,13,False,-4.0,1.8735205984728158,2.089878522836473,1.9549660544085998,4.205248701768643,1.8842105263157896,1.9018853828925457,1.5651405122255244
2025_13_JAX_TEN,2025-11-30T13:00-05:00,TEN,JAX,2025,13,False,-22.0,-5.887865384658927,-6.149751394887776,-6.262350717668403,-5.095806317876578,1.8842105263157896,-6.248709091952167,-6.2140106262960515
2025_13_LA_CAR,2025-11-30T13:00-05:00,CAR,LAR,2025,13,False,3.0,-12.61845511450294,-10.755010305714144,-11.189082565180758,-9.133090979318487,1.8842105263157896,-10.91938175744335,-11.225502911613827
2025_13_NO_MIA,2025-11-30T13:00-05:00,MIA,NO,2025,13,False,4.0,9.078970851897584,8.150423960255221,7.973945913545684,6.951548336289366,1.8842105263157896,7.976077824475336,7.7802247772498685
2025_13_SF_CLE,2025-11-30T13:00-05:00,CLE,SF,2025,13,False,-18.0,-5.355509617496434,-6.568799953824575,-6.612063845260027,-2.2057307350528896,1.8842105263157896,-6.647028916207926,-7.0087416190136835
2025_13_MIN_SEA,2025-11-30T16:05-05:00,SEA,MIN,2025,13,False,26.0,12.157052652821841,11.652995725585761,11.572272420541598,9.523292951345056,1.8842105263157896,11.523734532899907,11.583400823178309
2025_13_BUF_PIT,2025-11-30T16:25-05:00,PIT,BUF,2025,13,False,-19.0,0.5013515743588829,-1.1689156481715552,-1.0360454915298836,-0.5437296882748268,1.8842105263157896,-1.2859063127891635,-1.7403921033801173
2025_13_LV_LAC,2025-11-30T16:25-05:00,LAC,LV,2025,13,False,17.0,12.15183631615852,11.595365581491691,11.45104608969324,10.677696711969432,1.8842105263157896,11.461159699661952,11.01842630574957
2025_13_DEN_WAS,2025-11-30T20:20-05:00,WAS,DEN,2025,13,False,-1.0,-5.839211524133414,-5.784526707893921,-5.959807903045776,-4.458865859692608,1.8842105263157896,-5.955072740909147,-5.641685861548171
2025_13_NYG_NE,2025-12-01T20:15-05:00,NE,NYG,2025,13,False,18.0,7.0970181771227825,8.691406505684714,8.673083013878024,8.606472070988332,1.8842105263157896,8.551004429463276,8.493016715352283
2025_14_DAL_DET,2025-12-04T20:15-05:00,DET,DAL,2025,14,False,14.0,4.774940385544279,5.327085383055833,5.308425388048529,7.231772863095937,1.8842105263157896,5.213405204858339,4.977225804878742
2025_14_CIN_BUF,2025-12-07T13:00-05:00,BUF,CIN,2025,14,False,5.0,5.082543918881984,6.469730110646577,6.083585601212471,10.620270742377304,1.8842105263157896,6.290975578591556,6.430898557152283
2025_14_IND_JAX,2025-12-07T13:00-05:00,JAX,IND,2025,14,False,17.0,-3.215863631933791,-1.6851914143771511,-1.8191200673017058,0.4653230220935165,1.8842105263157896,-1.8231941938537641,-1.8764723216290067
2025_14_MIA_NYJ,2025-12-07T13:00-05:00,NYJ,MIA,2025,14,False,-24.0,-4.524397247890349,-2.881914602025292,-3.1465785257542276,0.8288695565734696,1.8842105263157896,-2.981871994498897,-2.8625246485532347
2025_14_NO_TB,2025-12-07T13:00-05:00,TB,NO,2025,14,False,-4.0,11.733912612766064,10.658656261097713,10.347467477265809,8.889271944627357,1.8842105263157896,10.539582296991133,10.63425108917176
2025_14_PIT_BAL,2025-12-07T13:00-05:00,BAL,PIT,2025,14,False,-5.0,6.076723651677392,5.886236119055012,5.69701599114471,5.569857226525393,1.8842105263157896,5.736132699486088,5.775385374125307
2025_14_SEA_ATL,2025-12-07T13:00-05:00,ATL,SEA,2025,14,False,-28.0,-5.426268647445504,-5.241110523500357,-5.341703025303796,-5.875305211724768,1.8842105263157896,-5.351719855679068,-5.0858413590552125
2025_14_TEN_CLE,2025-12-07T13:00-05:00,CLE,TEN,2025,14,False,-2.0,4.4369618460835785,4.652191022141288,4.552570769184884,6.804897865360749,1.8842105263157896,4.496046672631171,4.431308194520433
2025_14_WAS_MIN,2025-12-07T13:00-05:00,MIN,WAS,2025,14,False,31.0,-3.104572702500085,-3.0997738687517717,-3.1514608741139236,2.6072636614124503,1.8842105263157896,-3.2458857467142352,-3.594961938165677
2025_14_DEN_LV,2025-12-07T16:05-05:00,LV,DEN,2025,14,False,-7.0,-11.464363158105577,-10.677717338158919,-10.803623595379833,-9.007021128804368,1.8842105263157896,-10.833776976287737,-10.769402481354966
2025_14_CHI_GB,2025-12-07T16:25-05:00,GB,CHI,2025,14,False,7.0,6.218869845822,5.082448862479907,4.866420063264287,6.380044918070504,1.8842105263157896,4.938790958693156,4.653689524809261
2025_14_LA_ARI,2025-12-07T16:25-05:00,ARI,LAR,2025,14,False,-28.0,-9.676325835421446,-7.709244280199931,-8.139359876858311,-6.228676171579494,1.8842105263157896,-7.861647964018591,-8.309584670237534
2025_14_HOU_KC,2025-12-07T20:20-05:00,KC,HOU,2025,14,False,-10.0,3.5986097892286173,3.9835297526973545,3.7146932402500585,5.210070560860231,1.8842105263157896,3.793062759515094,3.4247704958333895
2025_14_PHI_LAC,2025-12-08T20:15-05:00,LAC,PHI,2025,14,False,3.0,-1.846883917429675,-2.6933527200906537,-2.7561941263644725,0.9854825653527008,1.8842105263157896,-2.8269756968258224,-3.831780983341984
2025_15_ATL_TB,2025-12-11T20:15-05:00,TB,ATL,2025,15,False,-1.0,5.314579413240766,6.225927319017556,5.958225875206224,4.693282977567598,1.8842105263157896,6.105239583185031,6.0997381318509865
2025_15_ARI_HOU,2025-12-14T13:00-05:00,HOU,ARI,2025,15,False,20.0,10.897388832386264,9.877372581973349,9.774545419808259,10.112573890749246,1.8842105263157896,9.780972748447676,10.132757173154806
2025_15_BAL_CIN,2025-12-14T13:00-05:00,CIN,BAL,2025,15,False,-24.0,-0.9380286905003792,-0.3581848592258361,-0.4936241503491995,-1.6636981362013925,1.8842105263157896,-0.4869951474602095,-0.4000169901904376
2025_15_BUF_NE,2025-12-14T13:00-05:00,NE,BUF,2025,15,False,-4.0,-0.6547561825510186,0.2757693741103602,0.42221303389948417,0.9675162745557939,1.8842105263157896,0.1840101276706697,0.034891614049078756
2025_15_CLE_CHI,2025-12-14T13:00-05:00,CHI,CLE,2025,15,False,28.0,11.321446755573918,10.50000113207256,10.397229173598504,8.77016720952577,1.8842105263157896,10.338951866164795,10.444723032251584
2025_15_LAC_KC,2025-12-14T13:00-05:00,KC,LAC,2025,15,False,-3.0,5.181246418514845,5.042771382287015,4.772948229471228,5.238711100797651,1.8842105263157896,4.913077095661542,5.454017961034644
2025_15_LV_PHI,2025-12-14T13:00-05:00,PHI,LV,2025,15,False,31.0,13.997181703774409,13.657259954651659,13.48541712071506,12.838944247562441,1.8842105263157896,13.527649554772333,14.324274466594852
2025_15_NYJ_JAX,2025-12-14T13:00-05:00,JAX,NYJ,2025,15,False,28.0,13.18362486872766,12.62279865776414,12.360212455210789,10.224277359110996,1.8842105263157896,12.494870611906359,12.395615781563475
2025_15_WAS_NYG,2025-12-14T13:00-05:00,NYG,WAS,2025,15,False,-8.0,2.37907710003273,2.1405720322020025,1.935255729991613,2.4928151562219742,1.8842105263157896,2.0024003260734933,1.9824533662429014
2025_15_CAR_NO,2025-12-14T16:25-05:00,NO,CAR,2025,15,False,3.0,-2.0254552159958688,-1.4746357052310608,-1.432501931667796,0.6408873457824238,1.8842105263157896,-1.6077851559705012,-1.641685336137339
2025_15_DET_LA,2025-12-14T16:25-05:00,LAR,DET,2025,15,False,7.0,5.005864183091492,3.9266264192050433,3.902626103612973,4.548495264512547,1.8842105263157896,3.7803194271428744,4.309662168157109
2025_15_GB_DEN,2025-12-14T16:25-05:00,DEN,GB,2025,15,False,8.0,-1.2193168684532052,-0.5737326410244384,-0.6989797791994514,1.2138827356233777,1.8842105263157896,-0.6964034260956464,-0.6701144702134614
2025_15_IND_SEA,2025-12-14T16:25-05:00,SEA,IND,2025,15,False,2.0,8.430123505450219,7.972865848756991,8.398047529949228,8.988160350186538,1.8842105263157896,8.315050844414408,8.01226804817702
2025_15_TEN_SF,2025-12-14T16:25-05:00,SF,TEN,2025,15,False,13.0,14.387588186229255,14.714103361876548,14.484704843814736,13.219401650253648,1.8842105263157896,14.508464610963577,14.75489010000543
2025_15_MIN_DAL,2025-12-14T20:20-05:00,DAL,MIN,2025,15,False,-8.0,6.316014935250571,7.09950804985569,6.857610218385158,3.7336334100470694,1.8842105263157896,6.943448553948748,7.3296104220702745
2025_15_MIA_PIT,2025-12-15T20:15-05:00,PIT,MIA,2025,15,False,13.0,0.5233787301298793,1.4585724219917526,1.1916932984969533,3.4366095316761305,1.8842105263157896,1.335133214016296,1.425489013070313
2025_16_LA_SEA,2025-12-18T20:15-05:00,SEA,LAR,2025,16,False,1.0,-1.2283222094658326,0.10028294723775266,-0.207243124679973,2.257688519026585,1.8842105263157896,-0.04345020272494776,-0.5712457794965486
2025_16_PHI_WAS,2025-12-20T17:00-05:00,WAS,PHI,2025,16,False,-11.0,-7.645738563761881,-6.8246874063251965,-6.952730462967681,-4.997603728873287,1.8842105263157896,-6.991011239257768,-7.501737465002795
2025_16_GB_CHI,2025-12-20T20:20-05:00,CHI,GB,2025,16,False,6.0,-0.5994930567662495,0.09874235698569034,0.08124398586343551,0.47815807375388575,1.8842105263157896,-0.021735313684615454,0.17141252555614273
2025_16_BUF_CLE,2025-12-21T13:00-05:00,CLE,BUF,2025,16,False,-3.0,-12.399332846344693,-12.445725089795552,-12.358057394167364,-9.5231800513142,1.8842105263157896,-12.536255385792725,-12.871547381567677
2025_16_CIN_MIA,2025-12-21T13:00-05:00,MIA,CIN,2025,16,False,-24.0,-0.04977415427041931,-0.18475310172569426,-0.2903948637882161,5.025455676854388,1.8842105263157896,-0.33110821299263904,-0.38972828734683107
2025_16_KC_TEN,2025-12-21T13:00-05:00,TEN,KC,2025,16,False,17.0,-5.179906516082484,-5.775745222312354,-5.9649831954637325,-9.466240424163038,1.8842105263157896,-5.865147414347799,-5.788988197283338
2025_16_LAC_DAL,2025-12-21T13:00-05:00,DAL,LAC,2025,16,False,-17.0,-0.7615284167328087,-0.46943587584246194,-0.5985559512005094,-0.36717463156074803,1.8842105263157896,-0.6191195654042315,-0.07432869007643239
2025_16_MIN_NYG,2025-12-21T13:00-05:00,NYG,MIN,2025,16,False,-3.0,2.2715641108395768,1.7189885326458074,1.4574583172801243,-2.281432147660655,1.8842105263157896,1.5948538490489923,1.9127688583371918
2025_16_NYJ_NO,2025-12-21T13:00-05:00,NO,NYJ,2025,16,False,23.0,4.193299734717716,7.019217519498355,6.958641044089031,4.139122400560614,1.8842105263157896,6.8837354781499975,6.926706360851408
2025_16_TB_CAR,2025-12-21T13:00-05:00,CAR,TB,2025,16,False,3.0,-2.8883722664593554,-1.8573155933137804,-2.0092732177509025,0.15329427553557284,1.8842105263157896,-2.014173155168307,-2.125509641868292
2025_16_ATL_ARI,2025-12-21T16:05-05:00,ARI,ATL,2025,16,False,-7.0,-0.4861500102675884,-0.35896035144012384,-0.6254350722802635,0.5124124581817657,1.8842105263157896,-0.5191679085176693,-0.5960907936119613
2025_16_JAX_DEN,2025-12-21T16:05-05:00,DEN,JAX,2025,16,False,-14.0,3.2965760509940463,2.3328441030204234,2.263580550195787,2.905862104191263,1.8842105263157896,2.195886528083865,2.0627923517961277
2025_16_LV_HOU,2025-12-21T16:25-05:00,HOU,LV,2025,16,False,2.0,15.213147155594381,16.177640138569576,15.971729433081691,16.04039169180531,1.8842105263157896,16.055617600767526,16.38881749588399
2025_16_PIT_DET,2025-12-21T16:25-05:00,DET,PIT,2025,16,False,-5.0,6.755339259119321,6.11290552594558,6.045239880840104,7.243897360164855,1.8842105263157896,5.990169693354483,5.962253294923837
2025_16_NE_BAL,2025-12-21T20:20-05:00,BAL,NE,2025,16,False,-4.0,2.9934020973229174,1.9501398003459642,1.7264500530288935,2.791515451216574,1.8842105263157896,1.7824045205861612,1.6947598136733266
2025_16_SF_IND,2025-12-22T20:15-05:00,IND,SF,2025,16,False,-21.0,-1.4249782831645783,-1.433938850451744,-1.4905910629270358,2.5868097346358976,1.8842105263157896,-1.5487576538596035,-1.6711549419091862
2025_17_DAL_WAS,2025-12-25T13:00-05:00,WAS,DAL,2025,17,False,-7.0,-4.273873446939137,-3.82965710731107,-3.912879053675934,0.6233687533090997,1.8842105263157896,-3.9589078522375787,-3.702907842263625
2025_17_DET_MIN,2025-12-25T16:30-05:00,MIN,DET,2025,17,False,13.0,-9.291946639708137,-8.135838234434752,-8.322627279584486,-2.444570091825712,1.8842105263157896,-8.31982295119561,-8.489698292125603
2025_17_DEN_KC,2025-12-25T20:15-05:00,KC,DEN,2025,17,False,-7.0,-1.4900020023404228,-2.9853733174241643,-3.0504705628270417,1.8004250998524483,1.8842105263157896,-3.1228302475439156,-2.9787884350826634
2025_17_HOU_LAC,2025-12-27T16:30-05:00,LAC,HOU,2025,17,False,-4.0,1.137669110898658,1.647242520241634,1.5024250511821808,2.3666865298179065,1.8842105263157896,1.4530856374105032,0.6255316135388878
2025_17_BAL_GB,2025-12-27T20:00-05:00,GB,BAL,2025,17,False,-17.0,-0.03627144056821496,0.9309463585612068,0.8559422448614058,3.7346252328126033,1.8842105263157896,0.8416366466617617,0.7254928529617357
2025_17_ARI_CIN,2025-12-28T13:00-05:00,CIN,ARI,2025,17,False,23.0,6.858052640432349,6.463613204308258,6.334904643643559,5.160834805518872,1.8842105263157896,6.321839243404026,6.32875847244347
2025_17_JAX_IND,2025-12-28T13:00-05:00,IND,JAX,2025,17,False,-6.0,-1.6869062959133485,-2.7221818509020155,-2.755133873003338,-1.5225313983965183,1.8842105263157896,-2.8704031175102154,-2.763105806072462
2025_17_NE_NYJ,2025-12-28T13:00-05:00,NYJ,NE,2025,17,False,-32.0,-9.439965606195129,-8.662893904308136,-7.574996826907574,-9.057711843298543,1.8842105263157896,-7.609813010607002,-7.72729647123074
2025_17_NO_TEN,2025-12-28T13:00-05:00,TEN,NO,2025,17,False,-8.0,-0.1493882841150539,-1.0903538928333871,-1.243052268557635,-0.6909453432078934,1.8842105263157896,-1.196140824053085,-1.145064868885143
2025_17_PIT_CLE,2025-12-28T13:00-05:00,CLE,PIT,2025,17,False,7.0,-8.421335155572017,-9.166776006490888,-9.361040231052655,-5.699013776644705,1.8842105263157896,-9.280246133432474,-9.283976134919985
2025_17_SEA_CAR,2025-12-28T13:00-05:00,CAR,SEA,2025,17,False,-17.0,-6.042027547013914,-7.1076284506721,-7.364506002046919,-8.623782587413352,1.8842105263157896,-7.218047897220572,-7.118745286734251
2025_17_TB_MIA,2025-12-28T13:00-05:00,MIA,TB,2025,17,False,3.0,-2.490807776645711,-2.702290427387588,-2.7393779509504257,1.0094844045937665,1.8842105263157896,-2.885202175699069,-3.0012409421469943
2025_17_NYG_LV,2025-12-28T16:05-05:00,LV,NYG,2025,17,False,-24.0,0.019075707121330276,-1.6297517302526798,-1.6803018685465183,-0.37746979853261653,1.8842105263157896,-1.778856923417913,-1.8534282372665878
2025_17_PHI_BUF,2025-12-28T16:25-05:00,BUF,PHI,2025,17,False,-1.0,1.7619490366733408,2.003529347116127,1.6965792289773385,2.6893807728249453,1.8842105263157896,1.8289771836208035,1.5075759601589382
2025_17_CHI_SF,2025-12-28T20:20-05:00,SF,CHI,2025,17,False,4.0,3.510916731468652,2.7358037092640815,2.4294227707023905,3.5922405276481926,1.8842105263157896,2.545531718277731,2.6936290717331746
2025_17_LA_ATL,2025-12-29T20:15-05:00,ATL,LAR,2025,17,False,3.0,-8.590631298143496,-9.200979141430654,-9.467101541266931,-7.697404147679984,1.8842105263157896,-9.33356882934778,-9.660093349985186
2025_18_CAR_TB,2026-01-03T16:30-05:00,TB,CAR,2025,18,False,2.0,4.8880225254250975,5.12127718641343,4.9447752445296,4.8986275020832935,1.8842105263157896,4.983660707515524,5.047059445431752
2025_18_SEA_SF,2026-01-03T20:00-05:00,SF,SEA,2025,18,False,-10.0,0.8703669500028863,0.32191746029307833,-0.04054833294716276,-2.0300537388850746,1.8842105263157896,0.17228974527721985,0.45196693305267255
2025_18_CLE_CIN,2026-01-04T13:00-05:00,CIN,CLE,2025,18,False,-2.0,12.806633153944723,12.136200577361395,11.999530849415285,6.769659052190974,1.8842105263157896,11.986067718408167,12.040794476714582
2025_18_DAL_NYG,2026-01-04T13:00-05:00,NYG,DAL,2025,18,False,17.0,-1.215515731181597,-1.0717075681669548,-0.7717271718296774,0.36679611100864706,1.8842105263157896,-0.662522525847888,-0.6510035231995435
2025_18_GB_MIN,2026-01-04T13:00-05:00,MIN,GB,2025,18,False,13.0,1.621204343219714,2.1285312773122675,1.9659858848091143,1.0469917918200524,1.8842105263157896,1.9675715107717116,1.5583632141714578
2025_18_IND_HOU,2026-01-04T13:00-05:00,HOU,IND,2025,18,False,8.0,7.051243150942483,7.9505471041347535,7.817196940251692,5.8841218588051785,1.8842105263157896,7.880130353265852,8.113924799029052
2025_18_NO_ATL,2026-01-04T13:00-05:00,ATL,NO,2025,18,False,2.0,3.6968357301871064,2.9145223839967285,2.7683533428208937,4.415652275839177,1.8842105263157896,2.7726437806218085,2.8817399601752776
2025_18_TEN_JAX,2026-01-04T13:00-05:00,JAX,TEN,2025,18,False,34.0,13.972700332601846,13.868998864633276,13.57657270882185,15.179821780127686,1.8842105263157896,13.686558443810828,13.652912152969858
2025_18_ARI_LA,2026-01-04T16:25-05:00,LAR,ARI,2025,18,False,17.0,12.591639427107399,13.633167472819597,13.718258340796751,16.34748563673557,1.8842105263157896,13.489714501215348,13.888833044484922
2025_18_DET_CHI,2026-01-04T16:25-05:00,CHI,DET,2025,18,False,-3.0,3.955500920646414,3.5354410401060594,3.315775712383016,1.6009760323925089,1.8842105263157896,3.40239718982938,3.517050318785957
2025_18_KC_LV,2026-01-04T16:25-05:00,LV,KC,2025,18,False,2.0,-7.848190899942581,-6.950151466515615,-7.139876019244179,-8.396430118408547,1.8842105263157896,-7.112740912983667,-7.2492986107826685
2025_18_LAC_DEN,2026-01-04T16:25-05:00,DEN,LAC,2025,18,False,16.0,6.955717579306427,6.060306285805331,5.888720240619541,3.092550805417887,1.8842105263157896,5.94058629220029,6.0025830659526695
2025_18_MIA_NE,2026-01-04T16:25-05:00,NE,MIA,2025,18,False,28.0,9.88989701196764,10.727017733929,10.551887255384848,10.206801997316207,1.8842105263157896,10.607940006874145,10.675327836075933
2025_18_NYJ_BUF,2026-01-04T16:25-05:00,BUF,NYJ,2025,18,False,27.0,17.34248144931687,15.763644387822733,15.62916604944662,16.56001728927444,1.8842105263157896,15.619845350590928,15.821744688665815
2025_18_WAS_PHI,2026-01-04T16:25-05:00,PHI,WAS,2025,18,False,-7.0,9.50474399414227,10.425242211862876,10.34395758887389,11.746419384002346,1.8842105263157896,10.29900461295039,10.365483056385857
2025_18_BAL_PIT,2026-01-04T20:20-05:00,PIT,BAL,2025,18,False,2.0,-0.9358487796861199,-1.6263315082374177,-1.69543808777295,-0.7918944298170394,1.8842105263157896,-1.7328310427171947,-1.7179190542079237
