game_id,season,week,kickoff,actual_margin,pgo_v0,raw,constant,team_epa,team_qb_epa
2018_01_ATL_PHI,2018,1,2018-09-06T20:20-04:00,6.0,3.6138365405258286,0.3941885323334433,2.44140625,0.18426122137972767,0.12571282176562049
2018_01_BUF_BAL,2018,1,2018-09-09T13:00-04:00,44.0,4.759554503649869,9.132508007080526,2.44140625,8.564259503521525,8.589824224394894
2018_01_CIN_IND,2018,1,2018-09-09T13:00-04:00,-11.0,0.7504929105212321,4.583078482202527,2.44140625,4.629760354275308,4.670359214868913
2018_01_HOU_NE,2018,1,2018-09-09T13:00-04:00,7.0,10.494308457785952,12.67980084976278,2.44140625,12.273672231083546,12.266546902063304
2018_01_JAX_NYG,2018,1,2018-09-09T13:00-04:00,-5.0,-1.556576324822914,-2.0641120353716165,2.44140625,-2.131733030977525,-2.2446667663451154
2018_01_PIT_CLE,2018,1,2018-09-09T13:00-04:00,0.0,-3.9821622988077117,-10.157925376976518,2.44140625,-10.623211660780118,-10.595333200547152
2018_01_SF_MIN,2018,1,2018-09-09T13:00-04:00,8.0,6.957203064300311,4.398841695965894,2.44140625,3.4105027225625317,3.303831293842365
2018_01_TB_NO,2018,1,2018-09-09T13:00-04:00,-8.0,5.464856260596324,6.569818852841657,2.44140625,6.387182900128602,6.4079360525726
2018_01_TEN_MIA,2018,1,2018-09-09T13:00-04:00,7.0,1.0125644284673228,-3.2949837362014844,2.44140625,-3.850038311056817,-3.7739236502638502
2018_01_KC_LAC,2018,1,2018-09-09T16:05-04:00,-10.0,2.6015632300830207,5.715027082669739,2.44140625,5.000645375594958,5.027280576031639
2018_01_DAL_CAR,2018,1,2018-09-09T16:25-04:00,8.0,2.1068101735462887,-0.056262904571018346,2.44140625,-0.45677020211452435,-0.504215605417734
2018_01_SEA_DEN,2018,1,2018-09-09T16:25-04:00,3.0,-0.8684239420805433,0.12771757828052444,2.44140625,-0.5303977854221635,-0.44212826794582294
2018_01_WAS_ARI,2018,1,2018-09-09T16:25-04:00,-18.0,2.8373365947939733,3.3468384048098883,2.44140625,2.837472828674679,2.808390084820793
2018_01_CHI_GB,2018,1,2018-09-09T20:20-04:00,1.0,2.458884712154749,-4.38868879095277,2.44140625,-4.3857485443051925,-4.24542145895934
2018_01_NYJ_DET,2018,1,2018-09-10T19:10-04:00,-31.0,4.999520857873593,11.551920840146597,2.44140625,11.548364001037301,11.565919785370236
2018_01_LA_OAK,2018,1,2018-09-10T22:20-04:00,-20.0,-0.6971898397819629,1.860312833603266,2.44140625,1.3339851640047773,1.21319734763567
2018_02_BAL_CIN,2018,2,2018-09-13T20:20-04:00,11.0,-0.5823651184926941,-0.5104222083784373,2.44140625,0.02397501233952687,0.03612913948570151
2018_02_CAR_ATL,2018,2,2018-09-16T13:00-04:00,7.0,2.832811051802996,3.790281271130984,2.44140625,3.983666010286885,3.942684294125997
2018_02_CLE_NO,2018,2,2018-09-16T13:00-04:00,3.0,7.704711653141321,11.359734485132995,2.44140625,11.105379148884202,10.992678825641933
2018_02_HOU_TEN,2018,2,2018-09-16T13:00-04:00,3.0,4.746215220897497,3.278059596590417,2.44140625,3.283357546284016,3.1986060181102083
2018_02_IND_WAS,2018,2,2018-09-16T13:00-04:00,-12.0,6.603859981419827,6.220132141569421,2.44140625,6.1913254981390216,6.104819292582177
2018_02_KC_PIT,2018,2,2018-09-16T13:00-04:00,-5.0,1.829433249061966,-0.35837472046244057,2.44140625,-0.5135584697901381,-0.617500809034597
2018_02_LAC_BUF,2018,2,2018-09-16T13:00-04:00,-11.0,-0.675240273489838,-3.739743418356918,2.44140625,-3.2251350053430823,-3.1608754854417898
2018_02_MIA_NYJ,2018,2,2018-09-16T13:00-04:00,-8.0,3.566805170231498,3.108389900294606,2.44140625,3.1953721461822937,3.2043206658915886
2018_02_MIN_GB,2018,2,2018-09-16T13:00-04:00,0.0,-2.6901401587991884,-6.098454591040062,2.44140625,-4.949367178833313,-4.997417208037811
2018_02_PHI_TB,2018,2,2018-09-16T13:00-04:00,6.0,-0.3477493708812833,0.8290695384236852,2.44140625,1.2057624184726758,1.168417903106912
2018_02_ARI_LA,2018,2,2018-09-16T16:05-04:00,34.0,7.753137219129222,9.631243513542213,2.44140625,9.697031269758758,9.676848001077683
2018_02_DET_SF,2018,2,2018-09-16T16:05-04:00,3.0,2.4379842561545253,4.485550708639942,2.44140625,5.063521546602818,5.158440999110814
2018_02_NE_JAX,2018,2,2018-09-16T16:25-04:00,11.0,-0.11033103706623404,-2.63643531925094,2.44140625,-2.2611930707809518,-2.3082839153676287
2018_02_OAK_DEN,2018,2,2018-09-16T16:25-04:00,1.0,3.654281887492895,5.148733959559859,2.44140625,4.870350253531211,4.983816830497919
2018_02_NYG_DAL,2018,2,2018-09-16T20:20-04:00,7.0,6.417227883038326,7.084769441284195,2.44140625,6.93367030835588,7.019659493918683
2018_02_SEA_CHI,2018,2,2018-09-17T20:15-04:00,7.0,0.15187278874438492,1.538580911904864,2.44140625,1.4145310587667002,1.4252571623729233
2018_03_NYJ_CLE,2018,3,2018-09-20T20:20-04:00,4.0,0.38866032166598163,-0.23020933724577336,2.44140625,-0.211865305018879,-0.1818645967842233
2018_03_BUF_MIN,2018,3,2018-09-23T13:00-04:00,-21.0,8.863934449343366,9.954203735039068,2.44140625,8.825985860655942,8.662172891668167
2018_03_CIN_CAR,2018,3,2018-09-23T13:00-04:00,10.0,2.852861974101559,1.2827431809161285,2.44140625,1.1340078194933891,1.171363113006956
2018_03_DEN_BAL,2018,3,2018-09-23T13:00-04:00,13.0,6.668835583203411,8.802478227962023,2.44140625,8.691839768732535,8.649220754787327
2018_03_GB_WAS,2018,3,2018-09-23T13:00-04:00,14.0,3.0707205070377688,4.711239165321586,2.44140625,4.089273327006201,4.1432130340603885
2018_03_IND_PHI,2018,3,2018-09-23T13:00-04:00,4.0,7.479360964987606,8.401075705734815,2.44140625,7.409633768319398,7.310777901147334
2018_03_NO_ATL,2018,3,2018-09-23T13:00-04:00,-6.0,3.5962530350278277,2.885998164847795,2.44140625,3.3725767970936418,3.416759730337691
2018_03_NYG_HOU,2018,3,2018-09-23T13:00-04:00,-5.0,2.3879327743870906,2.073545031617762,2.44140625,1.9655589010739893,2.0226436212610537
2018_03_OAK_MIA,2018,3,2018-09-23T13:00-04:00,8.0,4.575013548426981,4.596011856092712,2.44140625,4.354141502241011,4.435657749137139
2018_03_SF_KC,2018,3,2018-09-23T13:00-04:00,11.0,6.7562524637007275,8.021222495553678,2.44140625,7.9960405977963855,7.918834962014768
2018_03_TEN_JAX,2018,3,2018-09-23T13:00-04:00,-3.0,6.077856900501608,6.543901775698225,2.44140625,6.502596921082415,6.494048378216772
2018_03_LAC_LA,2018,3,2018-09-23T16:05-04:00,12.0,5.409844901465146,3.2246683742645152,2.44140625,3.8364924898576316,3.858586207625091
2018_03_CHI_ARI,2018,3,2018-09-23T16:25-04:00,-2.0,-0.2684504231644671,-2.0527988784612754,2.44140625,-1.9931891301083984,-1.9443229305478733
2018_03_DAL_SEA,2018,3,2018-09-23T16:25-04:00,11.0,1.9314763125275216,2.1205697682877016,2.44140625,2.0840268072502623,2.012396469589092
2018_03_NE_DET,2018,3,2018-09-23T20:20-04:00,16.0,-1.9558175289266888,-5.828692157437186,2.44140625,-5.664863288712983,-5.642094965251768
2018_03_PIT_TB,2018,3,2018-09-24T20:15-04:00,-3.0,1.8630345741436347,0.8764343069779437,2.44140625,0.9322449185875165,0.8973126484397485
2018_04_MIN_LA,2018,4,2018-09-27T20:20-04:00,7.0,5.764126316978254,5.542422991275098,2.44140625,6.8283879327212045,6.893009268196883
2018_04_BUF_GB,2018,4,2018-09-30T13:00-04:00,22.0,1.757619352391889,0.3514816967628267,2.44140625,0.693495222182827,0.4085938906616313
2018_04_CIN_ATL,2018,4,2018-09-30T13:00-04:00,-1.0,3.6270677424494013,5.36399861907332,2.44140625,5.228713429079207,5.207272390044942
2018_04_DET_DAL,2018,4,2018-09-30T13:00-04:00,2.0,2.5397816441214593,2.1678962728162543,2.44140625,2.455486958481634,2.476764686895574
2018_04_HOU_IND,2018,4,2018-09-30T13:00-04:00,-3.0,4.227968638837057,3.7369820375192546,2.44140625,4.02987687059016,4.071207245756067
2018_04_MIA_NE,2018,4,2018-09-30T13:00-04:00,31.0,5.00892168993853,7.828155241322782,2.44140625,7.8375557452923585,7.871969362955461
2018_04_NYJ_JAX,2018,4,2018-09-30T13:00-04:00,19.0,5.926927420610366,6.781289123008292,2.44140625,6.8983968141722025,6.872325776236312
2018_04_PHI_TEN,2018,4,2018-09-30T13:00-04:00,3.0,-0.4662082956969966,-0.1013046145750543,2.44140625,0.6800573868413278,0.7088505021016662
2018_04_TB_CHI,2018,4,2018-09-30T13:00-04:00,38.0,1.2251773123567036,1.530030509215874,2.44140625,1.5371140701597823,1.5373855492118649
2018_04_CLE_OAK,2018,4,2018-09-30T16:05-04:00,3.0,2.6768172754672355,2.888334640055913,2.44140625,2.6775389441578166,2.5684581618648177
2018_04_SEA_ARI,2018,4,2018-09-30T16:05-04:00,-3.0,-2.3993640475548403,-5.149531174148457,2.44140625,-4.9410452104528835,-4.894561393395531
2018_04_NO_NYG,2018,4,2018-09-30T16:25-04:00,-15.0,-1.6664456467627957,-4.397417434011321,2.44140625,-4.204529419303725,-4.1773675910482755
2018_04_SF_LAC,2018,4,2018-09-30T16:25-04:00,2.0,5.053750127912241,6.170076790520603,2.44140625,5.84020709136304,5.724238765321964
2018_04_BAL_PIT,2018,4,2018-09-30T20:20-04:00,-12.0,1.780150425339701,3.1509232197568013,2.44140625,3.6428002417015555,3.6506010791891303
2018_04_KC_DEN,2018,4,2018-10-01T20:15-04:00,-4.0,-3.5471958815216027,-7.783985289079871,2.44140625,-8.331206394246522,-8.318642366855023
2018_05_IND_NE,2018,5,2018-10-04T20:20-04:00,14.0,8.527458872256032,11.774690296248458,2.44140625,11.546402616486482,11.51384246068452
2018_05_ATL_PIT,2018,5,2018-10-07T13:00-04:00,24.0,2.3224845155944447,2.01201791121455,2.44140625,2.0287181839394384,2.0466205831802577
2018_05_BAL_CLE,2018,5,2018-10-07T13:00-04:00,3.0,-4.391253764407763,-5.566898308466855,2.44140625,-4.926490942170235,-4.89011701996911
2018_05_DEN_NYJ,2018,5,2018-10-07T13:00-04:00,18.0,2.408125059571144,3.908660504115042,2.44140625,4.180527593006178,4.16110985645823
2018_05_GB_DET,2018,5,2018-10-07T13:00-04:00,8.0,3.6014875052418285,2.745149209405061,2.44140625,2.2003659502296022,2.1514013076826335
2018_05_JAX_KC,2018,5,2018-10-07T13:00-04:00,16.0,3.3191031322034066,5.274157128731093,2.44140625,5.564247941018191,5.506078365863189
2018_05_MIA_CIN,2018,5,2018-10-07T13:00-04:00,10.0,5.059072033299946,5.695007861637335,2.44140625,6.134243104463242,6.050766341139029
2018_05_NYG_CAR,2018,5,2018-10-07T13:00-04:00,2.0,7.621142238566162,7.352825028349636,2.44140625,7.5995263712952354,7.662054082866682
2018_05_TEN_BUF,2018,5,2018-10-07T13:00-04:00,1.0,-0.3469210562887848,-2.0767179310943047,2.44140625,-2.275778374253718,-2.1914725132545243
2018_05_OAK_LAC,2018,5,2018-10-07T16:05-04:00,16.0,6.493037708332043,7.849597258704998,2.44140625,7.5840080462690995,7.611810039316609
2018_05_ARI_SF,2018,5,2018-10-07T16:25-04:00,-10.0,5.199225731651192,6.617586202165289,2.44140625,6.281516805055397,6.268484127464697
2018_05_LA_SEA,2018,5,2018-10-07T16:25-04:00,-2.0,-1.5255438520204052,-1.0966631743774835,2.44140625,-1.7886570890209648,-1.858609445964177
2018_05_MIN_PHI,2018,5,2018-10-07T16:25-04:00,-2.0,3.0219541845144957,2.2407627012950826,2.44140625,2.3479327227979914,2.3140681498347133
2018_05_DAL_HOU,2018,5,2018-10-07T20:20-04:00,3.0,-0.908085336492193,-0.4435068316027586,2.44140625,-0.7935925950905982,-0.865160393117606
2018_05_WAS_NO,2018,5,2018-10-08T20:15-04:00,24.0,5.286725852384552,5.6313430981702055,2.44140625,5.504391275948886,5.471657693511233
2018_06_PHI_NYG,2018,6,2018-10-11T20:20-04:00,-21.0,-2.406987039890014,-2.240153633653634,2.44140625,-2.0802162800462125,-2.061175758919303
2018_06_ARI_MIN,2018,6,2018-10-14T13:00-04:00,10.0,7.302200556975251,7.930246912464619,2.44140625,7.069538455690101,7.028395158965627
2018_06_BUF_HOU,2018,6,2018-10-14T13:00-04:00,7.0,2.6019232396600205,0.9432362185078708,2.44140625,0.7241002499847292,0.8843132253485086
2018_06_CAR_WAS,2018,6,2018-10-14T13:00-04:00,6.0,-0.22329918438103524,-0.7157521422869315,2.44140625,-0.9196013815547741,-1.0115562391996815
2018_06_CHI_MIA,2018,6,2018-10-14T13:00-04:00,3.0,-0.5774017097581563,-3.098805390983481,2.44140625,-3.393013448701428,-3.393736569264528
2018_06_IND_NYJ,2018,6,2018-10-14T13:00-04:00,8.0,3.921947878929986,4.804231650263265,2.44140625,4.670530228048129,4.629396022085704
2018_06_LAC_CLE,2018,6,2018-10-14T13:00-04:00,-24.0,-1.8770105320237072,-5.083138304375132,2.44140625,-4.538661849217776,-4.5232003408695105
2018_06_PIT_CIN,2018,6,2018-10-14T13:00-04:00,-7.0,1.1150775008260687,-0.7291395644404488,2.44140625,-0.715727057546853,-0.7238910810713142
2018_06_SEA_OAK,2018,6,2018-10-14T13:00-04:00,-24.0,-4.865021769153687,-8.014792702386032,2.44140625,-8.222962064367401,-8.244856989257528
2018_06_TB_ATL,2018,6,2018-10-14T13:00-04:00,5.0,3.010424814482988,5.386586300398438,2.44140625,5.212894465888017,5.137552531916256
2018_06_LA_DEN,2018,6,2018-10-14T16:05-04:00,-3.0,-6.438125248276744,-7.498210494340122,2.44140625,-8.380609500743216,-8.418295050259053
2018_06_BAL_TEN,2018,6,2018-10-14T16:25-04:00,-21.0,-0.8733367030136923,-1.2245281889376816,2.44140625,-0.37030062312448553,-0.37255941955743055
2018_06_JAX_DAL,2018,6,2018-10-14T16:25-04:00,33.0,0.6922678769926891,1.3765226920923057,2.44140625,1.4486002271324445,1.4707272971523873
2018_06_KC_NE,2018,6,2018-10-14T20:20-04:00,3.0,1.9377240782128418,3.2480884863697046,2.44140625,2.3542757087589585,2.3704221558749734
2018_06_SF_GB,2018,6,2018-10-15T20:15-04:00,3.0,3.66269911340144,3.896285630138722,2.44140625,4.384881464478441,4.379565773149524
2018_07_DEN_ARI,2018,7,2018-10-18T20:20-04:00,-35.0,3.0672853227624817,2.6843408931522723,2.44140625,2.9540684577844565,2.9366324575953517
2018_07_BUF_IND,2018,7,2018-10-21T13:00-04:00,32.0,2.5661514457990537,1.820973594640934,2.44140625,2.0518348812817777,2.336430076619445
2018_07_CAR_PHI,2018,7,2018-10-21T13:00-04:00,-4.0,4.9902395479456025,3.992159111119785,2.44140625,3.416203023201437,3.351387435250822
2018_07_CLE_TB,2018,7,2018-10-21T13:00-04:00,3.0,5.567910124624718,6.3083221561892735,2.44140625,6.165496227384555,6.1758092209071584
2018_07_DET_MIA,2018,7,2018-10-21T13:00-04:00,-11.0,-0.21911332003745798,-1.7590612764400129,2.44140625,-1.7314719614087013,-1.7982588164472328
2018_07_HOU_JAX,2018,7,2018-10-21T13:00-04:00,-13.0,5.299748902000177,5.333181452046886,2.44140625,5.402786987411236,5.425759814137084
2018_07_MIN_NYJ,2018,7,2018-10-21T13:00-04:00,-20.0,-0.9792549800964769,-1.813110540072899,2.44140625,-1.4145509317702465,-1.379582959070283
2018_07_NE_CHI,2018,7,2018-10-21T13:00-04:00,-7.0,-1.0605059846295735,-2.693467068231018,2.44140625,-2.3811235188868625,-2.4409764210686857
2018_07_NO_BAL,2018,7,2018-10-21T16:05-04:00,-1.0,2.961285483251115,0.4306805595566763,2.44140625,0.18861287869854082,0.23264286434030623
2018_07_DAL_WAS,2018,7,2018-10-21T16:25-04:00,3.0,0.006168806231367618,0.545513816680248,2.44140625,0.321012287501645,0.2065973480180041
2018_07_LA_SF,2018,7,2018-10-21T16:25-04:00,-29.0,-4.683741874637272,-4.335442088514907,2.44140625,-4.898297206369449,-4.853045100701866
2018_07_CIN_KC,2018,7,2018-10-21T20:20-04:00,35.0,6.580956683931954,7.34809671955913,2.44140625,7.959301405913333,8.008850207190898
2018_07_TEN_LAC,2018,7,2018-10-21T21:30-04:00,1.0,4.967781535290801,6.4440228370320165,2.44140625,5.578600942342977,5.6014941558948355
2018_07_NYG_ATL,2018,7,2018-10-22T20:15-04:00,3.0,6.598355665375097,9.882412559177192,2.44140625,9.879082099684787,9.848295848413686
2018_08_MIA_HOU,2018,8,2018-10-25T20:20-04:00,19.0,4.243963769851259,3.970577156885053,2.44140625,3.6966844689051293,3.7004875929100174
2018_08_BAL_CAR,2018,8,2018-10-28T13:00-04:00,15.0,-0.3270863348857733,0.4289910469568738,2.44140625,1.0052440408481027,1.0343426788530263
2018_08_CLE_PIT,2018,8,2018-10-28T13:00-04:00,15.0,9.466075146831027,12.744835590013949,2.44140625,12.744413633199798,12.76299237722812
2018_08_DEN_KC,2018,8,2018-10-28T13:00-04:00,7.0,10.39804429715548,11.78265530612647,2.44140625,12.037336284668772,12.037195658426146
2018_08_NYJ_CHI,2018,8,2018-10-28T13:00-04:00,14.0,5.120796788251836,7.09873570991695,2.44140625,7.153399537847704,7.111429531390382
2018_08_SEA_DET,2018,8,2018-10-28T13:00-04:00,-14.0,1.4028151989949196,-2.257305629927435,2.44140625,-2.1104744952425096,-2.0890869716907536
2018_08_TB_CIN,2018,8,2018-10-28T13:00-04:00,3.0,2.681167416602176,3.9624289329915205,2.44140625,3.9256361513351568,3.8841279103192057
2018_08_WAS_NYG,2018,8,2018-10-28T13:00-04:00,-7.0,-0.8705557938665449,-2.3753326728943884,2.44140625,-2.470998962732916,-2.4360776282691194
2018_08_IND_OAK,2018,8,2018-10-28T16:05-04:00,-14.0,-0.9778366750329974,0.05012260004328806,2.44140625,-0.1246246761468332,-0.23025234849049486
2018_08_GB_LA,2018,8,2018-10-28T16:25-04:00,2.0,10.12044762824605,8.35544524690319,2.44140625,8.296198820342386,8.235827626300154
2018_08_SF_ARI,2018,8,2018-10-28T16:25-04:00,3.0,1.8286207363645226,0.4964318444588871,2.44140625,0.7565876563687728,0.6711771111443121
2018_08_NO_MIN,2018,8,2018-10-28T20:20-04:00,-10.0,1.821731713601407,0.011228612992367992,2.44140625,-0.6763491500641166,-0.629824931745939
2018_08_PHI_JAX,2018,8,2018-10-28T21:30-04:00,-6.0,-3.6766937394476322,-5.943627908438206,2.44140625,-5.9263427059172145,-5.8378787010316895
2018_08_NE_BUF,2018,8,2018-10-29T20:15-04:00,-19.0,-6.7454781415837495,-9.116795260637673,2.44140625,-9.100365933178637,-9.3380482613094
2018_09_OAK_SF,2018,9,2018-11-01T20:20-04:00,31.0,4.844064947026342,2.9254080561994673,2.44140625,2.787827859171005,2.980129116588799
2018_09_ATL_WAS,2018,9,2018-11-04T13:00-05:00,-24.0,2.771661793757722,-2.087997404127395,2.44140625,-2.136662872576083,-2.2143542757416106
2018_09_CHI_BUF,2018,9,2018-11-04T13:00-05:00,-32.0,-3.8790774349109434,-5.080118760829983,2.44140625,-5.011114161020313,-5.0132253911800255
2018_09_DET_MIN,2018,9,2018-11-04T13:00-05:00,15.0,5.047800787341686,6.9209008228144535,2.44140625,6.057524280186033,5.9766672905056595
2018_09_KC_CLE,2018,9,2018-11-04T13:00-05:00,-16.0,-7.605038748166152,-4.4392226063205245,2.44140625,-4.974023283525771,-5.104302021167198
2018_09_NYJ_MIA,2018,9,2018-11-04T13:00-05:00,7.0,1.7761384087329501,2.466524334457954,2.44140625,2.6387653891169296,2.6491522202442614
2018_09_PIT_BAL,2018,9,2018-11-04T13:00-05:00,-7.0,2.262225043220777,0.28534895738348065,2.44140625,0.007833288113665127,0.018727463878499995
2018_09_TB_CAR,2018,9,2018-11-04T13:00-05:00,14.0,6.456510007210397,9.118483887401775,2.44140625,9.748710537401069,9.71190453367027
2018_09_HOU_DEN,2018,9,2018-11-04T16:05-05:00,-2.0,0.8189410104590493,-1.9704060035360247,2.44140625,-1.6152426043444184,-1.6123341212998792
2018_09_LAC_SEA,2018,9,2018-11-04T16:05-05:00,-8.0,3.3338578394563534,2.282059797549492,2.44140625,2.3652646913806383,2.3338101472731716
2018_09_LA_NO,2018,9,2018-11-04T16:25-05:00,10.0,1.9522369486861288,4.148008832938741,2.44140625,4.284925827235784,4.188214866754949
2018_09_GB_NE,2018,9,2018-11-04T20:20-05:00,14.0,8.448668549262758,9.097432452723423,2.44140625,8.478216084273864,8.406796716015796
2018_09_TEN_DAL,2018,9,2018-11-05T20:15-05:00,-14.0,5.25679192315346,3.9834383901852366,2.44140625,3.362357252202155,3.4417077688096445
2018_10_CAR_PIT,2018,10,2018-11-08T20:20-05:00,31.0,3.3947034702144685,4.559768076145187,2.44140625,4.314575704332289,4.286320273214183
2018_10_ARI_KC,2018,10,2018-11-11T13:00-05:00,12.0,13.117674301221214,15.637226958125385,2.44140625,16.133064437979385,16.135109859079694
2018_10_ATL_CLE,2018,10,2018-11-11T13:00-05:00,12.0,-3.4589677405604844,-8.28619349174626,2.44140625,-8.01856350197756,-8.041337668394627
2018_10_BUF_NYJ,2018,10,2018-11-11T13:00-05:00,-31.0,6.034610545551855,5.234322186746888,2.44140625,4.847602230257202,4.9273232825705255
2018_10_DET_CHI,2018,10,2018-11-11T13:00-05:00,12.0,5.1352159028621065,6.495347734440589,2.44140625,6.066834551202195,5.984938447318867
2018_10_JAX_IND,2018,10,2018-11-11T13:00-05:00,3.0,3.0281591766518257,4.9292916216663265,2.44140625,4.8921711175328495,4.912341230662569
2018_10_NE_TEN,2018,10,2018-11-11T13:00-05:00,24.0,-3.3643354755159773,-5.648435701271648,2.44140625,-4.864186308970211,-4.902704361555243
2018_10_NO_CIN,2018,10,2018-11-11T13:00-05:00,-37.0,-4.528192009473086,-6.710883383887174,2.44140625,-7.102438265195734,-7.049941133837104
2018_10_WAS_TB,2018,10,2018-11-11T13:00-05:00,-13.0,2.4070863362739594,-0.1027281272213425,2.44140625,0.1500199808516901,0.27061760319914674
2018_10_LAC_OAK,2018,10,2018-11-11T16:05-05:00,-14.0,-8.883323391580653,-9.24269657562386,2.44140625,-9.210891377823614,-9.256538289923764
2018_10_MIA_GB,2018,10,2018-11-11T16:25-05:00,19.0,5.124309819303274,5.0673986218998515,2.44140625,5.371273359567105,5.457721723091604
2018_10_SEA_LA,2018,10,2018-11-11T16:25-05:00,5.0,4.885941910350729,3.9183615147236894,2.44140625,4.123965053433617,4.141378371486512
2018_10_DAL_PHI,2018,10,2018-11-11T20:20-05:00,-7.0,5.454989398115514,7.588369576787672,2.44140625,7.484255953881494,7.4295219454403405
2018_10_NYG_SF,2018,10,2018-11-12T20:15-05:00,-4.0,4.801623899278529,4.157832362397802,2.44140625,4.252597439966543,4.3914115004386245
2018_11_GB_SEA,2018,11,2018-11-15T20:20-05:00,3.0,5.279975083339215,6.6027451492943054,2.44140625,6.323260996120338,6.234721724841309
2018_11_CAR_DET,2018,11,2018-11-18T13:00-05:00,1.0,-0.1292722509484272,-3.1677729792652762,2.44140625,-3.0576146683763525,-3.008717030681213
2018_11_CIN_BAL,2018,11,2018-11-18T13:00-05:00,3.0,7.560874209509897,8.26292192788783,2.44140625,8.033871843840735,8.06774362912638
2018_11_DAL_ATL,2018,11,2018-11-18T13:00-05:00,-3.0,1.4940026158347588,5.652742271008595,2.44140625,5.533189671705888,5.450267707075504
2018_11_HOU_WAS,2018,11,2018-11-18T13:00-05:00,-2.0,1.6473582547418393,1.3324492453151,2.44140625,1.062055700001088,0.9513590843645809
2018_11_PIT_JAX,2018,11,2018-11-18T13:00-05:00,-4.0,-4.317122849776531,-7.493431201089981,2.44140625,-7.623967687297253,-7.5850744550337295
2018_11_TB_NYG,2018,11,2018-11-18T13:00-05:00,3.0,1.6185945066059144,4.08930925983668,2.44140625,3.913965745243223,3.8213175105714186
2018_11_TEN_IND,2018,11,2018-11-18T13:00-05:00,28.0,0.3241200926684069,1.4272349967580389,2.44140625,1.1290238759048479,1.1803756229139575
2018_11_DEN_LAC,2018,11,2018-11-18T16:05-05:00,-1.0,8.530387585308826,10.648816843344601,2.44140625,10.192839394961196,10.138861730191243
2018_11_OAK_ARI,2018,11,2018-11-18T16:05-05:00,-2.0,6.315968891159228,3.2604870708074305,2.44140625,3.197058229588605,3.333833405943951
2018_11_PHI_NO,2018,11,2018-11-18T16:25-05:00,41.0,8.068378401054446,11.128868898713854,2.44140625,11.347039931043264,11.324834459103098
2018_11_MIN_CHI,2018,11,2018-11-18T20:20-05:00,5.0,1.6094440409070159,1.471116246134897,2.44140625,1.9759704699258775,1.9193507511628791
2018_11_KC_LA,2018,11,2018-11-19T20:15-05:00,3.0,1.5293575206271672,0.470290173940489,2.44140625,0.2732579360406051,0.20291986588561195
2018_12_CHI_DET,2018,12,2018-11-22T12:30-05:00,-7.0,-1.3345297955436322,-3.1530834500270446,2.44140625,-3.145928687683469,-3.0425889551252934
2018_12_WAS_DAL,2018,12,2018-11-22T16:30-05:00,8.0,4.529983599938181,1.5616078260608917,2.44140625,1.6211177173191476,1.7709984271379051
2018_12_ATL_NO,2018,12,2018-11-22T20:20-05:00,14.0,11.99816696980548,11.72296513436391,2.44140625,12.016847205579921,11.983510072306883
2018_12_CLE_CIN,2018,12,2018-11-25T13:00-05:00,-15.0,4.1151129093344405,4.203533611704274,2.44140625,4.163158786599135,4.158776103572545
2018_12_JAX_BUF,2018,12,2018-11-25T13:00-05:00,3.0,-1.9596398098830985,-0.41648382551913055,2.44140625,-0.30399253769333456,-0.37883315440401044
2018_12_NE_NYJ,2018,12,2018-11-25T13:00-05:00,-14.0,-6.965395733599625,-9.494571426728289,2.44140625,-9.345055236540192,-9.172869939620059
2018_12_NYG_PHI,2018,12,2018-11-25T13:00-05:00,3.0,6.687899218599787,4.182240831761929,2.44140625,4.304315130145935,4.32836377679325
2018_12_OAK_BAL,2018,12,2018-11-25T13:00-05:00,17.0,12.013115584970567,9.740129615792847,2.44140625,9.1116806654779,9.191297819157583
2018_12_SEA_CAR,2018,12,2018-11-25T13:00-05:00,-3.0,1.4052878289716246,-0.047769748474447704,2.44140625,-0.09757340561039107,-0.14295181718773742
2018_12_SF_TB,2018,12,2018-11-25T13:00-05:00,18.0,2.296419767002779,-1.687382410056684,2.44140625,-1.2590125812400315,-1.3571256641363891
2018_12_ARI_LAC,2018,12,2018-11-25T16:05-05:00,35.0,10.743774589623106,14.366315646591875,2.44140625,14.336408010495958,14.254026144977606
2018_12_MIA_IND,2018,12,2018-11-25T16:25-05:00,3.0,7.906139466881303,8.484072613385653,2.44140625,8.577611336041691,8.576154874903335
2018_12_PIT_DEN,2018,12,2018-11-25T16:25-05:00,7.0,-4.2469869506169635,-5.85126410834655,2.44140625,-5.722260043674113,-5.721189781542037
2018_12_GB_MIN,2018,12,2018-11-25T20:20-05:00,7.0,5.599887597276464,5.665812276835641,2.44140625,5.168240707597479,5.064801497652542
2018_12_TEN_HOU,2018,12,2018-11-26T20:15-05:00,17.0,3.0092094192579677,4.065520712000692,2.44140625,3.751919507609921,3.788607302293597
2018_13_NO_DAL,2018,13,2018-11-29T20:20-05:00,3.0,-5.207955440524978,-8.206359264338491,2.44140625,-8.493524832345805,-8.414106953059399
2018_13_ARI_GB,2018,13,2018-12-02T13:00-05:00,-3.0,8.986042337410982,9.799914610121654,2.44140625,9.970828437165956,10.001958406657737
2018_13_BAL_ATL,2018,13,2018-12-02T13:00-05:00,-10.0,-0.7129374125208452,2.200565191191531,2.44140625,2.710963882582891,2.728121368312852
2018_13_BUF_MIA,2018,13,2018-12-02T13:00-05:00,4.0,3.549638903697474,2.694055073014223,2.44140625,2.4786441594327897,2.586783845967127
2018_13_CAR_TB,2018,13,2018-12-02T13:00-05:00,7.0,-0.7543098698851463,-2.505706319600627,2.44140625,-2.3051152918166533,-2.2429698554959137
2018_13_CHI_NYG,2018,13,2018-12-02T13:00-05:00,3.0,-4.459635850094494,-5.269330311848332,2.44140625,-5.524827817508931,-5.537305153297256
2018_13_CLE_HOU,2018,13,2018-12-02T13:00-05:00,16.0,6.468607868716084,6.890378822212714,2.44140625,7.030892649990656,7.122764618323923
2018_13_DEN_CIN,2018,13,2018-12-02T13:00-05:00,-14.0,-0.8523036822051457,0.6326572456473007,2.44140625,-0.024989213266486177,-0.0340839327256639
2018_13_IND_JAX,2018,13,2018-12-02T13:00-05:00,6.0,0.4958363878540535,0.1246609999258167,2.44140625,0.20437642146364832,0.17639838035191602
2018_13_LA_DET,2018,13,2018-12-02T13:00-05:00,-14.0,-4.163850790670289,-5.625315310084949,2.44140625,-5.738006427473657,-5.753031933828696
2018_13_KC_OAK,2018,13,2018-12-02T16:05-05:00,-7.0,-11.406012525534564,-9.57033889003895,2.44140625,-9.908168149577671,-10.174551874206255
2018_13_NYJ_TEN,2018,13,2018-12-02T16:05-05:00,4.0,7.079346284508024,7.845044685655317,2.44140625,8.344864155308105,8.309392255201791
2018_13_MIN_NE,2018,13,2018-12-02T16:25-05:00,14.0,3.8923926645699476,4.329514619246384,2.44140625,4.389161855722065,4.375475953343249
2018_13_SF_SEA,2018,13,2018-12-02T16:25-05:00,27.0,9.661772017211627,10.999506543107168,2.44140625,11.452236713786355,11.309105547735504
2018_13_LAC_PIT,2018,13,2018-12-02T20:20-05:00,-3.0,2.3026334818081873,3.1930518250456474,2.44140625,3.458406679967363,3.4868929066211916
2018_13_WAS_PHI,2018,13,2018-12-03T20:15-05:00,15.0,3.7633331807584134,1.2159871030722689,2.44140625,1.289759663848544,1.3555870186553094
2018_14_JAX_TEN,2018,14,2018-12-06T20:20-05:00,21.0,2.3549314436889373,1.5407957844193358,2.44140625,1.9148699335274648,1.9211035669740577
2018_14_ATL_GB,2018,14,2018-12-09T13:00-05:00,14.0,3.1779979100745095,6.0177166195974054,2.44140625,6.188666846831067,6.2405702135033145
2018_14_BAL_KC,2018,14,2018-12-09T13:00-05:00,3.0,5.117883644833551,6.489459383772876,2.44140625,7.347489272733283,7.463940390649253
2018_14_CAR_CLE,2018,14,2018-12-09T13:00-05:00,6.0,-1.3508824915897875,-2.2910282576826475,2.44140625,-2.1988679548600554,-2.26999658471988
2018_14_IND_HOU,2018,14,2018-12-09T13:00-05:00,-3.0,4.730025760918551,5.839683435833625,2.44140625,5.727388260195356,5.70136114384624
2018_14_NE_MIA,2018,14,2018-12-09T13:00-05:00,1.0,-7.330283177627367,-8.626723079682435,2.44140625,-8.470270696864077,-8.424826539549343
2018_14_NO_TB,2018,14,2018-12-09T13:00-05:00,-14.0,-7.357282011778297,-11.459750075764774,2.44140625,-11.44459503560194,-11.414743756361485
2018_14_NYG_WAS,2018,14,2018-12-09T13:00-05:00,-24.0,3.4691584548511996,3.0534278006959625,2.44140625,2.567461804710917,2.464157231939464
2018_14_NYJ_BUF,2018,14,2018-12-09T13:00-05:00,-4.0,2.600229706608614,3.7360149076054316,2.44140625,4.029336057275193,3.892864099793451
2018_14_CIN_LAC,2018,14,2018-12-09T16:05-05:00,5.0,12.493383843391605,14.123023637313398,2.44140625,14.328533653994018,14.315415161892677
2018_14_DEN_SF,2018,14,2018-12-09T16:05-05:00,6.0,-3.5752593275357913,-3.4255828300758204,2.44140625,-4.11103530895106,-3.969787035707861
2018_14_DET_ARI,2018,14,2018-12-09T16:25-05:00,-14.0,-0.9128613727792625,0.1030635882032862,2.44140625,-0.20146052219468297,-0.19548326130731403
2018_14_PHI_DAL,2018,14,2018-12-09T16:25-05:00,6.0,3.5599995257852943,4.524839908579657,2.44140625,4.464673146648314,4.547283604760861
2018_14_PIT_OAK,2018,14,2018-12-09T16:25-05:00,3.0,-9.260849509493138,-10.02643004181331,2.44140625,-10.193977336388588,-10.311947695173046
2018_14_LA_CHI,2018,14,2018-12-09T20:20-05:00,9.0,-0.7766843439150168,-0.4041916801885248,2.44140625,-0.8621730911267543,-0.9639212748982978
2018_14_MIN_SEA,2018,14,2018-12-10T20:15-05:00,14.0,4.121917029396859,4.8773480459971195,2.44140625,4.843644596321892,4.842084780821114
2018_15_LAC_KC,2018,15,2018-12-13T20:20-05:00,-1.0,3.394662111640053,1.8481442694087042,2.44140625,2.333050498818318,2.4751948762715696
2018_15_HOU_NYJ,2018,15,2018-12-15T16:30-05:00,-7.0,-4.096308569320952,-5.944825355561489,2.44140625,-5.559074819678152,-5.523669387584618
2018_15_CLE_DEN,2018,15,2018-12-15T20:20-05:00,-1.0,5.03162065238591,6.558642759892855,2.44140625,6.685723669372535,6.718780842759696
2018_15_ARI_ATL,2018,15,2018-12-16T13:00-05:00,26.0,6.68002331702197,8.464543998251457,2.44140625,8.467035945922953,8.431821022169288
2018_15_DAL_IND,2018,15,2018-12-16T13:00-05:00,23.0,0.9248038344734306,0.10118799958754032,2.44140625,0.544246516547324,0.5546140110547929
2018_15_DET_BUF,2018,15,2018-12-16T13:00-05:00,1.0,-2.2894334090693302,0.39952245299121514,2.44140625,0.4498337792931866,0.3379000729544508
2018_15_GB_CHI,2018,15,2018-12-16T13:00-05:00,7.0,6.00891538318387,6.026278020911084,2.44140625,5.839422285574008,5.782549774618764
2018_15_MIA_MIN,2018,15,2018-12-16T13:00-05:00,24.0,8.056121951625624,8.198604597322841,2.44140625,7.662149795775223,7.645322664878329
2018_15_OAK_CIN,2018,15,2018-12-16T13:00-05:00,14.0,4.902667281606958,3.804870880714479,2.44140625,3.613336984267302,3.6811570608364543
2018_15_TB_BAL,2018,15,2018-12-16T13:00-05:00,8.0,7.740948974543938,7.457783908998941,2.44140625,6.755711680483961,6.721430596212702
2018_15_TEN_NYG,2018,15,2018-12-16T13:00-05:00,-17.0,0.9191843626600005,1.4063706144510892,2.44140625,0.9567157686785979,0.904099132946526
2018_15_WAS_JAX,2018,15,2018-12-16T13:00-05:00,-3.0,3.4599654553532035,4.6587062407931805,2.44140625,5.086280665286731,5.202311593696752
2018_15_SEA_SF,2018,15,2018-12-16T16:05-05:00,3.0,-7.2852179878599355,-7.010484980294615,2.44140625,-7.340679151400829,-7.210595669234585
2018_15_NE_PIT,2018,15,2018-12-16T16:25-05:00,7.0,0.9075080755825691,0.526351624610722,2.44140625,0.5771638843992022,0.5369386236501099
2018_15_PHI_LA,2018,15,2018-12-16T20:20-05:00,-7.0,7.149131867771963,8.235058722262224,2.44140625,8.814092848490318,8.999001434452854
2018_15_NO_CAR,2018,15,2018-12-17T20:15-05:00,-3.0,-6.3156386583617845,-8.805758884651063,2.44140625,-8.908311358030582,-8.888351418061454
2018_16_WAS_TEN,2018,16,2018-12-22T16:30-05:00,9.0,6.97109860053681,5.489838522890719,2.44140625,5.7888376029521975,5.749103438610258
2018_16_BAL_LAC,2018,16,2018-12-22T20:20-05:00,-12.0,4.2157098179322645,5.428057236349049,2.44140625,5.853801536032292,5.8519456680224184
2018_16_ATL_CAR,2018,16,2018-12-23T13:00-05:00,-14.0,3.6732649560092576,0.10124130782009955,2.44140625,0.0863497096670236,0.08578118194130235
2018_16_BUF_NE,2018,16,2018-12-23T13:00-05:00,12.0,12.614077835432306,13.093477356094873,2.44140625,12.99359897044192,13.126571812318769
2018_16_CIN_CLE,2018,16,2018-12-23T13:00-05:00,8.0,3.782760834718375,2.3999244936743565,2.44140625,2.630687659879425,2.61307865143541
2018_16_GB_NYJ,2018,16,2018-12-23T13:00-05:00,-6.0,-2.6484635444492994,-1.8415654793441636,2.44140625,-1.880639210979348,-1.895055944870816
2018_16_HOU_PHI,2018,16,2018-12-23T13:00-05:00,2.0,2.42208270461027,-0.15922355956728174,2.44140625,0.12145761812960831,0.030345068896275418
2018_16_JAX_MIA,2018,16,2018-12-23T13:00-05:00,-10.0,0.766767812177378,1.3603663235112402,2.44140625,1.9305615645759102,1.9213459789907628
2018_16_MIN_DET,2018,16,2018-12-23T13:00-05:00,-18.0,-1.9461684363251237,-2.9776873911789448,2.44140625,-2.636492582412244,-2.634492936594702
2018_16_NYG_IND,2018,16,2018-12-23T13:00-05:00,1.0,7.429733881520178,7.682510256712464,2.44140625,7.89248729912768,7.973246502782468
2018_16_TB_DAL,2018,16,2018-12-23T13:00-05:00,7.0,5.081152598924001,5.159019512804147,2.44140625,4.675786639484299,4.668036022458539
2018_16_CHI_SF,2018,16,2018-12-23T16:05-05:00,-5.0,-5.095163189934275,-4.474129290349252,2.44140625,-4.722050413850982,-4.588026295649241
2018_16_LA_ARI,2018,16,2018-12-23T16:05-05:00,-22.0,-9.688231977237393,-9.014165025223543,2.44140625,-9.467974879135904,-9.535839458021176
2018_16_PIT_NO,2018,16,2018-12-23T16:25-05:00,3.0,7.351913420711364,6.954515567813665,2.44140625,6.557681864625142,6.554897113439661
2018_16_KC_SEA,2018,16,2018-12-23T20:20-05:00,7.0,1.4847273822699227,-0.11474627681690386,2.44140625,-0.9055363847780535,-1.0654116055398153
2018_16_DEN_OAK,2018,16,2018-12-24T20:15-05:00,13.0,-4.176905578612313,-3.37611784256138,2.44140625,-3.471730797103647,-3.5707471478558532
2018_17_ATL_TB,2018,17,2018-12-30T13:00-05:00,-2.0,-0.10229624870824283,-1.293778355829281,2.44140625,-1.0927334519711347,-1.1057547457965187
2018_17_CAR_NO,2018,17,2018-12-30T13:00-05:00,-19.0,11.81739422475486,13.041560933421698,2.44140625,12.61443824754864,12.573892641197673
2018_17_DAL_NYG,2018,17,2018-12-30T13:00-05:00,-1.0,-0.6666135610134347,-1.2498346504462203,2.44140625,-0.7047290236069743,-0.7731318717596201
2018_17_DET_GB,2018,17,2018-12-30T13:00-05:00,-31.0,5.2331681345838374,4.7023977628085865,2.44140625,4.447390226742044,4.444935499123303
2018_17_JAX_HOU,2018,17,2018-12-30T13:00-05:00,17.0,6.6536159242819295,8.192148836326975,2.44140625,8.063181017421698,8.034371373627607
2018_17_MIA_BUF,2018,17,2018-12-30T13:00-05:00,25.0,2.559080248418452,4.068980557504263,2.44140625,3.63284421127741,3.5170469148916483
2018_17_NYJ_NE,2018,17,2018-12-30T13:00-05:00,35.0,12.394066845539635,14.193319696918353,2.44140625,14.045523552285212,14.082519988943485
2018_17_ARI_SEA,2018,17,2018-12-30T16:25-05:00,3.0,15.997866669037357,17.386030485875914,2.44140625,17.033691582729748,17.002321233416044
2018_17_CHI_MIN,2018,17,2018-12-30T16:25-05:00,-14.0,3.2219994339976,3.3134753681638855,2.44140625,3.160293873783087,3.1591158208970045
2018_17_CIN_PIT,2018,17,2018-12-30T16:25-05:00,3.0,10.436378185863513,10.112122321356905,2.44140625,10.653542843407829,10.677727289695943
2018_17_CLE_BAL,2018,17,2018-12-30T16:25-05:00,2.0,8.91809061767455,8.92258240463697,2.44140625,8.81982313184782,8.864194695137545
2018_17_LAC_DEN,2018,17,2018-12-30T16:25-05:00,-14.0,-3.1791272641809964,-3.4370122390504774,2.44140625,-3.617183523898463,-3.644979705900526
2018_17_OAK_KC,2018,17,2018-12-30T16:25-05:00,32.0,13.317492590910671,11.560554430268095,2.44140625,12.181582677811573,12.406801125998557
2018_17_PHI_WAS,2018,17,2018-12-30T16:25-05:00,-24.0,-2.4630320511239248,-0.3214902112800049,2.44140625,-0.6049940607134734,-0.6270003990208861
2018_17_SF_LA,2018,17,2018-12-30T16:25-05:00,16.0,11.686074008380057,10.057569522171212,2.44140625,10.485674935356359,10.471057095118686
2018_17_IND_TEN,2018,17,2018-12-30T20:20-05:00,-16.0,2.4733570562925737,3.1777532412558203,2.44140625,3.322109991368924,3.2863358323089455
2019_01_GB_CHI,2019,1,2019-09-05T20:20-04:00,-7.0,5.595362779922368,6.440745758560291,2.4016927083333335,6.4298660757877695,6.380616989849315
2019_01_ATL_MIN,2019,1,2019-09-08T13:00-04:00,16.0,3.695468142970097,2.8075411078495645,2.4016927083333335,2.632045874503593,2.630380966676621
2019_01_BAL_MIA,2019,1,2019-09-08T13:00-04:00,-49.0,-3.0765399809939673,-0.9720105220471937,2.4016927083333335,0.1234368959178731,0.18430810186300262
2019_01_BUF_NYJ,2019,1,2019-09-08T13:00-04:00,-1.0,1.0639496572889122,-2.332593774351236,2.4016927083333335,-2.0568165605054576,-2.1008774459030564
2019_01_KC_JAX,2019,1,2019-09-08T13:00-04:00,-14.0,-2.161102595088243,4.30387786384912,2.4016927083333335,3.93214563937385,3.9656786447052417
2019_01_LA_CAR,2019,1,2019-09-08T13:00-04:00,-3.0,-0.004684562269423154,-1.2382129760252851,2.4016927083333335,-1.4623629840258074,-1.5767972295481978
2019_01_TEN_CLE,2019,1,2019-09-08T13:00-04:00,-30.0,1.74258468700213,1.5507431488129817,2.4016927083333335,1.1451490393847776,1.1183038538243366
2019_01_WAS_PHI,2019,1,2019-09-08T13:00-04:00,5.0,6.481516025561962,2.101502214564314,2.4016927083333335,2.215975110089107,2.2228315253477158
2019_01_CIN_SEA,2019,1,2019-09-08T16:05-04:00,1.0,5.967118084074336,5.1084568654477645,2.4016927083333335,5.556833989832326,5.571663294326237
2019_01_IND_LAC,2019,1,2019-09-08T16:05-04:00,6.0,3.340837746815378,3.233612075580502,2.4016927083333335,2.696722054822649,2.7814708665708507
2019_01_DET_ARI,2019,1,2019-09-08T16:25-04:00,0.0,-0.9113640733296515,-4.318465482084541,2.4016927083333335,-4.70797081783933,-4.717757589457683
2019_01_NYG_DAL,2019,1,2019-09-08T16:25-04:00,18.0,4.10831076343071,5.555759871181005,2.4016927083333335,4.858418412261889,4.870696849069392
2019_01_SF_TB,2019,1,2019-09-08T16:25-04:00,-14.0,3.528447269960604,1.4922906147642736,2.4016927083333335,1.5896938252100687,1.3581513110873416
2019_01_PIT_NE,2019,1,2019-09-08T20:20-04:00,30.0,3.681948577741902,7.244321131183952,2.4016927083333335,7.224173110511897,7.269646621713492
2019_01_HOU_NO,2019,1,2019-09-09T19:10-04:00,2.0,4.598080967493259,8.395593189400836,2.4016927083333335,7.916196500436044,7.937448997836601
2019_01_DEN_OAK,2019,1,2019-09-09T22:20-04:00,8.0,0.15500382884212982,-4.071608946091695,2.4016927083333335,-3.9707763500091935,-3.963647022618665
2019_02_TB_CAR,2019,2,2019-09-12T20:20-04:00,-6.0,4.973434508748749,6.988034374481668,2.4016927083333335,6.966397681881083,6.978188537948293
2019_02_ARI_BAL,2019,2,2019-09-15T13:00-04:00,6.0,9.867049028226724,11.686613211727606,2.4016927083333335,11.101376533771617,11.006856455447018
2019_02_BUF_NYG,2019,2,2019-09-15T13:00-04:00,-14.0,2.1284872105881756,1.5864771838302103,2.4016927083333335,1.9686096145660086,1.9243108402346787
2019_02_DAL_WAS,2019,2,2019-09-15T13:00-04:00,-10.0,-1.1949732402300448,-3.3555698633053814,2.4016927083333335,-2.981547301981715,-3.1159167172249416
2019_02_IND_TEN,2019,2,2019-09-15T13:00-04:00,-2.0,2.80061391791319,1.505545999660892,2.4016927083333335,1.2886702170812236,1.2935180552184111
2019_02_JAX_HOU,2019,2,2019-09-15T13:00-04:00,1.0,6.435560145750196,7.495459264195885,2.4016927083333335,7.701350430663904,7.658740789347295
2019_02_LAC_DET,2019,2,2019-09-15T13:00-04:00,3.0,-0.5987145332625872,-1.2267236525417196,2.4016927083333335,-1.036344917499725,-1.0333212999119787
2019_02_MIN_GB,2019,2,2019-09-15T13:00-04:00,5.0,0.3570997798455866,-0.33872794060937883,2.4016927083333335,0.14361313931843722,0.2558169806275463
2019_02_NE_MIA,2019,2,2019-09-15T13:00-04:00,-43.0,-7.040523204267956,-12.31284010163514,2.4016927083333335,-11.175527244911907,-11.121278029820369
2019_02_SEA_PIT,2019,2,2019-09-15T13:00-04:00,-2.0,1.3158765012232323,1.3533626426921546,2.4016927083333335,1.574288709864228,1.5880534779787647
2019_02_SF_CIN,2019,2,2019-09-15T13:00-04:00,-24.0,2.089606199963856,0.9423461734730423,2.4016927083333335,0.5710442526383142,0.41933457182895284
2019_02_KC_OAK,2019,2,2019-09-15T16:05-04:00,-18.0,-4.609476943668577,-6.105162655269913,2.4016927083333335,-6.599525353509785,-6.672819864306771
2019_02_CHI_DEN,2019,2,2019-09-15T16:25-04:00,-2.0,-0.9258733800598566,-1.4519632805422358,2.4016927083333335,-1.3484057351978276,-1.387192567018289
2019_02_NO_LA,2019,2,2019-09-15T16:25-04:00,18.0,2.265492180283781,1.9623914307424133,2.4016927083333335,2.35168536394398,2.434164727335851
2019_02_PHI_ATL,2019,2,2019-09-15T20:20-04:00,4.0,0.39628820550530275,1.5470067923877555,2.4016927083333335,1.9593953170803944,2.0907967620622543
2019_02_CLE_NYJ,2019,2,2019-09-16T20:15-04:00,-20.0,1.0523420887191857,0.8253848751248911,2.4016927083333335,1.341907116990846,1.3202764624326218
2019_03_TEN_JAX,2019,3,2019-09-19T20:20-04:00,13.0,-0.7278367550885951,-2.150004502176517,2.4016927083333335,-2.4144363824641424,-2.3951752033629075
2019_03_ATL_IND,2019,3,2019-09-22T13:00-04:00,3.0,4.467429227810252,3.0847397178827567,2.4016927083333335,3.209425733042153,3.202577924325555
2019_03_BAL_KC,2019,3,2019-09-22T13:00-04:00,5.0,4.302932102789704,4.005031513348859,2.4016927083333335,4.655686662965997,4.7347104917335745
2019_03_CIN_BUF,2019,3,2019-09-22T13:00-04:00,4.0,4.573325135460372,5.813116956449967,2.4016927083333335,5.731245860582437,5.789281801000671
2019_03_DEN_GB,2019,3,2019-09-22T13:00-04:00,11.0,5.148592030132935,3.0578665545249595,2.4016927083333335,3.4721494415459873,3.5902624152308626
2019_03_DET_PHI,2019,3,2019-09-22T13:00-04:00,-3.0,4.044870699828552,4.340281105886363,2.4016927083333335,4.165221354569931,4.050701263531988
2019_03_MIA_DAL,2019,3,2019-09-22T13:00-04:00,25.0,11.16526471499292,15.95850009878108,2.4016927083333335,14.656733190846836,14.512174138985277
2019_03_NYJ_NE,2019,3,2019-09-22T13:00-04:00,16.0,13.601829647066486,18.448584972810504,2.4016927083333335,17.720693491146598,17.784225433942822
2019_03_OAK_MIN,2019,3,2019-09-22T13:00-04:00,20.0,8.687033695477723,7.920694794139683,2.4016927083333335,7.981212073122769,7.95201939149045
2019_03_CAR_ARI,2019,3,2019-09-22T16:05-04:00,-18.0,-0.2811290240506379,-1.9158781899020878,2.4016927083333335,-1.6801309935815059,-1.660349603229962
2019_03_NYG_TB,2019,3,2019-09-22T16:05-04:00,-1.0,4.350042303198492,3.505395053778237,2.4016927083333335,2.679001683199432,2.638483025403699
2019_03_HOU_LAC,2019,3,2019-09-22T16:25-04:00,-7.0,3.636851251929605,3.6266653141513316,2.4016927083333335,3.842147184864903,3.8839265562389897
2019_03_NO_SEA,2019,3,2019-09-22T16:25-04:00,-6.0,2.179331009637009,4.988672794338808,2.4016927083333335,4.483589226524224,4.868310777630635
2019_03_PIT_SF,2019,3,2019-09-22T16:25-04:00,4.0,3.1211576649414683,1.71394082882478,2.4016927083333335,1.6663177251283279,1.7970709515683208
2019_03_LA_CLE,2019,3,2019-09-22T20:20-04:00,-7.0,-2.3513747380164842,-6.56015362887325,2.4016927083333335,-6.683905641105556,-6.7376219291545345
2019_03_CHI_WAS,2019,3,2019-09-23T20:15-04:00,-16.0,-2.0008193950154105,-0.3352618141397209,2.4016927083333335,0.13097770555835453,-0.027347237921240608
2019_04_PHI_GB,2019,4,2019-09-26T20:20-04:00,-7.0,2.880252708201326,2.4244174024906915,2.4016927083333335,2.9391757677061796,3.098509029877606
2019_04_CAR_HOU,2019,4,2019-09-29T13:00-04:00,-6.0,3.864309973199368,4.879274055504657,2.4016927083333335,4.849246453926157,4.865857966782528
2019_04_CLE_BAL,2019,4,2019-09-29T13:00-04:00,-15.0,6.6965266377526715,8.999388062539456,2.4016927083333335,8.458378529207883,8.443744806370752
2019_04_KC_DET,2019,4,2019-09-29T13:00-04:00,-4.0,-2.3593041913781567,-4.291666209944459,2.4016927083333335,-4.42450576700668,-4.483049198536392
2019_04_LAC_MIA,2019,4,2019-09-29T13:00-04:00,-20.0,-6.552802660846153,-8.94870507298949,2.4016927083333335,-8.428989241544343,-8.367858856361483
2019_04_NE_BUF,2019,4,2019-09-29T13:00-04:00,-6.0,-4.369412476597489,-5.2770075424151885,2.4016927083333335,-5.0370572483939196,-4.9510451642809095
2019_04_OAK_IND,2019,4,2019-09-29T13:00-04:00,-7.0,8.970226183615477,8.662587802685348,2.4016927083333335,9.10245924419036,9.066286637806236
2019_04_TEN_ATL,2019,4,2019-09-29T13:00-04:00,-14.0,2.09169389068095,3.75163447315453,2.4016927083333335,3.9267412540544733,3.9065389886780086
2019_04_WAS_NYG,2019,4,2019-09-29T13:00-04:00,21.0,3.404841275616306,2.1009921035149524,2.4016927083333335,2.2495262149977617,2.3803564856107533
2019_04_SEA_ARI,2019,4,2019-09-29T16:05-04:00,-17.0,-3.507334730483742,-6.629649716237583,2.4016927083333335,-6.076858801843159,-6.0081949774102075
2019_04_TB_LA,2019,4,2019-09-29T16:05-04:00,-15.0,9.034396952388969,10.102452425904582,2.4016927083333335,10.53110559523323,10.651537809002779
2019_04_JAX_DEN,2019,4,2019-09-29T16:25-04:00,-2.0,1.0390371458421694,2.4611649310728243,2.4016927083333335,2.5382729528624104,2.4664660758056036
2019_04_MIN_CHI,2019,4,2019-09-29T16:25-04:00,10.0,2.193401228321365,2.797430404422603,2.4016927083333335,2.7329299547840793,2.7341322505456582
2019_04_DAL_NO,2019,4,2019-09-29T20:20-04:00,2.0,2.02263781761188,-0.6817436365583793,2.4016927083333335,0.051010692621478615,-0.3328479268239666
2019_04_CIN_PIT,2019,4,2019-09-30T20:15-04:00,24.0,5.180323574805758,7.913885581969884,2.4016927083333335,7.745733865076432,7.729009132764087
2019_05_LA_SEA,2019,5,2019-10-03T20:20-04:00,1.0,1.603515831237976,3.0840608900697926,2.4016927083333335,2.510977772635532,2.3928078647977444
2019_05_ARI_CIN,2019,5,2019-10-06T13:00-04:00,-3.0,4.293516995635269,4.738553956216349,2.4016927083333335,4.5134649714209445,4.518158010047209
2019_05_ATL_HOU,2019,5,2019-10-06T13:00-04:00,21.0,5.095100872455605,3.206253031373845,2.4016927083333335,2.9744956379838308,2.979994328488392
2019_05_BAL_PIT,2019,5,2019-10-06T13:00-04:00,-3.0,2.221215234108298,3.031799514273674,2.4016927083333335,2.9900358673137934,2.9343800555450192
2019_05_BUF_TEN,2019,5,2019-10-06T13:00-04:00,-7.0,4.7323305829208,4.766056760472827,2.4016927083333335,4.625869199087868,4.605170823681897
2019_05_CHI_OAK,2019,5,2019-10-06T13:00-04:00,3.0,-6.965107813582165,-8.20284610378383,2.4016927083333335,-8.370681417235573,-8.327958092054141
2019_05_JAX_CAR,2019,5,2019-10-06T13:00-04:00,7.0,4.535987700003163,3.854379165942527,2.4016927083333335,4.250382496006496,4.250084120000865
2019_05_MIN_NYG,2019,5,2019-10-06T13:00-04:00,-18.0,-1.5973221696207522,-2.3639116431907268,2.4016927083333335,-1.9737940328674042,-2.0281579501513614
2019_05_NE_WAS,2019,5,2019-10-06T13:00-04:00,-26.0,-9.062718033898395,-11.370810351455237,2.4016927083333335,-10.990172418016659,-11.162855647086623
2019_05_NYJ_PHI,2019,5,2019-10-06T13:00-04:00,25.0,9.252747574817196,11.41553961316296,2.4016927083333335,11.153888576364007,11.068591069914472
2019_05_TB_NO,2019,5,2019-10-06T13:00-04:00,7.0,5.6718336939008775,4.4117250809231,2.4016927083333335,4.719861706913908,4.3562504002236
2019_05_DEN_LAC,2019,5,2019-10-06T16:05-04:00,-7.0,7.627156215823438,8.026982438926767,2.4016927083333335,7.67416670834705,7.691132116021837
2019_05_GB_DAL,2019,5,2019-10-06T16:25-04:00,-10.0,5.294774540169562,6.16136281758853,2.4016927083333335,5.064096169166178,4.949707325991021
2019_05_IND_KC,2019,5,2019-10-06T20:20-04:00,-6.0,7.369400933050555,8.41149389177994,2.4016927083333335,8.623877238555187,8.66744167099616
2019_05_CLE_SF,2019,5,2019-10-07T20:15-04:00,28.0,2.759250155171649,3.405780749360228,2.4016927083333335,3.0452103708210796,3.0824667391810507
2019_06_NYG_NE,2019,6,2019-10-10T20:20-04:00,21.0,13.0190999343606,14.698252821843912,2.4016927083333335,13.803798595766462,13.855519173677184
2019_06_CAR_TB,2019,6,2019-10-13T09:30-04:00,-11.0,-2.0818244718196746,-5.6332343725847664,2.4016927083333335,-6.1935605904530275,-6.270250477503149
2019_06_CIN_BAL,2019,6,2019-10-13T13:00-04:00,6.0,9.220664721707363,9.82234799356708,2.4016927083333335,10.02361376269404,10.112332603577128
2019_06_HOU_KC,2019,6,2019-10-13T13:00-04:00,-7.0,4.335152477718953,3.871927545251866,2.4016927083333335,3.9837307394691606,4.010114166239444
2019_06_NO_JAX,2019,6,2019-10-13T13:00-04:00,-7.0,-1.1948237129987596,-0.9766613080144486,2.4016927083333335,-0.9123481586080691,-0.44405839125066304
2019_06_PHI_MIN,2019,6,2019-10-13T13:00-04:00,18.0,3.458977814830454,1.56793587745989,2.4016927083333335,1.263599260743,1.2943685079101106
2019_06_SEA_CLE,2019,6,2019-10-13T13:00-04:00,-4.0,-0.6069206712091395,-3.790603961946144,2.4016927083333335,-2.933019220479964,-2.8087999726731807
2019_06_WAS_MIA,2019,6,2019-10-13T13:00-04:00,-1.0,0.444189189550789,-1.8226510958944422,2.4016927083333335,-1.5316651127150795,-1.2957098883511633
2019_06_ATL_ARI,2019,6,2019-10-13T16:05-04:00,1.0,-0.24041420917209777,-2.4908585472335245,2.4016927083333335,-2.843921276987757,-2.8539474778468517
2019_06_SF_LA,2019,6,2019-10-13T16:05-04:00,-13.0,3.3346820594852105,3.506610565196145,2.4016927083333335,3.9988173945102283,3.9943993931247523
2019_06_DAL_NYJ,2019,6,2019-10-13T16:25-04:00,2.0,-5.979672758333878,-7.867960863230005,2.4016927083333335,-7.16154277538042,-7.114669601238459
2019_06_TEN_DEN,2019,6,2019-10-13T16:25-04:00,16.0,0.41253258618344724,-0.6644231082310192,2.4016927083333335,-0.6544904153534717,-0.6692259313398521
2019_06_PIT_LAC,2019,6,2019-10-13T20:20-04:00,-7.0,2.8628452955840338,3.259509975838957,2.4016927083333335,3.5061531230748764,3.5611071994372203
2019_06_DET_GB,2019,6,2019-10-14T20:15-04:00,1.0,3.8975341260998517,2.7966579990512344,2.4016927083333335,3.275909676871376,3.212981873345371
2019_07_KC_DEN,2019,7,2019-10-17T20:20-04:00,-24.0,-1.2492563074896452,-1.5523687362694425,2.4016927083333335,-1.4136485451514618,-1.419801779392566
2019_07_ARI_NYG,2019,7,2019-10-20T13:00-04:00,-6.0,4.196609501332343,3.390413033955208,2.4016927083333335,4.240798484087574,4.296225672435359
2019_07_HOU_IND,2019,7,2019-10-20T13:00-04:00,7.0,0.6210252487970604,0.6092956986068361,2.4016927083333335,0.55804503969559,0.6147795265533982
2019_07_JAX_CIN,2019,7,2019-10-20T13:00-04:00,-10.0,-0.546502894528019,-0.6079579066272465,2.4016927083333335,-0.920053637772576,-0.9911309015649378
2019_07_LA_ATL,2019,7,2019-10-20T13:00-04:00,-27.0,-2.053484304397827,0.41396004980859624,2.4016927083333335,0.254964592108035,0.17281226991892584
2019_07_MIA_BUF,2019,7,2019-10-20T13:00-04:00,10.0,11.26306336963273,13.971782056650577,2.4016927083333335,14.040465213881939,14.05007441880978
2019_07_MIN_DET,2019,7,2019-10-20T13:00-04:00,-12.0,-1.8654945847653979,-1.5504989877056183,2.4016927083333335,-1.62714462196096,-1.5605708740919826
2019_07_OAK_GB,2019,7,2019-10-20T13:00-04:00,18.0,6.771520607075978,3.6783647409438007,2.4016927083333335,3.9055770023570298,3.8812978617365803
2019_07_SF_WAS,2019,7,2019-10-20T13:00-04:00,-9.0,-7.404075830613111,-7.49164370106862,2.4016927083333335,-7.088684098931097,-7.274100247206011
2019_07_LAC_TEN,2019,7,2019-10-20T16:05-04:00,3.0,1.2250379714991917,-0.8979408495609406,2.4016927083333335,-0.9003401464672919,-0.9109216486168406
2019_07_BAL_SEA,2019,7,2019-10-20T16:25-04:00,-14.0,3.0148336946857124,5.787852899704938,2.4016927083333335,5.671612491153473,5.5917146696243485
2019_07_NO_CHI,2019,7,2019-10-20T16:25-04:00,-11.0,1.7795966859019043,5.042834357753174,2.4016927083333335,4.873016830322899,5.340956485125208
2019_07_PHI_DAL,2019,7,2019-10-20T20:20-04:00,27.0,2.3569385267519367,2.390914797603172,2.4016927083333335,1.6837611641246886,1.6831225757211103
2019_07_NE_NYJ,2019,7,2019-10-21T20:15-04:00,-33.0,-11.535281391655946,-14.074990163061386,2.4016927083333335,-13.36513901013845,-13.42846471765671
2019_08_WAS_MIN,2019,8,2019-10-24T20:20-04:00,10.0,14.503978932148694,15.115286011096945,2.4016927083333335,15.093664266966968,15.191987624773232
2019_08_ARI_NO,2019,8,2019-10-27T13:00-04:00,22.0,11.153835324149806,11.829785478227688,2.4016927083333335,12.001587030346435,11.89669851855303
2019_08_CIN_LA,2019,8,2019-10-27T13:00-04:00,14.0,8.468840430374385,7.443364972461659,2.4016927083333335,7.5787818747604305,7.615745712083275
2019_08_DEN_IND,2019,8,2019-10-27T13:00-04:00,2.0,6.213825056565815,6.970296457015279,2.4016927083333335,6.92349315402444,6.926143182373256
2019_08_LAC_CHI,2019,8,2019-10-27T13:00-04:00,-1.0,3.5260724221871906,3.002919982147847,2.4016927083333335,2.659965573077649,2.6542518542195355
2019_08_NYG_DET,2019,8,2019-10-27T13:00-04:00,5.0,6.386031234680242,6.347456954826574,2.4016927083333335,6.201848328776792,6.1882480840642975
2019_08_NYJ_JAX,2019,8,2019-10-27T13:00-04:00,14.0,9.225960358285633,9.438345794300515,2.4016927083333335,8.631072357729431,8.618605172070627
2019_08_PHI_BUF,2019,8,2019-10-27T13:00-04:00,-18.0,2.41182885733225,2.339227919415083,2.4016927083333335,2.0800985021221075,2.1304422740327524
2019_08_SEA_ATL,2019,8,2019-10-27T13:00-04:00,-7.0,-2.7699423379693835,-3.4867654765656186,2.4016927083333335,-2.9770228493801145,-3.0520732854600765
2019_08_TB_TEN,2019,8,2019-10-27T13:00-04:00,4.0,3.2616468140007466,4.276646002156447,2.4016927083333335,4.340050383883092,4.3267841223751
2019_08_CAR_SF,2019,8,2019-10-27T16:05-04:00,38.0,3.9386988839362496,2.884392842514286,2.4016927083333335,2.3025296055432083,2.3508535765016596
2019_08_CLE_NE,2019,8,2019-10-27T16:25-04:00,14.0,13.428320073199526,16.118503495587746,2.4016927083333335,15.336455969778156,15.285943782754082
2019_08_OAK_HOU,2019,8,2019-10-27T16:25-04:00,3.0,9.072701839365305,5.7990432114157695,2.4016927083333335,5.318520191220834,5.278140560803518
2019_08_GB_KC,2019,8,2019-10-27T20:20-04:00,-7.0,5.230212035752055,1.5322787296843048,2.4016927083333335,1.8223349965358855,0.8289943602160639
2019_08_MIA_PIT,2019,8,2019-10-28T20:15-04:00,13.0,12.863298083611095,18.07899143117907,2.4016927083333335,17.42269840640325,17.368579694749748
2019_09_SF_ARI,2019,9,2019-10-31T20:20-04:00,-3.0,-7.891767582424539,-7.5730902076509645,2.4016927083333335,-7.444842499562885,-7.561992887666664
2019_09_HOU_JAX,2019,9,2019-11-03T09:30-05:00,-23.0,-2.5829031913106384,-5.965513077405431,2.4016927083333335,-5.612823160847529,-5.520136676517685
2019_09_CHI_PHI,2019,9,2019-11-03T13:00-05:00,8.0,2.8615635836124573,2.2972075205044766,2.4016927083333335,2.826988150104035,2.828058258120805
2019_09_IND_PIT,2019,9,2019-11-03T13:00-05:00,2.0,2.7533552954042384,4.5792365971620255,2.4016927083333335,4.09043321197134,4.037075398974566
2019_09_MIN_KC,2019,9,2019-11-03T13:00-05:00,3.0,1.3302020237279866,-0.14993322131494957,2.4016927083333335,0.002165311887578625,-0.19826093346540774
2019_09_NYJ_MIA,2019,9,2019-11-03T13:00-05:00,8.0,1.611808640375699,2.7341495787545753,2.4016927083333335,2.6145451902066292,2.652948351257428
2019_09_TEN_CAR,2019,9,2019-11-03T13:00-05:00,10.0,3.602527498096033,3.798077674608165,2.4016927083333335,4.470491894670011,4.591632132938221
2019_09_WAS_BUF,2019,9,2019-11-03T13:00-05:00,15.0,7.177790320821311,8.1962737702486,2.4016927083333335,8.221320897616335,8.378167391738884
2019_09_DET_OAK,2019,9,2019-11-03T16:05-05:00,7.0,-0.33125966766439374,1.1371247402585938,2.4016927083333335,1.2141534198349437,1.1841162020221312
2019_09_TB_SEA,2019,9,2019-11-03T16:05-05:00,6.0,5.212123970015182,9.550049079578272,2.4016927083333335,8.983698112375617,8.929844327489489
2019_09_CLE_DEN,2019,9,2019-11-03T16:25-05:00,5.0,2.2383671208849867,5.011485919971653,2.4016927083333335,4.148869496783973,4.110524915826527
2019_09_GB_LAC,2019,9,2019-11-03T16:25-05:00,15.0,0.2943324353523633,0.9713135684150691,2.4016927083333335,1.220917231356638,1.1686006638858621
2019_09_NE_BAL,2019,9,2019-11-03T20:20-05:00,17.0,-4.094034664766078,-3.7823766652032083,2.4016927083333335,-3.580838152807697,-3.515942902949723
2019_09_DAL_NYG,2019,9,2019-11-04T20:15-05:00,-19.0,-4.624468767133268,-6.785165576363644,2.4016927083333335,-6.207247305920677,-6.164393591443817
2019_10_LAC_OAK,2019,10,2019-11-07T20:20-05:00,2.0,-2.2650188083696934,-2.135985389967146,2.4016927083333335,-2.2698453822994065,-2.2860393402664503
2019_10_ARI_TB,2019,10,2019-11-10T13:00-05:00,3.0,6.052168137560918,4.941611838247171,2.4016927083333335,4.8292246037277735,4.827162641340559
2019_10_ATL_NO,2019,10,2019-11-10T13:00-05:00,-17.0,11.99494563429451,12.338842099446934,2.4016927083333335,11.898888940797828,11.892482015290105
2019_10_BAL_CIN,2019,10,2019-11-10T13:00-05:00,-36.0,-7.637526791185007,-7.917824446745981,2.4016927083333335,-8.416694470322613,-8.434515011670044
2019_10_BUF_CLE,2019,10,2019-11-10T13:00-05:00,3.0,1.9326849569102458,-0.619162263809087,2.4016927083333335,0.10328854910714202,0.10923926757253039
2019_10_DET_CHI,2019,10,2019-11-10T13:00-05:00,7.0,4.392301851136432,5.3663396228760885,2.4016927083333335,5.550147714122886,5.59478660022317
2019_10_KC_TEN,2019,10,2019-11-10T13:00-05:00,3.0,-2.499189747839866,-4.269950486281498,2.4016927083333335,-4.212439732442014,-4.263253940118336
2019_10_NYG_NYJ,2019,10,2019-11-10T13:00-05:00,7.0,-0.4172555600859251,-1.209480356875645,2.4016927083333335,-1.2341294041862985,-1.2298389904917033
2019_10_MIA_IND,2019,10,2019-11-10T16:05-05:00,-4.0,12.207835370848686,11.561764223430227,2.4016927083333335,11.260970784206679,11.264516590034495
2019_10_CAR_GB,2019,10,2019-11-10T16:25-05:00,8.0,3.3132012285000156,4.044945740278164,2.4016927083333335,3.442092100706321,3.4117365888457902
2019_10_LA_PIT,2019,10,2019-11-10T16:25-05:00,5.0,0.4359470951281095,1.8885244607747738,2.4016927083333335,1.641591952947815,1.597528072453835
2019_10_MIN_DAL,2019,10,2019-11-10T20:20-05:00,-4.0,1.4979175886000142,1.8551167511113569,2.4016927083333335,1.4450692675078567,1.4527433881659833
2019_10_SEA_SF,2019,10,2019-11-11T20:15-05:00,-3.0,5.775528932987033,3.6580715488973667,2.4016927083333335,3.693204301037456,3.8421037813706826
2019_11_PIT_CLE,2019,11,2019-11-14T20:20-05:00,14.0,-0.9863498727821356,-5.117568301511742,2.4016927083333335,-3.9430509934830207,-3.9194349612668695
2019_11_ATL_CAR,2019,11,2019-11-17T13:00-05:00,-26.0,6.295554837035761,4.366742844150703,2.4016927083333335,4.752407206959948,4.882932164679008
2019_11_BUF_MIA,2019,11,2019-11-17T13:00-05:00,-17.0,-3.3957716008381844,-4.019381034036627,2.4016927083333335,-3.888433014249992,-3.869010040551997
2019_11_DAL_DET,2019,11,2019-11-17T13:00-05:00,-8.0,-2.3575850772146634,-3.479741819405482,2.4016927083333335,-3.327858852314643,-3.43064764795089
2019_11_DEN_MIN,2019,11,2019-11-17T13:00-05:00,4.0,9.265738006828792,9.205505884204584,2.4016927083333335,9.528265656530005,9.453922330819116
2019_11_HOU_BAL,2019,11,2019-11-17T13:00-05:00,34.0,4.817206198675054,4.1216037370034275,2.4016927083333335,4.582650649440797,4.641462263433462
2019_11_JAX_IND,2019,11,2019-11-17T13:00-05:00,20.0,4.641104405839768,3.604562892846671,2.4016927083333335,3.5818453307612077,3.5766149473693964
2019_11_NO_TB,2019,11,2019-11-17T13:00-05:00,-17.0,-2.590621929601644,-4.263891637511714,2.4016927083333335,-3.744496433526005,-3.705190229245786
2019_11_NYJ_WAS,2019,11,2019-11-17T13:00-05:00,-17.0,3.3540292864983536,4.2625176768890345,2.4016927083333335,4.348343071401273,4.219873954794961
2019_11_ARI_SF,2019,11,2019-11-17T16:05-05:00,10.0,11.27092516476976,9.971452242872745,2.4016927083333335,9.505839606146699,9.606869814348546
2019_11_CIN_OAK,2019,11,2019-11-17T16:25-05:00,7.0,7.028244914752001,9.802770718951399,2.4016927083333335,9.99309367680528,9.986295962353003
2019_11_NE_PHI,2019,11,2019-11-17T16:25-05:00,-7.0,-3.766991337105056,-5.7880027586611575,2.4016927083333335,-4.855218719368895,-4.882237631737271
2019_11_CHI_LA,2019,11,2019-11-17T20:20-05:00,10.0,4.9283919640126275,3.052100957883049,2.4016927083333335,3.186621782792289,3.2282696978006706
2019_11_KC_LAC,2019,11,2019-11-18T20:15-05:00,-7.0,-2.03109475544845,-4.229792481782426,2.4016927083333335,-4.818415228869993,-4.810263971107489
2019_12_IND_HOU,2019,12,2019-11-21T20:20-05:00,3.0,3.289881615908853,4.835849169402968,2.4016927083333335,4.712064257822366,4.6326819274146285
2019_12_CAR_NO,2019,12,2019-11-24T13:00-05:00,3.0,7.7800941525386245,10.415562102804774,2.4016927083333335,9.377318201399433,9.196898525805834
2019_12_DEN_BUF,2019,12,2019-11-24T13:00-05:00,17.0,3.460041141530761,4.826345694252582,2.4016927083333335,4.9542232766620815,4.943363483471005
2019_12_DET_WAS,2019,12,2019-11-24T13:00-05:00,3.0,-4.094620543075839,-2.7157221185726748,2.4016927083333335,-2.5853481595305436,-2.5453032104306157
2019_12_MIA_CLE,2019,12,2019-11-24T13:00-05:00,17.0,10.13284718460769,9.273844060812166,2.4016927083333335,9.881370058087713,9.85698918728994
2019_12_NYG_CHI,2019,12,2019-11-24T13:00-05:00,5.0,8.970249693476973,9.33483542694763,2.4016927083333335,9.035669486537165,8.993392419894983
2019_12_OAK_NYJ,2019,12,2019-11-24T13:00-05:00,31.0,-1.1535956344544536,-3.590813811585469,2.4016927083333335,-3.350373274393943,-3.3433385359426744
2019_12_PIT_CIN,2019,12,2019-11-24T13:00-05:00,-6.0,-5.450670819746669,-7.397376562904377,2.4016927083333335,-7.23179678164324,-7.209347946272304
2019_12_SEA_PHI,2019,12,2019-11-24T13:00-05:00,-8.0,2.0874493405858607,-1.0280101714299297,2.4016927083333335,-0.20912478079442554,-0.14857655822437055
2019_12_TB_ATL,2019,12,2019-11-24T13:00-05:00,-13.0,3.6763796505870125,5.695321344006515,2.4016927083333335,5.770305498991589,5.778329380086457
2019_12_JAX_TEN,2019,12,2019-11-24T16:05-05:00,22.0,4.924794140013507,4.601670534137615,2.4016927083333335,4.551604775958168,4.533691001258202
2019_12_DAL_NE,2019,12,2019-11-24T16:25-05:00,4.0,6.948909048770403,6.038655530971901,2.4016927083333335,5.866176473998325,5.746092427303279
2019_12_GB_SF,2019,12,2019-11-24T20:20-05:00,29.0,4.173810683917337,2.2010595966918807,2.4016927083333335,1.6745317348362851,1.6177226638381077
2019_12_BAL_LA,2019,12,2019-11-25T20:15-05:00,-39.0,-1.300945790533118,-4.1755865892598605,2.4016927083333335,-4.172991629951135,-4.162838839542803
2019_13_CHI_DET,2019,13,2019-11-28T12:30-05:00,-4.0,-0.06059490369572984,-0.12963966284179318,2.4016927083333335,0.1977906922357643,0.0535497233187488
2019_13_BUF_DAL,2019,13,2019-11-28T16:30-05:00,-11.0,5.712848848577371,5.392422511153709,2.4016927083333335,5.362488580295599,5.321471019882598
2019_13_NO_ATL,2019,13,2019-11-28T20:20-05:00,-8.0,-4.467870401928014,-3.5505564449622162,2.4016927083333335,-3.094662671156408,-3.004588835033185
2019_13_CLE_PIT,2019,13,2019-12-01T13:00-05:00,7.0,3.2645606192293917,4.592521950833953,2.4016927083333335,3.169885190527648,3.195112878958686
2019_13_GB_NYG,2019,13,2019-12-01T13:00-05:00,-18.0,-3.849747785532001,-6.246432088607779,2.4016927083333335,-6.436863130170908,-6.524061181768193
2019_13_NYJ_CIN,2019,13,2019-12-01T13:00-05:00,16.0,0.0883877683962524,0.1308531837218393,2.4016927083333335,0.2494468752541582,0.30225080497982193
2019_13_PHI_MIA,2019,13,2019-12-01T13:00-05:00,6.0,-6.8990276178588275,-5.762773076087012,2.4016927083333335,-6.038015827668071,-6.069505553232102
2019_13_SF_BAL,2019,13,2019-12-01T13:00-05:00,3.0,6.139001456960713,7.943446545884002,2.4016927083333335,8.644419800051544,8.631986659861415
2019_13_TB_JAX,2019,13,2019-12-01T13:00-05:00,-17.0,-0.28242780011488566,0.3819816680756276,2.4016927083333335,0.6475459832071495,0.698761744190628
2019_13_TEN_IND,2019,13,2019-12-01T13:00-05:00,-14.0,3.2612452866444728,4.760846140321348,2.4016927083333335,4.29421269809505,4.369949093237125
2019_13_WAS_CAR,2019,13,2019-12-01T13:00-05:00,-8.0,9.908343928602152,8.513986421393335,2.4016927083333335,8.93568249498526,9.131073455360262
2019_13_LA_ARI,2019,13,2019-12-01T16:05-05:00,-27.0,-4.41834205648189,-2.010899612024234,2.4016927083333335,-2.0734834848742807,-2.1492982212048446
2019_13_LAC_DEN,2019,13,2019-12-01T16:25-05:00,3.0,-0.7384305918478073,-2.8951340953451967,2.4016927083333335,-2.7936681533857284,-2.8305912825679416
2019_13_OAK_KC,2019,13,2019-12-01T16:25-05:00,31.0,10.531147004510455,10.065194266994745,2.4016927083333335,10.546453576112146,10.586344365405957
2019_13_NE_HOU,2019,13,2019-12-01T20:20-05:00,6.0,-3.4542894556936368,-3.4335937910662997,2.4016927083333335,-3.1071761552381063,-3.1279163221274215
2019_13_MIN_SEA,2019,13,2019-12-02T20:15-05:00,7.0,0.3574171922202547,-0.10978832763319768,2.4016927083333335,-0.23787202834336885,-0.25569269035091924
2019_14_DAL_CHI,2019,14,2019-12-05T20:20-05:00,7.0,0.15230191454092168,-0.28007344019472225,2.4016927083333335,-0.9413404610130491,-0.9656448049100925
2019_14_BAL_BUF,2019,14,2019-12-08T13:00-05:00,-7.0,-4.115190631291438,-5.288302622785711,2.4016927083333335,-5.591441210733912,-5.635919848590445
2019_14_CAR_ATL,2019,14,2019-12-08T13:00-05:00,20.0,1.1734257025195782,3.334135159668153,2.4016927083333335,2.794937520114928,2.718033073573813
2019_14_CIN_CLE,2019,14,2019-12-08T13:00-05:00,8.0,8.2949807066272,7.952704619957354,2.4016927083333335,8.936279347027831,8.931828237558337
2019_14_DEN_HOU,2019,14,2019-12-08T13:00-05:00,-14.0,7.18485646942816,8.862316835288329,2.4016927083333335,9.099796377222296,9.086944796433034
2019_14_DET_MIN,2019,14,2019-12-08T13:00-05:00,13.0,9.54196410797142,9.343794563824984,2.4016927083333335,9.56866872253813,9.307772445755988
2019_14_IND_TB,2019,14,2019-12-08T13:00-05:00,3.0,2.0835188059486507,0.11276991438145156,2.4016927083333335,0.0955037763391291,0.0035168504610294526
2019_14_MIA_NYJ,2019,14,2019-12-08T13:00-05:00,1.0,4.145224772255314,2.3455359948281207,2.4016927083333335,1.3485201950234744,1.2797107210177199
2019_14_SF_NO,2019,14,2019-12-08T13:00-05:00,-2.0,1.261039973539221,3.687650765211564,2.4016927083333335,3.543026450843662,3.455967365041127
2019_14_WAS_GB,2019,14,2019-12-08T13:00-05:00,5.0,10.784201032826708,12.048130260710131,2.4016927083333335,12.388804249844211,12.552863666316473
2019_14_LAC_JAX,2019,14,2019-12-08T16:05-05:00,-35.0,-3.949418836989362,-4.8712562450169745,2.4016927083333335,-4.627486204880528,-4.583944986190426
2019_14_KC_NE,2019,14,2019-12-08T16:25-05:00,-7.0,4.486523667177347,3.3591413451425174,2.4016927083333335,2.6870674022266203,2.679907861519421
2019_14_PIT_ARI,2019,14,2019-12-08T16:25-05:00,-6.0,-4.855907886259865,-6.492972634143675,2.4016927083333335,-5.719772325093199,-5.756117368822746
2019_14_TEN_OAK,2019,14,2019-12-08T16:25-05:00,-21.0,-5.059401661502527,-1.7447174339823208,2.4016927083333335,-2.302748189808308,-2.297840150027778
2019_14_SEA_LA,2019,14,2019-12-08T20:20-05:00,16.0,2.94718346098142,0.2326013259382993,2.4016927083333335,0.21784721117167516,0.29170095853260536
2019_14_NYG_PHI,2019,14,2019-12-09T20:15-05:00,6.0,9.084410748555701,9.170110729400813,2.4016927083333335,9.579989555809341,9.63175215388469
2019_15_NYJ_BAL,2019,15,2019-12-12T20:20-05:00,21.0,17.67519424816438,18.097467738479246,2.4016927083333335,19.27162068083222,19.252878195735967
2019_15_CHI_GB,2019,15,2019-12-15T13:00-05:00,8.0,2.7934566460674204,4.060842089177729,2.4016927083333335,4.644910641912655,4.715476475114247
2019_15_DEN_KC,2019,15,2019-12-15T13:00-05:00,20.0,9.095968114628706,10.856269305084005,2.4016927083333335,11.314434823745174,11.413729096727229
2019_15_HOU_TEN,2019,15,2019-12-15T13:00-05:00,-3.0,4.273421902541625,1.6734233076914404,2.4016927083333335,1.6717158692277438,1.6510804232667886
2019_15_MIA_NYG,2019,15,2019-12-15T13:00-05:00,16.0,3.3752016748468323,1.8359356994017257,2.4016927083333335,1.3465162689531196,1.308830717143402
2019_15_NE_CIN,2019,15,2019-12-15T13:00-05:00,-21.0,-10.005894792340381,-10.090112498238064,2.4016927083333335,-9.568771229871997,-9.571977491180954
2019_15_PHI_WAS,2019,15,2019-12-15T13:00-05:00,-10.0,-3.2311802800765266,-3.679459414901096,2.4016927083333335,-3.934196496739475,-4.057375223828478
2019_15_SEA_CAR,2019,15,2019-12-15T13:00-05:00,-6.0,-2.998554498677928,-5.3499338524505955,2.4016927083333335,-5.159832969404914,-5.032273825095848
2019_15_TB_DET,2019,15,2019-12-15T13:00-05:00,-21.0,-0.17556547038874148,1.0542742756777719,2.4016927083333335,1.1489656762340343,1.00078645037964
2019_15_CLE_ARI,2019,15,2019-12-15T16:05-05:00,14.0,-3.594714715448352,-3.0118497035682155,2.4016927083333335,-3.2188039394004115,-3.2451977555687024
2019_15_JAX_OAK,2019,15,2019-12-15T16:05-05:00,-4.0,2.779539793611364,4.293244137298336,2.4016927083333335,3.9302343922332383,3.883121579855146
2019_15_MIN_LAC,2019,15,2019-12-15T16:05-05:00,-29.0,0.20551509595089223,0.827564721813528,2.4016927083333335,0.46935768411580864,0.5144511696460763
2019_15_ATL_SF,2019,15,2019-12-15T16:25-05:00,-7.0,10.069234793804,7.756900541602722,2.4016927083333335,7.587402260561362,7.587300260605529
2019_15_LA_DAL,2019,15,2019-12-15T16:25-05:00,23.0,0.163712974424568,1.668900322178775,2.4016927083333335,1.9544581425369714,1.9401659536962348
2019_15_BUF_PIT,2019,15,2019-12-15T20:20-05:00,-7.0,1.7894033909920002,3.291911521724889,2.4016927083333335,2.557112167621978,2.5761327584123594
2019_15_IND_NO,2019,15,2019-12-16T20:15-05:00,27.0,6.561561807278051,7.534310823400303,2.4016927083333335,7.455312268339778,7.321749375983364
2019_16_HOU_TB,2019,16,2019-12-21T13:00-05:00,-3.0,1.8566837736139963,-0.8465780932025848,2.4016927083333335,-1.159336186616466,-1.21140260988133
2019_16_BUF_NE,2019,16,2019-12-21T16:30-05:00,7.0,7.277110231076801,7.769486967244859,2.4016927083333335,6.7686668233986,6.778394004528304
2019_16_LA_SF,2019,16,2019-12-21T20:15-05:00,3.0,3.882793590898207,5.062999257757703,2.4016927083333335,4.814919238932584,4.799650471763851
2019_16_BAL_CLE,2019,16,2019-12-22T13:00-05:00,-16.0,-8.260279668524554,-9.8326358232929,2.4016927083333335,-9.777255925343912,-9.835762404192625
2019_16_CAR_IND,2019,16,2019-12-22T13:00-05:00,32.0,4.502077223775085,5.376383654212065,2.4016927083333335,4.885747270908643,4.849354921212261
2019_16_CIN_MIA,2019,16,2019-12-22T13:00-05:00,3.0,0.9711119457179649,2.9491466769560826,2.4016927083333335,3.0354194170426982,3.0068099569035995
2019_16_JAX_ATL,2019,16,2019-12-22T13:00-05:00,12.0,8.629978895575311,9.631176449784038,2.4016927083333335,9.70398515810843,9.662610200933443
2019_16_NO_TEN,2019,16,2019-12-22T13:00-05:00,-10.0,-0.5148459786753126,-0.2888890717718442,2.4016927083333335,-0.00612452454659862,0.1198595063919552
2019_16_NYG_WAS,2019,16,2019-12-22T13:00-05:00,-6.0,1.4360475028150708,1.4268091830022742,2.4016927083333335,1.5661616237850566,1.4310404347704124
2019_16_PIT_NYJ,2019,16,2019-12-22T13:00-05:00,6.0,-4.506840779621928,-5.885663310678668,2.4016927083333335,-6.040203778300674,-6.090140592602102
2019_16_DET_DEN,2019,16,2019-12-22T16:05-05:00,10.0,5.770716193253116,5.304152246935561,2.4016927083333335,5.497834082870934,5.447426606986898
2019_16_OAK_LAC,2019,16,2019-12-22T16:05-05:00,-7.0,10.67834452789885,9.437432250381056,2.4016927083333335,9.845480864387696,9.884247564168199
2019_16_ARI_SEA,2019,16,2019-12-22T16:25-05:00,-14.0,9.983509072545116,11.389389429361142,2.4016927083333335,10.935051906201107,10.892002061187066
2019_16_DAL_PHI,2019,16,2019-12-22T16:25-05:00,8.0,-1.2048158454047107,-1.102832384378292,2.4016927083333335,-1.4052507605125009,-1.3740939437040245
2019_16_KC_CHI,2019,16,2019-12-22T20:20-05:00,-23.0,-3.968344125779515,-3.887240596331866,2.4016927083333335,-4.600853708085165,-4.641949624089467
2019_16_GB_MIN,2019,16,2019-12-23T20:15-05:00,-13.0,6.952286377710399,7.392508578635978,2.4016927083333335,7.438431062810811,7.321145174405194
2019_17_ATL_TB,2019,17,2019-12-29T13:00-05:00,-6.0,3.60335247370244,-0.8321429561364875,2.4016927083333335,-0.9981110131277069,-1.0132257069081283
2019_17_CHI_MIN,2019,17,2019-12-29T13:00-05:00,-2.0,7.957677239105962,8.902370325878637,2.4016927083333335,9.382317006828057,9.36706268300455
2019_17_CLE_CIN,2019,17,2019-12-29T13:00-05:00,10.0,-2.3273754667594595,-2.101010366047322,2.4016927083333335,-2.71453581327423,-2.7169042768320293
2019_17_GB_DET,2019,17,2019-12-29T13:00-05:00,-3.0,-5.422000877899605,-4.7805557928375,2.4016927083333335,-4.995894253263064,-5.071767238502429
2019_17_LAC_KC,2019,17,2019-12-29T13:00-05:00,10.0,11.489354533119867,11.209318344574305,2.4016927083333335,11.772739302141625,11.815316594578498
2019_17_MIA_NE,2019,17,2019-12-29T13:00-05:00,-3.0,18.010948756369448,16.843916422272734,2.4016927083333335,16.452258660965146,16.485276297924035
2019_17_NO_CAR,2019,17,2019-12-29T13:00-05:00,-32.0,-8.775025582652486,-10.416326540850775,2.4016927083333335,-10.005434368098703,-9.937256289956908
2019_17_NYJ_BUF,2019,17,2019-12-29T13:00-05:00,-7.0,10.768618106137843,11.455581542251345,2.4016927083333335,12.24090004516355,12.25490509292408
2019_17_ARI_LA,2019,17,2019-12-29T16:25-05:00,7.0,9.229716121097534,7.773745431632058,2.4016927083333335,7.573336241206496,7.620121568866284
2019_17_IND_JAX,2019,17,2019-12-29T16:25-05:00,18.0,-4.382094832906151,-4.785870276799605,2.4016927083333335,-4.612723102624583,-4.652231364034
2019_17_OAK_DEN,2019,17,2019-12-29T16:25-05:00,1.0,7.674196579338969,5.670695827979914,2.4016927083333335,6.023282402694927,5.982461976173246
2019_17_PHI_NYG,2019,17,2019-12-29T16:25-05:00,-17.0,-3.3152083665743417,-3.850888790869062,2.4016927083333335,-3.955549678924021,-3.9695976355669664
2019_17_PIT_BAL,2019,17,2019-12-29T16:25-05:00,18.0,12.535566414650097,12.670877443115751,2.4016927083333335,13.213265968447505,13.250785523355002
2019_17_TEN_HOU,2019,17,2019-12-29T16:25-05:00,-21.0,2.89322921746002,2.644000067483123,2.4016927083333335,2.757999536492864,2.6942079803523558
2019_17_WAS_DAL,2019,17,2019-12-29T16:25-05:00,31.0,12.818661457775535,12.66465683570426,2.4016927083333335,12.989627355141405,13.128227554723164
2019_17_SF_SEA,2019,17,2019-12-29T20:20-05:00,-5.0,-0.9965816008158934,0.6965165271958976,2.4016927083333335,0.6913834590785752,0.5955657554872897
2020_01_HOU_KC,2020,1,2020-09-10T20:20-04:00,14.0,6.317414355737133,9.39180952179789,2.0385044642857144,9.32203287232187,9.287511169631657
2020_01_CHI_DET,2020,1,2020-09-13T13:00-04:00,-4.0,0.25552860653102094,-1.645693040671788,2.0385044642857144,-1.6222085935252362,-1.5003484574854968
2020_01_CLE_BAL,2020,1,2020-09-13T13:00-04:00,32.0,9.127811698577037,14.627580493312223,2.0385044642857144,14.483849473697173,14.52244202347643
2020_01_GB_MIN,2020,1,2020-09-13T13:00-04:00,-9.0,2.947133846981681,1.4691465887412942,2.0385044642857144,2.036656866643792,1.8856771424234116
2020_01_IND_JAX,2020,1,2020-09-13T13:00-04:00,7.0,0.5589525835469247,-4.993462563691502,2.0385044642857144,-4.5640516870376775,-4.621841965551557
2020_01_LV_CAR,2020,1,2020-09-13T13:00-04:00,-4.0,2.019108309343359,1.0854451489161754,2.0385044642857144,1.663644533591647,1.6811662085696408
2020_01_MIA_NE,2020,1,2020-09-13T13:00-04:00,10.0,8.755474378184724,8.681741524959094,2.0385044642857144,8.275148362281328,8.40170860335274
2020_01_NYJ_BUF,2020,1,2020-09-13T13:00-04:00,10.0,5.3016626951085835,3.571426659768664,2.0385044642857144,4.137382997327439,4.202682387201565
2020_01_PHI_WAS,2020,1,2020-09-13T13:00-04:00,10.0,-2.6922638761776456,-3.7777398228385666,2.0385044642857144,-3.4431888188093565,-3.5503765448870563
2020_01_SEA_ATL,2020,1,2020-09-13T13:00-04:00,-13.0,2.4136004718491004,-0.38993261009611513,2.0385044642857144,-0.40492667388773773,-0.2529585799951928
2020_01_LAC_CIN,2020,1,2020-09-13T16:05-04:00,-3.0,-0.3310223243559043,-3.660018112124315,2.0385044642857144,-3.7866331609364687,-3.7590578873906493
2020_01_ARI_SF,2020,1,2020-09-13T16:25-04:00,-4.0,6.55655917210875,7.6324171006240045,2.0385044642857144,7.333966102101671,7.366480166627749
2020_01_TB_NO,2020,1,2020-09-13T16:25-04:00,11.0,6.31823004618489,7.667963436999557,2.0385044642857144,7.6916994897689115,7.515043714310781
2020_01_DAL_LA,2020,1,2020-09-13T20:20-04:00,3.0,1.7810143167745003,2.6169218468980366,2.0385044642857144,3.304088207438889,3.4454054537090046
2020_01_PIT_NYG,2020,1,2020-09-14T19:15-04:00,-10.0,-0.18983504392042994,-3.444068652523595,2.0385044642857144,-3.7782213502803446,-3.71200617092061
2020_01_TEN_DEN,2020,1,2020-09-14T22:10-04:00,-2.0,0.14872198648646728,-0.37446322972274526,2.0385044642857144,-0.7455523776152311,-1.038545421305789
2020_02_CIN_CLE,2020,2,2020-09-17T20:20-04:00,5.0,2.689307899046078,0.8399213699877128,2.0385044642857144,1.6879854677721626,1.589924502015883
2020_02_ATL_DAL,2020,2,2020-09-20T13:00-04:00,1.0,5.559598680227625,3.6771159141465186,2.0385044642857144,3.210092414700287,3.0880156223592987
2020_02_BUF_MIA,2020,2,2020-09-20T13:00-04:00,-3.0,-1.9170940704999158,-2.5542581088938037,2.0385044642857144,-2.557938882426755,-2.5813053138248856
2020_02_CAR_TB,2020,2,2020-09-20T13:00-04:00,14.0,5.919583121805971,6.030706117210334,2.0385044642857144,5.457725059022877,5.479781034353685
2020_02_DEN_PIT,2020,2,2020-09-20T13:00-04:00,5.0,3.7375560434647968,3.2836266871984767,2.0385044642857144,3.578299093093462,3.8823026086062122
2020_02_DET_GB,2020,2,2020-09-20T13:00-04:00,21.0,7.494550057120785,8.644151365233474,2.0385044642857144,8.636063236370575,8.709467563065768
2020_02_JAX_TEN,2020,2,2020-09-20T13:00-04:00,3.0,6.536787647707273,5.473508978801756,2.0385044642857144,5.427324438694834,5.384515692508669
2020_02_LA_PHI,2020,2,2020-09-20T13:00-04:00,-18.0,0.8449747228933062,-0.3768230030844345,2.0385044642857144,-1.2520957721063473,-1.2881586932144917
2020_02_MIN_IND,2020,2,2020-09-20T13:00-04:00,17.0,0.23153261469859965,0.7897996935325765,2.0385044642857144,0.03618529205744858,0.11734193938471615
2020_02_NYG_CHI,2020,2,2020-09-20T13:00-04:00,4.0,6.537146954326731,9.015568709530204,2.0385044642857144,8.756791762321932,8.763663775304533
2020_02_SF_NYJ,2020,2,2020-09-20T13:00-04:00,-18.0,-1.6195411455346518,-3.929610784937051,2.0385044642857144,-3.672771912600017,-3.6437582458342863
2020_02_WAS_ARI,2020,2,2020-09-20T16:05-04:00,15.0,4.946138232057485,5.553177583641691,2.0385044642857144,5.627389170817057,5.807865302455569
2020_02_BAL_HOU,2020,2,2020-09-20T16:25-04:00,-17.0,-4.296556550074808,-6.21401096202564,2.0385044642857144,-5.776496229722584,-5.684811578272727
2020_02_KC_LAC,2020,2,2020-09-20T16:25-04:00,-3.0,-2.2589962742223513,-5.2716036333798275,2.0385044642857144,-5.467017986854174,-5.459634455946674
2020_02_NE_SEA,2020,2,2020-09-20T20:20-04:00,5.0,0.987283496685341,0.9178008699232094,2.0385044642857144,1.2698338392834891,1.1656058268662866
2020_02_NO_LV,2020,2,2020-09-21T20:15-04:00,10.0,-4.0563207240049834,-4.847179441133316,2.0385044642857144,-5.108276696198714,-4.903144770263182
2020_03_MIA_JAX,2020,3,2020-09-24T20:20-04:00,-18.0,4.088705980743958,3.7704330505392605,2.0385044642857144,3.2643348728191155,3.2901216124718053
2020_03_CHI_ATL,2020,3,2020-09-27T13:00-04:00,-4.0,1.8444795326723291,1.3132711312022982,2.0385044642857144,1.663080477761639,1.7168842628873189
2020_03_CIN_PHI,2020,3,2020-09-27T13:00-04:00,0.0,4.441641395911711,4.004698516782852,2.0385044642857144,3.9600102871796743,4.053510753164696
2020_03_HOU_PIT,2020,3,2020-09-27T13:00-04:00,7.0,4.152144751039014,3.638141973907964,2.0385044642857144,2.925727880853063,2.823689563794149
2020_03_LA_BUF,2020,3,2020-09-27T13:00-04:00,3.0,0.5304809422953831,-1.4619771966658928,2.0385044642857144,-1.467215491102282,-1.4835042781106842
2020_03_LV_NE,2020,3,2020-09-27T13:00-04:00,16.0,6.455491404765691,5.841540845773922,2.0385044642857144,5.8393874045372804,5.809088034783486
2020_03_SF_NYG,2020,3,2020-09-27T13:00-04:00,-27.0,-3.88684376289606,-4.0192606555493136,2.0385044642857144,-3.7149577188015996,-3.2161086499953333
2020_03_TEN_MIN,2020,3,2020-09-27T13:00-04:00,-1.0,0.714194061259682,-1.4640534086128305,2.0385044642857144,-1.2658736794622523,-1.2137651130537315
2020_03_WAS_CLE,2020,3,2020-09-27T13:00-04:00,14.0,3.723361141407144,4.523365913231009,2.0385044642857144,5.005837263521098,5.156802241239133
2020_03_CAR_LAC,2020,3,2020-09-27T16:05-04:00,-5.0,6.751818973585724,7.317586663931414,2.0385044642857144,6.79830085161057,6.963801151249549
2020_03_NYJ_IND,2020,3,2020-09-27T16:05-04:00,29.0,6.292607954763406,8.427032448741905,2.0385044642857144,8.012514409103817,8.1236668428581
2020_03_DAL_SEA,2020,3,2020-09-27T16:25-04:00,7.0,2.481764557466311,5.1310765368375275,2.0385044642857144,5.827106620279927,5.827080273500125
2020_03_DET_ARI,2020,3,2020-09-27T16:25-04:00,-3.0,5.988122182526756,4.427176990696742,2.0385044642857144,4.414459077946139,4.376487398034441
2020_03_TB_DEN,2020,3,2020-09-27T16:25-04:00,-18.0,1.237406526679306,2.4685692257659886,2.0385044642857144,2.9455003846873633,2.921769375237546
2020_03_GB_NO,2020,3,2020-09-27T20:20-04:00,-7.0,2.2901490668255287,4.140746906010516,2.0385044642857144,3.962679465929097,3.6900122510944158
2020_03_KC_BAL,2020,3,2020-09-28T20:15-04:00,-14.0,5.223937327009311,3.631549025055235,2.0385044642857144,3.33514907644599,3.355702741238421
2020_04_DEN_NYJ,2020,4,2020-10-01T20:20-04:00,-9.0,-0.3857951468603691,0.4697847592821669,2.0385044642857144,0.44301104326121193,0.10128828790134087
2020_04_ARI_CAR,2020,4,2020-10-04T13:00-04:00,10.0,-0.11399585306743187,-0.010647617165882695,2.0385044642857144,0.44447115851434743,0.3724820314650986
2020_04_BAL_WAS,2020,4,2020-10-04T13:00-04:00,-14.0,-8.459581806025792,-13.357141542470217,2.0385044642857144,-13.273769769042232,-13.441047940240729
2020_04_CLE_DAL,2020,4,2020-10-04T13:00-04:00,-11.0,6.058680420186349,5.002221705738872,2.0385044642857144,4.100205444004195,4.049625989113269
2020_04_JAX_CIN,2020,4,2020-10-04T13:00-04:00,8.0,2.8700532601265656,1.104052999734522,2.0385044642857144,0.9868828748785847,0.8891660355233602
2020_04_LAC_TB,2020,4,2020-10-04T13:00-04:00,7.0,5.20401859246923,3.864638847964679,2.0385044642857144,3.8213923882477294,3.864810145998393
2020_04_MIN_HOU,2020,4,2020-10-04T13:00-04:00,-8.0,1.472548700920186,1.2890095639503758,2.0385044642857144,1.9082559704849846,2.051351620871205
2020_04_NO_DET,2020,4,2020-10-04T13:00-04:00,-6.0,-2.939646271676774,-5.0301627400850855,2.0385044642857144,-4.679819891448501,-4.444111981659437
2020_04_SEA_MIA,2020,4,2020-10-04T13:00-04:00,-8.0,-1.6504760587934886,-1.386061913311704,2.0385044642857144,-1.1427464764335158,-1.0513480459955558
2020_04_NYG_LA,2020,4,2020-10-04T16:05-04:00,8.0,10.41070456720808,12.495077266944566,2.0385044642857144,12.715458845578526,12.733709595492392
2020_04_BUF_LV,2020,4,2020-10-04T16:25-04:00,-7.0,-0.7136560102401166,0.05369307160240577,2.0385044642857144,-0.5319128572852347,-0.462111244288243
2020_04_IND_CHI,2020,4,2020-10-04T16:25-04:00,-8.0,1.492069132173134,-0.7332488720162867,2.0385044642857144,-0.7091027832483019,-0.7703928200938078
2020_04_PHI_SF,2020,4,2020-10-04T20:20-04:00,-5.0,8.605819856594202,9.069940775976619,2.0385044642857144,9.321888711761748,8.681383461689753
2020_04_NE_KC,2020,4,2020-10-05T19:05-04:00,16.0,5.348418299569086,6.440413391735074,2.0385044642857144,7.1555597485449365,7.113182778290081
2020_04_ATL_GB,2020,4,2020-10-05T21:00-04:00,14.0,7.605561752252608,5.869303461920281,2.0385044642857144,5.711641575819569,5.74552479038453
2020_05_TB_CHI,2020,5,2020-10-08T20:20-04:00,1.0,0.4040736972757881,1.5759157408703754,2.0385044642857144,1.8328647624760968,1.8251789306034891
2020_05_ARI_NYJ,2020,5,2020-10-11T13:00-04:00,-20.0,-1.842446407238711,-1.8082725850645516,2.0385044642857144,-1.6107148439620522,-1.635528548230638
2020_05_CAR_ATL,2020,5,2020-10-11T13:00-04:00,-7.0,3.673417252981044,4.945532281217624,2.0385044642857144,4.694637955284935,4.766738079307263
2020_05_CIN_BAL,2020,5,2020-10-11T13:00-04:00,24.0,11.699046718777529,10.567289269897664,2.0385044642857144,10.851664026502746,10.97215042715816
2020_05_JAX_HOU,2020,5,2020-10-11T13:00-04:00,16.0,4.238752561058067,2.362760054184565,2.0385044642857144,3.1193784422343187,3.276059394119735
2020_05_LA_WAS,2020,5,2020-10-11T13:00-04:00,-20.0,-5.431124815744456,-8.824071747957914,2.0385044642857144,-8.970750406367827,-9.110548346671708
2020_05_LV_KC,2020,5,2020-10-11T13:00-04:00,-8.0,12.005930420384232,13.010384408528369,2.0385044642857144,13.459132394239191,13.399826135838467
2020_05_PHI_PIT,2020,5,2020-10-11T13:00-04:00,9.0,3.977885810623651,5.429833753908521,2.0385044642857144,5.412565945533771,5.450797762851689
2020_05_MIA_SF,2020,5,2020-10-11T16:05-04:00,-26.0,8.295752090335602,8.047583302640943,2.0385044642857144,7.58943855666667,7.62179450461489
2020_05_IND_CLE,2020,5,2020-10-11T16:25-04:00,9.0,-0.556180653686865,-2.6227608370293356,2.0385044642857144,-1.9659450080053755,-2.0196572476195396
2020_05_NYG_DAL,2020,5,2020-10-11T16:25-04:00,3.0,7.577641789798923,6.527767342218809,2.0385044642857144,5.961951363831774,5.870695733219398
2020_05_MIN_SEA,2020,5,2020-10-11T20:20-04:00,1.0,4.735644213854616,5.2742362695713005,2.0385044642857144,5.462611133893898,5.347321191905443
2020_05_LAC_NO,2020,5,2020-10-12T20:15-04:00,3.0,6.288917277237648,8.214321565637919,2.0385044642857144,8.160645917853254,7.909601882888547
2020_05_BUF_TEN,2020,5,2020-10-13T19:00-04:00,26.0,2.4873203474048498,3.735908246072593,2.0385044642857144,3.513039194102504,3.585904767832456
2020_06_ATL_MIN,2020,6,2020-10-18T13:00-04:00,-17.0,5.435459619129843,3.6327555992584126,2.0385044642857144,3.7411122910927284,3.690655986459758
2020_06_BAL_PHI,2020,6,2020-10-18T13:00-04:00,-2.0,-6.087191108793428,-8.377623749603366,2.0385044642857144,-8.118654454307027,-8.134030725481434
2020_06_CHI_CAR,2020,6,2020-10-18T13:00-04:00,-7.0,0.782524487391629,-0.40963975881575565,2.0385044642857144,-0.3596763226028675,-0.39840222133596814
2020_06_CIN_IND,2020,6,2020-10-18T13:00-04:00,4.0,7.630230150665756,9.507163899981185,2.0385044642857144,9.492242021139466,9.611953357267284
2020_06_CLE_PIT,2020,6,2020-10-18T13:00-04:00,31.0,3.680724946165654,5.759186658536751,2.0385044642857144,5.143471048363278,5.133266889699839
2020_06_DEN_NE,2020,6,2020-10-18T13:00-04:00,-6.0,6.8441621244001105,9.056601573305253,2.0385044642857144,8.801986107526819,8.911169834082544
2020_06_DET_JAX,2020,6,2020-10-18T13:00-04:00,-18.0,0.9730017595862686,0.1938475670708762,2.0385044642857144,-0.3860850786833947,-0.4779424727734549
2020_06_HOU_TEN,2020,6,2020-10-18T13:00-04:00,6.0,6.8987339416574525,9.509701222274233,2.0385044642857144,9.39584299732852,9.23047014966565
2020_06_WAS_NYG,2020,6,2020-10-18T13:00-04:00,1.0,4.318014706671672,4.096217883940447,2.0385044642857144,4.1244857285621,4.246455393313678
2020_06_NYJ_MIA,2020,6,2020-10-18T16:05-04:00,24.0,8.768303277566854,8.194958031186115,2.0385044642857144,8.675546971330338,8.645186674476111
2020_06_GB_TB,2020,6,2020-10-18T16:25-04:00,28.0,-0.21362557849823194,-1.6398875276689946,2.0385044642857144,-1.9189291145845349,-2.0111996240398264
2020_06_LA_SF,2020,6,2020-10-18T20:20-04:00,8.0,0.5438399101648548,-0.4924380244046157,2.0385044642857144,-0.9580551779951727,-0.9329148171641738
2020_06_KC_BUF,2020,6,2020-10-19T17:00-04:00,-9.0,-2.849322811680133,-5.29591149008947,2.0385044642857144,-5.134251012659766,-5.168384034725685
2020_06_ARI_DAL,2020,6,2020-10-19T20:15-04:00,-28.0,2.546690146202668,2.1593194437132457,2.0385044642857144,1.9474253409620825,1.8201439877594672
2020_07_NYG_PHI,2020,7,2020-10-22T20:20-04:00,1.0,6.456066290727556,4.153239953530761,2.0385044642857144,4.275114648133113,4.343118932968514
2020_07_BUF_NYJ,2020,7,2020-10-25T13:00-04:00,-8.0,-5.661813726700606,-4.600939578406112,2.0385044642857144,-5.153427145813387,-5.112861166484304
2020_07_CAR_NO,2020,7,2020-10-25T13:00-04:00,3.0,7.421229357028618,10.454226687747253,2.0385044642857144,9.926327076321591,9.848112214632906
2020_07_CLE_CIN,2020,7,2020-10-25T13:00-04:00,-3.0,0.7647906662680106,1.4323628094569627,2.0385044642857144,0.7237535681041762,0.3877952185681911
2020_07_DAL_WAS,2020,7,2020-10-25T13:00-04:00,22.0,-1.9601591250003816,-1.938154110374682,2.0385044642857144,-1.8050025186761234,-1.8242188941659092
2020_07_DET_ATL,2020,7,2020-10-25T13:00-04:00,-1.0,3.4639200477231054,2.347308392937609,2.0385044642857144,2.1482879229331173,2.1034284004994754
2020_07_GB_HOU,2020,7,2020-10-25T13:00-04:00,-15.0,-1.7087824809704362,-1.1108680792537227,2.0385044642857144,-0.8573916345944426,-0.8547441369428297
2020_07_PIT_TEN,2020,7,2020-10-25T13:00-04:00,-3.0,3.0469996987983867,3.2691210069761105,2.0385044642857144,3.6587352607098445,3.6098029250594452
2020_07_TB_LV,2020,7,2020-10-25T16:05-04:00,-25.0,-1.8077559625480086,-1.4819438580940625,2.0385044642857144,-1.0940278649767412,-0.9513356580436161
2020_07_JAX_LAC,2020,7,2020-10-25T16:25-04:00,10.0,7.806424221863135,7.872993433617008,2.0385044642857144,8.126947575145952,8.242206753195077
2020_07_KC_DEN,2020,7,2020-10-25T16:25-04:00,-27.0,-4.2883063088278135,-8.142523646736876,2.0385044642857144,-7.880018867693905,-7.818778364976193
2020_07_SF_NE,2020,7,2020-10-25T16:25-04:00,-27.0,1.7973249847184192,1.15365856345865,2.0385044642857144,1.2566578216411934,1.2863878475818673
2020_07_SEA_ARI,2020,7,2020-10-25T20:20-04:00,3.0,1.4750448346506806,-1.1246617041702252,2.0385044642857144,-1.420304047157569,-1.345946294930831
2020_07_CHI_LA,2020,7,2020-10-26T20:15-04:00,14.0,5.251965856275154,5.056218086946586,2.0385044642857144,5.147257641331264,5.1543535669844065
2020_08_ATL_CAR,2020,8,2020-10-29T20:20-04:00,-8.0,1.51029220376812,-0.2278551266731762,2.0385044642857144,0.4148467876617139,0.36377880491470915
2020_08_IND_DET,2020,8,2020-11-01T13:00-05:00,-20.0,-0.17226284634042965,-2.449992808059134,2.0385044642857144,-2.3452166140475987,-2.4070652430687005
2020_08_LA_MIA,2020,8,2020-11-01T13:00-05:00,11.0,-1.206425480029989,-1.6443461007489883,2.0385044642857144,-1.5853533400324675,-1.5671101525236062
2020_08_LV_CLE,2020,8,2020-11-01T13:00-05:00,-10.0,3.6311575654906996,1.4158897015227905,2.0385044642857144,1.7706803691979538,1.971629198593425
2020_08_MIN_GB,2020,8,2020-11-01T13:00-05:00,-6.0,7.42661547818567,6.495729310142672,2.0385044642857144,6.655773109962221,6.684815007671859
2020_08_NE_BUF,2020,8,2020-11-01T13:00-05:00,3.0,2.274208083657062,3.6411631951920977,2.0385044642857144,3.956984891132223,3.876267447435336
2020_08_NYJ_KC,2020,8,2020-11-01T13:00-05:00,26.0,18.60910208712617,19.445912354608822,2.0385044642857144,19.837125429449703,19.82429547584038
2020_08_PIT_BAL,2020,8,2020-11-01T13:00-05:00,-4.0,6.595923859193939,4.5302947280747095,2.0385044642857144,4.7111227274699505,4.805611806414357
2020_08_TEN_CIN,2020,8,2020-11-01T13:00-05:00,11.0,-3.7917683012562513,-7.518003282970095,2.0385044642857144,-7.993648339693153,-7.947426319690562
2020_08_LAC_DEN,2020,8,2020-11-01T16:05-05:00,1.0,0.8887032898738392,-2.2244011883970183,2.0385044642857144,-1.3745561841770884,-1.246494456959253
2020_08_NO_CHI,2020,8,2020-11-01T16:25-05:00,-3.0,0.13911446968628027,-3.612964082984762,2.0385044642857144,-3.277150351326825,-3.134013809303977
2020_08_SF_SEA,2020,8,2020-11-01T16:25-05:00,10.0,0.8533955994609315,0.3529046913688826,2.0385044642857144,0.5259863712016165,0.4085164478173162
2020_08_DAL_PHI,2020,8,2020-11-01T20:20-05:00,14.0,4.407014694593528,4.145004391055571,2.0385044642857144,4.576594195925157,4.72075204440146
2020_08_TB_NYG,2020,8,2020-11-02T20:15-05:00,-2.0,-6.749757675655342,-7.91382777849338,2.0385044642857144,-7.34590140072282,-7.269661136379549
2020_09_GB_SF,2020,9,2020-11-05T20:20-05:00,-17.0,2.601915697552119,0.4959269094244645,2.0385044642857144,0.5079884056309298,-0.21345763820442798
2020_09_BAL_IND,2020,9,2020-11-08T13:00-05:00,-14.0,-1.097912912471556,1.5398460772315723,2.0385044642857144,1.0954194468123126,0.9774663333629763
2020_09_CAR_KC,2020,9,2020-11-08T13:00-05:00,2.0,13.403174510409535,15.563035075978185,2.0385044642857144,15.563915849024198,15.596319635423324
2020_09_CHI_TEN,2020,9,2020-11-08T13:00-05:00,7.0,4.520243514699575,5.935455375068878,2.0385044642857144,6.167258971669506,6.132780772754471
2020_09_DEN_ATL,2020,9,2020-11-08T13:00-05:00,7.0,4.347353515421451,4.718816493867501,2.0385044642857144,3.9507044044542,3.962979937552177
2020_09_DET_MIN,2020,9,2020-11-08T13:00-05:00,14.0,5.558662110662109,6.227241940139569,2.0385044642857144,6.0137704595156665,5.949515284931191
2020_09_HOU_JAX,2020,9,2020-11-08T13:00-05:00,-2.0,-1.6609967239256846,-1.4727371247615717,2.0385044642857144,-2.179241303578091,-2.2463869788701762
2020_09_NYG_WAS,2020,9,2020-11-08T13:00-05:00,-3.0,1.9142507018503618,0.8736558868923657,2.0385044642857144,0.24854368689867568,0.16474306661169003
2020_09_SEA_BUF,2020,9,2020-11-08T13:00-05:00,10.0,-0.4134234674001602,-2.0890728427147582,2.0385044642857144,-1.964985539828438,-1.8875942748258092
2020_09_LV_LAC,2020,9,2020-11-08T16:05-05:00,-5.0,3.2595375401353035,2.626951256163921,2.0385044642857144,2.232072608741708,2.125490063719671
2020_09_MIA_ARI,2020,9,2020-11-08T16:25-05:00,-3.0,2.8542886408025128,2.593731615882715,2.0385044642857144,2.1246344968769435,2.234802885453775
2020_09_PIT_DAL,2020,9,2020-11-08T16:25-05:00,-5.0,-5.208576437023601,-5.861738856122236,2.0385044642857144,-5.998156132220365,-6.06770799584259
2020_09_NO_TB,2020,9,2020-11-08T20:20-05:00,-35.0,4.62639964032623,0.8795935913018396,2.0385044642857144,0.6250343276567523,0.7093362015766771
2020_09_NE_NYJ,2020,9,2020-11-09T20:15-05:00,-3.0,-6.738216533778269,-4.756362903191593,2.0385044642857144,-5.0898573086999965,-5.161992481983081
2020_10_IND_TEN,2020,10,2020-11-12T20:20-05:00,-17.0,2.480888732063737,1.3469568215413474,2.0385044642857144,1.6630239645963552,1.5809204755840627
2020_10_HOU_CLE,2020,10,2020-11-15T13:00-05:00,3.0,2.2676377562247363,2.341558048387411,2.0385044642857144,2.7281816547517983,3.001053051832157
2020_10_JAX_GB,2020,10,2020-11-15T13:00-05:00,4.0,13.352034594908613,13.893041176154785,2.0385044642857144,14.51910600548361,14.885199416475963
2020_10_PHI_NYG,2020,10,2020-11-15T13:00-05:00,10.0,-0.63232961671098,0.1683552742847263,2.0385044642857144,0.5330912040264517,0.4214929253291334
2020_10_TB_CAR,2020,10,2020-11-15T13:00-05:00,-23.0,-2.4779120060289195,-2.6320352798868103,2.0385044642857144,-2.1265725368836197,-2.1737242068485214
2020_10_WAS_DET,2020,10,2020-11-15T13:00-05:00,3.0,3.9469290735108613,5.297250250511041,2.0385044642857144,5.573780524970108,5.741288448617633
2020_10_BUF_ARI,2020,10,2020-11-15T16:05-05:00,2.0,2.711137838697608,1.0841519349135025,2.0385044642857144,0.7468738635528307,0.7255198142984991
2020_10_DEN_LV,2020,10,2020-11-15T16:05-05:00,25.0,4.153478465325472,5.326564474393136,2.0385044642857144,5.3382521327311565,5.425333140025161
2020_10_LAC_MIA,2020,10,2020-11-15T16:05-05:00,8.0,5.2786953958368095,3.7530159467449278,2.0385044642857144,4.459906858618554,4.585579207593545
2020_10_CIN_PIT,2020,10,2020-11-15T16:25-05:00,26.0,8.82148699134618,9.157339977082273,2.0385044642857144,9.214441616238974,9.247849870811212
2020_10_SEA_LA,2020,10,2020-11-15T16:25-05:00,7.0,3.3199725566906384,3.973410551147243,2.0385044642857144,3.884296560989782,4.019670630552131
2020_10_SF_NO,2020,10,2020-11-15T16:25-05:00,14.0,4.682125782202386,5.231050591919255,2.0385044642857144,5.38131939604291,5.142189492338478
2020_10_BAL_NE,2020,10,2020-11-15T20:20-05:00,6.0,-4.990272217753748,-4.007917805806684,2.0385044642857144,-3.900997037855477,-3.966020416194267
2020_10_MIN_CHI,2020,10,2020-11-16T20:15-05:00,-6.0,1.075686180031379,-1.7470644110707778,2.0385044642857144,-1.6989481191522575,-1.65628355669855
2020_11_ARI_SEA,2020,11,2020-11-19T20:20-05:00,7.0,3.4176053882466464,1.8952891294535084,2.0385044642857144,2.5082972316884273,2.5123269644525132
2020_11_ATL_NO,2020,11,2020-11-22T13:00-05:00,15.0,7.290390907177737,7.667602475829545,2.0385044642857144,8.07737511070869,7.806736635969262
2020_11_CIN_WAS,2020,11,2020-11-22T13:00-05:00,11.0,1.3787079135280265,-1.2458529888633736,2.0385044642857144,-1.71463152145951,-1.9843050327558704
2020_11_DET_CAR,2020,11,2020-11-22T13:00-05:00,20.0,2.6377907260689892,1.8381231719297368,2.0385044642857144,2.3290135057617114,2.562227669369416
2020_11_NE_HOU,2020,11,2020-11-22T13:00-05:00,7.0,-0.29967666542192584,-0.09663774671907799,2.0385044642857144,-0.602498785615214,-0.588367682403494
2020_11_PHI_CLE,2020,11,2020-11-22T13:00-05:00,5.0,1.5460441056987904,2.0133267741838745,2.0385044642857144,2.203047682904095,2.392283999291757
2020_11_PIT_JAX,2020,11,2020-11-22T13:00-05:00,-24.0,-8.219749350272469,-10.23401001878508,2.0385044642857144,-10.701982431478356,-10.977664738893898
2020_11_TEN_BAL,2020,11,2020-11-22T13:00-05:00,-6.0,8.689133482110334,6.594557058836798,2.0385044642857144,6.331513978430811,6.4603048343144085
2020_11_MIA_DEN,2020,11,2020-11-22T16:05-05:00,7.0,-3.1568786155895285,-5.3037296702526096,2.0385044642857144,-5.6969799329687305,-5.599889609760275
2020_11_NYJ_LAC,2020,11,2020-11-22T16:05-05:00,6.0,9.874133177774837,9.191484867862144,2.0385044642857144,8.971560128208969,8.906722139083385
2020_11_DAL_MIN,2020,11,2020-11-22T16:25-05:00,-3.0,7.6775710685655625,9.02262080086892,2.0385044642857144,8.989638781788218,8.95764387803053
2020_11_GB_IND,2020,11,2020-11-22T16:25-05:00,3.0,1.8998071929113207,2.658295211328452,2.0385044642857144,2.7338241295397414,2.7403125421969508
2020_11_KC_LV,2020,11,2020-11-22T20:20-05:00,-4.0,-4.024508331771093,-4.569028637944571,2.0385044642857144,-4.397972018407108,-4.254999806410895
2020_11_LA_TB,2020,11,2020-11-23T20:15-05:00,-3.0,3.798027630786586,2.4586508299545238,2.0385044642857144,2.065973314338516,1.971914909927801
2020_12_HOU_DET,2020,12,2020-11-26T12:30-05:00,-16.0,-0.8000758642465371,-2.16883608005152,2.0385044642857144,-2.229147889721048,-2.2153747590629886
2020_12_WAS_DAL,2020,12,2020-11-26T16:30-05:00,-25.0,3.6330985056541483,3.081215044989182,2.0385044642857144,3.7139848074446626,3.8350408787960184
2020_12_ARI_NE,2020,12,2020-11-29T13:00-05:00,3.0,1.9432218903142155,1.8470176153661095,2.0385044642857144,2.2266891220025586,2.1643551200699034
2020_12_CAR_MIN,2020,12,2020-11-29T13:00-05:00,1.0,5.185784686322228,6.237748187644201,2.0385044642857144,6.040163774214168,5.982407368787233
2020_12_CLE_JAX,2020,12,2020-11-29T13:00-05:00,-2.0,-2.275575036028722,-3.069816005383034,2.0385044642857144,-3.7546824757482375,-4.293360604008571
2020_12_LAC_BUF,2020,12,2020-11-29T13:00-05:00,10.0,5.09169607336901,3.230759924874115,2.0385044642857144,4.099121424604355,4.412694912887434
2020_12_LV_ATL,2020,12,2020-11-29T13:00-05:00,37.0,1.0117132159382605,-2.6051055132708427,2.0385044642857144,-3.080321986262034,-3.120547166691049
2020_12_MIA_NYJ,2020,12,2020-11-29T13:00-05:00,-17.0,-7.008698379733797,-5.082165098126983,2.0385044642857144,-5.359369869431207,-5.327054397899634
2020_12_NYG_CIN,2020,12,2020-11-29T13:00-05:00,-2.0,0.8504032358193738,0.7235802669955721,2.0385044642857144,0.13794006714416351,0.19039319706235036
2020_12_TEN_IND,2020,12,2020-11-29T13:00-05:00,-19.0,4.4220740271192,2.9263451147543136,2.0385044642857144,2.2772750597132765,2.2264910670962577
2020_12_NO_DEN,2020,12,2020-11-29T16:05-05:00,-28.0,-5.852096181078426,-9.297419734597979,2.0385044642857144,-9.29047357286252,-9.124299196079614
2020_12_SF_LA,2020,12,2020-11-29T16:05-05:00,-3.0,5.219190430385844,4.275520734889931,2.0385044642857144,4.2503115252522985,4.186059976063365
2020_12_KC_TB,2020,12,2020-11-29T16:25-05:00,-3.0,-0.7228002752453468,-4.590408296706455,2.0385044642857144,-4.685651152402078,-4.6270329892403605
2020_12_CHI_GB,2020,12,2020-11-29T20:20-05:00,16.0,7.420739720395064,7.212576940639186,2.0385044642857144,7.380106283366993,7.385965297250188
2020_12_SEA_PHI,2020,12,2020-11-30T20:15-05:00,-6.0,-1.1915423101910703,-2.9461642454206207,2.0385044642857144,-3.5078520557894035,-3.4128965890509786
2020_12_BAL_PIT,2020,12,2020-12-02T15:40-05:00,5.0,3.4080276572121555,4.7448594508686135,2.0385044642857144,4.564863891065497,4.473270426936026
2020_13_CIN_MIA,2020,13,2020-12-06T13:00-05:00,12.0,8.915937378944918,6.001804723262505,2.0385044642857144,6.031750067783726,5.870652667967645
2020_13_CLE_TEN,2020,13,2020-12-06T13:00-05:00,-6.0,7.438088922399089,8.620510173964327,2.0385044642857144,9.114609494347341,8.834454219730782
2020_13_DET_CHI,2020,13,2020-12-06T13:00-05:00,-4.0,6.739607675861098,4.974436740747958,2.0385044642857144,5.371992360195726,5.593638961570486
2020_13_IND_HOU,2020,13,2020-12-06T13:00-05:00,-6.0,0.21143645340840234,-0.11932509175931072,2.0385044642857144,-0.21095903059634868,-0.1972617640349994
2020_13_JAX_MIN,2020,13,2020-12-06T13:00-05:00,3.0,9.47974096112976,10.135037291415486,2.0385044642857144,10.325952067831286,10.650485260663945
2020_13_LV_NYJ,2020,13,2020-12-06T13:00-05:00,-3.0,-6.018249872041752,-4.812161257634361,2.0385044642857144,-5.043238712015802,-5.184177355749781
2020_13_NO_ATL,2020,13,2020-12-06T13:00-05:00,-5.0,-3.4468322711010764,-5.585687528303953,2.0385044642857144,-5.80231963500266,-5.683538746333751
2020_13_LA_ARI,2020,13,2020-12-06T16:05-05:00,-10.0,-0.03093280557167999,0.07133865532803307,2.0385044642857144,-0.16722584981950606,-0.20549388107287403
2020_13_NYG_SEA,2020,13,2020-12-06T16:05-05:00,-5.0,7.616829876372029,5.824684589736595,2.0385044642857144,5.9721535658875275,5.999117106700502
2020_13_NE_LAC,2020,13,2020-12-06T16:25-05:00,-45.0,0.18191331658155097,1.2565075148406035,2.0385044642857144,0.7181618683787521,0.4912226848381338
2020_13_PHI_GB,2020,13,2020-12-06T16:25-05:00,14.0,8.842875045391525,9.590205588380009,2.0385044642857144,10.118152797778894,10.068093404246696
2020_13_DEN_KC,2020,13,2020-12-06T20:20-05:00,6.0,14.585172755401118,18.53933705115498,2.0385044642857144,18.385634306567646,18.260841702507534
2020_13_WAS_PIT,2020,13,2020-12-07T17:00-05:00,-6.0,11.600875847069481,10.965366237381247,2.0385044642857144,11.583804364710456,11.543546285944322
2020_13_BUF_SF,2020,13,2020-12-07T20:15-05:00,-10.0,0.43302735403141956,-1.631553203867878,2.0385044642857144,-1.473578602366878,-1.4899174807711146
2020_13_DAL_BAL,2020,13,2020-12-08T20:05-05:00,17.0,12.320953832785001,13.00953940726293,2.0385044642857144,13.048152766780127,13.124647568844246
2020_14_NE_LA,2020,14,2020-12-10T20:20-05:00,21.0,4.67687423838672,4.264415818409613,2.0385044642857144,4.247980404720512,4.283928550174608
2020_14_ARI_NYG,2020,14,2020-12-13T13:00-05:00,-19.0,0.9719696689097499,0.5875906964214527,2.0385044642857144,0.590937343627496,0.5851034361543647
2020_14_DAL_CIN,2020,14,2020-12-13T13:00-05:00,-23.0,2.4508432911225704,3.6463943516993855,2.0385044642857144,3.352934841620722,3.536947025942747
2020_14_DEN_CAR,2020,14,2020-12-13T13:00-05:00,-5.0,4.695734157443154,6.772335648691753,2.0385044642857144,6.864114531306667,6.875412363107184
2020_14_HOU_CHI,2020,14,2020-12-13T13:00-05:00,29.0,0.8199303495675889,-0.05363639269292397,2.0385044642857144,-0.0051822003261297045,-0.011199465874934589
2020_14_KC_MIA,2020,14,2020-12-13T13:00-05:00,-6.0,-2.327285657395837,-6.512615081148252,2.0385044642857144,-6.800097550715398,-6.776663165932812
2020_14_MIN_TB,2020,14,2020-12-13T13:00-05:00,12.0,6.609233996055172,5.161735077188656,2.0385044642857144,5.362217387864055,5.463823812779139
2020_14_TEN_JAX,2020,14,2020-12-13T13:00-05:00,-21.0,-5.678490461758839,-7.355755395218704,2.0385044642857144,-8.154308629981985,-8.494571634462805
2020_14_IND_LV,2020,14,2020-12-13T16:05-05:00,-17.0,-0.8108756468547469,-3.1676448717057024,2.0385044642857144,-2.8021875406522234,-2.697074278517892
2020_14_NYJ_SEA,2020,14,2020-12-13T16:05-05:00,37.0,13.112812388623338,12.628027027523483,2.0385044642857144,13.28761615612966,13.30726909812547
2020_14_ATL_LAC,2020,14,2020-12-13T16:25-05:00,3.0,-1.739237480181341,0.8704607524837691,2.0385044642857144,0.4323333861924131,0.15340351464578472
2020_14_GB_DET,2020,14,2020-12-13T16:25-05:00,-7.0,-7.528550234102955,-9.82351321903623,2.0385044642857144,-10.454002777660275,-10.80147128099915
2020_14_NO_PHI,2020,14,2020-12-13T16:25-05:00,3.0,-6.607434904252184,-9.639806879898899,2.0385044642857144,-9.730467652671168,-9.528135733619521
2020_14_WAS_SF,2020,14,2020-12-13T16:25-05:00,-8.0,2.205526091429678,0.24600528453963566,2.0385044642857144,0.917889944750665,1.0765804877783656
2020_14_PIT_BUF,2020,14,2020-12-13T20:20-05:00,11.0,-0.6232916295060882,-2.2251583062965787,2.0385044642857144,-1.940373894123642,-1.9096091218033835
2020_14_BAL_CLE,2020,14,2020-12-14T20:15-05:00,-5.0,-4.147526249844979,-3.0043629774995253,2.0385044642857144,-3.0207443820450917,-2.910131503707357
2020_15_LAC_LV,2020,15,2020-12-17T20:20-05:00,-3.0,3.5480159660078736,1.797005534406174,2.0385044642857144,2.258602680587583,2.551455013337688
2020_15_BUF_DEN,2020,15,2020-12-19T16:30-05:00,-29.0,-3.6606364177942403,-5.383873498468638,2.0385044642857144,-5.789267940371525,-5.834564356928997
2020_15_CAR_GB,2020,15,2020-12-19T20:15-05:00,8.0,9.825509325228735,9.69660420444545,2.0385044642857144,9.689839961475464,9.736243246775812
2020_15_CHI_MIN,2020,15,2020-12-20T13:00-05:00,-6.0,2.929542139636102,3.7984032773150385,2.0385044642857144,3.779952184093376,3.6605188377113813
2020_15_DET_TEN,2020,15,2020-12-20T13:00-05:00,21.0,10.742698707022807,12.85668777518573,2.0385044642857144,13.346866037723592,13.369415239089262
2020_15_HOU_IND,2020,15,2020-12-20T13:00-05:00,7.0,8.434463341088751,9.641588876753307,2.0385044642857144,9.551527240116002,9.529119139087223
2020_15_JAX_BAL,2020,15,2020-12-20T13:00-05:00,26.0,15.616689874194305,13.700609043436273,2.0385044642857144,14.075915320466088,14.5707228942108
2020_15_NE_MIA,2020,15,2020-12-20T13:00-05:00,10.0,3.695154464228841,1.984590534160909,2.0385044642857144,1.5615256066049823,1.481696360687655
2020_15_SEA_WAS,2020,15,2020-12-20T13:00-05:00,-5.0,-1.1265627706249468,-2.9059842905323943,2.0385044642857144,-3.4399737952175093,-3.392643879021998
2020_15_SF_DAL,2020,15,2020-12-20T13:00-05:00,8.0,-0.9780072799896398,-1.8028869351704153,2.0385044642857144,-2.137386974672226,-2.274936525413071
2020_15_TB_ATL,2020,15,2020-12-20T13:00-05:00,-4.0,-1.4917664524421044,-3.091018934745178,2.0385044642857144,-3.1775408460920174,-3.076610472406985
2020_15_NYJ_LA,2020,15,2020-12-20T16:05-05:00,-3.0,18.167064641654285,15.776596598849949,2.0385044642857144,15.697766131705617,15.811830165104103
2020_15_PHI_ARI,2020,15,2020-12-20T16:05-05:00,7.0,5.434398138053487,7.297010300852625,2.0385044642857144,7.477608729819888,7.164619366661586
2020_15_KC_NO,2020,15,2020-12-20T16:25-05:00,-3.0,1.5312877684855861,0.4112890089111374,2.0385044642857144,0.028376172840891778,-0.04375658266274218
2020_15_CLE_NYG,2020,15,2020-12-20T20:20-05:00,-14.0,0.3963207760542593,-0.334421139748143,2.0385044642857144,-0.6017133936955579,-0.7563058818395836
2020_15_PIT_CIN,2020,15,2020-12-21T20:15-05:00,10.0,-8.17604995209072,-9.66264908583198,2.0385044642857144,-9.676107946636774,-9.577309100142463
2020_16_MIN_NO,2020,16,2020-12-25T16:30-05:00,19.0,9.570644145671682,7.051014925446485,2.0385044642857144,7.162957972135353,7.194722616781703
2020_16_TB_DET,2020,16,2020-12-26T13:00-05:00,-40.0,-7.89383140624734,-8.392153487539877,2.0385044642857144,-8.554319197409683,-8.583851265656836
2020_16_SF_ARI,2020,16,2020-12-26T16:30-05:00,-8.0,4.544258939897189,4.384697773093306,2.0385044642857144,4.431724031618983,4.419432771869071
2020_16_MIA_LV,2020,16,2020-12-26T20:15-05:00,-1.0,-2.349512551138247,-0.7145128481992356,2.0385044642857144,-0.4077116109981787,-0.2556678425734034
2020_16_ATL_KC,2020,16,2020-12-27T13:00-05:00,3.0,9.811368953848277,10.991301400258399,2.0385044642857144,11.571230327544155,11.550368705017743
2020_16_CHI_JAX,2020,16,2020-12-27T13:00-05:00,-24.0,-5.271507362304553,-4.582455524997181,2.0385044642857144,-4.544698227388865,-5.004546576707875
2020_16_CIN_HOU,2020,16,2020-12-27T13:00-05:00,-6.0,5.266707220815684,4.3207806208122435,2.0385044642857144,4.255645675384326,4.203165300678505
2020_16_CLE_NYJ,2020,16,2020-12-27T13:00-05:00,7.0,-6.574012550688693,-5.570528372609767,2.0385044642857144,-5.506259217187151,-5.687972924983205
2020_16_IND_PIT,2020,16,2020-12-27T13:00-05:00,4.0,1.963641398535989,0.625780145773891,2.0385044642857144,0.652233417829748,0.6409498388415136
2020_16_NYG_BAL,2020,16,2020-12-27T13:00-05:00,14.0,13.23754885395347,12.3408636937183,2.0385044642857144,12.267664612455114,12.307251199217156
2020_16_CAR_WAS,2020,16,2020-12-27T16:05-05:00,-7.0,4.048056136513573,2.890569599721019,2.0385044642857144,2.5249668224846733,2.4239021852272034
2020_16_DEN_LAC,2020,16,2020-12-27T16:05-05:00,3.0,4.52501484012946,7.028284104987254,2.0385044642857144,6.446459590286108,6.195216225466568
2020_16_LA_SEA,2020,16,2020-12-27T16:25-05:00,11.0,2.23625553917218,4.060297722163774,2.0385044642857144,4.844232309940793,4.796543358706819
2020_16_PHI_DAL,2020,16,2020-12-27T16:25-05:00,20.0,1.4936732894570801,1.5647218980732216,2.0385044642857144,1.663938423182945,1.2561117384395222
2020_16_TEN_GB,2020,16,2020-12-27T20:20-05:00,26.0,3.300358195599262,1.2685456943951372,2.0385044642857144,1.150867648016033,1.2742903437113569
2020_16_BUF_NE,2020,16,2020-12-28T20:15-05:00,-29.0,-1.861176750014356,-2.7953461530496764,2.0385044642857144,-2.7190557942887086,-2.7674760460032863
2020_17_ATL_TB,2020,17,2021-01-03T13:00-05:00,17.0,7.857148813037168,7.874746747659422,2.0385044642857144,7.5809280939470876,7.4858587433507395
2020_17_BAL_CIN,2020,17,2021-01-03T13:00-05:00,-35.0,-8.263628305427243,-7.108733585638344,2.0385044642857144,-7.193875425581255,-7.133747444298481
2020_17_DAL_NYG,2020,17,2021-01-03T13:00-05:00,4.0,-0.4905631906325967,-0.2765369398138325,2.0385044642857144,-0.5043042588548972,-0.4308219660003764
2020_17_MIA_BUF,2020,17,2021-01-03T13:00-05:00,30.0,6.321508896755209,5.671851184016131,2.0385044642857144,6.428538690197828,6.5049691121606905
2020_17_MIN_DET,2020,17,2021-01-03T13:00-05:00,-2.0,-2.9109476439862716,-5.546982666432238,2.0385044642857144,-5.87101784440042,-5.8045767638938415
2020_17_NYJ_NE,2020,17,2021-01-03T13:00-05:00,14.0,9.050807182541085,4.974953665460052,2.0385044642857144,5.472812237356784,5.52556442533102
2020_17_PIT_CLE,2020,17,2021-01-03T13:00-05:00,2.0,-1.543394298253224,1.7579261779703508,2.0385044642857144,1.9466104803023692,2.5432273177982
2020_17_ARI_LA,2020,17,2021-01-03T16:25-05:00,11.0,4.9187480379729065,3.970004421526146,2.0385044642857144,3.4670779370804716,3.3235411121221863
2020_17_GB_CHI,2020,17,2021-01-03T16:25-05:00,-19.0,-2.64897663437128,-2.8088128468283244,2.0385044642857144,-3.1154405516989403,-3.1280700306568487
2020_17_JAX_IND,2020,17,2021-01-03T16:25-05:00,14.0,15.36064999548871,14.99037448080724,2.0385044642857144,15.11966956366844,15.587290799309532
2020_17_LAC_KC,2020,17,2021-01-03T16:25-05:00,-17.0,12.264025539956073,9.638919103046858,2.0385044642857144,10.566487903605442,10.856432251418658
2020_17_LV_DEN,2020,17,2021-01-03T16:25-05:00,-1.0,0.4223342604381881,-1.5534321576950973,2.0385044642857144,-1.7715584919021954,-1.889296452873258
2020_17_NO_CAR,2020,17,2021-01-03T16:25-05:00,-26.0,-5.537421787444462,-6.789707382108519,2.0385044642857144,-6.322913923008379,-6.2593996682124695
2020_17_SEA_SF,2020,17,2021-01-03T16:25-05:00,-3.0,-3.6321853451818704,-8.537225775435772,2.0385044642857144,-8.990354429748528,-8.986597208811315
2020_17_TEN_HOU,2020,17,2021-01-03T16:25-05:00,-3.0,-2.9803196876189926,-5.151122836102773,2.0385044642857144,-5.483977247125256,-5.439956777666372
2020_17_WAS_PHI,2020,17,2021-01-03T20:20-05:00,-6.0,1.107504653418657,-2.0178296535940126,2.0385044642857144,-1.690760136475062,-1.329789978598762
2021_01_DAL_TB,2021,1,2021-09-09T20:20-04:00,2.0,6.644894719355273,11.607577004696783,1.79052734375,11.22858571764905,11.254429186493407
2021_01_ARI_TEN,2021,1,2021-09-12T13:00-04:00,-25.0,3.6327722857940827,4.095081771697807,1.79052734375,3.549596467130386,3.2980432789482776
2021_01_JAX_HOU,2021,1,2021-09-12T13:00-04:00,16.0,5.672777618010834,0.8576082198224548,1.79052734375,1.0059013261440692,0.61411025389117
2021_01_LAC_WAS,2021,1,2021-09-12T13:00-04:00,-4.0,2.61008164069027,-3.222437729065118,1.79052734375,-2.9690939475762126,-2.675440444582632
2021_01_MIN_CIN,2021,1,2021-09-12T13:00-04:00,3.0,0.6908232524848799,-0.3265921882548972,1.79052734375,-0.16842831632877542,0.12558791730691565
2021_01_NYJ_CAR,2021,1,2021-09-12T13:00-04:00,5.0,5.164714209763986,3.095669131817548,1.79052734375,3.6144442388158167,3.7236922490247215
2021_01_PHI_ATL,2021,1,2021-09-12T13:00-04:00,-26.0,4.263552926688213,9.13615430298108,1.79052734375,8.901909645833669,9.411950689813974
2021_01_PIT_BUF,2021,1,2021-09-12T13:00-04:00,-7.0,4.79821676929291,4.936726116061686,1.79052734375,5.641096474974415,5.727229886033378
2021_01_SEA_IND,2021,1,2021-09-12T13:00-04:00,-12.0,2.1075124273615535,2.401624147015248,1.79052734375,1.3806404254436202,1.385089239904016
2021_01_SF_DET,2021,1,2021-09-12T13:00-04:00,-8.0,-1.3948959893194433,-1.624521994902212,1.79052734375,-2.178058627754581,-2.160768733711343
2021_01_CLE_KC,2021,1,2021-09-12T16:25-04:00,4.0,5.561173270691322,12.574877849423387,1.79052734375,12.618015011695409,12.604423078229377
2021_01_DEN_NYG,2021,1,2021-09-12T16:25-04:00,-14.0,2.9066970570695347,3.9150034439424193,1.79052734375,4.11207038614184,4.130617158372318
2021_01_GB_NO,2021,1,2021-09-12T16:25-04:00,35.0,0.29400815940820024,-4.416991202628498,1.79052734375,-4.582336242204544,-4.730899086847379
2021_01_MIA_NE,2021,1,2021-09-12T16:25-04:00,-1.0,1.6657608040251364,1.2874901573474893,1.79052734375,1.9434336998629047,1.9347190991359136
2021_01_CHI_LA,2021,1,2021-09-12T20:20-04:00,20.0,4.320906237655777,3.7031835512596043,1.79052734375,3.835203829006547,3.969046283479197
2021_01_BAL_LV,2021,1,2021-09-13T20:15-04:00,6.0,-2.7687512610372673,-7.807710512939675,1.79052734375,-7.355818094642617,-7.217382763385308
2021_02_NYG_WAS,2021,2,2021-09-16T20:20-04:00,1.0,4.677099581670633,5.2625775567548985,1.79052734375,5.024696083031084,4.972811650444446
2021_02_BUF_MIA,2021,2,2021-09-19T13:00-04:00,-35.0,0.17404386962124896,-0.6476896637022271,1.79052734375,-1.2782258714315278,-1.354603172459246
2021_02_CIN_CHI,2021,2,2021-09-19T13:00-04:00,3.0,3.8919175288196253,5.083252460301752,1.79052734375,5.450538596447746,5.413617296921801
2021_02_DEN_JAX,2021,2,2021-09-19T13:00-04:00,-10.0,-1.8952639711704435,-3.908656195918539,1.79052734375,-4.28345040163714,-4.724382494406143
2021_02_HOU_CLE,2021,2,2021-09-19T13:00-04:00,10.0,3.0447970529910364,5.48624969710548,1.79052734375,6.1516497124053915,6.657984236511705
2021_02_LA_IND,2021,2,2021-09-19T13:00-04:00,-3.0,0.14717166826146055,-2.4141842427060034,1.79052734375,-2.3196919052202856,-2.341153081591232
2021_02_LV_PIT,2021,2,2021-09-19T13:00-04:00,-9.0,5.359952891671191,7.538954423566375,1.79052734375,7.102787318776091,6.948916362198883
2021_02_NE_NYJ,2021,2,2021-09-19T13:00-04:00,-19.0,-0.9343074265457765,-2.5745506786460037,1.79052734375,-3.2076474664392203,-3.3172717491174337
2021_02_NO_CAR,2021,2,2021-09-19T13:00-04:00,19.0,-4.531064459454529,-9.103028616734546,1.79052734375,-8.424300876137174,-8.23490633048441
2021_02_SF_PHI,2021,2,2021-09-19T13:00-04:00,-6.0,1.4874921236357976,-1.2370943221084683,1.79052734375,-1.158215815500276,-0.8286960414446732
2021_02_ATL_TB,2021,2,2021-09-19T16:05-04:00,23.0,7.015921141589151,7.842650899488207,1.79052734375,7.588107305705838,7.505226745486882
2021_02_MIN_ARI,2021,2,2021-09-19T16:05-04:00,1.0,5.260487647124881,0.9668029615694493,1.79052734375,1.36774554990433,1.6722494695240535
2021_02_DAL_LAC,2021,2,2021-09-19T16:25-04:00,-3.0,2.783671447833189,2.4677793646692403,1.79052734375,2.297585354153575,2.227221773771135
2021_02_TEN_SEA,2021,2,2021-09-19T16:25-04:00,-3.0,5.8644137675243595,6.218463037315271,1.79052734375,6.8533322375389805,6.8695076900736005
2021_02_KC_BAL,2021,2,2021-09-19T20:20-04:00,1.0,3.2902092392756024,0.8684539070497015,1.79052734375,-0.12583526790525612,-0.21616166947532856
2021_02_DET_GB,2021,2,2021-09-20T20:15-04:00,18.0,8.865211688646957,12.488984773605425,1.79052734375,12.829539914923213,12.832161369466979
2021_03_CAR_HOU,2021,3,2021-09-23T20:20-04:00,-15.0,1.2357174281353522,-0.38652414373126587,1.79052734375,-1.45679317521655,-1.8737356774280238
2021_03_ARI_JAX,2021,3,2021-09-26T13:00-04:00,-12.0,-4.844501506731861,-4.58032229998352,1.79052734375,-5.220869218299658,-5.336514389395621
2021_03_ATL_NYG,2021,3,2021-09-26T13:00-04:00,-3.0,2.267490273892566,2.588354748956903,1.79052734375,2.9114311805725186,2.8794438073200226
2021_03_BAL_DET,2021,3,2021-09-26T13:00-04:00,-2.0,-5.560860040521721,-7.601423826662161,1.79052734375,-6.918899495751568,-6.827411857707569
2021_03_CHI_CLE,2021,3,2021-09-26T13:00-04:00,20.0,4.130379539576486,4.646317105849354,1.79052734375,4.493716795764469,4.810701720128791
2021_03_CIN_PIT,2021,3,2021-09-26T13:00-04:00,-14.0,6.313593590324896,8.549883130052123,1.79052734375,8.542827432087169,8.482694956640275
2021_03_IND_TEN,2021,3,2021-09-26T13:00-04:00,9.0,2.5450695769022564,2.1064114356746826,1.79052734375,1.9250625269485575,1.889359985537991
2021_03_LAC_KC,2021,3,2021-09-26T13:00-04:00,-6.0,5.874709703157576,6.358642449006074,1.79052734375,6.925692083842661,7.130667618595287
2021_03_NO_NE,2021,3,2021-09-26T13:00-04:00,-15.0,-0.8818371681990742,-3.3925791828943206,1.79052734375,-2.781586589334885,-2.670615011083615
2021_03_WAS_BUF,2021,3,2021-09-26T13:00-04:00,22.0,8.151589538627075,6.772603054434793,1.79052734375,7.490329731221028,7.580456069753925
2021_03_MIA_LV,2021,3,2021-09-26T16:05-04:00,3.0,4.014515451683926,3.0610206527036152,1.79052734375,3.3220521593950822,3.4241800782789
2021_03_NYJ_DEN,2021,3,2021-09-26T16:05-04:00,26.0,7.533549868492932,7.345689649286811,1.79052734375,7.2033780203200655,7.242435900046375
2021_03_SEA_MIN,2021,3,2021-09-26T16:25-04:00,13.0,-0.7733060943446297,-0.6064801885053612,1.79052734375,-1.080706599850516,-1.2144193466776905
2021_03_TB_LA,2021,3,2021-09-26T16:25-04:00,10.0,1.4458390667748642,0.366192727826108,1.79052734375,0.7902719587250733,0.9001442097780696
2021_03_GB_SF,2021,3,2021-09-26T20:20-04:00,-2.0,0.896902688195776,-0.9257058479804876,1.79052734375,-0.73845757364206,-0.7757349330581438
2021_03_PHI_DAL,2021,3,2021-09-27T20:15-04:00,20.0,3.3266508246855553,4.3644159493800245,1.79052734375,4.329541214920564,3.916902012417582
2021_04_JAX_CIN,2021,4,2021-09-30T20:20-04:00,3.0,8.044306399410075,5.873554788555371,1.79052734375,6.027975806304232,6.039203351293939
2021_04_CAR_DAL,2021,4,2021-10-03T13:00-04:00,8.0,2.5429096224079992,2.6705353423621387,1.79052734375,2.479692323238332,2.3546968868271714
2021_04_CLE_MIN,2021,4,2021-10-03T13:00-04:00,-7.0,1.1697099777316624,2.1997554083696547,1.79052734375,2.2979277595617353,1.9833602904390166
2021_04_DET_CHI,2021,4,2021-10-03T13:00-04:00,10.0,4.54939385798246,4.9338726222180025,1.79052734375,4.811953340891836,4.6802753642435855
2021_04_HOU_BUF,2021,4,2021-10-03T13:00-04:00,40.0,10.374951958781542,10.262378208456443,1.79052734375,11.081789590544842,11.544953783103733
2021_04_IND_MIA,2021,4,2021-10-03T13:00-04:00,-10.0,1.7443988120216682,1.0154831332280754,1.79052734375,0.745649848821478,0.7389194433255193
2021_04_KC_PHI,2021,4,2021-10-03T13:00-04:00,-12.0,-1.477379218913108,-5.74217878792394,1.79052734375,-6.053021867155826,-5.809099993179459
2021_04_NYG_NO,2021,4,2021-10-03T13:00-04:00,-6.0,10.90775283022488,12.666710102114536,1.79052734375,12.274026711059651,12.159382412530654
2021_04_TEN_NYJ,2021,4,2021-10-03T13:00-04:00,3.0,-5.253320433218051,-6.405971134875061,1.79052734375,-6.919701678756426,-6.897329876744752
2021_04_WAS_ATL,2021,4,2021-10-03T13:00-04:00,-4.0,2.540667636832308,1.3887639221534243,1.79052734375,1.4858504123483254,1.5309373261090806
2021_04_ARI_LA,2021,4,2021-10-03T16:05-04:00,-17.0,4.501874079965052,4.964390872367822,1.79052734375,5.087073129801917,5.024027407669715
2021_04_SEA_SF,2021,4,2021-10-03T16:05-04:00,-7.0,2.210763794344806,0.9413187210196182,1.79052734375,0.7777391164326093,0.740410506071888
2021_04_BAL_DEN,2021,4,2021-10-03T16:25-04:00,-16.0,0.4430685815170192,-0.5558843228824693,1.79052734375,0.2992326159598824,0.40494043137762703
2021_04_PIT_GB,2021,4,2021-10-03T16:25-04:00,10.0,5.89055405058303,6.079334141838642,1.79052734375,6.507258711398606,6.531454104629736
2021_04_TB_NE,2021,4,2021-10-03T20:20-04:00,-2.0,-1.491351159752603,-2.453262962048637,1.79052734375,-1.5380410955746835,-1.0944706669550812
2021_04_LV_LAC,2021,4,2021-10-04T20:15-04:00,14.0,2.349980742131942,3.1279807907042514,1.79052734375,2.8071990646706473,2.4980700062851318
2021_05_LA_SEA,2021,5,2021-10-07T20:20-04:00,-9.0,2.2711644548283316,2.544155527623195,1.79052734375,2.416809944376965,2.410672260894048
2021_05_NYJ_ATL,2021,5,2021-10-10T09:30-04:00,7.0,3.475175784723745,1.6708979538800461,1.79052734375,2.0623912040368237,2.0212426343953487
2021_05_DEN_PIT,2021,5,2021-10-10T13:00-04:00,8.0,2.250301164789458,4.856252737701063,1.79052734375,4.724676351945067,4.720758613081159
2021_05_DET_MIN,2021,5,2021-10-10T13:00-04:00,2.0,7.025993656675577,9.57703324538842,1.79052734375,9.412597994937672,9.210782328148099
2021_05_GB_CIN,2021,5,2021-10-10T13:00-04:00,-3.0,-2.3906790670699545,-4.743170095912121,1.79052734375,-5.3251186555221235,-5.385798065368002
2021_05_MIA_TB,2021,5,2021-10-10T13:00-04:00,28.0,7.896202488841851,8.856004665018494,1.79052734375,8.84988233937515,8.754676300037161
2021_05_NE_HOU,2021,5,2021-10-10T13:00-04:00,-3.0,-1.03417779482663,-3.319149449412948,1.79052734375,-4.103604096404791,-4.742093791178829
2021_05_NO_WAS,2021,5,2021-10-10T13:00-04:00,-11.0,-3.1671556648365797,-6.354586560708976,1.79052734375,-6.264617874778123,-6.160134052822097
2021_05_PHI_CAR,2021,5,2021-10-10T13:00-04:00,-3.0,6.16465835883684,3.964514287247208,1.79052734375,4.226779806305293,4.142099974850151
2021_05_TEN_JAX,2021,5,2021-10-10T13:00-04:00,-18.0,-3.9851015549049684,-3.2387110547208207,1.79052734375,-3.6601369071421894,-3.6299041093142295
2021_05_CHI_LV,2021,5,2021-10-10T16:05-04:00,-11.0,4.181089703571751,2.768892479380505,1.79052734375,3.229105321470675,3.2646625181155873
2021_05_CLE_LAC,2021,5,2021-10-10T16:05-04:00,5.0,1.5638179380653296,3.146911913989859,1.79052734375,3.3797566731766375,3.0366233667804727
2021_05_NYG_DAL,2021,5,2021-10-10T16:25-04:00,24.0,6.219614903955966,5.9879884650541895,1.79052734375,5.6642725615330916,5.633733074748719
2021_05_SF_ARI,2021,5,2021-10-10T16:25-04:00,7.0,5.397812240013531,4.991725968451334,1.79052734375,5.120182674775047,5.527317270445492
2021_05_BUF_KC,2021,5,2021-10-10T20:20-04:00,-18.0,-1.6934795737766901,-0.3277902780461135,1.79052734375,-0.04901264650589887,-0.15670353431130524
2021_05_IND_BAL,2021,5,2021-10-11T20:15-04:00,6.0,5.972837746562989,5.232972223812421,1.79052734375,4.337714389570085,4.181972247330716
2021_06_TB_PHI,2021,6,2021-10-14T20:20-04:00,-6.0,-4.78877685477487,-7.083650403761838,1.79052734375,-6.899969811803809,-6.6205184934151955
2021_06_MIA_JAX,2021,6,2021-10-17T09:30-04:00,3.0,-4.005477731531574,-5.8009181357290505,1.79052734375,-6.107671294399932,-6.186304995009796
2021_06_CIN_DET,2021,6,2021-10-17T13:00-04:00,-23.0,-0.58930937949268,-1.5116350602980368,1.79052734375,-1.2515194272888457,-1.1385278042184495
2021_06_GB_CHI,2021,6,2021-10-17T13:00-04:00,-10.0,-1.9427696036998379,-4.439642375373577,1.79052734375,-4.932248935865719,-4.877411525381904
2021_06_HOU_IND,2021,6,2021-10-17T13:00-04:00,28.0,7.3682842979363,9.214125686730043,1.79052734375,9.51467703951129,9.878655282741391
2021_06_KC_WAS,2021,6,2021-10-17T13:00-04:00,-18.0,-1.409295754464409,-3.704849567354345,1.79052734375,-4.435285480268401,-4.561423792950119
2021_06_LAC_BAL,2021,6,2021-10-17T13:00-04:00,28.0,5.267522039402238,3.942732701227176,1.79052734375,3.5003338559817543,3.517177777642364
2021_06_LA_NYG,2021,6,2021-10-17T13:00-04:00,-27.0,-4.0392903578154655,-5.638212672040045,1.79052734375,-5.256185915838148,-5.309951620743737
2021_06_MIN_CAR,2021,6,2021-10-17T13:00-04:00,-6.0,3.426998989017372,-0.43189646337052306,1.79052734375,-0.030629371436319996,0.16186904877516672
2021_06_ARI_CLE,2021,6,2021-10-17T16:05-04:00,-23.0,0.9400616039787146,0.14957094065467963,1.79052734375,-0.2649295660363076,-0.20156375597831222
2021_06_DAL_NE,2021,6,2021-10-17T16:25-04:00,-6.0,-0.8037460088010198,-2.8083826747837586,1.79052734375,-2.4436280762175997,-2.2633288958954427
2021_06_LV_DEN,2021,6,2021-10-17T16:25-04:00,-10.0,3.3046447652682707,1.3095954450007867,1.79052734375,1.1144831689054446,1.0289359368291477
2021_06_SEA_PIT,2021,6,2021-10-17T20:20-04:00,3.0,1.1353914747661487,3.30509774815071,1.79052734375,2.5584516660638466,2.828904557789513
2021_06_BUF_TEN,2021,6,2021-10-18T20:15-04:00,3.0,-4.31045860883615,-6.734990665868068,1.79052734375,-6.752916401148658,-6.856738384276182
2021_07_DEN_CLE,2021,7,2021-10-21T20:20-04:00,3.0,4.607737357996452,3.511036769954135,1.79052734375,3.6151140837477604,3.5403387084499958
2021_07_ATL_MIA,2021,7,2021-10-24T13:00-04:00,-2.0,1.2196327307454902,-2.0587786712476785,1.79052734375,-2.5701416492259166,-2.5711885748588257
2021_07_CAR_NYG,2021,7,2021-10-24T13:00-04:00,22.0,-1.7972963060234033,-0.6012811693819577,1.79052734375,0.11185315640367788,0.06539413562636054
2021_07_CIN_BAL,2021,7,2021-10-24T13:00-04:00,-24.0,8.204534903972984,6.832800780400233,1.79052734375,6.751780199025061,6.766314389684021
2021_07_KC_TEN,2021,7,2021-10-24T13:00-04:00,24.0,1.6329806061215772,-0.6624555143912698,1.79052734375,-1.1407607815041552,-1.2541219510267054
2021_07_NYJ_NE,2021,7,2021-10-24T13:00-04:00,41.0,8.33521459672576,5.091210671154543,1.79052734375,5.787759051302025,5.877939716362981
2021_07_WAS_GB,2021,7,2021-10-24T13:00-04:00,14.0,10.274709519727303,9.966149901892525,1.79052734375,10.40642827729827,10.408369219917805
2021_07_DET_LA,2021,7,2021-10-24T16:05-04:00,9.0,13.234062724807373,13.546241380464151,1.79052734375,13.729369749718016,13.647242337473415
2021_07_PHI_LV,2021,7,2021-10-24T16:05-04:00,11.0,4.212099331945,3.962152592064387,1.79052734375,3.9681460975411103,3.868936216086183
2021_07_CHI_TB,2021,7,2021-10-24T16:25-04:00,35.0,9.264427879767261,9.529898323844662,1.79052734375,9.776162926428363,9.66205785023549
2021_07_HOU_ARI,2021,7,2021-10-24T16:25-04:00,26.0,13.058367491778359,13.65975103556839,1.79052734375,13.807151019397173,14.18878749890091
2021_07_IND_SF,2021,7,2021-10-24T20:20-04:00,-12.0,0.5519427898305567,1.1531408734324258,1.79052734375,1.2067433240298104,1.188024854463265
2021_07_NO_SEA,2021,7,2021-10-25T20:15-04:00,-3.0,-0.8126476080046974,-3.859968465447774,1.79052734375,-3.430618168315634,-3.3076059466158902
2021_08_GB_ARI,2021,8,2021-10-28T20:20-04:00,-3.0,4.0225621786006975,0.941655829138828,1.79052734375,0.42986678501218956,0.4650691555769124
2021_08_CAR_ATL,2021,8,2021-10-31T13:00-04:00,-6.0,2.30606857929356,4.78133896069422,1.79052734375,5.1910862455346765,5.129750286131826
2021_08_CIN_NYJ,2021,8,2021-10-31T13:00-04:00,3.0,-7.0365439990049055,-9.045392289175089,1.79052734375,-9.01690783346272,-9.005511819834133
2021_08_LA_HOU,2021,8,2021-10-31T13:00-04:00,-16.0,-8.43848255761262,-9.763181703452215,1.79052734375,-9.457297543967593,-9.700182908112142
2021_08_MIA_BUF,2021,8,2021-10-31T13:00-04:00,15.0,14.110916087981867,13.035333199542627,1.79052734375,13.4027416764474,13.480813976294131
2021_08_PHI_DET,2021,8,2021-10-31T13:00-04:00,-38.0,-0.49164500182373505,-1.273880181011569,1.79052734375,-1.3669476952328647,-1.267149719857818
2021_08_PIT_CLE,2021,8,2021-10-31T13:00-04:00,-5.0,2.7367070692880193,-0.26667274376222727,1.79052734375,-0.08488007361847105,0.08396433177251184
2021_08_SF_CHI,2021,8,2021-10-31T13:00-04:00,-11.0,0.09684542359940451,-1.5029331134446378,1.79052734375,-1.6813398685811733,-1.5724086050041683
2021_08_TEN_IND,2021,8,2021-10-31T13:00-04:00,-3.0,2.3264765642107386,1.4180528358989708,1.79052734375,1.4379725465546263,1.4936540911938707
2021_08_JAX_SEA,2021,8,2021-10-31T16:05-04:00,24.0,10.189013986172657,9.73175209912173,1.79052734375,10.469021003255566,10.442469907204403
2021_08_NE_LAC,2021,8,2021-10-31T16:05-04:00,-3.0,1.6383422668498908,4.5648141851757345,1.79052734375,4.393019333436275,4.321997496755432
2021_08_TB_NO,2021,8,2021-10-31T16:25-04:00,9.0,0.36265332657620863,-0.6857607208767429,1.79052734375,-0.965969914224208,-1.038059725756454
2021_08_WAS_DEN,2021,8,2021-10-31T16:25-04:00,7.0,4.8383473800842784,2.1663958352262456,1.79052734375,2.275184027474199,2.2713571089786506
2021_08_DAL_MIN,2021,8,2021-10-31T20:20-04:00,-4.0,-0.9920445523438581,0.9906044497507291,1.79052734375,0.8818067978829158,0.9228727848591303
2021_08_NYG_KC,2021,8,2021-11-01T20:15-04:00,3.0,7.104098370800192,6.996035834897664,1.79052734375,6.767201771552582,6.8874477103991705
2021_09_NYJ_IND,2021,9,2021-11-04T20:20-04:00,15.0,12.553335985395467,12.750804716509931,1.79052734375,13.094063579763006,13.091045481027404
2021_09_ATL_NO,2021,9,2021-11-07T13:00-05:00,-2.0,10.624024801068192,8.889603931262638,1.79052734375,8.624956269402102,8.508947837686469
2021_09_BUF_JAX,2021,9,2021-11-07T13:00-05:00,3.0,-12.926604949416205,-11.58123927636396,1.79052734375,-11.696348676908851,-11.72247218788733
2021_09_CLE_CIN,2021,9,2021-11-07T13:00-05:00,-25.0,3.590324914905753,2.872383835396132,1.79052734375,2.4774077981086053,2.1265940369109297
2021_09_DEN_DAL,2021,9,2021-11-07T13:00-05:00,-14.0,7.5747168562137555,6.2740088639772775,1.79052734375,6.246544219260256,6.122137131814219
2021_09_HOU_MIA,2021,9,2021-11-07T13:00-05:00,8.0,5.55723212538603,7.114650442883834,1.79052734375,6.696989431101498,6.9934744782186264
2021_09_LV_NYG,2021,9,2021-11-07T13:00-05:00,7.0,-0.5369043935356173,-0.686499777487029,1.79052734375,-0.3391383478378654,-0.4763953761024101
2021_09_MIN_BAL,2021,9,2021-11-07T13:00-05:00,3.0,7.040321409689331,3.745423475353241,1.79052734375,3.1722139672399834,3.2472171928559397
2021_09_NE_CAR,2021,9,2021-11-07T13:00-05:00,-18.0,-0.12083183076494919,0.28446367267514644,1.79052734375,-0.1179578700659907,-0.09803111030413886
2021_09_LAC_PHI,2021,9,2021-11-07T16:05-05:00,-3.0,1.6307531321346052,1.4182410652805466,1.79052734375,1.4770792618554087,1.6124293753130032
2021_09_ARI_SF,2021,9,2021-11-07T16:25-05:00,-14.0,-2.6912029812004077,-1.5570221442443695,1.79052734375,-1.38122894493469,-1.495575250700079
2021_09_GB_KC,2021,9,2021-11-07T16:25-05:00,6.0,-1.4907044556580744,-2.513159654243049,1.79052734375,-2.735373869002641,-2.6606161930477796
2021_09_TEN_LA,2021,9,2021-11-07T20:20-05:00,-12.0,3.6522847423963913,2.878670369287028,1.79052734375,2.348827859124696,2.3294491662173105
2021_09_CHI_PIT,2021,9,2021-11-08T20:15-05:00,2.0,6.977981359456907,9.079876435399774,1.79052734375,8.782917430867997,8.717453738079318
2021_10_BAL_MIA,2021,10,2021-11-11T20:20-05:00,12.0,-5.33946880710174,-5.0334929229473335,1.79052734375,-4.801996190685124,-4.720881024347944
2021_10_ATL_DAL,2021,10,2021-11-14T13:00-05:00,40.0,6.5747767743266445,3.0291873599765986,1.79052734375,2.6324111894824354,2.5800306745932384
2021_10_BUF_NYJ,2021,10,2021-11-14T13:00-05:00,-28.0,-11.395920704301744,-11.398016895412525,1.79052734375,-10.85483452143349,-10.814030357421021
2021_10_CLE_NE,2021,10,2021-11-14T13:00-05:00,38.0,3.8305495952583453,0.9788161354306211,1.79052734375,1.1520846138700849,1.0565222712509208
2021_10_DET_PIT,2021,10,2021-11-14T13:00-05:00,0.0,9.979139349446921,9.929870020917303,1.79052734375,9.59553454293005,9.480901631159234
2021_10_JAX_IND,2021,10,2021-11-14T13:00-05:00,6.0,12.062029090288174,11.556107280016045,1.79052734375,11.67089785641344,11.753212668749075
2021_10_NO_TEN,2021,10,2021-11-14T13:00-05:00,2.0,3.1528533920592796,1.502437669863787,1.79052734375,2.1607139738826597,2.2337198180132276
2021_10_TB_WAS,2021,10,2021-11-14T13:00-05:00,10.0,-7.681502968357048,-8.339128206808008,1.79052734375,-8.729810960523618,-8.664612631800996
2021_10_CAR_ARI,2021,10,2021-11-14T16:05-05:00,-24.0,11.525019240091021,8.515531262454555,1.79052734375,8.973355495324927,9.02872371553498
2021_10_MIN_LAC,2021,10,2021-11-14T16:05-05:00,-7.0,2.4692060794567463,0.9627342033477475,1.79052734375,0.8928010516073975,0.8590092745683233
2021_10_PHI_DEN,2021,10,2021-11-14T16:25-05:00,-17.0,4.160150665780663,-0.1510671941236399,1.79052734375,-0.03885440583180855,-0.012667323924252294
2021_10_SEA_GB,2021,10,2021-11-14T16:25-05:00,17.0,4.873485587809485,4.452884502089487,1.79052734375,4.636456503772706,4.638906003747709
2021_10_KC_LV,2021,10,2021-11-14T20:20-05:00,-27.0,0.4213501146659273,-1.833137545668355,1.79052734375,-2.0216743532740535,-2.030664088568849
2021_10_LA_SF,2021,10,2021-11-15T20:15-05:00,21.0,-1.89811756310577,-1.9946957269172796,1.79052734375,-1.279474807817265,-1.2388506139757256
2021_11_NE_ATL,2021,11,2021-11-18T20:20-05:00,-25.0,-4.954809290977938,-3.6099909591697146,1.79052734375,-3.4958446458124732,-3.5338174850461943
2021_11_BAL_CHI,2021,11,2021-11-21T13:00-05:00,-3.0,-3.624950118937229,-3.3598667529591606,1.79052734375,-2.748617668245665,-2.635569042319044
2021_11_DET_CLE,2021,11,2021-11-21T13:00-05:00,3.0,8.680253509092488,8.30166768424415,1.79052734375,8.497468429868977,8.755737366073253
2021_11_GB_MIN,2021,11,2021-11-21T13:00-05:00,3.0,-2.0627161269178034,-1.674608355870736,1.79052734375,-1.919699283877749,-2.027939463481282
2021_11_HOU_TEN,2021,11,2021-11-21T13:00-05:00,-9.0,14.691090373445666,12.051588903438763,1.79052734375,12.422984008493986,12.721790082746454
2021_11_IND_BUF,2021,11,2021-11-21T13:00-05:00,-26.0,7.675543245664581,6.085898118330837,1.79052734375,5.523822631558935,5.440129630903826
2021_11_MIA_NYJ,2021,11,2021-11-21T13:00-05:00,-7.0,-3.57511109902942,-4.5212377896746645,1.79052734375,-3.8550346205767663,-3.908733935001485
2021_11_NO_PHI,2021,11,2021-11-21T13:00-05:00,11.0,-1.9769758329801839,-1.4255457611990359,1.79052734375,-1.3668616076822304,-1.287245141483636
2021_11_SF_JAX,2021,11,2021-11-21T13:00-05:00,-20.0,-4.4766178514529855,-5.568426220760859,1.79052734375,-6.214197154552593,-6.22256297487618
2021_11_WAS_CAR,2021,11,2021-11-21T13:00-05:00,-6.0,3.9885248671597,2.8112067747992135,1.79052734375,2.4923841907792954,2.401505184788428
2021_11_CIN_LV,2021,11,2021-11-21T16:05-05:00,-19.0,1.1376477292550546,0.7506949300736414,1.79052734375,1.1338146665891333,1.3650140927107475
2021_11_ARI_SEA,2021,11,2021-11-21T16:25-05:00,-10.0,-1.1621146311186905,0.8815012330594532,1.79052734375,0.653210565989675,0.5930522161491396
2021_11_DAL_KC,2021,11,2021-11-21T16:25-05:00,10.0,1.8561054508878279,3.2590728409509904,1.79052734375,3.5678885120380452,3.795033102744765
2021_11_PIT_LAC,2021,11,2021-11-21T20:20-05:00,4.0,2.2673040004015665,1.9012761163281364,1.79052734375,2.5365851381930424,2.4083345366312408
2021_11_NYG_TB,2021,11,2021-11-22T20:15-05:00,20.0,9.746991285396398,9.468927539722657,1.79052734375,9.306572876186902,9.267109368703911
2021_12_CHI_DET,2021,12,2021-11-25T12:30-05:00,-2.0,-0.12027198843838738,-0.5035870509303428,1.79052734375,-0.7478971654034778,-0.777277284495157
2021_12_LV_DAL,2021,12,2021-11-25T16:30-05:00,-3.0,9.111752343262832,7.47084990380894,1.79052734375,7.25090993692785,7.025787842856014
2021_12_BUF_NO,2021,12,2021-11-25T20:20-05:00,-25.0,-0.2976371640160549,-1.2757922554872705,1.79052734375,-1.1191232692700783,-1.1675928554035866
2021_12_ATL_JAX,2021,12,2021-11-28T13:00-05:00,-7.0,0.14872742830439378,-0.9012155280364492,1.79052734375,-1.3287100049275944,-1.4154807109663254
2021_12_CAR_MIA,2021,12,2021-11-28T13:00-05:00,23.0,2.1837313600099266,0.16729538042413394,1.79052734375,-0.19729733877611433,-0.08451950446945977
2021_12_NYJ_HOU,2021,12,2021-11-28T13:00-05:00,-7.0,5.6078702994914575,4.954713803877495,1.79052734375,4.620067035758321,4.251004866610298
2021_12_PHI_NYG,2021,12,2021-11-28T13:00-05:00,6.0,-1.636294488025885,-2.592896960122074,1.79052734375,-2.1337534419630484,-2.0930756779000763
2021_12_PIT_CIN,2021,12,2021-11-28T13:00-05:00,31.0,3.9182621769382386,0.352574969170683,1.79052734375,0.39577541930105253,0.21520235118502973
2021_12_TB_IND,2021,12,2021-11-28T13:00-05:00,-7.0,1.0038752718235764,0.4074513486021291,1.79052734375,0.47105650008842886,0.5442392890169776
2021_12_TEN_NE,2021,12,2021-11-28T13:00-05:00,23.0,4.6579988224151405,4.3356970831773936,1.79052734375,4.252755714744069,4.27418884924636
2021_12_LAC_DEN,2021,12,2021-11-28T16:05-05:00,15.0,1.6765290840844513,-0.6067400924514463,1.79052734375,-0.6505800272319597,-0.5073543462591372
2021_12_LA_GB,2021,12,2021-11-28T16:25-05:00,8.0,5.140049379915114,4.825485266056374,1.79052734375,5.351864540520328,5.130904859901732
2021_12_MIN_SF,2021,12,2021-11-28T16:25-05:00,8.0,3.429395426000276,2.852767693875353,1.79052734375,3.042748088116185,3.184103500326901
2021_12_CLE_BAL,2021,12,2021-11-28T20:20-05:00,6.0,5.823264106806418,3.9470141666844105,1.79052734375,3.35151231576863,3.1290808682121862
2021_12_SEA_WAS,2021,12,2021-11-29T20:15-05:00,2.0,0.060551291571044885,0.40309779435791987,1.79052734375,0.6551102804337996,0.5871438370959928
2021_13_DAL_NO,2021,13,2021-12-02T20:20-05:00,-10.0,2.288008640440376,3.5721818352076964,1.79052734375,3.94588002712135,3.9889116550798334
2021_13_ARI_CHI,2021,13,2021-12-05T13:00-05:00,-11.0,-6.2086860884703,-6.532388065530391,1.79052734375,-6.810303412986239,-6.870824428210858
2021_13_IND_HOU,2021,13,2021-12-05T13:00-05:00,-31.0,-7.70528534814833,-9.953058624168566,1.79052734375,-10.744446884242624,-11.245217819045289
2021_13_LAC_CIN,2021,13,2021-12-05T13:00-05:00,-19.0,6.390314095290574,2.8128884077172183,1.79052734375,2.242669250811313,2.1468534238562746
2021_13_MIN_DET,2021,13,2021-12-05T13:00-05:00,2.0,-4.452616234047256,-4.6055435644874985,1.79052734375,-4.990804673728938,-4.783375881080206
2021_13_NYG_MIA,2021,13,2021-12-05T13:00-05:00,11.0,4.337084191418884,3.365118039372643,1.79052734375,2.6852419241459526,2.7432047051626167
2021_13_PHI_NYJ,2021,13,2021-12-05T13:00-05:00,-15.0,-5.797020285116266,-6.051783162938233,1.79052734375,-5.653040094032126,-5.624446713760503
2021_13_TB_ATL,2021,13,2021-12-05T13:00-05:00,-13.0,-8.02596663263073,-8.30737995522793,1.79052734375,-8.430776954075176,-8.371220281234528
2021_13_JAX_LA,2021,13,2021-12-05T16:05-05:00,30.0,12.360647336316244,10.054508200501123,1.79052734375,10.006604181922375,10.036679829520416
2021_13_WAS_LV,2021,13,2021-12-05T16:05-05:00,-2.0,1.7024383797879317,0.2225917287057615,1.79052734375,-0.0021595487661583146,0.1864263980511549
2021_13_BAL_PIT,2021,13,2021-12-05T16:25-05:00,1.0,-2.2384375476464857,0.5642490011753459,1.79052734375,0.9181376128108707,0.9302900707823667
2021_13_SF_SEA,2021,13,2021-12-05T16:25-05:00,7.0,0.41005884291238104,-0.7833549425118593,1.79052734375,-0.7701020483796182,-0.7498334026814959
2021_13_DEN_KC,2021,13,2021-12-05T20:20-05:00,13.0,6.54235407959133,8.087287662708828,1.79052734375,8.452100503804036,8.662083937614002
2021_13_NE_BUF,2021,13,2021-12-06T20:15-05:00,-4.0,3.3107896825581484,2.2101996882941726,1.79052734375,1.6935458218411537,1.64883585370862
2021_14_PIT_MIN,2021,14,2021-12-09T20:20-05:00,8.0,4.65851036567504,1.8463556992967498,1.79052734375,1.8854374968256427,1.7574095701425159
2021_14_ATL_CAR,2021,14,2021-12-12T13:00-05:00,-8.0,3.7398608152206188,1.6677920671666244,1.79052734375,1.3558874704752708,1.2622397604646869
2021_14_BAL_CLE,2021,14,2021-12-12T13:00-05:00,2.0,-0.606891674711969,0.13310704715073118,1.79052734375,0.8003352552225853,1.0566905076050792
2021_14_DAL_WAS,2021,14,2021-12-12T13:00-05:00,-7.0,-2.141345641110272,-0.5543665945815685,1.79052734375,-0.021188684623319798,0.016099598561865824
2021_14_JAX_TEN,2021,14,2021-12-12T13:00-05:00,20.0,13.63153895883865,10.244994998606002,1.79052734375,10.564571721259107,10.642480384525104
2021_14_LV_KC,2021,14,2021-12-12T13:00-05:00,39.0,9.543066873287518,10.684226638072074,1.79052734375,10.937353656155913,10.985852317496445
2021_14_NO_NYJ,2021,14,2021-12-12T13:00-05:00,-21.0,-7.1687946603346155,-7.987572251612394,1.79052734375,-7.5663238172685565,-7.547333352333527
2021_14_SEA_HOU,2021,14,2021-12-12T13:00-05:00,-20.0,-6.540822552128091,-6.732488200691247,1.79052734375,-7.009836460312322,-7.5011152651804185
2021_14_DET_DEN,2021,14,2021-12-12T16:05-05:00,28.0,7.30200497628044,7.713532580500976,1.79052734375,7.84536202044398,7.797664888320611
2021_14_NYG_LAC,2021,14,2021-12-12T16:05-05:00,16.0,5.574379162596559,5.430520070782979,1.79052734375,5.082656717856173,5.066690616552609
2021_14_BUF_TB,2021,14,2021-12-12T16:25-05:00,6.0,1.8422338566431664,3.235587979472551,1.79052734375,3.531281375579938,3.517607721197577
2021_14_SF_CIN,2021,14,2021-12-12T16:25-05:00,-3.0,1.412182252317505,-2.4942745152464934,1.79052734375,-3.058666496611908,-3.220614876653733
2021_14_CHI_GB,2021,14,2021-12-12T20:20-05:00,15.0,11.270333934675833,13.46603631365138,1.79052734375,13.544313464485143,13.817356587635702
2021_14_LA_ARI,2021,14,2021-12-13T20:15-05:00,-7.0,4.903139763675487,3.5693341800607454,1.79052734375,4.309818198089326,4.384172348324676
2021_15_KC_LAC,2021,15,2021-12-16T20:20-05:00,-6.0,-2.419805682288505,-3.581001469201101,1.79052734375,-3.6113690142921975,-3.7912258536575894
2021_15_NE_IND,2021,15,2021-12-18T20:20-05:00,10.0,-0.013353434685063448,0.8327383180687127,1.79052734375,1.0898890330308564,1.1716766097477955
2021_15_ARI_DET,2021,15,2021-12-19T13:00-05:00,18.0,-9.593584122178452,-8.142289395230131,1.79052734375,-8.598590716571508,-8.618385590288923
2021_15_CAR_BUF,2021,15,2021-12-19T13:00-05:00,17.0,13.758634066262118,11.01186976939389,1.79052734375,11.192701824599935,11.343043378083427
2021_15_DAL_NYG,2021,15,2021-12-19T13:00-05:00,-15.0,-4.873633192415323,-2.6071387351732755,1.79052734375,-1.9575337350368334,-1.8642616751141716
2021_15_HOU_JAX,2021,15,2021-12-19T13:00-05:00,-14.0,2.161295329253303,1.8724700121921816,1.79052734375,2.1282115288367773,2.62485080502346
2021_15_NYJ_MIA,2021,15,2021-12-19T13:00-05:00,7.0,11.870536726447916,11.04820981035535,1.79052734375,10.517534482303033,10.265815368159615
2021_15_TEN_PIT,2021,15,2021-12-19T13:00-05:00,6.0,-2.110201431144813,0.3536411134916445,1.79052734375,0.16457862718954885,0.1404985472323793
2021_15_ATL_SF,2021,15,2021-12-19T16:05-05:00,18.0,8.58972441151997,6.942633617841752,1.79052734375,6.851070227583905,6.848892406848135
2021_15_CIN_DEN,2021,15,2021-12-19T16:05-05:00,-5.0,2.631325851074373,4.926401054380683,1.79052734375,5.027233998865496,5.108347581283956
2021_15_GB_BAL,2021,15,2021-12-19T16:25-05:00,-1.0,-0.7256268456682604,-4.592526512080582,1.79052734375,-5.354093708865197,-5.237935256172404
2021_15_NO_TB,2021,15,2021-12-19T20:20-05:00,-9.0,7.287654502777247,6.920295686499574,1.79052734375,7.787311931689036,7.822944539268845
2021_15_LV_CLE,2021,15,2021-12-20T17:00-05:00,-2.0,6.397571479010518,4.752589935243583,1.79052734375,4.637491122504709,4.692819272131595
2021_15_MIN_CHI,2021,15,2021-12-20T20:15-05:00,-8.0,-1.956124047159494,-5.705657684016302,1.79052734375,-5.26320881682053,-5.129621789982896
2021_15_SEA_LA,2021,15,2021-12-21T19:00-05:00,10.0,4.978516456175996,3.7046991109033525,1.79052734375,3.4940145393121202,3.4585356962781684
2021_15_WAS_PHI,2021,15,2021-12-21T19:00-05:00,10.0,5.459224644415533,5.654405004237487,1.79052734375,5.158612097984958,5.185488506790377
2021_16_SF_TEN,2021,16,2021-12-23T20:20-05:00,3.0,1.4514431546275182,-1.6919830419353772,1.79052734375,-1.7787728634807989,-1.736903963274449
2021_16_CLE_GB,2021,16,2021-12-25T16:30-05:00,2.0,9.091880616674104,8.773601601552365,1.79052734375,9.228488812394264,8.830388360403898
2021_16_IND_ARI,2021,16,2021-12-25T20:15-05:00,-6.0,0.1901592602689366,-1.7403313752998042,1.79052734375,-2.2026132980426585,-2.1517746262983426
2021_16_BAL_CIN,2021,16,2021-12-26T13:00-05:00,20.0,1.380238077450282,0.9394031032719867,1.79052734375,0.9672377284516567,0.9148437157926845
2021_16_BUF_NE,2021,16,2021-12-26T13:00-05:00,-12.0,2.103557277945616,1.0247007612407504,1.79052734375,1.2716963481340084,1.3060535198848835
2021_16_DET_ATL,2021,16,2021-12-26T13:00-05:00,4.0,3.6248291300802142,4.532685622949541,1.79052734375,4.901625218011731,4.914180116620307
2021_16_JAX_NYJ,2021,16,2021-12-26T13:00-05:00,5.0,3.9812767498557573,1.5342940093763051,1.79052734375,2.186921258092039,2.5833833357795646
2021_16_LAC_HOU,2021,16,2021-12-26T13:00-05:00,12.0,-5.974888840552792,-7.581302706038006,1.79052734375,-8.056564217158407,-8.530911704955763
2021_16_LA_MIN,2021,16,2021-12-26T13:00-05:00,-7.0,-1.1639003708635096,-0.6444923655676732,1.79052734375,-0.7154146270394566,-0.7918385294637329
2021_16_NYG_PHI,2021,16,2021-12-26T13:00-05:00,24.0,8.56274970412481,6.655930507597348,1.79052734375,5.837484266149076,5.789658651270087
2021_16_TB_CAR,2021,16,2021-12-26T13:00-05:00,-26.0,-7.746061201730857,-8.173583572234259,1.79052734375,-8.49967772533011,-8.586232422219883
2021_16_CHI_SEA,2021,16,2021-12-26T16:05-05:00,-1.0,8.294866823199484,10.101971299325509,1.79052734375,9.758813080639698,9.78910899941643
2021_16_DEN_LV,2021,16,2021-12-26T16:25-05:00,4.0,-1.3298986058785212,-1.5398542018329673,1.79052734375,-1.3468843587922885,-1.2277448364407721
2021_16_PIT_KC,2021,16,2021-12-26T16:25-05:00,26.0,9.897653699734816,9.435606404820795,1.79052734375,9.612515045073184,9.769615253966704
2021_16_WAS_DAL,2021,16,2021-12-26T20:20-05:00,42.0,8.970179457181416,6.862604427669703,1.79052734375,6.258762670222899,6.160816947062209
2021_16_MIA_NO,2021,16,2021-12-27T20:15-05:00,-17.0,6.459803077028394,6.267488845571016,1.79052734375,6.052251218758177,5.968000815302022
2021_17_ATL_BUF,2021,17,2022-01-02T13:00-05:00,14.0,15.216017853967925,11.92924028373638,1.79052734375,12.152970756996371,12.18343280303385
2021_17_JAX_NE,2021,17,2022-01-02T13:00-05:00,40.0,19.046514852177996,15.315304635805647,1.79052734375,16.16965439008669,16.335635378332977
2021_17_KC_CIN,2021,17,2022-01-02T13:00-05:00,3.0,-2.1496857820534476,-5.9317320381133385,1.79052734375,-6.447700335073671,-6.767598434366163
2021_17_LA_BAL,2021,17,2022-01-02T13:00-05:00,-1.0,-1.8239257186311901,-3.4222492664239783,1.79052734375,-3.396685510510637,-3.471855057079844
2021_17_LV_IND,2021,17,2022-01-02T13:00-05:00,-3.0,12.068187479417455,10.428877343010875,1.79052734375,10.932375743334038,10.78610225471751
2021_17_MIA_TEN,2021,17,2022-01-02T13:00-05:00,31.0,3.685548953437439,3.6250887024008223,1.79052734375,3.716005316301434,3.6895769577527786
2021_17_NYG_CHI,2021,17,2022-01-02T13:00-05:00,26.0,4.685329098953969,2.886634891602267,1.79052734375,2.6374650718615644,2.6653287201811144
2021_17_PHI_WAS,2021,17,2022-01-02T13:00-05:00,-4.0,-3.7981347199438424,-4.963370001086299,1.79052734375,-4.097743910578476,-4.04222157127086
2021_17_TB_NYJ,2021,17,2022-01-02T13:00-05:00,-4.0,-13.736906787979152,-12.574860268777147,1.79052734375,-12.683648388571397,-12.202794542141628
2021_17_DEN_LAC,2021,17,2022-01-02T16:05-05:00,21.0,1.9466558827657703,2.758741852048461,1.79052734375,3.034254180541108,2.9768419406630375
2021_17_HOU_SF,2021,17,2022-01-02T16:05-05:00,16.0,12.012039606164382,8.768215969500591,1.79052734375,9.283007369277879,9.71984788725001
2021_17_ARI_DAL,2021,17,2022-01-02T16:25-05:00,-3.0,5.258766498763381,5.562911806350712,1.79052734375,5.365629778071132,5.160617683123002
2021_17_CAR_NO,2021,17,2022-01-02T16:25-05:00,8.0,10.270600284240384,7.893460732511723,1.79052734375,7.374112301705661,7.288953375075821
2021_17_DET_SEA,2021,17,2022-01-02T16:25-05:00,22.0,8.951810404595513,8.60946550302195,1.79052734375,8.597408426193633,8.72306733294209
2021_17_MIN_GB,2021,17,2022-01-02T20:20-05:00,27.0,6.846763513361486,7.03399812749576,1.79052734375,7.609541621000648,7.65963415262548
2021_17_CLE_PIT,2021,17,2022-01-03T20:15-05:00,12.0,0.40660711052588905,1.9408427503656014,1.79052734375,2.157628624022495,1.960605613157466
2021_18_KC_DEN,2021,18,2022-01-08T16:30-05:00,-4.0,-6.002057723410907,-8.524870293486682,1.79052734375,-8.960152785850063,-9.087250212552153
2021_18_DAL_PHI,2021,18,2022-01-08T20:15-05:00,-25.0,-0.037497353826109414,0.2808983263825504,1.79052734375,0.2689032282190339,0.3789129661576608
2021_18_CHI_MIN,2021,18,2022-01-09T13:00-05:00,14.0,3.727882956160373,4.506552472077868,1.79052734375,4.301431279329357,4.1033286106387274
2021_18_CIN_CLE,2021,18,2022-01-09T13:00-05:00,5.0,-1.8256578736116014,-1.098688003976629,1.79052734375,-1.0715375965784366,-0.8994092806846044
2021_18_GB_DET,2021,18,2022-01-09T13:00-05:00,7.0,-10.604434294053146,-12.802333339040437,1.79052734375,-13.142508178563956,-13.060063899066098
2021_18_IND_JAX,2021,18,2022-01-09T13:00-05:00,15.0,-14.927079112105474,-14.149891118584332,1.79052734375,-14.665866529824555,-14.711699011359867
2021_18_PIT_BAL,2021,18,2022-01-09T13:00-05:00,-3.0,5.182407459075187,1.4204766162237803,1.79052734375,1.4423680942661972,1.3052266493193114
2021_18_TEN_HOU,2021,18,2022-01-09T13:00-05:00,-3.0,-7.9948633171354455,-7.500572803755677,1.79052734375,-7.942222466042782,-8.457820681706398
2021_18_WAS_NYG,2021,18,2022-01-09T13:00-05:00,-15.0,-1.0650626325580346,-1.326855441373352,1.79052734375,-1.6600291901657214,-1.597062097083632
2021_18_CAR_TB,2021,18,2022-01-09T16:25-05:00,24.0,14.583588991054764,14.401238007983507,1.79052734375,14.242266860182452,14.163418239721839
2021_18_NE_MIA,2021,18,2022-01-09T16:25-05:00,9.0,-5.3488776410806915,-6.474203254077385,1.79052734375,-6.637421347942632,-6.537886325638992
2021_18_NO_ATL,2021,18,2022-01-09T16:25-05:00,-10.0,-3.5534706158037785,-2.771700398209388,1.79052734375,-2.0655484852469392,-2.0069431418735126
2021_18_NYJ_BUF,2021,18,2022-01-09T16:25-05:00,17.0,19.102936580400797,16.312635887690465,1.79052734375,16.292314092656778,16.03940315287864
2021_18_SEA_ARI,2021,18,2022-01-09T16:25-05:00,-8.0,4.346442856058668,0.29133043152463545,1.79052734375,0.756825963700483,0.8441488193282092
2021_18_SF_LA,2021,18,2022-01-09T16:25-05:00,-3.0,4.419389486122061,3.10319863307816,1.79052734375,2.8608085600527513,2.9479010280990723
2021_18_LAC_LV,2021,18,2022-01-09T20:20-05:00,3.0,-0.2759564455987711,-2.2753929598420037,1.79052734375,-2.3375871624028712,-2.1438591024870792
2022_01_BUF_LA,2022,1,2022-09-08T20:20-04:00,-21.0,0.7759611019776811,-1.4862591933748714,1.7814655172413794,-1.1992503176786111,-1.2042511479720694
2022_01_BAL_NYJ,2022,1,2022-09-11T13:00-04:00,-15.0,-1.7909275442440222,-4.4015458923108,1.7814655172413794,-4.122530221590016,-3.8662538759925056
2022_01_CLE_CAR,2022,1,2022-09-11T13:00-04:00,-2.0,-0.27530288794539937,-3.651020161044065,1.7814655172413794,-2.9428627294019005,-2.7992995176863094
2022_01_IND_HOU,2022,1,2022-09-11T13:00-04:00,0.0,-2.5820707579605093,-5.146891811888832,1.7814655172413794,-5.052190268374589,-5.24491843290929
2022_01_JAX_WAS,2022,1,2022-09-11T13:00-04:00,6.0,6.568697996213141,5.697899574807849,1.7814655172413794,6.536973571574473,6.577187414603155
2022_01_NE_MIA,2022,1,2022-09-11T13:00-04:00,13.0,-0.34827299745929396,-3.262308079446501,1.7814655172413794,-3.611279378299026,-3.6767069941846744
2022_01_NO_ATL,2022,1,2022-09-11T13:00-04:00,-1.0,-1.0102250117166056,-3.3873078276691606,1.7814655172413794,-2.2574573627786094,-2.26549142500724
2022_01_PHI_DET,2022,1,2022-09-11T13:00-04:00,-3.0,-0.7088016490168165,-0.6524902665719804,1.7814655172413794,-0.7574477139922096,-0.6566012374330652
2022_01_PIT_CIN,2022,1,2022-09-11T13:00-04:00,-3.0,4.277218464856544,5.746233509733635,1.7814655172413794,5.710504721145037,5.439562943287496
2022_01_SF_CHI,2022,1,2022-09-11T13:00-04:00,9.0,-0.8064386730610416,-4.46120406942654,1.7814655172413794,-4.732193357588379,-4.86222674644383
2022_01_GB_MIN,2022,1,2022-09-11T16:25-04:00,16.0,-0.1280110815097637,-3.22888184747275,1.7814655172413794,-3.316797456345165,-3.4361045507050267
2022_01_KC_ARI,2022,1,2022-09-11T16:25-04:00,-23.0,0.53496536174482,-3.6157894404545114,1.7814655172413794,-3.3086509829881763,-3.3466787997960816
2022_01_LV_LAC,2022,1,2022-09-11T16:25-04:00,5.0,3.642281489379478,3.0400376032931486,1.7814655172413794,3.0166210809281733,2.8646540184724616
2022_01_NYG_TEN,2022,1,2022-09-11T16:25-04:00,-1.0,8.263239330498816,9.04155973645043,1.7814655172413794,8.946387906572532,8.89251566267587
2022_01_TB_DAL,2022,1,2022-09-11T20:20-04:00,-16.0,2.3056163568587533,-0.23409270825096495,1.7814655172413794,-0.28023072782324676,-0.36350387514352756
2022_01_DEN_SEA,2022,1,2022-09-12T20:15-04:00,1.0,4.638601680369522,1.7205941865183814,1.7814655172413794,2.303745778718415,2.0615185951726747
2022_02_LAC_KC,2022,2,2022-09-15T20:15-04:00,3.0,7.044642425315507,9.07279342736248,1.7814655172413794,9.126894193832026,9.261993483876235
2022_02_CAR_NYG,2022,2,2022-09-18T13:00-04:00,3.0,2.3896895108012566,-0.0659264987465682,1.7814655172413794,-0.3009461827454365,-0.46227780088712733
2022_02_IND_JAX,2022,2,2022-09-18T13:00-04:00,24.0,-4.4772318994897145,-6.26721312208899,1.7814655172413794,-6.030316066340994,-6.113960606577933
2022_02_MIA_BAL,2022,2,2022-09-18T13:00-04:00,-4.0,2.40462273153004,3.718120483784845,1.7814655172413794,3.549301167586736,3.562589026334873
2022_02_NE_PIT,2022,2,2022-09-18T13:00-04:00,-3.0,0.3861784642652277,-1.051160401487972,1.7814655172413794,-1.6570892639611732,-1.66278282994486
2022_02_NYJ_CLE,2022,2,2022-09-18T13:00-04:00,-1.0,7.3097509602944735,9.603749125053554,1.7814655172413794,9.21484306753749,9.026211110740801
2022_02_TB_NO,2022,2,2022-09-18T13:00-04:00,-10.0,-1.3118480382964592,-3.3539472712542135,1.7814655172413794,-3.727134079672702,-3.7001592809064014
2022_02_WAS_DET,2022,2,2022-09-18T13:00-04:00,9.0,1.0536579290724892,0.9154058739801989,1.7814655172413794,0.475692117881054,0.4526096765843992
2022_02_ATL_LA,2022,2,2022-09-18T16:05-04:00,4.0,5.704886544177632,4.216373622135343,1.7814655172413794,3.5247352488839714,3.5959781044280525
2022_02_SEA_SF,2022,2,2022-09-18T16:05-04:00,20.0,2.5560293926755424,2.631094616590422,1.7814655172413794,2.8198288504425566,3.173037939537716
2022_02_ARI_LV,2022,2,2022-09-18T16:25-04:00,-6.0,1.5744529469671167,-1.308690966314603,1.7814655172413794,-1.8852406538530937,-1.8499697290737047
2022_02_CIN_DAL,2022,2,2022-09-18T16:25-04:00,3.0,3.800304351926533,1.8666895870286306,1.7814655172413794,2.017333554833682,2.5407785095963327
2022_02_HOU_DEN,2022,2,2022-09-18T16:25-04:00,7.0,5.068057535640609,5.730844024467029,1.7814655172413794,5.355706671977822,5.409371503734574
2022_02_CHI_GB,2022,2,2022-09-18T20:20-04:00,17.0,4.567277606285112,8.689134699080332,1.7814655172413794,8.662220064410938,8.795318565243882
2022_02_TEN_BUF,2022,2,2022-09-19T19:15-04:00,34.0,7.095242033585904,6.544591016503158,1.7814655172413794,6.250495408458477,6.289985249692842
2022_02_MIN_PHI,2022,2,2022-09-19T20:30-04:00,17.0,2.0671672007644997,2.1919405246435018,1.7814655172413794,2.405868123153759,2.4711345390493937
2022_03_PIT_CLE,2022,3,2022-09-22T20:15-04:00,12.0,1.8406068299092737,1.5026055988840872,1.7814655172413794,1.287157453598168,1.219455480172666
2022_03_BAL_NE,2022,3,2022-09-25T13:00-04:00,-11.0,4.175719405995005,4.365708574692818,1.7814655172413794,4.843645621923324,5.094443154614016
2022_03_BUF_MIA,2022,3,2022-09-25T13:00-04:00,2.0,-2.7864160949099066,-4.210714994952956,1.7814655172413794,-4.195171015418261,-4.168491415153176
2022_03_CIN_NYJ,2022,3,2022-09-25T13:00-04:00,-15.0,-2.7223033926834734,-3.091377348389905,1.7814655172413794,-2.867489233136764,-2.5862861185742823
2022_03_DET_MIN,2022,3,2022-09-25T13:00-04:00,4.0,4.769376085637569,4.129570686675645,1.7814655172413794,3.8382937833688637,3.695941687178715
2022_03_HOU_CHI,2022,3,2022-09-25T13:00-04:00,3.0,4.093866989826697,2.2147453274765394,1.7814655172413794,2.3859910763828376,2.389568252724893
2022_03_KC_IND,2022,3,2022-09-25T13:00-04:00,3.0,-1.8979286158974347,-5.844767559918337,1.7814655172413794,-6.103165380378185,-6.052526620488862
2022_03_LV_TEN,2022,3,2022-09-25T13:00-04:00,2.0,3.547047373396181,3.564999397103012,1.7814655172413794,4.411897637376052,4.3539352036775
2022_03_NO_CAR,2022,3,2022-09-25T13:00-04:00,8.0,-1.3326126826324574,0.05925320839450787,1.7814655172413794,0.7035557528674738,0.9229756159333442
2022_03_PHI_WAS,2022,3,2022-09-25T13:00-04:00,-16.0,-1.3220774459990094,-3.028636304790293,1.7814655172413794,-3.0028446685155092,-2.8929080046778246
2022_03_JAX_LAC,2022,3,2022-09-25T16:05-04:00,-28.0,6.937214453868967,5.507425124995967,1.7814655172413794,5.311878549840091,5.185060302500324
2022_03_ATL_SEA,2022,3,2022-09-25T16:25-04:00,-4.0,4.573969433057979,4.417705023182128,1.7814655172413794,3.3901636573571086,3.1663906142602074
2022_03_GB_TB,2022,3,2022-09-25T16:25-04:00,-2.0,5.741728669575318,3.3967334320366467,1.7814655172413794,3.519286144710558,3.4476675158413363
2022_03_LA_ARI,2022,3,2022-09-25T16:25-04:00,-8.0,2.271330976931508,0.2941519707517676,1.7814655172413794,0.09909303392399038,0.06782814950044291
2022_03_SF_DEN,2022,3,2022-09-25T20:20-04:00,1.0,-0.31224293171201545,-2.75014555388477,1.7814655172413794,-3.537295555838311,-3.647085375797406
2022_03_DAL_NYG,2022,3,2022-09-26T20:15-04:00,-7.0,-2.8145871108110647,-4.745484688241386,1.7814655172413794,-4.808671359016573,-5.199412638339633
2022_04_MIA_CIN,2022,4,2022-09-29T20:15-04:00,12.0,2.0593683671939234,2.5979633662414927,1.7814655172413794,2.275258852486817,2.227344796017153
2022_04_MIN_NO,2022,4,2022-10-02T09:30-04:00,-3.0,-0.25435884899671035,-7.312950235853658,1.7814655172413794,-7.216688748864996,-7.086490176560249
2022_04_BUF_BAL,2022,4,2022-10-02T13:00-04:00,-3.0,-2.3453266105415045,-1.7934517710117235,1.7814655172413794,-1.5472838261859114,-1.5660938501644333
2022_04_CHI_NYG,2022,4,2022-10-02T13:00-04:00,8.0,0.47560126146211523,1.3972675400114762,1.7814655172413794,1.7011592408084664,1.794442317297758
2022_04_CLE_ATL,2022,4,2022-10-02T13:00-04:00,3.0,1.027943110915565,-1.4005586023387644,1.7814655172413794,-0.20091421111765279,-0.2579378469228093
2022_04_JAX_PHI,2022,4,2022-10-02T13:00-04:00,8.0,7.810339279010689,6.37583822457534,1.7814655172413794,6.634864172779295,6.609940094222503
2022_04_LAC_HOU,2022,4,2022-10-02T13:00-04:00,-10.0,0.28240164076436125,-3.3822804746545687,1.7814655172413794,-3.2077753921657406,-3.1857642262774064
2022_04_NYJ_PIT,2022,4,2022-10-02T13:00-04:00,-4.0,6.881554244132964,7.566955555519482,1.7814655172413794,7.264645646586204,7.109524649572015
2022_04_SEA_DET,2022,4,2022-10-02T13:00-04:00,-3.0,1.1987348714467385,-1.0316234915349527,1.7814655172413794,-1.065650264541965,-0.8211709601745851
2022_04_TEN_IND,2022,4,2022-10-02T13:00-04:00,-7.0,3.6937146903153395,3.886316897331973,1.7814655172413794,3.1837073282985946,3.3172616818378424
2022_04_WAS_DAL,2022,4,2022-10-02T13:00-04:00,15.0,7.780829891726011,7.418496931761249,1.7814655172413794,7.841425020261754,8.261432994574228
2022_04_ARI_CAR,2022,4,2022-10-02T16:05-04:00,-10.0,0.14641192437037098,-0.5236152148598576,1.7814655172413794,-0.012842937071259275,0.06044612936829308
2022_04_DEN_LV,2022,4,2022-10-02T16:25-04:00,9.0,1.2420283924106825,-0.418608355224529,1.7814655172413794,-0.41522224902978966,-0.33638895008832614
2022_04_NE_GB,2022,4,2022-10-02T16:25-04:00,3.0,4.187072556390211,5.4098137867602984,1.7814655172413794,5.049336830289329,5.497099130572039
2022_04_KC_TB,2022,4,2022-10-02T20:20-04:00,-10.0,3.3169121757276976,-1.085883701670363,1.7814655172413794,-0.7967350613741018,-0.8872507021642271
2022_04_LA_SF,2022,4,2022-10-03T20:15-04:00,15.0,3.4286728111329388,3.296329056635072,1.7814655172413794,3.240556510711063,3.322176686737593
2022_05_IND_DEN,2022,5,2022-10-06T20:15-04:00,-3.0,1.969447381091676,0.9089436354516807,1.7814655172413794,0.7731836378641348,0.642514175931836
2022_05_NYG_GB,2022,5,2022-10-09T09:30-04:00,-5.0,5.9658940312157736,6.659879020562451,1.7814655172413794,6.527814352531559,6.51849538456999
2022_05_ATL_TB,2022,5,2022-10-09T13:00-04:00,6.0,7.97393416701161,7.35788489721116,1.7814655172413794,6.780457335026777,6.768131885671742
2022_05_CHI_MIN,2022,5,2022-10-09T13:00-04:00,7.0,4.965549716117539,7.377209403117899,1.7814655172413794,7.373008995946449,7.339121563246651
2022_05_DET_NE,2022,5,2022-10-09T13:00-04:00,29.0,6.270391588885039,5.121192942927982,1.7814655172413794,5.562296405836806,5.329754954743378
2022_05_HOU_JAX,2022,5,2022-10-09T13:00-04:00,-7.0,4.0373394743498,5.039937125314608,1.7814655172413794,5.0652020936565405,5.102808310695328
2022_05_LAC_CLE,2022,5,2022-10-09T13:00-04:00,-2.0,2.319879243526826,2.5302810570661602,1.7814655172413794,2.3580206593517454,2.489098029117473
2022_05_MIA_NYJ,2022,5,2022-10-09T13:00-04:00,23.0,-3.4429255758166004,-2.6100435841366942,1.7814655172413794,-2.3805472327982056,-1.8881070626420282
2022_05_PIT_BUF,2022,5,2022-10-09T13:00-04:00,35.0,11.056706025646845,8.320125525716627,1.7814655172413794,8.529809638986528,8.563326087194241
2022_05_SEA_NO,2022,5,2022-10-09T13:00-04:00,7.0,2.5775174935582097,-2.7431982002406463,1.7814655172413794,-2.9528057326687955,-2.665934346717261
2022_05_TEN_WAS,2022,5,2022-10-09T13:00-04:00,-4.0,-1.2077547653493501,-3.6436497568700155,1.7814655172413794,-4.106919858143041,-4.039045503305233
2022_05_SF_CAR,2022,5,2022-10-09T16:05-04:00,-22.0,-4.180459989863594,-6.810395529519754,1.7814655172413794,-6.641790744088848,-6.6218524272931125
2022_05_DAL_LA,2022,5,2022-10-09T16:25-04:00,-12.0,0.3038862374683995,-0.7410874595522978,1.7814655172413794,-0.6374230547063393,-0.9132080108734494
2022_05_PHI_ARI,2022,5,2022-10-09T16:25-04:00,-3.0,-0.05237473197380771,-0.9542843685046107,1.7814655172413794,-1.024833710466433,-1.0294287822606938
2022_05_CIN_BAL,2022,5,2022-10-09T20:20-04:00,2.0,1.86911082626815,1.2806818753329594,1.7814655172413794,1.8711597446467056,1.9836679444127017
2022_05_LV_KC,2022,5,2022-10-10T20:15-04:00,1.0,8.588864823825292,11.311038699086279,1.7814655172413794,11.833246752073487,11.835589502749725
2022_06_WAS_CHI,2022,6,2022-10-13T20:15-04:00,-5.0,3.896772060112312,3.506643194348557,1.7814655172413794,3.830273031484062,3.6564042945886537
2022_06_BAL_NYG,2022,6,2022-10-16T13:00-04:00,4.0,-1.606764552938392,-3.7506336271148326,1.7814655172413794,-3.9787233261599333,-4.01363796193262
2022_06_CIN_NO,2022,6,2022-10-16T13:00-04:00,-4.0,-0.013692592740976117,-2.762068676034804,1.7814655172413794,-2.9169485082318056,-2.8216621158984965
2022_06_JAX_IND,2022,6,2022-10-16T13:00-04:00,7.0,5.757281512140681,5.165990029416593,1.7814655172413794,5.342948634279686,5.460664438942111
2022_06_MIN_MIA,2022,6,2022-10-16T13:00-04:00,-8.0,1.9859435637007758,-1.7527175308450054,1.7814655172413794,-1.809032843001353,-1.8503858784220482
2022_06_NE_CLE,2022,6,2022-10-16T13:00-04:00,-23.0,-0.9419336839339634,0.042970700445433385,1.7814655172413794,-0.16510810036302503,-0.07367982704636722
2022_06_NYJ_GB,2022,6,2022-10-16T13:00-04:00,-17.0,7.58656157582449,7.725189695158016,1.7814655172413794,7.859936459195944,7.64861140425439
2022_06_SF_ATL,2022,6,2022-10-16T13:00-04:00,14.0,-3.4134942001924973,-6.07153312971566,1.7814655172413794,-5.5827324536804905,-5.651878323545743
2022_06_TB_PIT,2022,6,2022-10-16T13:00-04:00,2.0,-4.682368855815492,-6.509118791059054,1.7814655172413794,-6.356939087833826,-5.942326312876017
2022_06_ARI_SEA,2022,6,2022-10-16T16:05-04:00,10.0,1.424096937515556,0.017438417533424677,1.7814655172413794,0.10243412178018829,-0.14965777237979871
2022_06_CAR_LA,2022,6,2022-10-16T16:05-04:00,14.0,6.929762133350696,6.511917407922465,1.7814655172413794,6.473053202308897,6.441175009775221
2022_06_BUF_KC,2022,6,2022-10-16T16:25-04:00,-4.0,-1.1148323184609232,1.254191331688197,1.7814655172413794,1.1626260333180882,1.2046484338072028
2022_06_DAL_PHI,2022,6,2022-10-16T20:20-04:00,9.0,2.0140031606186306,1.770200045807586,1.7814655172413794,1.6978610208229448,1.6365087575374706
2022_06_DEN_LAC,2022,6,2022-10-17T20:15-04:00,3.0,3.893098748772635,5.168591205845688,1.7814655172413794,5.267811811895473,5.187680228670176
2022_07_NO_ARI,2022,7,2022-10-20T20:15-04:00,8.0,2.4907935188180588,2.548152003093797,1.7814655172413794,2.6307023897713484,2.8000712488499033
2022_07_ATL_CIN,2022,7,2022-10-23T13:00-04:00,18.0,5.222687069062894,4.375111782063714,1.7814655172413794,3.5119680004545373,3.414717463924907
2022_07_CLE_BAL,2022,7,2022-10-23T13:00-04:00,3.0,5.993750589459065,5.631405989152678,1.7814655172413794,6.196880545247246,6.196500216308391
2022_07_DET_DAL,2022,7,2022-10-23T13:00-04:00,18.0,9.631857832377085,9.829805572852369,1.7814655172413794,10.044616884772946,9.922693459630983
2022_07_GB_WAS,2022,7,2022-10-23T13:00-04:00,2.0,-1.1298109780124612,-3.47884030084717,1.7814655172413794,-3.760635517787439,-3.674802816480706
2022_07_IND_TEN,2022,7,2022-10-23T13:00-04:00,9.0,2.6538484656594354,0.755497845143612,1.7814655172413794,0.8797215248284398,0.8171132112301775
2022_07_NYG_JAX,2022,7,2022-10-23T13:00-04:00,-6.0,1.1324875021100773,0.900033729409544,1.7814655172413794,0.37988419130758866,0.3880530741045427
2022_07_TB_CAR,2022,7,2022-10-23T13:00-04:00,18.0,-6.146831008963961,-10.483458791383743,1.7814655172413794,-9.989544975995809,-9.90294624899582
2022_07_HOU_LV,2022,7,2022-10-23T16:05-04:00,18.0,5.210647888183788,4.988091706850155,1.7814655172413794,4.913043549211908,5.033036414436539
2022_07_NYJ_DEN,2022,7,2022-10-23T16:05-04:00,-7.0,2.96004457168754,1.599612659362734,1.7814655172413794,1.2008630258895514,0.8762612742467597
2022_07_KC_SF,2022,7,2022-10-23T16:25-04:00,-21.0,1.3865208179631914,-0.14195731780595944,1.7814655172413794,-0.20186384272764135,-0.2293537673122914
2022_07_SEA_LAC,2022,7,2022-10-23T16:25-04:00,-14.0,2.846996240821854,2.976142939107069,1.7814655172413794,2.624023933583485,2.819394378191725
2022_07_PIT_MIA,2022,7,2022-10-23T20:20-04:00,6.0,4.443481036839861,1.146992140446438,1.7814655172413794,0.7018078513253331,0.4134980873199554
2022_07_CHI_NE,2022,7,2022-10-24T20:15-04:00,-19.0,9.8809851063265,10.799033752925988,1.7814655172413794,10.411285347023995,10.511499380366798
2022_08_BAL_TB,2022,8,2022-10-27T20:15-04:00,-5.0,3.203234732592684,0.040364414428717854,1.7814655172413794,-0.4543853259891071,-0.6015390454872804
2022_08_DEN_JAX,2022,8,2022-10-30T09:30-04:00,-4.0,-1.9294312985976914,-2.5858343008916744,1.7814655172413794,-2.255012061677181,-2.3177719405673156
2022_08_ARI_MIN,2022,8,2022-10-30T13:00-04:00,8.0,3.631037422870534,3.530844105926875,1.7814655172413794,3.6101705370278876,3.425819537894549
2022_08_CAR_ATL,2022,8,2022-10-30T13:00-04:00,3.0,5.317878226384408,5.864525556496269,1.7814655172413794,6.351038740173298,6.288050113426144
2022_08_CHI_DAL,2022,8,2022-10-30T13:00-04:00,20.0,7.870062012390265,10.13059053929808,1.7814655172413794,9.82860100788497,9.873639328615061
2022_08_LV_NO,2022,8,2022-10-30T13:00-04:00,24.0,1.0578547426938378,0.3702401725348674,1.7814655172413794,0.6402104698793399,0.539520888936694
2022_08_MIA_DET,2022,8,2022-10-30T13:00-04:00,-4.0,-1.3087290269988174,-1.882273948940304,1.7814655172413794,-1.4508979360399574,-1.4794896317332684
2022_08_NE_NYJ,2022,8,2022-10-30T13:00-04:00,-5.0,-1.1529886123574276,-1.3529339356399537,1.7814655172413794,-1.3435291482134626,-1.2884960787186552
2022_08_PIT_PHI,2022,8,2022-10-30T13:00-04:00,22.0,9.189601035789705,8.89101159805139,1.7814655172413794,9.121577352663978,9.183240513862275
2022_08_TEN_HOU,2022,8,2022-10-30T16:05-04:00,-7.0,-2.321235191048653,-4.524955519114705,1.7814655172413794,-5.08891474910876,-5.153292874376467
2022_08_NYG_SEA,2022,8,2022-10-30T16:25-04:00,14.0,4.9147114319643475,5.72324613596872,1.7814655172413794,5.521984501102915,5.327179268098494
2022_08_SF_LA,2022,8,2022-10-30T16:25-04:00,-17.0,0.9126510469797773,0.36912980148882724,1.7814655172413794,0.5503455684824666,0.5602722853513609
2022_08_WAS_IND,2022,8,2022-10-30T16:25-04:00,-1.0,5.094787991952611,3.509856870651025,1.7814655172413794,3.9379141850047867,3.54889139565604
2022_08_GB_BUF,2022,8,2022-10-30T20:20-04:00,10.0,10.67058895680174,9.783035243092229,1.7814655172413794,9.732963857004226,9.746826523198697
2022_08_CIN_CLE,2022,8,2022-10-31T20:15-04:00,19.0,-3.0582539597567973,-3.3595664532543306,1.7814655172413794,-3.349256164774474,-3.1149078488062845
2022_09_PHI_HOU,2022,9,2022-11-03T20:15-04:00,-12.0,-6.564237750361556,-9.516252035195462,1.7814655172413794,-9.977736174877352,-9.970173756145922
2022_09_BUF_NYJ,2022,9,2022-11-06T13:00-05:00,3.0,-7.013643048711792,-7.206660174831672,1.7814655172413794,-7.126260914719021,-6.856753869655929
2022_09_CAR_CIN,2022,9,2022-11-06T13:00-05:00,21.0,8.283321368109037,7.597397072414264,1.7814655172413794,7.621109675165584,7.43857534160575
2022_09_GB_DET,2022,9,2022-11-06T13:00-05:00,6.0,-2.6019755434315393,-3.658314171670969,1.7814655172413794,-3.5104305629277084,-3.46913691516914
2022_09_IND_NE,2022,9,2022-11-06T13:00-05:00,23.0,6.359352495588057,5.0439890998091865,1.7814655172413794,4.950307927184329,5.436033941781294
2022_09_LAC_ATL,2022,9,2022-11-06T13:00-05:00,-3.0,2.472064859501325,-0.0687203635456537,1.7814655172413794,0.8449110720122204,0.8335786594692315
2022_09_LV_JAX,2022,9,2022-11-06T13:00-05:00,7.0,-0.571543845225551,-0.70171475912484,1.7814655172413794,-0.37669252826428734,-0.43287780727546304
2022_09_MIA_CHI,2022,9,2022-11-06T13:00-05:00,-3.0,0.5966974460856211,-0.7043175189153249,1.7814655172413794,0.31477320205188486,0.19444457232391427
2022_09_MIN_WAS,2022,9,2022-11-06T13:00-05:00,-3.0,-1.3850044521186842,-3.505807535002468,1.7814655172413794,-3.836418385132275,-3.6646159274935615
2022_09_SEA_ARI,2022,9,2022-11-06T16:05-05:00,-10.0,0.43011453525139975,0.015869443877925882,1.7814655172413794,0.06483532356029925,0.3965272737609826
2022_09_LA_TB,2022,9,2022-11-06T16:25-05:00,3.0,4.884739419194901,2.8657791538772024,1.7814655172413794,2.2824752469814418,2.2270591560241826
2022_09_TEN_KC,2022,9,2022-11-06T20:20-05:00,3.0,7.231854268986066,10.062055495268968,1.7814655172413794,10.438916938663665,10.515448586768347
2022_09_BAL_NO,2022,9,2022-11-07T20:15-05:00,-14.0,1.4151956940333825,1.23073412783861,1.7814655172413794,0.75450477387052,0.6160891672513283
2022_10_ATL_CAR,2022,10,2022-11-10T20:15-05:00,10.0,-0.5135425253559696,-2.6459975997545615,1.7814655172413794,-3.0369076516568674,-2.968518861999269
2022_10_SEA_TB,2022,10,2022-11-13T09:30-05:00,5.0,-1.4254479803723137,-3.036948074578093,1.7814655172413794,-3.402834235596881,-3.2330416822153905
2022_10_CLE_MIA,2022,10,2022-11-13T13:00-05:00,22.0,2.5997267966981035,1.62583298089672,1.7814655172413794,1.5976295645683225,1.5105380627302172
2022_10_DEN_TEN,2022,10,2022-11-13T13:00-05:00,7.0,5.692008158355253,3.9946643881555395,1.7814655172413794,4.421776458697069,4.437293335542905
2022_10_DET_CHI,2022,10,2022-11-13T13:00-05:00,-1.0,3.894216644820829,1.7594496656919363,1.7814655172413794,1.9579516188451098,1.764321813534183
2022_10_HOU_NYG,2022,10,2022-11-13T13:00-05:00,8.0,5.227378022333835,5.030596603898607,1.7814655172413794,5.224022674644122,5.230856439745555
2022_10_JAX_KC,2022,10,2022-11-13T13:00-05:00,10.0,11.46123510240953,11.874815409920679,1.7814655172413794,12.310657169031682,12.43432604355215
2022_10_MIN_BUF,2022,10,2022-11-13T13:00-05:00,-3.0,8.566372670092589,5.478143195666295,1.7814655172413794,5.519778602669497,5.485218656033154
2022_10_NO_PIT,2022,10,2022-11-13T13:00-05:00,10.0,-0.9285962613285967,-0.33241333872071877,1.7814655172413794,-0.020287407384828593,-0.09498626762192341
2022_10_IND_LV,2022,10,2022-11-13T16:05-05:00,-5.0,3.0508785835535113,2.962549884678377,1.7814655172413794,2.726652565524009,2.646737402375185
2022_10_ARI_LA,2022,10,2022-11-13T16:25-05:00,-10.0,2.60692615834833,1.1057894554195808,1.7814655172413794,1.1055631652504756,0.991952461658388
2022_10_DAL_GB,2022,10,2022-11-13T16:25-05:00,3.0,-2.541842451892168,-5.844075182285344,1.7814655172413794,-6.35691330999577,-6.277522649145851
2022_10_LAC_SF,2022,10,2022-11-13T20:20-05:00,6.0,6.338718230524945,7.008511370030245,1.7814655172413794,7.449896520698208,7.5545185649664015
2022_10_WAS_PHI,2022,10,2022-11-14T20:15-05:00,-11.0,10.16435212182222,10.252768764273249,1.7814655172413794,10.769128254249177,10.668494176338612
2022_11_TEN_GB,2022,11,2022-11-17T20:15-05:00,-10.0,1.0141685144734758,1.6582905477684613,1.7814655172413794,1.216823531102426,1.2254789983544354
2022_11_CAR_BAL,2022,11,2022-11-20T13:00-05:00,10.0,9.206372899379524,10.751190289977046,1.7814655172413794,11.255532197569444,11.193525960502765
2022_11_CHI_ATL,2022,11,2022-11-20T13:00-05:00,3.0,3.2563551527008903,3.803297876223805,1.7814655172413794,3.939060904969428,4.075606457852374
2022_11_CLE_BUF,2022,11,2022-11-20T13:00-05:00,8.0,8.62605028334302,4.442834947990461,1.7814655172413794,4.87957037225264,4.776350425691656
2022_11_DET_NYG,2022,11,2022-11-20T13:00-05:00,-13.0,4.43518676422093,2.7700324907082887,1.7814655172413794,2.682228179173639,2.612162116993559
2022_11_LA_NO,2022,11,2022-11-20T13:00-05:00,7.0,3.155565199308861,1.247033299693379,1.7814655172413794,1.0227864675964342,0.9511491215474501
2022_11_NYJ_NE,2022,11,2022-11-20T13:00-05:00,7.0,7.227065654681326,6.365119265098542,1.7814655172413794,6.195772864644947,6.106295878589878
2022_11_PHI_IND,2022,11,2022-11-20T13:00-05:00,-1.0,-2.506890331635784,-5.013801236361573,1.7814655172413794,-5.688497490116651,-5.571142460724485
2022_11_WAS_HOU,2022,11,2022-11-20T13:00-05:00,-13.0,-1.4231966143100645,-3.020794964596194,1.7814655172413794,-3.087420084687847,-3.1702282596315774
2022_11_LV_DEN,2022,11,2022-11-20T16:05-05:00,-6.0,2.7420550526175607,0.6915633647760557,1.7814655172413794,0.18819188135005627,0.1321345450474345
2022_11_CIN_PIT,2022,11,2022-11-20T16:25-05:00,-7.0,-3.701969775912036,-5.249770980602377,1.7814655172413794,-5.130730829081096,-5.173006216290499
2022_11_DAL_MIN,2022,11,2022-11-20T16:25-05:00,-37.0,0.6390265625495606,-0.9753365134371017,1.7814655172413794,-0.9130599541884963,-0.9372958709140983
2022_11_KC_LAC,2022,11,2022-11-20T20:20-05:00,-3.0,-3.6563630138942305,-5.649172288737871,1.7814655172413794,-6.24786660530117,-6.408520673152003
2022_11_SF_ARI,2022,11,2022-11-21T20:15-05:00,-28.0,-3.2688939828104067,-7.76593174031663,1.7814655172413794,-7.627821478546053,-7.587444514950125
2022_12_BUF_DET,2022,12,2022-11-24T12:30-05:00,-3.0,-6.686667785116466,-6.587558463376981,1.7814655172413794,-6.434966111474922,-6.390906028082396
2022_12_NYG_DAL,2022,12,2022-11-24T16:30-05:00,8.0,11.443269474651139,13.918556333290208,1.7814655172413794,14.417225468161078,14.38856544529375
2022_12_NE_MIN,2022,12,2022-11-24T20:20-05:00,7.0,-0.8973338590108466,-1.212792208062933,1.7814655172413794,-0.89426672922736,-1.132385770804457
2022_12_ATL_WAS,2022,12,2022-11-27T13:00-05:00,6.0,4.686159649127953,4.4114245929908416,1.7814655172413794,4.071929575203737,4.115249031714835
2022_12_BAL_JAX,2022,12,2022-11-27T13:00-05:00,1.0,-3.7524061824124146,-3.1649248320238415,1.7814655172413794,-3.423815556346691,-3.489049947955255
2022_12_CHI_NYJ,2022,12,2022-11-27T13:00-05:00,21.0,5.234861062086511,4.199272178017484,1.7814655172413794,4.665621992735833,5.096781711717816
2022_12_CIN_TEN,2022,12,2022-11-27T13:00-05:00,-4.0,1.5425573770155911,0.1646078968742768,1.7814655172413794,0.2935628279788596,0.48515379901687883
2022_12_DEN_CAR,2022,12,2022-11-27T13:00-05:00,13.0,1.118184552274085,-1.9707094868922028,1.7814655172413794,-1.4680839075806635,-1.3665568852503474
2022_12_HOU_MIA,2022,12,2022-11-27T13:00-05:00,15.0,9.501322866223706,10.925316682902983,1.7814655172413794,10.573154188269452,10.61065502911987
2022_12_TB_CLE,2022,12,2022-11-27T13:00-05:00,6.0,-0.8812999897736598,-1.6189459278161151,1.7814655172413794,-1.5856195890012683,-1.5486267823409188
2022_12_LAC_ARI,2022,12,2022-11-27T16:05-05:00,-1.0,1.4697892870937301,-0.2006220034766253,1.7814655172413794,0.25047998162945184,0.2919349916366061
2022_12_LV_SEA,2022,12,2022-11-27T16:05-05:00,-6.0,5.933620049981123,4.956238489113287,1.7814655172413794,4.928918439979592,4.667846271822838
2022_12_LA_KC,2022,12,2022-11-27T16:25-05:00,16.0,10.16056465017212,13.672157270217628,1.7814655172413794,13.910074810417715,14.06425634513401
2022_12_NO_SF,2022,12,2022-11-27T16:25-05:00,13.0,8.10910893885363,10.059358131994122,1.7814655172413794,10.136253389024027,10.190414026594835
2022_12_GB_PHI,2022,12,2022-11-27T20:20-05:00,7.0,6.732258897635124,4.829050152464791,1.7814655172413794,5.375866798893731,5.26328215889132
2022_12_PIT_IND,2022,12,2022-11-28T20:15-05:00,-7.0,4.552677039587984,2.4210283942083985,1.7814655172413794,2.221038244666736,2.4850647044896013
2022_13_BUF_NE,2022,13,2022-12-01T20:15-05:00,-14.0,-0.20292909485920596,-0.8444858843523935,1.7814655172413794,-0.6236164289122663,-0.503551213985101
2022_13_CLE_HOU,2022,13,2022-12-04T13:00-05:00,-13.0,-2.4670071445472903,-5.598724857822489,1.7814655172413794,-5.562384152230255,-5.584422300476167
2022_13_DEN_BAL,2022,13,2022-12-04T13:00-05:00,1.0,8.478307211645193,8.947081171548719,1.7814655172413794,9.560482336396948,9.626051297393682
2022_13_GB_CHI,2022,13,2022-12-04T13:00-05:00,-9.0,-1.0171825619775219,-2.393771235480957,1.7814655172413794,-2.365844568288149,-2.66767663731401
2022_13_JAX_DET,2022,13,2022-12-04T13:00-05:00,26.0,3.234291723759708,2.7769032932254105,1.7814655172413794,2.8346170203394543,2.9145987994581697
2022_13_NYJ_MIN,2022,13,2022-12-04T13:00-05:00,5.0,3.205586566550582,3.1431523785712567,1.7814655172413794,3.5703739509094037,3.3977460381998768
2022_13_PIT_ATL,2022,13,2022-12-04T13:00-05:00,-3.0,2.499310275043154,1.1341080221115496,1.7814655172413794,1.4179520563270867,1.6308234697008126
2022_13_TEN_PHI,2022,13,2022-12-04T13:00-05:00,25.0,4.030074520891114,3.6941716220677097,1.7814655172413794,4.138178120095703,4.129452726142879
2022_13_WAS_NYG,2022,13,2022-12-04T13:00-05:00,0.0,-0.2961173722861874,-1.7482692579899048,1.7814655172413794,-1.5592587186350084,-1.6496816500289335
2022_13_MIA_SF,2022,13,2022-12-04T16:05-05:00,16.0,5.896452209878365,6.073394768670624,1.7814655172413794,6.381097687460718,6.391629997356973
2022_13_SEA_LA,2022,13,2022-12-04T16:05-05:00,-4.0,-1.3223561075765233,-3.186580503472745,1.7814655172413794,-3.258301762862077,-3.1496592073978986
2022_13_KC_CIN,2022,13,2022-12-04T16:25-05:00,3.0,0.4210825318169804,-2.4577728679035404,1.7814655172413794,-2.8583810176427873,-3.124945146313215
2022_13_LAC_LV,2022,13,2022-12-04T16:25-05:00,7.0,2.4529311289614237,2.7154746260078095,1.7814655172413794,3.1144838162899324,3.2678924770302915
2022_13_IND_DAL,2022,13,2022-12-04T20:20-05:00,35.0,10.193432174319408,12.401255991555988,1.7814655172413794,12.617087133456664,12.462987826657297
2022_13_NO_TB,2022,13,2022-12-05T20:15-05:00,1.0,4.936278087711971,5.040876598024544,1.7814655172413794,4.881310613822404,4.928359012328638
2022_14_LV_LA,2022,14,2022-12-08T20:15-05:00,1.0,-0.22063252235222297,-0.5819835196762307,1.7814655172413794,-0.6487557924008431,-0.6606865781334836
2022_14_BAL_PIT,2022,14,2022-12-11T13:00-05:00,-2.0,-1.6167069480020526,-0.10965734608966038,1.7814655172413794,-0.22319723740510855,-0.3612644397374045
2022_14_CLE_CIN,2022,14,2022-12-11T13:00-05:00,13.0,6.97046249295005,6.648755425799678,1.7814655172413794,7.049074054271555,6.828535152345207
2022_14_HOU_DAL,2022,14,2022-12-11T13:00-05:00,4.0,16.591292078838414,20.003800497560178,1.7814655172413794,20.500573211264058,20.385941151452457
2022_14_JAX_TEN,2022,14,2022-12-11T13:00-05:00,-14.0,7.406606100842426,4.506309273181261,1.7814655172413794,4.499553200184493,4.553959542642917
2022_14_MIN_DET,2022,14,2022-12-11T13:00-05:00,11.0,0.14741425016072407,0.6809607299539129,1.7814655172413794,0.14589215704378256,0.21577607390560927
2022_14_NYJ_BUF,2022,14,2022-12-11T13:00-05:00,8.0,9.290610766963272,8.266044751669506,1.7814655172413794,8.34321209018999,8.35555942799259
2022_14_PHI_NYG,2022,14,2022-12-11T13:00-05:00,-26.0,-5.378526218749477,-6.801956488094113,1.7814655172413794,-6.92636250749694,-6.949607166322201
2022_14_KC_DEN,2022,14,2022-12-11T16:05-05:00,-6.0,-5.958819904169719,-10.381096111751102,1.7814655172413794,-11.09856700486646,-11.195534953523659
2022_14_CAR_SEA,2022,14,2022-12-11T16:25-05:00,-6.0,6.799354332585844,6.336003146574651,1.7814655172413794,6.700246635652977,6.462948081622198
2022_14_TB_SF,2022,14,2022-12-11T16:25-05:00,28.0,7.459451451151134,5.139723253730786,1.7814655172413794,5.516048444395338,5.234015421772279
2022_14_MIA_LAC,2022,14,2022-12-11T20:20-05:00,6.0,0.8929222258515099,0.4334351293525706,1.7814655172413794,0.2980658945720138,0.14107750357643525
2022_14_NE_ARI,2022,14,2022-12-12T20:15-05:00,-14.0,-2.0672112522872306,-1.8011690682213608,1.7814655172413794,-1.8354432655785908,-2.0024157837281376
2022_15_SF_SEA,2022,15,2022-12-15T20:15-05:00,-8.0,-4.340652098784006,-3.002644623201257,1.7814655172413794,-2.6166698044062553,-2.6793377661826825
2022_15_IND_MIN,2022,15,2022-12-17T13:00-05:00,3.0,7.003641063164379,5.741490770602172,1.7814655172413794,6.041265097776593,5.824532703297914
2022_15_BAL_CLE,2022,15,2022-12-17T16:30-05:00,10.0,-0.5412458585629052,0.628204957639632,1.7814655172413794,-0.010756406194239565,0.1872109523352048
2022_15_MIA_BUF,2022,15,2022-12-17T20:15-05:00,3.0,9.45920929366552,7.247918312361946,1.7814655172413794,7.839573829298938,7.848887821261308
2022_15_ATL_NO,2022,15,2022-12-18T13:00-05:00,3.0,4.300082943596143,2.5281059971265334,1.7814655172413794,2.1420873383404735,2.039294613578302
2022_15_DAL_JAX,2022,15,2022-12-18T13:00-05:00,6.0,-6.518377747603186,-7.444687797769031,1.7814655172413794,-7.394168759737199,-7.353990761906267
2022_15_DET_NYJ,2022,15,2022-12-18T13:00-05:00,-3.0,3.160689044555581,-1.670414706718561,1.7814655172413794,-1.7468299052373606,-2.3524971817041274
2022_15_KC_HOU,2022,15,2022-12-18T13:00-05:00,-6.0,-9.268240015045203,-17.188939180446432,1.7814655172413794,-17.714765247181425,-17.824676013174717
2022_15_PHI_CHI,2022,15,2022-12-18T13:00-05:00,-5.0,-8.888313932819063,-10.169838058859032,1.7814655172413794,-10.42350424239382,-10.668054487317157
2022_15_PIT_CAR,2022,15,2022-12-18T13:00-05:00,-8.0,2.588428200507006,0.9021772040876322,1.7814655172413794,0.5363315904129304,0.811029149041731
2022_15_ARI_DEN,2022,15,2022-12-18T16:05-05:00,9.0,2.4509430570932276,-2.209963303000119,1.7814655172413794,-2.798592032415879,-2.970946111316545
2022_15_NE_LV,2022,15,2022-12-18T16:05-05:00,6.0,-1.3590774472824587,-1.66948467390106,1.7814655172413794,-1.70387410157068,-1.7606458764915112
2022_15_CIN_TB,2022,15,2022-12-18T16:25-05:00,-11.0,-2.658768135408537,-2.5812883631402572,1.7814655172413794,-2.6973947874150026,-2.5381613259942477
2022_15_TEN_LAC,2022,15,2022-12-18T16:25-05:00,3.0,3.099112348937854,4.553264101099428,1.7814655172413794,4.543703855290024,4.395473262385497
2022_15_NYG_WAS,2022,15,2022-12-18T20:20-05:00,-8.0,6.751699766443259,7.123185669928661,1.7814655172413794,6.404163383895078,6.519384970335696
2022_15_LA_GB,2022,15,2022-12-19T20:15-05:00,12.0,5.134377873434823,5.153592891843044,1.7814655172413794,5.265235898835996,5.325040920302745
2022_16_JAX_NYJ,2022,16,2022-12-22T20:15-05:00,-16.0,4.807994690141328,1.5433315053446965,1.7814655172413794,0.8465487939707335,0.25672280340112286
2022_16_ATL_BAL,2022,16,2022-12-24T13:00-05:00,8.0,6.582940532953289,3.6317816111940315,1.7814655172413794,3.521872810392112,3.3597348162700422
2022_16_BUF_CHI,2022,16,2022-12-24T13:00-05:00,-22.0,-8.981512920571197,-10.692288267802974,1.7814655172413794,-10.838793767234943,-11.15960692345131
2022_16_CIN_NE,2022,16,2022-12-24T13:00-05:00,-4.0,0.5066194325302051,-1.8991284908785597,1.7814655172413794,-2.032780575566243,-1.7018424215808907
2022_16_DET_CAR,2022,16,2022-12-24T13:00-05:00,14.0,-0.8827729605950783,-2.204360998556514,1.7814655172413794,-2.4288595181192156,-2.3883240498707425
2022_16_NO_CLE,2022,16,2022-12-24T13:00-05:00,-7.0,3.5178110511180987,4.9225476119917335,1.7814655172413794,4.674343969518695,4.814103733564407
2022_16_NYG_MIN,2022,16,2022-12-24T13:00-05:00,3.0,6.308128577156403,3.6796510459011325,1.7814655172413794,3.4630039625771603,3.4212151134925395
2022_16_SEA_KC,2022,16,2022-12-24T13:00-05:00,14.0,7.8122549166183095,11.581121539860014,1.7814655172413794,11.454859399016975,11.657214649919698
2022_16_HOU_TEN,2022,16,2022-12-24T14:00-05:00,-5.0,7.35314204529384,3.4898580956878678,1.7814655172413794,3.1338044458922045,2.6247329614784194
2022_16_WAS_SF,2022,16,2022-12-24T16:05-05:00,17.0,11.212724174911365,8.66172980131678,1.7814655172413794,9.009098332401525,8.98763797719375
2022_16_PHI_DAL,2022,16,2022-12-24T16:25-05:00,6.0,1.434442339760838,4.455009359613736,1.7814655172413794,4.3047080650470555,4.9648209061378505
2022_16_LV_PIT,2022,16,2022-12-24T20:15-05:00,3.0,0.9092879566071681,1.2886556379834033,1.7814655172413794,1.3646178878026558,1.070125686522812
2022_16_GB_MIA,2022,16,2022-12-25T13:00-05:00,-6.0,3.0532817287436522,0.8086340183362548,1.7814655172413794,0.3877203912988225,0.3302184224047007
2022_16_DEN_LA,2022,16,2022-12-25T16:30-05:00,37.0,1.5034704858586743,1.2154673032189867,1.7814655172413794,1.5516053111496064,1.5979787563143293
2022_16_TB_ARI,2022,16,2022-12-25T20:20-05:00,-3.0,0.6201943210114922,-0.5401031717022475,1.7814655172413794,0.054771012538189,0.12958650389948811
2022_16_LAC_IND,2022,16,2022-12-26T20:15-05:00,-17.0,-0.4287194646759529,-2.7800362442050917,1.7814655172413794,-2.4549628067153932,-2.22207885427071
2022_17_DAL_TEN,2022,17,2022-12-29T20:15-05:00,-14.0,-4.934362367435158,-11.09537320985308,1.7814655172413794,-11.554797781397825,-11.964833724329612
2022_17_ARI_ATL,2022,17,2023-01-01T13:00-05:00,1.0,3.122220085498618,3.3229710895355162,1.7814655172413794,3.3958897436354905,3.341027844049269
2022_17_CAR_TB,2022,17,2023-01-01T13:00-05:00,6.0,3.0844981575557364,4.066324271304599,1.7814655172413794,4.201359955172343,4.188459667339435
2022_17_CHI_DET,2022,17,2023-01-01T13:00-05:00,31.0,7.530475658375947,8.219010360859212,1.7814655172413794,8.152099479326562,8.421918404034647
2022_17_CLE_WAS,2022,17,2023-01-01T13:00-05:00,-14.0,1.8015000549899667,0.5185260064776758,1.7814655172413794,0.8122292875377644,0.8244218371933459
2022_17_DEN_KC,2022,17,2023-01-01T13:00-05:00,3.0,12.192780527951488,14.717048514476538,1.7814655172413794,15.190949156750056,15.267255016884494
2022_17_IND_NYG,2022,17,2023-01-01T13:00-05:00,28.0,4.085922009969353,5.09824237064787,1.7814655172413794,5.490745509880101,5.313856741620713
2022_17_JAX_HOU,2022,17,2023-01-01T13:00-05:00,-28.0,-1.9514951959542755,-4.80945267266305,1.7814655172413794,-5.173664418322435,-5.144052718955249
2022_17_MIA_NE,2022,17,2023-01-01T13:00-05:00,2.0,4.983102693280809,5.183248720281659,1.7814655172413794,5.586760782353913,5.838922161828077
2022_17_NO_PHI,2022,17,2023-01-01T13:00-05:00,-10.0,8.774848700632091,6.364927983141065,1.7814655172413794,6.8295231197251,6.225409052506568
2022_17_NYJ_SEA,2022,17,2023-01-01T16:05-05:00,17.0,3.3156926754238443,1.7802937799426497,1.7814655172413794,2.4578794532962243,2.2492601645413135
2022_17_SF_LV,2022,17,2023-01-01T16:05-05:00,-3.0,-5.288987506285432,-6.318896358265904,1.7814655172413794,-6.199152156054181,-6.466662907321541
2022_17_LA_LAC,2022,17,2023-01-01T16:25-05:00,21.0,5.127458730091085,4.901069590278228,1.7814655172413794,4.654289027229902,4.524931772426854
2022_17_MIN_GB,2022,17,2023-01-01T16:25-05:00,24.0,3.232338836406553,4.039999315549386,1.7814655172413794,4.014747897185688,4.189980948032081
2022_17_PIT_BAL,2022,17,2023-01-01T20:20-05:00,-3.0,5.038951408145542,1.3600398438199726,1.7814655172413794,1.2658440022068382,1.3130465742448738
2022_18_KC_LV,2022,18,2023-01-07T16:30-05:00,-18.0,-2.380590730741546,-5.987519547867111,1.7814655172413794,-5.838162029450839,-5.853477014569629
2022_18_TEN_JAX,2022,18,2023-01-07T20:15-05:00,4.0,6.131247279896875,5.146075387521372,1.7814655172413794,5.653191235591999,5.53706597007435
2022_18_BAL_CIN,2022,18,2023-01-08T13:00-05:00,11.0,7.084471442703394,8.131527404431768,1.7814655172413794,8.272645824694367,8.323369351320059
2022_18_CAR_NO,2022,18,2023-01-08T13:00-05:00,-3.0,5.4108454975639315,3.08001509842487,1.7814655172413794,3.0434233898436704,2.9339082461610433
2022_18_CLE_PIT,2022,18,2023-01-08T13:00-05:00,14.0,1.734031711981956,3.229013938671791,1.7814655172413794,3.76885242678756,3.526656519665069
2022_18_HOU_IND,2022,18,2023-01-08T13:00-05:00,-1.0,2.839336383668721,3.221611958548335,1.7814655172413794,3.3074733404923196,3.4212075249381284
2022_18_MIN_CHI,2022,18,2023-01-08T13:00-05:00,-16.0,-3.3609471164182345,-6.213337291960926,1.7814655172413794,-6.407957744208104,-6.571105292119906
2022_18_NE_BUF,2022,18,2023-01-08T13:00-05:00,12.0,7.8863405689438775,6.474356728098596,1.7814655172413794,6.335474697268662,6.223914888990335
2022_18_NYJ_MIA,2022,18,2023-01-08T13:00-05:00,5.0,5.155361855303342,6.142717745727577,1.7814655172413794,6.280459115917493,6.333805947743307
2022_18_TB_ATL,2022,18,2023-01-08T13:00-05:00,13.0,0.32155611376267057,-0.2789211543836422,1.7814655172413794,0.3827465026953099,0.393893848397881
2022_18_ARI_SF,2022,18,2023-01-08T16:25-05:00,25.0,13.614020304148907,13.01523182423773,1.7814655172413794,12.909523836798492,13.005616292489565
2022_18_DAL_WAS,2022,18,2023-01-08T16:25-05:00,20.0,-6.517520567555065,-7.867390859440691,1.7814655172413794,-7.837732402900297,-7.694131240533005
2022_18_LAC_DEN,2022,18,2023-01-08T16:25-05:00,3.0,-2.6319112715965662,-5.979426624159414,1.7814655172413794,-6.226427108656272,-6.139528856457239
2022_18_LA_SEA,2022,18,2023-01-08T16:25-05:00,3.0,6.165657007553631,3.04442761422083,1.7814655172413794,3.1975128098345778,2.9425587086140714
2022_18_NYG_PHI,2022,18,2023-01-08T16:25-05:00,6.0,8.481885070952728,4.824862487241621,1.7814655172413794,4.757234394918147,4.558154208257957
2022_18_DET_GB,2022,18,2023-01-08T20:20-05:00,-4.0,4.062810294448841,4.381802112094399,1.7814655172413794,4.536799632133318,4.6119593542398665
2023_01_DET_KC,2023,1,2023-09-07T20:20-04:00,-1.0,4.89309469899032,5.280799539034099,1.8020069471246623,5.364613738375772,5.422131829184922
2023_01_ARI_WAS,2023,1,2023-09-10T13:00-04:00,4.0,3.9368573957551196,1.5328371045902038,1.8020069471246623,1.4175171856933044,1.4078764805161637
2023_01_CAR_ATL,2023,1,2023-09-10T13:00-04:00,14.0,2.0817247134177754,0.6581793423913003,1.8020069471246623,1.2516220037577743,1.2473746632359015
2023_01_CIN_CLE,2023,1,2023-09-10T13:00-04:00,21.0,-0.6826120575038295,-3.0666582767484027,1.8020069471246623,-3.6542584215731466,-3.5290102567471706
2023_01_HOU_BAL,2023,1,2023-09-10T13:00-04:00,16.0,5.825592926207008,3.6595340971204338,1.8020069471246623,3.58741275909072,3.647153039050035
2023_01_JAX_IND,2023,1,2023-09-10T13:00-04:00,-10.0,-1.120132747534221,-1.7030061299696984,1.8020069471246623,-1.8707222355054531,-1.7237758428751278
2023_01_SF_PIT,2023,1,2023-09-10T13:00-04:00,-23.0,-1.6127490900872479,-3.305678643439238,1.8020069471246623,-2.690995355569039,-2.8285464013597705
2023_01_TB_MIN,2023,1,2023-09-10T13:00-04:00,-3.0,3.28823996827274,1.538941670456745,1.8020069471246623,1.5746080183385778,1.3368184128202036
2023_01_TEN_NO,2023,1,2023-09-10T13:00-04:00,1.0,3.9188085973432814,4.227567165043831,1.8020069471246623,4.186743133067632,4.04290059094137
2023_01_GB_CHI,2023,1,2023-09-10T16:25-04:00,-18.0,-2.4682520735048783,-5.892286855112307,1.8020069471246623,-6.211178386897965,-6.150579337210198
2023_01_LA_SEA,2023,1,2023-09-10T16:25-04:00,-17.0,4.095404228210294,2.081533175036106,1.8020069471246623,2.307716803168823,2.3413539835635557
2023_01_LV_DEN,2023,1,2023-09-10T16:25-04:00,-1.0,1.5802881612734534,3.4392971588304047,1.8020069471246623,2.771302630528599,2.812066369287573
2023_01_MIA_LAC,2023,1,2023-09-10T16:25-04:00,-2.0,3.072459312804362,3.5215388080745518,1.8020069471246623,3.7795488191099094,3.6718726799259556
2023_01_PHI_NE,2023,1,2023-09-10T16:25-04:00,-5.0,1.4473197198729322,2.5356612389298894,1.8020069471246623,2.713281834203616,2.9222237958115187
2023_01_DAL_NYG,2023,1,2023-09-10T20:20-04:00,-40.0,-0.5015280772088784,-1.1467805829556408,1.8020069471246623,-0.8362090572152765,-0.7883251461955575
2023_01_BUF_NYJ,2023,1,2023-09-11T20:15-04:00,6.0,-2.6871060158586833,-4.192467211067521,1.8020069471246623,-4.728111161542372,-4.659555284390175
2023_02_MIN_PHI,2023,2,2023-09-14T20:15-04:00,6.0,5.7231196935007755,3.893201517720467,1.8020069471246623,4.14162393226776,4.161781474029749
2023_02_BAL_CIN,2023,2,2023-09-17T13:00-04:00,-3.0,2.822819832614468,5.476848630768832,1.8020069471246623,5.821097726889544,5.625847459517595
2023_02_CHI_TB,2023,2,2023-09-17T13:00-04:00,10.0,7.226661648312599,8.097672019886028,1.8020069471246623,7.988264179085893,8.051127336577336
2023_02_GB_ATL,2023,2,2023-09-17T13:00-04:00,1.0,0.21256138305579864,-1.3619532727086523,1.8020069471246623,-0.9821975619827981,-0.673695554605872
2023_02_IND_HOU,2023,2,2023-09-17T13:00-04:00,-11.0,2.5211915503412525,0.5759133872745066,1.8020069471246623,0.6611777246988804,0.8742301913221682
2023_02_KC_JAX,2023,2,2023-09-17T13:00-04:00,-8.0,0.854999773218696,-3.3435936538099336,1.8020069471246623,-2.903892580827819,-3.017475619363272
2023_02_LAC_TEN,2023,2,2023-09-17T13:00-04:00,3.0,1.078493235027553,-1.7816218592399131,1.8020069471246623,-1.7559794517767287,-1.4976629953919345
2023_02_LV_BUF,2023,2,2023-09-17T13:00-04:00,28.0,6.177413802967484,5.285533517449908,1.8020069471246623,5.044280586344627,5.161497917071562
2023_02_SEA_DET,2023,2,2023-09-17T13:00-04:00,-6.0,5.015644933907401,6.515087958179574,1.8020069471246623,6.191400631147167,6.461784892009146
2023_02_NYG_ARI,2023,2,2023-09-17T16:05-04:00,-3.0,2.55117470235786,-0.33247337781278397,1.8020069471246623,-0.43361223955602646,-0.3833661114745375
2023_02_SF_LA,2023,2,2023-09-17T16:05-04:00,-7.0,-3.1859324744815014,-5.495704522345385,1.8020069471246623,-5.2617864191427515,-5.363303617061609
2023_02_NYJ_DAL,2023,2,2023-09-17T16:25-04:00,20.0,6.783285525049171,5.970651150485253,1.8020069471246623,6.170150744836739,6.004440019901212
2023_02_WAS_DEN,2023,2,2023-09-17T16:25-04:00,-2.0,1.6206103110048278,0.9882048977798055,1.8020069471246623,0.7331292483356012,0.5995914770934297
2023_02_MIA_NE,2023,2,2023-09-17T20:20-04:00,-7.0,2.5053990581028174,1.8184067220834148,1.8020069471246623,2.100700239874272,2.1870538618170645
2023_02_NO_CAR,2023,2,2023-09-18T19:15-04:00,-3.0,1.0004306618424081,-1.2843618323659807,1.8020069471246623,-1.469306196216078,-1.4148910019347751
2023_02_CLE_PIT,2023,2,2023-09-18T20:15-04:00,4.0,0.036963477592331095,-0.08541316314160241,1.8020069471246623,0.9963766507514215,0.7536820255964101
2023_03_NYG_SF,2023,3,2023-09-21T20:15-04:00,18.0,10.33658598867656,12.53081272321864,1.8020069471246623,11.923168841551934,11.988464992169664
2023_03_ATL_DET,2023,3,2023-09-24T13:00-04:00,14.0,3.002613983426714,0.8824378783165219,1.8020069471246623,0.7563923695130494,0.8114676859796697
2023_03_BUF_WAS,2023,3,2023-09-24T13:00-04:00,-34.0,-2.833233403564515,-5.95731210026545,1.8020069471246623,-5.746559643299825,-5.987298117665364
2023_03_DEN_MIA,2023,3,2023-09-24T13:00-04:00,50.0,5.629509740863089,6.88504864997892,1.8020069471246623,7.18931006842124,7.251567487047007
2023_03_HOU_JAX,2023,3,2023-09-24T13:00-04:00,-20.0,7.780885668347028,8.458150878507931,1.8020069471246623,8.523834157955076,8.577434673146191
2023_03_IND_BAL,2023,3,2023-09-24T13:00-04:00,-3.0,6.7955676587877,7.8261103316790885,1.8020069471246623,7.7402434965122415,8.075993580740176
2023_03_LAC_MIN,2023,3,2023-09-24T13:00-04:00,-4.0,1.6138141712118341,0.5264880440602684,1.8020069471246623,0.6270729420597729,0.720397676812762
2023_03_NE_NYJ,2023,3,2023-09-24T13:00-04:00,-5.0,1.1713219998587352,-1.9005575797012497,1.8020069471246623,-2.2332362427267123,-2.2162656363514333
2023_03_NO_GB,2023,3,2023-09-24T13:00-04:00,1.0,4.298245089282723,4.935598003596869,1.8020069471246623,4.983324347455522,4.682019310402505
2023_03_TEN_CLE,2023,3,2023-09-24T13:00-04:00,24.0,4.22255922386061,3.8679593165095465,1.8020069471246623,3.485227599987274,3.4395991666717616
2023_03_CAR_SEA,2023,3,2023-09-24T16:05-04:00,10.0,3.867871991919527,4.410921395983041,1.8020069471246623,4.5617944063299145,4.449299830327552
2023_03_CHI_KC,2023,3,2023-09-24T16:25-04:00,31.0,11.27967674878526,15.409629123052989,1.8020069471246623,15.362324465894197,15.360605049032731
2023_03_DAL_ARI,2023,3,2023-09-24T16:25-04:00,12.0,-4.85794506314917,-6.933518305326766,1.8020069471246623,-6.603364366708056,-6.480960843749396
2023_03_PIT_LV,2023,3,2023-09-24T20:20-04:00,-5.0,1.7735211866392648,1.2684523902069473,1.8020069471246623,0.9767863530428416,1.137612096652413
2023_03_PHI_TB,2023,3,2023-09-25T19:15-04:00,-14.0,-0.3808893131434914,-0.6653870938411947,1.8020069471246623,-1.228550587480299,-1.0503943640460183
2023_03_LA_CIN,2023,3,2023-09-25T20:15-04:00,3.0,3.568175541273554,2.5791766676313355,1.8020069471246623,2.7268950912179366,2.6007381342851783
2023_04_DET_GB,2023,4,2023-09-28T20:15-04:00,-14.0,3.0945365080366565,1.9392835267740982,1.8020069471246623,2.1969238888094003,2.097587372711918
2023_04_ATL_JAX,2023,4,2023-10-01T09:30-04:00,16.0,-0.146403410918168,-2.9095486642981445,1.8020069471246623,-2.415091615359889,-2.444611714569304
2023_04_BAL_CLE,2023,4,2023-10-01T13:00-04:00,-25.0,4.12424418110351,2.0396973270325782,1.8020069471246623,1.5620742001627468,1.4891984977485309
2023_04_CIN_TEN,2023,4,2023-10-01T13:00-04:00,24.0,-0.7063824257138664,-4.222595831718154,1.8020069471246623,-4.377538472390192,-4.17371360302565
2023_04_DEN_CHI,2023,4,2023-10-01T13:00-04:00,-3.0,-1.0400278273466617,-1.7701978452943272,1.8020069471246623,-1.9201259999731977,-1.7932501482871095
2023_04_LA_IND,2023,4,2023-10-01T13:00-04:00,-6.0,0.5152654335771178,-3.5965700651325436,1.8020069471246623,-3.4483394528841362,-3.691933249572862
2023_04_MIA_BUF,2023,4,2023-10-01T13:00-04:00,28.0,6.126204898347323,4.535018233885346,1.8020069471246623,4.530815814457746,4.643074865393146
2023_04_MIN_CAR,2023,4,2023-10-01T13:00-04:00,-8.0,1.251304203369521,-0.9639468955583997,1.8020069471246623,-1.0077950511745994,-0.9936763974243613
2023_04_PIT_HOU,2023,4,2023-10-01T13:00-04:00,24.0,-0.3482564344330399,-3.352897656182285,1.8020069471246623,-3.509426985852792,-3.4117319076895383
2023_04_TB_NO,2023,4,2023-10-01T13:00-04:00,-17.0,4.274850935446897,1.411185882734145,1.8020069471246623,1.486667554779702,1.2717707024548843
2023_04_WAS_PHI,2023,4,2023-10-01T13:00-04:00,3.0,8.061500196571986,9.342076406692282,1.8020069471246623,9.451202806652452,9.268893478562386
2023_04_LV_LAC,2023,4,2023-10-01T16:05-04:00,7.0,5.434831535612057,4.893367159674951,1.8020069471246623,4.49668989439748,4.501613350208959
2023_04_ARI_SF,2023,4,2023-10-01T16:25-04:00,19.0,10.42849766278545,13.108714081616942,1.8020069471246623,12.341879579541773,12.374329219810893
2023_04_NE_DAL,2023,4,2023-10-01T16:25-04:00,35.0,5.709919666424938,3.767035740770034,1.8020069471246623,3.558813764723172,3.4143979625277043
2023_04_KC_NYJ,2023,4,2023-10-01T20:20-04:00,-3.0,-4.280125619000995,-8.92782235596116,1.8020069471246623,-8.565298049827945,-8.51629378877978
2023_04_SEA_NYG,2023,4,2023-10-02T20:15-04:00,-21.0,0.17915830051018755,0.31971370778612584,1.8020069471246623,0.8128146716760112,1.0003296618140882
2023_05_CHI_WAS,2023,5,2023-10-05T20:15-04:00,-20.0,7.989119490684457,7.284125587564217,1.8020069471246623,7.664407442477122,7.691858238028905
2023_05_JAX_BUF,2023,5,2023-10-08T09:30-04:00,-5.0,7.799311410875954,5.235436779719095,1.8020069471246623,4.845939850817034,4.874048830142728
2023_05_BAL_PIT,2023,5,2023-10-08T13:00-04:00,7.0,-1.7196308321555183,-4.597250332160192,1.8020069471246623,-4.303665667992226,-4.5715516482565315
2023_05_CAR_DET,2023,5,2023-10-08T13:00-04:00,18.0,7.991821790945314,7.872198280066182,1.8020069471246623,7.9547989990040024,8.044693614935449
2023_05_HOU_ATL,2023,5,2023-10-08T13:00-04:00,2.0,2.216308823446333,2.4944327178518177,1.8020069471246623,2.09316138902099,2.2018653542603728
2023_05_NO_NE,2023,5,2023-10-08T13:00-04:00,-34.0,2.336871638747077,3.7105790359893325,1.8020069471246623,4.271948783471342,4.520638598887718
2023_05_NYG_MIA,2023,5,2023-10-08T13:00-04:00,15.0,7.634495715464684,10.272167138824774,1.8020069471246623,10.418049152463556,10.408513952662176
2023_05_TEN_IND,2023,5,2023-10-08T13:00-04:00,7.0,0.7500537416901794,-1.0048021964087073,1.8020069471246623,-0.8523204864949311,-0.7480101627201052
2023_05_CIN_ARI,2023,5,2023-10-08T16:05-04:00,-14.0,1.235875940403956,-0.9866263702619684,1.8020069471246623,-0.54406350837395,-0.45156238334706644
2023_05_PHI_LA,2023,5,2023-10-08T16:05-04:00,-9.0,-0.42479738274623724,-0.5432724392836796,1.8020069471246623,-0.7812434621048696,-0.6952450507693437
2023_05_KC_MIN,2023,5,2023-10-08T16:25-04:00,-7.0,-2.630979844055922,-7.21769629763441,1.8020069471246623,-7.037222527717131,-7.157778648978186
2023_05_NYJ_DEN,2023,5,2023-10-08T16:25-04:00,-10.0,1.1334167014041125,0.5111288387334043,1.8020069471246623,0.3676575247332683,0.25698575962682213
2023_05_DAL_SF,2023,5,2023-10-08T20:20-04:00,32.0,4.742107034399746,6.225306516936459,1.8020069471246623,6.131577001689427,6.196541632534695
2023_05_GB_LV,2023,5,2023-10-09T20:15-04:00,4.0,-0.40359542686449057,-1.653948100608038,1.8020069471246623,-1.684982271694136,-1.6752021953424054
2023_06_DEN_KC,2023,6,2023-10-12T20:15-04:00,11.0,11.617372839047848,14.731596742293828,1.8020069471246623,14.425916993672464,14.47945869584277
2023_06_BAL_TEN,2023,6,2023-10-15T09:30-04:00,-8.0,-2.879704816139581,-6.809297921882051,1.8020069471246623,-6.745174173077231,-6.815329857823118
2023_06_CAR_MIA,2023,6,2023-10-15T13:00-04:00,21.0,8.098219211378435,10.530300322101047,1.8020069471246623,10.893057546508038,11.003290720300459
2023_06_IND_JAX,2023,6,2023-10-15T13:00-04:00,17.0,5.730058461507621,6.021290739825352,1.8020069471246623,6.210120108964133,6.07386926676431
2023_06_MIN_CHI,2023,6,2023-10-15T13:00-04:00,-6.0,-2.3300573722396685,-5.0408415865719105,1.8020069471246623,-5.199570096409975,-5.0532316658594825
2023_06_NO_HOU,2023,6,2023-10-15T13:00-04:00,7.0,0.1456840144342304,0.10283292047400105,1.8020069471246623,0.5842240489580849,0.49294956540415
2023_06_SEA_CIN,2023,6,2023-10-15T13:00-04:00,4.0,1.5007108079350635,1.758912088247855,1.8020069471246623,1.9637998755920616,1.766874128197306
2023_06_SF_CLE,2023,6,2023-10-15T13:00-04:00,2.0,-5.4673060392039385,-16.219477214711176,1.8020069471246623,-16.414435151679385,-16.84036186200914
2023_06_WAS_ATL,2023,6,2023-10-15T13:00-04:00,-8.0,3.3625292154676294,4.3576668375317125,1.8020069471246623,4.394593607923831,4.227036582981017
2023_06_NE_LV,2023,6,2023-10-15T16:05-04:00,4.0,3.1112206791908346,4.021132452868444,1.8020069471246623,3.559194308041441,3.4750584962207443
2023_06_ARI_LA,2023,6,2023-10-15T16:25-04:00,17.0,5.269370256268072,5.662228072683981,1.8020069471246623,5.205431519127874,5.289255802879218
2023_06_DET_TB,2023,6,2023-10-15T16:25-04:00,-14.0,-0.5165263570824052,-0.2218406753404718,1.8020069471246623,-0.22078559337488668,-0.07002064337105818
2023_06_PHI_NYJ,2023,6,2023-10-15T16:25-04:00,6.0,-2.398921649618819,-3.7323892004012156,1.8020069471246623,-4.4316821884380495,-4.2090442436398305
2023_06_NYG_BUF,2023,6,2023-10-15T20:20-04:00,5.0,13.85316507933646,16.256655182512787,1.8020069471246623,16.423042401582105,16.422174233288736
2023_06_DAL_LAC,2023,6,2023-10-16T20:15-04:00,-3.0,-0.2593618389786916,1.2843461864310202,1.8020069471246623,1.1708507286764884,1.082784061983894
2023_07_JAX_NO,2023,7,2023-10-19T20:15-04:00,-7.0,0.5594055530382969,-0.6860962119468909,1.8020069471246623,-1.3386428252646585,-1.3990425150829964
2023_07_ATL_TB,2023,7,2023-10-22T13:00-04:00,-3.0,4.736531718130743,3.9421274073978534,1.8020069471246623,4.038988297323781,4.196045685146893
2023_07_BUF_NE,2023,7,2023-10-22T13:00-04:00,4.0,-6.526489261265279,-8.704937685674736,1.8020069471246623,-8.33922076586562,-8.32169591656438
2023_07_CLE_IND,2023,7,2023-10-22T13:00-04:00,-1.0,-1.8756691975453261,-1.5955298231670376,1.8020069471246623,-1.1441977201945448,-0.9413986915094488
2023_07_DET_BAL,2023,7,2023-10-22T13:00-04:00,32.0,0.17446200078785346,0.5107644102028898,1.8020069471246623,0.7441326921317484,0.8366601772868383
2023_07_LV_CHI,2023,7,2023-10-22T13:00-04:00,18.0,-1.3120986558690975,-2.5423287788909734,1.8020069471246623,-3.278009329172196,-2.138346613408202
2023_07_WAS_NYG,2023,7,2023-10-22T13:00-04:00,7.0,0.9523051434596224,0.34342997955671006,1.8020069471246623,0.7931032021311297,0.714722010498627
2023_07_ARI_SEA,2023,7,2023-10-22T16:05-04:00,10.0,7.741145184096599,7.834286981066097,1.8020069471246623,7.356998995379908,7.347242509942323
2023_07_PIT_LA,2023,7,2023-10-22T16:05-04:00,-7.0,4.449462518201338,2.9687302056827445,1.8020069471246623,2.195131004887676,2.3866406678418475
2023_07_GB_DEN,2023,7,2023-10-22T16:25-04:00,2.0,-1.6679302589932599,-3.434015787722208,1.8020069471246623,-3.5751380169755658,-3.583878709070042
2023_07_LAC_KC,2023,7,2023-10-22T16:25-04:00,14.0,6.966103480853415,8.472584089802352,1.8020069471246623,7.878134709795285,8.105453857062114
2023_07_MIA_PHI,2023,7,2023-10-22T20:20-04:00,14.0,2.9680338686977494,1.1568005175486076,1.8020069471246623,1.4511005561562393,1.3469373997310328
2023_07_SF_MIN,2023,7,2023-10-23T20:15-04:00,5.0,-6.145649509098247,-8.125799006376575,1.8020069471246623,-8.721055514633143,-8.96922371089021
2023_08_TB_BUF,2023,8,2023-10-26T20:15-04:00,6.0,9.373567093882293,9.940159966080682,1.8020069471246623,10.1253209970601,10.171954023578603
2023_08_ATL_TEN,2023,8,2023-10-29T13:00-04:00,5.0,3.222052149860191,-0.030732767689185536,1.8020069471246623,0.5068140895760338,0.4282981871178926
2023_08_HOU_CAR,2023,8,2023-10-29T13:00-04:00,2.0,-0.8787643731662889,-2.2972518519636766,1.8020069471246623,-3.101917017289434,-3.1288375475879846
2023_08_JAX_PIT,2023,8,2023-10-29T13:00-04:00,-10.0,-0.5030768761365829,-1.2177445404816636,1.8020069471246623,-1.3281021538674773,-1.49547581150691
2023_08_LA_DAL,2023,8,2023-10-29T13:00-04:00,23.0,6.5298967383919155,5.698689253669523,1.8020069471246623,5.775316351473269,5.73863146694102
2023_08_MIN_GB,2023,8,2023-10-29T13:00-04:00,-14.0,1.996929070632646,1.1206861824409167,1.8020069471246623,0.9583981038723207,1.0329796265042166
2023_08_NE_MIA,2023,8,2023-10-29T13:00-04:00,14.0,6.4273823257280895,5.489513240602653,1.8020069471246623,5.113420412383598,5.166436373415138
2023_08_NO_IND,2023,8,2023-10-29T13:00-04:00,-11.0,0.1526753609739977,-2.4697974045964264,1.8020069471246623,-1.8767088158779022,-1.682972976528288
2023_08_NYJ_NYG,2023,8,2023-10-29T13:00-04:00,-3.0,-0.418340888622589,-1.9070829867321515,1.8020069471246623,-1.4438962137494489,-1.5655530898544416
2023_08_PHI_WAS,2023,8,2023-10-29T13:00-04:00,-7.0,-4.2442811225869335,-6.754418898783331,1.8020069471246623,-7.2074329229285565,-7.00849356608439
2023_08_CLE_SEA,2023,8,2023-10-29T16:05-04:00,4.0,2.646781631691071,7.100498438826229,1.8020069471246623,6.9709964532938375,7.165854386313262
2023_08_BAL_ARI,2023,8,2023-10-29T16:25-04:00,-7.0,-5.044624656941,-7.564924855796388,1.8020069471246623,-7.077607125677144,-7.097660985292144
2023_08_CIN_SF,2023,8,2023-10-29T16:25-04:00,-14.0,9.22398990271376,6.392030317534282,1.8020069471246623,6.579208827400172,6.4770630458516525
2023_08_KC_DEN,2023,8,2023-10-29T16:25-04:00,15.0,-6.777214382702171,-10.378361951581347,1.8020069471246623,-10.146447496403425,-10.208519713958184
2023_08_CHI_LAC,2023,8,2023-10-29T20:20-04:00,17.0,6.903279854861047,8.075293110348184,1.8020069471246623,8.897035699828875,8.824859515120806
2023_08_LV_DET,2023,8,2023-10-30T20:15-04:00,12.0,8.68659257704591,4.8660041822535165,1.8020069471246623,4.857219260788172,4.9186584085841965
2023_09_TEN_PIT,2023,9,2023-11-02T20:15-04:00,4.0,2.86513511341178,3.128808770601247,1.8020069471246623,3.236979820030957,3.1088746929312494
2023_09_MIA_KC,2023,9,2023-11-05T09:30-05:00,7.0,1.5204987883263663,2.1134586793956474,1.8020069471246623,1.547863003954097,1.5357347823291314
2023_09_ARI_CLE,2023,9,2023-11-05T13:00-05:00,27.0,7.978353547897294,6.29667456578567,1.8020069471246623,5.690505722386703,5.792144619984549
2023_09_CHI_NO,2023,9,2023-11-05T13:00-05:00,7.0,7.861616037243482,9.00652280231987,1.8020069471246623,9.664547334104796,9.780528225593274
2023_09_LA_GB,2023,9,2023-11-05T13:00-05:00,17.0,2.729099296814695,3.1247345492643914,1.8020069471246623,3.020165869991154,3.056400900400823
2023_09_MIN_ATL,2023,9,2023-11-05T13:00-05:00,-3.0,-1.6946436577101753,-4.3769451706730464,1.8020069471246623,-4.394439134414128,-4.287375551313252
2023_09_SEA_BAL,2023,9,2023-11-05T13:00-05:00,34.0,4.509813023565147,5.097533744014854,1.8020069471246623,4.72270409224297,4.886891782839313
2023_09_TB_HOU,2023,9,2023-11-05T13:00-05:00,2.0,2.0571841908485413,1.6302108292275763,1.8020069471246623,1.8806797266552215,1.7058875121057102
2023_09_WAS_NE,2023,9,2023-11-05T13:00-05:00,-3.0,2.8328025987013437,3.0907975216959827,1.8020069471246623,3.502536684007015,3.44008187531225
2023_09_IND_CAR,2023,9,2023-11-05T16:05-05:00,-14.0,1.7617050746672032,0.6511316809916479,1.8020069471246623,-0.21192793207530114,-0.35900051860734905
2023_09_DAL_PHI,2023,9,2023-11-05T16:25-05:00,5.0,1.8289930023392218,1.9859010300332498,1.8020069471246623,2.369734811113216,2.3426844680832986
2023_09_NYG_LV,2023,9,2023-11-05T16:25-05:00,24.0,2.286372996683959,6.786204636878185,1.8020069471246623,6.750545832763726,6.592720864885754
2023_09_BUF_CIN,2023,9,2023-11-05T20:20-05:00,6.0,-0.5852614535802614,-1.6438669610544325,1.8020069471246623,-1.3934697025888008,-1.4844295085412118
2023_09_LAC_NYJ,2023,9,2023-11-06T20:15-05:00,-21.0,1.5254611936659495,-0.1730656874355747,1.8020069471246623,-0.8632277401601373,-0.5349609959755794
2023_10_CAR_CHI,2023,10,2023-11-09T20:15-05:00,3.0,3.1436539146547187,2.9383944669561526,1.8020069471246623,2.6769188062360203,2.627682916805803
2023_10_IND_NE,2023,10,2023-11-12T09:30-05:00,-4.0,-0.3630301102973923,-1.7018868858564886,1.8020069471246623,-2.0957186482037313,-2.1874820907601187
2023_10_CLE_BAL,2023,10,2023-11-12T13:00-05:00,-2.0,4.932953926594854,6.914593362096847,1.8020069471246623,6.9444461910416795,6.920497401632689
2023_10_GB_PIT,2023,10,2023-11-12T13:00-05:00,4.0,1.5766433868002365,1.4349947802222733,1.8020069471246623,1.9796141801732916,1.8152715551699334
2023_10_HOU_CIN,2023,10,2023-11-12T13:00-05:00,-3.0,6.723269808703307,6.996899270917356,1.8020069471246623,7.01680276981563,7.038636489781731
2023_10_NO_MIN,2023,10,2023-11-12T13:00-05:00,8.0,4.025995662800289,1.910970049677175,1.8020069471246623,1.7180170493040254,1.7542035515986871
2023_10_SF_JAX,2023,10,2023-11-12T13:00-05:00,-31.0,-0.18718127463719902,-1.1730790930175958,1.8020069471246623,-1.0788443301784634,-1.3686228893610486
2023_10_TEN_TB,2023,10,2023-11-12T13:00-05:00,14.0,3.063074934639384,3.8287715569146386,1.8020069471246623,3.5359771249902967,3.681341160688576
2023_10_ATL_ARI,2023,10,2023-11-12T16:05-05:00,2.0,-0.5168522335670716,-3.3192240618832014,1.8020069471246623,-2.649033240953133,-2.6857110880876465
2023_10_DET_LAC,2023,10,2023-11-12T16:05-05:00,-3.0,1.810151874490268,1.190375312019925,1.8020069471246623,1.640242920694922,1.4032757446834419
2023_10_NYG_DAL,2023,10,2023-11-12T16:25-05:00,32.0,12.21830657264176,12.435220770776498,1.8020069471246623,12.501506126852572,12.446725343253743
2023_10_WAS_SEA,2023,10,2023-11-12T16:25-05:00,3.0,4.96782691789431,3.125019931543296,1.8020069471246623,3.782981381364853,3.4712303659421098
2023_10_NYJ_LV,2023,10,2023-11-12T20:20-05:00,4.0,1.9807832413547581,1.9494133701525176,1.8020069471246623,2.5502529319200544,2.4141627028663866
2023_10_DEN_BUF,2023,10,2023-11-13T20:15-05:00,-2.0,9.461990674093117,9.150462166876428,1.8020069471246623,9.232949847811412,9.22306312331259
2023_11_CIN_BAL,2023,11,2023-11-16T20:15-05:00,14.0,5.120493407775882,3.378302098262445,1.8020069471246623,3.651372075608784,3.8660394922781696
2023_11_ARI_HOU,2023,11,2023-11-19T13:00-05:00,5.0,7.170546235121716,8.278391901617587,1.8020069471246623,7.937034630793441,7.9018373192361455
2023_11_CHI_DET,2023,11,2023-11-19T13:00-05:00,5.0,10.914550233534234,10.67604927144973,1.8020069471246623,11.318848554596581,11.500340979418741
2023_11_DAL_CAR,2023,11,2023-11-19T13:00-05:00,-23.0,-9.40785156292462,-9.214842265133441,1.8020069471246623,-9.706866770906348,-9.684973286153188
2023_11_LAC_GB,2023,11,2023-11-19T13:00-05:00,3.0,0.1540178023203187,-1.0240429352305809,1.8020069471246623,-1.6278608738124776,-1.4918571255053368
2023_11_LV_MIA,2023,11,2023-11-19T13:00-05:00,7.0,6.674786876718992,6.422943120593564,1.8020069471246623,6.487535719445409,6.584210041976541
2023_11_NYG_WAS,2023,11,2023-11-19T13:00-05:00,-12.0,6.6961603664031895,6.575339974817114,1.8020069471246623,6.60833342143263,6.144942221215321
2023_11_PIT_CLE,2023,11,2023-11-19T13:00-05:00,3.0,6.616072047691464,4.346058786484995,1.8020069471246623,4.230358143116254,4.518864185484222
2023_11_TEN_JAX,2023,11,2023-11-19T13:00-05:00,20.0,6.698134704524039,5.110325506818438,1.8020069471246623,5.558217213361438,5.44041663628131
2023_11_TB_SF,2023,11,2023-11-19T16:05-05:00,13.0,10.181702284717762,10.673197932637567,1.8020069471246623,11.277990549851738,11.449990969323302
2023_11_NYJ_BUF,2023,11,2023-11-19T16:25-05:00,26.0,8.215041001906389,9.717312786115063,1.8020069471246623,10.140338112154769,10.01223353389162
2023_11_SEA_LA,2023,11,2023-11-19T16:25-05:00,1.0,0.0002160775328063913,0.05370338643296457,1.8020069471246623,-0.2683118087116074,0.0843326132075104
2023_11_MIN_DEN,2023,11,2023-11-19T20:20-05:00,1.0,-0.8568840802138045,-1.8952804462405735,1.8020069471246623,-1.8739150491239291,-1.803296791096404
2023_11_PHI_KC,2023,11,2023-11-20T20:15-05:00,-4.0,2.4320744757486574,5.092216901204792,1.8020069471246623,4.385563932758454,4.542766531986544
2023_12_GB_DET,2023,12,2023-11-23T12:30-05:00,-7.0,5.6003131720219095,6.550937810829506,1.8020069471246623,6.842750326115995,6.919871687772835
2023_12_WAS_DAL,2023,12,2023-11-23T16:30-05:00,35.0,13.411023380603199,12.711992877800313,1.8020069471246623,12.824253205303481,12.66293269826624
2023_12_SF_SEA,2023,12,2023-11-23T20:20-05:00,-18.0,-5.262631742315919,-7.374991882141114,1.8020069471246623,-7.607387318058338,-8.04071364323185
2023_12_MIA_NYJ,2023,12,2023-11-24T15:00-05:00,-21.0,-2.8167155409736324,-3.960041058432454,1.8020069471246623,-4.605104349448205,-4.543210000771818
2023_12_CAR_TEN,2023,12,2023-11-26T13:00-05:00,7.0,5.703835098735907,4.85931394647353,1.8020069471246623,5.432342236133674,5.600010221333875
2023_12_JAX_HOU,2023,12,2023-11-26T13:00-05:00,-3.0,-1.1973694569034263,-1.0880983814055973,1.8020069471246623,-1.3817671834057361,-1.433523299731537
2023_12_NE_NYG,2023,12,2023-11-26T13:00-05:00,3.0,0.668529212750677,-3.9914213576100117,1.8020069471246623,-3.9688624523672775,-4.0306026017648495
2023_12_NO_ATL,2023,12,2023-11-26T13:00-05:00,9.0,-0.2551650384809112,-1.3385630759713507,1.8020069471246623,-1.4860554238190575,-1.3444206147354918
2023_12_PIT_CIN,2023,12,2023-11-26T13:00-05:00,-6.0,4.45142107952754,1.589859533164701,1.8020069471246623,1.505076037937337,1.6585148886985568
2023_12_TB_IND,2023,12,2023-11-26T13:00-05:00,7.0,0.6902441557482095,0.7598602824631184,1.8020069471246623,1.1927096614680708,1.1987372970681258
2023_12_CLE_DEN,2023,12,2023-11-26T16:05-05:00,17.0,-1.592634762917525,-0.8098042067861507,1.8020069471246623,-0.7491285796964537,-0.8647778454380359
2023_12_LA_ARI,2023,12,2023-11-26T16:05-05:00,-23.0,-0.33079938646652085,-2.9955761195916044,1.8020069471246623,-2.7249906824159424,-2.796172062027509
2023_12_BUF_PHI,2023,12,2023-11-26T16:25-05:00,3.0,2.30229478511703,-1.584811437996784,1.8020069471246623,-1.6282194537748484,-1.7181920549870768
2023_12_KC_LV,2023,12,2023-11-26T16:25-05:00,-14.0,-3.5591962453613295,-6.796357756179022,1.8020069471246623,-6.357447780507716,-6.4154118906515745
2023_12_BAL_LAC,2023,12,2023-11-26T20:20-05:00,-10.0,-0.9826592256403952,-0.9125286205945352,1.8020069471246623,-0.9936194686207925,-1.238729918554508
2023_12_CHI_MIN,2023,12,2023-11-27T20:15-05:00,-2.0,8.984336089815228,8.513837260580678,1.8020069471246623,8.806240174345952,8.894295666212447
2023_13_SEA_DAL,2023,13,2023-11-30T20:15-05:00,6.0,12.36644488642414,12.053064434051658,1.8020069471246623,11.71297043802246,11.717452437002088
2023_13_ARI_PIT,2023,13,2023-12-03T13:00-05:00,-14.0,9.439007111905616,9.597455088391404,1.8020069471246623,9.65724454802916,9.494005317727702
2023_13_ATL_NYJ,2023,13,2023-12-03T13:00-05:00,-5.0,0.15627270555004857,-4.8272439585735185,1.8020069471246623,-4.783529180397549,-6.065680044815542
2023_13_DEN_HOU,2023,13,2023-12-03T13:00-05:00,5.0,1.1791423933411305,-0.893428219599964,1.8020069471246623,-1.201714132529248,-1.2195346915073912
2023_13_DET_NO,2023,13,2023-12-03T13:00-05:00,-5.0,-0.274975506037507,-1.3558065565937893,1.8020069471246623,-1.226134277367444,-1.3832347414829225
2023_13_IND_TEN,2023,13,2023-12-03T13:00-05:00,-3.0,0.9438552605697073,0.27024918084388827,1.8020069471246623,-0.05834741997339746,-0.08256347028103009
2023_13_LAC_NE,2023,13,2023-12-03T13:00-05:00,-6.0,-1.95442244953954,-1.0544010242260957,1.8020069471246623,-1.4562749571341493,-1.252480510000188
2023_13_MIA_WAS,2023,13,2023-12-03T13:00-05:00,-30.0,-6.1904171171033155,-7.686857151097998,1.8020069471246623,-7.959703462114202,-7.970764635767041
2023_13_CAR_TB,2023,13,2023-12-03T16:05-05:00,3.0,8.317697040969836,4.460219468196449,1.8020069471246623,5.108890511607072,5.3237567726180535
2023_13_CLE_LA,2023,13,2023-12-03T16:25-05:00,17.0,-0.0035647777934597613,0.7338069119885546,1.8020069471246623,0.7983764143577403,0.7420355972010774
2023_13_SF_PHI,2023,13,2023-12-03T16:25-05:00,-23.0,-0.9704527055912013,-4.526457586891382,1.8020069471246623,-4.6120840606350875,-4.928515834568861
2023_13_KC_GB,2023,13,2023-12-03T20:20-05:00,8.0,-1.5238226701710866,-5.109117092653282,1.8020069471246623,-5.221550517273901,-5.445751025607782
2023_13_CIN_JAX,2023,13,2023-12-04T20:15-05:00,-3.0,4.854816017985103,2.3907701273570217,1.8020069471246623,2.577808511223057,2.6510316931719338
2023_14_NE_PIT,2023,14,2023-12-07T20:15-05:00,-3.0,4.796816654368966,3.7985017657887674,1.8020069471246623,4.361450894841484,4.040958475780696
2023_14_CAR_NO,2023,14,2023-12-10T13:00-05:00,22.0,7.736485184792063,8.218397565167914,1.8020069471246623,8.882593511318648,8.866663401192811
2023_14_DET_CHI,2023,14,2023-12-10T13:00-05:00,15.0,-3.6128958409135006,-3.5728495108828784,1.8020069471246623,-3.9955960829106485,-4.1819336575586235
2023_14_HOU_NYJ,2023,14,2023-12-10T13:00-05:00,24.0,-1.5561082682028848,-5.991973618253505,1.8020069471246623,-6.124669225470359,-7.345081134101151
2023_14_IND_CIN,2023,14,2023-12-10T13:00-05:00,20.0,5.1137607213736285,5.026257933072294,1.8020069471246623,4.881801075584534,4.6430840665269875
2023_14_JAX_CLE,2023,14,2023-12-10T13:00-05:00,4.0,0.4706769597852265,1.4884779979090932,1.8020069471246623,1.0313664359788506,1.1290781655745235
2023_14_LA_BAL,2023,14,2023-12-10T13:00-05:00,6.0,8.12922482035403,7.882632749168263,1.8020069471246623,7.839264383202732,7.941157643028245
2023_14_TB_ATL,2023,14,2023-12-10T13:00-05:00,-4.0,2.0906497072223686,0.8073093113497691,1.8020069471246623,0.748814175511614,0.6256386178556101
2023_14_MIN_LV,2023,14,2023-12-10T16:05-05:00,-3.0,-1.389927007081297,-1.8269036406137373,1.8020069471246623,-1.4928361686859577,-1.4555090630367946
2023_14_SEA_SF,2023,14,2023-12-10T16:05-05:00,12.0,13.19575361448672,13.218307451641829,1.8020069471246623,12.954772632370306,13.379306853001935
2023_14_BUF_KC,2023,14,2023-12-10T16:25-05:00,-3.0,1.3906595619546804,-0.7939986256120904,1.8020069471246623,-1.245687117944314,-1.2413993186053824
2023_14_DEN_LAC,2023,14,2023-12-10T16:25-05:00,-17.0,3.959389244364589,2.7141999869595606,1.8020069471246623,2.9302649024886938,2.8191339182521284
2023_14_PHI_DAL,2023,14,2023-12-10T20:20-05:00,20.0,7.186177244565002,6.739536115743132,1.8020069471246623,6.068147168925871,6.033025404872711
2023_14_GB_NYG,2023,14,2023-12-11T20:15-05:00,2.0,-3.8526984969151803,-5.938996835437853,1.8020069471246623,-5.570285794894994,-5.377715614280868
2023_14_TEN_MIA,2023,14,2023-12-11T20:15-05:00,-1.0,11.220809243198056,11.473845079827163,1.8020069471246623,11.696103517512547,11.688363359252861
2023_15_LAC_LV,2023,15,2023-12-14T20:15-05:00,42.0,-0.3234287511885965,-0.0014209309189803232,1.8020069471246623,-0.21748435891574813,-0.1155993761016525
2023_15_MIN_CIN,2023,15,2023-12-16T13:00-05:00,3.0,3.51683543227412,4.412951992949066,1.8020069471246623,4.842813225447205,4.755838189957665
2023_15_PIT_IND,2023,15,2023-12-16T16:30-05:00,17.0,1.8273517007543583,1.367589603079331,1.8020069471246623,1.2408963204439174,1.6078470434937986
2023_15_DEN_DET,2023,15,2023-12-16T20:15-05:00,25.0,2.0268859512282367,1.8599742920252536,1.8020069471246623,2.0321002077467503,2.1097772367556815
2023_15_ATL_CAR,2023,15,2023-12-17T13:00-05:00,2.0,-2.7236570751456464,-3.8613891396898747,1.8020069471246623,-4.51559012677907,-4.5944946058161555
2023_15_CHI_CLE,2023,15,2023-12-17T13:00-05:00,3.0,5.373811252209148,4.236857946644697,1.8020069471246623,4.492747363832798,4.70718178484349
2023_15_HOU_TEN,2023,15,2023-12-17T13:00-05:00,-3.0,2.070571844582754,3.9395504646341326,1.8020069471246623,3.9362660029341248,4.510615805377985
2023_15_KC_NE,2023,15,2023-12-17T13:00-05:00,-10.0,-4.355555197458941,-7.1842247289473065,1.8020069471246623,-7.346126890034222,-7.184828739634755
2023_15_NYG_NO,2023,15,2023-12-17T13:00-05:00,18.0,6.8501368736582355,7.3915385215409914,1.8020069471246623,7.257247059491765,7.205757010387028
2023_15_NYJ_MIA,2023,15,2023-12-17T13:00-05:00,30.0,10.014367969503986,15.000340748230968,1.8020069471246623,15.349634999910593,16.719157834173622
2023_15_TB_GB,2023,15,2023-12-17T13:00-05:00,-14.0,4.454064431786288,4.311651416259066,1.8020069471246623,3.9657532195050083,3.721327815913036
2023_15_SF_ARI,2023,15,2023-12-17T16:05-05:00,-16.0,-12.808868561119356,-13.477538779656486,1.8020069471246623,-13.336744718266528,-13.564668415776449
2023_15_WAS_LA,2023,15,2023-12-17T16:05-05:00,8.0,9.58502399926931,9.833994432795151,1.8020069471246623,9.942031843926259,9.841598420737757
2023_15_DAL_BUF,2023,15,2023-12-17T16:25-05:00,21.0,-1.2248650514255006,0.3740508462386176,1.8020069471246623,0.7639070311644436,0.8791846407412339
2023_15_BAL_JAX,2023,15,2023-12-17T20:20-05:00,-16.0,-1.2518790855043718,-4.03407180049126,1.8020069471246623,-3.5950547046511128,-3.6840922974754386
2023_15_PHI_SEA,2023,15,2023-12-18T20:15-05:00,3.0,-0.67458268115139,-0.9428460555985634,1.8020069471246623,-1.0608999324289003,-1.1146239709817132
2023_16_NO_LA,2023,16,2023-12-21T20:15-05:00,8.0,2.057694206320618,2.3535556824586643,1.8020069471246623,2.428323241461713,2.510726424594064
2023_16_CIN_PIT,2023,16,2023-12-23T16:30-05:00,23.0,-2.7732342789448055,-4.410102714552099,1.8020069471246623,-4.69775787725252,-4.800791292644593
2023_16_BUF_LAC,2023,16,2023-12-23T20:00-05:00,-2.0,-6.146996736766527,-8.083992842265909,1.8020069471246623,-7.868218890281163,-7.926905140509702
2023_16_CLE_HOU,2023,16,2023-12-24T13:00-05:00,-14.0,0.23086402793844396,-3.572071145648439,1.8020069471246623,-3.3495358385515215,-4.085394456079556
2023_16_DET_MIN,2023,16,2023-12-24T13:00-05:00,-6.0,1.2792751553874173,0.23968811244917054,1.8020069471246623,-0.16208852750502012,-0.23399915169034713
2023_16_GB_CAR,2023,16,2023-12-24T13:00-05:00,-3.0,-4.262340142773025,-4.878861975606602,1.8020069471246623,-5.465143365428711,-5.424517151327522
2023_16_IND_ATL,2023,16,2023-12-24T13:00-05:00,19.0,1.4267720669968784,0.25639030721327916,1.8020069471246623,0.043474046429499036,-0.06858773558348641
2023_16_SEA_TEN,2023,16,2023-12-24T13:00-05:00,-3.0,-0.3814614040323199,-2.104710005993079,1.8020069471246623,-2.2229674826256236,-2.042549316609153
2023_16_WAS_NYJ,2023,16,2023-12-24T13:00-05:00,2.0,4.141689252127075,-0.5863610878944683,1.8020069471246623,-0.8835209871652565,-2.214566229971882
2023_16_JAX_TB,2023,16,2023-12-24T16:05-05:00,18.0,2.08998356536652,1.7154136016160695,1.8020069471246623,1.1869834202199177,1.3208694648641144
2023_16_ARI_CHI,2023,16,2023-12-24T16:25-05:00,11.0,5.8673554835641655,4.855322454014854,1.8020069471246623,4.450742722276951,4.390061653394074
2023_16_DAL_MIA,2023,16,2023-12-24T16:25-05:00,2.0,0.3782021053716482,1.6404325409305414,1.8020069471246623,2.220367161091617,2.414620753472142
2023_16_NE_DEN,2023,16,2023-12-24T20:15-05:00,-3.0,5.940441948856927,5.4060374244003455,1.8020069471246623,5.876552150682505,5.832551022323072
2023_16_LV_KC,2023,16,2023-12-25T13:00-05:00,-6.0,8.12581947580718,8.459703887932868,1.8020069471246623,8.34020031348117,8.373937415848864
2023_16_NYG_PHI,2023,16,2023-12-25T16:30-05:00,8.0,10.124895711418414,9.38284916690918,1.8020069471246623,9.526736831211588,9.507127500985517
2023_16_BAL_SF,2023,16,2023-12-25T20:15-05:00,-14.0,5.866494646819724,6.351884169888261,1.8020069471246623,6.463246308195215,6.534876828114186
2023_17_NYJ_CLE,2023,17,2023-12-28T20:15-05:00,17.0,8.932401026900262,12.885109705159085,1.8020069471246623,13.217933606037985,14.754147262541464
2023_17_DET_DAL,2023,17,2023-12-30T20:15-05:00,1.0,7.136784602577196,4.6012842391688835,1.8020069471246623,4.2877139701242095,4.115440647521486
2023_17_ARI_PHI,2023,17,2023-12-31T13:00-05:00,-4.0,10.656382987163035,11.518755996164195,1.8020069471246623,11.376443421324863,11.38337538457618
2023_17_ATL_CHI,2023,17,2023-12-31T13:00-05:00,20.0,1.9486586163829678,-1.0242312847565092,1.8020069471246623,-1.4940245548612259,-1.6182463961930451
2023_17_CAR_JAX,2023,17,2023-12-31T13:00-05:00,26.0,9.198475067082672,7.44696776097809,1.8020069471246623,8.569936757322653,8.68333283366187
2023_17_LA_NYG,2023,17,2023-12-31T13:00-05:00,-1.0,-3.366616305099691,-5.363534001203577,1.8020069471246623,-5.460880692957701,-5.489731424717524
2023_17_LV_IND,2023,17,2023-12-31T13:00-05:00,3.0,0.062096841908290124,-0.043522562136339316,1.8020069471246623,0.3493792283432192,0.45803924982579314
2023_17_MIA_BAL,2023,17,2023-12-31T13:00-05:00,37.0,5.096547595421099,3.58600227007275,1.8020069471246623,3.163143715459686,3.147130191129427
2023_17_NE_BUF,2023,17,2023-12-31T13:00-05:00,6.0,12.065270028566284,12.496920316929934,1.8020069471246623,12.89456269120463,12.855599359059127
2023_17_NO_TB,2023,17,2023-12-31T13:00-05:00,-10.0,3.8573316819651833,2.458772670374417,1.8020069471246623,2.643098978318816,2.847470730874647
2023_17_SF_WAS,2023,17,2023-12-31T13:00-05:00,-17.0,-12.597978219610926,-13.912146214528756,1.8020069471246623,-13.834351277003035,-14.32630399849233
2023_17_TEN_HOU,2023,17,2023-12-31T13:00-05:00,23.0,2.8190895247068517,1.3476237051119608,1.8020069471246623,1.8401285036783708,1.8004179766060862
2023_17_PIT_SEA,2023,17,2023-12-31T16:05-05:00,-7.0,4.048164844205054,2.2828169837979693,1.8020069471246623,2.7916650014826834,2.9266284073736584
2023_17_CIN_KC,2023,17,2023-12-31T16:25-05:00,8.0,4.956872284248977,4.607184920745364,1.8020069471246623,4.010671178385256,4.165564052838131
2023_17_LAC_DEN,2023,17,2023-12-31T16:25-05:00,7.0,3.059052854213652,4.571222784395885,1.8020069471246623,4.283946808271088,4.393715785805552
2023_17_GB_MIN,2023,17,2023-12-31T20:20-05:00,-23.0,3.605401394028415,1.6132280438071245,1.8020069471246623,1.4415315541610412,1.5411668000874377
2023_18_PIT_BAL,2023,18,2024-01-06T16:30-05:00,-7.0,13.12678626702726,7.841157056186281,1.8020069471246623,8.321145955481628,8.686155990763485
2023_18_HOU_IND,2023,18,2024-01-06T20:15-05:00,-4.0,1.4125874120384152,2.241970735901073,1.8020069471246623,2.471437978730611,2.562010762484619
2023_18_ATL_NO,2023,18,2024-01-07T13:00-05:00,31.0,6.472354797456641,5.784627456489392,1.8020069471246623,5.6238312442564045,5.4988352080038885
2023_18_CLE_CIN,2023,18,2024-01-07T13:00-05:00,17.0,0.9431520255442427,1.3768701612939962,1.8020069471246623,1.743516932145826,1.606543295952525
2023_18_JAX_TEN,2023,18,2024-01-07T13:00-05:00,8.0,-3.294254795746152,-3.633461641166847,1.8020069471246623,-3.98266788104233,-3.9122624331612554
2023_18_MIN_DET,2023,18,2024-01-07T13:00-05:00,10.0,6.772874963113985,7.0314361486193375,1.8020069471246623,7.593330134391932,7.699616729008253
2023_18_NYJ_NE,2023,18,2024-01-07T13:00-05:00,-14.0,5.75344270249195,9.128416714701359,1.8020069471246623,8.887035469427744,10.28722902607483
2023_18_TB_CAR,2023,18,2024-01-07T13:00-05:00,-9.0,-6.395775591465625,-6.394505441702789,1.8020069471246623,-7.3128053741399865,-7.307358119436876
2023_18_CHI_GB,2023,18,2024-01-07T16:25-05:00,8.0,4.03205480306177,6.019216519987811,1.8020069471246623,6.2084756342866285,6.196006530972021
2023_18_DAL_WAS,2023,18,2024-01-07T16:25-05:00,-28.0,-11.36333117316305,-10.123363903618491,1.8020069471246623,-9.68908179488363,-9.526341186117481
2023_18_DEN_LV,2023,18,2024-01-07T16:25-05:00,13.0,2.350016327234946,2.9410942465836376,1.8020069471246623,2.9477048576741067,2.9762945494955133
2023_18_KC_LAC,2023,18,2024-01-07T16:25-05:00,-1.0,-2.455735123290858,-2.323001968218728,1.8020069471246623,-2.009971399534118,-1.3840082710050985
2023_18_LA_SF,2023,18,2024-01-07T16:25-05:00,-1.0,10.973309436027245,11.1857590463966,1.8020069471246623,11.140365564580028,11.44387322856139
2023_18_PHI_NYG,2023,18,2024-01-07T16:25-05:00,17.0,-3.5294364077859477,-5.64888743056739,1.8020069471246623,-5.776184777678432,-5.683124159942119
2023_18_SEA_ARI,2023,18,2024-01-07T16:25-05:00,-1.0,-1.4609041938857033,-2.0467580330010566,1.8020069471246623,-2.3992152256313894,-2.389724698909121
2023_18_BUF_MIA,2023,18,2024-01-07T20:20-05:00,-7.0,0.49062200629423547,-1.2422596562969246,1.8020069471246623,-0.9082765594528197,-0.7595086949944035
2024_01_BAL_KC,2024,1,2024-09-05T20:20-04:00,7.0,-0.05311881135717167,-0.042997647375130676,1.885784142507859,-0.3763906870876421,-0.3658964248794989
2024_01_GB_PHI,2024,1,2024-09-06T20:15-04:00,5.0,-0.8817995972535747,-4.889308579722437,1.885784142507859,-4.959781327145374,-4.9716395983499035
2024_01_ARI_BUF,2024,1,2024-09-08T13:00-04:00,6.0,8.318404788776986,7.904437668350138,1.885784142507859,8.375074575914061,8.461795791965901
2024_01_CAR_NO,2024,1,2024-09-08T13:00-04:00,37.0,8.156180246217648,9.15366578035866,1.885784142507859,9.760631678238997,9.8582675608387
2024_01_HOU_IND,2024,1,2024-09-08T13:00-04:00,-2.0,1.5503496501163263,2.8599793991640405,1.885784142507859,3.400427897335432,3.5840571679993567
2024_01_JAX_MIA,2024,1,2024-09-08T13:00-04:00,3.0,4.28797302380335,4.262062628635669,1.885784142507859,4.585562992646771,4.722530621282504
2024_01_MIN_NYG,2024,1,2024-09-08T13:00-04:00,-22.0,1.3205966356076533,2.839475083809619,1.885784142507859,3.092381389719379,3.2856047803737063
2024_01_NE_CIN,2024,1,2024-09-08T13:00-04:00,-6.0,5.259010998344297,3.269429444360337,1.885784142507859,3.9868239529391243,3.787979564511714
2024_01_PIT_ATL,2024,1,2024-09-08T13:00-04:00,-8.0,0.08277507026333009,1.374244333002129,1.885784142507859,2.0208593796798784,2.390642760422516
2024_01_TEN_CHI,2024,1,2024-09-08T13:00-04:00,7.0,4.115967338769326,3.848791629418847,1.885784142507859,3.7695294234745216,4.420101924068183
2024_01_DEN_SEA,2024,1,2024-09-08T16:05-04:00,6.0,2.665466248569885,3.932496751674914,1.885784142507859,3.9324681993413235,3.7883531994364126
2024_01_LV_LAC,2024,1,2024-09-08T16:05-04:00,12.0,1.6551100527364424,0.12043931373488714,1.885784142507859,0.3494541352766509,0.19621082032443327
2024_01_DAL_CLE,2024,1,2024-09-08T16:25-04:00,-16.0,-1.3136432427700329,-3.047122923509136,1.885784142507859,-2.7943774414504987,-2.6101216421274547
2024_01_WAS_TB,2024,1,2024-09-08T16:25-04:00,17.0,6.887263498311318,5.424189833247468,1.885784142507859,5.34397941151093,5.423310825629837
2024_01_LA_DET,2024,1,2024-09-08T20:20-04:00,6.0,3.6030641901974,1.6916429410263356,1.885784142507859,1.6203013377759519,1.826361208168429
2024_01_NYJ_SF,2024,1,2024-09-09T20:15-04:00,13.0,8.666628750712816,8.759665146847915,1.885784142507859,8.817363363645233,8.697243795315075
2024_02_BUF_MIA,2024,2,2024-09-12T20:15-04:00,-21.0,1.0107967350480727,0.19152842674320647,1.885784142507859,0.5736731546553229,0.7878240234515648
2024_02_CLE_JAX,2024,2,2024-09-15T13:00-04:00,-5.0,3.359836863681357,1.698593345034902,1.885784142507859,2.098614871405286,2.1071239449843637
2024_02_IND_GB,2024,2,2024-09-15T13:00-04:00,6.0,4.515399998454573,5.849085463440002,1.885784142507859,5.149526075639318,5.041595893903255
2024_02_LAC_CAR,2024,2,2024-09-15T13:00-04:00,-23.0,-3.254681418028608,-4.331703111483323,1.885784142507859,-4.81258991729113,-4.679850960465346
2024_02_LV_BAL,2024,2,2024-09-15T13:00-04:00,-3.0,6.823799126685207,9.455881399349893,1.885784142507859,9.537750199419847,9.591613157154015
2024_02_NO_DAL,2024,2,2024-09-15T13:00-04:00,-25.0,4.880653387230467,3.6865554587194156,1.885784142507859,3.8135388326544484,3.639517275800449
2024_02_NYG_WAS,2024,2,2024-09-15T13:00-04:00,3.0,0.9809955857133108,-0.26650494707827854,1.885784142507859,0.056599759854113474,0.2524073925374557
2024_02_NYJ_TEN,2024,2,2024-09-15T13:00-04:00,-7.0,2.698788772063055,0.018765435077138237,1.885784142507859,0.04889235632458244,-0.6908704763375808
2024_02_SEA_NE,2024,2,2024-09-15T13:00-04:00,-3.0,1.6174641111739738,0.7826298911771528,1.885784142507859,0.5762240109453607,0.7466832975481759
2024_02_SF_MIN,2024,2,2024-09-15T13:00-04:00,6.0,-0.9390670231341613,-5.627824064413636,1.885784142507859,-6.340912974051528,-6.651107572982001
2024_02_TB_DET,2024,2,2024-09-15T13:00-04:00,-4.0,3.3524758501730534,4.798527824683542,1.885784142507859,4.515467922538348,4.52407671402426
2024_02_LA_ARI,2024,2,2024-09-15T16:05-04:00,31.0,-0.2981211470055234,-3.082267030186876,1.885784142507859,-3.234237254160739,-3.2561012802221545
2024_02_CIN_KC,2024,2,2024-09-15T16:25-04:00,1.0,4.673358590367927,5.370382468541289,1.885784142507859,4.497356063843373,4.6353254493409715
2024_02_PIT_DEN,2024,2,2024-09-15T16:25-04:00,-7.0,0.6564217413195408,-2.896593767481961,1.885784142507859,-2.767479242497454,-2.773730669530851
2024_02_CHI_HOU,2024,2,2024-09-15T20:20-04:00,6.0,2.372988670861484,1.999437468314555,1.885784142507859,2.3074640641077595,2.1951070939274056
2024_02_ATL_PHI,2024,2,2024-09-16T20:15-04:00,-1.0,5.4085487611890235,7.289969460874545,1.885784142507859,7.277912198308254,7.140125861079271
2024_03_NE_NYJ,2024,3,2024-09-19T20:15-04:00,21.0,2.2590771491113375,4.542692400598629,1.885784142507859,4.962095269107799,5.103660726724623
2024_03_CHI_IND,2024,3,2024-09-22T13:00-04:00,5.0,1.0514667230298431,0.5164014166634188,1.885784142507859,1.3041810353321779,1.2805927383484372
2024_03_DEN_TB,2024,3,2024-09-22T13:00-04:00,-19.0,5.677469534546198,4.681306590013438,1.885784142507859,4.563155795288605,4.276123116676767
2024_03_GB_TEN,2024,3,2024-09-22T13:00-04:00,-16.0,-0.793512267889497,-4.987828234634621,1.885784142507859,-4.8022562076294335,-5.262106648470176
2024_03_HOU_MIN,2024,3,2024-09-22T13:00-04:00,27.0,4.005621911142939,1.9786094900275524,1.885784142507859,1.411172018842342,1.2561972418874054
2024_03_LAC_PIT,2024,3,2024-09-22T13:00-04:00,10.0,2.5320872264182506,5.594044242330092,1.885784142507859,5.419909397818564,5.332047974959057
2024_03_NYG_CLE,2024,3,2024-09-22T13:00-04:00,-6.0,5.782159668219581,5.398310854670198,1.885784142507859,5.238920992220483,5.475447721302238
2024_03_PHI_NO,2024,3,2024-09-22T13:00-04:00,-3.0,7.1644779248982235,7.7433507862348225,1.885784142507859,7.413180110560003,7.525852046963254
2024_03_CAR_LV,2024,3,2024-09-22T16:05-04:00,-14.0,9.765521701351876,8.197894637166481,1.885784142507859,8.539575951737199,8.549969142180949
2024_03_MIA_SEA,2024,3,2024-09-22T16:05-04:00,21.0,2.3869629574299456,-2.246836077975121,1.885784142507859,-2.28781250171858,-2.630544527040627
2024_03_BAL_DAL,2024,3,2024-09-22T16:25-04:00,-3.0,3.4019815680616667,1.7460478316136567,1.885784142507859,2.0753839454646625,1.900643737326812
2024_03_DET_ARI,2024,3,2024-09-22T16:25-04:00,-7.0,0.290709980089666,-1.8978833427247315,1.885784142507859,-2.0237960650530846,-2.2262459180756977
2024_03_SF_LA,2024,3,2024-09-22T16:25-04:00,3.0,-2.3229995130082504,-3.135982894719611,1.885784142507859,-3.727700291681937,-3.926489575018656
2024_03_KC_ATL,2024,3,2024-09-22T20:20-04:00,-5.0,-1.5565482416478948,-5.0747814291775395,1.885784142507859,-4.865704056059086,-4.788792616029299
2024_03_JAX_BUF,2024,3,2024-09-23T19:30-04:00,37.0,7.710968099960876,10.432739910896421,1.885784142507859,10.130013025064912,10.035438043074137
2024_03_WAS_CIN,2024,3,2024-09-23T20:15-04:00,-5.0,7.3297180926374885,7.956336758659253,1.885784142507859,8.576520400088468,8.457417088148262
2024_04_DAL_NYG,2024,4,2024-09-26T20:15-04:00,-5.0,-3.307958067076914,-5.353065772105661,1.885784142507859,-5.766447598825058,-5.859853719686361
2024_04_CIN_CAR,2024,4,2024-09-29T13:00-04:00,-10.0,-2.5347993508439535,-6.551914267829586,1.885784142507859,-7.125640971552221,-6.957877826322865
2024_04_DEN_NYJ,2024,4,2024-09-29T13:00-04:00,-1.0,2.1756786076472805,2.966527015212188,1.885784142507859,3.0773742174667102,2.8413027511448217
2024_04_JAX_HOU,2024,4,2024-09-29T13:00-04:00,4.0,2.957615808707235,3.286058558996304,1.885784142507859,3.190047005343297,3.19159519147115
2024_04_LA_CHI,2024,4,2024-09-29T13:00-04:00,6.0,2.3067653027206316,-0.5103766307176532,1.885784142507859,-0.9329279149259206,-0.8179021450888428
2024_04_MIN_GB,2024,4,2024-09-29T13:00-04:00,-2.0,1.0073810202493165,2.8630040171730906,1.885784142507859,3.0342298422958187,3.124747239968674
2024_04_NO_ATL,2024,4,2024-09-29T13:00-04:00,2.0,-3.6076674094179344,-5.623795782402472,1.885784142507859,-5.173706643931418,-5.180778605501496
2024_04_PHI_TB,2024,4,2024-09-29T13:00-04:00,17.0,2.199057387075729,-0.6286247160172969,1.885784142507859,-0.7232452774199318,-0.6715189227695038
2024_04_PIT_IND,2024,4,2024-09-29T13:00-04:00,3.0,-1.1864928628369222,-2.7772216960475147,1.885784142507859,-2.253987307270931,-2.0194789463594467
2024_04_NE_SF,2024,4,2024-09-29T16:05-04:00,17.0,8.834216652918471,12.40453539241605,1.885784142507859,12.75235246536785,12.849384693398974
2024_04_WAS_ARI,2024,4,2024-09-29T16:05-04:00,-28.0,4.872966678538323,3.111812668995918,1.885784142507859,2.7390756064742776,2.732077691371372
2024_04_CLE_LV,2024,4,2024-09-29T16:25-04:00,4.0,2.0210601409508016,-0.8867012318911063,1.885784142507859,-0.3558827711108503,-0.40380242323114945
2024_04_KC_LAC,2024,4,2024-09-29T16:25-04:00,-7.0,1.3162438558247738,-5.582980085493753,1.885784142507859,-5.1114813980042975,-5.176974645302678
2024_04_BUF_BAL,2024,4,2024-09-29T20:20-04:00,25.0,-0.3490533929686461,-1.5367222487933379,1.885784142507859,-1.544154083211727,-1.38690733767412
2024_04_TEN_MIA,2024,4,2024-09-30T19:30-04:00,-19.0,5.429653744422776,8.08570796593362,1.885784142507859,8.391036693464196,9.126493809925575
2024_04_SEA_DET,2024,4,2024-09-30T20:15-04:00,13.0,2.9917117272858484,5.960500327179046,1.885784142507859,5.432878232674541,5.6704954917088175
2024_05_TB_ATL,2024,5,2024-10-03T20:15-04:00,6.0,-0.8564142005931492,-0.2257934367693336,1.885784142507859,0.073471562792919,0.07537383225361793
2024_05_NYJ_MIN,2024,5,2024-10-06T09:30-04:00,6.0,3.72874854207766,0.6455047278259114,1.885784142507859,0.3386964130640697,-0.007662274461712748
2024_05_BAL_CIN,2024,5,2024-10-06T13:00-04:00,-3.0,-2.5012101771082715,-2.338229206091567,1.885784142507859,-1.7663123250903843,-2.0530387773655736
2024_05_BUF_HOU,2024,5,2024-10-06T13:00-04:00,3.0,-3.675173476906684,-5.279419598230908,1.885784142507859,-5.2752852449355085,-5.241525273153757
2024_05_CAR_CHI,2024,5,2024-10-06T13:00-04:00,26.0,8.315302963331566,7.795273970895213,1.885784142507859,7.650663248432308,7.788201531893276
2024_05_CLE_WAS,2024,5,2024-10-06T13:00-04:00,21.0,1.4584979011297021,3.0084334707344214,1.885784142507859,3.2063461288156176,2.9032570323197833
2024_05_IND_JAX,2024,5,2024-10-06T13:00-04:00,3.0,1.7196520636626949,1.4607062662316639,1.885784142507859,1.117632146814422,1.1309115872127014
2024_05_MIA_NE,2024,5,2024-10-06T13:00-04:00,-5.0,1.6897822652728136,-3.0528525104550077,1.885784142507859,-3.2812133472935296,-3.4197660277439077
2024_05_ARI_SF,2024,5,2024-10-06T16:05-04:00,-1.0,9.381132696075994,11.219200043725438,1.885784142507859,11.786458606914213,12.027072463091248
2024_05_LV_DEN,2024,5,2024-10-06T16:05-04:00,16.0,4.080758616657156,4.857130484570572,1.885784142507859,4.5044227074587955,4.883068040058149
2024_05_GB_LA,2024,5,2024-10-06T16:25-04:00,-5.0,0.415612374104835,0.5367495128625996,1.885784142507859,0.5996282710251071,0.6476729367764673
2024_05_NYG_SEA,2024,5,2024-10-06T16:25-04:00,-9.0,5.885346122379586,3.813196855963628,1.885784142507859,3.876999419825954,3.9579162918537003
2024_05_DAL_PIT,2024,5,2024-10-06T20:20-04:00,-3.0,0.8301858705878531,-0.45705919511944204,1.885784142507859,-0.8799203212996117,-0.9404419469071175
2024_05_NO_KC,2024,5,2024-10-07T20:15-04:00,13.0,2.0096919408759795,2.7464724216583227,1.885784142507859,2.877165202834266,2.815610951751767
2024_06_SF_SEA,2024,6,2024-10-10T20:15-04:00,-12.0,-1.15838553386439,-5.999362799104309,1.885784142507859,-5.8965028327859805,-6.062372475423041
2024_06_JAX_CHI,2024,6,2024-10-13T09:30-04:00,19.0,2.829933041869957,0.08919206965098248,1.885784142507859,-0.7619257890154199,-0.7857354025206709
2024_06_ARI_GB,2024,6,2024-10-13T13:00-04:00,21.0,6.1791303584392425,6.400503491957563,1.885784142507859,6.579902529862325,6.576370611373812
2024_06_CLE_PHI,2024,6,2024-10-13T13:00-04:00,4.0,4.494437949808212,6.8202941096423055,1.885784142507859,7.318718078556531,7.326191015141917
2024_06_HOU_NE,2024,6,2024-10-13T13:00-04:00,-20.0,-0.5225969816286464,-2.749665856305606,1.885784142507859,-2.751396272712548,-2.7090955947705027
2024_06_IND_TEN,2024,6,2024-10-13T13:00-04:00,-3.0,1.289990285628369,-1.136543472288992,1.885784142507859,-1.971076585483077,-2.507515909211892
2024_06_TB_NO,2024,6,2024-10-13T13:00-04:00,-24.0,4.10006105802228,3.942671416637032,1.885784142507859,3.9988437665868215,3.6800176501405177
2024_06_WAS_BAL,2024,6,2024-10-13T13:00-04:00,7.0,8.113157183838448,8.389462887378638,1.885784142507859,8.09968323890026,8.237065059121095
2024_06_LAC_DEN,2024,6,2024-10-13T16:05-04:00,-7.0,3.355976453069608,1.7736474223315004,1.885784142507859,1.7676946658976518,2.2645682344587454
2024_06_PIT_LV,2024,6,2024-10-13T16:05-04:00,-19.0,-1.187409897724487,-5.311483351643657,1.885784142507859,-4.846386663213764,-4.78176994012377
2024_06_ATL_CAR,2024,6,2024-10-13T16:25-04:00,-18.0,-3.588124333267868,-6.417152230028808,1.885784142507859,-6.759418104336929,-6.810603780403228
2024_06_DET_DAL,2024,6,2024-10-13T16:25-04:00,-38.0,3.470727206736909,1.275958140786918,1.885784142507859,2.249067319240905,2.02228163788388
2024_06_CIN_NYG,2024,6,2024-10-13T20:20-04:00,-10.0,1.1618434938098916,-4.022876080775951,1.885784142507859,-4.472372837729311,-4.442658873699682
2024_06_BUF_NYJ,2024,6,2024-10-14T20:15-04:00,-3.0,-2.4206311942458374,-4.888893558373966,1.885784142507859,-4.881104631783903,-4.656599487017538
2024_07_DEN_NO,2024,7,2024-10-17T20:15-04:00,-23.0,3.0179494581492734,2.9245709741733563,1.885784142507859,2.645983147409861,2.1645100141943483
2024_07_NE_JAX,2024,7,2024-10-20T09:30-04:00,16.0,2.252061833202892,2.0508010083006005,1.885784142507859,2.7254218673992483,2.6426978078735135
2024_07_CIN_CLE,2024,7,2024-10-20T13:00-04:00,-7.0,-0.7269071650567898,-5.040864627408181,1.885784142507859,-5.902300431343857,-5.672600113778577
2024_07_DET_MIN,2024,7,2024-10-20T13:00-04:00,-2.0,1.6120962373419903,-1.7245381378135396,1.885784142507859,-1.1532400399623495,-1.3871156746853779
2024_07_HOU_GB,2024,7,2024-10-20T13:00-04:00,2.0,4.765563454555667,7.214374510930148,1.885784142507859,6.931154487418166,6.749418709335062
2024_07_MIA_IND,2024,7,2024-10-20T13:00-04:00,6.0,3.6003715714755216,1.730933438484004,1.885784142507859,2.230465624102302,2.0052472458909594
2024_07_PHI_NYG,2024,7,2024-10-20T13:00-04:00,-25.0,0.7942018774582174,-0.33289933088978607,1.885784142507859,-0.799275533328542,-0.9709204910260754
2024_07_SEA_ATL,2024,7,2024-10-20T13:00-04:00,-20.0,3.2242259061497966,5.910309166401538,1.885784142507859,5.832830643260468,5.929277835564123
2024_07_TEN_BUF,2024,7,2024-10-20T13:00-04:00,24.0,9.679398708653146,13.503084216721579,1.885784142507859,14.32453006591521,14.812138062888971
2024_07_CAR_WAS,2024,7,2024-10-20T16:05-04:00,33.0,10.57077141974699,10.554706050778918,1.885784142507859,10.629089928279278,10.528713499658647
2024_07_LV_LA,2024,7,2024-10-20T16:05-04:00,5.0,4.804436649915273,8.922099274693934,1.885784142507859,8.550070312595665,8.50684723132951
2024_07_KC_SF,2024,7,2024-10-20T16:25-04:00,-10.0,3.0550411943688065,3.427926640991098,1.885784142507859,3.562492663887838,3.5705750474501556
2024_07_NYJ_PIT,2024,7,2024-10-20T20:20-04:00,22.0,6.06312213826283,6.353236668219867,1.885784142507859,6.183613683242789,6.014095604328636
2024_07_BAL_TB,2024,7,2024-10-21T20:15-04:00,-10.0,-0.019987947232714465,-3.4646558779342223,1.885784142507859,-3.2771450608142376,-3.1849880579287886
2024_07_LAC_ARI,2024,7,2024-10-21T21:00-04:00,2.0,-1.7148403123699953,1.2040798958765482,1.885784142507859,0.8387153207198864,0.8257570813799762
2024_08_MIN_LA,2024,8,2024-10-24T20:15-04:00,10.0,-1.8190540770282801,0.3484606448194937,1.885784142507859,0.34069635259291464,0.4767062097086997
2024_08_ARI_MIA,2024,8,2024-10-27T13:00-04:00,-1.0,3.008395061062215,0.18354531946678287,1.885784142507859,0.08275908156422784,0.06270536406779836
2024_08_ATL_TB,2024,8,2024-10-27T13:00-04:00,-5.0,5.9985604915417206,4.138030270450021,1.885784142507859,4.394668875059606,4.480903351959998
2024_08_BAL_CLE,2024,8,2024-10-27T13:00-04:00,5.0,-6.101293631353482,-8.836521731382128,1.885784142507859,-9.420467407360679,-9.408794100121039
2024_08_GB_JAX,2024,8,2024-10-27T13:00-04:00,-3.0,-2.2191964341356663,-3.8082577232537167,1.885784142507859,-2.99672009267499,-2.8691046288152373
2024_08_IND_HOU,2024,8,2024-10-27T13:00-04:00,3.0,4.096790688965207,2.8854113666265433,1.885784142507859,2.3993830639512495,2.4285715090639055
2024_08_NYJ_NE,2024,8,2024-10-27T13:00-04:00,3.0,-2.029045331579276,-3.1696710187494346,1.885784142507859,-3.541537462532693,-3.6270919970942397
2024_08_PHI_CIN,2024,8,2024-10-27T13:00-04:00,-20.0,2.77711687034055,4.090302011716682,1.885784142507859,4.576234855617698,4.349822763483215
2024_08_TEN_DET,2024,8,2024-10-27T13:00-04:00,38.0,11.017607192051429,14.299855232456714,1.885784142507859,14.639540265136457,15.20434839884517
2024_08_BUF_SEA,2024,8,2024-10-27T16:05-04:00,-21.0,-2.5032659404360036,-6.653504004756517,1.885784142507859,-6.944189958766096,-6.986543960297363
2024_08_NO_LAC,2024,8,2024-10-27T16:05-04:00,18.0,3.9008575333138102,2.4106546201866803,1.885784142507859,2.341047939927313,2.1814271005837558
2024_08_CAR_DEN,2024,8,2024-10-27T16:25-04:00,14.0,14.579078678649962,12.686843890065656,1.885784142507859,12.842963531690724,13.23489072739121
2024_08_CHI_WAS,2024,8,2024-10-27T16:25-04:00,3.0,1.3091182040504954,0.49746104232092336,1.885784142507859,0.5530352219897854,0.304576155658945
2024_08_KC_LV,2024,8,2024-10-27T16:25-04:00,-7.0,-5.597873796576895,-9.148799202085153,1.885784142507859,-8.761809757854781,-8.678509199247058
2024_08_DAL_SF,2024,8,2024-10-27T20:20-04:00,6.0,3.412295395138552,4.409276509376999,1.885784142507859,3.7813114576099935,3.8553184306579515
2024_08_NYG_PIT,2024,8,2024-10-28T20:15-04:00,8.0,10.356633687467365,11.842796187475669,1.885784142507859,12.34775292800942,12.44806033599415
2024_09_HOU_NYJ,2024,9,2024-10-31T20:15-04:00,8.0,-0.4485938226025876,-1.6660605539493347,1.885784142507859,-1.6818217803479611,-1.6071998477055902
2024_09_DAL_ATL,2024,9,2024-11-03T13:00-05:00,6.0,-0.6500084306884855,0.4315592449938555,1.885784142507859,-0.45255461331221053,-0.40600958245312085
2024_09_DEN_BAL,2024,9,2024-11-03T13:00-05:00,31.0,5.39721112986449,8.344109452260493,1.885784142507859,8.687726622598436,8.682285524034185
2024_09_LAC_CLE,2024,9,2024-11-03T13:00-05:00,-17.0,-1.5585620341492632,-1.5061778111869342,1.885784142507859,-2.166803383408741,-2.0679096901209046
2024_09_LV_CIN,2024,9,2024-11-03T13:00-05:00,17.0,5.800672274624157,8.280692639985642,1.885784142507859,8.375861246680236,8.129031872861198
2024_09_MIA_BUF,2024,9,2024-11-03T13:00-05:00,3.0,11.868163935950097,12.416892349097758,1.885784142507859,12.786735100008576,12.598086424630239
2024_09_NE_TEN,2024,9,2024-11-03T13:00-05:00,3.0,3.10122548094592,0.3133443033178167,1.885784142507859,0.0692775715402183,-0.3562899328668443
2024_09_NO_CAR,2024,9,2024-11-03T13:00-05:00,1.0,-5.996161550899025,-4.589504556078101,1.885784142507859,-4.271078240349032,-4.4107158090373
2024_09_WAS_NYG,2024,9,2024-11-03T13:00-05:00,-5.0,-2.171721631853477,-4.760099808106078,1.885784142507859,-4.604822528310311,-4.702892450909561
2024_09_CHI_ARI,2024,9,2024-11-03T16:05-05:00,20.0,-1.993936046822066,0.723084615493025,1.885784142507859,1.433754110504217,1.2266404734116283
2024_09_JAX_PHI,2024,9,2024-11-03T16:05-05:00,5.0,7.0761712933944665,7.432548719371201,1.885784142507859,6.727627125771802,6.702280605859578
2024_09_DET_GB,2024,9,2024-11-03T16:25-05:00,-10.0,-0.9040018130678455,-2.1933880201215654,1.885784142507859,-2.46431715414738,-2.6170954297218527
2024_09_LA_SEA,2024,9,2024-11-03T16:25-05:00,-6.0,1.7817039349109076,-3.4312044046654124,1.885784142507859,-3.506450779643201,-3.569813314206052
2024_09_IND_MIN,2024,9,2024-11-03T20:20-05:00,8.0,5.511675150136375,4.930353097995932,1.885784142507859,4.52742821842911,4.318698152210879
2024_09_TB_KC,2024,9,2024-11-04T20:15-05:00,6.0,6.415979703424431,8.093029012652835,1.885784142507859,8.045285437822947,7.949098061736027
2024_10_CIN_BAL,2024,10,2024-11-07T20:15-05:00,1.0,8.26087593930051,7.192616905293274,1.885784142507859,6.8930727227156225,7.0975122985041885
2024_10_NYG_CAR,2024,10,2024-11-10T09:30-05:00,3.0,-5.745602027762564,-5.8372131561956495,1.885784142507859,-5.412693572416751,-5.333017500199589
2024_10_ATL_NO,2024,10,2024-11-10T13:00-05:00,3.0,0.9413319830353901,-0.6194007251747113,1.885784142507859,-0.5288990079618339,-0.4265485970001237
2024_10_BUF_IND,2024,10,2024-11-10T13:00-05:00,-10.0,-4.546471237487363,-7.719752262756032,1.885784142507859,-7.4415340950394615,-7.299031826607463
2024_10_DEN_KC,2024,10,2024-11-10T13:00-05:00,2.0,6.772707585870164,9.631292670382152,1.885784142507859,9.685744472863245,9.236464933463184
2024_10_MIN_JAX,2024,10,2024-11-10T13:00-05:00,-5.0,-1.9550830447819196,-2.880006182451545,1.885784142507859,-2.4804014618426375,-2.2527746800669215
2024_10_NE_CHI,2024,10,2024-11-10T13:00-05:00,-16.0,9.027013835666537,7.739866838269473,1.885784142507859,7.23730315331301,7.302334061569356
2024_10_PIT_WAS,2024,10,2024-11-10T13:00-05:00,-1.0,-0.11929612488279329,-2.052796864816174,1.885784142507859,-2.5295328837015876,-2.5521152117840047
2024_10_SF_TB,2024,10,2024-11-10T13:00-05:00,-3.0,-0.07048462098896024,-2.5075142216724764,1.885784142507859,-1.951063708718291,-1.9104241492222687
2024_10_TEN_LAC,2024,10,2024-11-10T16:05-05:00,10.0,11.019564298415537,9.264338812807281,1.885784142507859,9.487801685008847,9.816333103481528
2024_10_NYJ_ARI,2024,10,2024-11-10T16:25-05:00,25.0,3.132336631377835,2.8302209907657128,1.885784142507859,2.757302884333943,2.4947819026870097
2024_10_PHI_DAL,2024,10,2024-11-10T16:25-05:00,-28.0,1.8268518469632957,-1.9299482364852747,1.885784142507859,-1.1531284818604817,-1.2385487913776974
2024_10_DET_HOU,2024,10,2024-11-10T20:20-05:00,-3.0,-4.211394719267483,-4.699921266447008,1.885784142507859,-4.510363204336667,-4.463358372407444
2024_10_MIA_LA,2024,10,2024-11-11T20:15-05:00,-8.0,4.727199451590647,4.0947370820100915,1.885784142507859,4.205545355065991,4.1194586411857195
2024_11_WAS_PHI,2024,11,2024-11-14T20:15-05:00,8.0,5.055548030146469,4.172530990027937,1.885784142507859,3.8776760460373114,3.8387022312720527
2024_11_BAL_PIT,2024,11,2024-11-17T13:00-05:00,2.0,0.7067641354026097,-2.0982685806145143,1.885784142507859,-1.996663192941703,-2.0122255678807655
2024_11_CLE_NO,2024,11,2024-11-17T13:00-05:00,21.0,3.8306289632262494,3.7821929997274064,1.885784142507859,4.054805216303054,4.106483736773851
2024_11_GB_CHI,2024,11,2024-11-17T13:00-05:00,-1.0,-0.4980252491721129,-4.048282342874178,1.885784142507859,-4.374095275606696,-4.181679134290747
2024_11_IND_NYJ,2024,11,2024-11-17T13:00-05:00,-1.0,0.712961820641252,2.0415946947542363,1.885784142507859,1.8163397664012522,1.857016285372822
2024_11_JAX_DET,2024,11,2024-11-17T13:00-05:00,46.0,11.404319966794782,11.695562457265774,1.885784142507859,11.118966508041817,11.169595390756331
2024_11_LA_NE,2024,11,2024-11-17T13:00-05:00,-6.0,-1.3779853786649587,-4.491484274019239,1.885784142507859,-4.491816254867066,-4.455005621848872
2024_11_LV_MIA,2024,11,2024-11-17T13:00-05:00,15.0,5.976277555261993,7.509060425296776,1.885784142507859,7.208307722612778,7.231100759794996
2024_11_MIN_TEN,2024,11,2024-11-17T13:00-05:00,-10.0,-5.5475776620859065,-7.023186216995693,1.885784142507859,-6.950735729210644,-7.253127360772467
2024_11_ATL_DEN,2024,11,2024-11-17T16:05-05:00,32.0,3.9744525955188683,1.183999506494232,1.885784142507859,1.4659562879209846,1.4257804443686248
2024_11_SEA_SF,2024,11,2024-11-17T16:05-05:00,-3.0,7.690173962583126,11.70566078963346,1.885784142507859,11.162410338658066,11.146493435475156
2024_11_KC_BUF,2024,11,2024-11-17T16:25-05:00,9.0,4.70970083934227,2.7802452511478286,1.885784142507859,3.026815462975946,3.021170417473801
2024_11_CIN_LAC,2024,11,2024-11-17T20:20-05:00,7.0,4.4204132164094165,0.6173281463327873,1.885784142507859,0.467816311759813,0.572083268154795
2024_11_HOU_DAL,2024,11,2024-11-18T20:15-05:00,-24.0,2.4453317625725255,-1.4282202632073315,1.885784142507859,-1.0373479572613076,-1.2512948052378576
2024_12_PIT_CLE,2024,12,2024-11-21T20:15-05:00,5.0,-6.141101391647171,-6.7540643163746115,1.885784142507859,-7.030838539739565,-7.010639308380374
2024_12_DAL_WAS,2024,12,2024-11-24T13:00-05:00,-8.0,4.89676622515122,6.34750672893695,1.885784142507859,5.8424196415725005,5.984916162148709
2024_12_DET_IND,2024,12,2024-11-24T13:00-05:00,-18.0,-6.886334548627779,-9.100237510406282,1.885784142507859,-8.508130253564975,-8.487830676911724
2024_12_KC_CAR,2024,12,2024-11-24T13:00-05:00,-3.0,-10.404566688333421,-10.99263410774161,1.885784142507859,-10.981220733704383,-10.959057072400064
2024_12_MIN_CHI,2024,12,2024-11-24T13:00-05:00,-3.0,-1.5546525892602174,-2.48473049464007,1.885784142507859,-2.872824182118225,-2.6362744638631357
2024_12_NE_MIA,2024,12,2024-11-24T13:00-05:00,19.0,7.083296124768387,8.791390654422162,1.885784142507859,8.74244987084866,8.794516498599512
2024_12_TB_NYG,2024,12,2024-11-24T13:00-05:00,-23.0,-2.5772340693882407,-4.7597474108460025,1.885784142507859,-5.59767302858895,-5.825878022777935
2024_12_TEN_HOU,2024,12,2024-11-24T13:00-05:00,-5.0,9.844323204782254,10.200694318358284,1.885784142507859,9.999104910285554,10.59051227997282
2024_12_DEN_LV,2024,12,2024-11-24T16:05-05:00,-10.0,-4.878968495162166,-5.8525507363616445,1.885784142507859,-5.109653560857827,-4.968939867074796
2024_12_ARI_SEA,2024,12,2024-11-24T16:25-05:00,10.0,1.2156589405577933,-2.9891189638735147,1.885784142507859,-2.9665892781657206,-2.827644553983247
2024_12_SF_GB,2024,12,2024-11-24T16:25-05:00,28.0,1.72730259355282,3.8473500550881568,1.885784142507859,4.227916600771155,4.583787159233618
2024_12_PHI_LA,2024,12,2024-11-24T20:20-05:00,-17.0,-1.7875778487070537,0.15534049322162924,1.885784142507859,0.8958620303967408,0.8910346174119452
2024_12_BAL_LAC,2024,12,2024-11-25T20:15-05:00,-7.0,0.03913036661808089,-4.621342879476867,1.885784142507859,-4.691743388725321,-4.811489335265427
2024_13_CHI_DET,2024,13,2024-11-28T12:30-05:00,3.0,12.655146257305212,11.087940152990733,1.885784142507859,11.001032110217276,10.9652428198312
2024_13_NYG_DAL,2024,13,2024-11-28T16:30-05:00,7.0,8.035488092519964,7.195515430542124,1.885784142507859,8.367836797872677,8.52367513683324
2024_13_MIA_GB,2024,13,2024-11-28T20:20-05:00,13.0,5.43228937234011,4.003912540001701,1.885784142507859,3.820305378710402,3.663777403503362
2024_13_LV_KC,2024,13,2024-11-29T15:00-05:00,2.0,11.442732367340307,14.016735891107587,1.885784142507859,13.592699488192048,13.513298944529994
2024_13_ARI_MIN,2024,13,2024-12-01T13:00-05:00,1.0,5.778167165033841,3.499667470917979,1.885784142507859,3.520215920801617,3.4449980236173188
2024_13_HOU_JAX,2024,13,2024-12-01T13:00-05:00,-3.0,-1.761310215058753,-2.9076614713230926,1.885784142507859,-2.2211219920811116,-2.1807806914014556
2024_13_IND_NE,2024,13,2024-12-01T13:00-05:00,-1.0,-1.2231304517630597,0.20778742802887296,1.885784142507859,-0.20724906490896244,-0.21690637382666567
2024_13_LAC_ATL,2024,13,2024-12-01T13:00-05:00,-4.0,-2.383347860272478,0.8320827114853757,1.885784142507859,0.691598537859957,0.8550289160893548
2024_13_PIT_CIN,2024,13,2024-12-01T13:00-05:00,-6.0,0.16661222195139702,0.30308776961391715,1.885784142507859,0.3977690794346327,0.24823660649250667
2024_13_SEA_NYJ,2024,13,2024-12-01T13:00-05:00,-5.0,-0.635293287941888,2.0828827895567352,1.885784142507859,2.3008225173790007,2.4095751326617285
2024_13_TEN_WAS,2024,13,2024-12-01T13:00-05:00,23.0,7.10583948526099,7.383991980233469,1.885784142507859,6.945208859911061,7.4884874024922485
2024_13_LA_NO,2024,13,2024-12-01T16:05-05:00,-7.0,3.26545520525886,1.0677717910564015,1.885784142507859,0.2515175213730674,0.4026424353757432
2024_13_TB_CAR,2024,13,2024-12-01T16:05-05:00,-3.0,-7.955653291361415,-7.603025832406056,1.885784142507859,-7.679712881650164,-7.792546635386823
2024_13_PHI_BAL,2024,13,2024-12-01T16:25-05:00,-5.0,3.5582660691668613,4.256238438059013,1.885784142507859,4.751244985211653,4.798263997374009
2024_13_SF_BUF,2024,13,2024-12-01T20:20-05:00,25.0,8.03866772814105,10.041374712398577,1.885784142507859,10.7820879179659,10.94438272731633
2024_13_CLE_DEN,2024,13,2024-12-02T20:15-05:00,9.0,8.891146959412367,7.955892292109058,1.885784142507859,7.794476799263155,7.55407753029291
2024_14_GB_DET,2024,14,2024-12-05T20:15-05:00,3.0,6.681709473331051,4.02906286591967,1.885784142507859,3.759192187253208,3.907916416359188
2024_14_ATL_MIN,2024,14,2024-12-08T13:00-05:00,21.0,7.6039807416833085,5.79147528471514,1.885784142507859,6.169093289781042,5.90414795519205
2024_14_CAR_PHI,2024,14,2024-12-08T13:00-05:00,6.0,16.251759518064894,13.137114994610945,1.885784142507859,12.863475705427081,12.872758748277738
2024_14_CLE_PIT,2024,14,2024-12-08T13:00-05:00,13.0,9.940596077590522,10.208621762285727,1.885784142507859,10.253149373617216,10.234267579064877
2024_14_JAX_TEN,2024,14,2024-12-08T13:00-05:00,-4.0,0.544475186259004,-0.7731837708421049,1.885784142507859,-1.1021094974805483,-1.5850941361879598
2024_14_LV_TB,2024,14,2024-12-08T13:00-05:00,15.0,9.024625049215683,9.319472252902854,1.885784142507859,9.158257281582435,9.195869437625841
2024_14_NO_NYG,2024,14,2024-12-08T13:00-05:00,-3.0,-1.9515876242807657,-5.592330439439834,1.885784142507859,-6.058530834701051,-6.292549744644109
2024_14_NYJ_MIA,2024,14,2024-12-08T13:00-05:00,6.0,6.117903504221956,7.000109115424506,1.885784142507859,7.062516631078008,7.000659610729847
2024_14_SEA_ARI,2024,14,2024-12-08T16:05-05:00,-12.0,2.4976994344990553,4.627643776160253,1.885784142507859,5.010712030889183,4.896729539252892
2024_14_BUF_LA,2024,14,2024-12-08T16:25-05:00,2.0,-6.292538291815861,-6.713933274152325,1.885784142507859,-6.79342539896777,-6.792391291507913
2024_14_CHI_SF,2024,14,2024-12-08T16:25-05:00,25.0,2.9581840343616475,4.748960589413093,1.885784142507859,4.476930080370528,4.3765325658659116
2024_14_LAC_KC,2024,14,2024-12-08T20:20-05:00,2.0,2.4413374065316065,5.651350387292447,1.885784142507859,5.70101041276647,5.77787195088277
2024_14_CIN_DAL,2024,14,2024-12-09T20:15-05:00,-7.0,1.5550676401304266,0.2507701363298631,1.885784142507859,0.4133941152352065,0.545891146644554
2024_15_LA_SF,2024,15,2024-12-12T20:15-05:00,-6.0,4.087730351009779,3.85370383529426,1.885784142507859,3.424978000868549,3.444894139935001
2024_15_BAL_NYG,2024,15,2024-12-15T13:00-05:00,-21.0,-9.020509772975604,-14.971159800618278,1.885784142507859,-15.898205413374484,-16.204132488177105
2024_15_CIN_TEN,2024,15,2024-12-15T13:00-05:00,-10.0,-4.685386697397662,-6.384306817288581,1.885784142507859,-6.551785568138631,-6.902699728008708
2024_15_DAL_CAR,2024,15,2024-12-15T13:00-05:00,-16.0,-3.5540596738373846,-1.9113510585796212,1.885784142507859,-2.028360987044774,-2.061003027092728
2024_15_KC_CLE,2024,15,2024-12-15T13:00-05:00,-14.0,-4.183070145049221,-5.519325209588821,1.885784142507859,-5.5628164676592124,-5.5232392817177
2024_15_MIA_HOU,2024,15,2024-12-15T13:00-05:00,8.0,3.0985012452163287,0.750597315454602,1.885784142507859,0.1835798752068638,0.2198487170643153
2024_15_NYJ_JAX,2024,15,2024-12-15T13:00-05:00,-7.0,2.592441179974476,0.14209911190071778,1.885784142507859,0.6605256950561984,0.591620666377068
2024_15_WAS_NO,2024,15,2024-12-15T13:00-05:00,-1.0,-0.08192126310522152,-2.0304415671782174,1.885784142507859,-2.2791937410911864,-2.368243813224945
2024_15_BUF_DET,2024,15,2024-12-15T16:25-05:00,-6.0,3.0116348768142522,0.8206490626526868,1.885784142507859,0.4516267806193034,0.6106781399496606
2024_15_IND_DEN,2024,15,2024-12-15T16:25-05:00,18.0,7.2120271616263105,6.60440385540128,1.885784142507859,5.750837477122905,5.477590340081157
2024_15_NE_ARI,2024,15,2024-12-15T16:25-05:00,13.0,7.368956392536683,5.862256255418078,1.885784142507859,6.051173361751065,5.951306539117326
2024_15_PIT_PHI,2024,15,2024-12-15T16:25-05:00,14.0,3.585538578116396,3.5178664118325,1.885784142507859,2.8619751495302026,2.844718570240653
2024_15_TB_LAC,2024,15,2024-12-15T16:25-05:00,-23.0,3.1453072406730187,1.170601964839058,1.885784142507859,1.080276746295596,0.8823332912965155
2024_15_GB_SEA,2024,15,2024-12-15T20:20-05:00,-17.0,-0.5841509288728446,-4.472066789896875,1.885784142507859,-4.631205407683973,-4.503131482245648
2024_15_CHI_MIN,2024,15,2024-12-16T20:00-05:00,18.0,8.193657638569508,8.192399291597624,1.885784142507859,8.262970957427324,7.9846038342738765
2024_15_ATL_LV,2024,15,2024-12-16T20:30-05:00,-6.0,0.5974088985888795,-1.283855613948389,1.885784142507859,-1.2050785975346008,-1.2350297859460817
2024_16_DEN_LAC,2024,16,2024-12-19T20:15-05:00,7.0,0.3619051769381074,-1.7239671057785522,1.885784142507859,-1.5291885715351414,-1.455342376359422
2024_16_HOU_KC,2024,16,2024-12-21T13:00-05:00,8.0,4.940338206009354,6.913705092119772,1.885784142507859,7.159011749577402,7.092309844034128
2024_16_PIT_BAL,2024,16,2024-12-21T16:30-05:00,17.0,5.808493074431196,6.79900331914792,1.885784142507859,6.736955482423477,6.7419661722670465
2024_16_ARI_CAR,2024,16,2024-12-22T13:00-05:00,6.0,-5.18892269790176,-5.196933580933798,1.885784142507859,-5.178036740502055,-5.108624912925661
2024_16_CLE_CIN,2024,16,2024-12-22T13:00-05:00,18.0,8.688167570256185,9.755602676571051,1.885784142507859,10.494762253470793,10.506716437912317
2024_16_DET_CHI,2024,16,2024-12-22T13:00-05:00,-17.0,-7.49034916955582,-8.244162461505491,1.885784142507859,-7.998849585387951,-7.984411595998818
2024_16_LA_NYJ,2024,16,2024-12-22T13:00-05:00,-10.0,-1.0589422336955385,-2.3220497339506383,1.885784142507859,-2.4849481434423866,-2.359596295321197
2024_16_NYG_ATL,2024,16,2024-12-22T13:00-05:00,27.0,6.529609759083689,7.392021060270393,1.885784142507859,7.879379581271073,8.108198081519696
2024_16_PHI_WAS,2024,16,2024-12-22T13:00-05:00,3.0,-1.9985596079591943,-2.428227937507456,1.885784142507859,-2.210766996080183,-2.015268659056538
2024_16_TEN_IND,2024,16,2024-12-22T13:00-05:00,8.0,6.146485946830021,4.71464818107924,1.885784142507859,5.1281068608833715,5.6394647650848055
2024_16_MIN_SEA,2024,16,2024-12-22T16:05-05:00,-3.0,-1.9431798690059665,-3.6419319680866966,1.885784142507859,-3.790522975902335,-3.527786137298267
2024_16_JAX_LV,2024,16,2024-12-22T16:25-05:00,5.0,0.9612110103730407,-0.41679770609694744,1.885784142507859,-0.903326807792331,-0.8258738367206444
2024_16_NE_BUF,2024,16,2024-12-22T16:25-05:00,3.0,16.84608186392329,17.141874063910908,1.885784142507859,17.516718163119215,17.427909902244416
2024_16_SF_MIA,2024,16,2024-12-22T16:25-05:00,12.0,1.3796594514279503,-0.678369676407993,1.885784142507859,0.2111886985433048,0.3809215226415673
2024_16_TB_DAL,2024,16,2024-12-22T20:20-05:00,2.0,-1.404071256811577,-0.4371189361914647,1.885784142507859,-0.2819939335324787,-0.3615195382856371
2024_16_NO_GB,2024,16,2024-12-23T20:15-05:00,34.0,9.548556477365201,11.973899201391191,1.885784142507859,12.154545253275247,12.160919320207631
2024_17_KC_PIT,2024,17,2024-12-25T13:00-05:00,-19.0,1.1302445211731835,-1.7360414205877053,1.885784142507859,-1.634664335710691,-1.6044448326711476
2024_17_BAL_HOU,2024,17,2024-12-25T16:30-05:00,-29.0,-4.01675110954765,-6.6526564805467,1.885784142507859,-6.986049124001282,-6.950464533229049
2024_17_SEA_CHI,2024,17,2024-12-26T20:15-05:00,-3.0,-0.8553914262368756,-1.0271581462042216,1.885784142507859,-0.7117382436255302,-0.7192086983299666
2024_17_LAC_NE,2024,17,2024-12-28T13:00-05:00,-33.0,-4.454420427936189,-3.0260447482091153,1.885784142507859,-3.4166199140749236,-3.3065940523605715
2024_17_DEN_CIN,2024,17,2024-12-28T16:30-05:00,6.0,1.7021142025360563,1.9124188790722574,1.885784142507859,2.6446544910834104,2.845232149611821
2024_17_ARI_LA,2024,17,2024-12-28T20:15-05:00,4.0,5.174267077603758,6.965009807985812,1.885784142507859,7.061324822402106,7.02866672345386
2024_17_CAR_TB,2024,17,2024-12-29T13:00-05:00,34.0,13.230547432969855,11.647478304743332,1.885784142507859,11.378820555916384,11.509889807788781
2024_17_DAL_PHI,2024,17,2024-12-29T13:00-05:00,34.0,7.8773776838390415,5.445702270669552,1.885784142507859,5.154977963775533,4.965903855873959
2024_17_IND_NYG,2024,17,2024-12-29T13:00-05:00,12.0,-3.1453368124520296,-5.53890414332589,1.885784142507859,-6.416882991867158,-6.605015975925257
2024_17_LV_NO,2024,17,2024-12-29T13:00-05:00,-15.0,4.998138845292113,1.402365944027122,1.885784142507859,1.7603021108737082,1.5968159588131052
2024_17_NYJ_BUF,2024,17,2024-12-29T13:00-05:00,26.0,13.159015813852944,12.312136437644941,1.885784142507859,12.62033594881609,12.48908479563073
2024_17_TEN_JAX,2024,17,2024-12-29T13:00-05:00,7.0,4.652463380642662,3.7527054990721656,1.885784142507859,3.7833218175562187,4.205501087158085
2024_17_MIA_CLE,2024,17,2024-12-29T16:05-05:00,-17.0,-3.3764583322222945,-4.017696299026975,1.885784142507859,-4.79091539907375,-4.573438919160548
2024_17_GB_MIN,2024,17,2024-12-29T16:25-05:00,2.0,-0.024086910711399234,-1.577948989132516,1.885784142507859,-1.3733114599829674,-1.5198456898961785
2024_17_ATL_WAS,2024,17,2024-12-29T20:20-05:00,6.0,5.50337062755106,2.969379661877381,1.885784142507859,3.3103453346854383,3.4095326771284737
2024_17_DET_SF,2024,17,2024-12-30T20:15-05:00,-6.0,-5.563018587838837,-4.708481973878797,1.885784142507859,-5.021496357326689,-5.1373905832061615
2024_18_CLE_BAL,2024,18,2025-01-04T16:30-05:00,25.0,17.72270094959495,19.716612274580484,1.885784142507859,20.33561318681135,20.339651015610542
2024_18_CIN_PIT,2024,18,2025-01-04T20:00-05:00,-2.0,0.8064323417175534,-0.34312772562377925,1.885784142507859,-0.7265400193658644,-0.6032999236318313
2024_18_BUF_NE,2024,18,2025-01-05T13:00-05:00,7.0,-12.232243398295825,-16.16853159171243,1.885784142507859,-16.35619072234571,-16.25486250186333
2024_18_CAR_ATL,2024,18,2025-01-05T13:00-05:00,-6.0,9.925071051269008,9.444319453826374,1.885784142507859,9.416577130661707,9.557549444648945
2024_18_CHI_GB,2024,18,2025-01-05T13:00-05:00,-2.0,12.990220350332226,12.857797056108017,1.885784142507859,12.604194328252785,12.494286502071065
2024_18_HOU_TEN,2024,18,2025-01-05T13:00-05:00,-9.0,-3.595286705704563,-4.259343086967718,1.885784142507859,-4.183392268811261,-4.750887322154824
2024_18_JAX_IND,2024,18,2025-01-05T13:00-05:00,3.0,2.9600841667771522,2.579277685460853,1.885784142507859,2.7491729288826057,2.8043273472742136
2024_18_NO_TB,2024,18,2025-01-05T13:00-05:00,8.0,11.859244008849402,12.355144131757669,1.885784142507859,11.98557516640935,12.145653437930314
2024_18_NYG_PHI,2024,18,2025-01-05T13:00-05:00,7.0,16.645855792466165,13.54924296472658,1.885784142507859,13.635608750172945,13.690767501870868
2024_18_WAS_DAL,2024,18,2025-01-05T13:00-05:00,-4.0,-0.6658492200073964,0.026880380862113196,1.885784142507859,0.16624411386608773,-0.029684530462621872
2024_18_KC_DEN,2024,18,2025-01-05T16:25-05:00,38.0,-0.022984892700018023,3.223527475248209,1.885784142507859,2.630555838011573,3.120494380830076
2024_18_LAC_LV,2024,18,2025-01-05T16:25-05:00,-14.0,-4.756131724011227,-4.481369668729065,1.885784142507859,-4.849149878809312,-4.639933119414034
2024_18_MIA_NYJ,2024,18,2025-01-05T16:25-05:00,12.0,-3.4651167961418974,0.8441236565923682,1.885784142507859,0.24835783878944273,0.8871206458641954
2024_18_SEA_LA,2024,18,2025-01-05T16:25-05:00,-5.0,3.642005181451645,5.469418629700522,1.885784142507859,5.6570128176266135,5.62726198327987
2024_18_SF_ARI,2024,18,2025-01-05T16:25-05:00,23.0,1.3391106343860368,3.9952235791493775,1.885784142507859,4.066086922513665,4.397606177191268
2024_18_MIN_DET,2024,18,2025-01-05T20:20-05:00,22.0,5.840669566839233,5.449169886926613,1.885784142507859,5.239251920012149,5.497982762992443
2025_01_DAL_PHI,2025,1,2025-09-04T20:20-04:00,4.0,6.451999903951762,7.557568410342214,1.8842105263157896,6.842221577628813,7.362235368509919
2025_01_KC_LAC,2025,1,2025-09-05T20:00-04:00,6.0,0.17513303160316362,-1.2979888615173376,1.8842105263157896,-1.9352789992480806,-2.102480000555977
2025_01_ARI_NO,2025,1,2025-09-07T13:00-04:00,-7.0,0.28104620037369,-0.724039639987893,1.8842105263157896,-0.3008927800875483,-0.15213527194102583
2025_01_CAR_JAX,2025,1,2025-09-07T13:00-04:00,16.0,4.142343431761537,5.823764324690413,1.8842105263157896,5.809604663774808,5.653895653614184
2025_01_CIN_CLE,2025,1,2025-09-07T13:00-04:00,-1.0,-2.342664674510038,-7.3197864596086415,1.8842105263157896,-8.066372623893562,-7.980792888166205
2025_01_LV_NE,2025,1,2025-09-07T13:00-04:00,-7.0,2.2187098358231916,1.7488833810634858,1.8842105263157896,1.9921183432237002,1.967830046739082
2025_01_MIA_IND,2025,1,2025-09-07T13:00-04:00,25.0,0.40911451973977897,-1.31655514915049,1.8842105263157896,-1.204188480398842,-1.2949480738298775
2025_01_NYG_WAS,2025,1,2025-09-07T13:00-04:00,15.0,6.730474726349501,5.153691467829294,1.8842105263157896,5.137094170250565,5.3477199587643405
2025_01_PIT_NYJ,2025,1,2025-09-07T13:00-04:00,-2.0,0.5448785676290391,1.4036610546784645,1.8842105263157896,1.1944045179769915,1.0930554440624354
2025_01_TB_ATL,2025,1,2025-09-07T13:00-04:00,-3.0,-1.1052067049411587,-2.484253126971942,1.8842105263157896,-2.128621786306534,-2.183695663861907
2025_01_SF_SEA,2025,1,2025-09-07T16:05-04:00,-4.0,3.67169142875323,1.312081234281774,1.8842105263157896,1.5658980203337134,1.7378185270619904
2025_01_TEN_DEN,2025,1,2025-09-07T16:05-04:00,8.0,8.188471392592326,11.383074122684008,1.8842105263157896,10.875353020717508,10.708257437672685
2025_01_DET_GB,2025,1,2025-09-07T16:25-04:00,14.0,0.7717939992517415,1.055419804318456,1.8842105263157896,1.044809489241446,1.0124861325394228
2025_01_HOU_LA,2025,1,2025-09-07T16:25-04:00,5.0,2.985261871150339,4.978678468490866,1.8842105263157896,5.345028242789706,5.24109471981553
2025_01_BAL_BUF,2025,1,2025-09-07T20:20-04:00,1.0,1.1645597973872697,0.8433545312348878,1.8842105263157896,0.8208066298437164,0.7119045266461312
2025_01_MIN_CHI,2025,1,2025-09-08T20:15-04:00,-3.0,-0.46676508373278036,-0.7020309322300373,1.8842105263157896,-0.4366950493740225,-0.3922529183878485
2025_02_WAS_GB,2025,2,2025-09-11T20:15-04:00,9.0,4.81722599309105,5.7552468200697104,1.8842105263157896,5.62895809485194,5.443651789622795
2025_02_BUF_NYJ,2025,2,2025-09-14T13:00-04:00,-20.0,-2.6699546213642193,-7.355917966569186,1.8842105263157896,-7.722762575968782,-7.662238207056606
2025_02_CHI_DET,2025,2,2025-09-14T13:00-04:00,31.0,7.546926818303376,10.741423831815837,1.8842105263157896,10.568754659776564,10.629153940226335
2025_02_CLE_BAL,2025,2,2025-09-14T13:00-04:00,24.0,10.568790037793647,13.367329724449508,1.8842105263157896,13.443925070032211,13.44828829269754
2025_02_JAX_CIN,2025,2,2025-09-14T13:00-04:00,4.0,5.023610206715068,6.302388158373397,1.8842105263157896,7.289593909166026,7.4405032637726585
2025_02_LA_TEN,2025,2,2025-09-14T13:00-04:00,-14.0,-1.5752287262940783,-5.943784592163077,1.8842105263157896,-5.913016675967365,-5.6464449988566034
2025_02_NE_MIA,2025,2,2025-09-14T13:00-04:00,-6.0,4.446350606726685,7.255458733046001,1.8842105263157896,7.5437468039181965,7.795317894895935
2025_02_NYG_DAL,2025,2,2025-09-14T13:00-04:00,3.0,5.701603196166527,3.5118865516939817,1.8842105263157896,3.8296764939668835,3.7952346427676225
2025_02_SEA_PIT,2025,2,2025-09-14T13:00-04:00,-14.0,3.1606811174853604,3.8456979645901557,1.8842105263157896,4.538656325120691,4.599966778732529
2025_02_SF_NO,2025,2,2025-09-14T13:00-04:00,-5.0,0.0791461953821897,0.7149092875841911,1.8842105263157896,0.937307881350151,1.2699430532002112
2025_02_CAR_ARI,2025,2,2025-09-14T16:05-04:00,5.0,7.887539705241713,6.988295865351164,1.8842105263157896,6.51398182743615,6.46328237147432
2025_02_DEN_IND,2025,2,2025-09-14T16:05-04:00,1.0,0.012176574295741371,-1.5121357843990118,1.8842105263157896,-0.9371583200569561,-0.7984632342167387
2025_02_PHI_KC,2025,2,2025-09-14T16:25-04:00,-3.0,0.9875428816876799,0.03611944299996461,1.8842105263157896,0.9882150628921813,1.0156450266341173
2025_02_ATL_MIN,2025,2,2025-09-14T20:20-04:00,-16.0,5.884501824631268,2.9011957204271,1.8842105263157896,2.9382442712457215,3.245444538812295
2025_02_TB_HOU,2025,2,2025-09-15T19:00-04:00,-1.0,-0.2747133184010022,-1.729822196329154,1.8842105263157896,-1.4396192256658673,-1.3880970832430188
2025_02_LAC_LV,2025,2,2025-09-15T22:00-04:00,-11.0,-1.5668177676477946,-5.72075874499148,1.8842105263157896,-5.9089205636859,-5.744783595741957
2025_03_MIA_BUF,2025,3,2025-09-18T20:15-04:00,10.0,9.23964378933392,10.694161596893824,1.8842105263157896,10.663050355659104,10.456080797359792
2025_03_ATL_CAR,2025,3,2025-09-21T13:00-04:00,30.0,-2.0488044643846717,-3.6942501819056695,1.8842105263157896,-3.6271987249580055,-3.6510625050060743
2025_03_CIN_MIN,2025,3,2025-09-21T13:00-04:00,38.0,1.7820404087003245,-2.993862123770097,1.8842105263157896,-3.6341225141081823,-3.487150320067499
2025_03_GB_CLE,2025,3,2025-09-21T13:00-04:00,3.0,-6.1237848107083686,-9.273457804026917,1.8842105263157896,-9.134970952182826,-9.104103325532277
2025_03_HOU_JAX,2025,3,2025-09-21T13:00-04:00,7.0,1.672076860544079,2.432394687035532,1.8842105263157896,2.3018287061226257,1.9999574027359384
2025_03_IND_TEN,2025,3,2025-09-21T13:00-04:00,-21.0,-1.6783218604549823,-6.031514396157556,1.8842105263157896,-6.111677604393607,-5.858292314492459
2025_03_LA_PHI,2025,3,2025-09-21T13:00-04:00,7.0,4.303399724485022,3.9001634951900312,1.8842105263157896,3.0541717536439608,3.0564560803337586
2025_03_LV_WAS,2025,3,2025-09-21T13:00-04:00,17.0,6.109292828877221,4.904202317469212,1.8842105263157896,5.297427460161205,4.928371060838274
2025_03_NYJ_TB,2025,3,2025-09-21T13:00-04:00,2.0,8.166897151407944,8.872893441302057,1.8842105263157896,8.500293877805595,8.556054974219748
2025_03_PIT_NE,2025,3,2025-09-21T13:00-04:00,-7.0,0.8008640860063863,-1.4073443188640034,1.8842105263157896,-1.783143554571185,-1.9681113406829607
2025_03_DEN_LAC,2025,3,2025-09-21T16:05-04:00,3.0,3.6692012793815945,1.2384226466097745,1.8842105263157896,1.4021776113735123,1.3706443706389975
2025_03_NO_SEA,2025,3,2025-09-21T16:05-04:00,31.0,6.609778567523122,5.1064441476012465,1.8842105263157896,5.017918204506109,4.997211430686087
2025_03_ARI_SF,2025,3,2025-09-21T16:25-04:00,1.0,2.20724451748224,1.1132392357868595,1.8842105263157896,1.3962021575848995,1.3197085372641861
2025_03_DAL_CHI,2025,3,2025-09-21T16:25-04:00,17.0,0.48619483636673166,-2.714322679297986,1.8842105263157896,-2.916209702679782,-2.896076327623507
2025_03_KC_NYG,2025,3,2025-09-21T20:20-04:00,-13.0,-2.2716600403741394,-4.670011389705684,1.8842105263157896,-5.089406819653476,-5.119654446192601
2025_03_DET_BAL,2025,3,2025-09-22T20:15-04:00,-8.0,3.029419671298383,2.8163673656252817,1.8842105263157896,2.885116441448597,2.869926917281635
2025_04_SEA_ARI,2025,4,2025-09-25T20:15-04:00,-3.0,0.45624598773094505,1.0258988986860595,1.8842105263157896,0.6893903643994279,0.5791529383435255
2025_04_MIN_PIT,2025,4,2025-09-28T09:30-04:00,3.0,-2.1729564321672266,0.006523085905653092,1.8842105263157896,0.4461706897977833,0.4887635793209797
2025_04_CAR_NE,2025,4,2025-09-28T13:00-04:00,29.0,2.3910843299541424,0.31421407237905474,1.8842105263157896,0.38965410255396105,0.332014590614175
2025_04_CLE_DET,2025,4,2025-09-28T13:00-04:00,24.0,12.196974475370467,13.21711545977439,1.8842105263157896,13.245128986361621,13.272917298950519
2025_04_LAC_NYG,2025,4,2025-09-28T13:00-04:00,3.0,-5.081512901808139,-4.20566769827423,1.8842105263157896,-4.200626959631084,-4.082460668190204
2025_04_NO_BUF,2025,4,2025-09-28T13:00-04:00,12.0,11.673290124243621,14.388538054619573,1.8842105263157896,14.62340511476635,14.487498202990013
2025_04_PHI_TB,2025,4,2025-09-28T13:00-04:00,-6.0,1.1416173520109538,-0.7856827815090333,1.8842105263157896,-0.7402592021276896,-0.5097264047847576
2025_04_TEN_HOU,2025,4,2025-09-28T13:00-04:00,26.0,7.714749105230991,7.66706968442662,1.8842105263157896,7.253441551860068,7.3623408072159
2025_04_WAS_ATL,2025,4,2025-09-28T13:00-04:00,7.0,-1.0265722153507495,2.062761103650787,1.8842105263157896,1.6523575588074668,2.022204304692692
2025_04_IND_LA,2025,4,2025-09-28T16:05-04:00,7.0,2.609251675765484,4.241464692738186,1.8842105263157896,4.46201074904291,4.474631625345003
2025_04_JAX_SF,2025,4,2025-09-28T16:05-04:00,-5.0,3.390318488059525,2.941426523681735,1.8842105263157896,2.6711119987464373,2.7515722101700337
2025_04_BAL_KC,2025,4,2025-09-28T16:25-04:00,17.0,-0.4554120300165816,0.5135432163619345,1.8842105263157896,0.6665632469661464,0.6525591663980198
2025_04_CHI_LV,2025,4,2025-09-28T16:25-04:00,-1.0,1.0073864200742109,1.73181378467441,1.8842105263157896,1.707995957360221,1.7852237014906034
2025_04_GB_DAL,2025,4,2025-09-28T20:20-04:00,0.0,-3.157106131021628,-6.085680399211071,1.8842105263157896,-5.806095345522612,-5.818204472926698
2025_04_NYJ_MIA,2025,4,2025-09-29T19:15-04:00,6.0,3.0102736366701146,6.197761354618855,1.8842105263157896,6.558680201028144,6.693504819677587
2025_04_CIN_DEN,2025,4,2025-09-29T20:15-04:00,25.0,4.860798851781026,4.703801959655568,1.8842105263157896,3.7589606628077705,3.7142042187966
2025_05_SF_LA,2025,5,2025-10-02T20:15-04:00,-3.0,4.568072343321289,10.075541691973598,1.8842105263157896,10.794668283831193,11.098333314399671
2025_05_MIN_CLE,2025,5,2025-10-05T09:30-04:00,-4.0,-6.166846684827248,-4.2453863041710855,1.8842105263157896,-4.50261404363683,-4.555939991180198
2025_05_DAL_NYJ,2025,5,2025-10-05T13:00-04:00,-15.0,1.465408618372019,2.2215612845842383,1.8842105263157896,1.6249794649310298,1.7295952659706768
2025_05_DEN_PHI,2025,5,2025-10-05T13:00-04:00,-4.0,2.912048595642211,2.6878605180133284,1.8842105263157896,2.6100800025309487,2.4636719616048697
2025_05_HOU_BAL,2025,5,2025-10-05T13:00-04:00,-34.0,5.445620154134003,-0.6494227682694902,1.8842105263157896,0.014838751381326176,-0.20185868247506278
2025_05_LV_IND,2025,5,2025-10-05T13:00-04:00,34.0,6.560120666758473,7.031529401117788,1.8842105263157896,7.471545799602541,7.437485777553509
2025_05_MIA_CAR,2025,5,2025-10-05T13:00-04:00,3.0,-0.02274991357208833,-3.363956389601425,1.8842105263157896,-3.8005435837456183,-3.947903981134537
2025_05_NYG_NO,2025,5,2025-10-05T13:00-04:00,12.0,1.848937906932361,0.45470276241271346,1.8842105263157896,0.4707161697300052,0.5498695441052882
2025_05_TB_SEA,2025,5,2025-10-05T16:05-04:00,-3.0,3.8534364726673354,2.079904761998028,1.8842105263157896,2.2327802132468695,2.203975234340967
2025_05_TEN_ARI,2025,5,2025-10-05T16:05-04:00,-1.0,10.162350452920933,10.403778785849525,1.8842105263157896,9.560304653029434,9.530194884319
2025_05_DET_CIN,2025,5,2025-10-05T16:25-04:00,-13.0,-6.194650295525431,-6.490751312803647,1.8842105263157896,-5.961783005082076,-6.0316215793540735
2025_05_WAS_LAC,2025,5,2025-10-05T16:25-04:00,-17.0,3.501388588351272,2.234288979540952,1.8842105263157896,1.7915367324807903,1.5211646588638694
2025_05_NE_BUF,2025,5,2025-10-05T20:20-04:00,-3.0,8.785636567983765,11.933917962642887,1.8842105263157896,12.230265326044599,12.277524919551638
2025_05_KC_JAX,2025,5,2025-10-06T20:15-04:00,3.0,-0.8793745276606528,-3.105228805133919,1.8842105263157896,-3.3014468653277826,-3.502555032420676
2025_06_PHI_NYG,2025,6,2025-10-09T20:15-04:00,17.0,-5.561552954647292,-6.468787651868697,1.8842105263157896,-6.4456120735799285,-6.208747234392755
2025_06_DEN_NYJ,2025,6,2025-10-12T09:30-04:00,-2.0,-8.201356700745219,-10.004268405351128,1.8842105263157896,-10.39922442343341,-10.391814216934902
2025_06_ARI_IND,2025,6,2025-10-12T13:00-04:00,4.0,5.2934871052249575,5.6482737969503045,1.8842105263157896,6.2804956762373765,6.277114343405499
2025_06_CLE_PIT,2025,6,2025-10-12T13:00-04:00,14.0,7.107320216123061,8.034434054843869,1.8842105263157896,8.680337467655802,8.824722987444233
2025_06_DAL_CAR,2025,6,2025-10-12T13:00-04:00,3.0,-1.1068081068904672,-1.4262560364749506,1.8842105263157896,-2.0220604378898823,-1.9428825375178294
2025_06_LAC_MIA,2025,6,2025-10-12T13:00-04:00,-2.0,-0.6787286818812057,2.588081028488985,1.8842105263157896,2.985406039915638,3.176469543302152
2025_06_LA_BAL,2025,6,2025-10-12T13:00-04:00,-14.0,3.584237120751959,-5.626606572096804,1.8842105263157896,-5.575617292148675,-5.592388539274794
2025_06_NE_NO,2025,6,2025-10-12T13:00-04:00,-6.0,-0.5592531232420228,1.8646908168104532,1.8842105263157896,1.956755241101048,2.145502431174942
2025_06_SEA_JAX,2025,6,2025-10-12T13:00-04:00,-8.0,0.2671016020805661,-0.039658158047425146,1.8842105263157896,-0.1314371440774174,-0.34305194885237456
2025_06_TEN_LV,2025,6,2025-10-12T16:05-04:00,10.0,4.221364323449278,3.101372389438684,1.8842105263157896,2.6134818713798347,2.661807693447761
2025_06_CIN_GB,2025,6,2025-10-12T16:25-04:00,9.0,8.141284262918832,8.361341951759385,1.8842105263157896,7.429218275266284,7.360452486532967
2025_06_SF_TB,2025,6,2025-10-12T16:25-04:00,11.0,4.499054345127054,6.9691596582947275,1.8842105263157896,7.183517111117382,7.541967093183738
2025_06_DET_KC,2025,6,2025-10-12T20:20-04:00,13.0,-1.95783063891907,0.05637339161694954,1.8842105263157896,-0.0250749472823264,-0.0659551846929074
2025_06_BUF_ATL,2025,6,2025-10-13T19:15-04:00,10.0,-2.1420007748031455,-4.054145016942372,1.8842105263157896,-4.12948405153022,-4.040673224324575
2025_06_CHI_WAS,2025,6,2025-10-13T20:15-04:00,-1.0,6.997738426962977,7.032157715502281,1.8842105263157896,7.501294957779412,7.7576194087101875
2025_07_PIT_CIN,2025,7,2025-10-16T20:15-04:00,2.0,-0.5888116008530906,-1.545471553610826,1.8842105263157896,-1.5139820231148022,-1.6441005485967308
2025_07_LA_JAX,2025,7,2025-10-19T09:30-04:00,-28.0,-2.7801349470606787,-4.2744566031846425,1.8842105263157896,-4.939310989883145,-5.134156111434525
2025_07_CAR_NYJ,2025,7,2025-10-19T13:00-04:00,-7.0,2.7594965770457893,-0.8978124151492823,1.8842105263157896,-0.5283673461760279,-0.4646427280490133
2025_07_LV_KC,2025,7,2025-10-19T13:00-04:00,31.0,10.90500259325098,13.30015772294761,1.8842105263157896,13.549606891163862,13.487263042979766
2025_07_MIA_CLE,2025,7,2025-10-19T13:00-04:00,25.0,-0.17289793184784763,-3.3395110297866415,1.8842105263157896,-3.8093146980968533,-3.9365184601571297
2025_07_NE_TEN,2025,7,2025-10-19T13:00-04:00,-18.0,-4.155901293816139,-6.167519442488842,1.8842105263157896,-5.872781775697254,-5.741035498662456
2025_07_NO_CHI,2025,7,2025-10-19T13:00-04:00,12.0,5.767777785089308,2.48692686908678,1.8842105263157896,2.670285611535618,2.45481600772016
2025_07_PHI_MIN,2025,7,2025-10-19T13:00-04:00,-6.0,1.977111372175667,-0.13841718727114882,1.8842105263157896,0.21929912785359718,0.4816534751632472
2025_07_IND_LAC,2025,7,2025-10-19T16:05-04:00,-14.0,1.4288347732434783,-0.02782344492742639,1.8842105263157896,-0.3539099601126342,-0.447051876283599
2025_07_NYG_DEN,2025,7,2025-10-19T16:05-04:00,1.0,9.221209895795521,9.360680337301316,1.8842105263157896,9.121196562231546,9.085767122980702
2025_07_GB_ARI,2025,7,2025-10-19T16:25-04:00,-4.0,-1.3009837075703383,-3.724640962680625,1.8842105263157896,-3.7742463700040574,-3.655277209459692
2025_07_WAS_DAL,2025,7,2025-10-19T16:25-04:00,22.0,-0.848049639170303,1.0127006429798744,1.8842105263157896,0.7531499289179997,0.40877927366443945
2025_07_ATL_SF,2025,7,2025-10-19T20:20-04:00,10.0,1.960423104509475,-3.169099040751135,1.8842105263157896,-3.188770073505024,-3.5066972815964275
2025_07_TB_DET,2025,7,2025-10-20T19:00-04:00,15.0,6.238413369244024,6.178834424825376,1.8842105263157896,6.632799306745959,6.632620062639536
2025_07_HOU_SEA,2025,7,2025-10-20T22:00-04:00,8.0,3.3730295086092807,1.2158007739122483,1.8842105263157896,1.892810385566377,1.8606010394171537
2025_08_MIN_LAC,2025,8,2025-10-23T20:15-04:00,27.0,1.632167390472856,1.9996518157123369,1.8842105263157896,1.5881756823898954,1.4269738794133442
2025_08_BUF_CAR,2025,8,2025-10-26T13:00-04:00,-31.0,-3.6154690024157627,-4.164051267987644,1.8842105263157896,-4.632491671514347,-4.622139265317705
2025_08_CHI_BAL,2025,8,2025-10-26T13:00-04:00,14.0,3.6648299110281544,-1.1475346610437005,1.8842105263157896,-0.7239524330862377,-0.5824677041174273
2025_08_CLE_NE,2025,8,2025-10-26T13:00-04:00,19.0,6.697320101926138,5.717146484207179,1.8842105263157896,6.1827302094895416,6.033797434010391
2025_08_MIA_ATL,2025,8,2025-10-26T13:00-04:00,-24.0,5.7615308502891525,4.333516441607525,1.8842105263157896,3.789937023521243,3.636530351465515
2025_08_NYG_PHI,2025,8,2025-10-26T13:00-04:00,18.0,7.543245565375804,6.315687678894681,1.8842105263157896,6.186754604316153,5.9785659634431605
2025_08_NYJ_CIN,2025,8,2025-10-26T13:00-04:00,-1.0,4.708370656960872,10.133401593341194,1.8842105263157896,11.264894405682407,11.181020415394116
2025_08_SF_HOU,2025,8,2025-10-26T13:00-04:00,11.0,4.109058328540429,6.113016199353777,1.8842105263157896,5.867416359290594,6.240869230583374
2025_08_TB_NO,2025,8,2025-10-26T16:05-04:00,-20.0,-3.9986664717712355,-2.7581465836296974,1.8842105263157896,-2.747827310627345,-2.7323787733886915
2025_08_DAL_DEN,2025,8,2025-10-26T16:25-04:00,20.0,4.923272139637664,4.895295888839024,1.8842105263157896,4.719310936652485,4.808719352794557
2025_08_TEN_IND,2025,8,2025-10-26T16:25-04:00,24.0,13.813341144014235,15.90627093356392,1.8842105263157896,15.904696877106666,15.869025896132912
2025_08_GB_PIT,2025,8,2025-10-26T20:20-04:00,-10.0,-0.577867114624123,-0.7413009056428257,1.8842105263157896,-0.08217355927884717,0.1276009957377875
2025_08_WAS_KC,2025,8,2025-10-27T20:15-04:00,21.0,7.146770681114609,10.82522894283668,1.8842105263157896,10.753889208091898,11.053335314273426
2025_09_BAL_MIA,2025,9,2025-10-30T20:15-04:00,-22.0,-1.2859117312674337,-1.7743205540189477,1.8842105263157896,-1.8089706737662086,-1.7761474192502353
2025_09_ATL_NE,2025,9,2025-11-02T13:00-05:00,1.0,6.185592312144678,3.5615917765531058,1.8842105263157896,3.913163750392396,3.7912180998533698
2025_09_CAR_GB,2025,9,2025-11-02T13:00-05:00,-3.0,11.488959689202233,14.628656902917893,1.8842105263157896,14.761828203196387,14.623256200047111
2025_09_CHI_CIN,2025,9,2025-11-02T13:00-05:00,-5.0,1.0747394149020777,3.5458123700995117,1.8842105263157896,4.127792487472808,4.2216999216983515
2025_09_DEN_HOU,2025,9,2025-11-02T13:00-05:00,-3.0,0.6711872926609472,0.3346769077243683,1.8842105263157896,0.08840967581091741,0.14239024025874314
2025_09_IND_PIT,2025,9,2025-11-02T13:00-05:00,7.0,-1.8017432131581579,-1.813838914110859,1.8842105263157896,-1.4968557699508926,-1.4098630247147432
2025_09_LAC_TEN,2025,9,2025-11-02T13:00-05:00,-7.0,-7.691850115470125,-9.870537099393893,1.8842105263157896,-9.525513501626396,-9.398987186762232
2025_09_MIN_DET,2025,9,2025-11-02T13:00-05:00,-3.0,10.107061400736228,11.690529401634423,1.8842105263157896,11.267215837783091,11.281574422586521
2025_09_SF_NYG,2025,9,2025-11-02T13:00-05:00,-10.0,-0.43152729695176584,-2.3015255351592243,1.8842105263157896,-2.1993886791685386,-2.03054276680514
2025_09_JAX_LV,2025,9,2025-11-02T16:05-05:00,-1.0,-1.3656643266644521,-2.18870283283425,1.8842105263157896,-1.8863433260241744,-1.633607221068876
2025_09_NO_LA,2025,9,2025-11-02T16:05-05:00,24.0,12.120939490332058,12.318463342065662,1.8842105263157896,12.724395957110584,12.603674220675789
2025_09_KC_BUF,2025,9,2025-11-02T16:25-05:00,7.0,0.3228318356359834,-0.5634856769585106,1.8842105263157896,-0.6513477436395931,-0.6328631606009185
2025_09_SEA_WAS,2025,9,2025-11-02T20:20-05:00,-24.0,-0.9664110385303082,-0.9738880451832705,1.8842105263157896,-0.8667490974616787,-0.6563837786944093
2025_09_ARI_DAL,2025,9,2025-11-03T20:15-05:00,-10.0,2.5516064866870334,2.116956831551124,1.8842105263157896,2.4849771471924287,2.3732922638645473
2025_10_LV_DEN,2025,10,2025-11-06T20:15-05:00,3.0,12.712123224580644,11.922950821314771,1.8842105263157896,11.68968999626944,11.665038065449894
2025_10_ATL_IND,2025,10,2025-11-09T09:30-05:00,6.0,5.0586656138608745,3.191753553991429,1.8842105263157896,3.1935205691548125,3.1970745227713815
2025_10_BAL_MIN,2025,10,2025-11-09T13:00-05:00,-8.0,-0.21529274507930873,-3.4275457564042733,1.8842105263157896,-3.0143500813878608,-3.009966405637104
2025_10_BUF_MIA,2025,10,2025-11-09T13:00-05:00,17.0,-6.1859873883609175,-6.204294267282942,1.8842105263157896,-5.89551998695375,-5.746915960776207
2025_10_CLE_NYJ,2025,10,2025-11-09T13:00-05:00,7.0,2.889029587582227,1.4718496408876083,1.8842105263157896,1.4060030737885378,1.396462066467224
2025_10_JAX_HOU,2025,10,2025-11-09T13:00-05:00,7.0,6.521817745677664,3.711675492639704,1.8842105263157896,3.620969446058994,3.9036683782900448
2025_10_NE_TB,2025,10,2025-11-09T13:00-05:00,-5.0,4.283895693605893,5.091451037874495,1.8842105263157896,4.918914137875987,5.128521378240928
2025_10_NO_CAR,2025,10,2025-11-09T13:00-05:00,-10.0,5.604099356909794,6.054201111384186,1.8842105263157896,5.64029289841882,5.553096188796081
2025_10_NYG_CHI,2025,10,2025-11-09T13:00-05:00,4.0,5.764504648928804,5.256501035417111,1.8842105263157896,4.780961638780445,4.587314106634728
2025_10_ARI_SEA,2025,10,2025-11-09T16:05-05:00,22.0,7.016459068496888,4.607729593968461,1.8842105263157896,5.137069903062046,5.19236979420482
2025_10_DET_WAS,2025,10,2025-11-09T16:25-05:00,-22.0,-5.074008315363704,-7.917513947705352,1.8842105263157896,-7.55228681460871,-7.974734983923661
2025_10_LA_SF,2025,10,2025-11-09T16:25-05:00,-16.0,-1.8263966436891197,-3.8064734218826244,1.8842105263157896,-3.9163806471939067,-4.079560008365163
2025_10_PIT_LAC,2025,10,2025-11-09T20:20-05:00,15.0,3.4402338565690607,0.8755028716596993,1.8842105263157896,0.10155840444777542,-0.08368002646544581
2025_10_PHI_GB,2025,10,2025-11-10T20:15-05:00,-3.0,2.3807171887495135,3.1018176762046954,1.8842105263157896,2.9136509557100316,2.951045935689454
2025_11_NYJ_NE,2025,11,2025-11-13T20:15-05:00,13.0,8.152742471733248,7.184916221847243,1.8842105263157896,7.530439602340753,7.422874770840373
2025_11_WAS_MIA,2025,11,2025-11-16T09:30-05:00,3.0,0.6318365148975067,3.2218292652806833,1.8842105263157896,2.517348830457541,2.98643781029529
2025_11_CAR_ATL,2025,11,2025-11-16T13:00-05:00,-3.0,5.593754896199783,4.305183453740829,1.8842105263157896,4.722607838501089,4.735390476262264
2025_11_CHI_MIN,2025,11,2025-11-16T13:00-05:00,-2.0,3.0926920277275745,0.30294058935394474,1.8842105263157896,1.1746352315916782,1.4639956958344356
2025_11_CIN_PIT,2025,11,2025-11-16T13:00-05:00,22.0,5.170711429941199,5.521102531835153,1.8842105263157896,5.269722095534357,5.433521627754529
2025_11_GB_NYG,2025,11,2025-11-16T13:00-05:00,-7.0,-4.1742197342216905,-7.707231675664945,1.8842105263157896,-7.626523553817723,-7.527727474751758
2025_11_HOU_TEN,2025,11,2025-11-16T13:00-05:00,-3.0,-8.234498650350808,-8.60822837267056,1.8842105263157896,-8.068328379650058,-8.111429769044538
2025_11_LAC_JAX,2025,11,2025-11-16T13:00-05:00,29.0,-1.8141014923821324,-3.318694905735766,1.8842105263157896,-2.8750717967127883,-2.975887763140575
2025_11_TB_BUF,2025,11,2025-11-16T13:00-05:00,12.0,3.540180132752487,3.3801496846363515,1.8842105263157896,3.3428956527632843,3.2390338754745556
2025_11_SEA_LA,2025,11,2025-11-16T16:05-05:00,2.0,2.290332742060534,6.257723588903697,1.8842105263157896,6.3138849898801785,6.246983330905415
2025_11_SF_ARI,2025,11,2025-11-16T16:05-05:00,-19.0,2.398114196852862,-4.335274553498745,1.8842105263157896,-4.5995955036801455,-4.500135021808644
2025_11_BAL_CLE,2025,11,2025-11-16T16:25-05:00,-7.0,-5.7736864805212065,-6.004404806784828,1.8842105263157896,-6.838508546091271,-6.858605264519991
2025_11_KC_DEN,2025,11,2025-11-16T16:25-05:00,3.0,0.06793162739684666,-3.34485126928729,1.8842105263157896,-3.6213132331500075,-3.6135699910611168
2025_11_DET_PHI,2025,11,2025-11-16T20:20-05:00,7.0,-0.9862154666250218,-0.4443896443462547,1.8842105263157896,-0.4800699051737889,-0.7500746270023039
2025_11_DAL_LV,2025,11,2025-11-17T20:15-05:00,-17.0,-1.0822231305939831,-3.1871429288524533,1.8842105263157896,-3.0651335817436265,-2.951456419758873
2025_12_BUF_HOU,2025,12,2025-11-20T20:15-05:00,4.0,0.10123278796591517,-0.9216259172030694,1.8842105263157896,-1.248344628394736,-1.130730244782048
2025_12_IND_KC,2025,12,2025-11-23T13:00-05:00,3.0,4.861959233603783,4.373027082802509,1.8842105263157896,4.680754605480255,4.611981289002809
2025_12_MIN_GB,2025,12,2025-11-23T13:00-05:00,17.0,6.1755841769175746,8.15652549645567,1.8842105263157896,7.801000162682678,7.596602761251676
2025_12_NE_CIN,2025,12,2025-11-23T13:00-05:00,-6.0,-4.190296607739913,-4.838134593023741,1.8842105263157896,-4.327223994600157,-4.309028932565335
2025_12_NYG_DET,2025,12,2025-11-23T13:00-05:00,7.0,13.199792950346122,11.645505050966918,1.8842105263157896,11.621525541781777,11.719388603269397
2025_12_NYJ_BAL,2025,12,2025-11-23T13:00-05:00,13.0,10.223529159657229,10.39033433734743,1.8842105263157896,10.808525463774654,10.864064501094516
2025_12_PIT_CHI,2025,12,2025-11-23T13:00-05:00,3.0,1.1531774780475332,-0.028834825830476474,1.8842105263157896,-0.5024772312257192,-0.6461266421628333
2025_12_SEA_TEN,2025,12,2025-11-23T13:00-05:00,-6.0,-11.777181611925588,-11.519817542163963,1.8842105263157896,-11.273813551759343,-11.299610722524427
2025_12_CLE_LV,2025,12,2025-11-23T16:05-05:00,-14.0,0.9762691684638103,1.1810114264514566,1.8842105263157896,1.6297590759133669,1.6134026594664257
2025_12_JAX_ARI,2025,12,2025-11-23T16:05-05:00,-3.0,0.7430502803002099,0.35233163593772693,1.8842105263157896,-0.11017805872938924,0.04541612457984123
2025_12_ATL_NO,2025,12,2025-11-23T16:25-05:00,-14.0,-0.7127077323581235,-0.7132795782614836,1.8842105263157896,-0.9661956460785319,-0.8933672493944149
2025_12_PHI_DAL,2025,12,2025-11-23T16:25-05:00,3.0,-2.1435576361604305,-1.7735832448551294,1.8842105263157896,-1.2673488101884767,-1.1397021903562674
2025_12_TB_LA,2025,12,2025-11-23T20:20-05:00,27.0,6.485026490684384,7.958987583054588,1.8842105263157896,8.186776464481795,8.01851987714006
2025_12_CAR_SF,2025,12,2025-11-24T20:15-05:00,11.0,7.435058149013271,10.017914240635873,1.8842105263157896,10.471423428936047,10.317253617032462
2025_13_GB_DET,2025,13,2025-11-27T13:00-05:00,-7.0,4.824890518250544,-0.35942851456210656,1.8842105263157896,-0.6959314805909207,-0.48721058032900455
2025_13_KC_DAL,2025,13,2025-11-27T16:30-05:00,3.0,-3.165997824519714,-3.8614400872853567,1.8842105263157896,-3.6190836664640504,-3.7071313036439406
2025_13_CIN_BAL,2025,13,2025-11-27T20:20-05:00,-18.0,10.877957733869096,8.38426698969426,1.8842105263157896,8.262879957391842,8.424551744550783
2025_13_CHI_PHI,2025,13,2025-11-28T15:00-05:00,-9.0,6.793516918253962,5.810703842091284,1.8842105263157896,5.667688743269361,5.6663509992099
2025_13_ARI_TB,2025,13,2025-11-30T13:00-05:00,3.0,5.32825027496648,4.443391712380357,1.8842105263157896,4.671762719890753,4.785214133611267
2025_13_ATL_NYJ,2025,13,2025-11-30T13:00-05:00,3.0,-0.4018916809332671,-2.5291953347840743,1.8842105263157896,-2.578721828578777,-2.5847196799568786
2025_13_HOU_IND,2025,13,2025-11-30T13:00-05:00,-4.0,4.205248701768643,2.5975775064705284,1.8842105263157896,2.9756273879881814,2.984168678581698
2025_13_JAX_TEN,2025,13,2025-11-30T13:00-05:00,-22.0,-5.095806317876578,-6.642597383336303,1.8842105263157896,-6.060891098991652,-5.920324696078223
2025_13_LA_CAR,2025,13,2025-11-30T13:00-05:00,3.0,-9.133090979318487,-12.184934247887137,1.8842105263157896,-12.59899458449826,-12.556072147161546
2025_13_NO_MIA,2025,13,2025-11-30T13:00-05:00,4.0,6.951548336289366,8.703524188396992,1.8842105263157896,8.84147773838203,8.856192505975933
2025_13_SF_CLE,2025,13,2025-11-30T13:00-05:00,-18.0,-2.2057307350528896,-5.354931371987607,1.8842105263157896,-5.736747711775221,-5.472584846305878
2025_13_MIN_SEA,2025,13,2025-11-30T16:05-05:00,26.0,9.523292951345056,10.141992703364716,1.8842105263157896,10.096626440016204,10.039935794961462
2025_13_BUF_PIT,2025,13,2025-11-30T16:25-05:00,-19.0,-0.5437296882748268,1.9616240456036962,1.8842105263157896,1.759396892319788,1.8392600544952598
2025_13_LV_LAC,2025,13,2025-11-30T16:25-05:00,17.0,10.677696711969432,11.87487223489979,1.8842105263157896,11.419847005976008,11.3154845954454
2025_13_DEN_WAS,2025,13,2025-11-30T20:20-05:00,-1.0,-4.458865859692608,-5.572867367749055,1.8842105263157896,-4.94663010302798,-5.328029568995007
2025_13_NYG_NE,2025,13,2025-12-01T20:15-05:00,18.0,8.606472070988332,6.240958826869834,1.8842105263157896,5.878374162373488,5.720539552085331
2025_14_DAL_DET,2025,14,2025-12-04T20:15-05:00,14.0,7.231772863095937,3.9962934046069436,1.8842105263157896,3.3484655716866873,3.514894608163015
2025_14_CIN_BUF,2025,14,2025-12-07T13:00-05:00,5.0,10.620270742377304,5.615335722993704,1.8842105263157896,5.096086393969308,5.12918792909249
2025_14_IND_JAX,2025,14,2025-12-07T13:00-05:00,17.0,0.4653230220935165,-2.354826996872126,1.8842105263157896,-2.626048734241464,-2.8271148538473105
2025_14_MIA_NYJ,2025,14,2025-12-07T13:00-05:00,-24.0,0.8288695565734696,-3.689281256486667,1.8842105263157896,-3.49091053991574,-3.5940836307437527
2025_14_NO_TB,2025,14,2025-12-07T13:00-05:00,-4.0,8.889271944627357,9.4199804229875,1.8842105263157896,9.834613195330155,9.831722301941848
2025_14_PIT_BAL,2025,14,2025-12-07T13:00-05:00,-5.0,5.569857226525393,4.466948525237526,1.8842105263157896,4.200640819527267,4.221554996467442
2025_14_SEA_ATL,2025,14,2025-12-07T13:00-05:00,-28.0,-5.875305211724768,-3.802251454853936,1.8842105263157896,-4.053248648679727,-4.096590151238515
2025_14_TEN_CLE,2025,14,2025-12-07T13:00-05:00,-2.0,6.804897865360749,2.6421885129483123,1.8842105263157896,1.780555911313905,1.4802181193737725
2025_14_WAS_MIN,2025,14,2025-12-07T13:00-05:00,31.0,2.6072636614124503,-1.460448394034867,1.8842105263157896,-1.7389140993586356,-1.799993919849638
2025_14_DEN_LV,2025,14,2025-12-07T16:05-05:00,-7.0,-9.007021128804368,-11.863609592792443,1.8842105263157896,-10.875670545919048,-10.737152979966316
2025_14_CHI_GB,2025,14,2025-12-07T16:25-05:00,7.0,6.380044918070504,7.594635228791951,1.8842105263157896,7.806309331540082,7.864295574756412
2025_14_LA_ARI,2025,14,2025-12-07T16:25-05:00,-28.0,-6.228676171579494,-9.751846543043067,1.8842105263157896,-10.031403428419296,-10.032553953506323
2025_14_HOU_KC,2025,14,2025-12-07T20:20-05:00,-10.0,5.210070560860231,4.883956374378508,1.8842105263157896,5.260362242306015,5.239745350134231
2025_14_PHI_LAC,2025,14,2025-12-08T20:15-05:00,3.0,0.9854825653527008,-0.6717223799240918,1.8842105263157896,-0.4100274396711757,-0.20674517049305902
2025_15_ATL_TB,2025,15,2025-12-11T20:15-05:00,-1.0,4.693282977567598,2.978078617597779,1.8842105263157896,2.920615244825248,2.9978369304745764
2025_15_ARI_HOU,2025,15,2025-12-14T13:00-05:00,20.0,10.112573890749246,10.126936040511282,1.8842105263157896,9.767430181824494,9.80965382839327
2025_15_BAL_CIN,2025,15,2025-12-14T13:00-05:00,-24.0,-1.6636981362013925,-0.9134716996194969,1.8842105263157896,-0.06966353647466095,-0.19556508468682388
2025_15_BUF_NE,2025,15,2025-12-14T13:00-05:00,-4.0,0.9675162745557939,0.13690085028580545,1.8842105263157896,-0.338652074120403,-0.4898287657018946
2025_15_CLE_CHI,2025,15,2025-12-14T13:00-05:00,28.0,8.77016720952577,12.49447034717229,1.8842105263157896,12.911711933817656,13.630130259218335
2025_15_LAC_KC,2025,15,2025-12-14T13:00-05:00,-3.0,5.238711100797651,5.966775691841243,1.8842105263157896,6.185565586542953,6.238227263607058
2025_15_LV_PHI,2025,15,2025-12-14T13:00-05:00,31.0,12.838944247562441,13.417436036051955,1.8842105263157896,12.762549725707267,12.555662710954454
2025_15_NYJ_JAX,2025,15,2025-12-14T13:00-05:00,28.0,10.224277359110996,12.166704773856994,1.8842105263157896,12.034382539392515,11.802359670408087
2025_15_WAS_NYG,2025,15,2025-12-14T13:00-05:00,-8.0,2.4928151562219742,3.061618509361009,1.8842105263157896,2.214168556679541,2.522270777617278
2025_15_CAR_NO,2025,15,2025-12-14T16:25-05:00,3.0,0.6408873457824238,-2.169398875064309,1.8842105263157896,-2.473328414029203,-2.361087742615582
2025_15_DET_LA,2025,15,2025-12-14T16:25-05:00,7.0,4.548495264512547,6.052058696861597,1.8842105263157896,6.396007711736421,6.2854727351643245
2025_15_GB_DEN,2025,15,2025-12-14T16:25-05:00,8.0,1.2138827356233777,-1.5000673285529347,1.8842105263157896,-1.9487224147515398,-1.9350307373175861
2025_15_IND_SEA,2025,15,2025-12-14T16:25-05:00,2.0,8.988160350186538,4.6845506658618365,1.8842105263157896,4.509021546929029,4.492582382140353
2025_15_TEN_SF,2025,15,2025-12-14T16:25-05:00,13.0,13.219401650253648,16.05467556410838,1.8842105263157896,15.831052612237345,15.713269948451023
2025_15_MIN_DAL,2025,15,2025-12-14T20:20-05:00,-8.0,3.7336334100470694,4.234001245394625,1.8842105263157896,4.821016153734334,4.639376430039274
2025_15_MIA_PIT,2025,15,2025-12-15T20:15-05:00,13.0,3.4366095316761305,0.9966559452610295,1.8842105263157896,1.473865830762171,1.4181863265499004
2025_16_LA_SEA,2025,16,2025-12-18T20:15-05:00,1.0,2.257688519026585,-2.1990488238477504,1.8842105263157896,-1.9150218978314695,-1.862050985169109
2025_16_PHI_WAS,2025,16,2025-12-20T17:00-05:00,-11.0,-4.997603728873287,-7.3868157144078985,1.8842105263157896,-6.855105713251601,-6.960175627498504
2025_16_GB_CHI,2025,16,2025-12-20T20:20-05:00,6.0,0.47815807375388575,-1.5903630003956133,1.8842105263157896,-1.6998440655843892,-1.7230504309402082
2025_16_BUF_CLE,2025,16,2025-12-21T13:00-05:00,-3.0,-9.5231800513142,-15.047315241090898,1.8842105263157896,-15.583150994625637,-16.51123605454387
2025_16_CIN_MIA,2025,16,2025-12-21T13:00-05:00,-24.0,5.025455676854388,4.99652594034162,1.8842105263157896,4.191004413919068,4.309169195462328
2025_16_KC_TEN,2025,16,2025-12-21T13:00-05:00,17.0,-9.466240424163038,-9.108487785240712,1.8842105263157896,-8.933662193054975,-9.002782679798038
2025_16_LAC_DAL,2025,16,2025-12-21T13:00-05:00,-17.0,-0.36717463156074803,0.13552366555200757,1.8842105263157896,0.6565626141705945,0.6119132911084356
2025_16_MIN_NYG,2025,16,2025-12-21T13:00-05:00,-3.0,-2.281432147660655,0.6604930944173917,1.8842105263157896,0.8419844844376452,0.7509077282810308
2025_16_NYJ_NO,2025,16,2025-12-21T13:00-05:00,23.0,4.139122400560614,4.417857786159645,1.8842105263157896,3.5822589858593252,3.622615135898731
2025_16_TB_CAR,2025,16,2025-12-21T13:00-05:00,3.0,0.15329427553557284,-0.7491363504084977,1.8842105263157896,-0.7724571387892832,-0.935000365740674
2025_16_ATL_ARI,2025,16,2025-12-21T16:05-05:00,-7.0,0.5124124581817657,-1.0370098345670316,1.8842105263157896,-1.0249509248083584,-1.1053080323438949
2025_16_JAX_DEN,2025,16,2025-12-21T16:05-05:00,-14.0,2.905862104191263,2.618340061539044,1.8842105263157896,2.298490877040906,2.370787670699552
2025_16_LV_HOU,2025,16,2025-12-21T16:25-05:00,2.0,16.04039169180531,15.226178672351734,1.8842105263157896,13.98704474420407,13.894978527585284
2025_16_PIT_DET,2025,16,2025-12-21T16:25-05:00,-5.0,7.243897360164855,5.724946550911151,1.8842105263157896,5.240651837354239,5.256282185616644
2025_16_NE_BAL,2025,16,2025-12-21T20:20-05:00,-4.0,2.791515451216574,2.110509983812405,1.8842105263157896,2.1750338555770568,2.431583334914238
2025_16_SF_IND,2025,16,2025-12-22T20:15-05:00,-21.0,2.5868097346358976,0.5873820010933439,1.8842105263157896,0.609656271221511,0.8629678194216079
2025_17_DAL_WAS,2025,17,2025-12-25T13:00-05:00,-7.0,0.6233687533090997,-2.13723371656301,1.8842105263157896,-2.1537965616906343,-2.2090462445113657
2025_17_DET_MIN,2025,17,2025-12-25T16:30-05:00,13.0,-2.444570091825712,-5.646667280654944,1.8842105263157896,-6.360436319858272,-6.312387002178225
2025_17_DEN_KC,2025,17,2025-12-25T20:15-05:00,-7.0,1.8004250998524483,2.63883453838378,1.8842105263157896,3.14167963102478,3.2775851037784545
2025_17_HOU_LAC,2025,17,2025-12-27T16:30-05:00,-4.0,2.3666865298179065,1.0350823213604488,1.8842105263157896,1.1108508177148977,1.0791026562343682
2025_17_BAL_GB,2025,17,2025-12-27T20:00-05:00,-17.0,3.7346252328126033,1.7544640881223303,1.8842105263157896,2.4924222208224203,1.682629512329968
2025_17_ARI_CIN,2025,17,2025-12-28T13:00-05:00,23.0,5.160834805518872,5.640167453149981,1.8842105263157896,6.1089113000209485,6.146454291939232
2025_17_JAX_IND,2025,17,2025-12-28T13:00-05:00,-6.0,-1.5225313983965183,0.22169481494197485,1.8842105263157896,0.5336856879304339,0.8076284670890924
2025_17_NE_NYJ,2025,17,2025-12-28T13:00-05:00,-32.0,-9.057711843298543,-9.109636161290952,1.8842105263157896,-8.700990115476932,-8.47758078115776
2025_17_NO_TEN,2025,17,2025-12-28T13:00-05:00,-8.0,-0.6909453432078934,-0.8048261859307135,1.8842105263157896,0.16211240685110145,0.014480466119298596
2025_17_PIT_CLE,2025,17,2025-12-28T13:00-05:00,7.0,-5.699013776644705,-7.500209364457582,1.8842105263157896,-8.144635889368136,-8.149191477276926
2025_17_SEA_CAR,2025,17,2025-12-28T13:00-05:00,-17.0,-8.623782587413352,-4.678302950112032,1.8842105263157896,-4.676478129030858,-4.730793887647703
2025_17_TB_MIA,2025,17,2025-12-28T13:00-05:00,3.0,1.0094844045937665,1.6971579193982875,1.8842105263157896,1.479293009519715,1.492388116717227
2025_17_NYG_LV,2025,17,2025-12-28T16:05-05:00,-24.0,-0.37746979853261653,-0.573161066806426,1.8842105263157896,0.2004497888263599,0.21187231401754103
2025_17_PHI_BUF,2025,17,2025-12-28T16:25-05:00,-1.0,2.6893807728249453,1.1327960590950301,1.8842105263157896,1.8372464923300096,2.0299303433823734
2025_17_CHI_SF,2025,17,2025-12-28T20:20-05:00,4.0,3.5922405276481926,5.879632976564321,1.8842105263157896,6.341770807869436,6.288621146936674
2025_17_LA_ATL,2025,17,2025-12-29T20:15-05:00,3.0,-7.697404147679984,-8.227099842082959,1.8842105263157896,-8.624201434215099,-8.56029726229857
2025_18_CAR_TB,2025,18,2026-01-03T16:30-05:00,2.0,4.8986275020832935,3.219278613821438,1.8842105263157896,2.8828725629989447,2.987849470285722
2025_18_SEA_SF,2025,18,2026-01-03T20:00-05:00,-10.0,-2.0300537388850746,2.8068106039961096,1.8842105263157896,3.393911038402901,3.1471867736544796
2025_18_CLE_CIN,2025,18,2026-01-04T13:00-05:00,-2.0,6.769659052190974,10.0996242950447,1.8842105263157896,11.205207488685522,11.134567695503826
2025_18_DAL_NYG,2025,18,2026-01-04T13:00-05:00,17.0,0.36679611100864706,-0.8181825530238827,1.8842105263157896,-1.2380387774938697,-1.133491643648302
2025_18_GB_MIN,2025,18,2026-01-04T13:00-05:00,13.0,1.0469917918200524,-2.5464472344459868,1.8842105263157896,-3.773991604753639,-3.506051273874035
2025_18_IND_HOU,2025,18,2026-01-04T13:00-05:00,8.0,5.8841218588051785,2.3714250573541227,1.8842105263157896,1.7669134896834642,1.6487085967069617
2025_18_NO_ATL,2025,18,2026-01-04T13:00-05:00,2.0,4.415652275839177,4.516531939740744,1.8842105263157896,4.94347578690919,4.847376343034152
2025_18_TEN_JAX,2025,18,2026-01-04T13:00-05:00,34.0,15.179821780127686,15.190774653020425,1.8842105263157896,14.52814379966,14.352774362535817
2025_18_ARI_LA,2025,18,2026-01-04T16:25-05:00,17.0,16.34748563673557,12.731405673444105,1.8842105263157896,13.006379298060136,13.010525283556944
2025_18_DET_CHI,2025,18,2026-01-04T16:25-05:00,-3.0,1.6009760323925089,4.339354422444951,1.8842105263157896,3.90931842436096,3.586820331280431
2025_18_KC_LV,2025,18,2026-01-04T16:25-05:00,2.0,-8.396430118408547,-11.304329737203012,1.8842105263157896,-11.13923512721717,-11.047963566879247
2025_18_LAC_DEN,2025,18,2026-01-04T16:25-05:00,16.0,3.092550805417887,4.613420231070865,1.8842105263157896,4.560520926649721,4.504940989314715
2025_18_MIA_NE,2025,18,2026-01-04T16:25-05:00,28.0,10.206801997316207,7.7270164202358895,1.8842105263157896,7.671069897101031,7.348540684593685
2025_18_NYJ_BUF,2025,18,2026-01-04T16:25-05:00,27.0,16.56001728927444,17.00037241980926,1.8842105263157896,17.096337473888024,16.914765353284885
2025_18_WAS_PHI,2025,18,2026-01-04T16:25-05:00,-7.0,11.746419384002346,10.222862614539839,1.8842105263157896,9.516177083910557,9.871502029158373
2025_18_BAL_PIT,2025,18,2026-01-04T20:20-05:00,2.0,-0.7918944298170394,0.2398162089174265,1.8842105263157896,0.9600888857705572,0.9433461213697358
