game_id,kickoff,home_team,away_team,season,week,neutral_site,actual_margin,postseason,corrected,pgo_v0,constant,candidate
2018_01_ATL_PHI,2018-09-06T20:20-04:00,PHI,ATL,2018,1,False,6.0,0.892245381499698,0.06772435725149073,3.6138365405258286,2.44140625,1.080269949016158
2018_01_BUF_BAL,2018-09-09T13:00-04:00,BAL,BUF,2018,1,False,44.0,8.114371570134972,7.881200319634855,4.759554503649869,2.44140625,8.242336861499043
2018_01_CIN_IND,2018-09-09T13:00-04:00,IND,CIN,2018,1,False,-11.0,0.8208018284345275,0.7573062427143018,0.7504929105212321,2.44140625,1.1157110662684042
2018_01_HOU_NE,2018-09-09T13:00-04:00,NE,HOU,2018,1,False,7.0,11.378583306479468,12.461658787149602,10.494308457785952,2.44140625,11.953418261751832
2018_01_JAX_NYG,2018-09-09T13:00-04:00,NYG,JAX,2018,1,False,-5.0,-1.9714289461376329,-1.8790768874696264,-1.556576324822914,2.44140625,-1.8711647451978723
2018_01_PIT_CLE,2018-09-09T13:00-04:00,CLE,PIT,2018,1,False,0.0,-5.3202557102136385,-5.862199463741618,-3.9821622988077117,2.44140625,-5.437123109024871
2018_01_SF_MIN,2018-09-09T13:00-04:00,MIN,SF,2018,1,False,8.0,4.257012601630336,5.403794112143007,6.957203064300311,2.44140625,4.3886487360193405
2018_01_TB_NO,2018-09-09T13:00-04:00,NO,TB,2018,1,False,-8.0,6.315693101439482,6.387973193359612,5.464856260596324,2.44140625,6.137162496532788
2018_01_TEN_MIA,2018-09-09T13:00-04:00,MIA,TEN,2018,1,False,7.0,0.10008478598474191,-0.3586498879785497,1.0125644284673228,2.44140625,-0.4320510610733188
2018_01_KC_LAC,2018-09-09T16:05-04:00,LAC,KC,2018,1,False,-10.0,5.377491985931368,5.089201361822491,2.6015632300830207,2.44140625,5.392127867671908
2018_01_DAL_CAR,2018-09-09T16:25-04:00,CAR,DAL,2018,1,False,8.0,2.1162329171671703,1.9980657826982968,2.1068101735462887,2.44140625,2.396304622687483
2018_01_SEA_DEN,2018-09-09T16:25-04:00,DEN,SEA,2018,1,False,3.0,-1.8419803472483036,-1.7032795578615216,-0.8684239420805433,2.44140625,-1.2798447526485317
2018_01_WAS_ARI,2018-09-09T16:25-04:00,ARI,WAS,2018,1,False,-18.0,0.6768794712041171,0.6413884851490641,2.8373365947939733,2.44140625,0.7152369618242963
2018_01_CHI_GB,2018-09-09T20:20-04:00,GB,CHI,2018,1,False,1.0,2.5355894986157925,2.479916336277051,2.458884712154749,2.44140625,2.7185619854678658
2018_01_NYJ_DET,2018-09-10T19:10-04:00,DET,NYJ,2018,1,False,-31.0,11.0662339575357,11.235244786894564,4.999520857873593,2.44140625,10.998985266664763
2018_01_LA_OAK,2018-09-10T22:20-04:00,LV,LAR,2018,1,False,-20.0,-1.597238360750117,-2.4179795565994526,-0.6971898397819629,2.44140625,-1.7344482710667248
2018_02_BAL_CIN,2018-09-13T20:20-04:00,CIN,BAL,2018,2,False,11.0,-0.5171875664816699,-0.3555267730207681,-0.5823651184926941,2.44140625,-0.8107443147233814
2018_02_CAR_ATL,2018-09-16T13:00-04:00,ATL,CAR,2018,2,False,7.0,5.052176293259292,3.7519458450201375,2.832811051802996,2.44140625,4.749978454894666
2018_02_CLE_NO,2018-09-16T13:00-04:00,NO,CLE,2018,2,False,3.0,8.485319062619029,8.278476901433185,7.704711653141321,2.44140625,8.31268910480478
2018_02_HOU_TEN,2018-09-16T13:00-04:00,TEN,HOU,2018,2,False,3.0,2.2920544125179125,3.179441262939429,4.746215220897497,2.44140625,2.5929386374041785
2018_02_IND_WAS,2018-09-16T13:00-04:00,WAS,IND,2018,2,False,-12.0,6.43366246431361,6.336766571259867,6.603859981419827,2.44140625,6.402166945536125
2018_02_KC_PIT,2018-09-16T13:00-04:00,PIT,KC,2018,2,False,-5.0,-1.6628244066195725,-0.8805779503836155,1.829433249061966,2.44140625,-1.6557617449234194
2018_02_LAC_BUF,2018-09-16T13:00-04:00,BUF,LAC,2018,2,False,-11.0,-4.560658920477026,-4.752591004152793,-0.675240273489838,2.44140625,-4.625756874175883
2018_02_MIA_NYJ,2018-09-16T13:00-04:00,NYJ,MIA,2018,2,False,-8.0,1.337461127512567,1.0050446874520107,3.566805170231498,2.44140625,1.6722204629920232
2018_02_MIN_GB,2018-09-16T13:00-04:00,GB,MIN,2018,2,False,0.0,-4.622249508644517,-5.512318075631031,-2.6901401587991884,2.44140625,-4.6737237149733755
2018_02_PHI_TB,2018-09-16T13:00-04:00,TB,PHI,2018,2,False,6.0,-0.3435280434372534,1.1405854296404196,-0.3477493708812833,2.44140625,-0.40850159771348726
2018_02_ARI_LA,2018-09-16T16:05-04:00,LAR,ARI,2018,2,False,34.0,7.890399899738031,8.614021911666903,7.753137219129222,2.44140625,7.822255482723165
2018_02_DET_SF,2018-09-16T16:05-04:00,SF,DET,2018,2,False,3.0,-0.051575172485741616,0.19484487112565874,2.4379842561545253,2.44140625,0.03168365494598613
2018_02_NE_JAX,2018-09-16T16:25-04:00,JAX,NE,2018,2,False,11.0,-0.7553923340363315,-1.745755682178199,-0.11033103706623404,2.44140625,-1.2965514871398727
2018_02_OAK_DEN,2018-09-16T16:25-04:00,DEN,LV,2018,2,False,1.0,2.892765409115484,2.9165838708163516,3.654281887492895,2.44140625,3.3388025011289404
2018_02_NYG_DAL,2018-09-16T20:20-04:00,DAL,NYG,2018,2,False,7.0,4.547315461586873,4.810076546612868,6.417227883038326,2.44140625,4.3604186033683785
2018_02_SEA_CHI,2018-09-17T20:15-04:00,CHI,SEA,2018,2,False,7.0,0.8586517143376562,0.9385676924212767,0.15187278874438492,2.44140625,1.178550046394974
2018_03_NYJ_CLE,2018-09-20T20:20-04:00,CLE,NYJ,2018,3,False,4.0,1.4398809215436217,1.9227276577092105,0.38866032166598163,2.44140625,1.3766388909437643
2018_03_BUF_MIN,2018-09-23T13:00-04:00,MIN,BUF,2018,3,False,-21.0,9.180086093146965,10.091160048790748,8.863934449343366,2.44140625,9.261190046206465
2018_03_CIN_CAR,2018-09-23T13:00-04:00,CAR,CIN,2018,3,False,10.0,1.2177228827997193,1.3309800845934565,2.852861974101559,2.44140625,1.5015364315662656
2018_03_DEN_BAL,2018-09-23T13:00-04:00,BAL,DEN,2018,3,False,13.0,7.308342479479658,7.19202846633774,6.668835583203411,2.44140625,7.2690917364987495
2018_03_GB_WAS,2018-09-23T13:00-04:00,WAS,GB,2018,3,False,14.0,7.176931274967445,7.074714405794321,3.0707205070377688,2.44140625,7.085772415110802
2018_03_IND_PHI,2018-09-23T13:00-04:00,PHI,IND,2018,3,False,4.0,7.2848118802521835,6.7534832528893265,7.479360964987606,2.44140625,7.1530781517918385
2018_03_NO_ATL,2018-09-23T13:00-04:00,ATL,NO,2018,3,False,-6.0,4.302509302193312,3.1705413066357457,3.5962530350278277,2.44140625,4.3753259502722575
2018_03_NYG_HOU,2018-09-23T13:00-04:00,HOU,NYG,2018,3,False,-5.0,0.6806285136468465,0.7198888764615744,2.3879327743870906,2.44140625,0.41947833779284194
2018_03_OAK_MIA,2018-09-23T13:00-04:00,MIA,LV,2018,3,False,8.0,3.8586093756298894,3.8960122845183074,4.575013548426981,2.44140625,3.9007636915049515
2018_03_SF_KC,2018-09-23T13:00-04:00,KC,SF,2018,3,False,11.0,6.858123811490138,6.781532777386074,6.7562524637007275,2.44140625,6.800138488601866
2018_03_TEN_JAX,2018-09-23T13:00-04:00,JAX,TEN,2018,3,False,-3.0,8.192778280311597,7.18053311706155,6.077856900501608,2.44140625,7.942125673502763
2018_03_LAC_LA,2018-09-23T16:05-04:00,LAR,LAC,2018,3,False,12.0,3.601036844457835,4.253907527211215,5.409844901465146,2.44140625,3.5741562743476827
2018_03_CHI_ARI,2018-09-23T16:25-04:00,ARI,CHI,2018,3,False,-2.0,-1.0833307396460186,-1.2504004160912576,-0.2684504231644671,2.44140625,-0.9688831890009925
2018_03_DAL_SEA,2018-09-23T16:25-04:00,SEA,DAL,2018,3,False,11.0,1.0205125547096525,0.8132689468856579,1.9314763125275216,2.44140625,0.8769927892484122
2018_03_NE_DET,2018-09-23T20:20-04:00,DET,NE,2018,3,False,16.0,-2.288294231632496,-2.865880375435474,-1.9558175289266888,2.44140625,-2.726301476169909
2018_03_PIT_TB,2018-09-24T20:15-04:00,TB,PIT,2018,3,False,-3.0,2.3771504932550522,1.6695812066458657,1.8630345741436347,2.44140625,2.504162394859645
2018_04_MIN_LA,2018-09-27T20:20-04:00,LAR,MIN,2018,4,False,7.0,6.721888904482517,6.5297615108344305,5.764126316978254,2.44140625,6.643964347785815
2018_04_BUF_GB,2018-09-30T13:00-04:00,GB,BUF,2018,4,False,22.0,0.6614204210644741,0.8279512562392468,1.757619352391889,2.44140625,0.6229357748108324
2018_04_CIN_ATL,2018-09-30T13:00-04:00,ATL,CIN,2018,4,False,-1.0,5.555668142729741,4.62894981568777,3.6270677424494013,2.44140625,5.546427043446949
2018_04_DET_DAL,2018-09-30T13:00-04:00,DAL,DET,2018,4,False,2.0,-0.2368454423415165,-0.05967274159057512,2.5397816441214593,2.44140625,-0.20779173056737732
2018_04_HOU_IND,2018-09-30T13:00-04:00,IND,HOU,2018,4,False,-3.0,5.6884447144907595,5.628379753539676,4.227968638837057,2.44140625,5.885746021890024
2018_04_MIA_NE,2018-09-30T13:00-04:00,NE,MIA,2018,4,False,31.0,6.41145311817138,6.883707136571491,5.00892168993853,2.44140625,6.924870693404448
2018_04_NYJ_JAX,2018-09-30T13:00-04:00,JAX,NYJ,2018,4,False,19.0,7.595032742103146,7.529662955935978,5.926927420610366,2.44140625,7.330285489207673
2018_04_PHI_TEN,2018-09-30T13:00-04:00,TEN,PHI,2018,4,False,3.0,-2.14115648750164,-1.310678612314464,-0.4662082956969966,2.44140625,-1.8536824615173382
2018_04_TB_CHI,2018-09-30T13:00-04:00,CHI,TB,2018,4,False,38.0,0.9876605254909421,1.1048686722742094,1.2251773123567036,2.44140625,1.0754664053143823
2018_04_CLE_OAK,2018-09-30T16:05-04:00,LV,CLE,2018,4,False,3.0,1.938257010374654,2.208537163720269,2.6768172754672355,2.44140625,1.7448306772075768
2018_04_SEA_ARI,2018-09-30T16:05-04:00,ARI,SEA,2018,4,False,-3.0,-5.893186746359818,-5.995954469338624,-2.3993640475548403,2.44140625,-5.534726625051389
2018_04_NO_NYG,2018-09-30T16:25-04:00,NYG,NO,2018,4,False,-15.0,-2.7616706095159342,-2.830970530262367,-1.6664456467627957,2.44140625,-2.3042204431221167
2018_04_SF_LAC,2018-09-30T16:25-04:00,LAC,SF,2018,4,False,2.0,8.709943320334887,8.461148393696824,5.053750127912241,2.44140625,9.03262633162258
2018_04_BAL_PIT,2018-09-30T20:20-04:00,PIT,BAL,2018,4,False,-12.0,1.7564770161391223,2.248731907489983,1.780150425339701,2.44140625,1.2879556452967247
2018_04_KC_DEN,2018-10-01T20:15-04:00,DEN,KC,2018,4,False,-4.0,-6.656633941309614,-6.727793035668997,-3.5471958815216027,2.44140625,-6.613031193666328
2018_05_IND_NE,2018-10-04T20:20-04:00,NE,IND,2018,5,False,14.0,8.383264261487144,8.660161719512995,8.527458872256032,2.44140625,8.709435083688406
2018_05_ATL_PIT,2018-10-07T13:00-04:00,PIT,ATL,2018,5,False,24.0,-0.6944013376876403,0.4205109923278363,2.3224845155944447,2.44140625,-0.733822303021771
2018_05_BAL_CLE,2018-10-07T13:00-04:00,CLE,BAL,2018,5,False,3.0,-4.941071751888602,-5.003683223354194,-4.391253764407763,2.44140625,-4.978565415522505
2018_05_DEN_NYJ,2018-10-07T13:00-04:00,NYJ,DEN,2018,5,False,18.0,2.660091917245194,2.380937307260067,2.408125059571144,2.44140625,2.687717844567816
2018_05_GB_DET,2018-10-07T13:00-04:00,DET,GB,2018,5,False,8.0,3.2740373146087136,3.3147022879168455,3.6014875052418285,2.44140625,3.2803429866836287
2018_05_JAX_KC,2018-10-07T13:00-04:00,KC,JAX,2018,5,False,16.0,4.027917006322225,4.20069690211797,3.3191031322034066,2.44140625,4.180780298126734
2018_05_MIA_CIN,2018-10-07T13:00-04:00,CIN,MIA,2018,5,False,10.0,4.993044490362846,5.2424881234486636,5.059072033299946,2.44140625,5.103279590082097
2018_05_NYG_CAR,2018-10-07T13:00-04:00,CAR,NYG,2018,5,False,2.0,7.490454531433887,7.312924801584835,7.621142238566162,2.44140625,7.555276113807406
2018_05_TEN_BUF,2018-10-07T13:00-04:00,BUF,TEN,2018,5,False,1.0,-1.794741235001611,-1.9403227594161503,-0.3469210562887848,2.44140625,-1.8913230519913982
2018_05_OAK_LAC,2018-10-07T16:05-04:00,LAC,LV,2018,5,False,16.0,7.408060542978656,7.286899694135402,6.493037708332043,2.44140625,7.663844781279446
2018_05_ARI_SF,2018-10-07T16:25-04:00,SF,ARI,2018,5,False,-10.0,3.2308116905354964,3.632248085208195,5.199225731651192,2.44140625,2.9955260144715012
2018_05_LA_SEA,2018-10-07T16:25-04:00,SEA,LAR,2018,5,False,-2.0,-2.1427263350305963,-2.7854971975772878,-1.5255438520204052,2.44140625,-2.434456100556729
2018_05_MIN_PHI,2018-10-07T16:25-04:00,PHI,MIN,2018,5,False,-2.0,4.634221302979092,3.4931442284292054,3.0219541845144957,2.44140625,4.365519272922397
2018_05_DAL_HOU,2018-10-07T20:20-04:00,HOU,DAL,2018,5,False,3.0,-0.33968518147755006,-0.4584677531752315,-0.908085336492193,2.44140625,-0.43136091990050496
2018_05_WAS_NO,2018-10-08T20:15-04:00,NO,WAS,2018,5,False,24.0,2.421068691135667,2.5641693886724566,5.286725852384552,2.44140625,2.258708332751872
2018_06_PHI_NYG,2018-10-11T20:20-04:00,NYG,PHI,2018,6,False,-21.0,-3.0295276158931808,-2.6547202443449613,-2.406987039890014,2.44140625,-2.8116030538690313
2018_06_ARI_MIN,2018-10-14T13:00-04:00,MIN,ARI,2018,6,False,10.0,6.101543743121673,6.942550827448608,7.302200556975251,2.44140625,6.075862279310036
2018_06_BUF_HOU,2018-10-14T13:00-04:00,HOU,BUF,2018,6,False,7.0,1.3593527916037629,1.377157542710774,2.6019232396600205,2.44140625,1.2776039947979898
2018_06_CAR_WAS,2018-10-14T13:00-04:00,WAS,CAR,2018,6,False,6.0,0.8310072859204302,1.0094375540340497,-0.22329918438103524,2.44140625,0.6403480195121675
2018_06_CHI_MIA,2018-10-14T13:00-04:00,MIA,CHI,2018,6,False,3.0,-4.155503403579017,-4.043992393887577,-0.5774017097581563,2.44140625,-4.507179514855304
2018_06_IND_NYJ,2018-10-14T13:00-04:00,NYJ,IND,2018,6,False,8.0,-0.09875561351106743,-0.22543228385159475,3.921947878929986,2.44140625,-0.023995458876087672
2018_06_LAC_CLE,2018-10-14T13:00-04:00,CLE,LAC,2018,6,False,-24.0,-4.766503682147362,-4.757703664811425,-1.8770105320237072,2.44140625,-4.759778105098617
2018_06_PIT_CIN,2018-10-14T13:00-04:00,CIN,PIT,2018,6,False,-7.0,0.5101527961925671,0.227200260256734,1.1150775008260687,2.44140625,0.6873669399210697
2018_06_SEA_OAK,2018-10-14T13:00-04:00,LV,SEA,2018,6,True,-24.0,-6.191356707594316,-6.1491609725150775,-4.865021769153687,2.44140625,-6.116562835200602
2018_06_TB_ATL,2018-10-14T13:00-04:00,ATL,TB,2018,6,False,5.0,5.211941574576525,4.3570517220266884,3.010424814482988,2.44140625,5.169634299109509
2018_06_LA_DEN,2018-10-14T16:05-04:00,DEN,LAR,2018,6,False,-3.0,-8.00696350523927,-8.541722168342597,-6.438125248276744,2.44140625,-8.022838460783838
2018_06_BAL_TEN,2018-10-14T16:25-04:00,TEN,BAL,2018,6,False,-21.0,-0.38406058200504,-0.17261660291520842,-0.8733367030136923,2.44140625,-0.3388424367858678
2018_06_JAX_DAL,2018-10-14T16:25-04:00,DAL,JAX,2018,6,False,33.0,0.04301768153094421,0.3647581881523505,0.6922678769926891,2.44140625,0.21946537753034878
2018_06_KC_NE,2018-10-14T20:20-04:00,NE,KC,2018,6,False,3.0,2.1064361401174194,2.4149315369994353,1.9377240782128418,2.44140625,2.635758324127233
2018_06_SF_GB,2018-10-15T20:15-04:00,GB,SF,2018,6,False,3.0,7.01949196658396,6.809517062841847,3.66269911340144,2.44140625,6.878968616007543
2018_07_DEN_ARI,2018-10-18T20:20-04:00,ARI,DEN,2018,7,False,-35.0,2.2666965545753524,1.9832703911752794,3.0672853227624817,2.44140625,2.4602897683678506
2018_07_BUF_IND,2018-10-21T13:00-04:00,IND,BUF,2018,7,False,32.0,4.821217326510445,4.879067210058573,2.5661514457990537,2.44140625,4.851883994582192
2018_07_CAR_PHI,2018-10-21T13:00-04:00,PHI,CAR,2018,7,False,-4.0,4.485394325734516,4.2806799448842705,4.9902395479456025,2.44140625,4.263127518234592
2018_07_CLE_TB,2018-10-21T13:00-04:00,TB,CLE,2018,7,False,3.0,6.026997770850668,6.1846620290270415,5.567910124624718,2.44140625,5.9264951113265365
2018_07_DET_MIA,2018-10-21T13:00-04:00,MIA,DET,2018,7,False,-11.0,-4.332746381730696,-4.2858089489145765,-0.21911332003745798,2.44140625,-4.444564278827119
2018_07_HOU_JAX,2018-10-21T13:00-04:00,JAX,HOU,2018,7,False,-13.0,4.381027056816477,4.123114988304078,5.299748902000177,2.44140625,4.2428708012619465
2018_07_MIN_NYJ,2018-10-21T13:00-04:00,NYJ,MIN,2018,7,False,-20.0,-0.7964814147601992,-1.4450183056984105,-0.9792549800964769,2.44140625,-0.8103644249535722
2018_07_NE_CHI,2018-10-21T13:00-04:00,CHI,NE,2018,7,False,-7.0,-2.1452383348428263,-2.4035047555583318,-1.0605059846295735,2.44140625,-2.4477878738270884
2018_07_NO_BAL,2018-10-21T16:05-04:00,BAL,NO,2018,7,False,-1.0,-0.08706662291205669,-0.06296982698533338,2.961285483251115,2.44140625,0.16183878290661124
2018_07_DAL_WAS,2018-10-21T16:25-04:00,WAS,DAL,2018,7,False,3.0,2.61364013054885,2.3212366888748184,0.006168806231367618,2.44140625,2.5982626513538993
2018_07_LA_SF,2018-10-21T16:25-04:00,SF,LAR,2018,7,False,-29.0,-7.621560309907754,-7.888520575614948,-4.683741874637272,2.44140625,-7.628445312941375
2018_07_CIN_KC,2018-10-21T20:20-04:00,KC,CIN,2018,7,False,35.0,6.83445038069449,6.84419762973379,6.580956683931954,2.44140625,6.669335981620213
2018_07_TEN_LAC,2018-10-21T21:30-04:00,LAC,TEN,2018,7,True,1.0,6.685223358268385,6.527569414266836,4.967781535290801,2.44140625,6.563708194967448
2018_07_NYG_ATL,2018-10-22T20:15-04:00,ATL,NYG,2018,7,False,3.0,9.231242570044326,8.542629663022561,6.598355665375097,2.44140625,9.047664958116362
2018_08_MIA_HOU,2018-10-25T20:20-04:00,HOU,MIA,2018,8,False,19.0,4.293940829386606,4.26912740029392,4.243963769851259,2.44140625,4.615090404961847
2018_08_BAL_CAR,2018-10-28T13:00-04:00,CAR,BAL,2018,8,False,15.0,0.5940059702183029,0.3401676877922068,-0.3270863348857733,2.44140625,0.5968882678921545
2018_08_CLE_PIT,2018-10-28T13:00-04:00,PIT,CLE,2018,8,False,15.0,9.78555265613086,10.38907987282463,9.466075146831027,2.44140625,9.7150352493157
2018_08_DEN_KC,2018-10-28T13:00-04:00,KC,DEN,2018,8,False,7.0,10.884982965202703,10.84726631967383,10.39804429715548,2.44140625,10.673763262545393
2018_08_NYJ_CHI,2018-10-28T13:00-04:00,CHI,NYJ,2018,8,False,14.0,7.672777376013315,7.655060481590997,5.120796788251836,2.44140625,7.668932802181777
2018_08_SEA_DET,2018-10-28T13:00-04:00,DET,SEA,2018,8,False,-14.0,0.6478636364493081,0.7118207963528163,1.4028151989949196,2.44140625,0.6775030701424015
2018_08_TB_CIN,2018-10-28T13:00-04:00,CIN,TB,2018,8,False,3.0,2.522020727045634,2.3968866472886394,2.681167416602176,2.44140625,2.6022021240039472
2018_08_WAS_NYG,2018-10-28T13:00-04:00,NYG,WAS,2018,8,False,-7.0,-3.758430693739424,-3.6342266812651047,-0.8705557938665449,2.44140625,-3.7974082507210545
2018_08_IND_OAK,2018-10-28T16:05-04:00,LV,IND,2018,8,False,-14.0,-2.941734814970596,-2.881861767356121,-0.9778366750329974,2.44140625,-3.0600402243772176
2018_08_GB_LA,2018-10-28T16:25-04:00,LAR,GB,2018,8,False,2.0,7.596525685499427,8.119149043696678,10.12044762824605,2.44140625,7.928856487984526
2018_08_SF_ARI,2018-10-28T16:25-04:00,ARI,SF,2018,8,False,3.0,1.7350746575059577,1.3304425612444435,1.8286207363645226,2.44140625,1.838159579317712
2018_08_NO_MIN,2018-10-28T20:20-04:00,MIN,NO,2018,8,False,-10.0,-1.6273990216672767,-1.2867747650357582,1.821731713601407,2.44140625,-1.3120402437636116
2018_08_PHI_JAX,2018-10-28T21:30-04:00,JAX,PHI,2018,8,True,-6.0,-5.558584903347951,-5.361969978292865,-3.6766937394476322,2.44140625,-5.541590163478306
2018_08_NE_BUF,2018-10-29T20:15-04:00,BUF,NE,2018,8,False,-19.0,-11.609432661462355,-11.756403188851824,-6.7454781415837495,2.44140625,-11.892729043655184
2018_09_OAK_SF,2018-11-01T20:20-04:00,SF,LV,2018,9,False,31.0,-1.1920236351623315,-1.12489012997495,4.844064947026342,2.44140625,-1.0024322513063415
2018_09_ATL_WAS,2018-11-04T13:00-05:00,WAS,ATL,2018,9,False,-24.0,1.073395473393112,1.5784974169480028,2.771661793757722,2.44140625,1.1264649050273805
2018_09_CHI_BUF,2018-11-04T13:00-05:00,BUF,CHI,2018,9,False,-32.0,-9.636094523876437,-9.449894980456891,-3.8790774349109434,2.44140625,-9.766215077644222
2018_09_DET_MIN,2018-11-04T13:00-05:00,MIN,DET,2018,9,False,15.0,2.5954048612828275,2.740671410412858,5.047800787341686,2.44140625,2.8224151252876686
2018_09_KC_CLE,2018-11-04T13:00-05:00,CLE,KC,2018,9,False,-16.0,-9.045973653680257,-9.34996024738622,-7.605038748166152,2.44140625,-8.98827074529239
2018_09_NYJ_MIA,2018-11-04T13:00-05:00,MIA,NYJ,2018,9,False,7.0,2.053982498077956,2.23764025428933,1.7761384087329501,2.44140625,1.7368333232913926
2018_09_PIT_BAL,2018-11-04T13:00-05:00,BAL,PIT,2018,9,False,-7.0,0.6004494129769551,0.5098904981321257,2.262225043220777,2.44140625,0.806130707943022
2018_09_TB_CAR,2018-11-04T13:00-05:00,CAR,TB,2018,9,False,14.0,8.45186526838712,8.182405138991996,6.456510007210397,2.44140625,8.720908961846401
2018_09_HOU_DEN,2018-11-04T16:05-05:00,DEN,HOU,2018,9,False,-2.0,-1.8097532787388984,-1.752619774965511,0.8189410104590493,2.44140625,-1.896332226419758
2018_09_LAC_SEA,2018-11-04T16:05-05:00,SEA,LAC,2018,9,False,-8.0,1.4103571275495357,1.4988549073301654,3.3338578394563534,2.44140625,1.0919999550337525
2018_09_LA_NO,2018-11-04T16:25-05:00,NO,LAR,2018,9,False,10.0,2.1738274863944484,1.7758330961476547,1.9522369486861288,2.44140625,1.849187971539394
2018_09_GB_NE,2018-11-04T20:20-05:00,NE,GB,2018,9,False,14.0,7.882415615288859,7.963316405778672,8.448668549262758,2.44140625,8.254658111127794
2018_09_TEN_DAL,2018-11-05T20:15-05:00,DAL,TEN,2018,9,False,-14.0,2.771653673594386,2.8681662443135942,5.25679192315346,2.44140625,2.639593010381307
2018_10_CAR_PIT,2018-11-08T20:20-05:00,PIT,CAR,2018,10,False,31.0,2.1430256220341364,2.6088536035658967,3.3947034702144685,2.44140625,1.8373670217969065
2018_10_ARI_KC,2018-11-11T13:00-05:00,KC,ARI,2018,10,False,12.0,16.188011911767447,16.12310584999898,13.117674301221214,2.44140625,15.877728966056416
2018_10_ATL_CLE,2018-11-11T13:00-05:00,CLE,ATL,2018,10,False,12.0,-6.7713854642810105,-6.366220870958584,-3.4589677405604844,2.44140625,-6.70027589746817
2018_10_BUF_NYJ,2018-11-11T13:00-05:00,NYJ,BUF,2018,10,False,-31.0,5.7989193202836935,5.959130166418335,6.034610545551855,2.44140625,6.123547575062069
2018_10_DET_CHI,2018-11-11T13:00-05:00,CHI,DET,2018,10,False,12.0,4.682366994116075,4.380416194168395,5.1352159028621065,2.44140625,4.736947196975853
2018_10_JAX_IND,2018-11-11T13:00-05:00,IND,JAX,2018,10,False,3.0,5.9193341339039165,6.029197957338043,3.0281591766518257,2.44140625,5.957394199197433
2018_10_NE_TEN,2018-11-11T13:00-05:00,TEN,NE,2018,10,False,24.0,-5.333315986409327,-5.027630844955197,-3.3643354755159773,2.44140625,-5.427430823735358
2018_10_NO_CIN,2018-11-11T13:00-05:00,CIN,NO,2018,10,False,-37.0,-5.559204906655754,-5.573310740523399,-4.528192009473086,2.44140625,-5.464883649918301
2018_10_WAS_TB,2018-11-11T13:00-05:00,TB,WAS,2018,10,False,-13.0,-1.9170601892354826,-1.6081049547973483,2.4070863362739594,2.44140625,-1.8132845319558089
2018_10_LAC_OAK,2018-11-11T16:05-05:00,LV,LAC,2018,10,False,-14.0,-9.810093356350109,-9.74224343102658,-8.883323391580653,2.44140625,-9.808334929599361
2018_10_MIA_GB,2018-11-11T16:25-05:00,GB,MIA,2018,10,False,19.0,5.916889479852638,5.8363134754516715,5.124309819303274,2.44140625,5.9938477090457685
2018_10_SEA_LA,2018-11-11T16:25-05:00,LAR,SEA,2018,10,False,5.0,4.66049173774617,4.90588845327651,4.885941910350729,2.44140625,5.211421718914586
2018_10_DAL_PHI,2018-11-11T20:20-05:00,PHI,DAL,2018,10,False,-7.0,7.437072606151903,6.912061864237298,5.454989398115514,2.44140625,7.423007014670955
2018_10_NYG_SF,2018-11-12T20:15-05:00,SF,NYG,2018,10,False,-4.0,1.4707698921250039,1.7251432022388253,4.801623899278529,2.44140625,1.7447000584394252
2018_11_GB_SEA,2018-11-15T20:20-05:00,SEA,GB,2018,11,False,3.0,4.285691499903954,4.3233545289644715,5.279975083339215,2.44140625,4.051203152221889
2018_11_CAR_DET,2018-11-18T13:00-05:00,DET,CAR,2018,11,False,1.0,-1.9349129501386608,-1.549003338315709,-0.1292722509484272,2.44140625,-2.0595686969801603
2018_11_CIN_BAL,2018-11-18T13:00-05:00,BAL,CIN,2018,11,False,3.0,5.344882906426236,5.470431439542441,7.560874209509897,2.44140625,5.413602720256998
2018_11_DAL_ATL,2018-11-18T13:00-05:00,ATL,DAL,2018,11,False,-3.0,5.717579975014553,4.974815497165805,1.4940026158347588,2.44140625,5.7479958698207465
2018_11_HOU_WAS,2018-11-18T13:00-05:00,WAS,HOU,2018,11,False,-2.0,2.6797348733816473,2.331323812268274,1.6473582547418393,2.44140625,2.43443462738698
2018_11_PIT_JAX,2018-11-18T13:00-05:00,JAX,PIT,2018,11,False,-4.0,-5.677965393892484,-6.162514311401506,-4.317122849776531,2.44140625,-5.512451743026026
2018_11_TB_NYG,2018-11-18T13:00-05:00,NYG,TB,2018,11,False,3.0,3.6714104232417992,3.2458646883557667,1.6185945066059144,2.44140625,3.661366924650923
2018_11_TEN_IND,2018-11-18T13:00-05:00,IND,TEN,2018,11,False,28.0,3.310003115999589,3.0296483321904724,0.3241200926684069,2.44140625,3.1588766231800305
2018_11_DEN_LAC,2018-11-18T16:05-05:00,LAC,DEN,2018,11,False,-1.0,9.96790257864307,9.68205910389951,8.530387585308826,2.44140625,9.876666242505232
2018_11_OAK_ARI,2018-11-18T16:05-05:00,ARI,LV,2018,11,False,-2.0,1.842128809551328,2.0602431703208413,6.315968891159228,2.44140625,2.042168811963264
2018_11_PHI_NO,2018-11-18T16:25-05:00,NO,PHI,2018,11,False,41.0,8.247661378064603,8.723478233103805,8.068378401054446,2.44140625,8.202971849928945
2018_11_MIN_CHI,2018-11-18T20:20-05:00,CHI,MIN,2018,11,False,5.0,2.9521526415590404,2.4097314988005416,1.6094440409070159,2.44140625,2.6961108537646012
2018_11_KC_LA,2018-11-19T20:15-05:00,LAR,KC,2018,11,False,3.0,0.4358584383371795,0.7488151255367106,1.5293575206271672,2.44140625,0.6727876852981132
2018_12_CHI_DET,2018-11-22T12:30-05:00,DET,CHI,2018,12,False,-7.0,0.3871767330809164,0.6519053203473499,-1.3345297955436322,2.44140625,0.36514146548754856
2018_12_WAS_DAL,2018-11-22T16:30-05:00,DAL,WAS,2018,12,False,8.0,2.999891373364732,3.2787883859420552,4.529983599938181,2.44140625,3.2751567745494943
2018_12_ATL_NO,2018-11-22T20:20-05:00,NO,ATL,2018,12,False,14.0,9.91128296480994,10.560485043291717,11.99816696980548,2.44140625,9.797721484763068
2018_12_CLE_CIN,2018-11-25T13:00-05:00,CIN,CLE,2018,12,False,-15.0,2.4461944472546273,2.5559064699097154,4.1151129093344405,2.44140625,2.4479819650216506
2018_12_JAX_BUF,2018-11-25T13:00-05:00,BUF,JAX,2018,12,False,3.0,-1.9576324165133498,-1.7804268407452861,-1.9596398098830985,2.44140625,-1.860567841195101
2018_12_NE_NYJ,2018-11-25T13:00-05:00,NYJ,NE,2018,12,False,-14.0,-7.579854060121308,-7.699745627497473,-6.965395733599625,2.44140625,-7.771730749127985
2018_12_NYG_PHI,2018-11-25T13:00-05:00,PHI,NYG,2018,12,False,3.0,4.152833825184168,4.071897049944058,6.687899218599787,2.44140625,4.363013593418115
2018_12_OAK_BAL,2018-11-25T13:00-05:00,BAL,LV,2018,12,False,17.0,7.667583500882926,7.905321924095983,12.013115584970567,2.44140625,7.751274522702085
2018_12_SEA_CAR,2018-11-25T13:00-05:00,CAR,SEA,2018,12,False,-3.0,1.7673900098511361,1.4933855451808946,1.4052878289716246,2.44140625,2.105112069432215
2018_12_SF_TB,2018-11-25T13:00-05:00,TB,SF,2018,12,False,18.0,0.9921018740639641,1.1521867769152818,2.296419767002779,2.44140625,0.8462079060868968
2018_12_ARI_LAC,2018-11-25T16:05-05:00,LAC,ARI,2018,12,False,35.0,15.258576206669485,14.886786860837532,10.743774589623106,2.44140625,14.91177294447146
2018_12_MIA_IND,2018-11-25T16:25-05:00,IND,MIA,2018,12,False,3.0,10.129412715837447,10.092373334340241,7.906139466881303,2.44140625,10.189398685807845
2018_12_PIT_DEN,2018-11-25T16:25-05:00,DEN,PIT,2018,12,False,7.0,-5.155242741747291,-5.408464485100637,-4.2469869506169635,2.44140625,-5.041068231604049
2018_12_GB_MIN,2018-11-25T20:20-05:00,MIN,GB,2018,12,False,7.0,3.2938547880686793,3.497945556166132,5.599887597276464,2.44140625,3.6322020407434086
2018_12_TEN_HOU,2018-11-26T20:15-05:00,HOU,TEN,2018,12,False,17.0,3.784498160933903,3.815104745957164,3.0092094192579677,2.44140625,3.8228274764482837
2018_13_NO_DAL,2018-11-29T20:20-05:00,DAL,NO,2018,13,False,3.0,-7.798783820374943,-7.645057382306691,-5.207955440524978,2.44140625,-7.733245845357543
2018_13_ARI_GB,2018-12-02T13:00-05:00,GB,ARI,2018,13,False,-3.0,11.66078150686626,11.53408056692469,8.986042337410982,2.44140625,11.50246946691478
2018_13_BAL_ATL,2018-12-02T13:00-05:00,ATL,BAL,2018,13,False,-10.0,4.47352138379346,3.8282402046282877,-0.7129374125208452,2.44140625,4.5061541418939255
2018_13_BUF_MIA,2018-12-02T13:00-05:00,MIA,BUF,2018,13,False,4.0,2.5548547668623423,2.5273964440658987,3.549638903697474,2.44140625,2.6412623917061713
2018_13_CAR_TB,2018-12-02T13:00-05:00,TB,CAR,2018,13,False,7.0,-2.933116611362438,-2.598471992043038,-0.7543098698851463,2.44140625,-3.1871717259173558
2018_13_CHI_NYG,2018-12-02T13:00-05:00,NYG,CHI,2018,13,False,3.0,-3.72440009518748,-3.891478349714459,-4.459635850094494,2.44140625,-4.0561499798873015
2018_13_CLE_HOU,2018-12-02T13:00-05:00,HOU,CLE,2018,13,False,16.0,4.807310105616514,5.326879165395623,6.468607868716084,2.44140625,4.7856995751140445
2018_13_DEN_CIN,2018-12-02T13:00-05:00,CIN,DEN,2018,13,False,-14.0,-1.970852550977459,-2.2210911994802998,-0.8523036822051457,2.44140625,-2.036005152304557
2018_13_IND_JAX,2018-12-02T13:00-05:00,JAX,IND,2018,13,False,6.0,-3.105682644220788,-3.14791899406612,0.4958363878540535,2.44140625,-3.3147931716496326
2018_13_LA_DET,2018-12-02T13:00-05:00,DET,LAR,2018,13,False,-14.0,-4.911502595767719,-4.935849946998666,-4.163850790670289,2.44140625,-4.8880238684029935
2018_13_KC_OAK,2018-12-02T16:05-05:00,LV,KC,2018,13,False,-7.0,-10.110399133843217,-10.373039480008755,-11.406012525534564,2.44140625,-9.6352320056827
2018_13_NYJ_TEN,2018-12-02T16:05-05:00,TEN,NYJ,2018,13,False,4.0,7.117937094632641,7.269501840438946,7.079346284508024,2.44140625,6.9927659941950235
2018_13_MIN_NE,2018-12-02T16:25-05:00,NE,MIN,2018,13,False,14.0,4.227276241988112,3.9256400979683583,3.8923926645699476,2.44140625,4.199931002443498
2018_13_SF_SEA,2018-12-02T16:25-05:00,SEA,SF,2018,13,False,27.0,11.196378754263309,11.195799272994279,9.661772017211627,2.44140625,10.995062271251582
2018_13_LAC_PIT,2018-12-02T20:20-05:00,PIT,LAC,2018,13,False,-3.0,1.4810487066085005,1.764079713546551,2.3026334818081873,2.44140625,1.56731482065209
2018_13_WAS_PHI,2018-12-03T20:15-05:00,PHI,WAS,2018,13,False,15.0,3.905886079510856,3.463294977469036,3.7633331807584134,2.44140625,4.030483653595047
2018_14_JAX_TEN,2018-12-06T20:20-05:00,TEN,JAX,2018,14,False,21.0,2.006684544238182,2.141454054809853,2.3549314436889373,2.44140625,2.15588738391317
2018_14_ATL_GB,2018-12-09T13:00-05:00,GB,ATL,2018,14,False,14.0,0.8168617721931939,1.4337348577224789,3.1779979100745095,2.44140625,0.7480457746555328
2018_14_BAL_KC,2018-12-09T13:00-05:00,KC,BAL,2018,14,False,3.0,8.126671823366749,8.006216528122115,5.117883644833551,2.44140625,7.7209941258125445
2018_14_CAR_CLE,2018-12-09T13:00-05:00,CLE,CAR,2018,14,False,6.0,-1.4268265899375443,-1.6574081769096543,-1.3508824915897875,2.44140625,-1.3528335917068581
2018_14_IND_HOU,2018-12-09T13:00-05:00,HOU,IND,2018,14,False,-3.0,3.25790848203244,3.3988992755868788,4.730025760918551,2.44140625,3.209019590814313
2018_14_NE_MIA,2018-12-09T13:00-05:00,MIA,NE,2018,14,False,1.0,-8.043759400393636,-7.963937122997938,-7.330283177627367,2.44140625,-8.329426773269521
2018_14_NO_TB,2018-12-09T13:00-05:00,TB,NO,2018,14,False,-14.0,-9.793183949693397,-9.680726232133864,-7.357282011778297,2.44140625,-10.04288464610333
2018_14_NYG_WAS,2018-12-09T13:00-05:00,WAS,NYG,2018,14,False,-24.0,0.16651159609789978,0.45124441208110655,3.4691584548511996,2.44140625,0.40557279253754386
2018_14_NYJ_BUF,2018-12-09T13:00-05:00,BUF,NYJ,2018,14,False,-4.0,3.8816885884047094,3.857187710403356,2.600229706608614,2.44140625,3.5841885725426335
2018_14_CIN_LAC,2018-12-09T16:05-05:00,LAC,CIN,2018,14,False,5.0,14.831634451267997,15.036383806499234,12.493383843391605,2.44140625,14.800917450837153
2018_14_DEN_SF,2018-12-09T16:05-05:00,SF,DEN,2018,14,False,6.0,-4.990320948955032,-4.924743372077122,-3.5752593275357913,2.44140625,-5.120154261968656
2018_14_DET_ARI,2018-12-09T16:25-05:00,ARI,DET,2018,14,False,-14.0,-2.166980090218424,-2.122752119353137,-0.9128613727792625,2.44140625,-2.082573383322685
2018_14_PHI_DAL,2018-12-09T16:25-05:00,DAL,PHI,2018,14,False,6.0,2.804292931495736,3.2514508561633977,3.5599995257852943,2.44140625,2.7763546556665544
2018_14_PIT_OAK,2018-12-09T16:25-05:00,LV,PIT,2018,14,False,3.0,-8.216795599052862,-8.73622814166526,-9.260849509493138,2.44140625,-8.101272151159996
2018_14_LA_CHI,2018-12-09T20:20-05:00,CHI,LAR,2018,14,False,9.0,-1.149666881183005,-1.4475879683791137,-0.7766843439150168,2.44140625,-0.99440897299516
2018_14_MIN_SEA,2018-12-10T20:15-05:00,SEA,MIN,2018,14,False,14.0,4.286945868914375,4.325109294225975,4.121917029396859,2.44140625,3.898621149661221
2018_15_LAC_KC,2018-12-13T20:20-05:00,KC,LAC,2018,15,False,-1.0,1.9754744159544253,2.0304669334159153,3.394662111640053,2.44140625,1.805870523176117
2018_15_HOU_NYJ,2018-12-15T16:30-05:00,NYJ,HOU,2018,15,False,-7.0,-6.7043355956128385,-6.75998532827175,-4.096308569320952,2.44140625,-6.7319409470385505
2018_15_CLE_DEN,2018-12-15T20:20-05:00,DEN,CLE,2018,15,False,-1.0,4.16348939194847,4.48827084787224,5.03162065238591,2.44140625,4.0787714616581185
2018_15_ARI_ATL,2018-12-16T13:00-05:00,ATL,ARI,2018,15,False,26.0,10.77247656787981,10.279097489532324,6.68002331702197,2.44140625,10.634791982852988
2018_15_DAL_IND,2018-12-16T13:00-05:00,IND,DAL,2018,15,False,23.0,2.139089846461225,2.013899576013376,0.9248038344734306,2.44140625,2.229439075335836
2018_15_DET_BUF,2018-12-16T13:00-05:00,BUF,DET,2018,15,False,1.0,-0.5534204852401607,-0.6654227990116769,-2.2894334090693302,2.44140625,-0.8018291091615208
2018_15_GB_CHI,2018-12-16T13:00-05:00,CHI,GB,2018,15,False,7.0,4.052587572171026,3.939503637867343,6.00891538318387,2.44140625,4.087273581354675
2018_15_MIA_MIN,2018-12-16T13:00-05:00,MIN,MIA,2018,15,False,24.0,7.223759733537638,7.38456745533281,8.056121951625624,2.44140625,7.596488433250149
2018_15_OAK_CIN,2018-12-16T13:00-05:00,CIN,LV,2018,15,False,14.0,2.2472751359758667,2.1960364240852757,4.902667281606958,2.44140625,2.3016262276352406
2018_15_TB_BAL,2018-12-16T13:00-05:00,BAL,TB,2018,15,False,8.0,3.7927916279412806,3.9605393235666106,7.740948974543938,2.44140625,3.9134092929286037
2018_15_TEN_NYG,2018-12-16T13:00-05:00,NYG,TEN,2018,15,False,-17.0,2.1483004281390774,1.9511586411756152,0.9191843626600005,2.44140625,1.9517144291623927
2018_15_WAS_JAX,2018-12-16T13:00-05:00,JAX,WAS,2018,15,False,-3.0,4.894222347344169,4.752073548096988,3.4599654553532035,2.44140625,4.977763669071749
2018_15_SEA_SF,2018-12-16T16:05-05:00,SF,SEA,2018,15,False,3.0,-7.713392957290883,-7.790944888164764,-7.2852179878599355,2.44140625,-7.6947884653859155
2018_15_NE_PIT,2018-12-16T16:25-05:00,PIT,NE,2018,15,False,7.0,-0.41462287167395195,0.06366273380821164,0.9075080755825691,2.44140625,-0.4605513707593507
2018_15_PHI_LA,2018-12-16T20:20-05:00,LAR,PHI,2018,15,False,-7.0,9.083969503158443,10.404088488112016,7.149131867771963,2.44140625,8.85465705096531
2018_15_NO_CAR,2018-12-17T20:15-05:00,CAR,NO,2018,15,False,-3.0,-7.794961507881533,-7.959412932844035,-6.3156386583617845,2.44140625,-7.883291832315064
2018_16_WAS_TEN,2018-12-22T16:30-05:00,TEN,WAS,2018,16,False,9.0,6.296280333839281,6.295049138589725,6.97109860053681,2.44140625,6.575324840632343
2018_16_BAL_LAC,2018-12-22T20:20-05:00,LAC,BAL,2018,16,False,-12.0,6.60053563244096,6.578918893086321,4.2157098179322645,2.44140625,6.611348775958973
2018_16_ATL_CAR,2018-12-23T13:00-05:00,CAR,ATL,2018,16,False,-14.0,-3.7706606498524193,-3.4696181966844843,3.6732649560092576,2.44140625,-3.690162462534947
2018_16_BUF_NE,2018-12-23T13:00-05:00,NE,BUF,2018,16,False,12.0,12.938700872583297,12.816702976981961,12.614077835432306,2.44140625,12.999490650269248
2018_16_CIN_CLE,2018-12-23T13:00-05:00,CLE,CIN,2018,16,False,8.0,4.966345313546478,4.714709150255472,3.782760834718375,2.44140625,5.142141864181312
2018_16_GB_NYJ,2018-12-23T13:00-05:00,NYJ,GB,2018,16,False,-6.0,-4.6428303450684885,-4.591411270195015,-2.6484635444492994,2.44140625,-4.745943989004699
2018_16_HOU_PHI,2018-12-23T13:00-05:00,PHI,HOU,2018,16,False,2.0,-0.3722332136999369,-1.5961415593505286,2.42208270461027,2.44140625,-0.274632970685728
2018_16_JAX_MIA,2018-12-23T13:00-05:00,MIA,JAX,2018,16,False,-10.0,1.485446531389162,1.4870056554574507,0.766767812177378,2.44140625,1.47731166513318
2018_16_MIN_DET,2018-12-23T13:00-05:00,DET,MIN,2018,16,False,-18.0,-2.494877632626385,-2.639602068187168,-1.9461684363251237,2.44140625,-2.649697492735384
2018_16_NYG_IND,2018-12-23T13:00-05:00,IND,NYG,2018,16,False,1.0,7.957541689878745,7.99562397214816,7.429733881520178,2.44140625,8.086307632556112
2018_16_TB_DAL,2018-12-23T13:00-05:00,DAL,TB,2018,16,False,7.0,3.4536638940961555,3.5201130244285395,5.081152598924001,2.44140625,3.5143680126543115
2018_16_CHI_SF,2018-12-23T16:05-05:00,SF,CHI,2018,16,False,-5.0,-6.244321404191669,-6.109026946525823,-5.095163189934275,2.44140625,-6.514699390491604
2018_16_LA_ARI,2018-12-23T16:05-05:00,ARI,LAR,2018,16,False,-22.0,-12.780026831110654,-12.667933793253951,-9.688231977237393,2.44140625,-12.712590562170949
2018_16_PIT_NO,2018-12-23T16:25-05:00,NO,PIT,2018,16,False,3.0,7.178305488562825,6.907275108987551,7.351913420711364,2.44140625,7.117658029227784
2018_16_KC_SEA,2018-12-23T20:20-05:00,SEA,KC,2018,16,False,7.0,-1.4314121767949153,-1.399475450944001,1.4847273822699227,2.44140625,-1.528158774291747
2018_16_DEN_OAK,2018-12-24T20:15-05:00,LV,DEN,2018,16,False,13.0,-3.6766937738702654,-3.9021456813568176,-4.176905578612313,2.44140625,-3.8721221773673347
2018_17_ATL_TB,2018-12-30T13:00-05:00,TB,ATL,2018,17,False,-2.0,-1.921772705262013,-1.5661502793429378,-0.10229624870824283,2.44140625,-2.143667942850909
2018_17_CAR_NO,2018-12-30T13:00-05:00,NO,CAR,2018,17,False,-19.0,11.01159095974553,11.30274689549496,11.81739422475486,2.44140625,10.971509809864118
2018_17_DAL_NYG,2018-12-30T13:00-05:00,NYG,DAL,2018,17,False,-1.0,-0.48899350885687154,-0.6718843668177995,-0.6666135610134347,2.44140625,-0.4314420600658806
2018_17_DET_GB,2018-12-30T13:00-05:00,GB,DET,2018,17,False,-31.0,-1.1828008793338793,-0.701529805545734,5.2331681345838374,2.44140625,-1.1418170636490301
2018_17_JAX_HOU,2018-12-30T13:00-05:00,HOU,JAX,2018,17,False,17.0,7.197934623580945,7.298082485321775,6.6536159242819295,2.44140625,7.534123760805801
2018_17_MIA_BUF,2018-12-30T13:00-05:00,BUF,MIA,2018,17,False,25.0,3.0675100778944127,2.923720307963932,2.559080248418452,2.44140625,3.3358905975160233
2018_17_NYJ_NE,2018-12-30T13:00-05:00,NE,NYJ,2018,17,False,35.0,13.294309399618744,12.958395985152293,12.394066845539635,2.44140625,13.622485785442203
2018_17_ARI_SEA,2018-12-30T16:25-05:00,SEA,ARI,2018,17,False,3.0,16.70391013132973,16.632182901830042,15.997866669037357,2.44140625,16.460452266569483
2018_17_CHI_MIN,2018-12-30T16:25-05:00,MIN,CHI,2018,17,False,-14.0,1.3895966384234228,1.6170696113575722,3.2219994339976,2.44140625,1.3448070669947354
2018_17_CIN_PIT,2018-12-30T16:25-05:00,PIT,CIN,2018,17,False,3.0,10.105280414839246,10.399296159985116,10.436378185863513,2.44140625,10.109915144056652
2018_17_CLE_BAL,2018-12-30T16:25-05:00,BAL,CLE,2018,17,False,2.0,5.690086559048884,6.054425194506458,8.91809061767455,2.44140625,5.593241057668473
2018_17_LAC_DEN,2018-12-30T16:25-05:00,DEN,LAC,2018,17,False,-14.0,-3.5821088813270388,-3.655902950361331,-3.1791272641809964,2.44140625,-3.4984023745378896
2018_17_OAK_KC,2018-12-30T16:25-05:00,KC,LV,2018,17,False,32.0,11.700638857043792,11.964910731111921,13.317492590910671,2.44140625,11.538062385057374
2018_17_PHI_WAS,2018-12-30T16:25-05:00,WAS,PHI,2018,17,False,-24.0,-1.5574077055681967,-0.4436608298721735,-2.4630320511239248,2.44140625,-1.729414134527959
2018_17_SF_LA,2018-12-30T16:25-05:00,LAR,SF,2018,17,False,16.0,11.25807072125707,11.458296205617335,11.686074008380057,2.44140625,11.262965769971482
2018_17_IND_TEN,2018-12-30T20:20-05:00,TEN,IND,2018,17,False,-16.0,-1.7087981132509809,-1.388034042820915,2.4733570562925737,2.44140625,-1.633670202133491
2019_01_GB_CHI,2019-09-05T20:20-04:00,CHI,GB,2019,1,False,-7.0,4.895905170343192,4.76256944338659,5.595362779922368,2.4016927083333335,4.956792529014198
2019_01_ATL_MIN,2019-09-08T13:00-04:00,MIN,ATL,2019,1,False,16.0,-0.884707347588142,-0.520617312025438,3.695468142970097,2.4016927083333335,-0.721212863886775
2019_01_BAL_MIA,2019-09-08T13:00-04:00,MIA,BAL,2019,1,False,-49.0,-3.853039378529626,-5.04999473881038,-3.0765399809939673,2.4016927083333335,-4.031490754496266
2019_01_BUF_NYJ,2019-09-08T13:00-04:00,NYJ,BUF,2019,1,False,-1.0,-1.319575463420894,-1.314006224573614,1.0639496572889122,2.4016927083333335,-1.6813193708988519
2019_01_KC_JAX,2019-09-08T13:00-04:00,JAX,KC,2019,1,False,-14.0,-6.4140481572685974,-7.172962919232745,-2.161102595088243,2.4016927083333335,-6.611000068972924
2019_01_LA_CAR,2019-09-08T13:00-04:00,CAR,LAR,2019,1,False,-3.0,-0.8617000936810864,-1.4754379129685415,-0.004684562269423154,2.4016927083333335,-0.7422760044393596
2019_01_TEN_CLE,2019-09-08T13:00-04:00,CLE,TEN,2019,1,False,-30.0,0.8643760936536045,0.7644200187172283,1.74258468700213,2.4016927083333335,0.8489837776388724
2019_01_WAS_PHI,2019-09-08T13:00-04:00,PHI,WAS,2019,1,False,5.0,7.740904776757033,8.021888911509546,6.481516025561962,2.4016927083333335,7.938404786020442
2019_01_CIN_SEA,2019-09-08T16:05-04:00,SEA,CIN,2019,1,False,1.0,6.861562703532821,6.912380677127896,5.967118084074336,2.4016927083333335,6.960348151482778
2019_01_IND_LAC,2019-09-08T16:05-04:00,LAC,IND,2019,1,False,6.0,3.601246491277628,2.758607552705581,3.340837746815378,2.4016927083333335,3.5480663922159192
2019_01_DET_ARI,2019-09-08T16:25-04:00,ARI,DET,2019,1,False,0.0,-5.856239637608065,-6.054526730443343,-0.9113640733296515,2.4016927083333335,-5.820159024192182
2019_01_NYG_DAL,2019-09-08T16:25-04:00,DAL,NYG,2019,1,False,18.0,4.406954391018131,4.590304523181562,4.10831076343071,2.4016927083333335,4.574618600323645
2019_01_SF_TB,2019-09-08T16:25-04:00,TB,SF,2019,1,False,-14.0,5.690002641999339,5.5918655676304025,3.528447269960604,2.4016927083333335,5.696990568746333
2019_01_PIT_NE,2019-09-08T20:20-04:00,NE,PIT,2019,1,False,30.0,5.3222695030074565,4.977265436981484,3.681948577741902,2.4016927083333335,5.441927176733288
2019_01_HOU_NO,2019-09-09T19:10-04:00,NO,HOU,2019,1,False,2.0,4.745829447528838,4.316078744914053,4.598080967493259,2.4016927083333335,4.638956184794674
2019_01_DEN_OAK,2019-09-09T22:20-04:00,LV,DEN,2019,1,False,8.0,-0.8692656622502496,-0.9150340458709503,0.15500382884212982,2.4016927083333335,-0.771756474367173
2019_02_TB_CAR,2019-09-12T20:20-04:00,CAR,TB,2019,2,False,-6.0,4.259506701805178,4.239679220923467,4.973434508748749,2.4016927083333335,4.412612325806016
2019_02_ARI_BAL,2019-09-15T13:00-04:00,BAL,ARI,2019,2,False,6.0,9.965628155530407,11.08823775651976,9.867049028226724,2.4016927083333335,9.935363919850452
2019_02_BUF_NYG,2019-09-15T13:00-04:00,NYG,BUF,2019,2,False,-14.0,2.2954148999287955,2.3748597815376558,2.1284872105881756,2.4016927083333335,2.0444648906124643
2019_02_DAL_WAS,2019-09-15T13:00-04:00,WAS,DAL,2019,2,False,-10.0,-3.2496903914282544,-3.414348678546,-1.1949732402300448,2.4016927083333335,-3.4546699364493483
2019_02_IND_TEN,2019-09-15T13:00-04:00,TEN,IND,2019,2,False,-2.0,2.3379216771628153,1.6155076690620267,2.80061391791319,2.4016927083333335,2.2523524906686423
2019_02_JAX_HOU,2019-09-15T13:00-04:00,HOU,JAX,2019,2,False,1.0,7.884717718479583,8.40549288497909,6.435560145750196,2.4016927083333335,8.092616579804039
2019_02_LAC_DET,2019-09-15T13:00-04:00,DET,LAC,2019,2,False,3.0,0.6889251273344683,0.7474810390566343,-0.5987145332625872,2.4016927083333335,0.6031079524826792
2019_02_MIN_GB,2019-09-15T13:00-04:00,GB,MIN,2019,2,False,5.0,1.6526653908936162,1.668622212149,0.3570997798455866,2.4016927083333335,1.5881464305375028
2019_02_NE_MIA,2019-09-15T13:00-04:00,MIA,NE,2019,2,False,-43.0,-12.017750573515322,-11.752212251716312,-7.040523204267956,2.4016927083333335,-12.336288150209846
2019_02_SEA_PIT,2019-09-15T13:00-04:00,PIT,SEA,2019,2,False,-2.0,0.4791850219532078,0.5287131557533984,1.3158765012232323,2.4016927083333335,0.482052910368322
2019_02_SF_CIN,2019-09-15T13:00-04:00,CIN,SF,2019,2,False,-24.0,1.3701757487337474,1.3948940808863983,2.089606199963856,2.4016927083333335,1.418998585997527
2019_02_KC_OAK,2019-09-15T16:05-04:00,LV,KC,2019,2,False,-18.0,-6.928986217561336,-7.191261428357285,-4.609476943668577,2.4016927083333335,-6.957258643359793
2019_02_CHI_DEN,2019-09-15T16:25-04:00,DEN,CHI,2019,2,False,-2.0,-1.6071199841469204,-1.5537150522642045,-0.9258733800598566,2.4016927083333335,-1.6162412718264345
2019_02_NO_LA,2019-09-15T16:25-04:00,LAR,NO,2019,2,False,18.0,2.4306413546821597,2.77711186689172,2.265492180283781,2.4016927083333335,2.4220459640489254
2019_02_PHI_ATL,2019-09-15T20:20-04:00,ATL,PHI,2019,2,False,4.0,0.5730333329997055,-0.053929909399184434,0.39628820550530275,2.4016927083333335,0.38393752821745053
2019_02_CLE_NYJ,2019-09-16T20:15-04:00,NYJ,CLE,2019,2,False,-20.0,0.027949106753022868,0.12164873126050124,1.0523420887191857,2.4016927083333335,0.04068218916057198
2019_03_TEN_JAX,2019-09-19T20:20-04:00,JAX,TEN,2019,3,False,13.0,-3.813964212298432,-3.8493712758761287,-0.7278367550885951,2.4016927083333335,-4.016798973127698
2019_03_ATL_IND,2019-09-22T13:00-04:00,IND,ATL,2019,3,False,3.0,1.247625168519614,2.3883422152279867,4.467429227810252,2.4016927083333335,1.39006445581916
2019_03_BAL_KC,2019-09-22T13:00-04:00,KC,BAL,2019,3,False,5.0,5.152100515500701,4.464299805272851,4.302932102789704,2.4016927083333335,5.012708367098513
2019_03_CIN_BUF,2019-09-22T13:00-04:00,BUF,CIN,2019,3,False,4.0,4.7636764568915195,4.825614877513928,4.573325135460372,2.4016927083333335,4.94360452514951
2019_03_DEN_GB,2019-09-22T13:00-04:00,GB,DEN,2019,3,False,11.0,4.667754910735232,4.678656052429922,5.148592030132935,2.4016927083333335,4.816940726314744
2019_03_DET_PHI,2019-09-22T13:00-04:00,PHI,DET,2019,3,False,-3.0,3.5133746972171704,3.7265006375656897,4.044870699828552,2.4016927083333335,3.631111212900722
2019_03_MIA_DAL,2019-09-22T13:00-04:00,DAL,MIA,2019,3,False,25.0,16.688537097087547,16.71810430159116,11.16526471499292,2.4016927083333335,16.851316922173083
2019_03_NYJ_NE,2019-09-22T13:00-04:00,NE,NYJ,2019,3,False,16.0,17.586722075586934,17.184743681213355,13.601829647066486,2.4016927083333335,17.913407584242503
2019_03_OAK_MIN,2019-09-22T13:00-04:00,MIN,LV,2019,3,False,20.0,6.958706010758615,6.994377062793774,8.687033695477723,2.4016927083333335,6.941174455381735
2019_03_CAR_ARI,2019-09-22T16:05-04:00,ARI,CAR,2019,3,False,-18.0,0.602404089974555,0.48527609788278503,-0.2811290240506379,2.4016927083333335,0.534752831264056
2019_03_NYG_TB,2019-09-22T16:05-04:00,TB,NYG,2019,3,False,-1.0,6.073552089970869,5.956597440389489,4.350042303198492,2.4016927083333335,5.915597574489118
2019_03_HOU_LAC,2019-09-22T16:25-04:00,LAC,HOU,2019,3,False,-7.0,3.0427998605756947,2.290030001401317,3.636851251929605,2.4016927083333335,3.077426004641273
2019_03_NO_SEA,2019-09-22T16:25-04:00,SEA,NO,2019,3,False,-6.0,4.79160543639429,4.1513707492123935,2.179331009637009,2.4016927083333335,4.806541475324048
2019_03_PIT_SF,2019-09-22T16:25-04:00,SF,PIT,2019,3,False,4.0,3.5199803141724004,3.4517778826678556,3.1211576649414683,2.4016927083333335,3.3996014945688557
2019_03_LA_CLE,2019-09-22T20:20-04:00,CLE,LAR,2019,3,False,-7.0,-5.598606701978097,-6.064539753667212,-2.3513747380164842,2.4016927083333335,-5.807121338867638
2019_03_CHI_WAS,2019-09-23T20:15-04:00,WAS,CHI,2019,3,False,-16.0,-1.9941087234340733,-1.8684736444561065,-2.0008193950154105,2.4016927083333335,-1.9930029247462548
2019_04_PHI_GB,2019-09-26T20:20-04:00,GB,PHI,2019,4,False,-7.0,2.9285315047448095,2.7485127462133034,2.880252708201326,2.4016927083333335,2.841470179013134
2019_04_CAR_HOU,2019-09-29T13:00-04:00,HOU,CAR,2019,4,False,-6.0,4.315431185511509,4.84010305083927,3.864309973199368,2.4016927083333335,4.158165182921955
2019_04_CLE_BAL,2019-09-29T13:00-04:00,BAL,CLE,2019,4,False,-15.0,6.932836147137831,7.809469215630338,6.6965266377526715,2.4016927083333335,7.144989820892307
2019_04_KC_DET,2019-09-29T13:00-04:00,DET,KC,2019,4,False,-4.0,-4.808254525363797,-4.862611998973223,-2.3593041913781567,2.4016927083333335,-4.747395355209295
2019_04_LAC_MIA,2019-09-29T13:00-04:00,MIA,LAC,2019,4,False,-20.0,-10.870984694502805,-10.711307617026625,-6.552802660846153,2.4016927083333335,-10.927292689925492
2019_04_NE_BUF,2019-09-29T13:00-04:00,BUF,NE,2019,4,False,-6.0,-6.029201922886769,-5.662872518058014,-4.369412476597489,2.4016927083333335,-6.02914471326378
2019_04_OAK_IND,2019-09-29T13:00-04:00,IND,LV,2019,4,False,-7.0,8.42029376764651,8.953004433523255,8.970226183615477,2.4016927083333335,8.646194951280812
2019_04_TEN_ATL,2019-09-29T13:00-04:00,ATL,TEN,2019,4,False,-14.0,3.140251260776644,2.8205404499336657,2.09169389068095,2.4016927083333335,3.0549503458950595
2019_04_WAS_NYG,2019-09-29T13:00-04:00,NYG,WAS,2019,4,False,21.0,2.46562107229244,2.535832079403566,3.404841275616306,2.4016927083333335,2.527268952166344
2019_04_SEA_ARI,2019-09-29T16:05-04:00,ARI,SEA,2019,4,False,-17.0,-5.369694929122036,-5.313874095660264,-3.507334730483742,2.4016927083333335,-5.331097620631706
2019_04_TB_LA,2019-09-29T16:05-04:00,LAR,TB,2019,4,False,-15.0,8.576554539245702,8.991669304449648,9.034396952388969,2.4016927083333335,8.564448969252394
2019_04_JAX_DEN,2019-09-29T16:25-04:00,DEN,JAX,2019,4,False,-2.0,3.0642463260845583,3.083631997528074,1.0390371458421694,2.4016927083333335,3.0824662343293756
2019_04_MIN_CHI,2019-09-29T16:25-04:00,CHI,MIN,2019,4,False,10.0,3.820373545810325,3.6636885951262417,2.193401228321365,2.4016927083333335,3.80482750332091
2019_04_DAL_NO,2019-09-29T20:20-04:00,NO,DAL,2019,4,False,2.0,-1.069121382424258,-0.9149889440072947,2.02263781761188,2.4016927083333335,-1.132412572655304
2019_04_CIN_PIT,2019-09-30T20:15-04:00,PIT,CIN,2019,4,False,24.0,3.36560692334008,3.4817095407219005,5.180323574805758,2.4016927083333335,3.480466766210453
2019_05_LA_SEA,2019-10-03T20:20-04:00,SEA,LAR,2019,5,False,1.0,2.0244901235800867,1.7582671002913957,1.603515831237976,2.4016927083333335,2.1357540085252413
2019_05_ARI_CIN,2019-10-06T13:00-04:00,CIN,ARI,2019,5,False,-3.0,2.7648871643643487,2.6465994967810267,4.293516995635269,2.4016927083333335,2.6333796626840345
2019_05_ATL_HOU,2019-10-06T13:00-04:00,HOU,ATL,2019,5,False,21.0,3.180158417358426,4.03588236174622,5.095100872455605,2.4016927083333335,3.2731680034640815
2019_05_BAL_PIT,2019-10-06T13:00-04:00,PIT,BAL,2019,5,False,-3.0,0.8472976826396974,0.14976621510426125,2.221215234108298,2.4016927083333335,0.8936898642311952
2019_05_BUF_TEN,2019-10-06T13:00-04:00,TEN,BUF,2019,5,False,-7.0,5.671463559424609,5.684831007005798,4.7323305829208,2.4016927083333335,5.518220294955675
2019_05_CHI_OAK,2019-10-06T13:00-04:00,LV,CHI,2019,5,True,3.0,-6.036926611668473,-6.136798093750347,-6.965107813582165,2.4016927083333335,-6.1747112783570355
2019_05_JAX_CAR,2019-10-06T13:00-04:00,CAR,JAX,2019,5,False,7.0,3.7724751341368266,3.8235555116620334,4.535987700003163,2.4016927083333335,4.153709727710883
2019_05_MIN_NYG,2019-10-06T13:00-04:00,NYG,MIN,2019,5,False,-18.0,-0.813250789266877,-0.8802861669565327,-1.5973221696207522,2.4016927083333335,-0.7181702562530221
2019_05_NE_WAS,2019-10-06T13:00-04:00,WAS,NE,2019,5,False,-26.0,-12.089949688427488,-11.578893008824007,-9.062718033898395,2.4016927083333335,-12.199588531927743
2019_05_NYJ_PHI,2019-10-06T13:00-04:00,PHI,NYJ,2019,5,False,25.0,11.81435276107116,12.060979198165132,9.252747574817196,2.4016927083333335,12.065261437403649
2019_05_TB_NO,2019-10-06T13:00-04:00,NO,TB,2019,5,False,7.0,2.3763374473819416,2.689805590584219,5.6718336939008775,2.4016927083333335,2.351029158175983
2019_05_DEN_LAC,2019-10-06T16:05-04:00,LAC,DEN,2019,5,False,-7.0,7.198937393912077,7.229625665080556,7.627156215823438,2.4016927083333335,7.160141248671381
2019_05_GB_DAL,2019-10-06T16:25-04:00,DAL,GB,2019,5,False,-10.0,3.4621449897887864,3.7032328141488704,5.294774540169562,2.4016927083333335,3.3567735590392727
2019_05_IND_KC,2019-10-06T20:20-04:00,KC,IND,2019,5,False,-6.0,8.06448763768413,7.628785505403353,7.369400933050555,2.4016927083333335,7.864469803606253
2019_05_CLE_SF,2019-10-07T20:15-04:00,SF,CLE,2019,5,False,28.0,2.08013743325652,2.1299421150445768,2.759250155171649,2.4016927083333335,2.1180844584016807
2019_06_NYG_NE,2019-10-10T20:20-04:00,NE,NYG,2019,6,False,21.0,14.040272253002605,13.508716163688108,13.0190999343606,2.4016927083333335,14.037931944858771
2019_06_CAR_TB,2019-10-13T09:30-04:00,TB,CAR,2019,6,True,-11.0,0.3169622299121626,0.1549089647481745,-2.0818244718196746,2.4016927083333335,0.12252323800050435
2019_06_CIN_BAL,2019-10-13T13:00-04:00,BAL,CIN,2019,6,False,6.0,7.97988568902755,8.590345481237684,9.220664721707363,2.4016927083333335,8.017818643551648
2019_06_HOU_KC,2019-10-13T13:00-04:00,KC,HOU,2019,6,False,-7.0,5.238647369942516,4.601718522132872,4.335152477718953,2.4016927083333335,5.173891117676429
2019_06_NO_JAX,2019-10-13T13:00-04:00,JAX,NO,2019,6,False,-7.0,-1.9882656588109584,-2.273391051466537,-1.1948237129987596,2.4016927083333335,-2.1127555124608763
2019_06_PHI_MIN,2019-10-13T13:00-04:00,MIN,PHI,2019,6,False,18.0,-0.47350031437393625,-0.4833338216084717,3.458977814830454,2.4016927083333335,-0.6088568323158605
2019_06_SEA_CLE,2019-10-13T13:00-04:00,CLE,SEA,2019,6,False,-4.0,-4.461421806477963,-4.533451261339359,-0.6069206712091395,2.4016927083333335,-4.576683911739366
2019_06_WAS_MIA,2019-10-13T13:00-04:00,MIA,WAS,2019,6,False,-1.0,-2.959787595617793,-2.7069670729295967,0.444189189550789,2.4016927083333335,-2.912423724565172
2019_06_ATL_ARI,2019-10-13T16:05-04:00,ARI,ATL,2019,6,False,1.0,-2.120502412159043,-1.6785802868795485,-0.24041420917209777,2.4016927083333335,-1.993809405194289
2019_06_SF_LA,2019-10-13T16:05-04:00,LAR,SF,2019,6,False,-13.0,3.6852714863996345,3.850037737183525,3.3346820594852105,2.4016927083333335,3.636320827558472
2019_06_DAL_NYJ,2019-10-13T16:25-04:00,NYJ,DAL,2019,6,False,2.0,-7.567802512910548,-8.044640574272925,-5.979672758333878,2.4016927083333335,-7.597908962954512
2019_06_TEN_DEN,2019-10-13T16:25-04:00,DEN,TEN,2019,6,False,16.0,-0.5248003011272295,-0.5484266294059863,0.41253258618344724,2.4016927083333335,-0.5485801203844454
2019_06_PIT_LAC,2019-10-13T20:20-04:00,LAC,PIT,2019,6,False,-7.0,4.465881944150221,4.3562451442288666,2.8628452955840338,2.4016927083333335,4.356961180925208
2019_06_DET_GB,2019-10-14T20:15-04:00,GB,DET,2019,6,False,1.0,3.0198261829362965,3.0940715334513307,3.8975341260998517,2.4016927083333335,3.03038725852533
2019_07_KC_DEN,2019-10-17T20:20-04:00,DEN,KC,2019,7,False,-24.0,-3.6262493594078484,-3.549709599879015,-1.2492563074896452,2.4016927083333335,-3.5513190821410716
2019_07_ARI_NYG,2019-10-20T13:00-04:00,NYG,ARI,2019,7,False,-6.0,0.6750210855775611,0.667118596122239,4.196609501332343,2.4016927083333335,0.7712699191573267
2019_07_HOU_IND,2019-10-20T13:00-04:00,IND,HOU,2019,7,False,7.0,-0.744616095194151,-0.8402448858603013,0.6210252487970604,2.4016927083333335,-0.4772054325314258
2019_07_JAX_CIN,2019-10-20T13:00-04:00,CIN,JAX,2019,7,False,-10.0,0.936230806736333,0.90896309892317,-0.546502894528019,2.4016927083333335,1.023431945013734
2019_07_LA_ATL,2019-10-20T13:00-04:00,ATL,LAR,2019,7,False,-27.0,-0.2592088818214693,-0.6970355206449298,-2.053484304397827,2.4016927083333335,-0.3402733623814024
2019_07_MIA_BUF,2019-10-20T13:00-04:00,BUF,MIA,2019,7,False,10.0,11.521164368898368,11.600972577684221,11.26306336963273,2.4016927083333335,11.478597074860838
2019_07_MIN_DET,2019-10-20T13:00-04:00,DET,MIN,2019,7,False,-12.0,0.7310717477522191,0.5230205823911263,-1.8654945847653979,2.4016927083333335,0.791008864665434
2019_07_OAK_GB,2019-10-20T13:00-04:00,GB,LV,2019,7,False,18.0,4.879966489563045,4.8383256948127755,6.771520607075978,2.4016927083333335,5.028066581451484
2019_07_SF_WAS,2019-10-20T13:00-04:00,WAS,SF,2019,7,False,-9.0,-6.475826673409103,-6.658401564663887,-7.404075830613111,2.4016927083333335,-6.533168703333712
2019_07_LAC_TEN,2019-10-20T16:05-04:00,TEN,LAC,2019,7,False,3.0,-2.339138129686632,-2.1788715355817794,1.2250379714991917,2.4016927083333335,-2.366052260217004
2019_07_BAL_SEA,2019-10-20T16:25-04:00,SEA,BAL,2019,7,False,-14.0,5.113322676175844,4.5236387289767634,3.0148336946857124,2.4016927083333335,5.18046957221404
2019_07_NO_CHI,2019-10-20T16:25-04:00,CHI,NO,2019,7,False,-11.0,3.335540349733583,3.091075588674585,1.7795966859019043,2.4016927083333335,3.26906339721979
2019_07_PHI_DAL,2019-10-20T20:20-04:00,DAL,PHI,2019,7,False,27.0,0.6736133828124384,0.8598908573140785,2.3569385267519367,2.4016927083333335,0.47309899421284096
2019_07_NE_NYJ,2019-10-21T20:15-04:00,NYJ,NE,2019,7,False,-33.0,-13.686394856814857,-13.323695532887466,-11.535281391655946,2.4016927083333335,-14.11835669009265
2019_08_WAS_MIN,2019-10-24T20:20-04:00,MIN,WAS,2019,8,False,10.0,12.524289903395495,12.690171416176558,14.503978932148694,2.4016927083333335,12.468205724120342
2019_08_ARI_NO,2019-10-27T13:00-04:00,NO,ARI,2019,8,False,22.0,8.400427235139958,8.397225741581135,11.153835324149806,2.4016927083333335,8.571576884199281
2019_08_CIN_LA,2019-10-27T13:00-04:00,LAR,CIN,2019,8,True,14.0,10.068454493558352,10.154485936333838,8.468840430374385,2.4016927083333335,10.060634106151292
2019_08_DEN_IND,2019-10-27T13:00-04:00,IND,DEN,2019,8,False,2.0,6.41857175982982,6.777610260428234,6.213825056565815,2.4016927083333335,6.640992002513062
2019_08_LAC_CHI,2019-10-27T13:00-04:00,CHI,LAC,2019,8,False,-1.0,3.0423675738610063,2.9904409086504047,3.5260724221871906,2.4016927083333335,3.0273332132267443
2019_08_NYG_DET,2019-10-27T13:00-04:00,DET,NYG,2019,8,False,5.0,9.90204872234721,9.597754670294925,6.386031234680242,2.4016927083333335,9.85481616182847
2019_08_NYJ_JAX,2019-10-27T13:00-04:00,JAX,NYJ,2019,8,False,14.0,8.812593441073634,8.944247383600697,9.225960358285633,2.4016927083333335,8.869512543609265
2019_08_PHI_BUF,2019-10-27T13:00-04:00,BUF,PHI,2019,8,False,-18.0,-0.5006908732606425,-0.5327962360466656,2.41182885733225,2.4016927083333335,-0.64250311531422
2019_08_SEA_ATL,2019-10-27T13:00-04:00,ATL,SEA,2019,8,False,-7.0,-6.411536724681406,-6.48075944679671,-2.7699423379693835,2.4016927083333335,-6.619720697499254
2019_08_TB_TEN,2019-10-27T13:00-04:00,TEN,TB,2019,8,False,4.0,0.785014953840744,0.8758961649616821,3.2616468140007466,2.4016927083333335,0.8523299105716127
2019_08_CAR_SF,2019-10-27T16:05-04:00,SF,CAR,2019,8,False,38.0,2.2259499998954584,2.307481659785363,3.9386988839362496,2.4016927083333335,2.173795286392691
2019_08_CLE_NE,2019-10-27T16:25-04:00,NE,CLE,2019,8,False,14.0,15.656480263591234,14.89322948476034,13.428320073199526,2.4016927083333335,15.905325877668155
2019_08_OAK_HOU,2019-10-27T16:25-04:00,HOU,LV,2019,8,False,3.0,8.84498865246634,9.257673141058909,9.072701839365305,2.4016927083333335,8.943090457832458
2019_08_GB_KC,2019-10-27T20:20-04:00,KC,GB,2019,8,False,-7.0,1.0562541549403601,1.3879739797536434,5.230212035752055,2.4016927083333335,0.7903598045727467
2019_08_MIA_PIT,2019-10-28T20:15-04:00,PIT,MIA,2019,8,False,13.0,14.03707795359647,14.075106255988288,12.863298083611095,2.4016927083333335,14.147463520234437
2019_09_SF_ARI,2019-10-31T20:20-04:00,ARI,SF,2019,9,False,-3.0,-4.9668973398898615,-5.132833328912875,-7.891767582424539,2.4016927083333335,-5.146076902149502
2019_09_HOU_JAX,2019-11-03T09:30-05:00,JAX,HOU,2019,9,True,-23.0,-4.319007636800707,-4.884966062004014,-2.5829031913106384,2.4016927083333335,-4.426173629554911
2019_09_CHI_PHI,2019-11-03T13:00-05:00,PHI,CHI,2019,9,False,8.0,2.8608117088753353,3.004056382847648,2.8615635836124573,2.4016927083333335,2.8625418148511614
2019_09_IND_PIT,2019-11-03T13:00-05:00,PIT,IND,2019,9,False,2.0,2.8553722724626045,2.483436797123116,2.7533552954042384,2.4016927083333335,2.933923928613303
2019_09_MIN_KC,2019-11-03T13:00-05:00,KC,MIN,2019,9,False,3.0,-0.7786579841493212,-0.6057246485344681,1.3302020237279866,2.4016927083333335,-0.7628596281109188
2019_09_NYJ_MIA,2019-11-03T13:00-05:00,MIA,NYJ,2019,9,False,8.0,1.912596951302721,2.01625627549939,1.611808640375699,2.4016927083333335,2.2110099841412567
2019_09_TEN_CAR,2019-11-03T13:00-05:00,CAR,TEN,2019,9,False,10.0,2.0041217640446796,2.0803948405921053,3.602527498096033,2.4016927083333335,2.17864248502799
2019_09_WAS_BUF,2019-11-03T13:00-05:00,BUF,WAS,2019,9,False,15.0,8.465774142701335,8.423956467304091,7.177790320821311,2.4016927083333335,8.39151481113993
2019_09_DET_OAK,2019-11-03T16:05-05:00,LV,DET,2019,9,False,7.0,-1.0794567413481524,-0.8925150423970565,-0.33125966766439374,2.4016927083333335,-1.23839618192334
2019_09_TB_SEA,2019-11-03T16:05-05:00,SEA,TB,2019,9,False,6.0,7.3718467091638935,7.303028874070483,5.212123970015182,2.4016927083333335,7.611720252658488
2019_09_CLE_DEN,2019-11-03T16:25-05:00,DEN,CLE,2019,9,False,5.0,1.6196178740312817,1.5148806661473877,2.2383671208849867,2.4016927083333335,1.7721259056138001
2019_09_GB_LAC,2019-11-03T16:25-05:00,LAC,GB,2019,9,False,15.0,-0.31934617465914183,-0.4379493575999845,0.2943324353523633,2.4016927083333335,-0.4102089737403576
2019_09_NE_BAL,2019-11-03T20:20-05:00,BAL,NE,2019,9,False,17.0,-4.914026537302172,-3.7823190259185853,-4.094034664766078,2.4016927083333335,-5.161115485149988
2019_09_DAL_NYG,2019-11-04T20:15-05:00,NYG,DAL,2019,9,False,-19.0,-8.382117550345814,-8.38439730985972,-4.624468767133268,2.4016927083333335,-8.140318600737164
2019_10_LAC_OAK,2019-11-07T20:20-05:00,LV,LAC,2019,10,False,2.0,-2.8000166696636493,-2.730381409970665,-2.2650188083696934,2.4016927083333335,-3.13697805889978
2019_10_ARI_TB,2019-11-10T13:00-05:00,TB,ARI,2019,10,False,3.0,3.860722877757847,3.949065919121357,6.052168137560918,2.4016927083333335,3.689736316074075
2019_10_ATL_NO,2019-11-10T13:00-05:00,NO,ATL,2019,10,False,-17.0,10.219835222652371,10.391719972401049,11.99494563429451,2.4016927083333335,10.445977241349048
2019_10_BAL_CIN,2019-11-10T13:00-05:00,CIN,BAL,2019,10,False,-36.0,-9.761035692488473,-10.357998610635782,-7.637526791185007,2.4016927083333335,-9.609871850574853
2019_10_BUF_CLE,2019-11-10T13:00-05:00,CLE,BUF,2019,10,False,3.0,0.37266380465435356,0.3421020055276238,1.9326849569102458,2.4016927083333335,0.18561832972792347
2019_10_DET_CHI,2019-11-10T13:00-05:00,CHI,DET,2019,10,False,7.0,5.915233208921919,5.7876401423245705,4.392301851136432,2.4016927083333335,5.905181960935803
2019_10_KC_TEN,2019-11-10T13:00-05:00,TEN,KC,2019,10,False,3.0,-5.4855034382994985,-5.267774575727857,-2.499189747839866,2.4016927083333335,-5.6686011510822185
2019_10_NYG_NYJ,2019-11-10T13:00-05:00,NYJ,NYG,2019,10,False,7.0,-1.10362093062127,-1.2478922259680227,-0.4172555600859251,2.4016927083333335,-1.4211248015187166
2019_10_MIA_IND,2019-11-10T16:05-05:00,IND,MIA,2019,10,False,-4.0,10.015002025512736,10.425472225174918,12.207835370848686,2.4016927083333335,9.907746970576062
2019_10_CAR_GB,2019-11-10T16:25-05:00,GB,CAR,2019,10,False,8.0,6.050814428994409,5.949931842565842,3.3132012285000156,2.4016927083333335,6.1424203240432345
2019_10_LA_PIT,2019-11-10T16:25-05:00,PIT,LAR,2019,10,False,5.0,-0.2242665636714508,-0.43856656104665837,0.4359470951281095,2.4016927083333335,-0.1849051545701701
2019_10_MIN_DAL,2019-11-10T20:20-05:00,DAL,MIN,2019,10,False,-4.0,2.6996395873535555,2.7757659216103256,1.4979175886000142,2.4016927083333335,2.4424720291970665
2019_10_SEA_SF,2019-11-11T20:15-05:00,SF,SEA,2019,10,False,-3.0,2.1499083726171877,2.2554858845418293,5.775528932987033,2.4016927083333335,2.1646878839309482
2019_11_PIT_CLE,2019-11-14T20:20-05:00,CLE,PIT,2019,11,False,14.0,-3.250224449102796,-3.1120099619392008,-0.9863498727821356,2.4016927083333335,-3.374012764362785
2019_11_ATL_CAR,2019-11-17T13:00-05:00,CAR,ATL,2019,11,False,-26.0,2.153747230023942,2.3883404728499675,6.295554837035761,2.4016927083333335,2.243613486735958
2019_11_BUF_MIA,2019-11-17T13:00-05:00,MIA,BUF,2019,11,False,-17.0,-3.4219559048473527,-3.464337403218173,-3.3957716008381844,2.4016927083333335,-3.406887654049472
2019_11_DAL_DET,2019-11-17T13:00-05:00,DET,DAL,2019,11,False,-8.0,-5.56005858831389,-5.6343881976623305,-2.3575850772146634,2.4016927083333335,-5.431079759772761
2019_11_DEN_MIN,2019-11-17T13:00-05:00,MIN,DEN,2019,11,False,4.0,9.18549603702636,9.284766166481457,9.265738006828792,2.4016927083333335,9.286213724128169
2019_11_HOU_BAL,2019-11-17T13:00-05:00,BAL,HOU,2019,11,False,34.0,2.695007699064614,2.660835276664775,4.817206198675054,2.4016927083333335,2.7900476221085033
2019_11_JAX_IND,2019-11-17T13:00-05:00,IND,JAX,2019,11,False,20.0,4.930012814619952,5.4669362208205206,4.641104405839768,2.4016927083333335,5.130618213514001
2019_11_NO_TB,2019-11-17T13:00-05:00,TB,NO,2019,11,False,-17.0,-3.518846074203014,-3.32329763583575,-2.590621929601644,2.4016927083333335,-3.8539307802813143
2019_11_NYJ_WAS,2019-11-17T13:00-05:00,WAS,NYJ,2019,11,False,-17.0,2.3609072755781475,2.422767245032135,3.3540292864983536,2.4016927083333335,2.7177132161954267
2019_11_ARI_SF,2019-11-17T16:05-05:00,SF,ARI,2019,11,False,10.0,7.153631070425558,7.241900439916237,11.27092516476976,2.4016927083333335,7.373681645964631
2019_11_CIN_OAK,2019-11-17T16:25-05:00,LV,CIN,2019,11,False,7.0,11.488490491012449,11.539073996306456,7.028244914752001,2.4016927083333335,10.95562489984503
2019_11_NE_PHI,2019-11-17T16:25-05:00,PHI,NE,2019,11,False,-7.0,-4.700804146286839,-4.011587620365476,-3.766991337105056,2.4016927083333335,-4.813726843562137
2019_11_CHI_LA,2019-11-17T20:20-05:00,LAR,CHI,2019,11,False,10.0,3.4853989367562663,3.693365891754539,4.9283919640126275,2.4016927083333335,3.425628706485454
2019_11_KC_LAC,2019-11-18T20:15-05:00,LAC,KC,2019,11,True,-7.0,-3.384126297856752,-3.218727726794366,-2.03109475544845,2.4016927083333335,-3.341688818136706
2019_12_IND_HOU,2019-11-21T20:20-05:00,HOU,IND,2019,12,False,3.0,3.984376535619058,4.189007668153412,3.289881615908853,2.4016927083333335,3.762942318320769
2019_12_CAR_NO,2019-11-24T13:00-05:00,NO,CAR,2019,12,False,3.0,11.67432673483355,11.342850954254791,7.7800941525386245,2.4016927083333335,11.644693818014332
2019_12_DEN_BUF,2019-11-24T13:00-05:00,BUF,DEN,2019,12,False,17.0,4.9077933135722285,4.886586733363208,3.460041141530761,2.4016927083333335,4.991945906465362
2019_12_DET_WAS,2019-11-24T13:00-05:00,WAS,DET,2019,12,False,3.0,-4.660074918444975,-4.59643616417123,-4.094620543075839,2.4016927083333335,-4.475762641808256
2019_12_MIA_CLE,2019-11-24T13:00-05:00,CLE,MIA,2019,12,False,17.0,9.276829066642053,9.18388028063101,10.13284718460769,2.4016927083333335,8.90546693580364
2019_12_NYG_CHI,2019-11-24T13:00-05:00,CHI,NYG,2019,12,False,5.0,9.4941058493845,9.215102300983958,8.970249693476973,2.4016927083333335,9.585586779467485
2019_12_OAK_NYJ,2019-11-24T13:00-05:00,NYJ,LV,2019,12,False,31.0,-3.9289686185005137,-3.8801770868455643,-1.1535956344544536,2.4016927083333335,-3.907736101535611
2019_12_PIT_CIN,2019-11-24T13:00-05:00,CIN,PIT,2019,12,False,-6.0,-8.713043864500609,-8.422833742137307,-5.450670819746669,2.4016927083333335,-8.518187131492857
2019_12_SEA_PHI,2019-11-24T13:00-05:00,PHI,SEA,2019,12,False,-8.0,0.08264014472853054,-0.008854608718601664,2.0874493405858607,2.4016927083333335,0.08864975485443471
2019_12_TB_ATL,2019-11-24T13:00-05:00,ATL,TB,2019,12,False,-13.0,5.591270173492754,5.310298112522648,3.6763796505870125,2.4016927083333335,5.873678548966513
2019_12_JAX_TEN,2019-11-24T16:05-05:00,TEN,JAX,2019,12,False,22.0,3.7628763769514038,4.308626516365924,4.924794140013507,2.4016927083333335,3.75024222005769
2019_12_DAL_NE,2019-11-24T16:25-05:00,NE,DAL,2019,12,False,4.0,5.532820869271306,4.839863657039297,6.948909048770403,2.4016927083333335,5.704589303964127
2019_12_GB_SF,2019-11-24T20:20-05:00,SF,GB,2019,12,False,29.0,0.05298900537384621,0.06834764136065696,4.173810683917337,2.4016927083333335,-0.07212173355413487
2019_12_BAL_LA,2019-11-25T20:15-05:00,LAR,BAL,2019,12,False,-39.0,-2.961906527317181,-3.436357680430367,-1.300945790533118,2.4016927083333335,-2.9541079346273325
2019_13_CHI_DET,2019-11-28T12:30-05:00,DET,CHI,2019,13,False,-4.0,-4.7753551072848825,-4.66692224239781,-0.06059490369572984,2.4016927083333335,-4.9414426315758035
2019_13_BUF_DAL,2019-11-28T16:30-05:00,DAL,BUF,2019,13,False,-11.0,6.09544770830198,6.075363252089378,5.712848848577371,2.4016927083333335,6.0114569009591055
2019_13_NO_ATL,2019-11-28T20:20-05:00,ATL,NO,2019,13,False,-8.0,-3.558999928207334,-3.6376532080744806,-4.467870401928014,2.4016927083333335,-3.382616832758913
2019_13_CLE_PIT,2019-12-01T13:00-05:00,PIT,CLE,2019,13,False,7.0,1.901293980187203,1.8429364924693492,3.2645606192293917,2.4016927083333335,2.148747959695822
2019_13_GB_NYG,2019-12-01T13:00-05:00,NYG,GB,2019,13,False,-18.0,-6.480085236614937,-6.452764721561772,-3.849747785532001,2.4016927083333335,-6.4803565574568305
2019_13_NYJ_CIN,2019-12-01T13:00-05:00,CIN,NYJ,2019,13,False,16.0,-0.7388253193561142,-0.6942460017315616,0.0883877683962524,2.4016927083333335,-0.5727252553534233
2019_13_PHI_MIA,2019-12-01T13:00-05:00,MIA,PHI,2019,13,False,6.0,-6.900373216658177,-6.914222363590461,-6.8990276178588275,2.4016927083333335,-7.037605526835233
2019_13_SF_BAL,2019-12-01T13:00-05:00,BAL,SF,2019,13,False,3.0,8.190748904936534,8.65839540790854,6.139001456960713,2.4016927083333335,8.234141633177053
2019_13_TB_JAX,2019-12-01T13:00-05:00,JAX,TB,2019,13,False,-17.0,-0.3841480526639518,-0.7869462953486676,-0.28242780011488566,2.4016927083333335,-0.46541427061905694
2019_13_TEN_IND,2019-12-01T13:00-05:00,IND,TEN,2019,13,False,-14.0,4.867200489925313,4.931915515415456,3.2612452866444728,2.4016927083333335,5.153687847151566
2019_13_WAS_CAR,2019-12-01T13:00-05:00,CAR,WAS,2019,13,False,-8.0,9.058509870051093,9.138705009277519,9.908343928602152,2.4016927083333335,9.07856109024893
2019_13_LA_ARI,2019-12-01T16:05-05:00,ARI,LAR,2019,13,False,-27.0,-2.3142825653394525,-2.3086154762109143,-4.41834205648189,2.4016927083333335,-2.4908763720865936
2019_13_LAC_DEN,2019-12-01T16:25-05:00,DEN,LAC,2019,13,False,3.0,-4.5490928180194015,-4.693909378726706,-0.7384305918478073,2.4016927083333335,-4.557523043443551
2019_13_OAK_KC,2019-12-01T16:25-05:00,KC,LV,2019,13,False,31.0,11.057217353306973,10.842136717010609,10.531147004510455,2.4016927083333335,11.050027121469137
2019_13_NE_HOU,2019-12-01T20:20-05:00,HOU,NE,2019,13,False,6.0,-2.9308631184128426,-1.9210836085274636,-3.4542894556936368,2.4016927083333335,-2.92688856669761
2019_13_MIN_SEA,2019-12-02T20:15-05:00,SEA,MIN,2019,13,False,7.0,1.5213830394523553,1.3976944774140074,0.3574171922202547,2.4016927083333335,1.4548601718360883
2019_14_DAL_CHI,2019-12-05T20:20-05:00,CHI,DAL,2019,14,False,7.0,0.3304782011096836,0.09986364342516385,0.15230191454092168,2.4016927083333335,0.4512989808748762
2019_14_BAL_BUF,2019-12-08T13:00-05:00,BUF,BAL,2019,14,False,-7.0,-5.972661900225679,-6.394799590517682,-4.115190631291438,2.4016927083333335,-6.000066389048092
2019_14_CAR_ATL,2019-12-08T13:00-05:00,ATL,CAR,2019,14,False,20.0,4.597187728092155,4.147607394093528,1.1734257025195782,2.4016927083333335,4.609704294672147
2019_14_CIN_CLE,2019-12-08T13:00-05:00,CLE,CIN,2019,14,False,8.0,7.655845366158082,7.525614405720971,8.2949807066272,2.4016927083333335,7.313429808757382
2019_14_DEN_HOU,2019-12-08T13:00-05:00,HOU,DEN,2019,14,False,-14.0,9.256553357003789,9.730062197134275,7.18485646942816,2.4016927083333335,9.107704244767827
2019_14_DET_MIN,2019-12-08T13:00-05:00,MIN,DET,2019,14,False,13.0,9.378878762864051,9.514172930968536,9.54196410797142,2.4016927083333335,9.604852002913661
2019_14_IND_TB,2019-12-08T13:00-05:00,TB,IND,2019,14,False,3.0,1.2629651328678242,1.0240646980669261,2.0835188059486507,2.4016927083333335,0.9952266721658657
2019_14_MIA_NYJ,2019-12-08T13:00-05:00,NYJ,MIA,2019,14,False,1.0,3.886815175194214,3.849585445300084,4.145224772255314,2.4016927083333335,3.746926663895338
2019_14_SF_NO,2019-12-08T13:00-05:00,NO,SF,2019,14,False,-2.0,4.131668318748398,3.9148009383747198,1.261039973539221,2.4016927083333335,3.943002361810567
2019_14_WAS_GB,2019-12-08T13:00-05:00,GB,WAS,2019,14,False,5.0,14.22974418422934,14.023581081094608,10.784201032826708,2.4016927083333335,14.260646641322687
2019_14_LAC_JAX,2019-12-08T16:05-05:00,JAX,LAC,2019,14,False,-35.0,-4.730210709607473,-4.745263047159914,-3.949418836989362,2.4016927083333335,-4.996035095963595
2019_14_KC_NE,2019-12-08T16:25-05:00,NE,KC,2019,14,False,-7.0,1.6893078495396967,1.3579773693179205,4.486523667177347,2.4016927083333335,1.6883163553002427
2019_14_PIT_ARI,2019-12-08T16:25-05:00,ARI,PIT,2019,14,False,-6.0,-3.0101576199631688,-2.8795648930214455,-4.855907886259865,2.4016927083333335,-3.075976793343507
2019_14_TEN_OAK,2019-12-08T16:25-05:00,LV,TEN,2019,14,False,-21.0,-0.891986556465695,-1.0453207804731497,-5.059401661502527,2.4016927083333335,-0.9868397601206615
2019_14_SEA_LA,2019-12-08T20:20-05:00,LAR,SEA,2019,14,False,16.0,-0.1459845183880022,-0.08671457733024734,2.94718346098142,2.4016927083333335,-0.21047037982392192
2019_14_NYG_PHI,2019-12-09T20:15-05:00,PHI,NYG,2019,14,False,6.0,8.2496156050818,8.357932802892352,9.084410748555701,2.4016927083333335,8.20329402740911
2019_15_NYJ_BAL,2019-12-12T20:20-05:00,BAL,NYJ,2019,15,False,21.0,15.425282731919712,15.906100519583394,17.67519424816438,2.4016927083333335,15.559972970115902
2019_15_CHI_GB,2019-12-15T13:00-05:00,GB,CHI,2019,15,False,8.0,4.064247790432151,4.166971536341368,2.7934566460674204,2.4016927083333335,4.12126290699685
2019_15_DEN_KC,2019-12-15T13:00-05:00,KC,DEN,2019,15,False,20.0,11.523705170212061,11.453830928460452,9.095968114628706,2.4016927083333335,11.226340397842105
2019_15_HOU_TEN,2019-12-15T13:00-05:00,TEN,HOU,2019,15,False,-3.0,0.674998397365346,0.4260995428813943,4.273421902541625,2.4016927083333335,0.7379844096755146
2019_15_MIA_NYG,2019-12-15T13:00-05:00,NYG,MIA,2019,15,False,16.0,3.1882866628764917,3.0629508273453285,3.3752016748468323,2.4016927083333335,3.22954231279978
2019_15_NE_CIN,2019-12-15T13:00-05:00,CIN,NE,2019,15,False,-21.0,-10.051957407031166,-9.414401792266258,-10.005894792340381,2.4016927083333335,-10.067682182576899
2019_15_PHI_WAS,2019-12-15T13:00-05:00,WAS,PHI,2019,15,False,-10.0,-6.370159098315779,-6.155734100658929,-3.2311802800765266,2.4016927083333335,-6.345620050300253
2019_15_SEA_CAR,2019-12-15T13:00-05:00,CAR,SEA,2019,15,False,-6.0,-6.864558656568894,-6.497595224430687,-2.998554498677928,2.4016927083333335,-6.7796886493156325
2019_15_TB_DET,2019-12-15T13:00-05:00,DET,TB,2019,15,False,-21.0,-0.9928174789843924,-0.958883312534413,-0.17556547038874148,2.4016927083333335,-0.8599694674902161
2019_15_CLE_ARI,2019-12-15T16:05-05:00,ARI,CLE,2019,15,False,14.0,-1.9550525550478088,-1.86657203671734,-3.594714715448352,2.4016927083333335,-1.9752080160727332
2019_15_JAX_OAK,2019-12-15T16:05-05:00,LV,JAX,2019,15,False,-4.0,4.5077432792687855,4.514417725399613,2.779539793611364,2.4016927083333335,4.827280999172902
2019_15_MIN_LAC,2019-12-15T16:05-05:00,LAC,MIN,2019,15,False,-29.0,0.30645512285483,0.3016897072210488,0.20551509595089223,2.4016927083333335,0.14661518742273658
2019_15_ATL_SF,2019-12-15T16:25-05:00,SF,ATL,2019,15,False,-7.0,5.26552243059191,5.505582371923361,10.069234793804,2.4016927083333335,5.128688735071405
2019_15_LA_DAL,2019-12-15T16:25-05:00,DAL,LAR,2019,15,False,23.0,1.4823331927658168,1.46163168660919,0.163712974424568,2.4016927083333335,1.3428016745566413
2019_15_BUF_PIT,2019-12-15T20:20-05:00,PIT,BUF,2019,15,False,-7.0,2.695638107677751,2.563199820066047,1.7894033909920002,2.4016927083333335,2.7931343093268453
2019_15_IND_NO,2019-12-16T20:15-05:00,NO,IND,2019,15,False,27.0,6.39248477171451,6.078508373973747,6.561561807278051,2.4016927083333335,5.977252728744576
2019_16_HOU_TB,2019-12-21T13:00-05:00,TB,HOU,2019,16,False,-3.0,-0.5402179949516733,-1.0672492996418808,1.8566837736139963,2.4016927083333335,-0.7142599853031311
2019_16_BUF_NE,2019-12-21T16:30-05:00,NE,BUF,2019,16,False,7.0,8.04508274168181,7.4245648015851256,7.277110231076801,2.4016927083333335,8.18578512469412
2019_16_LA_SF,2019-12-21T20:15-05:00,SF,LAR,2019,16,False,3.0,3.1919293375781814,3.1719862510677856,3.882793590898207,2.4016927083333335,3.0203471098535117
2019_16_BAL_CLE,2019-12-22T13:00-05:00,CLE,BAL,2019,16,False,-16.0,-9.543761022862448,-9.927337893397523,-8.260279668524554,2.4016927083333335,-9.603412476612322
2019_16_CAR_IND,2019-12-22T13:00-05:00,IND,CAR,2019,16,False,32.0,8.475864991047608,8.410838412335,4.502077223775085,2.4016927083333335,8.507332456970829
2019_16_CIN_MIA,2019-12-22T13:00-05:00,MIA,CIN,2019,16,False,3.0,2.0304063707113,1.8703513096072648,0.9711119457179649,2.4016927083333335,1.9784428587800482
2019_16_JAX_ATL,2019-12-22T13:00-05:00,ATL,JAX,2019,16,False,12.0,10.307781668999848,10.113395010355443,8.629978895575311,2.4016927083333335,10.646395064826603
2019_16_NO_TEN,2019-12-22T13:00-05:00,TEN,NO,2019,16,False,-10.0,-3.248780287704894,-2.947272692077767,-0.5148459786753126,2.4016927083333335,-2.992881315610953
2019_16_NYG_WAS,2019-12-22T13:00-05:00,WAS,NYG,2019,16,False,-6.0,1.2295721405667848,1.3060485619350901,1.4360475028150708,2.4016927083333335,1.1580050451789472
2019_16_PIT_NYJ,2019-12-22T13:00-05:00,NYJ,PIT,2019,16,False,6.0,-2.6219806818883966,-2.587190953558495,-4.506840779621928,2.4016927083333335,-3.0454757333328684
2019_16_DET_DEN,2019-12-22T16:05-05:00,DEN,DET,2019,16,False,10.0,6.347806924914346,6.109916648067033,5.770716193253116,2.4016927083333335,6.337056488999881
2019_16_OAK_LAC,2019-12-22T16:05-05:00,LAC,LV,2019,16,False,-7.0,7.430198641137472,7.429515601149498,10.67834452789885,2.4016927083333335,7.435551565386801
2019_16_ARI_SEA,2019-12-22T16:25-05:00,SEA,ARI,2019,16,False,-14.0,10.398041405373467,10.27050124530345,9.983509072545116,2.4016927083333335,10.480725084891588
2019_16_DAL_PHI,2019-12-22T16:25-05:00,PHI,DAL,2019,16,False,8.0,-0.23189700212207387,-0.27460923867853015,-1.2048158454047107,2.4016927083333335,-0.22248986511819158
2019_16_KC_CHI,2019-12-22T20:20-05:00,CHI,KC,2019,16,False,-23.0,-6.408265928710919,-6.267383213542977,-3.968344125779515,2.4016927083333335,-6.176399033341592
2019_16_GB_MIN,2019-12-23T20:15-05:00,MIN,GB,2019,16,False,-13.0,5.249930095206717,5.289358105607687,6.952286377710399,2.4016927083333335,5.229552048499671
2019_17_ATL_TB,2019-12-29T13:00-05:00,TB,ATL,2019,17,False,-6.0,-0.5986900237510808,-0.5459564775987558,3.60335247370244,2.4016927083333335,-0.622156199734876
2019_17_CHI_MIN,2019-12-29T13:00-05:00,MIN,CHI,2019,17,False,-2.0,4.58762551009098,4.655452985445767,7.957677239105962,2.4016927083333335,4.655850787498551
2019_17_CLE_CIN,2019-12-29T13:00-05:00,CIN,CLE,2019,17,False,10.0,-2.4333354568838352,-2.3291651129788287,-2.3273754667594595,2.4016927083333335,-2.306897187184306
2019_17_GB_DET,2019-12-29T13:00-05:00,DET,GB,2019,17,False,-3.0,-8.731099033807874,-8.656648557704433,-5.422000877899605,2.4016927083333335,-8.909109333186093
2019_17_LAC_KC,2019-12-29T13:00-05:00,KC,LAC,2019,17,False,10.0,12.013113655412688,11.770147308864624,11.489354533119867,2.4016927083333335,11.76546907335111
2019_17_MIA_NE,2019-12-29T13:00-05:00,NE,MIA,2019,17,False,-3.0,15.44536277783783,14.977506304463788,18.010948756369448,2.4016927083333335,15.499240096650489
2019_17_NO_CAR,2019-12-29T13:00-05:00,CAR,NO,2019,17,False,-32.0,-11.489941861996378,-11.141305674753067,-8.775025582652486,2.4016927083333335,-11.122683867289508
2019_17_NYJ_BUF,2019-12-29T13:00-05:00,BUF,NYJ,2019,17,False,-7.0,7.115134755710344,7.00991430982882,10.768618106137843,2.4016927083333335,7.264170453241929
2019_17_ARI_LA,2019-12-29T16:25-05:00,LAR,ARI,2019,17,False,7.0,7.952930104534213,7.868404983472295,9.229716121097534,2.4016927083333335,8.08769222871294
2019_17_IND_JAX,2019-12-29T16:25-05:00,JAX,IND,2019,17,False,18.0,-5.448365181319107,-5.6590980727252465,-4.382094832906151,2.4016927083333335,-6.039995076381878
2019_17_OAK_DEN,2019-12-29T16:25-05:00,DEN,LV,2019,17,False,1.0,4.1036871555424765,3.943824646188048,7.674196579338969,2.4016927083333335,4.1911342778619805
2019_17_PHI_NYG,2019-12-29T16:25-05:00,NYG,PHI,2019,17,False,-17.0,-5.69289592230834,-5.5434552359724485,-3.3152083665743417,2.4016927083333335,-5.609712676514258
2019_17_PIT_BAL,2019-12-29T16:25-05:00,BAL,PIT,2019,17,False,18.0,11.680920870221488,12.176525697619276,12.535566414650097,2.4016927083333335,11.455751186711147
2019_17_TEN_HOU,2019-12-29T16:25-05:00,HOU,TEN,2019,17,False,-21.0,0.3536212630031139,0.3214064900918352,2.89322921746002,2.4016927083333335,0.3586054033308781
2019_17_WAS_DAL,2019-12-29T16:25-05:00,DAL,WAS,2019,17,False,31.0,11.86297231580313,11.88394431896334,12.818661457775535,2.4016927083333335,11.911383473540578
2019_17_SF_SEA,2019-12-29T20:20-05:00,SEA,SF,2019,17,False,-5.0,2.9212397981727527,2.8364044704869844,-0.9965816008158934,2.4016927083333335,2.9819245220354675
2020_01_HOU_KC,2020-09-10T20:20-04:00,KC,HOU,2020,1,False,14.0,8.904400504283819,7.7199876022896134,6.317414355737133,2.0385044642857144,8.914935975203548
2020_01_CHI_DET,2020-09-13T13:00-04:00,DET,CHI,2020,1,False,-4.0,0.2969176447912103,0.3041865783250761,0.25552860653102094,2.0385044642857144,0.1823963381482092
2020_01_CLE_BAL,2020-09-13T13:00-04:00,BAL,CLE,2020,1,False,32.0,10.02291880337365,12.467761109181058,9.127811698577037,2.0385044642857144,10.107566996264215
2020_01_GB_MIN,2020-09-13T13:00-04:00,MIN,GB,2020,1,False,-9.0,1.2018922229573152,0.8768194723102569,2.947133846981681,2.0385044642857144,1.3747226636375864
2020_01_IND_JAX,2020-09-13T13:00-04:00,JAX,IND,2020,1,False,7.0,-3.1613800472378606,-3.199864634673568,0.5589525835469247,2.0385044642857144,-3.5938224211703975
2020_01_LV_CAR,2020-09-13T13:00-04:00,CAR,LV,2020,1,False,-4.0,-2.047047232320338,-1.9690049436689927,2.019108309343359,2.0385044642857144,-1.8616570200110858
2020_01_MIA_NE,2020-09-13T13:00-04:00,NE,MIA,2020,1,False,10.0,8.086275609120651,8.22415883430921,8.755474378184724,2.0385044642857144,8.134146369533086
2020_01_NYJ_BUF,2020-09-13T13:00-04:00,BUF,NYJ,2020,1,False,10.0,3.9924042112327505,4.238911910699755,5.3016626951085835,2.0385044642857144,4.0435386936487685
2020_01_PHI_WAS,2020-09-13T13:00-04:00,WAS,PHI,2020,1,False,10.0,-5.759434698047044,-7.159538763961018,-2.6922638761776456,2.0385044642857144,-5.716529191967788
2020_01_SEA_ATL,2020-09-13T13:00-04:00,ATL,SEA,2020,1,False,-13.0,0.9997543037454164,0.9009520287768833,2.4136004718491004,2.0385044642857144,0.9791975180698376
2020_01_LAC_CIN,2020-09-13T16:05-04:00,CIN,LAC,2020,1,False,-3.0,-2.4706544831142607,-2.9191099301819694,-0.3310223243559043,2.0385044642857144,-2.448199104396511
2020_01_ARI_SF,2020-09-13T16:25-04:00,SF,ARI,2020,1,False,-4.0,5.8621630088564185,4.9447696039362175,6.55655917210875,2.0385044642857144,6.025729432938935
2020_01_TB_NO,2020-09-13T16:25-04:00,NO,TB,2020,1,False,11.0,7.664191270322901,8.845950728046528,6.31823004618489,2.0385044642857144,7.73050818325223
2020_01_DAL_LA,2020-09-13T20:20-04:00,LAR,DAL,2020,1,False,3.0,0.5674245313983755,0.5735812047504658,1.7810143167745003,2.0385044642857144,0.563861421393449
2020_01_PIT_NYG,2020-09-14T19:15-04:00,NYG,PIT,2020,1,False,-10.0,-0.6744027340792437,-0.8850572928106265,-0.18983504392042994,2.0385044642857144,-0.6200578985446361
2020_01_TEN_DEN,2020-09-14T22:10-04:00,DEN,TEN,2020,1,False,-2.0,-1.7821396114950674,-0.7394446947809383,0.14872198648646728,2.0385044642857144,-1.8288850456879224
2020_02_CIN_CLE,2020-09-17T20:20-04:00,CLE,CIN,2020,2,False,5.0,1.4706817813961743,1.4705533557334118,2.689307899046078,2.0385044642857144,1.3120533327022563
2020_02_ATL_DAL,2020-09-20T13:00-04:00,DAL,ATL,2020,2,False,1.0,5.128881139542555,5.209535621029644,5.559598680227625,2.0385044642857144,5.243537895192422
2020_02_BUF_MIA,2020-09-20T13:00-04:00,MIA,BUF,2020,2,False,-3.0,-2.5633316284018717,-2.7210617557746373,-1.9170940704999158,2.0385044642857144,-2.4061187403177753
2020_02_CAR_TB,2020-09-20T13:00-04:00,TB,CAR,2020,2,False,14.0,4.615661144243905,4.468549424460172,5.919583121805971,2.0385044642857144,4.366563164566973
2020_02_DEN_PIT,2020-09-20T13:00-04:00,PIT,DEN,2020,2,False,5.0,3.1681818608093,3.25884061306981,3.7375560434647968,2.0385044642857144,3.2839488056504083
2020_02_DET_GB,2020-09-20T13:00-04:00,GB,DET,2020,2,False,21.0,5.6649758324909145,7.096224533191838,7.494550057120785,2.0385044642857144,5.775830422445262
2020_02_JAX_TEN,2020-09-20T13:00-04:00,TEN,JAX,2020,2,False,3.0,7.615210732064553,6.58525924316896,6.536787647707273,2.0385044642857144,7.871235624463842
2020_02_LA_PHI,2020-09-20T13:00-04:00,PHI,LAR,2020,2,False,-18.0,-1.3151819998427607,-0.052703836838063234,0.8449747228933062,2.0385044642857144,-1.2460602289614047
2020_02_MIN_IND,2020-09-20T13:00-04:00,IND,MIN,2020,2,False,17.0,2.0060234377850117,1.1216959095878192,0.23153261469859965,2.0385044642857144,1.9041274822270828
2020_02_NYG_CHI,2020-09-20T13:00-04:00,CHI,NYG,2020,2,False,4.0,7.841284678743849,7.7001214066648425,6.537146954326731,2.0385044642857144,7.744867344866853
2020_02_SF_NYJ,2020-09-20T13:00-04:00,NYJ,SF,2020,2,False,-18.0,-2.7549606676191942,-2.0002832239775716,-1.6195411455346518,2.0385044642857144,-2.952998276312209
2020_02_WAS_ARI,2020-09-20T16:05-04:00,ARI,WAS,2020,2,False,15.0,6.595786056151929,6.501716315713576,4.946138232057485,2.0385044642857144,6.35914821431124
2020_02_BAL_HOU,2020-09-20T16:25-04:00,HOU,BAL,2020,2,False,-17.0,-5.113061105813821,-6.254347711800669,-4.296556550074808,2.0385044642857144,-5.065641054683088
2020_02_KC_LAC,2020-09-20T16:25-04:00,LAC,KC,2020,2,False,-3.0,-8.23158605147556,-8.307877119394234,-2.2589962742223513,2.0385044642857144,-8.206107473661786
2020_02_NE_SEA,2020-09-20T20:20-04:00,SEA,NE,2020,2,False,5.0,0.9064825512930921,0.7230974578758238,0.987283496685341,2.0385044642857144,0.7826295135945405
2020_02_NO_LV,2020-09-21T20:15-04:00,LV,NO,2020,2,False,10.0,-3.047883032278522,-3.9856489959134827,-4.0563207240049834,2.0385044642857144,-2.8949734169525665
2020_03_MIA_JAX,2020-09-24T20:20-04:00,JAX,MIA,2020,3,False,-18.0,3.6403544582319234,3.6363206024995174,4.088705980743958,2.0385044642857144,3.360515620242307
2020_03_CHI_ATL,2020-09-27T13:00-04:00,ATL,CHI,2020,3,False,-4.0,2.195875739455417,2.1164952408709317,1.8444795326723291,2.0385044642857144,2.062452435270209
2020_03_CIN_PHI,2020-09-27T13:00-04:00,PHI,CIN,2020,3,False,0.0,2.6893570510858833,3.83745949950739,4.441641395911711,2.0385044642857144,2.7588472965560653
2020_03_HOU_PIT,2020-09-27T13:00-04:00,PIT,HOU,2020,3,False,7.0,2.8808513815608956,1.9709808306522534,4.152144751039014,2.0385044642857144,2.8467417298742523
2020_03_LA_BUF,2020-09-27T13:00-04:00,BUF,LAR,2020,3,False,3.0,-1.4912810739255118,-1.3189928642558308,0.5304809422953831,2.0385044642857144,-1.6413174581464536
2020_03_LV_NE,2020-09-27T13:00-04:00,NE,LV,2020,3,False,16.0,5.573831421174408,5.683761553855386,6.455491404765691,2.0385044642857144,5.709382835280197
2020_03_SF_NYG,2020-09-27T13:00-04:00,NYG,SF,2020,3,False,-27.0,-4.094656522555318,-3.2232495674982067,-3.88684376289606,2.0385044642857144,-3.910963171439983
2020_03_TEN_MIN,2020-09-27T13:00-04:00,MIN,TEN,2020,3,False,-1.0,-3.3075415729827378,-1.6252616532454864,0.714194061259682,2.0385044642857144,-3.166893971614917
2020_03_WAS_CLE,2020-09-27T13:00-04:00,CLE,WAS,2020,3,False,14.0,5.104877198876558,4.913663033592459,3.723361141407144,2.0385044642857144,4.913336647942997
2020_03_CAR_LAC,2020-09-27T16:05-04:00,LAC,CAR,2020,3,False,-5.0,6.225050126048703,6.0233326854629645,6.751818973585724,2.0385044642857144,6.380612066588782
2020_03_NYJ_IND,2020-09-27T16:05-04:00,IND,NYJ,2020,3,False,29.0,6.332875944229753,6.478181050196708,6.292607954763406,2.0385044642857144,6.517227193001882
2020_03_DAL_SEA,2020-09-27T16:25-04:00,SEA,DAL,2020,3,False,7.0,2.722300627993261,2.6510670523309656,2.481764557466311,2.0385044642857144,2.698926370505747
2020_03_DET_ARI,2020-09-27T16:25-04:00,ARI,DET,2020,3,False,-3.0,4.396980737278537,4.501963371906421,5.988122182526756,2.0385044642857144,4.282433488468639
2020_03_TB_DEN,2020-09-27T16:25-04:00,DEN,TB,2020,3,False,-18.0,1.2909605279455698,1.3645664487857563,1.237406526679306,2.0385044642857144,1.4569684310250017
2020_03_GB_NO,2020-09-27T20:20-04:00,NO,GB,2020,3,False,-7.0,1.9775042447232931,1.7099459307731832,2.2901490668255287,2.0385044642857144,1.6653944743889428
2020_03_KC_BAL,2020-09-28T20:15-04:00,BAL,KC,2020,3,False,-14.0,1.3903665055642849,3.385299359055045,5.223937327009311,2.0385044642857144,1.460832348114719
2020_04_DEN_NYJ,2020-10-01T20:20-04:00,NYJ,DEN,2020,4,False,-9.0,1.2099683406426207,1.2879010107225586,-0.3857951468603691,2.0385044642857144,1.0209677480622008
2020_04_ARI_CAR,2020-10-04T13:00-04:00,CAR,ARI,2020,4,False,10.0,-1.104632723107563,-1.1924197487210733,-0.11399585306743187,2.0385044642857144,-0.8874139389649163
2020_04_BAL_WAS,2020-10-04T13:00-04:00,WAS,BAL,2020,4,False,-14.0,-11.362672726625442,-12.719204245876655,-8.459581806025792,2.0385044642857144,-11.292145845538908
2020_04_CLE_DAL,2020-10-04T13:00-04:00,DAL,CLE,2020,4,False,-11.0,5.458840420643795,5.487608105481951,6.058680420186349,2.0385044642857144,5.51464902576668
2020_04_JAX_CIN,2020-10-04T13:00-04:00,CIN,JAX,2020,4,False,8.0,3.026493351449052,2.922686430111055,2.8700532601265656,2.0385044642857144,3.2002419831004287
2020_04_LAC_TB,2020-10-04T13:00-04:00,TB,LAC,2020,4,False,7.0,3.9637968015070753,3.9978734933216575,5.20401859246923,2.0385044642857144,3.7235996715460273
2020_04_MIN_HOU,2020-10-04T13:00-04:00,HOU,MIN,2020,4,False,-8.0,1.6364592278119718,1.6925199533197766,1.472548700920186,2.0385044642857144,1.4616077208309781
2020_04_NO_DET,2020-10-04T13:00-04:00,DET,NO,2020,4,False,-6.0,-3.5225378716275784,-4.4484876226860814,-2.939646271676774,2.0385044642857144,-3.267522628896354
2020_04_SEA_MIA,2020-10-04T13:00-04:00,MIA,SEA,2020,4,False,-8.0,-3.692382691934888,-3.4617796683721256,-1.6504760587934886,2.0385044642857144,-3.5644097410599533
2020_04_NYG_LA,2020-10-04T16:05-04:00,LAR,NYG,2020,4,False,8.0,12.253459766651792,12.275835674630866,10.41070456720808,2.0385044642857144,12.134475590623445
2020_04_BUF_LV,2020-10-04T16:25-04:00,LV,BUF,2020,4,False,-7.0,0.36528957980861293,0.19572460160898075,-0.7136560102401166,2.0385044642857144,0.4781505992545986
2020_04_IND_CHI,2020-10-04T16:25-04:00,CHI,IND,2020,4,False,-8.0,-2.5040291961766266,-2.7757642965038714,1.492069132173134,2.0385044642857144,-2.580243296713868
2020_04_PHI_SF,2020-10-04T20:20-04:00,SF,PHI,2020,4,False,-5.0,7.820045211387173,6.034750494227849,8.605819856594202,2.0385044642857144,7.86517232031735
2020_04_NE_KC,2020-10-05T19:05-04:00,KC,NE,2020,4,False,16.0,9.481909065489122,9.099860307005432,5.348418299569086,2.0385044642857144,9.318913670621495
2020_04_ATL_GB,2020-10-05T21:00-04:00,GB,ATL,2020,4,False,14.0,5.913930249747665,7.021703120476681,7.605561752252608,2.0385044642857144,6.105946951023649
2020_05_TB_CHI,2020-10-08T20:20-04:00,CHI,TB,2020,5,False,1.0,-0.9879590162880816,-1.222389451650908,0.4040736972757881,2.0385044642857144,-0.877121153545124
2020_05_ARI_NYJ,2020-10-11T13:00-04:00,NYJ,ARI,2020,5,False,-20.0,-2.376385538463973,-2.5700206811738133,-1.842446407238711,2.0385044642857144,-2.493521281233352
2020_05_CAR_ATL,2020-10-11T13:00-04:00,ATL,CAR,2020,5,False,-7.0,4.142609098521692,4.060820618081639,3.673417252981044,2.0385044642857144,4.082203609627715
2020_05_CIN_BAL,2020-10-11T13:00-04:00,BAL,CIN,2020,5,False,24.0,7.8339348997998455,9.394201421821538,11.699046718777529,2.0385044642857144,7.93984212170633
2020_05_JAX_HOU,2020-10-11T13:00-04:00,HOU,JAX,2020,5,False,16.0,2.8757908970957917,3.4804618360251185,4.238752561058067,2.0385044642857144,3.1406353191791982
2020_05_LA_WAS,2020-10-11T13:00-04:00,WAS,LAR,2020,5,False,-20.0,-8.900231777364386,-8.76607562053547,-5.431124815744456,2.0385044642857144,-8.929242389038086
2020_05_LV_KC,2020-10-11T13:00-04:00,KC,LV,2020,5,False,-8.0,12.645927705072737,12.457836901913927,12.005930420384232,2.0385044642857144,12.672140408979871
2020_05_PHI_PIT,2020-10-11T13:00-04:00,PIT,PHI,2020,5,False,9.0,3.6545924431114365,2.8269144486709674,3.977885810623651,2.0385044642857144,3.711672287052815
2020_05_MIA_SF,2020-10-11T16:05-04:00,SF,MIA,2020,5,False,-26.0,7.159867621783232,6.616429920110949,8.295752090335602,2.0385044642857144,7.082538107674953
2020_05_IND_CLE,2020-10-11T16:25-04:00,CLE,IND,2020,5,False,9.0,-2.070143535120005,-2.0668887080186207,-0.556180653686865,2.0385044642857144,-2.1401614775005084
2020_05_NYG_DAL,2020-10-11T16:25-04:00,DAL,NYG,2020,5,False,3.0,8.832627847521323,8.81271228403659,7.577641789798923,2.0385044642857144,8.501029240789315
2020_05_MIN_SEA,2020-10-11T20:20-04:00,SEA,MIN,2020,5,False,1.0,7.255815233932962,6.4485385997510125,4.735644213854616,2.0385044642857144,7.115834699645031
2020_05_LAC_NO,2020-10-12T20:15-04:00,NO,LAC,2020,5,False,3.0,6.850745784777252,7.688458761277634,6.288917277237648,2.0385044642857144,6.4721411736384535
2020_05_BUF_TEN,2020-10-13T19:00-04:00,TEN,BUF,2020,5,False,26.0,3.5856196998443886,2.652102692300694,2.4873203474048498,2.0385044642857144,3.789012939808714
2020_06_ATL_MIN,2020-10-18T13:00-04:00,MIN,ATL,2020,6,False,-17.0,1.7593483580585596,2.4302443238544824,5.435459619129843,2.0385044642857144,1.9785087361324174
2020_06_BAL_PHI,2020-10-18T13:00-04:00,PHI,BAL,2020,6,False,-2.0,-6.653180743157059,-7.17540276309766,-6.087191108793428,2.0385044642857144,-6.813079368514623
2020_06_CHI_CAR,2020-10-18T13:00-04:00,CAR,CHI,2020,6,False,-7.0,2.208289063841267,2.3965390372680706,0.782524487391629,2.0385044642857144,2.380618773833278
2020_06_CIN_IND,2020-10-18T13:00-04:00,IND,CIN,2020,6,False,4.0,7.7024955259969525,7.691405727237301,7.630230150665756,2.0385044642857144,7.769393874033211
2020_06_CLE_PIT,2020-10-18T13:00-04:00,PIT,CLE,2020,6,False,31.0,2.637062078341237,2.653133929376242,3.680724946165654,2.0385044642857144,2.6164143259107138
2020_06_DEN_NE,2020-10-18T13:00-04:00,NE,DEN,2020,6,False,-6.0,9.083625613597235,9.23951437171376,6.8441621244001105,2.0385044642857144,9.222740766980914
2020_06_DET_JAX,2020-10-18T13:00-04:00,JAX,DET,2020,6,False,-18.0,-1.0535377418554948,-0.9267544324304807,0.9730017595862686,2.0385044642857144,-1.0350761303965825
2020_06_HOU_TEN,2020-10-18T13:00-04:00,TEN,HOU,2020,6,False,6.0,8.484106856495758,7.2360870385862475,6.8987339416574525,2.0385044642857144,8.376564643631374
2020_06_WAS_NYG,2020-10-18T13:00-04:00,NYG,WAS,2020,6,False,1.0,3.970741706448903,3.870584578263768,4.318014706671672,2.0385044642857144,3.9996918066308123
2020_06_NYJ_MIA,2020-10-18T16:05-04:00,MIA,NYJ,2020,6,False,24.0,7.896442761747595,8.09922515293582,8.768303277566854,2.0385044642857144,8.163472920100862
2020_06_GB_TB,2020-10-18T16:25-04:00,TB,GB,2020,6,False,28.0,-2.2585605399889817,-3.08333762358311,-0.21362557849823194,2.0385044642857144,-2.6439483235310086
2020_06_LA_SF,2020-10-18T20:20-04:00,SF,LAR,2020,6,False,8.0,-1.6231362522237007,-2.0490760872798317,0.5438399101648548,2.0385044642857144,-1.7994940187639283
2020_06_KC_BUF,2020-10-19T17:00-04:00,BUF,KC,2020,6,False,-9.0,-5.258747249772867,-4.808647011256758,-2.849322811680133,2.0385044642857144,-5.295251327874426
2020_06_ARI_DAL,2020-10-19T20:15-04:00,DAL,ARI,2020,6,False,-28.0,0.46754800961683074,0.5172439678980226,2.546690146202668,2.0385044642857144,0.554619021976591
2020_07_NYG_PHI,2020-10-22T20:20-04:00,PHI,NYG,2020,7,False,1.0,4.866503221206814,5.468440552047436,6.456066290727556,2.0385044642857144,4.7053073237013825
2020_07_BUF_NYJ,2020-10-25T13:00-04:00,NYJ,BUF,2020,7,False,-8.0,-6.06421733866387,-6.3555811749888225,-5.661813726700606,2.0385044642857144,-6.1580838532507265
2020_07_CAR_NO,2020-10-25T13:00-04:00,NO,CAR,2020,7,False,3.0,7.818600201472183,8.551372547972637,7.421229357028618,2.0385044642857144,7.498892545724312
2020_07_CLE_CIN,2020-10-25T13:00-04:00,CIN,CLE,2020,7,False,-3.0,1.1515059884321346,1.1896484397592135,0.7647906662680106,2.0385044642857144,1.1979176003073289
2020_07_DAL_WAS,2020-10-25T13:00-04:00,WAS,DAL,2020,7,False,22.0,-2.5589364615191816,-2.443328097956501,-1.9601591250003816,2.0385044642857144,-2.42856824937117
2020_07_DET_ATL,2020-10-25T13:00-04:00,ATL,DET,2020,7,False,-1.0,2.5457034023430145,2.465130925869776,3.4639200477231054,2.0385044642857144,2.695240900053953
2020_07_GB_HOU,2020-10-25T13:00-04:00,HOU,GB,2020,7,False,-15.0,-2.01244118549039,-2.195823084777578,-1.7087824809704362,2.0385044642857144,-1.8870443281191924
2020_07_PIT_TEN,2020-10-25T13:00-04:00,TEN,PIT,2020,7,False,-3.0,4.598675067350356,3.9221934884626486,3.0469996987983867,2.0385044642857144,4.595436998467886
2020_07_TB_LV,2020-10-25T16:05-04:00,LV,TB,2020,7,False,-25.0,-1.2756230828598891,-1.2384359003787815,-1.8077559625480086,2.0385044642857144,-1.1394553132281033
2020_07_JAX_LAC,2020-10-25T16:25-04:00,LAC,JAX,2020,7,False,10.0,6.773041453881323,6.654752820117155,7.806424221863135,2.0385044642857144,6.982844301722966
2020_07_KC_DEN,2020-10-25T16:25-04:00,DEN,KC,2020,7,False,-27.0,-10.767260869196628,-10.609692475255365,-4.2883063088278135,2.0385044642857144,-10.620196793647162
2020_07_SF_NE,2020-10-25T16:25-04:00,NE,SF,2020,7,False,-27.0,1.072716492203903,1.4392163108532057,1.7973249847184192,2.0385044642857144,1.314148526796353
2020_07_SEA_ARI,2020-10-25T20:20-04:00,ARI,SEA,2020,7,False,3.0,-0.5910489749662942,-0.39360287419602225,1.4750448346506806,2.0385044642857144,-0.7797007139132606
2020_07_CHI_LA,2020-10-26T20:15-04:00,LAR,CHI,2020,7,False,14.0,7.077162367077985,7.333162897061358,5.251965856275154,2.0385044642857144,7.414697551174978
2020_08_ATL_CAR,2020-10-29T20:20-04:00,CAR,ATL,2020,8,False,-8.0,-0.560735063865043,-0.4983037560754613,1.51029220376812,2.0385044642857144,-0.454371211075146
2020_08_IND_DET,2020-11-01T13:00-05:00,DET,IND,2020,8,False,-20.0,-0.45852019129467103,-0.5368830969528755,-0.17226284634042965,2.0385044642857144,-0.5708382805538761
2020_08_LA_MIA,2020-11-01T13:00-05:00,MIA,LAR,2020,8,False,11.0,-4.472079103230778,-4.5932406885365795,-1.206425480029989,2.0385044642857144,-4.466047633467849
2020_08_LV_CLE,2020-11-01T13:00-05:00,CLE,LV,2020,8,False,-10.0,2.5361174494374694,2.5350332110578178,3.6311575654906996,2.0385044642857144,2.5542468385318733
2020_08_MIN_GB,2020-11-01T13:00-05:00,GB,MIN,2020,8,False,-6.0,7.94042997559951,8.021762207068672,7.42661547818567,2.0385044642857144,7.77305427979115
2020_08_NE_BUF,2020-11-01T13:00-05:00,BUF,NE,2020,8,False,3.0,3.4842080123789847,3.64999872265884,2.274208083657062,2.0385044642857144,3.142648593455073
2020_08_NYJ_KC,2020-11-01T13:00-05:00,KC,NYJ,2020,8,False,26.0,19.246798846473638,19.016785701407517,18.60910208712617,2.0385044642857144,19.391714039289457
2020_08_PIT_BAL,2020-11-01T13:00-05:00,BAL,PIT,2020,8,False,-4.0,5.286061731573395,6.351080065666518,6.595923859193939,2.0385044642857144,5.245539821641635
2020_08_TEN_CIN,2020-11-01T13:00-05:00,CIN,TEN,2020,8,False,11.0,-5.639082945431798,-5.0805536818849175,-3.7917683012562513,2.0385044642857144,-5.561920320567905
2020_08_LAC_DEN,2020-11-01T16:05-05:00,DEN,LAC,2020,8,False,1.0,-4.430852793719498,-4.392102509502724,0.8887032898738392,2.0385044642857144,-4.511404525520094
2020_08_NO_CHI,2020-11-01T16:25-05:00,CHI,NO,2020,8,False,-3.0,-3.9000902304832072,-4.720865066295355,0.13911446968628027,2.0385044642857144,-3.7734613584278796
2020_08_SF_SEA,2020-11-01T16:25-05:00,SEA,SF,2020,8,False,10.0,1.8719231884270284,1.914809562041766,0.8533955994609315,2.0385044642857144,2.0031837704248585
2020_08_DAL_PHI,2020-11-01T20:20-05:00,PHI,DAL,2020,8,False,14.0,4.676645409145976,5.282433387480461,4.407014694593528,2.0385044642857144,4.622438806387588
2020_08_TB_NYG,2020-11-02T20:15-05:00,NYG,TB,2020,8,False,-2.0,-7.80184684742158,-7.6819551001225355,-6.749757675655342,2.0385044642857144,-7.613242335313061
2020_09_GB_SF,2020-11-05T20:20-05:00,SF,GB,2020,9,False,-17.0,0.12992842522334147,-0.7250684442392323,2.601915697552119,2.0385044642857144,0.15475496383252058
2020_09_BAL_IND,2020-11-08T13:00-05:00,IND,BAL,2020,9,False,-14.0,1.2496402086478333,0.28458644263718835,-1.097912912471556,2.0385044642857144,1.536247254729624
2020_09_CAR_KC,2020-11-08T13:00-05:00,KC,CAR,2020,9,False,2.0,14.700328909180799,14.416197374339378,13.403174510409535,2.0385044642857144,14.543338567660943
2020_09_CHI_TEN,2020-11-08T13:00-05:00,TEN,CHI,2020,9,False,7.0,8.982368912081592,8.655122143074472,4.520243514699575,2.0385044642857144,9.05326302412584
2020_09_DEN_ATL,2020-11-08T13:00-05:00,ATL,DEN,2020,9,False,7.0,8.080696082890157,8.034516102035306,4.347353515421451,2.0385044642857144,8.026612815819744
2020_09_DET_MIN,2020-11-08T13:00-05:00,MIN,DET,2020,9,False,14.0,2.714954751207409,3.2587285736993232,5.558662110662109,2.0385044642857144,3.0383535760938964
2020_09_HOU_JAX,2020-11-08T13:00-05:00,JAX,HOU,2020,9,False,-2.0,-5.721926393790838,-6.25814228268625,-1.6609967239256846,2.0385044642857144,-5.888472866177511
2020_09_NYG_WAS,2020-11-08T13:00-05:00,WAS,NYG,2020,9,False,-3.0,1.3152613029065459,1.3882096078676738,1.9142507018503618,2.0385044642857144,1.4233126494774766
2020_09_SEA_BUF,2020-11-08T13:00-05:00,BUF,SEA,2020,9,False,10.0,-2.3150339683448626,-1.9031237340390683,-0.4134234674001602,2.0385044642857144,-2.4908978843981124
2020_09_LV_LAC,2020-11-08T16:05-05:00,LAC,LV,2020,9,False,-5.0,2.1752630171421536,2.061814625311276,3.2595375401353035,2.0385044642857144,2.2451190148418436
2020_09_MIA_ARI,2020-11-08T16:25-05:00,ARI,MIA,2020,9,False,-3.0,5.569884004151957,5.6430935163757265,2.8542886408025128,2.0385044642857144,5.378543171565753
2020_09_PIT_DAL,2020-11-08T16:25-05:00,DAL,PIT,2020,9,False,-5.0,-7.3357609855754635,-7.465540476387449,-5.208576437023601,2.0385044642857144,-7.361329844599618
2020_09_NO_TB,2020-11-08T20:20-05:00,TB,NO,2020,9,False,-35.0,2.2497143555262067,1.7012674760612396,4.62639964032623,2.0385044642857144,2.4732572231576704
2020_09_NE_NYJ,2020-11-09T20:15-05:00,NYJ,NE,2020,9,False,-3.0,-5.800183842877823,-5.955385544271562,-6.738216533778269,2.0385044642857144,-6.044690140549918
2020_10_IND_TEN,2020-11-12T20:20-05:00,TEN,IND,2020,10,False,-17.0,3.0268747378739786,2.5567851716755454,2.480888732063737,2.0385044642857144,2.8388233927829334
2020_10_HOU_CLE,2020-11-15T13:00-05:00,CLE,HOU,2020,10,False,3.0,1.2138372552553973,0.8699852057131663,2.2676377562247363,2.0385044642857144,1.0740142643130528
2020_10_JAX_GB,2020-11-15T13:00-05:00,GB,JAX,2020,10,False,4.0,13.580636750614847,14.048016581987214,13.352034594908613,2.0385044642857144,13.639333891903977
2020_10_PHI_NYG,2020-11-15T13:00-05:00,NYG,PHI,2020,10,False,10.0,-0.6992318360116643,-1.096817014705052,-0.63232961671098,2.0385044642857144,-0.6418353292357302
2020_10_TB_CAR,2020-11-15T13:00-05:00,CAR,TB,2020,10,False,-23.0,-1.4072593005154541,-1.407842137297243,-2.4779120060289195,2.0385044642857144,-1.39202301456628
2020_10_WAS_DET,2020-11-15T13:00-05:00,DET,WAS,2020,10,False,3.0,4.636682427160958,4.491118607816045,3.9469290735108613,2.0385044642857144,4.466195768666871
2020_10_BUF_ARI,2020-11-15T16:05-05:00,ARI,BUF,2020,10,False,2.0,2.9975150296867707,2.8621814827038103,2.711137838697608,2.0385044642857144,3.0524992501878456
2020_10_DEN_LV,2020-11-15T16:05-05:00,LV,DEN,2020,10,False,25.0,7.017689941729626,7.120219665671375,4.153478465325472,2.0385044642857144,7.131721831099511
2020_10_LAC_MIA,2020-11-15T16:05-05:00,MIA,LAC,2020,10,False,8.0,2.456626732716607,2.467734385192644,5.2786953958368095,2.0385044642857144,2.4188510719953804
2020_10_CIN_PIT,2020-11-15T16:25-05:00,PIT,CIN,2020,10,False,26.0,5.456568626133589,5.531918084258644,8.82148699134618,2.0385044642857144,5.500121323899528
2020_10_SEA_LA,2020-11-15T16:25-05:00,LAR,SEA,2020,10,False,7.0,3.2648281991588437,3.3609661710234073,3.3199725566906384,2.0385044642857144,3.291122523867365
2020_10_SF_NO,2020-11-15T16:25-05:00,NO,SF,2020,10,False,14.0,5.7856275893361575,6.677896830675616,4.682125782202386,2.0385044642857144,5.646195132438049
2020_10_BAL_NE,2020-11-15T20:20-05:00,NE,BAL,2020,10,False,6.0,-4.408109673585949,-5.256910644116368,-4.990272217753748,2.0385044642857144,-4.152592168550543
2020_10_MIN_CHI,2020-11-16T20:15-05:00,CHI,MIN,2020,10,False,-6.0,-1.8979147619925434,-2.4224108114068192,1.075686180031379,2.0385044642857144,-2.1056414680247326
2020_11_ARI_SEA,2020-11-19T20:20-05:00,SEA,ARI,2020,11,False,7.0,1.213292048678621,1.1349279704874036,3.4176053882466464,2.0385044642857144,1.406271363101688
2020_11_ATL_NO,2020-11-22T13:00-05:00,NO,ATL,2020,11,False,15.0,1.3952606391490012,1.8396481425641769,7.290390907177737,2.0385044642857144,1.2996672007343268
2020_11_CIN_WAS,2020-11-22T13:00-05:00,WAS,CIN,2020,11,False,11.0,-0.8411496308602606,-0.697032583722222,1.3787079135280265,2.0385044642857144,-0.7800337269335751
2020_11_DET_CAR,2020-11-22T13:00-05:00,CAR,DET,2020,11,False,20.0,-1.2195041111048255,-1.3628788196814139,2.6377907260689892,2.0385044642857144,-1.0928249718900065
2020_11_NE_HOU,2020-11-22T13:00-05:00,HOU,NE,2020,11,False,7.0,1.2051726136262246,1.4854149802035186,-0.29967666542192584,2.0385044642857144,1.222284669208469
2020_11_PHI_CLE,2020-11-22T13:00-05:00,CLE,PHI,2020,11,False,5.0,2.9776810002253606,2.4868637252931167,1.5460441056987904,2.0385044642857144,3.02140480346164
2020_11_PIT_JAX,2020-11-22T13:00-05:00,JAX,PIT,2020,11,False,-24.0,-9.150514243003869,-9.199471052573212,-8.219749350272469,2.0385044642857144,-9.369034655194701
2020_11_TEN_BAL,2020-11-22T13:00-05:00,BAL,TEN,2020,11,False,-6.0,3.689766050757635,4.958678613679019,8.689133482110334,2.0385044642857144,3.5136160414137696
2020_11_MIA_DEN,2020-11-22T16:05-05:00,DEN,MIA,2020,11,False,7.0,-6.612633966807648,-6.6617534589658245,-3.1568786155895285,2.0385044642857144,-6.729342224773485
2020_11_NYJ_LAC,2020-11-22T16:05-05:00,LAC,NYJ,2020,11,False,6.0,9.792856856562562,9.850003539187746,9.874133177774837,2.0385044642857144,9.974152245517145
2020_11_DAL_MIN,2020-11-22T16:25-05:00,MIN,DAL,2020,11,False,-3.0,7.526155951536958,7.778751855364228,7.6775710685655625,2.0385044642857144,7.771820788651214
2020_11_GB_IND,2020-11-22T16:25-05:00,IND,GB,2020,11,False,3.0,1.0207765442766101,0.6911221806103716,1.8998071929113207,2.0385044642857144,1.0630220903612515
2020_11_KC_LV,2020-11-22T20:20-05:00,LV,KC,2020,11,False,-4.0,-5.542049879533849,-5.158854180426406,-4.024508331771093,2.0385044642857144,-5.417641271234874
2020_11_LA_TB,2020-11-23T20:15-05:00,TB,LAR,2020,11,False,-3.0,1.2146787324547939,1.1909441692134453,3.798027630786586,2.0385044642857144,1.1726206135030637
2020_12_HOU_DET,2020-11-26T12:30-05:00,DET,HOU,2020,12,False,-16.0,-1.992599575919187,-2.321385042576748,-0.8000758642465371,2.0385044642857144,-2.1673852534080154
2020_12_WAS_DAL,2020-11-26T16:30-05:00,DAL,WAS,2020,12,False,-25.0,0.992789371068608,0.9839343588161569,3.6330985056541483,2.0385044642857144,0.9187695017136669
2020_12_ARI_NE,2020-11-29T13:00-05:00,NE,ARI,2020,12,False,3.0,-0.29193548544511816,-0.26696368217281463,1.9432218903142155,2.0385044642857144,-0.030954111510694493
2020_12_CAR_MIN,2020-11-29T13:00-05:00,MIN,CAR,2020,12,False,1.0,4.597369270680657,4.831271286078468,5.185784686322228,2.0385044642857144,4.625686240456502
2020_12_CLE_JAX,2020-11-29T13:00-05:00,JAX,CLE,2020,12,False,-2.0,-4.129184019311364,-4.212577363291632,-2.275575036028722,2.0385044642857144,-4.383133951601826
2020_12_LAC_BUF,2020-11-29T13:00-05:00,BUF,LAC,2020,12,False,10.0,2.3890337449630383,2.6036150211311657,5.09169607336901,2.0385044642857144,2.185320386973429
2020_12_LV_ATL,2020-11-29T13:00-05:00,ATL,LV,2020,12,False,37.0,-1.5093197700667078,-1.5926417241911754,1.0117132159382605,2.0385044642857144,-1.5818436967694647
2020_12_MIA_NYJ,2020-11-29T13:00-05:00,NYJ,MIA,2020,12,False,-17.0,-5.895574184730783,-5.939463681677417,-7.008698379733797,2.0385044642857144,-6.05256536178347
2020_12_NYG_CIN,2020-11-29T13:00-05:00,CIN,NYG,2020,12,False,-2.0,-1.0698368559925262,-1.1509668221134366,0.8504032358193738,2.0385044642857144,-1.0750191795043773
2020_12_TEN_IND,2020-11-29T13:00-05:00,IND,TEN,2020,12,False,-19.0,1.7520581058979048,2.3590431364821405,4.4220740271192,2.0385044642857144,1.676310427367163
2020_12_NO_DEN,2020-11-29T16:05-05:00,DEN,NO,2020,12,False,-28.0,-5.693111489904264,-6.165056696702613,-5.852096181078426,2.0385044642857144,-5.561449843849216
2020_12_SF_LA,2020-11-29T16:05-05:00,LAR,SF,2020,12,False,-3.0,6.891821174153188,7.165380726119793,5.219190430385844,2.0385044642857144,6.949488215550037
2020_12_KC_TB,2020-11-29T16:25-05:00,TB,KC,2020,12,False,-3.0,-4.933880402974067,-4.626537143720649,-0.7228002752453468,2.0385044642857144,-4.635797018396978
2020_12_CHI_GB,2020-11-29T20:20-05:00,GB,CHI,2020,12,False,16.0,7.23094779724296,7.59583809815044,7.420739720395064,2.0385044642857144,7.2562257455631585
2020_12_SEA_PHI,2020-11-30T20:15-05:00,PHI,SEA,2020,12,False,-6.0,-3.9249205077843037,-3.3500167496864206,-1.1915423101910703,2.0385044642857144,-3.99089910630119
2020_12_BAL_PIT,2020-12-02T15:40-05:00,PIT,BAL,2020,12,False,5.0,6.174428938117764,5.615085108880997,3.4080276572121555,2.0385044642857144,6.538447768842718
2020_13_CIN_MIA,2020-12-06T13:00-05:00,MIA,CIN,2020,13,False,12.0,8.933610082981208,8.698518950413936,8.915937378944918,2.0385044642857144,9.02890537687443
2020_13_CLE_TEN,2020-12-06T13:00-05:00,TEN,CLE,2020,13,False,-6.0,7.680890662125071,7.315484390627305,7.438088922399089,2.0385044642857144,7.647156330262414
2020_13_DET_CHI,2020-12-06T13:00-05:00,CHI,DET,2020,13,False,-4.0,4.5102683591764,4.41210944201873,6.739607675861098,2.0385044642857144,4.528476777705764
2020_13_IND_HOU,2020-12-06T13:00-05:00,HOU,IND,2020,13,False,-6.0,1.0634368374191707,1.2888347329288545,0.21143645340840234,2.0385044642857144,1.2656457207184926
2020_13_JAX_MIN,2020-12-06T13:00-05:00,MIN,JAX,2020,13,False,3.0,9.36253798961332,9.601890514943731,9.47974096112976,2.0385044642857144,9.59567823073713
2020_13_LV_NYJ,2020-12-06T13:00-05:00,NYJ,LV,2020,13,False,-3.0,-6.636515562183213,-6.586705632625453,-6.018249872041752,2.0385044642857144,-6.553677223163383
2020_13_NO_ATL,2020-12-06T13:00-05:00,ATL,NO,2020,13,False,-5.0,1.1211628970899103,0.7286124851887847,-3.4468322711010764,2.0385044642857144,1.1401759843035912
2020_13_LA_ARI,2020-12-06T16:05-05:00,ARI,LAR,2020,13,False,-10.0,0.7513741421837941,0.8537714655201949,-0.03093280557167999,2.0385044642857144,0.48501385878315784
2020_13_NYG_SEA,2020-12-06T16:05-05:00,SEA,NYG,2020,13,False,-5.0,8.083500705059777,7.907451206113389,7.616829876372029,2.0385044642857144,8.050855072884955
2020_13_NE_LAC,2020-12-06T16:25-05:00,LAC,NE,2020,13,False,-45.0,3.1053816959511282,2.871950643998278,0.18191331658155097,2.0385044642857144,3.00284540716555
2020_13_PHI_GB,2020-12-06T16:25-05:00,GB,PHI,2020,13,False,14.0,10.760586488121014,10.549542339822418,8.842875045391525,2.0385044642857144,10.936102107226125
2020_13_DEN_KC,2020-12-06T20:20-05:00,KC,DEN,2020,13,False,6.0,19.620429963697546,19.305163290762934,14.585172755401118,2.0385044642857144,19.335577254582347
2020_13_WAS_PIT,2020-12-07T17:00-05:00,PIT,WAS,2020,13,False,-6.0,8.589733341676112,8.72983589960282,11.600875847069481,2.0385044642857144,8.676888297687643
2020_13_BUF_SF,2020-12-07T20:15-05:00,SF,BUF,2020,13,True,-10.0,-1.40914517549413,-1.8238491205058802,0.43302735403141956,2.0385044642857144,-1.1611073541365027
2020_13_DAL_BAL,2020-12-08T20:05-05:00,BAL,DAL,2020,13,False,17.0,11.444904233844222,11.993207069514721,12.320953832785001,2.0385044642857144,11.1904226745284
2020_14_NE_LA,2020-12-10T20:20-05:00,LAR,NE,2020,14,False,21.0,5.685215008085642,5.551584786582646,4.67687423838672,2.0385044642857144,5.609740845286592
2020_14_ARI_NYG,2020-12-13T13:00-05:00,NYG,ARI,2020,14,False,-19.0,-1.5359425267007898,-1.3860168911994417,0.9719696689097499,2.0385044642857144,-1.4054677140221554
2020_14_DAL_CIN,2020-12-13T13:00-05:00,CIN,DAL,2020,14,False,-23.0,0.6634665721106141,0.6763384069527969,2.4508432911225704,2.0385044642857144,0.7186872252708594
2020_14_DEN_CAR,2020-12-13T13:00-05:00,CAR,DEN,2020,14,False,-5.0,8.74371076846228,8.734338580686483,4.695734157443154,2.0385044642857144,8.703070476898839
2020_14_HOU_CHI,2020-12-13T13:00-05:00,CHI,HOU,2020,14,False,29.0,-1.8395370514550424,-2.037339796661437,0.8199303495675889,2.0385044642857144,-1.9123685830072477
2020_14_KC_MIA,2020-12-13T13:00-05:00,MIA,KC,2020,14,False,-6.0,-6.3909215679923195,-6.060236289927973,-2.327285657395837,2.0385044642857144,-6.105045635437623
2020_14_MIN_TB,2020-12-13T13:00-05:00,TB,MIN,2020,14,False,12.0,4.352622998795485,4.144847335552536,6.609233996055172,2.0385044642857144,4.381046874838936
2020_14_TEN_JAX,2020-12-13T13:00-05:00,JAX,TEN,2020,14,False,-21.0,-8.644633330116804,-8.351535230099882,-5.678490461758839,2.0385044642857144,-8.780815600917247
2020_14_IND_LV,2020-12-13T16:05-05:00,LV,IND,2020,14,False,-17.0,-1.4655123304723894,-1.4915589168416097,-0.8108756468547469,2.0385044642857144,-1.4680910530369267
2020_14_NYJ_SEA,2020-12-13T16:05-05:00,SEA,NYJ,2020,14,False,37.0,12.111360450474843,11.952381921756,13.112812388623338,2.0385044642857144,12.186024448945822
2020_14_ATL_LAC,2020-12-13T16:25-05:00,LAC,ATL,2020,14,False,3.0,-0.9654144452758445,-0.922030738662732,-1.739237480181341,2.0385044642857144,-0.9639670030276277
2020_14_GB_DET,2020-12-13T16:25-05:00,DET,GB,2020,14,False,-7.0,-8.677191363382482,-8.869180646828443,-7.528550234102955,2.0385044642857144,-8.763530425494855
2020_14_NO_PHI,2020-12-13T16:25-05:00,PHI,NO,2020,14,False,3.0,-5.895256839676426,-5.912202063241239,-6.607434904252184,2.0385044642857144,-5.790774323979023
2020_14_WAS_SF,2020-12-13T16:25-05:00,SF,WAS,2020,14,True,-8.0,-0.19757772313499786,-0.4856698764816836,2.205526091429678,2.0385044642857144,-0.12638013128743508
2020_14_PIT_BUF,2020-12-13T20:20-05:00,BUF,PIT,2020,14,False,11.0,-0.9802438199787581,-0.860064706060227,-0.6232916295060882,2.0385044642857144,-1.2234387179325712
2020_14_BAL_CLE,2020-12-14T20:15-05:00,CLE,BAL,2020,14,False,-5.0,-2.3012700395562757,-2.8062833884663023,-4.147526249844979,2.0385044642857144,-2.204825066431143
2020_15_LAC_LV,2020-12-17T20:20-05:00,LV,LAC,2020,15,False,-3.0,1.350254202653219,1.3772186361774694,3.5480159660078736,2.0385044642857144,1.2603123726450116
2020_15_BUF_DEN,2020-12-19T16:30-05:00,DEN,BUF,2020,15,False,-29.0,-8.317765015313231,-8.35607184728531,-3.6606364177942403,2.0385044642857144,-8.029842030452196
2020_15_CAR_GB,2020-12-19T20:15-05:00,GB,CAR,2020,15,False,8.0,9.318709272352965,9.588369234270145,9.825509325228735,2.0385044642857144,9.328178972490262
2020_15_CHI_MIN,2020-12-20T13:00-05:00,MIN,CHI,2020,15,False,-6.0,2.8887789946400066,2.9836991792870315,2.929542139636102,2.0385044642857144,2.8377971262381636
2020_15_DET_TEN,2020-12-20T13:00-05:00,TEN,DET,2020,15,False,21.0,10.94143225159008,10.580687436716913,10.742698707022807,2.0385044642857144,10.793750209870675
2020_15_HOU_IND,2020-12-20T13:00-05:00,IND,HOU,2020,15,False,7.0,6.69370765409721,6.446045485613114,8.434463341088751,2.0385044642857144,6.549902583075893
2020_15_JAX_BAL,2020-12-20T13:00-05:00,BAL,JAX,2020,15,False,26.0,11.90434561734719,12.387016139845354,15.616689874194305,2.0385044642857144,11.886606055838044
2020_15_NE_MIA,2020-12-20T13:00-05:00,MIA,NE,2020,15,False,10.0,2.9228954222811048,2.9071047653608844,3.695154464228841,2.0385044642857144,2.9384612334863336
2020_15_SEA_WAS,2020-12-20T13:00-05:00,WAS,SEA,2020,15,False,-5.0,-3.1219973667687366,-2.9213488713930573,-1.1265627706249468,2.0385044642857144,-3.0657541678406344
2020_15_SF_DAL,2020-12-20T13:00-05:00,DAL,SF,2020,15,False,8.0,0.09100267281116628,0.42747774281092,-0.9780072799896398,2.0385044642857144,0.019590273763531063
2020_15_TB_ATL,2020-12-20T13:00-05:00,ATL,TB,2020,15,False,-4.0,-0.8203020854697167,-0.9096845808622364,-1.4917664524421044,2.0385044642857144,-0.8559736954063114
2020_15_NYJ_LA,2020-12-20T16:05-05:00,LAR,NYJ,2020,15,False,-3.0,16.544884735962913,16.46847528578851,18.167064641654285,2.0385044642857144,16.67326761171622
2020_15_PHI_ARI,2020-12-20T16:05-05:00,ARI,PHI,2020,15,False,7.0,8.932073983710318,8.726581800297055,5.434398138053487,2.0385044642857144,8.89969477043849
2020_15_KC_NO,2020-12-20T16:25-05:00,NO,KC,2020,15,False,-3.0,-1.4211109544929448,-0.6630411042305113,1.5312877684855861,2.0385044642857144,-1.4049991761616212
2020_15_CLE_NYG,2020-12-20T20:20-05:00,NYG,CLE,2020,15,False,-14.0,-4.184545367720529,-4.114941249840982,0.3963207760542593,2.0385044642857144,-3.966910050475313
2020_15_PIT_CIN,2020-12-21T20:15-05:00,CIN,PIT,2020,15,False,10.0,-11.329042171913013,-11.061099640746349,-8.17604995209072,2.0385044642857144,-11.343914843664232
2020_16_MIN_NO,2020-12-25T16:30-05:00,NO,MIN,2020,16,False,19.0,6.617676924467382,6.750181915704879,9.570644145671682,2.0385044642857144,6.344285004947821
2020_16_TB_DET,2020-12-26T13:00-05:00,DET,TB,2020,16,False,-40.0,-6.197328056715143,-6.078227117003209,-7.89383140624734,2.0385044642857144,-6.2839382965995325
2020_16_SF_ARI,2020-12-26T16:30-05:00,ARI,SF,2020,16,False,-8.0,5.808006227591518,6.079153794446226,4.544258939897189,2.0385044642857144,5.665668826538922
2020_16_MIA_LV,2020-12-26T20:15-05:00,LV,MIA,2020,16,False,-1.0,-1.250787797861842,-1.2957446954352714,-2.349512551138247,2.0385044642857144,-1.424071355239696
2020_16_ATL_KC,2020-12-27T13:00-05:00,KC,ATL,2020,16,False,3.0,9.597542821370046,9.313518502931286,9.811368953848277,2.0385044642857144,9.376399111181685
2020_16_CHI_JAX,2020-12-27T13:00-05:00,JAX,CHI,2020,16,False,-24.0,-6.180958916112911,-6.289579755360354,-5.271507362304553,2.0385044642857144,-6.443812421131343
2020_16_CIN_HOU,2020-12-27T13:00-05:00,HOU,CIN,2020,16,False,-6.0,7.3340581328630945,7.5151427346347255,5.266707220815684,2.0385044642857144,7.342799211456195
2020_16_CLE_NYJ,2020-12-27T13:00-05:00,NYJ,CLE,2020,16,False,7.0,-7.738274974729823,-7.748553520673665,-6.574012550688693,2.0385044642857144,-7.672090651034424
2020_16_IND_PIT,2020-12-27T13:00-05:00,PIT,IND,2020,16,False,4.0,-0.19990624793182232,-0.3196430930409533,1.963641398535989,2.0385044642857144,-0.048176159499823124
2020_16_NYG_BAL,2020-12-27T13:00-05:00,BAL,NYG,2020,16,False,14.0,12.359493675452773,13.026322179640381,13.23754885395347,2.0385044642857144,12.066182952527134
2020_16_CAR_WAS,2020-12-27T16:05-05:00,WAS,CAR,2020,16,False,-7.0,1.8958880997011618,2.0103713579682605,4.048056136513573,2.0385044642857144,1.974012850368803
2020_16_DEN_LAC,2020-12-27T16:05-05:00,LAC,DEN,2020,16,False,3.0,9.649756009866067,9.581134269435482,4.52501484012946,2.0385044642857144,9.615890355345543
2020_16_LA_SEA,2020-12-27T16:25-05:00,SEA,LAR,2020,16,False,11.0,2.5512145957561767,2.539198782446572,2.23625553917218,2.0385044642857144,2.5195729484651204
2020_16_PHI_DAL,2020-12-27T16:25-05:00,DAL,PHI,2020,16,False,20.0,2.275964505164992,2.144989238609193,1.4936732894570801,2.0385044642857144,2.286339576504737
2020_16_TEN_GB,2020-12-27T20:20-05:00,GB,TEN,2020,16,False,26.0,1.0785132770494412,1.519120770008689,3.300358195599262,2.0385044642857144,1.1470440119800274
2020_16_BUF_NE,2020-12-28T20:15-05:00,NE,BUF,2020,16,False,-29.0,-4.138184480531553,-4.2340375733812,-1.861176750014356,2.0385044642857144,-3.839007397661161
2020_17_ATL_TB,2021-01-03T13:00-05:00,TB,ATL,2020,17,False,17.0,5.530244815500526,5.633194740790488,7.857148813037168,2.0385044642857144,5.5944746460162005
2020_17_BAL_CIN,2021-01-03T13:00-05:00,CIN,BAL,2020,17,False,-35.0,-8.890816448728586,-9.483537588449295,-8.263628305427243,2.0385044642857144,-8.595226801885918
2020_17_DAL_NYG,2021-01-03T13:00-05:00,NYG,DAL,2020,17,False,4.0,-0.8298199669847108,-0.7437132254367419,-0.4905631906325967,2.0385044642857144,-0.637949710979431
2020_17_MIA_BUF,2021-01-03T13:00-05:00,BUF,MIA,2020,17,False,30.0,6.705627287148956,6.739647721606943,6.321508896755209,2.0385044642857144,6.585928966744446
2020_17_MIN_DET,2021-01-03T13:00-05:00,DET,MIN,2020,17,False,-2.0,-4.596283809921751,-4.539617935118718,-2.9109476439862716,2.0385044642857144,-4.814602230031424
2020_17_NYJ_NE,2021-01-03T13:00-05:00,NE,NYJ,2020,17,False,14.0,5.722874488239202,5.570404771806168,9.050807182541085,2.0385044642857144,5.958383109547965
2020_17_PIT_CLE,2021-01-03T13:00-05:00,CLE,PIT,2020,17,False,2.0,1.4549199071592671,1.4846779590849015,-1.543394298253224,2.0385044642857144,1.2267582688798337
2020_17_ARI_LA,2021-01-03T16:25-05:00,LAR,ARI,2020,17,False,11.0,4.3077560819340555,4.223645610453223,4.9187480379729065,2.0385044642857144,4.375223017443989
2020_17_GB_CHI,2021-01-03T16:25-05:00,CHI,GB,2020,17,False,-19.0,-4.383677139694635,-4.517688433441688,-2.64897663437128,2.0385044642857144,-4.432367282074907
2020_17_JAX_IND,2021-01-03T16:25-05:00,IND,JAX,2020,17,False,14.0,14.830084365677616,14.838311458496559,15.36064999548871,2.0385044642857144,15.04248106621713
2020_17_LAC_KC,2021-01-03T16:25-05:00,KC,LAC,2020,17,False,-17.0,4.6690156053873695,4.674670313215072,12.264025539956073,2.0385044642857144,4.418966735172702
2020_17_LV_DEN,2021-01-03T16:25-05:00,DEN,LV,2020,17,False,-1.0,-3.9922470979553486,-3.917674242949717,0.4223342604381881,2.0385044642857144,-3.8401249712386325
2020_17_NO_CAR,2021-01-03T16:25-05:00,CAR,NO,2020,17,False,-26.0,-4.740131448853104,-4.980440630924572,-5.537421787444462,2.0385044642857144,-4.582107237918022
2020_17_SEA_SF,2021-01-03T16:25-05:00,SF,SEA,2020,17,True,-3.0,-6.511899163657953,-6.632786821521735,-3.6321853451818704,2.0385044642857144,-6.4489712991053
2020_17_TEN_HOU,2021-01-03T16:25-05:00,HOU,TEN,2020,17,False,-3.0,-4.225110543252888,-3.8955638083049187,-2.9803196876189926,2.0385044642857144,-4.116053098760761
2020_17_WAS_PHI,2021-01-03T20:20-05:00,PHI,WAS,2020,17,False,-6.0,-1.2973785009920893,-1.0065551773233552,1.107504653418657,2.0385044642857144,-1.5225366272650003
2021_01_DAL_TB,2021-09-09T20:20-04:00,TB,DAL,2021,1,False,2.0,7.45488955231583,5.99961749464355,6.644894719355273,1.79052734375,7.72075967069976
2021_01_ARI_TEN,2021-09-12T13:00-04:00,TEN,ARI,2021,1,False,-25.0,3.5017755265823203,3.936800396960414,3.6327722857940827,1.79052734375,3.573183028145766
2021_01_JAX_HOU,2021-09-12T13:00-04:00,HOU,JAX,2021,1,False,16.0,4.019033761102821,4.209160804772379,5.672777618010834,1.79052734375,4.424033754151409
2021_01_LAC_WAS,2021-09-12T13:00-04:00,WAS,LAC,2021,1,False,-4.0,1.041244423852245,1.7092110194678596,2.61008164069027,1.79052734375,0.9814881022120915
2021_01_MIN_CIN,2021-09-12T13:00-04:00,CIN,MIN,2021,1,False,3.0,-0.08504335818541264,-0.28292169578156035,0.6908232524848799,1.79052734375,-0.06719851080194017
2021_01_NYJ_CAR,2021-09-12T13:00-04:00,CAR,NYJ,2021,1,False,5.0,3.12125410546259,3.1850830891828785,5.164714209763986,1.79052734375,3.2214993041914184
2021_01_PHI_ATL,2021-09-12T13:00-04:00,ATL,PHI,2021,1,False,-26.0,6.035825665323566,5.8613766196784916,4.263552926688213,1.79052734375,6.208856053262453
2021_01_PIT_BUF,2021-09-12T13:00-04:00,BUF,PIT,2021,1,False,-7.0,4.8100202308996725,4.66781626219854,4.79821676929291,1.79052734375,4.771771555098649
2021_01_SEA_IND,2021-09-12T13:00-04:00,IND,SEA,2021,1,False,-12.0,1.0133267774815162,-0.19375775931843742,2.1075124273615535,1.79052734375,1.0458786416750565
2021_01_SF_DET,2021-09-12T13:00-04:00,DET,SF,2021,1,False,-8.0,-3.1697527147067914,-3.3645959499629177,-1.3948959893194433,1.79052734375,-3.396167699260438
2021_01_CLE_KC,2021-09-12T16:25-04:00,KC,CLE,2021,1,False,4.0,4.592927498707307,5.658717022135221,5.561173270691322,1.79052734375,4.336229370289757
2021_01_DEN_NYG,2021-09-12T16:25-04:00,NYG,DEN,2021,1,False,-14.0,1.6783156978027511,1.7912569462520431,2.9066970570695347,1.79052734375,1.6584081742593657
2021_01_GB_NO,2021-09-12T16:25-04:00,NO,GB,2021,1,True,35.0,-2.993227406547188,-3.4659070566159684,0.29400815940820024,1.79052734375,-3.1953716449058125
2021_01_MIA_NE,2021-09-12T16:25-04:00,NE,MIA,2021,1,False,-1.0,-1.4550021502537072,-1.5136342920386405,1.6657608040251364,1.79052734375,-1.3560862550204384
2021_01_CHI_LA,2021-09-12T20:20-04:00,LAR,CHI,2021,1,False,20.0,4.856490705709627,5.722701053699538,4.320906237655777,1.79052734375,4.846009350998006
2021_01_BAL_LV,2021-09-13T20:15-04:00,LV,BAL,2021,1,False,6.0,-3.9424813902974476,-5.832230381711419,-2.7687512610372673,1.79052734375,-3.981111488357057
2021_02_NYG_WAS,2021-09-16T20:20-04:00,WAS,NYG,2021,2,False,1.0,4.103536479845162,4.378739556778596,4.677099581670633,1.79052734375,4.095295979156679
2021_02_BUF_MIA,2021-09-19T13:00-04:00,MIA,BUF,2021,2,False,-35.0,-1.8956312281393581,-2.530220699217672,0.17404386962124896,1.79052734375,-1.819384851648868
2021_02_CIN_CHI,2021-09-19T13:00-04:00,CHI,CIN,2021,2,False,3.0,2.3210178970968363,2.5418471480827356,3.8919175288196253,1.79052734375,2.255399589408855
2021_02_DEN_JAX,2021-09-19T13:00-04:00,JAX,DEN,2021,2,False,-10.0,-3.9840495793646964,-4.049806929737831,-1.8952639711704435,1.79052734375,-4.412913896593544
2021_02_HOU_CLE,2021-09-19T13:00-04:00,CLE,HOU,2021,2,False,10.0,5.479453120183869,4.432523928608029,3.0447970529910364,1.79052734375,5.4984534631442
2021_02_LA_IND,2021-09-19T13:00-04:00,IND,LAR,2021,2,False,-3.0,-2.7256712186461964,-3.5362623363485546,0.14717166826146055,1.79052734375,-2.7004102600274047
2021_02_LV_PIT,2021-09-19T13:00-04:00,PIT,LV,2021,2,False,-9.0,4.462544353001577,5.374215838973168,5.359952891671191,1.79052734375,4.8161644531987715
2021_02_NE_NYJ,2021-09-19T13:00-04:00,NYJ,NE,2021,2,False,-19.0,-1.3780825460746016,-1.3764996119132098,-0.9343074265457765,1.79052734375,-1.4752213747692604
2021_02_NO_CAR,2021-09-19T13:00-04:00,CAR,NO,2021,2,False,19.0,-7.895039488563106,-8.034612025299985,-4.531064459454529,1.79052734375,-7.801807926934322
2021_02_SF_PHI,2021-09-19T13:00-04:00,PHI,SF,2021,2,False,-6.0,-0.2702484529537743,-0.14148953026712663,1.4874921236357976,1.79052734375,-0.4887312671201647
2021_02_ATL_TB,2021-09-19T16:05-04:00,TB,ATL,2021,2,False,23.0,7.003599552229794,5.634435240880448,7.015921141589151,1.79052734375,7.133996196479047
2021_02_MIN_ARI,2021-09-19T16:05-04:00,ARI,MIN,2021,2,False,1.0,3.905753414899248,3.7789597444002756,5.260487647124881,1.79052734375,3.930599658518805
2021_02_DAL_LAC,2021-09-19T16:25-04:00,LAC,DAL,2021,2,False,-3.0,2.2568351247808973,2.239199834373613,2.783671447833189,1.79052734375,2.3515505773336125
2021_02_TEN_SEA,2021-09-19T16:25-04:00,SEA,TEN,2021,2,False,-3.0,4.998551438303926,5.650762565934913,5.8644137675243595,1.79052734375,5.02954763381634
2021_02_KC_BAL,2021-09-19T20:20-04:00,BAL,KC,2021,2,False,1.0,-0.957889799197633,0.5690610947979255,3.2902092392756024,1.79052734375,-0.9662623970238704
2021_02_DET_GB,2021-09-20T20:15-04:00,GB,DET,2021,2,False,18.0,11.364806417009962,12.012900327058185,8.865211688646957,1.79052734375,11.624153090289472
2021_03_CAR_HOU,2021-09-23T20:20-04:00,HOU,CAR,2021,3,False,-15.0,-1.436041664756067,-1.4481052566266268,1.2357174281353522,1.79052734375,-1.4730584883632905
2021_03_ARI_JAX,2021-09-26T13:00-04:00,JAX,ARI,2021,3,False,-12.0,-7.483714110679706,-7.443903308826478,-4.844501506731861,1.79052734375,-7.815005006795708
2021_03_ATL_NYG,2021-09-26T13:00-04:00,NYG,ATL,2021,3,False,-3.0,0.3809772964308795,0.6046927713949253,2.267490273892566,1.79052734375,0.453395306423676
2021_03_BAL_DET,2021-09-26T13:00-04:00,DET,BAL,2021,3,False,-2.0,-4.048646232217179,-5.542147628485639,-5.560860040521721,1.79052734375,-4.047818904918616
2021_03_CHI_CLE,2021-09-26T13:00-04:00,CLE,CHI,2021,3,False,20.0,5.87011017887022,4.931504025922241,4.130379539576486,1.79052734375,5.829154319036496
2021_03_CIN_PIT,2021-09-26T13:00-04:00,PIT,CIN,2021,3,False,-14.0,4.561200633220039,5.2790773249105385,6.313593590324896,1.79052734375,4.626015825622073
2021_03_IND_TEN,2021-09-26T13:00-04:00,TEN,IND,2021,3,False,9.0,1.5975595940487741,2.098140431465854,2.5450695769022564,1.79052734375,1.4541629540126049
2021_03_LAC_KC,2021-09-26T13:00-04:00,KC,LAC,2021,3,False,-6.0,5.69936080736931,5.765403856057386,5.874709703157576,1.79052734375,5.651998919267955
2021_03_NO_NE,2021-09-26T13:00-04:00,NE,NO,2021,3,False,-15.0,-2.187565425898955,-2.4445843182832467,-0.8818371681990742,1.79052734375,-1.9338630929402087
2021_03_WAS_BUF,2021-09-26T13:00-04:00,BUF,WAS,2021,3,False,22.0,7.592295388554158,7.863135830310797,8.151589538627075,1.79052734375,7.61932502967696
2021_03_MIA_LV,2021-09-26T16:05-04:00,LV,MIA,2021,3,False,3.0,4.059432303381156,3.9099094154018275,4.014515451683926,1.79052734375,3.97052280307759
2021_03_NYJ_DEN,2021-09-26T16:05-04:00,DEN,NYJ,2021,3,False,26.0,8.595290937156008,8.577927414673415,7.533549868492932,1.79052734375,8.64736652362925
2021_03_SEA_MIN,2021-09-26T16:25-04:00,MIN,SEA,2021,3,False,13.0,-1.0847194066264865,-1.811740023472135,-0.7733060943446297,1.79052734375,-0.9717913557072511
2021_03_TB_LA,2021-09-26T16:25-04:00,LAR,TB,2021,3,False,10.0,1.25187960994362,3.1663797549791157,1.4458390667748642,1.79052734375,1.414714253547951
2021_03_GB_SF,2021-09-26T20:20-04:00,SF,GB,2021,3,False,-2.0,-2.2258851750418986,-2.5911376665314636,0.896902688195776,1.79052734375,-2.3522051910229553
2021_03_PHI_DAL,2021-09-27T20:15-04:00,DAL,PHI,2021,3,False,20.0,3.3099825809561505,3.233835378956943,3.3266508246855553,1.79052734375,3.354285944202784
2021_04_JAX_CIN,2021-09-30T20:20-04:00,CIN,JAX,2021,4,False,3.0,9.837371721620514,9.82842332425452,8.044306399410075,1.79052734375,10.129988615346731
2021_04_CAR_DAL,2021-10-03T13:00-04:00,DAL,CAR,2021,4,False,8.0,2.5618665743672584,2.5791140036128297,2.5429096224079992,1.79052734375,2.43985516245219
2021_04_CLE_MIN,2021-10-03T13:00-04:00,MIN,CLE,2021,4,False,-7.0,-0.6397448918718927,0.17133394110368294,1.1697099777316624,1.79052734375,-0.5050267401970041
2021_04_DET_CHI,2021-10-03T13:00-04:00,CHI,DET,2021,4,False,10.0,2.683665135162965,3.0949849457590117,4.54939385798246,1.79052734375,2.7963305700597894
2021_04_HOU_BUF,2021-10-03T13:00-04:00,BUF,HOU,2021,4,False,40.0,13.104145356832461,13.738135891482383,10.374951958781542,1.79052734375,13.164014624672474
2021_04_IND_MIA,2021-10-03T13:00-04:00,MIA,IND,2021,4,False,-10.0,-1.221735813472078,-1.046214530621759,1.7443988120216682,1.79052734375,-1.35440966712605
2021_04_KC_PHI,2021-10-03T13:00-04:00,PHI,KC,2021,4,False,-12.0,-5.0003458860004,-5.052365888339966,-1.477379218913108,1.79052734375,-5.0459017962440935
2021_04_NYG_NO,2021-10-03T13:00-04:00,NO,NYG,2021,4,False,-6.0,9.454994956122317,9.561909517188177,10.90775283022488,1.79052734375,9.37879413601623
2021_04_TEN_NYJ,2021-10-03T13:00-04:00,NYJ,TEN,2021,4,False,3.0,-8.8196425087265,-9.126281826560557,-5.253320433218051,1.79052734375,-8.97025734461188
2021_04_WAS_ATL,2021-10-03T13:00-04:00,ATL,WAS,2021,4,False,-4.0,2.790183696056244,2.3206177419066516,2.540667636832308,1.79052734375,2.7707445887680704
2021_04_ARI_LA,2021-10-03T16:05-04:00,LAR,ARI,2021,4,False,-17.0,4.2171510079337935,4.684667897179663,4.501874079965052,1.79052734375,4.431340555382029
2021_04_SEA_SF,2021-10-03T16:05-04:00,SF,SEA,2021,4,False,-7.0,0.5381952318667489,-0.10498216229740498,2.210763794344806,1.79052734375,0.4779280342650911
2021_04_BAL_DEN,2021-10-03T16:25-04:00,DEN,BAL,2021,4,False,-16.0,2.9892214810913886,1.9675324955803737,0.4430685815170192,1.79052734375,3.0965722991147135
2021_04_PIT_GB,2021-10-03T16:25-04:00,GB,PIT,2021,4,False,10.0,8.525733274014456,8.133802956302576,5.89055405058303,1.79052734375,8.475722364261491
2021_04_TB_NE,2021-10-03T20:20-04:00,NE,TB,2021,4,False,-2.0,-5.061707413126954,-3.9375713268698362,-1.491351159752603,1.79052734375,-4.925662253518801
2021_04_LV_LAC,2021-10-04T20:15-04:00,LAC,LV,2021,4,False,14.0,3.7450511363574046,3.816531429550291,2.349980742131942,1.79052734375,3.8770333315207495
2021_05_LA_SEA,2021-10-07T20:20-04:00,SEA,LAR,2021,5,False,-9.0,-0.02909785779336982,0.3075292373864227,2.2711644548283316,1.79052734375,-0.19112824870006095
2021_05_NYJ_ATL,2021-10-10T09:30-04:00,ATL,NYJ,2021,5,True,7.0,6.64962834059696,6.556838766462452,3.475175784723745,1.79052734375,6.8084706036946425
2021_05_DEN_PIT,2021-10-10T13:00-04:00,PIT,DEN,2021,5,False,8.0,3.3785673513482917,3.7278617580086406,2.250301164789458,1.79052734375,3.4190856221503836
2021_05_DET_MIN,2021-10-10T13:00-04:00,MIN,DET,2021,5,False,2.0,8.14040318079255,8.361504623163784,7.025993656675577,1.79052734375,8.215786349606846
2021_05_GB_CIN,2021-10-10T13:00-04:00,CIN,GB,2021,5,False,-3.0,-5.236333614378061,-5.4318750343565,-2.3906790670699545,1.79052734375,-5.265379207438132
2021_05_MIA_TB,2021-10-10T13:00-04:00,TB,MIA,2021,5,False,28.0,9.986043279919116,8.821126609084653,7.896202488841851,1.79052734375,9.963765916577241
2021_05_NE_HOU,2021-10-10T13:00-04:00,HOU,NE,2021,5,False,-3.0,-5.301617329676602,-5.08438201065823,-1.03417779482663,1.79052734375,-5.446573939010604
2021_05_NO_WAS,2021-10-10T13:00-04:00,WAS,NO,2021,5,False,-11.0,-4.005996590077423,-3.9614435810882376,-3.1671556648365797,1.79052734375,-3.9730546718633186
2021_05_PHI_CAR,2021-10-10T13:00-04:00,CAR,PHI,2021,5,False,-3.0,2.967897674060004,2.9790090081787053,6.16465835883684,1.79052734375,3.1447421547495895
2021_05_TEN_JAX,2021-10-10T13:00-04:00,JAX,TEN,2021,5,False,-18.0,-6.909925085678495,-7.23303433455216,-3.9851015549049684,1.79052734375,-6.958204446504446
2021_05_CHI_LV,2021-10-10T16:05-04:00,LV,CHI,2021,5,False,-11.0,3.9922225195403724,3.739454040837935,4.181089703571751,1.79052734375,3.8016188799331037
2021_05_CLE_LAC,2021-10-10T16:05-04:00,LAC,CLE,2021,5,False,5.0,1.4365112851137178,2.043424003065205,1.5638179380653296,1.79052734375,1.4247063862350093
2021_05_NYG_DAL,2021-10-10T16:25-04:00,DAL,NYG,2021,5,False,24.0,4.918326999375836,4.864552157413859,6.219614903955966,1.79052734375,4.782468868855706
2021_05_SF_ARI,2021-10-10T16:25-04:00,ARI,SF,2021,5,False,7.0,6.099452490141044,6.178392504821314,5.397812240013531,1.79052734375,6.16923054768348
2021_05_BUF_KC,2021-10-10T20:20-04:00,KC,BUF,2021,5,False,-18.0,-1.308667444797057,-1.7507901057550723,-1.6934795737766901,1.79052734375,-1.5409468932036123
2021_05_IND_BAL,2021-10-11T20:15-04:00,BAL,IND,2021,5,False,6.0,3.4312949139728315,4.401266826351838,5.972837746562989,1.79052734375,3.300441391677965
2021_06_TB_PHI,2021-10-14T20:20-04:00,PHI,TB,2021,6,False,-6.0,-6.363118560581698,-5.440716905300603,-4.78877685477487,1.79052734375,-6.452802498425752
2021_06_MIA_JAX,2021-10-17T09:30-04:00,JAX,MIA,2021,6,True,3.0,-4.199118627569445,-4.131609917272147,-4.005477731531574,1.79052734375,-4.3325190207518025
2021_06_CIN_DET,2021-10-17T13:00-04:00,DET,CIN,2021,6,False,-23.0,-2.6859933503267053,-2.884647961491354,-0.58930937949268,1.79052734375,-2.746007918222293
2021_06_GB_CHI,2021-10-17T13:00-04:00,CHI,GB,2021,6,False,-10.0,-6.19366587477872,-6.152055911942904,-1.9427696036998379,1.79052734375,-6.400574709977818
2021_06_HOU_IND,2021-10-17T13:00-04:00,IND,HOU,2021,6,False,28.0,10.051290753095632,9.940784382694616,7.3682842979363,1.79052734375,10.191310356260777
2021_06_KC_WAS,2021-10-17T13:00-04:00,WAS,KC,2021,6,False,-18.0,-4.098990916346514,-3.903109243452028,-1.409295754464409,1.79052734375,-3.966879755104855
2021_06_LAC_BAL,2021-10-17T13:00-04:00,BAL,LAC,2021,6,False,28.0,2.012980728074857,3.030109996208594,5.267522039402238,1.79052734375,1.9666028390945438
2021_06_LA_NYG,2021-10-17T13:00-04:00,NYG,LAR,2021,6,False,-27.0,-5.887559122754549,-6.065770408604649,-4.0392903578154655,1.79052734375,-5.899952987411018
2021_06_MIN_CAR,2021-10-17T13:00-04:00,CAR,MIN,2021,6,False,-6.0,-0.16258285777239712,-0.11949644527017744,3.426998989017372,1.79052734375,-0.18631030402401205
2021_06_ARI_CLE,2021-10-17T16:05-04:00,CLE,ARI,2021,6,False,-23.0,-0.005319438562521817,-0.5994615968328977,0.9400616039787146,1.79052734375,-0.10603541992423271
2021_06_DAL_NE,2021-10-17T16:25-04:00,NE,DAL,2021,6,False,-6.0,-3.149687737737312,-3.227943653299212,-0.8037460088010198,1.79052734375,-2.968284020138467
2021_06_LV_DEN,2021-10-17T16:25-04:00,DEN,LV,2021,6,False,-10.0,2.350468425898188,2.466178212266925,3.3046447652682707,1.79052734375,2.556717616194075
2021_06_SEA_PIT,2021-10-17T20:20-04:00,PIT,SEA,2021,6,False,3.0,2.492285876106755,2.496823587750928,1.1353914747661487,1.79052734375,2.5089153422609223
2021_06_BUF_TEN,2021-10-18T20:15-04:00,TEN,BUF,2021,6,False,3.0,-6.398373219170873,-6.540244820862694,-4.31045860883615,1.79052734375,-6.483827019106001
2021_07_DEN_CLE,2021-10-21T20:20-04:00,CLE,DEN,2021,7,False,3.0,4.204352102333343,3.4775700105672716,4.607737357996452,1.79052734375,3.973530862102982
2021_07_ATL_MIA,2021-10-24T13:00-04:00,MIA,ATL,2021,7,False,-2.0,-1.0929726184985316,-1.2124694106280225,1.2196327307454902,1.79052734375,-1.0548280950420579
2021_07_CAR_NYG,2021-10-24T13:00-04:00,NYG,CAR,2021,7,False,22.0,0.2943814975536101,0.35186446799682036,-1.7972963060234033,1.79052734375,0.38785314733574416
2021_07_CIN_BAL,2021-10-24T13:00-04:00,BAL,CIN,2021,7,False,-24.0,5.084053391827837,5.902394301139912,8.204534903972984,1.79052734375,4.878410196324958
2021_07_KC_TEN,2021-10-24T13:00-04:00,TEN,KC,2021,7,False,24.0,-0.13986000980746827,0.114872495809613,1.6329806061215772,1.79052734375,-0.1934388449237987
2021_07_NYJ_NE,2021-10-24T13:00-04:00,NE,NYJ,2021,7,False,41.0,5.981722315404408,5.802712535121994,8.33521459672576,1.79052734375,6.191710491601986
2021_07_WAS_GB,2021-10-24T13:00-04:00,GB,WAS,2021,7,False,14.0,11.228247166174718,11.055461384051698,10.274709519727303,1.79052734375,11.34413998094658
2021_07_DET_LA,2021-10-24T16:05-04:00,LAR,DET,2021,7,False,9.0,14.303113778758032,14.64728659538882,13.234062724807373,1.79052734375,14.405178791785488
2021_07_PHI_LV,2021-10-24T16:05-04:00,LV,PHI,2021,7,False,11.0,3.374068830837579,3.292007852618858,4.212099331945,1.79052734375,3.3150290830786626
2021_07_CHI_TB,2021-10-24T16:25-04:00,TB,CHI,2021,7,False,35.0,10.713206680918073,9.765162002265665,9.264427879767261,1.79052734375,10.570898321411825
2021_07_HOU_ARI,2021-10-24T16:25-04:00,ARI,HOU,2021,7,False,26.0,16.40175190988309,16.25679071479788,13.058367491778359,1.79052734375,16.397457789655803
2021_07_IND_SF,2021-10-24T20:20-04:00,SF,IND,2021,7,False,-12.0,-0.32586084434908813,-0.20603219639752746,0.5519427898305567,1.79052734375,-0.5466135648358353
2021_07_NO_SEA,2021-10-25T20:15-04:00,SEA,NO,2021,7,False,-3.0,-5.245684109366069,-5.006318836445503,-0.8126476080046974,1.79052734375,-5.150141905787819
2021_08_GB_ARI,2021-10-28T20:20-04:00,ARI,GB,2021,8,False,-3.0,1.933412351687116,1.9019916609895333,4.0225621786006975,1.79052734375,1.7460693676768102
2021_08_CAR_ATL,2021-10-31T13:00-04:00,ATL,CAR,2021,8,False,-6.0,5.378150974867604,5.2398777831308365,2.30606857929356,1.79052734375,5.390451536663745
2021_08_CIN_NYJ,2021-10-31T13:00-04:00,NYJ,CIN,2021,8,False,3.0,-9.296892186822618,-9.229660790749318,-7.0365439990049055,1.79052734375,-9.544925984066884
2021_08_LA_HOU,2021-10-31T13:00-04:00,HOU,LAR,2021,8,False,-16.0,-14.296612079809893,-14.29264480638015,-8.43848255761262,1.79052734375,-14.462133067836644
2021_08_MIA_BUF,2021-10-31T13:00-04:00,BUF,MIA,2021,8,False,15.0,14.789186482117895,15.231079112367766,14.110916087981867,1.79052734375,14.724324081643779
2021_08_PHI_DET,2021-10-31T13:00-04:00,DET,PHI,2021,8,False,-38.0,-1.7882560008542026,-1.90963018129046,-0.49164500182373505,1.79052734375,-1.8230940296159006
2021_08_PIT_CLE,2021-10-31T13:00-04:00,CLE,PIT,2021,8,False,-5.0,3.6642244116087683,2.6234641482244525,2.7367070692880193,1.79052734375,3.379870424345267
2021_08_SF_CHI,2021-10-31T13:00-04:00,CHI,SF,2021,8,False,-11.0,-3.582460354157938,-3.491602471238494,0.09684542359940451,1.79052734375,-3.325785288924731
2021_08_TEN_IND,2021-10-31T13:00-04:00,IND,TEN,2021,8,False,-3.0,0.9769999173244991,0.6892551405792101,2.3264765642107386,1.79052734375,1.1657874159061103
2021_08_JAX_SEA,2021-10-31T16:05-04:00,SEA,JAX,2021,8,False,24.0,7.362047938970583,7.865571514657308,10.189013986172657,1.79052734375,7.459165696070477
2021_08_NE_LAC,2021-10-31T16:05-04:00,LAC,NE,2021,8,False,-3.0,4.325108987105037,4.411921138254366,1.6383422668498908,1.79052734375,4.2410066276032925
2021_08_TB_NO,2021-10-31T16:25-04:00,NO,TB,2021,8,False,9.0,-2.1261748936394937,-1.1031838747905711,0.36265332657620863,1.79052734375,-2.1773656457069075
2021_08_WAS_DEN,2021-10-31T16:25-04:00,DEN,WAS,2021,8,False,7.0,4.148466558985804,4.01077150507883,4.8383473800842784,1.79052734375,4.182639471422442
2021_08_DAL_MIN,2021-10-31T20:20-04:00,MIN,DAL,2021,8,False,-4.0,3.4589902446795824,3.394366865679035,-0.9920445523438581,1.79052734375,3.617399742687567
2021_08_NYG_KC,2021-11-01T20:15-04:00,KC,NYG,2021,8,False,3.0,7.1022433763588895,7.02512034894535,7.104098370800192,1.79052734375,6.9044362151280465
2021_09_NYJ_IND,2021-11-04T20:20-04:00,IND,NYJ,2021,9,False,15.0,12.757530223045105,12.728922963151364,12.553335985395467,1.79052734375,12.80486556099229
2021_09_ATL_NO,2021-11-07T13:00-05:00,NO,ATL,2021,9,False,-2.0,5.085286856367623,5.359144093333268,10.624024801068192,1.79052734375,4.9791020739224185
2021_09_BUF_JAX,2021-11-07T13:00-05:00,JAX,BUF,2021,9,False,3.0,-15.282289835856208,-15.590562526165739,-12.926604949416205,1.79052734375,-15.348041670955654
2021_09_CLE_CIN,2021-11-07T13:00-05:00,CIN,CLE,2021,9,False,-25.0,2.0430492074694957,2.3960168712992553,3.590324914905753,1.79052734375,2.3705859374304676
2021_09_DEN_DAL,2021-11-07T13:00-05:00,DAL,DEN,2021,9,False,-14.0,6.0626590148471555,5.911234871243697,7.5747168562137555,1.79052734375,5.761782990451552
2021_09_HOU_MIA,2021-11-07T13:00-05:00,MIA,HOU,2021,9,False,8.0,3.5356202207556455,3.559538680503509,5.55723212538603,1.79052734375,3.608351823361095
2021_09_LV_NYG,2021-11-07T13:00-05:00,NYG,LV,2021,9,False,7.0,-1.4875432727447095,-1.3135187454391914,-0.5369043935356173,1.79052734375,-1.3675726153692376
2021_09_MIN_BAL,2021-11-07T13:00-05:00,BAL,MIN,2021,9,False,3.0,3.0514382505468682,3.875693825228085,7.040321409689331,1.79052734375,3.0431982114520135
2021_09_NE_CAR,2021-11-07T13:00-05:00,CAR,NE,2021,9,False,-18.0,-1.1671991678499472,-0.9462924616247927,-0.12083183076494919,1.79052734375,-1.2312441696234944
2021_09_LAC_PHI,2021-11-07T16:05-05:00,PHI,LAC,2021,9,False,-3.0,0.07143673419296359,0.1699708429042226,1.6307531321346052,1.79052734375,0.14810750854383437
2021_09_ARI_SF,2021-11-07T16:25-05:00,SF,ARI,2021,9,False,-14.0,-0.8876081044850463,-0.9387417305285377,-2.6912029812004077,1.79052734375,-1.0121845921705512
2021_09_GB_KC,2021-11-07T16:25-05:00,KC,GB,2021,9,False,6.0,2.387441231510771,2.1743027011850904,-1.4907044556580744,1.79052734375,2.0836614808723795
2021_09_TEN_LA,2021-11-07T20:20-05:00,LAR,TEN,2021,9,False,-12.0,2.9696376539509095,2.8346409796006857,3.6522847423963913,1.79052734375,3.4519053690967376
2021_09_CHI_PIT,2021-11-08T20:15-05:00,PIT,CHI,2021,9,False,2.0,8.571727658247337,8.833018194448584,6.977981359456907,1.79052734375,8.58709773172366
2021_10_BAL_MIA,2021-11-11T20:20-05:00,MIA,BAL,2021,10,False,12.0,-5.017056747143967,-5.570320545743494,-5.33946880710174,1.79052734375,-4.822070192995368
2021_10_ATL_DAL,2021-11-14T13:00-05:00,DAL,ATL,2021,10,False,40.0,3.083590751939733,3.0704457350865333,6.5747767743266445,1.79052734375,2.8716308954530554
2021_10_BUF_NYJ,2021-11-14T13:00-05:00,NYJ,BUF,2021,10,False,-28.0,-13.701622265916537,-13.892227819986324,-11.395920704301744,1.79052734375,-13.51862925158133
2021_10_CLE_NE,2021-11-14T13:00-05:00,NE,CLE,2021,10,False,38.0,-0.16273587302755432,0.18729894159782678,3.8305495952583453,1.79052734375,0.08972651312438673
2021_10_DET_PIT,2021-11-14T13:00-05:00,PIT,DET,2021,10,False,0.0,6.499914005926458,6.942912028091073,9.979139349446921,1.79052734375,6.634144955602291
2021_10_JAX_IND,2021-11-14T13:00-05:00,IND,JAX,2021,10,False,6.0,12.773737806249452,12.747568142222,12.062029090288174,1.79052734375,12.986757771243932
2021_10_NO_TEN,2021-11-14T13:00-05:00,TEN,NO,2021,10,False,2.0,3.231864916891001,3.3558197705523414,3.1528533920592796,1.79052734375,3.065177420550568
2021_10_TB_WAS,2021-11-14T13:00-05:00,WAS,TB,2021,10,False,10.0,-9.715552010955983,-8.699204437796157,-7.681502968357048,1.79052734375,-9.481973835757353
2021_10_CAR_ARI,2021-11-14T16:05-05:00,ARI,CAR,2021,10,False,-24.0,10.644840558279476,10.640113368190459,11.525019240091021,1.79052734375,10.575577180212857
2021_10_MIN_LAC,2021-11-14T16:05-05:00,LAC,MIN,2021,10,False,-7.0,1.6623452071973925,1.6702496999399483,2.4692060794567463,1.79052734375,1.835140118966898
2021_10_PHI_DEN,2021-11-14T16:25-05:00,DEN,PHI,2021,10,False,-17.0,1.3425221478519482,1.4192762319831034,4.160150665780663,1.79052734375,1.3273673482210326
2021_10_SEA_GB,2021-11-14T16:25-05:00,GB,SEA,2021,10,False,17.0,6.039220402431164,5.709688462013721,4.873485587809485,1.79052734375,6.080605822661672
2021_10_KC_LV,2021-11-14T20:20-05:00,LV,KC,2021,10,False,-27.0,-1.8509123520942945,-1.9443744533987806,0.4213501146659273,1.79052734375,-1.8243610745861454
2021_10_LA_SF,2021-11-15T20:15-05:00,SF,LAR,2021,10,False,21.0,-4.909937268005491,-4.87507095380512,-1.89811756310577,1.79052734375,-5.043658553212786
2021_11_NE_ATL,2021-11-18T20:20-05:00,ATL,NE,2021,11,False,-25.0,-2.6916818454047684,-2.673013819194827,-4.954809290977938,1.79052734375,-2.7109049646383805
2021_11_BAL_CHI,2021-11-21T13:00-05:00,CHI,BAL,2021,11,False,-3.0,-1.5581425645448128,-1.7213631352570862,-3.624950118937229,1.79052734375,-1.6316968453407956
2021_11_DET_CLE,2021-11-21T13:00-05:00,CLE,DET,2021,11,False,3.0,10.444521828730837,10.034030283347873,8.680253509092488,1.79052734375,10.389838379503079
2021_11_GB_MIN,2021-11-21T13:00-05:00,MIN,GB,2021,11,False,3.0,-2.9519530774476883,-3.1741153856436517,-2.0627161269178034,1.79052734375,-3.3496942654600645
2021_11_HOU_TEN,2021-11-21T13:00-05:00,TEN,HOU,2021,11,False,-9.0,12.822392187677766,13.018757800744543,14.691090373445666,1.79052734375,12.655021196054907
2021_11_IND_BUF,2021-11-21T13:00-05:00,BUF,IND,2021,11,False,-26.0,6.255388057621735,6.534695984618449,7.675543245664581,1.79052734375,6.030328440812034
2021_11_MIA_NYJ,2021-11-21T13:00-05:00,NYJ,MIA,2021,11,False,-7.0,-4.457292032641759,-4.358152810002612,-3.57511109902942,1.79052734375,-4.54169310893336
2021_11_NO_PHI,2021-11-21T13:00-05:00,PHI,NO,2021,11,False,11.0,-0.07660163218233507,-0.30607646151121715,-1.9769758329801839,1.79052734375,0.005346775029962947
2021_11_SF_JAX,2021-11-21T13:00-05:00,JAX,SF,2021,11,False,-20.0,-5.966154331653442,-6.054808281372603,-4.4766178514529855,1.79052734375,-5.973484513069551
2021_11_WAS_CAR,2021-11-21T13:00-05:00,CAR,WAS,2021,11,False,-6.0,5.391942003703089,5.203523269344617,3.9885248671597,1.79052734375,5.106325349300553
2021_11_CIN_LV,2021-11-21T16:05-05:00,LV,CIN,2021,11,False,-19.0,0.6999304976446817,0.6311128426853512,1.1376477292550546,1.79052734375,0.3844722576577584
2021_11_ARI_SEA,2021-11-21T16:25-05:00,SEA,ARI,2021,11,False,-10.0,1.000623765303326,1.2532778605207138,-1.1621146311186905,1.79052734375,1.2013373612222498
2021_11_DAL_KC,2021-11-21T16:25-05:00,KC,DAL,2021,11,False,10.0,2.6250073517892756,2.7216760121315775,1.8561054508878279,1.79052734375,2.735718082067292
2021_11_PIT_LAC,2021-11-21T20:20-05:00,LAC,PIT,2021,11,False,4.0,3.4400375500431752,2.9269435500468335,2.2673040004015665,1.79052734375,3.4297029737566476
2021_11_NYG_TB,2021-11-22T20:15-05:00,TB,NYG,2021,11,False,20.0,9.263577906005064,8.352905523968298,9.746991285396398,1.79052734375,9.13920905775966
2021_12_CHI_DET,2021-11-25T12:30-05:00,DET,CHI,2021,12,False,-2.0,-0.18714917416716437,-0.33040057955044055,-0.12027198843838738,1.79052734375,-0.20281005913574285
2021_12_LV_DAL,2021-11-25T16:30-05:00,DAL,LV,2021,12,False,-3.0,6.839227101477055,6.925222853689648,9.111752343262832,1.79052734375,6.805897611270954
2021_12_BUF_NO,2021-11-25T20:20-05:00,NO,BUF,2021,12,False,-25.0,-4.811757576540147,-4.857504029332262,-0.2976371640160549,1.79052734375,-4.651964623821958
2021_12_ATL_JAX,2021-11-28T13:00-05:00,JAX,ATL,2021,12,False,-7.0,-2.6225019386706463,-2.5254330624295824,0.14872742830439378,1.79052734375,-2.780866557155411
2021_12_CAR_MIA,2021-11-28T13:00-05:00,MIA,CAR,2021,12,False,23.0,-1.233270227616279,-1.247541828440334,2.1837313600099266,1.79052734375,-1.0361726965712768
2021_12_NYJ_HOU,2021-11-28T13:00-05:00,HOU,NYJ,2021,12,False,-7.0,6.960855486089782,7.0086667690970295,5.6078702994914575,1.79052734375,6.964196846431177
2021_12_PHI_NYG,2021-11-28T13:00-05:00,NYG,PHI,2021,12,False,6.0,-2.583138282050164,-2.496619439789338,-1.636294488025885,1.79052734375,-2.5402894412624106
2021_12_PIT_CIN,2021-11-28T13:00-05:00,CIN,PIT,2021,12,False,31.0,2.704088259312941,2.33238902668532,3.9182621769382386,1.79052734375,2.8718967193910605
2021_12_TB_IND,2021-11-28T13:00-05:00,IND,TB,2021,12,False,-7.0,0.04664425790654514,0.7557085219145618,1.0038752718235764,1.79052734375,0.22339934859526456
2021_12_TEN_NE,2021-11-28T13:00-05:00,NE,TEN,2021,12,False,23.0,2.297052096128448,2.021673826801255,4.6579988224151405,1.79052734375,2.5557247619897048
2021_12_LAC_DEN,2021-11-28T16:05-05:00,DEN,LAC,2021,12,False,15.0,-0.8852516941663671,-0.798217431130861,1.6765290840844513,1.79052734375,-0.7101800922958651
2021_12_LA_GB,2021-11-28T16:25-05:00,GB,LAR,2021,12,False,8.0,0.8444667008353781,1.265129042506779,5.140049379915114,1.79052734375,0.9033301523568883
2021_12_MIN_SF,2021-11-28T16:25-05:00,SF,MIN,2021,12,False,8.0,1.6592854050302999,1.8681696497817484,3.429395426000276,1.79052734375,1.7848833759272866
2021_12_CLE_BAL,2021-11-28T20:20-05:00,BAL,CLE,2021,12,False,6.0,1.569601802185179,2.5157438402708148,5.823264106806418,1.79052734375,1.7457006086963163
2021_12_SEA_WAS,2021-11-29T20:15-05:00,WAS,SEA,2021,12,False,2.0,-0.828470346880628,-0.8273870966395672,0.060551291571044885,1.79052734375,-0.9459671911660354
2021_13_DAL_NO,2021-12-02T20:20-05:00,NO,DAL,2021,13,False,-10.0,-1.6527442958725382,-1.4585531151854814,2.288008640440376,1.79052734375,-1.2165460812278286
2021_13_ARI_CHI,2021-12-05T13:00-05:00,CHI,ARI,2021,13,False,-11.0,-6.088502590210071,-6.132298733141736,-6.2086860884703,1.79052734375,-6.125310175574023
2021_13_IND_HOU,2021-12-05T13:00-05:00,HOU,IND,2021,13,False,-31.0,-8.475538132803493,-8.41451399150134,-7.70528534814833,1.79052734375,-8.479865350121333
2021_13_LAC_CIN,2021-12-05T13:00-05:00,CIN,LAC,2021,13,False,-19.0,2.9580877846593503,3.0158382496660976,6.390314095290574,1.79052734375,3.2833697829012625
2021_13_MIN_DET,2021-12-05T13:00-05:00,DET,MIN,2021,13,False,2.0,-4.498067966235835,-4.526876349779987,-4.452616234047256,1.79052734375,-4.505354770170053
2021_13_NYG_MIA,2021-12-05T13:00-05:00,MIA,NYG,2021,13,False,11.0,4.623555662047178,4.579647195191994,4.337084191418884,1.79052734375,4.526793805816011
2021_13_PHI_NYJ,2021-12-05T13:00-05:00,NYJ,PHI,2021,13,False,-15.0,-7.931976848353781,-7.823127792352575,-5.797020285116266,1.79052734375,-8.009483346022769
2021_13_TB_ATL,2021-12-05T13:00-05:00,ATL,TB,2021,13,False,-13.0,-8.061863260219088,-7.4745305709367535,-8.02596663263073,1.79052734375,-7.944090892307647
2021_13_JAX_LA,2021-12-05T16:05-05:00,LAR,JAX,2021,13,False,30.0,12.019050409523306,11.98646571739734,12.360647336316244,1.79052734375,12.162326102661039
2021_13_WAS_LV,2021-12-05T16:05-05:00,LV,WAS,2021,13,False,-2.0,1.5090315867228128,1.0832521723215902,1.7024383797879317,1.79052734375,1.2486560825458803
2021_13_BAL_PIT,2021-12-05T16:25-05:00,PIT,BAL,2021,13,False,1.0,-0.9204257387722908,-1.0491751041171504,-2.2384375476464857,1.79052734375,-0.7968431193313322
2021_13_SF_SEA,2021-12-05T16:25-05:00,SEA,SF,2021,13,False,7.0,-0.42635595571416696,-0.3383877452143361,0.41005884291238104,1.79052734375,-0.2466131962150111
2021_13_DEN_KC,2021-12-05T20:20-05:00,KC,DEN,2021,13,False,13.0,7.390059660639957,7.310759988746188,6.54235407959133,1.79052734375,7.181408569148999
2021_13_NE_BUF,2021-12-06T20:15-05:00,BUF,NE,2021,13,False,-4.0,3.6720475542179365,3.928693063128912,3.3107896825581484,1.79052734375,3.505427428719402
2021_14_PIT_MIN,2021-12-09T20:20-05:00,MIN,PIT,2021,14,False,8.0,4.408104319902691,3.9795317870933022,4.65851036567504,1.79052734375,4.288410199757293
2021_14_ATL_CAR,2021-12-12T13:00-05:00,CAR,ATL,2021,14,False,-8.0,3.149717362507955,3.226504643317767,3.7398608152206188,1.79052734375,2.8841743157039024
2021_14_BAL_CLE,2021-12-12T13:00-05:00,CLE,BAL,2021,14,False,2.0,2.380510486772571,1.5127384151634948,-0.606891674711969,1.79052734375,2.3256291924768404
2021_14_DAL_WAS,2021-12-12T13:00-05:00,WAS,DAL,2021,14,False,-7.0,-1.952480341698569,-1.6482043918999816,-2.141345641110272,1.79052734375,-1.6264343843154763
2021_14_JAX_TEN,2021-12-12T13:00-05:00,TEN,JAX,2021,14,False,20.0,12.458552074594973,12.744517105366107,13.63153895883865,1.79052734375,12.35296744224996
2021_14_LV_KC,2021-12-12T13:00-05:00,KC,LV,2021,14,False,39.0,9.455233994714753,9.53088100722641,9.543066873287518,1.79052734375,9.545225462301431
2021_14_NO_NYJ,2021-12-12T13:00-05:00,NYJ,NO,2021,14,False,-21.0,-5.127807989859113,-5.067933511425871,-7.1687946603346155,1.79052734375,-5.2168227735489925
2021_14_SEA_HOU,2021-12-12T13:00-05:00,HOU,SEA,2021,14,False,-20.0,-8.536500467294974,-8.664032235649172,-6.540822552128091,1.79052734375,-8.553915884092069
2021_14_DET_DEN,2021-12-12T16:05-05:00,DEN,DET,2021,14,False,28.0,6.760228446502954,7.029324799312205,7.30200497628044,1.79052734375,6.912256756508992
2021_14_NYG_LAC,2021-12-12T16:05-05:00,LAC,NYG,2021,14,False,16.0,7.088364993126614,7.105702537415537,5.574379162596559,1.79052734375,6.86865734369755
2021_14_BUF_TB,2021-12-12T16:25-05:00,TB,BUF,2021,14,False,6.0,1.9233328229959945,1.2141042817630776,1.8422338566431664,1.79052734375,1.9615182022637545
2021_14_SF_CIN,2021-12-12T16:25-05:00,CIN,SF,2021,14,False,-3.0,-0.610786198738217,-0.6671102995991576,1.412182252317505,1.79052734375,-0.3280416648394116
2021_14_CHI_GB,2021-12-12T20:20-05:00,GB,CHI,2021,14,False,15.0,14.025855207239207,13.981410152255496,11.270333934675833,1.79052734375,14.165803460712834
2021_14_LA_ARI,2021-12-13T20:15-05:00,ARI,LAR,2021,14,False,-7.0,2.2703011124371377,2.279087769237507,4.903139763675487,1.79052734375,2.1382902192546664
2021_15_KC_LAC,2021-12-16T20:20-05:00,LAC,KC,2021,15,False,-6.0,-3.3513963902013413,-3.31467844556162,-2.419805682288505,1.79052734375,-3.283175672610558
2021_15_NE_IND,2021-12-18T20:20-05:00,IND,NE,2021,15,False,10.0,1.8398274004685349,1.9006155085978733,-0.013353434685063448,1.79052734375,1.8217036975687289
2021_15_ARI_DET,2021-12-19T13:00-05:00,DET,ARI,2021,15,False,18.0,-8.915097555540218,-9.035793176570877,-9.593584122178452,1.79052734375,-8.846111891756903
2021_15_CAR_BUF,2021-12-19T13:00-05:00,BUF,CAR,2021,15,False,17.0,10.495613034999693,10.47826520342941,13.758634066262118,1.79052734375,10.606264568513232
2021_15_DAL_NYG,2021-12-19T13:00-05:00,NYG,DAL,2021,15,False,-15.0,-5.617902630076667,-5.469807694287501,-4.873633192415323,1.79052734375,-5.161458767839915
2021_15_HOU_JAX,2021-12-19T13:00-05:00,JAX,HOU,2021,15,False,-14.0,2.0099393526226184,1.9279606821608681,2.161295329253303,1.79052734375,1.827626637970084
2021_15_NYJ_MIA,2021-12-19T13:00-05:00,MIA,NYJ,2021,15,False,7.0,11.963829489601956,11.908882237596714,11.870536726447916,1.79052734375,12.096481347265556
2021_15_TEN_PIT,2021-12-19T13:00-05:00,PIT,TEN,2021,15,False,6.0,-3.609621931889636,-3.6020380471180533,-2.110201431144813,1.79052734375,-3.586741476204301
2021_15_ATL_SF,2021-12-19T16:05-05:00,SF,ATL,2021,15,False,18.0,5.009322125497803,5.149094109804848,8.58972441151997,1.79052734375,4.887341082016605
2021_15_CIN_DEN,2021-12-19T16:05-05:00,DEN,CIN,2021,15,False,-5.0,4.4917416851846745,4.510610546860967,2.631325851074373,1.79052734375,4.456629550265794
2021_15_GB_BAL,2021-12-19T16:25-05:00,BAL,GB,2021,15,False,-1.0,-5.685697042811698,-5.751113122410718,-0.7256268456682604,1.79052734375,-6.015082176147426
2021_15_NO_TB,2021-12-19T20:20-05:00,TB,NO,2021,15,False,-9.0,10.4259587471069,9.791668739685242,7.287654502777247,1.79052734375,10.43942744155841
2021_15_LV_CLE,2021-12-20T17:00-05:00,CLE,LV,2021,15,False,-2.0,2.9218674978144126,2.8140140184980957,6.397571479010518,1.79052734375,3.090406894817278
2021_15_MIN_CHI,2021-12-20T20:15-05:00,CHI,MIN,2021,15,False,-8.0,-6.773396343289552,-6.5708477872486135,-1.956124047159494,1.79052734375,-6.597550683722703
2021_15_SEA_LA,2021-12-21T19:00-05:00,LAR,SEA,2021,15,False,10.0,5.28714810174856,5.10030926855333,4.978516456175996,1.79052734375,5.263556893603926
2021_15_WAS_PHI,2021-12-21T19:00-05:00,PHI,WAS,2021,15,False,10.0,5.632225385890119,5.463701532209349,5.459224644415533,1.79052734375,5.781515662666251
2021_16_SF_TEN,2021-12-23T20:20-05:00,TEN,SF,2021,16,False,3.0,0.9763141495166296,1.2103648337172306,1.4514431546275182,1.79052734375,0.8808176987865364
2021_16_CLE_GB,2021-12-25T16:30-05:00,GB,CLE,2021,16,False,2.0,4.382308438554222,5.112556594472907,9.091880616674104,1.79052734375,4.55403250543902
2021_16_IND_ARI,2021-12-25T20:15-05:00,ARI,IND,2021,16,False,-6.0,-0.7672443730241952,-0.9029428378625475,0.1901592602689366,1.79052734375,-0.9861804505542934
2021_16_BAL_CIN,2021-12-26T13:00-05:00,CIN,BAL,2021,16,False,20.0,2.5026667772915294,2.2753532627528266,1.380238077450282,1.79052734375,2.918000334512501
2021_16_BUF_NE,2021-12-26T13:00-05:00,NE,BUF,2021,16,False,-12.0,0.22923282431877512,0.1250585398573587,2.103557277945616,1.79052734375,0.39633332711993335
2021_16_DET_ATL,2021-12-26T13:00-05:00,ATL,DET,2021,16,False,4.0,6.868604909885624,6.74384402964829,3.6248291300802142,1.79052734375,6.961921526622275
2021_16_JAX_NYJ,2021-12-26T13:00-05:00,NYJ,JAX,2021,16,False,5.0,1.2711785196294414,1.3347730330389396,3.9812767498557573,1.79052734375,1.3326345352869138
2021_16_LAC_HOU,2021-12-26T13:00-05:00,HOU,LAC,2021,16,False,12.0,-9.510092443354445,-9.492367583703366,-5.974888840552792,1.79052734375,-9.40255004280349
2021_16_LA_MIN,2021-12-26T13:00-05:00,MIN,LAR,2021,16,False,-7.0,-2.746733983363285,-2.658965656404131,-1.1639003708635096,1.79052734375,-3.0088350358449922
2021_16_NYG_PHI,2021-12-26T13:00-05:00,PHI,NYG,2021,16,False,24.0,5.993635527146721,6.022109896542523,8.56274970412481,1.79052734375,5.867503458825997
2021_16_TB_CAR,2021-12-26T13:00-05:00,CAR,TB,2021,16,False,-26.0,-8.959727204824828,-8.304572420450654,-7.746061201730857,1.79052734375,-9.181628795921101
2021_16_CHI_SEA,2021-12-26T16:05-05:00,SEA,CHI,2021,16,False,-1.0,9.112954630672386,9.264033045250702,8.294866823199484,1.79052734375,9.248289437039976
2021_16_DEN_LV,2021-12-26T16:25-05:00,LV,DEN,2021,16,False,4.0,1.1269847789844787,1.0661207350868107,-1.3298986058785212,1.79052734375,0.7759598062270339
2021_16_PIT_KC,2021-12-26T16:25-05:00,KC,PIT,2021,16,False,26.0,10.818878111245306,10.42339721468748,9.897653699734816,1.79052734375,10.801936624586927
2021_16_WAS_DAL,2021-12-26T20:20-05:00,DAL,WAS,2021,16,False,42.0,7.8713046628996794,7.689776061492063,8.970179457181416,1.79052734375,7.6066232597058
2021_16_MIA_NO,2021-12-27T20:15-05:00,NO,MIA,2021,16,False,-17.0,1.0976683810878387,1.0693140957197174,6.459803077028394,1.79052734375,1.0937042231018732
2021_17_ATL_BUF,2022-01-02T13:00-05:00,BUF,ATL,2021,17,False,14.0,12.018642548769153,12.12360629368732,15.216017853967925,1.79052734375,11.805634051706733
2021_17_JAX_NE,2022-01-02T13:00-05:00,NE,JAX,2021,17,False,40.0,14.917795849254412,14.850787750883008,19.046514852177996,1.79052734375,14.958876260261928
2021_17_KC_CIN,2022-01-02T13:00-05:00,CIN,KC,2021,17,False,3.0,-5.226864962330571,-5.195977599738997,-2.1496857820534476,1.79052734375,-5.012540257433118
2021_17_LA_BAL,2022-01-02T13:00-05:00,BAL,LAR,2021,17,False,-1.0,-7.675881544572647,-7.243171701457811,-1.8239257186311901,1.79052734375,-7.899487340630525
2021_17_LV_IND,2022-01-02T13:00-05:00,IND,LV,2021,17,False,-3.0,9.973396976908072,9.926317353514282,12.068187479417455,1.79052734375,10.265767287342193
2021_17_MIA_TEN,2022-01-02T13:00-05:00,TEN,MIA,2021,17,False,31.0,3.580477748423932,3.886967031869546,3.685548953437439,1.79052734375,3.4144423009885054
2021_17_NYG_CHI,2022-01-02T13:00-05:00,CHI,NYG,2021,17,False,26.0,3.740744326715653,3.761552856666646,4.685329098953969,1.79052734375,3.3892962511065097
2021_17_PHI_WAS,2022-01-02T13:00-05:00,WAS,PHI,2021,17,False,-4.0,-5.8486736538347035,-5.693721765504083,-3.7981347199438424,1.79052734375,-5.788338580031958
2021_17_TB_NYJ,2022-01-02T13:00-05:00,NYJ,TB,2021,17,False,-4.0,-12.018584795741182,-11.794276351187229,-13.736906787979152,1.79052734375,-12.172812293640968
2021_17_DEN_LAC,2022-01-02T16:05-05:00,LAC,DEN,2021,17,False,21.0,5.037651426603807,5.017042676511768,1.9466558827657703,1.79052734375,4.8434439238703435
2021_17_HOU_SF,2022-01-02T16:05-05:00,SF,HOU,2021,17,False,16.0,8.988558891636604,8.923799808925883,12.012039606164382,1.79052734375,8.970238251318959
2021_17_ARI_DAL,2022-01-02T16:25-05:00,DAL,ARI,2021,17,False,-3.0,3.0002859845901795,3.1464133682733406,5.258766498763381,1.79052734375,3.0478032813489007
2021_17_CAR_NO,2022-01-02T16:25-05:00,NO,CAR,2021,17,False,8.0,4.722214481342613,4.671881187799783,10.270600284240384,1.79052734375,4.828285044313711
2021_17_DET_SEA,2022-01-02T16:25-05:00,SEA,DET,2021,17,False,22.0,9.881703051737539,9.891566408516974,8.951810404595513,1.79052734375,9.801069572185176
2021_17_MIN_GB,2022-01-02T20:20-05:00,GB,MIN,2021,17,False,27.0,9.789929167927838,9.867225307939181,6.846763513361486,1.79052734375,9.983169878075211
2021_17_CLE_PIT,2022-01-03T20:15-05:00,PIT,CLE,2021,17,False,12.0,-1.7702815341962483,-1.2307294538006328,0.40660711052588905,1.79052734375,-1.6776411864357426
2021_18_KC_DEN,2022-01-08T16:30-05:00,DEN,KC,2021,18,False,-4.0,-10.326099088339333,-10.268539197783165,-6.002057723410907,1.79052734375,-10.02490211602182
2021_18_DAL_PHI,2022-01-08T20:15-05:00,PHI,DAL,2021,18,False,-25.0,0.23980500118288717,0.2453111332911906,-0.037497353826109414,1.79052734375,0.4870719253677156
2021_18_CHI_MIN,2022-01-09T13:00-05:00,MIN,CHI,2021,18,False,14.0,4.175530792692352,4.075002404248479,3.727882956160373,1.79052734375,4.295091967489605
2021_18_CIN_CLE,2022-01-09T13:00-05:00,CLE,CIN,2021,18,False,5.0,0.8638519138807917,0.6914544019194393,-1.8256578736116014,1.79052734375,0.6576322728979513
2021_18_GB_DET,2022-01-09T13:00-05:00,DET,GB,2021,18,False,7.0,-12.600368162278286,-12.825537414235322,-10.604434294053146,1.79052734375,-12.660100001035708
2021_18_IND_JAX,2022-01-09T13:00-05:00,JAX,IND,2021,18,False,15.0,-14.797469185607035,-14.774481980289703,-14.927079112105474,1.79052734375,-14.820665711805614
2021_18_PIT_BAL,2022-01-09T13:00-05:00,BAL,PIT,2021,18,False,-3.0,0.28208444244295805,0.37092822536490644,5.182407459075187,1.79052734375,0.2536779738342707
2021_18_TEN_HOU,2022-01-09T13:00-05:00,HOU,TEN,2021,18,False,-3.0,-9.563217719991005,-9.764540823665415,-7.9948633171354455,1.79052734375,-9.410090640110475
2021_18_WAS_NYG,2022-01-09T13:00-05:00,NYG,WAS,2021,18,False,-15.0,-0.47549851112982383,-0.6036000201646994,-1.0650626325580346,1.79052734375,-0.4066841923110265
2021_18_CAR_TB,2022-01-09T16:25-05:00,TB,CAR,2021,18,False,24.0,15.069364228671844,14.472195029902721,14.583588991054764,1.79052734375,15.16703443103555
2021_18_NE_MIA,2022-01-09T16:25-05:00,MIA,NE,2021,18,False,9.0,-5.839807237494336,-5.883359651178249,-5.3488776410806915,1.79052734375,-5.924798650923261
2021_18_NO_ATL,2022-01-09T16:25-05:00,ATL,NO,2021,18,False,-10.0,1.5399152762161832,1.528126974992767,-3.5534706158037785,1.79052734375,1.6363794387833992
2021_18_NYJ_BUF,2022-01-09T16:25-05:00,BUF,NYJ,2021,18,False,17.0,17.903045393765865,17.96974092398731,19.102936580400797,1.79052734375,17.78263599838199
2021_18_SEA_ARI,2022-01-09T16:25-05:00,ARI,SEA,2021,18,False,-8.0,2.966692018542154,2.784279695345698,4.346442856058668,1.79052734375,2.832218615739905
2021_18_SF_LA,2022-01-09T16:25-05:00,LAR,SF,2021,18,False,-3.0,5.999333075278185,5.832869575333026,4.419389486122061,1.79052734375,6.231463790844565
2021_18_LAC_LV,2022-01-09T20:20-05:00,LV,LAC,2021,18,False,3.0,-2.7606554213947465,-2.7563549323580663,-0.2759564455987711,1.79052734375,-2.9177592690805225
2022_01_BUF_LA,2022-09-08T20:20-04:00,LAR,BUF,2022,1,False,-21.0,-1.3533485609404612,-1.2609968058225598,0.7759611019776811,1.7814655172413794,-1.1566600533119555
2022_01_BAL_NYJ,2022-09-11T13:00-04:00,NYJ,BAL,2022,1,False,-15.0,-4.632464790529905,-5.006960345269004,-1.7909275442440222,1.7814655172413794,-4.634763537166511
2022_01_CLE_CAR,2022-09-11T13:00-04:00,CAR,CLE,2022,1,False,-2.0,0.30698663451876707,0.2755837744189854,-0.27530288794539937,1.7814655172413794,0.4838563788042852
2022_01_IND_HOU,2022-09-11T13:00-04:00,HOU,IND,2022,1,False,0.0,-5.673389457491647,-5.633416596885983,-2.5820707579605093,1.7814655172413794,-5.833674734425599
2022_01_JAX_WAS,2022-09-11T13:00-04:00,WAS,JAX,2022,1,False,6.0,6.105369851252805,6.126538795802678,6.568697996213141,1.7814655172413794,6.229734750047015
2022_01_NE_MIA,2022-09-11T13:00-04:00,MIA,NE,2022,1,False,13.0,-0.5419439159172095,-2.0682067634192682,-0.34827299745929396,1.7814655172413794,-0.5507291440098037
2022_01_NO_ATL,2022-09-11T13:00-04:00,ATL,NO,2022,1,False,-1.0,-2.145930885014816,-2.1407590762375905,-1.0102250117166056,1.7814655172413794,-2.086845760389884
2022_01_PHI_DET,2022-09-11T13:00-04:00,DET,PHI,2022,1,False,-3.0,-0.6312762049776061,-1.0841854494633139,-0.7088016490168165,1.7814655172413794,-0.5890830733404321
2022_01_PIT_CIN,2022-09-11T13:00-04:00,CIN,PIT,2022,1,False,-3.0,4.711779570301884,3.034885427639809,4.277218464856544,1.7814655172413794,4.8505277081422875
2022_01_SF_CHI,2022-09-11T13:00-04:00,CHI,SF,2022,1,False,9.0,-3.8743994157394015,-3.451951919734645,-0.8064386730610416,1.7814655172413794,-3.842071487698977
2022_01_GB_MIN,2022-09-11T16:25-04:00,MIN,GB,2022,1,False,16.0,-3.708909470440399,-3.99579333295938,-0.1280110815097637,1.7814655172413794,-3.928001130842592
2022_01_KC_ARI,2022-09-11T16:25-04:00,ARI,KC,2022,1,False,-23.0,-3.504305604743323,-3.2308166575852484,0.53496536174482,1.7814655172413794,-3.7778779057985177
2022_01_LV_LAC,2022-09-11T16:25-04:00,LAC,LV,2022,1,False,5.0,4.005952802915619,4.084163391992403,3.642281489379478,1.7814655172413794,3.9758595994799117
2022_01_NYG_TEN,2022-09-11T16:25-04:00,TEN,NYG,2022,1,False,-1.0,7.381179803751996,8.232467975512549,8.263239330498816,1.7814655172413794,7.1494150173880175
2022_01_TB_DAL,2022-09-11T20:20-04:00,DAL,TB,2022,1,False,-16.0,-0.15802033913665792,0.8908319878680188,2.3056163568587533,1.7814655172413794,-0.4986813801452501
2022_01_DEN_SEA,2022-09-12T20:15-04:00,SEA,DEN,2022,1,False,1.0,0.9225772003398789,1.0446662219515743,4.638601680369522,1.7814655172413794,0.7910124503484086
2022_02_LAC_KC,2022-09-15T20:15-04:00,KC,LAC,2022,2,False,3.0,6.4208718823736906,7.152324483577436,7.044642425315507,1.7814655172413794,6.644634727156712
2022_02_CAR_NYG,2022-09-18T13:00-04:00,NYG,CAR,2022,2,False,3.0,0.8977419373102599,1.0079135577426959,2.3896895108012566,1.7814655172413794,1.1312647777009583
2022_02_IND_JAX,2022-09-18T13:00-04:00,JAX,IND,2022,2,False,24.0,-6.4816020537508,-6.39910215709786,-4.4772318994897145,1.7814655172413794,-6.520078272202641
2022_02_MIA_BAL,2022-09-18T13:00-04:00,BAL,MIA,2022,2,False,-4.0,1.7653089640634836,2.0043194249461678,2.40462273153004,1.7814655172413794,1.7539831017336938
2022_02_NE_PIT,2022-09-18T13:00-04:00,PIT,NE,2022,2,False,-3.0,0.7720440240653768,-0.13064125245246472,0.3861784642652277,1.7814655172413794,0.6381413087317598
2022_02_NYJ_CLE,2022-09-18T13:00-04:00,CLE,NYJ,2022,2,False,-1.0,6.626338459272761,6.552522040101117,7.3097509602944735,1.7814655172413794,6.512750468833326
2022_02_TB_NO,2022-09-18T13:00-04:00,NO,TB,2022,2,False,-10.0,-4.707316501821711,-4.604958726668754,-1.3118480382964592,1.7814655172413794,-4.941779676709955
2022_02_WAS_DET,2022-09-18T13:00-04:00,DET,WAS,2022,2,False,9.0,0.6352317289379714,0.5207038306528876,1.0536579290724892,1.7814655172413794,0.5810824402613867
2022_02_ATL_LA,2022-09-18T16:05-04:00,LAR,ATL,2022,2,False,4.0,5.975311631285537,5.658285708215919,5.704886544177632,1.7814655172413794,6.1687412783815345
2022_02_SEA_SF,2022-09-18T16:05-04:00,SF,SEA,2022,2,False,20.0,0.6150957168317408,0.2662172427400944,2.5560293926755424,1.7814655172413794,0.4614427147828487
2022_02_ARI_LV,2022-09-18T16:25-04:00,LV,ARI,2022,2,False,-6.0,0.5664749160659197,-0.5685059676775128,1.5744529469671167,1.7814655172413794,0.6683746151088964
2022_02_CIN_DAL,2022-09-18T16:25-04:00,DAL,CIN,2022,2,False,3.0,0.4164615603542505,2.1153232425960065,3.800304351926533,1.7814655172413794,0.06438593930945646
2022_02_HOU_DEN,2022-09-18T16:25-04:00,DEN,HOU,2022,2,False,7.0,7.443127013876124,7.422807692950421,5.068057535640609,1.7814655172413794,7.509086069210179
2022_02_CHI_GB,2022-09-18T20:20-04:00,GB,CHI,2022,2,False,17.0,8.941347639322926,8.942582753185707,4.567277606285112,1.7814655172413794,9.230216232863457
2022_02_TEN_BUF,2022-09-19T19:15-04:00,BUF,TEN,2022,2,False,34.0,7.727251021112587,6.610568292038397,7.095242033585904,1.7814655172413794,7.802117636250381
2022_02_MIN_PHI,2022-09-19T20:30-04:00,PHI,MIN,2022,2,False,17.0,0.26004777477846375,0.7232301542189448,2.0671672007644997,1.7814655172413794,0.21383385116612685
2022_03_PIT_CLE,2022-09-22T20:15-04:00,CLE,PIT,2022,3,False,12.0,0.5309068269663141,0.06639788054551488,1.8406068299092737,1.7814655172413794,0.42411383184084417
2022_03_BAL_NE,2022-09-25T13:00-04:00,NE,BAL,2022,3,False,-11.0,2.269859002621374,3.147165443574846,4.175719405995005,1.7814655172413794,2.194121192215006
2022_03_BUF_MIA,2022-09-25T13:00-04:00,MIA,BUF,2022,3,False,2.0,-6.223456123716964,-5.721704480802192,-2.7864160949099066,1.7814655172413794,-6.200258458324352
2022_03_CIN_NYJ,2022-09-25T13:00-04:00,NYJ,CIN,2022,3,False,-15.0,-4.884651653039096,-3.940968888523244,-2.7223033926834734,1.7814655172413794,-5.041327572537984
2022_03_DET_MIN,2022-09-25T13:00-04:00,MIN,DET,2022,3,False,4.0,4.384859257457767,4.415409285991235,4.769376085637569,1.7814655172413794,4.353163330097735
2022_03_HOU_CHI,2022-09-25T13:00-04:00,CHI,HOU,2022,3,False,3.0,1.5976803122313443,1.7548205140223065,4.093866989826697,1.7814655172413794,1.7000646697587973
2022_03_KC_IND,2022-09-25T13:00-04:00,IND,KC,2022,3,False,3.0,-4.935297635378139,-5.578896502368486,-1.8979286158974347,1.7814655172413794,-5.043790809640509
2022_03_LV_TEN,2022-09-25T13:00-04:00,TEN,LV,2022,3,False,2.0,3.3670321485131054,4.026809045438323,3.547047373396181,1.7814655172413794,3.297783595544463
2022_03_NO_CAR,2022-09-25T13:00-04:00,CAR,NO,2022,3,False,8.0,0.5621885181429209,0.3202815149006637,-1.3326126826324574,1.7814655172413794,0.6135191777331697
2022_03_PHI_WAS,2022-09-25T13:00-04:00,WAS,PHI,2022,3,False,-16.0,-2.3203725137718316,-2.642222015746688,-1.3220774459990094,1.7814655172413794,-2.161751199526323
2022_03_JAX_LAC,2022-09-25T16:05-04:00,LAC,JAX,2022,3,False,-28.0,4.4216012066429276,4.578485805988599,6.937214453868967,1.7814655172413794,4.423576248247221
2022_03_ATL_SEA,2022-09-25T16:25-04:00,SEA,ATL,2022,3,False,-4.0,3.7694430564858097,3.841219048991526,4.573969433057979,1.7814655172413794,3.5857359056373217
2022_03_GB_TB,2022-09-25T16:25-04:00,TB,GB,2022,3,False,-2.0,3.523808183331447,3.229126769900092,5.741728669575318,1.7814655172413794,3.297303146982303
2022_03_LA_ARI,2022-09-25T16:25-04:00,ARI,LAR,2022,3,False,-8.0,-1.3905054351065451,-0.06551002620987822,2.271330976931508,1.7814655172413794,-1.7681794547599852
2022_03_SF_DEN,2022-09-25T20:20-04:00,DEN,SF,2022,3,False,1.0,-1.5908999594146844,-1.6882519948294687,-0.31224293171201545,1.7814655172413794,-1.5780765048545746
2022_03_DAL_NYG,2022-09-26T20:15-04:00,NYG,DAL,2022,3,False,-7.0,-2.964949737053362,-3.466473949035425,-2.8145871108110647,1.7814655172413794,-2.6813568355362434
2022_04_MIA_CIN,2022-09-29T20:15-04:00,CIN,MIA,2022,4,False,12.0,4.454193228002318,2.076671097758626,2.0593683671939234,1.7814655172413794,4.460055019206862
2022_04_MIN_NO,2022-10-02T09:30-04:00,NO,MIN,2022,4,True,-3.0,-3.495476496097107,-3.3832802839940825,-0.25435884899671035,1.7814655172413794,-3.720699211911225
2022_04_BUF_BAL,2022-10-02T13:00-04:00,BAL,BUF,2022,4,False,-3.0,-5.0132657036233645,-4.315226847435722,-2.3453266105415045,1.7814655172413794,-4.839074483785759
2022_04_CHI_NYG,2022-10-02T13:00-04:00,NYG,CHI,2022,4,False,8.0,2.6452406598632474,2.5143816077873935,0.47560126146211523,1.7814655172413794,2.6962177117166792
2022_04_CLE_ATL,2022-10-02T13:00-04:00,ATL,CLE,2022,4,False,3.0,-0.1788429951815927,-0.17854181963868,1.027943110915565,1.7814655172413794,-0.019413639322750087
2022_04_JAX_PHI,2022-10-02T13:00-04:00,PHI,JAX,2022,4,False,8.0,5.608681594245523,5.941396062623669,7.810339279010689,1.7814655172413794,5.492360680306087
2022_04_LAC_HOU,2022-10-02T13:00-04:00,HOU,LAC,2022,4,False,-10.0,-3.9248597801545717,-3.9521047199085615,0.28240164076436125,1.7814655172413794,-3.979729115731461
2022_04_NYJ_PIT,2022-10-02T13:00-04:00,PIT,NYJ,2022,4,False,-4.0,6.745534870080192,7.171487799543101,6.881554244132964,1.7814655172413794,6.898852091447208
2022_04_SEA_DET,2022-10-02T13:00-04:00,DET,SEA,2022,4,False,-3.0,0.38602747688975986,0.2182346805268695,1.1987348714467385,1.7814655172413794,0.5885600847371011
2022_04_TEN_IND,2022-10-02T13:00-04:00,IND,TEN,2022,4,False,-7.0,1.880433654951129,1.2030852202544355,3.6937146903153395,1.7814655172413794,2.098085198362944
2022_04_WAS_DAL,2022-10-02T13:00-04:00,DAL,WAS,2022,4,False,15.0,6.266125001874549,6.555686707355113,7.780829891726011,1.7814655172413794,5.9736485632957645
2022_04_ARI_CAR,2022-10-02T16:05-04:00,CAR,ARI,2022,4,False,-10.0,-0.75608131504955,-1.693069332699974,0.14641192437037098,1.7814655172413794,-0.5709250013785545
2022_04_DEN_LV,2022-10-02T16:25-04:00,LV,DEN,2022,4,False,9.0,-0.482445017225428,-0.3545223089069729,1.2420283924106825,1.7814655172413794,-0.46587913485694266
2022_04_NE_GB,2022-10-02T16:25-04:00,GB,NE,2022,4,False,3.0,7.272482713128165,6.243732529207085,4.187072556390211,1.7814655172413794,7.397340989009583
2022_04_KC_TB,2022-10-02T20:20-04:00,TB,KC,2022,4,False,-10.0,0.33454621722863875,-0.23977134398874822,3.3169121757276976,1.7814655172413794,0.23890329164275137
2022_04_LA_SF,2022-10-03T20:15-04:00,SF,LAR,2022,4,False,15.0,1.0494119023192598,1.4903934301793447,3.4286728111329388,1.7814655172413794,0.833792867791287
2022_05_IND_DEN,2022-10-06T20:15-04:00,DEN,IND,2022,5,False,-3.0,1.3056293089632147,1.2436887762974895,1.969447381091676,1.7814655172413794,1.2517758310697014
2022_05_NYG_GB,2022-10-09T09:30-04:00,GB,NYG,2022,5,True,-5.0,7.812552896615729,7.779832100697625,5.9658940312157736,1.7814655172413794,7.983764664883484
2022_05_ATL_TB,2022-10-09T13:00-04:00,TB,ATL,2022,5,False,6.0,8.238427567391206,8.15592694248415,7.97393416701161,1.7814655172413794,8.13902058853719
2022_05_CHI_MIN,2022-10-09T13:00-04:00,MIN,CHI,2022,5,False,7.0,8.363773072140933,8.169950840554053,4.965549716117539,1.7814655172413794,8.57040319365508
2022_05_DET_NE,2022-10-09T13:00-04:00,NE,DET,2022,5,False,29.0,1.830058554482978,2.7797733941386302,6.270391588885039,1.7814655172413794,1.8173243681441709
2022_05_HOU_JAX,2022-10-09T13:00-04:00,JAX,HOU,2022,5,False,-7.0,4.817109803273299,4.891283497364087,4.0373394743498,1.7814655172413794,4.979958821547843
2022_05_LAC_CLE,2022-10-09T13:00-04:00,CLE,LAC,2022,5,False,-2.0,0.024805778169655568,0.018582031632278895,2.319879243526826,1.7814655172413794,-0.022231606627609812
2022_05_MIA_NYJ,2022-10-09T13:00-04:00,NYJ,MIA,2022,5,False,23.0,-5.029882428602727,-4.963588568457252,-3.4429255758166004,1.7814655172413794,-5.243453089312224
2022_05_PIT_BUF,2022-10-09T13:00-04:00,BUF,PIT,2022,5,False,35.0,13.884452762337364,13.10503473356366,11.056706025646845,1.7814655172413794,13.857717528481949
2022_05_SEA_NO,2022-10-09T13:00-04:00,NO,SEA,2022,5,False,7.0,-1.5162697398157072,-1.4819756945262024,2.5775174935582097,1.7814655172413794,-1.5558235503386895
2022_05_TEN_WAS,2022-10-09T13:00-04:00,WAS,TEN,2022,5,False,-4.0,-3.0562328475751315,-3.5754843468610753,-1.2077547653493501,1.7814655172413794,-3.014024957124387
2022_05_SF_CAR,2022-10-09T16:05-04:00,CAR,SF,2022,5,False,-22.0,-6.1232172580774265,-6.24029472625044,-4.180459989863594,1.7814655172413794,-6.207640601897297
2022_05_DAL_LA,2022-10-09T16:25-04:00,LAR,DAL,2022,5,False,-12.0,1.5269067544980461,0.8485009214392312,0.3038862374683995,1.7814655172413794,1.808349722958189
2022_05_PHI_ARI,2022-10-09T16:25-04:00,ARI,PHI,2022,5,False,-3.0,-0.6796140620588532,-0.22768659660136553,-0.05237473197380771,1.7814655172413794,-0.9190349199761536
2022_05_CIN_BAL,2022-10-09T20:20-04:00,BAL,CIN,2022,5,False,2.0,-0.04394849131841094,0.8709784367593171,1.86911082626815,1.7814655172413794,0.015424585712429162
2022_05_LV_KC,2022-10-10T20:15-04:00,KC,LV,2022,5,False,1.0,9.823243003273046,10.12269015013133,8.588864823825292,1.7814655172413794,9.93820855279428
2022_06_WAS_CHI,2022-10-13T20:15-04:00,CHI,WAS,2022,6,False,-5.0,0.26854235950524696,0.3617524638865901,3.896772060112312,1.7814655172413794,0.34468753614507336
2022_06_BAL_NYG,2022-10-16T13:00-04:00,NYG,BAL,2022,6,False,4.0,-2.6255154029695618,-2.7708776308773935,-1.606764552938392,1.7814655172413794,-2.7354466788957414
2022_06_CIN_NO,2022-10-16T13:00-04:00,NO,CIN,2022,6,False,-4.0,-3.3602781850527377,-2.620170370876668,-0.013692592740976117,1.7814655172413794,-3.634605489293859
2022_06_JAX_IND,2022-10-16T13:00-04:00,IND,JAX,2022,6,False,7.0,4.3392157348117015,4.313537803563251,5.757281512140681,1.7814655172413794,4.218088571368185
2022_06_MIN_MIA,2022-10-16T13:00-04:00,MIA,MIN,2022,6,False,-8.0,-1.8541692583602383,-1.7474574721010945,1.9859435637007758,1.7814655172413794,-1.9150460220960435
2022_06_NE_CLE,2022-10-16T13:00-04:00,CLE,NE,2022,6,False,-23.0,1.082057031225037,0.25701461152041893,-0.9419336839339634,1.7814655172413794,0.9453598445536203
2022_06_NYJ_GB,2022-10-16T13:00-04:00,GB,NYJ,2022,6,False,-17.0,9.514534343661957,9.418581414238325,7.58656157582449,1.7814655172413794,9.908117022934382
2022_06_SF_ATL,2022-10-16T13:00-04:00,ATL,SF,2022,6,False,14.0,-5.9064024145577685,-6.013094642682459,-3.4134942001924973,1.7814655172413794,-5.803960122499914
2022_06_TB_PIT,2022-10-16T13:00-04:00,PIT,TB,2022,6,False,2.0,-7.931617604777983,-7.4176184951124675,-4.682368855815492,1.7814655172413794,-7.91446283485531
2022_06_ARI_SEA,2022-10-16T16:05-04:00,SEA,ARI,2022,6,False,10.0,0.9529987206111997,0.295861588882908,1.424096937515556,1.7814655172413794,0.877868938834279
2022_06_CAR_LA,2022-10-16T16:05-04:00,LAR,CAR,2022,6,False,14.0,9.014605412676406,8.648915130090433,6.929762133350696,1.7814655172413794,9.228843644169784
2022_06_BUF_KC,2022-10-16T16:25-04:00,KC,BUF,2022,6,False,-4.0,-1.2526336589843012,-0.48446172825339984,-1.1148323184609232,1.7814655172413794,-1.2870183323915614
2022_06_DAL_PHI,2022-10-16T20:20-04:00,PHI,DAL,2022,6,False,9.0,2.8079656476680315,2.882532157336732,2.0140031606186306,1.7814655172413794,2.9741233486341074
2022_06_DEN_LAC,2022-10-17T20:15-04:00,LAC,DEN,2022,6,False,3.0,3.966624384838195,4.037171615677993,3.893098748772635,1.7814655172413794,4.037530730085507
2022_07_NO_ARI,2022-10-20T20:15-04:00,ARI,NO,2022,7,False,8.0,3.2838700680390587,3.809907496449762,2.4907935188180588,1.7814655172413794,3.326704782326196
2022_07_ATL_CIN,2022-10-23T13:00-04:00,CIN,ATL,2022,7,False,18.0,5.59010906100912,5.083780335238314,5.222687069062894,1.7814655172413794,5.5915661025231485
2022_07_CLE_BAL,2022-10-23T13:00-04:00,BAL,CLE,2022,7,False,3.0,6.207799985457246,6.473023898264856,5.993750589459065,1.7814655172413794,6.355241227598481
2022_07_DET_DAL,2022-10-23T13:00-04:00,DAL,DET,2022,7,False,18.0,8.751271573336286,9.211769123816993,9.631857832377085,1.7814655172413794,8.652100462844686
2022_07_GB_WAS,2022-10-23T13:00-04:00,WAS,GB,2022,7,False,2.0,-4.404364762682101,-4.396416161881948,-1.1298109780124612,1.7814655172413794,-4.625212470927131
2022_07_IND_TEN,2022-10-23T13:00-04:00,TEN,IND,2022,7,False,9.0,2.2221424656574555,2.841672505796706,2.6538484656594354,1.7814655172413794,2.1075220033621145
2022_07_NYG_JAX,2022-10-23T13:00-04:00,JAX,NYG,2022,7,False,-6.0,0.10542414789331966,-0.019129325065125713,1.1324875021100773,1.7814655172413794,0.2092033743166628
2022_07_TB_CAR,2022-10-23T13:00-04:00,CAR,TB,2022,7,False,18.0,-10.777910068675768,-10.699453383636582,-6.146831008963961,1.7814655172413794,-10.814484539623791
2022_07_HOU_LV,2022-10-23T16:05-04:00,LV,HOU,2022,7,False,18.0,6.347917848382702,6.433932345118185,5.210647888183788,1.7814655172413794,6.273696884725815
2022_07_NYJ_DEN,2022-10-23T16:05-04:00,DEN,NYJ,2022,7,False,-7.0,-0.47310384566751407,-0.6602148209683498,2.96004457168754,1.7814655172413794,-0.4431955452786428
2022_07_KC_SF,2022-10-23T16:25-04:00,SF,KC,2022,7,False,-21.0,-0.7560723715174635,-0.8386640960243776,1.3865208179631914,1.7814655172413794,-0.7677685128650361
2022_07_SEA_LAC,2022-10-23T16:25-04:00,LAC,SEA,2022,7,False,-14.0,2.55672696313498,2.4643350113298244,2.846996240821854,1.7814655172413794,2.6759507194018406
2022_07_PIT_MIA,2022-10-23T20:20-04:00,MIA,PIT,2022,7,False,6.0,4.600259092529122,4.229573655590298,4.443481036839861,1.7814655172413794,4.4508685191689645
2022_07_CHI_NE,2022-10-24T20:15-04:00,NE,CHI,2022,7,False,-19.0,8.994617487204177,9.516432571446257,9.8809851063265,1.7814655172413794,8.98842951424799
2022_08_BAL_TB,2022-10-27T20:15-04:00,TB,BAL,2022,8,False,-5.0,1.867047223688103,1.568372814623115,3.203234732592684,1.7814655172413794,1.9732462350483333
2022_08_DEN_JAX,2022-10-30T09:30-04:00,JAX,DEN,2022,8,True,-4.0,-2.9905721619854546,-2.8848243235790476,-1.9294312985976914,1.7814655172413794,-2.799920572232044
2022_08_ARI_MIN,2022-10-30T13:00-04:00,MIN,ARI,2022,8,False,8.0,2.5206389486019534,1.9456457452436313,3.631037422870534,1.7814655172413794,2.6659005089745054
2022_08_CAR_ATL,2022-10-30T13:00-04:00,ATL,CAR,2022,8,False,3.0,6.181650017192495,6.272982932470864,5.317878226384408,1.7814655172413794,6.181126406239069
2022_08_CHI_DAL,2022-10-30T13:00-04:00,DAL,CHI,2022,8,False,20.0,10.253620353671582,10.452760608632644,7.870062012390265,1.7814655172413794,10.174887386203022
2022_08_LV_NO,2022-10-30T13:00-04:00,NO,LV,2022,8,False,24.0,1.0027371067658017,0.9935791071822424,1.0578547426938378,1.7814655172413794,0.9443595553376571
2022_08_MIA_DET,2022-10-30T13:00-04:00,DET,MIA,2022,8,False,-4.0,-2.9809623401403993,-2.9815961655990835,-1.3087290269988174,1.7814655172413794,-3.0002163967628843
2022_08_NE_NYJ,2022-10-30T13:00-04:00,NYJ,NE,2022,8,False,-5.0,-1.0375155249196655,-1.6099304643910701,-1.1529886123574276,1.7814655172413794,-1.3257944252915488
2022_08_PIT_PHI,2022-10-30T13:00-04:00,PHI,PIT,2022,8,False,22.0,10.590257218472871,10.5685682992419,9.189601035789705,1.7814655172413794,10.675513378046283
2022_08_TEN_HOU,2022-10-30T16:05-04:00,HOU,TEN,2022,8,False,-7.0,-1.07921909092474,-1.3105194370613709,-2.321235191048653,1.7814655172413794,-0.9519558591598294
2022_08_NYG_SEA,2022-10-30T16:25-04:00,SEA,NYG,2022,8,False,14.0,3.920109939626227,3.8385806454953437,4.9147114319643475,1.7814655172413794,3.81716705913046
2022_08_SF_LA,2022-10-30T16:25-04:00,LAR,SF,2022,8,False,-17.0,0.6061441613200919,0.14644952595114358,0.9126510469797773,1.7814655172413794,0.8387172037941856
2022_08_WAS_IND,2022-10-30T16:25-04:00,IND,WAS,2022,8,False,-1.0,2.307437030521016,2.24669169225359,5.094787991952611,1.7814655172413794,2.4084315284436912
2022_08_GB_BUF,2022-10-30T20:20-04:00,BUF,GB,2022,8,False,10.0,10.216091557087207,9.675832524042887,10.67058895680174,1.7814655172413794,10.238707870056626
2022_08_CIN_CLE,2022-10-31T20:15-04:00,CLE,CIN,2022,8,False,19.0,-5.896300288893954,-5.386168371378181,-3.0582539597567973,1.7814655172413794,-6.136329906110443
2022_09_PHI_HOU,2022-11-03T20:15-04:00,HOU,PHI,2022,9,False,-12.0,-9.436252388905983,-9.827206693844497,-6.564237750361556,1.7814655172413794,-9.437562165582591
2022_09_BUF_NYJ,2022-11-06T13:00-05:00,NYJ,BUF,2022,9,False,3.0,-9.814312583210405,-9.249827698646751,-7.013643048711792,1.7814655172413794,-10.138788855536163
2022_09_CAR_CIN,2022-11-06T13:00-05:00,CIN,CAR,2022,9,False,21.0,9.961300115976696,9.539932537306584,8.283321368109037,1.7814655172413794,10.119685059304093
2022_09_GB_DET,2022-11-06T13:00-05:00,DET,GB,2022,9,False,6.0,-4.183507875455294,-4.234924241012926,-2.6019755434315393,1.7814655172413794,-4.243209072946112
2022_09_IND_NE,2022-11-06T13:00-05:00,NE,IND,2022,9,False,23.0,5.0424695226373135,5.561740734612748,6.359352495588057,1.7814655172413794,4.910821779308024
2022_09_LAC_ATL,2022-11-06T13:00-05:00,ATL,LAC,2022,9,False,-3.0,-0.7249950250612474,-0.6978194531342397,2.472064859501325,1.7814655172413794,-0.6226420915070106
2022_09_LV_JAX,2022-11-06T13:00-05:00,JAX,LV,2022,9,False,7.0,-1.1362323734194888,-1.19382824551821,-0.571543845225551,1.7814655172413794,-1.03881734395773
2022_09_MIA_CHI,2022-11-06T13:00-05:00,CHI,MIA,2022,9,False,-3.0,-3.220541669534482,-2.971789337140061,0.5966974460856211,1.7814655172413794,-3.213722107694592
2022_09_MIN_WAS,2022-11-06T13:00-05:00,WAS,MIN,2022,9,False,-3.0,-4.669493848397229,-4.644503627786387,-1.3850044521186842,1.7814655172413794,-4.722797499291449
2022_09_SEA_ARI,2022-11-06T16:05-05:00,ARI,SEA,2022,9,False,-10.0,-0.8329335816786714,-0.3466286129051679,0.43011453525139975,1.7814655172413794,-0.7938106250567193
2022_09_LA_TB,2022-11-06T16:25-05:00,TB,LAR,2022,9,False,3.0,3.8084760093743784,4.028168060085825,4.884739419194901,1.7814655172413794,3.795242897731919
2022_09_TEN_KC,2022-11-06T20:20-05:00,KC,TEN,2022,9,False,3.0,12.828370181055433,12.73662160440956,7.231854268986066,1.7814655172413794,12.814145677018473
2022_09_BAL_NO,2022-11-07T20:15-05:00,NO,BAL,2022,9,False,-14.0,-0.181908131559005,-0.25400206250241397,1.4151956940333825,1.7814655172413794,-0.10889748913835728
2022_10_ATL_CAR,2022-11-10T20:15-05:00,CAR,ATL,2022,10,False,10.0,-4.340868034112294,-4.411063788605161,-0.5135425253559696,1.7814655172413794,-4.40540487597977
2022_10_SEA_TB,2022-11-13T09:30-05:00,TB,SEA,2022,10,True,5.0,-1.4716037729293923,-1.7272799312087208,-1.4254479803723137,1.7814655172413794,-1.3350061730498657
2022_10_CLE_MIA,2022-11-13T13:00-05:00,MIA,CLE,2022,10,False,22.0,2.995423142069819,2.8866567959397704,2.5997267966981035,1.7814655172413794,3.1019591539994855
2022_10_DEN_TEN,2022-11-13T13:00-05:00,TEN,DEN,2022,10,False,7.0,-0.42249200907524287,0.1606863313684923,5.692008158355253,1.7814655172413794,-0.2500221262546758
2022_10_DET_CHI,2022-11-13T13:00-05:00,CHI,DET,2022,10,False,-1.0,1.084558928967705,1.378704889540121,3.894216644820829,1.7814655172413794,0.9878754816288868
2022_10_HOU_NYG,2022-11-13T13:00-05:00,NYG,HOU,2022,10,False,8.0,7.128692745458298,7.301071105208845,5.227378022333835,1.7814655172413794,6.955980055822435
2022_10_JAX_KC,2022-11-13T13:00-05:00,KC,JAX,2022,10,False,10.0,11.89586901879001,11.892636078727929,11.46123510240953,1.7814655172413794,11.772082799417046
2022_10_MIN_BUF,2022-11-13T13:00-05:00,BUF,MIN,2022,10,False,-3.0,4.149418197282357,4.128053361557621,8.566372670092589,1.7814655172413794,4.250401717410064
2022_10_NO_PIT,2022-11-13T13:00-05:00,PIT,NO,2022,10,False,10.0,-3.8805942666540933,-3.623559554004067,-0.9285962613285967,1.7814655172413794,-3.8117151425220244
2022_10_IND_LV,2022-11-13T16:05-05:00,LV,IND,2022,10,False,-5.0,3.065858382054459,3.153461358700244,3.0508785835535113,1.7814655172413794,2.8970052276538585
2022_10_ARI_LA,2022-11-13T16:25-05:00,LAR,ARI,2022,10,False,-10.0,0.05553390558330129,-0.46843197410054793,2.60692615834833,1.7814655172413794,0.31683692088092036
2022_10_DAL_GB,2022-11-13T16:25-05:00,GB,DAL,2022,10,False,3.0,-3.640711859787399,-4.02768426158031,-2.541842451892168,1.7814655172413794,-3.5734374466387298
2022_10_LAC_SF,2022-11-13T20:20-05:00,SF,LAC,2022,10,False,6.0,4.144440000557024,4.29600550925396,6.338718230524945,1.7814655172413794,4.238301189211628
2022_10_WAS_PHI,2022-11-14T20:15-05:00,PHI,WAS,2022,10,False,-11.0,10.822238342715446,11.083130227270715,10.16435212182222,1.7814655172413794,10.929509259835422
2022_11_TEN_GB,2022-11-17T20:15-05:00,GB,TEN,2022,11,False,-10.0,0.9841180363979134,0.5810186865738606,1.0141685144734758,1.7814655172413794,1.0721607563349327
2022_11_CAR_BAL,2022-11-20T13:00-05:00,BAL,CAR,2022,11,False,10.0,6.814752716146279,7.059147926114996,9.206372899379524,1.7814655172413794,6.781304279416517
2022_11_CHI_ATL,2022-11-20T13:00-05:00,ATL,CHI,2022,11,False,3.0,3.908812263109834,3.664141372127336,3.2563551527008903,1.7814655172413794,4.2064128767982565
2022_11_CLE_BUF,2022-11-20T13:00-05:00,BUF,CLE,2022,11,True,8.0,8.641359167085515,8.252498465175343,8.62605028334302,1.7814655172413794,8.794079473390372
2022_11_DET_NYG,2022-11-20T13:00-05:00,NYG,DET,2022,11,False,-13.0,3.5118679829560175,3.738701972483322,4.43518676422093,1.7814655172413794,3.4642517581372707
2022_11_LA_NO,2022-11-20T13:00-05:00,NO,LAR,2022,11,False,7.0,-0.2601183788981616,0.3440573703400551,3.155565199308861,1.7814655172413794,-0.4658395687019814
2022_11_NYJ_NE,2022-11-20T13:00-05:00,NE,NYJ,2022,11,False,7.0,4.778503061089119,5.20422277533132,7.227065654681326,1.7814655172413794,4.950302661966878
2022_11_PHI_IND,2022-11-20T13:00-05:00,IND,PHI,2022,11,False,-1.0,-7.037424899646268,-7.327938411719058,-2.506890331635784,1.7814655172413794,-6.8908264978858185
2022_11_WAS_HOU,2022-11-20T13:00-05:00,HOU,WAS,2022,11,False,-13.0,-3.040015516012913,-3.155692354512542,-1.4231966143100645,1.7814655172413794,-2.8703162505208604
2022_11_LV_DEN,2022-11-20T16:05-05:00,DEN,LV,2022,11,False,-6.0,2.527019070870968,2.4033034748693556,2.7420550526175607,1.7814655172413794,2.449722397335112
2022_11_CIN_PIT,2022-11-20T16:25-05:00,PIT,CIN,2022,11,False,-7.0,-8.75675579457236,-8.019385854000873,-3.701969775912036,1.7814655172413794,-8.917407185423803
2022_11_DAL_MIN,2022-11-20T16:25-05:00,MIN,DAL,2022,11,False,-37.0,-0.9391963687352436,-1.224260682739562,0.6390265625495606,1.7814655172413794,-0.7988520258275439
2022_11_KC_LAC,2022-11-20T20:20-05:00,LAC,KC,2022,11,False,-3.0,-5.837494739385078,-5.938792418389983,-3.6563630138942305,1.7814655172413794,-5.817723959790318
2022_11_SF_ARI,2022-11-21T20:15-05:00,ARI,SF,2022,11,True,-28.0,-4.23077164477076,-4.061010786188632,-3.2688939828104067,1.7814655172413794,-4.398696222083679
2022_12_BUF_DET,2022-11-24T12:30-05:00,DET,BUF,2022,12,False,-3.0,-6.246417007058442,-5.95625512485517,-6.686667785116466,1.7814655172413794,-6.173162079069743
2022_12_NYG_DAL,2022-11-24T16:30-05:00,DAL,NYG,2022,12,False,8.0,10.894549306125004,10.991425588417242,11.443269474651139,1.7814655172413794,10.824806727139947
2022_12_NE_MIN,2022-11-24T20:20-05:00,MIN,NE,2022,12,False,7.0,0.7298978192436509,0.3414323995583439,-0.8973338590108466,1.7814655172413794,0.6779831681428841
2022_12_ATL_WAS,2022-11-27T13:00-05:00,WAS,ATL,2022,12,False,6.0,2.2159947894156895,2.3121126137871904,4.686159649127953,1.7814655172413794,2.0684334617986067
2022_12_BAL_JAX,2022-11-27T13:00-05:00,JAX,BAL,2022,12,False,1.0,-4.181861711435495,-4.320089285008286,-3.7524061824124146,1.7814655172413794,-3.92595039939987
2022_12_CHI_NYJ,2022-11-27T13:00-05:00,NYJ,CHI,2022,12,False,21.0,3.3596409277657497,3.2300896957741814,5.234861062086511,1.7814655172413794,3.4806252814798357
2022_12_CIN_TEN,2022-11-27T13:00-05:00,TEN,CIN,2022,12,False,-4.0,-1.084247421213833,-0.28851108425183514,1.5425573770155911,1.7814655172413794,-1.248928502230451
2022_12_DEN_CAR,2022-11-27T13:00-05:00,CAR,DEN,2022,12,False,13.0,-2.7856723279105733,-2.750337749093821,1.118184552274085,1.7814655172413794,-2.741540458224779
2022_12_HOU_MIA,2022-11-27T13:00-05:00,MIA,HOU,2022,12,False,15.0,11.32499032920207,11.299687267644327,9.501322866223706,1.7814655172413794,11.19026718291843
2022_12_TB_CLE,2022-11-27T13:00-05:00,CLE,TB,2022,12,False,6.0,-3.615416406358544,-3.495425918247125,-0.8812999897736598,1.7814655172413794,-3.752324584628895
2022_12_LAC_ARI,2022-11-27T16:05-05:00,ARI,LAC,2022,12,False,-1.0,0.777120886991189,1.2909130270145883,1.4697892870937301,1.7814655172413794,0.5659644550877068
2022_12_LV_SEA,2022-11-27T16:05-05:00,SEA,LV,2022,12,False,-6.0,5.960416452733903,6.022948758614729,5.933620049981123,1.7814655172413794,6.098815174607767
2022_12_LA_KC,2022-11-27T16:25-05:00,KC,LAR,2022,12,False,16.0,13.374050131286356,13.491835271424522,10.16056465017212,1.7814655172413794,13.288855685454562
2022_12_NO_SF,2022-11-27T16:25-05:00,SF,NO,2022,12,False,13.0,9.49399681225195,9.433339473109653,8.10910893885363,1.7814655172413794,9.588003525751194
2022_12_GB_PHI,2022-11-27T20:20-05:00,PHI,GB,2022,12,False,7.0,3.8435258764241067,4.278599902200315,6.732258897635124,1.7814655172413794,3.8131760535473553
2022_12_PIT_IND,2022-11-28T20:15-05:00,IND,PIT,2022,12,False,-7.0,4.703471784108084,4.427413067621737,4.552677039587984,1.7814655172413794,4.727384424283216
2022_13_BUF_NE,2022-12-01T20:15-05:00,NE,BUF,2022,13,False,-14.0,-4.365914253684775,-3.5561563934980103,-0.20292909485920596,1.7814655172413794,-4.341886104320603
2022_13_CLE_HOU,2022-12-04T13:00-05:00,HOU,CLE,2022,13,False,-13.0,-6.118866420063916,-5.9625327528004,-2.4670071445472903,1.7814655172413794,-5.933508050855154
2022_13_DEN_BAL,2022-12-04T13:00-05:00,BAL,DEN,2022,13,False,1.0,7.595774006198086,7.8686482098523225,8.478307211645193,1.7814655172413794,7.629740560905663
2022_13_GB_CHI,2022-12-04T13:00-05:00,CHI,GB,2022,13,False,-9.0,-3.8118444472300266,-3.542331244571763,-1.0171825619775219,1.7814655172413794,-3.9262005898072094
2022_13_JAX_DET,2022-12-04T13:00-05:00,DET,JAX,2022,13,False,26.0,2.729851296074989,2.642905109669819,3.234291723759708,1.7814655172413794,2.6596911558199707
2022_13_NYJ_MIN,2022-12-04T13:00-05:00,MIN,NYJ,2022,13,False,5.0,3.1159108535913407,3.220684541334795,3.205586566550582,1.7814655172413794,3.0678958520020583
2022_13_PIT_ATL,2022-12-04T13:00-05:00,ATL,PIT,2022,13,False,-3.0,2.843648278417665,2.571334085434927,2.499310275043154,1.7814655172413794,2.9665767456852166
2022_13_TEN_PHI,2022-12-04T13:00-05:00,PHI,TEN,2022,13,False,25.0,3.9036345547045204,3.8906082022187802,4.030074520891114,1.7814655172413794,3.978803254272175
2022_13_WAS_NYG,2022-12-04T13:00-05:00,NYG,WAS,2022,13,False,0.0,0.17595351515614735,0.23561721523755602,-0.2961173722861874,1.7814655172413794,0.10173026828104742
2022_13_MIA_SF,2022-12-04T16:05-05:00,SF,MIA,2022,13,False,16.0,4.724355872538412,4.897064494641496,5.896452209878365,1.7814655172413794,4.692536166229248
2022_13_SEA_LA,2022-12-04T16:05-05:00,LAR,SEA,2022,13,False,-4.0,-5.790904367014674,-5.9652890206861775,-1.3223561075765233,1.7814655172413794,-5.710480915172522
2022_13_KC_CIN,2022-12-04T16:25-05:00,CIN,KC,2022,13,False,3.0,-2.4717892263579184,-2.799589551683158,0.4210825318169804,1.7814655172413794,-2.4690711793137474
2022_13_LAC_LV,2022-12-04T16:25-05:00,LV,LAC,2022,13,False,7.0,0.588566590416546,0.6977919724042584,2.4529311289614237,1.7814655172413794,0.3499036046223336
2022_13_IND_DAL,2022-12-04T20:20-05:00,DAL,IND,2022,13,False,35.0,10.33826735548611,10.587519330204138,10.193432174319408,1.7814655172413794,10.118562843829205
2022_13_NO_TB,2022-12-05T20:15-05:00,TB,NO,2022,13,False,1.0,5.893922032415905,5.632932059852122,4.936278087711971,1.7814655172413794,5.955764898800138
2022_14_LV_LA,2022-12-08T20:15-05:00,LAR,LV,2022,14,False,1.0,-1.698565120956499,-1.9414196641979609,-0.22063252235222297,1.7814655172413794,-1.567703103785178
2022_14_BAL_PIT,2022-12-11T13:00-05:00,PIT,BAL,2022,14,False,-2.0,-1.0932250157618395,-1.054001521420633,-1.6167069480020526,1.7814655172413794,-1.0026140503658567
2022_14_CLE_CIN,2022-12-11T13:00-05:00,CIN,CLE,2022,14,False,13.0,6.571679612863524,6.3652426312597274,6.97046249295005,1.7814655172413794,6.626351832677552
2022_14_HOU_DAL,2022-12-11T13:00-05:00,DAL,HOU,2022,14,False,4.0,17.90788153461379,18.11939408201642,16.591292078838414,1.7814655172413794,17.61337498075251
2022_14_JAX_TEN,2022-12-11T13:00-05:00,TEN,JAX,2022,14,False,-14.0,5.560062152962472,5.819517180163253,7.406606100842426,1.7814655172413794,5.286962550076481
2022_14_MIN_DET,2022-12-11T13:00-05:00,DET,MIN,2022,14,False,11.0,0.47177181141516356,0.43405952863537955,0.14741425016072407,1.7814655172413794,0.5749035915268664
2022_14_NYJ_BUF,2022-12-11T13:00-05:00,BUF,NYJ,2022,14,False,8.0,10.21674295952296,9.880677756577594,9.290610766963272,1.7814655172413794,10.130163124060923
2022_14_PHI_NYG,2022-12-11T13:00-05:00,NYG,PHI,2022,14,False,-26.0,-6.53858340379305,-6.740129120927424,-5.378526218749477,1.7814655172413794,-6.549850458799445
2022_14_KC_DEN,2022-12-11T16:05-05:00,DEN,KC,2022,14,False,-6.0,-8.873332533695207,-8.896889631683747,-5.958819904169719,1.7814655172413794,-9.053576218072678
2022_14_CAR_SEA,2022-12-11T16:25-05:00,SEA,CAR,2022,14,False,-6.0,7.073535575790934,7.129945225681856,6.799354332585844,1.7814655172413794,7.176608084543335
2022_14_TB_SF,2022-12-11T16:25-05:00,SF,TB,2022,14,False,28.0,3.038272081109935,3.002325840145135,7.459451451151134,1.7814655172413794,3.043153882865072
2022_14_MIA_LAC,2022-12-11T20:20-05:00,LAC,MIA,2022,14,False,6.0,0.2160303443865561,0.31748025382052236,0.8929222258515099,1.7814655172413794,0.3366674451880072
2022_14_NE_ARI,2022-12-12T20:15-05:00,ARI,NE,2022,14,False,-14.0,0.16275319085568438,0.2874923615610726,-2.0672112522872306,1.7814655172413794,0.12479121263535675
2022_15_SF_SEA,2022-12-15T20:15-05:00,SEA,SF,2022,15,False,-8.0,-3.301624074796936,-3.0537922573941065,-4.340652098784006,1.7814655172413794,-3.3340826644416492
2022_15_IND_MIN,2022-12-17T13:00-05:00,MIN,IND,2022,15,False,3.0,5.120955205544022,5.0383482772675485,7.003641063164379,1.7814655172413794,5.217620335968275
2022_15_BAL_CLE,2022-12-17T16:30-05:00,CLE,BAL,2022,15,False,10.0,1.4729721097030133,1.1170086832869437,-0.5412458585629052,1.7814655172413794,1.3244202805928182
2022_15_MIA_BUF,2022-12-17T20:15-05:00,BUF,MIA,2022,15,False,3.0,7.597097703647552,7.304845616447519,9.45920929366552,1.7814655172413794,7.606092826081437
2022_15_ATL_NO,2022-12-18T13:00-05:00,NO,ATL,2022,15,False,3.0,5.133917883805594,5.250027829786081,4.300082943596143,1.7814655172413794,4.8423326120837515
2022_15_DAL_JAX,2022-12-18T13:00-05:00,JAX,DAL,2022,15,False,6.0,-8.440605892183815,-8.599844923991089,-6.518377747603186,1.7814655172413794,-8.322607763992053
2022_15_DET_NYJ,2022-12-18T13:00-05:00,NYJ,DET,2022,15,False,-3.0,-0.6984243979517042,-0.686100819922201,3.160689044555581,1.7814655172413794,-0.7996554921440316
2022_15_KC_HOU,2022-12-18T13:00-05:00,HOU,KC,2022,15,False,-6.0,-14.87632760145581,-14.75012572049595,-9.268240015045203,1.7814655172413794,-14.688356433386183
2022_15_PHI_CHI,2022-12-18T13:00-05:00,CHI,PHI,2022,15,False,-5.0,-10.800906343028345,-10.884891431232482,-8.888313932819063,1.7814655172413794,-10.917367888699063
2022_15_PIT_CAR,2022-12-18T13:00-05:00,CAR,PIT,2022,15,False,-8.0,1.7868533596019702,1.5141756156534876,2.588428200507006,1.7814655172413794,1.6806321127818196
2022_15_ARI_DEN,2022-12-18T16:05-05:00,DEN,ARI,2022,15,False,9.0,-0.9794597524377118,-1.2659019195657515,2.4509430570932276,1.7814655172413794,-0.9719582353754057
2022_15_NE_LV,2022-12-18T16:05-05:00,LV,NE,2022,15,False,6.0,0.5670596331103531,0.378540303555001,-1.3590774472824587,1.7814655172413794,0.5207625665972213
2022_15_CIN_TB,2022-12-18T16:25-05:00,TB,CIN,2022,15,False,-11.0,-3.1793484218578123,-3.008313743229781,-2.658768135408537,1.7814655172413794,-3.2068119638241646
2022_15_TEN_LAC,2022-12-18T16:25-05:00,LAC,TEN,2022,15,False,3.0,3.39474737659975,3.0073107650517867,3.099112348937854,1.7814655172413794,3.619237868862904
2022_15_NYG_WAS,2022-12-18T20:20-05:00,WAS,NYG,2022,15,False,-8.0,4.763018501495546,4.772693633435495,6.751699766443259,1.7814655172413794,4.8104334443842
2022_15_LA_GB,2022-12-19T20:15-05:00,GB,LAR,2022,15,False,12.0,6.3409478397001,6.462139153666662,5.134377873434823,1.7814655172413794,6.395802664212377
2022_16_JAX_NYJ,2022-12-22T20:15-05:00,NYJ,JAX,2022,16,False,-16.0,1.749067240484481,1.6413552140335956,4.807994690141328,1.7814655172413794,1.6889344751347317
2022_16_ATL_BAL,2022-12-24T13:00-05:00,BAL,ATL,2022,16,False,8.0,5.340253723144485,5.291598180982703,6.582940532953289,1.7814655172413794,5.200411403544582
2022_16_BUF_CHI,2022-12-24T13:00-05:00,CHI,BUF,2022,16,False,-22.0,-10.78232954159511,-10.144846610881109,-8.981512920571197,1.7814655172413794,-10.819303478642711
2022_16_CIN_NE,2022-12-24T13:00-05:00,NE,CIN,2022,16,False,-4.0,-3.9212524097383286,-3.4272376405065,0.5066194325302051,1.7814655172413794,-3.9843321197639736
2022_16_DET_CAR,2022-12-24T13:00-05:00,CAR,DET,2022,16,False,14.0,-3.3422297069418967,-3.3505293265158045,-0.8827729605950783,1.7814655172413794,-3.400544865214255
2022_16_NO_CLE,2022-12-24T13:00-05:00,CLE,NO,2022,16,False,-7.0,4.540997994175779,4.33748622827941,3.5178110511180987,1.7814655172413794,4.517454934821609
2022_16_NYG_MIN,2022-12-24T13:00-05:00,MIN,NYG,2022,16,False,3.0,3.2507141812572753,3.115391246202814,6.308128577156403,1.7814655172413794,3.258991102696472
2022_16_SEA_KC,2022-12-24T13:00-05:00,KC,SEA,2022,16,False,14.0,10.078375790077914,9.992681072717764,7.8122549166183095,1.7814655172413794,10.017198420267576
2022_16_HOU_TEN,2022-12-24T14:00-05:00,TEN,HOU,2022,16,False,-5.0,3.297969316197427,3.3848276551833134,7.35314204529384,1.7814655172413794,2.9997563842931227
2022_16_WAS_SF,2022-12-24T16:05-05:00,SF,WAS,2022,16,False,17.0,9.616256348622805,9.276367913248087,11.212724174911365,1.7814655172413794,9.69131327937706
2022_16_PHI_DAL,2022-12-24T16:25-05:00,DAL,PHI,2022,16,False,6.0,4.588192225248327,4.499325430538695,1.434442339760838,1.7814655172413794,4.568573889616589
2022_16_LV_PIT,2022-12-24T20:15-05:00,PIT,LV,2022,16,False,3.0,-0.636701849538877,-0.4200381546609042,0.9092879566071681,1.7814655172413794,-0.38493854503995206
2022_16_GB_MIA,2022-12-25T13:00-05:00,MIA,GB,2022,16,False,-6.0,1.110115080490116,1.0469803096957002,3.0532817287436522,1.7814655172413794,1.1322678712207297
2022_16_DEN_LA,2022-12-25T16:30-05:00,LAR,DEN,2022,16,False,37.0,-0.008258905845646591,-0.14928114558614825,1.5034704858586743,1.7814655172413794,-0.014672821443896367
2022_16_TB_ARI,2022-12-25T20:20-05:00,ARI,TB,2022,16,False,-3.0,-4.513261932456815,-4.114620584557795,0.6201943210114922,1.7814655172413794,-4.547742729896578
2022_16_LAC_IND,2022-12-26T20:15-05:00,IND,LAC,2022,16,False,-17.0,-3.796933257330837,-3.729192257521056,-0.4287194646759529,1.7814655172413794,-4.086685002783351
2022_17_DAL_TEN,2022-12-29T20:15-05:00,TEN,DAL,2022,17,False,-14.0,-10.255667030637445,-10.41490692166799,-4.934362367435158,1.7814655172413794,-10.392912664540278
2022_17_ARI_ATL,2023-01-01T13:00-05:00,ATL,ARI,2022,17,False,1.0,3.0468132270568367,2.8739739432399114,3.122220085498618,1.7814655172413794,3.294301821832453
2022_17_CAR_TB,2023-01-01T13:00-05:00,TB,CAR,2022,17,False,6.0,4.127150609240203,3.942946559692709,3.0844981575557364,1.7814655172413794,4.2152799554142
2022_17_CHI_DET,2023-01-01T13:00-05:00,DET,CHI,2022,17,False,31.0,7.9419864225995935,7.777600349421618,7.530475658375947,1.7814655172413794,7.997631332441246
2022_17_CLE_WAS,2023-01-01T13:00-05:00,WAS,CLE,2022,17,False,-14.0,0.2399486751865213,0.4677687084806763,1.8015000549899667,1.7814655172413794,0.2988028562072729
2022_17_DEN_KC,2023-01-01T13:00-05:00,KC,DEN,2022,17,False,3.0,13.88499866656245,13.765131489057921,12.192780527951488,1.7814655172413794,13.89516716944081
2022_17_IND_NYG,2023-01-01T13:00-05:00,NYG,IND,2022,17,False,28.0,6.887385363978003,6.93697588816531,4.085922009969353,1.7814655172413794,6.932728742758172
2022_17_JAX_HOU,2023-01-01T13:00-05:00,HOU,JAX,2022,17,False,-28.0,-4.04019427790724,-4.104840642125996,-1.9514951959542755,1.7814655172413794,-3.9638116602570683
2022_17_MIA_NE,2023-01-01T13:00-05:00,NE,MIA,2022,17,False,2.0,2.0355101295915436,2.2203435931215236,4.983102693280809,1.7814655172413794,2.0125041371398833
2022_17_NO_PHI,2023-01-01T13:00-05:00,PHI,NO,2022,17,False,-10.0,6.885213443137339,6.971294183518332,8.774848700632091,1.7814655172413794,7.056424817646305
2022_17_NYJ_SEA,2023-01-01T16:05-05:00,SEA,NYJ,2022,17,False,17.0,3.819197337143211,3.874700313413565,3.3156926754238443,1.7814655172413794,3.7761522113528367
2022_17_SF_LV,2023-01-01T16:05-05:00,LV,SF,2022,17,False,-3.0,-7.167963599320001,-6.895739018054501,-5.288987506285432,1.7814655172413794,-7.428095483896627
2022_17_LA_LAC,2023-01-01T16:25-05:00,LAC,LAR,2022,17,False,21.0,4.534938911667657,4.644312492241184,5.127458730091085,1.7814655172413794,4.602026286986478
2022_17_MIN_GB,2023-01-01T16:25-05:00,GB,MIN,2022,17,False,24.0,4.376421959508045,4.254576619967937,3.232338836406553,1.7814655172413794,4.327029649906874
2022_17_PIT_BAL,2023-01-01T20:20-05:00,BAL,PIT,2022,17,False,-3.0,1.9070859549697143,1.7953420334525725,5.038951408145542,1.7814655172413794,1.9778473542625252
2022_18_KC_LV,2023-01-07T16:30-05:00,LV,KC,2022,18,False,-18.0,-9.177964440268811,-9.016880118679651,-2.380590730741546,1.7814655172413794,-9.279401726122362
2022_18_TEN_JAX,2023-01-07T20:15-05:00,JAX,TEN,2022,18,False,4.0,7.418706841353986,7.461395132610984,6.131247279896875,1.7814655172413794,7.772182574680468
2022_18_BAL_CIN,2023-01-08T13:00-05:00,CIN,BAL,2022,18,False,11.0,9.979223812798208,9.686519784265627,7.084471442703394,1.7814655172413794,9.828785579587839
2022_18_CAR_NO,2023-01-08T13:00-05:00,NO,CAR,2022,18,False,-3.0,3.310541814872897,3.3537138293855344,5.4108454975639315,1.7814655172413794,3.3872444856596817
2022_18_CLE_PIT,2023-01-08T13:00-05:00,PIT,CLE,2022,18,False,14.0,0.47622888718477596,0.8380850653528823,1.734031711981956,1.7814655172413794,0.5764607153462928
2022_18_HOU_IND,2023-01-08T13:00-05:00,IND,HOU,2022,18,False,-1.0,1.4429064543220291,1.580845102816796,2.839336383668721,1.7814655172413794,1.1707773659419443
2022_18_MIN_CHI,2023-01-08T13:00-05:00,CHI,MIN,2022,18,False,-16.0,-7.584633567839526,-7.64978747825717,-3.3609471164182345,1.7814655172413794,-7.63080972678804
2022_18_NE_BUF,2023-01-08T13:00-05:00,BUF,NE,2022,18,False,12.0,8.61447648110193,8.142232565464372,7.8863405689438775,1.7814655172413794,8.597521351268108
2022_18_NYJ_MIA,2023-01-08T13:00-05:00,MIA,NYJ,2022,18,False,5.0,2.3359095745059073,2.3794162802847847,5.155361855303342,1.7814655172413794,2.1754176658761217
2022_18_TB_ATL,2023-01-08T13:00-05:00,ATL,TB,2022,18,False,13.0,0.11932257580270167,0.07550565291811906,0.32155611376267057,1.7814655172413794,0.2565273748474399
2022_18_ARI_SF,2023-01-08T16:25-05:00,SF,ARI,2022,18,False,25.0,11.040979393779761,10.673607934145618,13.614020304148907,1.7814655172413794,11.157149884104852
2022_18_DAL_WAS,2023-01-08T16:25-05:00,WAS,DAL,2022,18,False,20.0,-10.156781220120639,-10.388781816597966,-6.517520567555065,1.7814655172413794,-10.165094763617063
2022_18_LAC_DEN,2023-01-08T16:25-05:00,DEN,LAC,2022,18,False,3.0,-4.642145807986704,-4.6294225535136695,-2.6319112715965662,1.7814655172413794,-4.7724962102067305
2022_18_LA_SEA,2023-01-08T16:25-05:00,SEA,LAR,2022,18,False,3.0,4.353278700454949,4.4858279164506225,6.165657007553631,1.7814655172413794,4.323680289895822
2022_18_NYG_PHI,2023-01-08T16:25-05:00,PHI,NYG,2022,18,False,6.0,9.283880867614112,9.391953119985935,8.481885070952728,1.7814655172413794,9.413653061065183
2022_18_DET_GB,2023-01-08T20:20-05:00,GB,DET,2022,18,False,-4.0,4.644191634362588,4.587747562242612,4.062810294448841,1.7814655172413794,4.620483726839229
2023_01_DET_KC,2023-09-07T20:20-04:00,KC,DET,2023,1,False,-1.0,7.013785946658539,6.825715674107752,4.89309469899032,1.8020069471246623,7.061894333082798
2023_01_ARI_WAS,2023-09-10T13:00-04:00,WAS,ARI,2023,1,False,4.0,2.588998384131963,2.503460220412154,3.9368573957551196,1.8020069471246623,2.6840790850205956
2023_01_CAR_ATL,2023-09-10T13:00-04:00,ATL,CAR,2023,1,False,14.0,3.6818063217015844,3.7489326694276675,2.0817247134177754,1.8020069471246623,3.740672266094424
2023_01_CIN_CLE,2023-09-10T13:00-04:00,CLE,CIN,2023,1,False,21.0,-4.580884158822325,-3.9635315358410033,-0.6826120575038295,1.8020069471246623,-4.61946305244199
2023_01_HOU_BAL,2023-09-10T13:00-04:00,BAL,HOU,2023,1,False,16.0,7.7569235368122875,7.9450197213959495,5.825592926207008,1.8020069471246623,7.758362912946034
2023_01_JAX_IND,2023-09-10T13:00-04:00,IND,JAX,2023,1,False,-10.0,-6.1161526223279035,-6.339575825357885,-1.120132747534221,1.8020069471246623,-6.165019073867211
2023_01_SF_PIT,2023-09-10T13:00-04:00,PIT,SF,2023,1,False,-23.0,-0.809992447562265,-1.1971107509420702,-1.6127490900872479,1.8020069471246623,-0.7894175541690625
2023_01_TB_MIN,2023-09-10T13:00-04:00,MIN,TB,2023,1,False,-3.0,1.4047380215494196,0.6810354411032036,3.28823996827274,1.8020069471246623,1.4559614664834664
2023_01_TEN_NO,2023-09-10T13:00-04:00,NO,TEN,2023,1,False,1.0,2.3677803444597822,2.1265282509703605,3.9188085973432814,1.8020069471246623,2.4929726897427766
2023_01_GB_CHI,2023-09-10T16:25-04:00,CHI,GB,2023,1,False,-18.0,-4.31802858411913,-4.286268899179857,-2.4682520735048783,1.8020069471246623,-4.331558840862831
2023_01_LA_SEA,2023-09-10T16:25-04:00,SEA,LAR,2023,1,False,-17.0,2.04021076741523,2.928126125318225,4.095404228210294,1.8020069471246623,2.0554403163712363
2023_01_LV_DEN,2023-09-10T16:25-04:00,DEN,LV,2023,1,False,-1.0,-0.24622423360547918,-0.4240059942821275,1.5802881612734534,1.8020069471246623,-0.18737795977427318
2023_01_MIA_LAC,2023-09-10T16:25-04:00,LAC,MIA,2023,1,False,-2.0,3.010646778904002,2.6649716721080035,3.072459312804362,1.8020069471246623,3.071115369664533
2023_01_PHI_NE,2023-09-10T16:25-04:00,NE,PHI,2023,1,False,-5.0,-3.261401813369795,-1.1641794945132626,1.4473197198729322,1.8020069471246623,-3.321195380438609
2023_01_DAL_NYG,2023-09-10T20:20-04:00,NYG,DAL,2023,1,False,-40.0,-1.5492788358596596,0.02421351883825995,-0.5015280772088784,1.8020069471246623,-1.558887767687553
2023_01_BUF_NYJ,2023-09-11T20:15-04:00,NYJ,BUF,2023,1,False,6.0,-3.3818096052107296,-4.885270822188872,-2.6871060158586833,1.8020069471246623,-3.361260311559827
2023_02_MIN_PHI,2023-09-14T20:15-04:00,PHI,MIN,2023,2,False,6.0,7.941984128780669,6.020755927305557,5.7231196935007755,1.8020069471246623,7.94421914375618
2023_02_BAL_CIN,2023-09-17T13:00-04:00,CIN,BAL,2023,2,False,-3.0,4.965812964846667,4.099282694828584,2.822819832614468,1.8020069471246623,4.99536230729304
2023_02_CHI_TB,2023-09-17T13:00-04:00,TB,CHI,2023,2,False,10.0,8.674906906984393,9.341371361746592,7.226661648312599,1.8020069471246623,8.710701927208461
2023_02_GB_ATL,2023-09-17T13:00-04:00,ATL,GB,2023,2,False,1.0,-1.2330975294263287,-1.2735482876985784,0.21256138305579864,1.8020069471246623,-1.1587382575749552
2023_02_IND_HOU,2023-09-17T13:00-04:00,HOU,IND,2023,2,False,-11.0,0.9146016783173475,0.982227693856961,2.5211915503412525,1.8020069471246623,0.9126457501242575
2023_02_KC_JAX,2023-09-17T13:00-04:00,JAX,KC,2023,2,False,-8.0,-3.2574095936111735,-2.786442957379364,0.854999773218696,1.8020069471246623,-3.256184340342994
2023_02_LAC_TEN,2023-09-17T13:00-04:00,TEN,LAC,2023,2,False,3.0,-2.3978824349995063,-1.7471384179374785,1.078493235027553,1.8020069471246623,-2.4776397250431503
2023_02_LV_BUF,2023-09-17T13:00-04:00,BUF,LV,2023,2,False,28.0,4.059167050059864,5.038352108088489,6.177413802967484,1.8020069471246623,4.151001167178947
2023_02_SEA_DET,2023-09-17T13:00-04:00,DET,SEA,2023,2,False,-6.0,5.727602854175619,5.264153732746996,5.015644933907401,1.8020069471246623,5.6852233791603295
2023_02_NYG_ARI,2023-09-17T16:05-04:00,ARI,NYG,2023,2,False,-3.0,-0.5376809619094032,-1.1793956359868933,2.55117470235786,1.8020069471246623,-0.6111794077375396
2023_02_SF_LA,2023-09-17T16:05-04:00,LAR,SF,2023,2,False,-7.0,-2.7702956206447755,-3.512821287433614,-3.1859324744815014,1.8020069471246623,-2.738312597298089
2023_02_NYJ_DAL,2023-09-17T16:25-04:00,DAL,NYJ,2023,2,False,20.0,8.98239531375441,8.305671593401733,6.783285525049171,1.8020069471246623,8.970895289156992
2023_02_WAS_DEN,2023-09-17T16:25-04:00,DEN,WAS,2023,2,False,-2.0,3.191263087721218,3.0637668836065144,1.6206103110048278,1.8020069471246623,3.1507069042292994
2023_02_MIA_NE,2023-09-17T20:20-04:00,NE,MIA,2023,2,False,-7.0,0.4297452102944215,0.44403116214520555,2.5053990581028174,1.8020069471246623,0.4416042480580127
2023_02_NO_CAR,2023-09-18T19:15-04:00,CAR,NO,2023,2,False,-3.0,-0.929596691067486,-1.0768014368996623,1.0004306618424081,1.8020069471246623,-0.986788928217238
2023_02_CLE_PIT,2023-09-18T20:15-04:00,PIT,CLE,2023,2,False,4.0,0.30765845481250537,0.41539366753290025,0.036963477592331095,1.8020069471246623,0.37247679582484533
2023_03_NYG_SF,2023-09-21T20:15-04:00,SF,NYG,2023,3,False,18.0,8.999745268575548,8.65638297171202,10.33658598867656,1.8020069471246623,9.031237700101794
2023_03_ATL_DET,2023-09-24T13:00-04:00,DET,ATL,2023,3,False,14.0,2.784358742159452,2.8431985651896055,3.002613983426714,1.8020069471246623,2.7989691953495965
2023_03_BUF_WAS,2023-09-24T13:00-04:00,WAS,BUF,2023,3,False,-34.0,-4.86506017550416,-5.895265889351132,-2.833233403564515,1.8020069471246623,-4.880352212767123
2023_03_DEN_MIA,2023-09-24T13:00-04:00,MIA,DEN,2023,3,False,50.0,6.26922723846216,6.2359921435503916,5.629509740863089,1.8020069471246623,6.313093289553933
2023_03_HOU_JAX,2023-09-24T13:00-04:00,JAX,HOU,2023,3,False,-20.0,7.044806135428468,7.163922407970967,7.780885668347028,1.8020069471246623,7.079521656210599
2023_03_IND_BAL,2023-09-24T13:00-04:00,BAL,IND,2023,3,False,-3.0,7.166385936949407,7.1318862829534035,6.7955676587877,1.8020069471246623,7.13734951838062
2023_03_LAC_MIN,2023-09-24T13:00-04:00,MIN,LAC,2023,3,False,-4.0,-1.4136928915453217,-1.052196091280539,1.6138141712118341,1.8020069471246623,-1.3588800394904734
2023_03_NE_NYJ,2023-09-24T13:00-04:00,NYJ,NE,2023,3,False,-5.0,-2.381947328292864,-2.3742096719445778,1.1713219998587352,1.8020069471246623,-2.334418707464113
2023_03_NO_GB,2023-09-24T13:00-04:00,GB,NO,2023,3,False,1.0,4.564453095650345,4.475835084796472,4.298245089282723,1.8020069471246623,4.51282816159906
2023_03_TEN_CLE,2023-09-24T13:00-04:00,CLE,TEN,2023,3,False,24.0,2.615904213734688,2.341010444397707,4.22255922386061,1.8020069471246623,2.6093343338334556
2023_03_CAR_SEA,2023-09-24T16:05-04:00,SEA,CAR,2023,3,False,10.0,3.959365125617695,4.434304831327427,3.867871991919527,1.8020069471246623,3.967067865377229
2023_03_CHI_KC,2023-09-24T16:25-04:00,KC,CHI,2023,3,False,31.0,16.81456340252383,16.467356649387437,11.27967674878526,1.8020069471246623,16.81734131742206
2023_03_DAL_ARI,2023-09-24T16:25-04:00,ARI,DAL,2023,3,False,12.0,-8.065400886000102,-7.501543774393438,-4.85794506314917,1.8020069471246623,-8.187179502829737
2023_03_PIT_LV,2023-09-24T20:20-04:00,LV,PIT,2023,3,False,-5.0,1.7660139547693232,1.8598895577248875,1.7735211866392648,1.8020069471246623,1.672214365599742
2023_03_PHI_TB,2023-09-25T19:15-04:00,TB,PHI,2023,3,False,-14.0,-3.0522408619499273,-0.861865061497914,-0.3808893131434914,1.8020069471246623,-3.0749636003412015
2023_03_LA_CIN,2023-09-25T20:15-04:00,CIN,LAR,2023,3,False,3.0,1.9800161531939862,1.6287039717326193,3.568175541273554,1.8020069471246623,2.0232362068637877
2023_04_DET_GB,2023-09-28T20:15-04:00,GB,DET,2023,4,False,-14.0,1.70874315331339,1.6582677249679076,3.0945365080366565,1.8020069471246623,1.724093422704964
2023_04_ATL_JAX,2023-10-01T09:30-04:00,JAX,ATL,2023,4,True,16.0,1.873255625580234,2.0311721790493795,-0.146403410918168,1.8020069471246623,1.9340857486714003
2023_04_BAL_CLE,2023-10-01T13:00-04:00,CLE,BAL,2023,4,False,-25.0,-2.625214896808706,-2.7220094023223727,4.12424418110351,1.8020069471246623,-2.689768791504886
2023_04_CIN_TEN,2023-10-01T13:00-04:00,TEN,CIN,2023,4,False,24.0,-5.300541323222497,-4.3036926038140635,-0.7063824257138664,1.8020069471246623,-5.397710085974956
2023_04_DEN_CHI,2023-10-01T13:00-04:00,CHI,DEN,2023,4,False,-3.0,-3.670290271916544,-3.576445441352945,-1.0400278273466617,1.8020069471246623,-3.6176055423615114
2023_04_LA_IND,2023-10-01T13:00-04:00,IND,LAR,2023,4,False,-6.0,-1.816166902186355,-1.5279822332850237,0.5152654335771178,1.8020069471246623,-1.7909457644477507
2023_04_MIA_BUF,2023-10-01T13:00-04:00,BUF,MIA,2023,4,False,28.0,3.758188406112555,4.791512749707516,6.126204898347323,1.8020069471246623,3.7780875376333576
2023_04_MIN_CAR,2023-10-01T13:00-04:00,CAR,MIN,2023,4,False,-8.0,-0.9759450401990941,-1.0620336859828816,1.251304203369521,1.8020069471246623,-1.0713710410023989
2023_04_PIT_HOU,2023-10-01T13:00-04:00,HOU,PIT,2023,4,False,24.0,-0.50500571727148,-0.5782117400692975,-0.3482564344330399,1.8020069471246623,-0.5261546067590763
2023_04_TB_NO,2023-10-01T13:00-04:00,NO,TB,2023,4,False,-17.0,0.7357108958772747,0.23613618559298954,4.274850935446897,1.8020069471246623,0.6866980811625554
2023_04_WAS_PHI,2023-10-01T13:00-04:00,PHI,WAS,2023,4,False,3.0,12.512912501820423,10.980780740247834,8.061500196571986,1.8020069471246623,12.571695654801273
2023_04_LV_LAC,2023-10-01T16:05-04:00,LAC,LV,2023,4,False,7.0,9.377778799023783,9.16290122362577,5.434831535612057,1.8020069471246623,9.414820905873777
2023_04_ARI_SF,2023-10-01T16:25-04:00,SF,ARI,2023,4,False,19.0,10.650602714137788,10.99023117435106,10.42849766278545,1.8020069471246623,10.70987062023254
2023_04_NE_DAL,2023-10-01T16:25-04:00,DAL,NE,2023,4,False,35.0,5.549860038909552,5.036834616270622,5.709919666424938,1.8020069471246623,5.5314354825669225
2023_04_KC_NYJ,2023-10-01T20:20-04:00,NYJ,KC,2023,4,False,-3.0,-11.838958644419918,-11.61678343990325,-4.280125619000995,1.8020069471246623,-11.799415959291943
2023_04_SEA_NYG,2023-10-02T20:15-04:00,NYG,SEA,2023,4,False,-21.0,-0.3485986526614908,-0.19075247961210828,0.17915830051018755,1.8020069471246623,-0.34326895425975157
2023_05_CHI_WAS,2023-10-05T20:15-04:00,WAS,CHI,2023,5,False,-20.0,6.971620850154395,6.96879134320955,7.989119490684457,1.8020069471246623,7.004655126652668
2023_05_JAX_BUF,2023-10-08T09:30-04:00,BUF,JAX,2023,5,True,-5.0,6.944645741954133,7.776320667320784,7.799311410875954,1.8020069471246623,6.904963338719495
2023_05_BAL_PIT,2023-10-08T13:00-04:00,PIT,BAL,2023,5,False,7.0,-3.256891879522928,-3.3125075887444186,-1.7196308321555183,1.8020069471246623,-3.1815715442018164
2023_05_CAR_DET,2023-10-08T13:00-04:00,DET,CAR,2023,5,False,18.0,8.538921186638381,8.515307868256134,7.991821790945314,1.8020069471246623,8.542988704230115
2023_05_HOU_ATL,2023-10-08T13:00-04:00,ATL,HOU,2023,5,False,2.0,-1.7267783004577972,-1.6612283297904513,2.216308823446333,1.8020069471246623,-1.729244554123055
2023_05_NO_NE,2023-10-08T13:00-04:00,NE,NO,2023,5,False,-34.0,2.0882268745662538,2.0745559856081073,2.336871638747077,1.8020069471246623,2.12498692452079
2023_05_NYG_MIA,2023-10-08T13:00-04:00,MIA,NYG,2023,5,False,15.0,9.542736424920054,8.959534790195155,7.634495715464684,1.8020069471246623,9.537559055478058
2023_05_TEN_IND,2023-10-08T13:00-04:00,IND,TEN,2023,5,False,7.0,0.15182337260250756,-0.12410403802662118,0.7500537416901794,1.8020069471246623,0.2035592351607568
2023_05_CIN_ARI,2023-10-08T16:05-04:00,ARI,CIN,2023,5,False,-14.0,-2.3975674259764688,-1.6455186631968532,1.235875940403956,1.8020069471246623,-2.494148437862303
2023_05_PHI_LA,2023-10-08T16:05-04:00,LAR,PHI,2023,5,False,-9.0,-3.2132703992336187,-2.2489696846332947,-0.42479738274623724,1.8020069471246623,-3.253924410391442
2023_05_KC_MIN,2023-10-08T16:25-04:00,MIN,KC,2023,5,False,-7.0,-7.5392991026388225,-7.291542892980521,-2.630979844055922,1.8020069471246623,-7.502428051677354
2023_05_NYJ_DEN,2023-10-08T16:25-04:00,DEN,NYJ,2023,5,False,-10.0,2.7014685676122068,2.7482771131784327,1.1334167014041125,1.8020069471246623,2.618416071582254
2023_05_DAL_SF,2023-10-08T20:20-04:00,SF,DAL,2023,5,False,32.0,3.541307635048277,4.3011650627600435,4.742107034399746,1.8020069471246623,3.5437405882334105
2023_05_GB_LV,2023-10-09T20:15-04:00,LV,GB,2023,5,False,4.0,-0.999850525712294,-0.8260840124577538,-0.40359542686449057,1.8020069471246623,-1.0576098492021953
2023_06_DEN_KC,2023-10-12T20:15-04:00,KC,DEN,2023,6,False,11.0,13.857872674798822,13.621264442536088,11.617372839047848,1.8020069471246623,13.843006017456394
2023_06_BAL_TEN,2023-10-15T09:30-04:00,TEN,BAL,2023,6,True,-8.0,-3.3726078453951978,-3.2446462880007796,-2.879704816139581,1.8020069471246623,-3.433000182070905
2023_06_CAR_MIA,2023-10-15T13:00-04:00,MIA,CAR,2023,6,False,21.0,10.032968218496917,9.898076788369156,8.098219211378435,1.8020069471246623,10.06957244854902
2023_06_IND_JAX,2023-10-15T13:00-04:00,JAX,IND,2023,6,False,17.0,5.619563620523042,5.798738080028618,5.730058461507621,1.8020069471246623,5.666279247042799
2023_06_MIN_CHI,2023-10-15T13:00-04:00,CHI,MIN,2023,6,False,-6.0,-4.807122671018229,-4.713054782248678,-2.3300573722396685,1.8020069471246623,-4.84971643433443
2023_06_NO_HOU,2023-10-15T13:00-04:00,HOU,NO,2023,6,False,7.0,1.5382956382812225,1.3666557680749443,0.1456840144342304,1.8020069471246623,1.625266413495827
2023_06_SEA_CIN,2023-10-15T13:00-04:00,CIN,SEA,2023,6,False,4.0,2.844639389969074,1.865461955220765,1.5007108079350635,1.8020069471246623,2.909701533376118
2023_06_SF_CLE,2023-10-15T13:00-04:00,CLE,SF,2023,6,False,2.0,-11.8613285315357,-12.174892670632698,-5.4673060392039385,1.8020069471246623,-11.892045058419654
2023_06_WAS_ATL,2023-10-15T13:00-04:00,ATL,WAS,2023,6,False,-8.0,2.694619373863305,2.624585656381343,3.3625292154676294,1.8020069471246623,2.654019299633969
2023_06_NE_LV,2023-10-15T16:05-04:00,LV,NE,2023,6,False,4.0,3.4847693028154034,3.661942960554587,3.1112206791908346,1.8020069471246623,3.4018345222083224
2023_06_ARI_LA,2023-10-15T16:25-04:00,LAR,ARI,2023,6,False,17.0,5.637732202475357,5.355400955854989,5.269370256268072,1.8020069471246623,5.646094583877669
2023_06_DET_TB,2023-10-15T16:25-04:00,TB,DET,2023,6,False,-14.0,-1.0602429790601602,-0.48447545996677666,-0.5165263570824052,1.8020069471246623,-1.0179302866236415
2023_06_PHI_NYJ,2023-10-15T16:25-04:00,NYJ,PHI,2023,6,False,6.0,-7.851837635830562,-6.729620423630138,-2.398921649618819,1.8020069471246623,-7.85425467460106
2023_06_NYG_BUF,2023-10-15T20:20-04:00,BUF,NYG,2023,6,False,5.0,17.016059052597846,17.337364884137713,13.85316507933646,1.8020069471246623,17.024499212924695
2023_06_DAL_LAC,2023-10-16T20:15-04:00,LAC,DAL,2023,6,False,-3.0,1.0229697963077455,1.2700307372277266,-0.2593618389786916,1.8020069471246623,1.046041341735387
2023_07_JAX_NO,2023-10-19T20:15-04:00,NO,JAX,2023,7,False,-7.0,0.7347913346049507,0.7182528360337266,0.5594055530382969,1.8020069471246623,0.6047678912320131
2023_07_ATL_TB,2023-10-22T13:00-04:00,TB,ATL,2023,7,False,-3.0,5.462378991564775,5.836968314892532,4.736531718130743,1.8020069471246623,5.448477226695797
2023_07_BUF_NE,2023-10-22T13:00-04:00,NE,BUF,2023,7,False,4.0,-10.019592659351115,-10.876473846335557,-6.526489261265279,1.8020069471246623,-9.998727023169195
2023_07_CLE_IND,2023-10-22T13:00-04:00,IND,CLE,2023,7,False,-1.0,0.19935804068187002,0.15383157933276426,-1.8756691975453261,1.8020069471246623,0.3111336542153982
2023_07_DET_BAL,2023-10-22T13:00-04:00,BAL,DET,2023,7,False,32.0,-1.047730846584706,-0.9293479395109792,0.17446200078785346,1.8020069471246623,-1.0437329795735386
2023_07_LV_CHI,2023-10-22T13:00-04:00,CHI,LV,2023,7,False,18.0,-4.676222405405322,-4.809657086861601,-1.3120986558690975,1.8020069471246623,-4.58744292656534
2023_07_WAS_NYG,2023-10-22T13:00-04:00,NYG,WAS,2023,7,False,7.0,-1.631542915508091,-1.205126550601207,0.9523051434596224,1.8020069471246623,-1.715387728935669
2023_07_ARI_SEA,2023-10-22T16:05-04:00,SEA,ARI,2023,7,False,10.0,7.7398861485095685,8.04669290503957,7.741145184096599,1.8020069471246623,7.7073786272666895
2023_07_PIT_LA,2023-10-22T16:05-04:00,LAR,PIT,2023,7,False,-7.0,4.186090496526043,3.8514785848548962,4.449462518201338,1.8020069471246623,4.077826383057251
2023_07_GB_DEN,2023-10-22T16:25-04:00,DEN,GB,2023,7,False,2.0,-1.0896863823582401,-1.0633151483985184,-1.6679302589932599,1.8020069471246623,-1.0781707689346147
2023_07_LAC_KC,2023-10-22T16:25-04:00,KC,LAC,2023,7,False,14.0,7.5621786185819015,7.573776786573676,6.966103480853415,1.8020069471246623,7.541938279364425
2023_07_MIA_PHI,2023-10-22T20:20-04:00,PHI,MIA,2023,7,False,14.0,2.4974029135622593,1.6370240064501618,2.9680338686977494,1.8020069471246623,2.518577038584753
2023_07_SF_MIN,2023-10-23T20:15-04:00,MIN,SF,2023,7,False,5.0,-6.9631834722136645,-7.165345981573192,-6.145649509098247,1.8020069471246623,-6.8804917630732305
2023_08_TB_BUF,2023-10-26T20:15-04:00,BUF,TB,2023,8,False,6.0,9.770457415933329,10.137150896201414,9.373567093882293,1.8020069471246623,9.74824858415327
2023_08_ATL_TEN,2023-10-29T13:00-04:00,TEN,ATL,2023,8,False,5.0,-1.4616297154827178,-1.5665742367654838,3.222052149860191,1.8020069471246623,-1.4848318822873514
2023_08_HOU_CAR,2023-10-29T13:00-04:00,CAR,HOU,2023,8,False,2.0,-4.248309795478736,-4.176671979410301,-0.8787643731662889,1.8020069471246623,-4.30855239943463
2023_08_JAX_PIT,2023-10-29T13:00-04:00,PIT,JAX,2023,8,False,-10.0,-1.1023534137814348,-1.2070830040174634,-0.5030768761365829,1.8020069471246623,-1.125000111441273
2023_08_LA_DAL,2023-10-29T13:00-04:00,DAL,LAR,2023,8,False,23.0,4.888346067421155,4.831439644982095,6.5298967383919155,1.8020069471246623,4.866663936787899
2023_08_MIN_GB,2023-10-29T13:00-04:00,GB,MIN,2023,8,False,-14.0,-0.798353772179627,-0.8195739284467258,1.996929070632646,1.8020069471246623,-0.8413033733080392
2023_08_NE_MIA,2023-10-29T13:00-04:00,MIA,NE,2023,8,False,14.0,7.012467748857653,6.833608371149262,6.4273823257280895,1.8020069471246623,7.016454804063455
2023_08_NO_IND,2023-10-29T13:00-04:00,IND,NO,2023,8,False,-11.0,-2.4375504000885817,-2.401404835591986,0.1526753609739977,1.8020069471246623,-2.3984668662755504
2023_08_NYJ_NYG,2023-10-29T13:00-04:00,NYG,NYJ,2023,8,False,-3.0,-1.5545663746927283,-1.0709889498586924,-0.418340888622589,1.8020069471246623,-1.5729428258172857
2023_08_PHI_WAS,2023-10-29T13:00-04:00,WAS,PHI,2023,8,False,-7.0,-7.621623868373442,-6.57011421006112,-4.2442811225869335,1.8020069471246623,-7.667834377554554
2023_08_CLE_SEA,2023-10-29T16:05-04:00,SEA,CLE,2023,8,False,4.0,6.1629654709498745,6.379397968710981,2.646781631691071,1.8020069471246623,6.198930751404671
2023_08_BAL_ARI,2023-10-29T16:25-04:00,ARI,BAL,2023,8,False,-7.0,-7.17961577014162,-7.308564328072305,-5.044624656941,1.8020069471246623,-7.193313720298532
2023_08_CIN_SF,2023-10-29T16:25-04:00,SF,CIN,2023,8,False,-14.0,1.4297351932946216,2.78911093070405,9.22398990271376,1.8020069471246623,1.3618423951644536
2023_08_KC_DEN,2023-10-29T16:25-04:00,DEN,KC,2023,8,False,15.0,-10.148103762423881,-9.943141959825375,-6.777214382702171,1.8020069471246623,-10.111155989140412
2023_08_CHI_LAC,2023-10-29T20:20-04:00,LAC,CHI,2023,8,False,17.0,9.138595109771163,8.937923413818744,6.903279854861047,1.8020069471246623,9.147580497420266
2023_08_LV_DET,2023-10-30T20:15-04:00,DET,LV,2023,8,False,12.0,6.20536086841246,5.996159157496769,8.68659257704591,1.8020069471246623,6.180789684857803
2023_09_TEN_PIT,2023-11-02T20:15-04:00,PIT,TEN,2023,9,False,4.0,3.8658105424558755,3.9017705559593523,2.86513511341178,1.8020069471246623,3.9077329595760655
2023_09_MIA_KC,2023-11-05T09:30-05:00,KC,MIA,2023,9,True,7.0,4.117622594257359,4.030821535703512,1.5204987883263663,1.8020069471246623,4.085913802219104
2023_09_ARI_CLE,2023-11-05T13:00-05:00,CLE,ARI,2023,9,False,27.0,7.011121247476439,7.13698259465898,7.978353547897294,1.8020069471246623,7.006621882732424
2023_09_CHI_NO,2023-11-05T13:00-05:00,NO,CHI,2023,9,False,7.0,9.089507266603578,9.154020258391933,7.861616037243482,1.8020069471246623,9.040119785617092
2023_09_LA_GB,2023-11-05T13:00-05:00,GB,LAR,2023,9,False,17.0,4.054502393708105,4.244757897640483,2.729099296814695,1.8020069471246623,3.976128376633144
2023_09_MIN_ATL,2023-11-05T13:00-05:00,ATL,MIN,2023,9,False,-3.0,-1.6626253455397237,-1.7326465984328923,-1.6946436577101753,1.8020069471246623,-1.6829390305046008
2023_09_SEA_BAL,2023-11-05T13:00-05:00,BAL,SEA,2023,9,False,34.0,4.413797118138452,4.285369968595959,4.509813023565147,1.8020069471246623,4.424555627998504
2023_09_TB_HOU,2023-11-05T13:00-05:00,HOU,TB,2023,9,False,2.0,2.4573578216341803,2.090617772759139,2.0571841908485413,1.8020069471246623,2.511903718052326
2023_09_WAS_NE,2023-11-05T13:00-05:00,NE,WAS,2023,9,False,-3.0,1.0367683755850856,0.976218464886859,2.8328025987013437,1.8020069471246623,1.0385345703413944
2023_09_IND_CAR,2023-11-05T16:05-05:00,CAR,IND,2023,9,False,-14.0,0.8803207200177487,0.7975976677039767,1.7617050746672032,1.8020069471246623,0.8843435612153663
2023_09_DAL_PHI,2023-11-05T16:25-05:00,PHI,DAL,2023,9,False,5.0,3.25945849134386,2.8238395981000624,1.8289930023392218,1.8020069471246623,3.3607570786925796
2023_09_NYG_LV,2023-11-05T16:25-05:00,LV,NYG,2023,9,False,24.0,1.433138988685101,1.1563369763846334,2.286372996683959,1.8020069471246623,1.4776929233195486
2023_09_BUF_CIN,2023-11-05T20:20-05:00,CIN,BUF,2023,9,False,6.0,-1.1368922360642935,-2.3757878136185386,-0.5852614535802614,1.8020069471246623,-1.0491038612320274
2023_09_LAC_NYJ,2023-11-06T20:15-05:00,NYJ,LAC,2023,9,False,-21.0,-4.037891006459599,-3.839762226430591,1.5254611936659495,1.8020069471246623,-4.090493712853856
2023_10_CAR_CHI,2023-11-09T20:15-05:00,CHI,CAR,2023,10,False,3.0,1.0977861943202982,1.1548898835557821,3.1436539146547187,1.8020069471246623,1.0924482857482267
2023_10_IND_NE,2023-11-12T09:30-05:00,NE,IND,2023,10,True,-4.0,0.12012983054703003,0.013052508431833587,-0.3630301102973923,1.8020069471246623,0.11248504641015912
2023_10_CLE_BAL,2023-11-12T13:00-05:00,BAL,CLE,2023,10,False,-2.0,5.249380570730342,5.301751565014126,4.932953926594854,1.8020069471246623,5.315719949278434
2023_10_GB_PIT,2023-11-12T13:00-05:00,PIT,GB,2023,10,False,4.0,1.821914601590195,1.78361780264065,1.5766433868002365,1.8020069471246623,1.8721956366222778
2023_10_HOU_CIN,2023-11-12T13:00-05:00,CIN,HOU,2023,10,False,-3.0,5.124661026250303,4.648031769091219,6.723269808703307,1.8020069471246623,5.1837123584748435
2023_10_NO_MIN,2023-11-12T13:00-05:00,MIN,NO,2023,10,False,8.0,-1.0145185628836448,-0.8854139205110432,4.025995662800289,1.8020069471246623,-0.9283845538734627
2023_10_SF_JAX,2023-11-12T13:00-05:00,JAX,SF,2023,10,False,-31.0,-1.0592259180534163,-0.9452524755488956,-0.18718127463719902,1.8020069471246623,-1.006654385181929
2023_10_TEN_TB,2023-11-12T13:00-05:00,TB,TEN,2023,10,False,14.0,4.72714389493714,5.059619919224041,3.063074934639384,1.8020069471246623,4.6722048822296625
2023_10_ATL_ARI,2023-11-12T16:05-05:00,ARI,ATL,2023,10,False,2.0,1.1083903386921201,1.1243609452797134,-0.5168522335670716,1.8020069471246623,1.0623847358024712
2023_10_DET_LAC,2023-11-12T16:05-05:00,LAC,DET,2023,10,False,-3.0,1.873549573782227,1.7355264796229957,1.810151874490268,1.8020069471246623,1.9252187020818066
2023_10_NYG_DAL,2023-11-12T16:25-05:00,DAL,NYG,2023,10,False,32.0,14.363508333367946,13.643546842999992,12.21830657264176,1.8020069471246623,14.301416278439358
2023_10_WAS_SEA,2023-11-12T16:25-05:00,SEA,WAS,2023,10,False,3.0,2.963408684625072,3.0631030538534008,4.96782691789431,1.8020069471246623,2.9423883253938983
2023_10_NYJ_LV,2023-11-12T20:20-05:00,LV,NYJ,2023,10,False,4.0,3.0981053755423424,3.106134561755745,1.9807832413547581,1.8020069471246623,3.157802757295627
2023_10_DEN_BUF,2023-11-13T20:15-05:00,BUF,DEN,2023,10,False,-2.0,9.663303139814811,10.184654005267285,9.461990674093117,1.8020069471246623,9.613294632360889
2023_11_CIN_BAL,2023-11-16T20:15-05:00,BAL,CIN,2023,11,False,14.0,2.150336996080235,2.680654522378113,5.120493407775882,1.8020069471246623,2.147140896589229
2023_11_ARI_HOU,2023-11-19T13:00-05:00,HOU,ARI,2023,11,False,5.0,7.071380688674848,6.935904125672481,7.170546235121716,1.8020069471246623,7.139270877021561
2023_11_CHI_DET,2023-11-19T13:00-05:00,DET,CHI,2023,11,False,5.0,9.058156170353481,8.708778197373098,10.914550233534234,1.8020069471246623,9.077983702508678
2023_11_DAL_CAR,2023-11-19T13:00-05:00,CAR,DAL,2023,11,False,-23.0,-9.563796934341235,-9.253342538014904,-9.40785156292462,1.8020069471246623,-9.506665661163474
2023_11_LAC_GB,2023-11-19T13:00-05:00,GB,LAC,2023,11,False,3.0,-3.065873050589314,-2.8966261673720926,0.1540178023203187,1.8020069471246623,-3.1080838915899123
2023_11_LV_MIA,2023-11-19T13:00-05:00,MIA,LV,2023,11,False,7.0,8.312373515477857,8.123620184233749,6.674786876718992,1.8020069471246623,8.292437624568521
2023_11_NYG_WAS,2023-11-19T13:00-05:00,WAS,NYG,2023,11,False,-12.0,10.361218670461353,10.057490940704007,6.6961603664031895,1.8020069471246623,10.344535405833895
2023_11_PIT_CLE,2023-11-19T13:00-05:00,CLE,PIT,2023,11,False,3.0,1.2986754588030394,1.3613538629529307,6.616072047691464,1.8020069471246623,1.2537627893587309
2023_11_TEN_JAX,2023-11-19T13:00-05:00,JAX,TEN,2023,11,False,20.0,6.613284361679665,6.8053803895120755,6.698134704524039,1.8020069471246623,6.62528097824003
2023_11_TB_SF,2023-11-19T16:05-05:00,SF,TB,2023,11,False,13.0,8.966418728999198,8.767604753669046,10.181702284717762,1.8020069471246623,8.968156899179622
2023_11_NYJ_BUF,2023-11-19T16:25-05:00,BUF,NYJ,2023,11,False,26.0,11.868919475684521,12.32066619697985,8.215041001906389,1.8020069471246623,11.876094051574512
2023_11_SEA_LA,2023-11-19T16:25-05:00,LAR,SEA,2023,11,False,1.0,0.24523508890164925,-0.18335657570439712,0.0002160775328063913,1.8020069471246623,0.2731768360183179
2023_11_MIN_DEN,2023-11-19T20:20-05:00,DEN,MIN,2023,11,False,1.0,0.7408827801063977,0.6905191393517941,-0.8568840802138045,1.8020069471246623,0.6462878048281165
2023_11_PHI_KC,2023-11-20T20:15-05:00,KC,PHI,2023,11,False,-4.0,3.457673564084848,3.866735217992807,2.4320744757486574,1.8020069471246623,3.402731499773837
2023_12_GB_DET,2023-11-23T12:30-05:00,DET,GB,2023,12,False,-7.0,6.6151224326879206,6.548619574652545,5.6003131720219095,1.8020069471246623,6.6207660659044905
2023_12_WAS_DAL,2023-11-23T16:30-05:00,DAL,WAS,2023,12,False,35.0,11.854357132597821,11.414238450447662,13.411023380603199,1.8020069471246623,11.748511907855784
2023_12_SF_SEA,2023-11-23T20:20-05:00,SEA,SF,2023,12,False,-18.0,-7.645179644948004,-7.577696225449888,-5.262631742315919,1.8020069471246623,-7.649607152395622
2023_12_MIA_NYJ,2023-11-24T15:00-05:00,NYJ,MIA,2023,12,False,-21.0,-8.431136127336892,-8.31415760461646,-2.8167155409736324,1.8020069471246623,-8.473862445022917
2023_12_CAR_TEN,2023-11-26T13:00-05:00,TEN,CAR,2023,12,False,7.0,3.891669632843965,3.857764756017214,5.703835098735907,1.8020069471246623,3.9425293947298323
2023_12_JAX_HOU,2023-11-26T13:00-05:00,HOU,JAX,2023,12,False,-3.0,0.4238289299398885,0.1634410782256266,-1.1973694569034263,1.8020069471246623,0.4139277538800257
2023_12_NE_NYG,2023-11-26T13:00-05:00,NYG,NE,2023,12,False,3.0,-3.8442261332075804,-3.544927585493498,0.668529212750677,1.8020069471246623,-3.820231184206077
2023_12_NO_ATL,2023-11-26T13:00-05:00,ATL,NO,2023,12,False,9.0,-2.7905705440088546,-2.738508277034419,-0.2551650384809112,1.8020069471246623,-2.732590211532206
2023_12_PIT_CIN,2023-11-26T13:00-05:00,CIN,PIT,2023,12,False,-6.0,0.9553052548927572,0.8775289864974629,4.45142107952754,1.8020069471246623,0.9161415846998688
2023_12_TB_IND,2023-11-26T13:00-05:00,IND,TB,2023,12,False,7.0,-0.3295340491794728,-0.4589934398569452,0.6902441557482095,1.8020069471246623,-0.25671079175074923
2023_12_CLE_DEN,2023-11-26T16:05-05:00,DEN,CLE,2023,12,False,17.0,2.204164181792426,2.318878615006363,-1.592634762917525,1.8020069471246623,2.1868720462202993
2023_12_LA_ARI,2023-11-26T16:05-05:00,ARI,LAR,2023,12,False,-23.0,-0.8115069513286387,-0.4358967404331948,-0.33079938646652085,1.8020069471246623,-0.8560761243553289
2023_12_BUF_PHI,2023-11-26T16:25-05:00,PHI,BUF,2023,12,False,3.0,-0.7645395303815758,-1.8660961785423655,2.30229478511703,1.8020069471246623,-0.6995633929404912
2023_12_KC_LV,2023-11-26T16:25-05:00,LV,KC,2023,12,False,-14.0,-9.764509430739272,-9.406952107389728,-3.5591962453613295,1.8020069471246623,-9.68023346733194
2023_12_BAL_LAC,2023-11-26T20:20-05:00,LAC,BAL,2023,12,False,-10.0,-0.2473388375165273,-0.40814725385685136,-0.9826592256403952,1.8020069471246623,-0.17769319356342228
2023_12_CHI_MIN,2023-11-27T20:15-05:00,MIN,CHI,2023,12,False,-2.0,3.7184636028036264,3.6346424909669413,8.984336089815228,1.8020069471246623,3.8346536359351453
2023_13_SEA_DAL,2023-11-30T20:15-05:00,DAL,SEA,2023,13,False,6.0,11.56724654569662,11.130879439098647,12.36644488642414,1.8020069471246623,11.591297693252898
2023_13_ARI_PIT,2023-12-03T13:00-05:00,PIT,ARI,2023,13,False,-14.0,6.2828449330903755,6.178709516724767,9.439007111905616,1.8020069471246623,6.347155462769482
2023_13_ATL_NYJ,2023-12-03T13:00-05:00,NYJ,ATL,2023,13,False,-5.0,-3.6628481614122497,-3.648733430232468,0.15627270555004857,1.8020069471246623,-3.7210576231976003
2023_13_DEN_HOU,2023-12-03T13:00-05:00,HOU,DEN,2023,13,False,5.0,1.099757267513369,0.8954044421020408,1.1791423933411305,1.8020069471246623,1.1581473180488644
2023_13_DET_NO,2023-12-03T13:00-05:00,NO,DET,2023,13,False,-5.0,-0.6738459029668831,-0.5707394436522613,-0.274975506037507,1.8020069471246623,-0.6976877305964617
2023_13_IND_TEN,2023-12-03T13:00-05:00,TEN,IND,2023,13,False,-3.0,-0.8373623657441512,-0.9531292961389358,0.9438552605697073,1.8020069471246623,-0.8708902747274745
2023_13_LAC_NE,2023-12-03T13:00-05:00,NE,LAC,2023,13,False,-6.0,-4.453460448269639,-4.197404474452066,-1.95442244953954,1.8020069471246623,-4.416038856594396
2023_13_MIA_WAS,2023-12-03T13:00-05:00,WAS,MIA,2023,13,False,-30.0,-7.4629722247544805,-7.257667324231406,-6.1904171171033155,1.8020069471246623,-7.413584238043884
2023_13_CAR_TB,2023-12-03T16:05-05:00,TB,CAR,2023,13,False,3.0,8.138676924590243,8.30692265452145,8.317697040969836,1.8020069471246623,8.172680128438044
2023_13_CLE_LA,2023-12-03T16:25-05:00,LAR,CLE,2023,13,False,17.0,2.9766988143794197,2.63903547177402,-0.0035647777934597613,1.8020069471246623,3.006267384538638
2023_13_SF_PHI,2023-12-03T16:25-05:00,PHI,SF,2023,13,False,-23.0,-2.306812525422675,-2.945035637988984,-0.9704527055912013,1.8020069471246623,-2.27800314768707
2023_13_KC_GB,2023-12-03T20:20-05:00,GB,KC,2023,13,False,8.0,-6.08042828276322,-5.771004730701744,-1.5238226701710866,1.8020069471246623,-6.065164424986713
2023_13_CIN_JAX,2023-12-04T20:15-05:00,JAX,CIN,2023,13,False,-3.0,5.480290903370127,5.772322787645416,4.854816017985103,1.8020069471246623,5.528978188869125
2023_14_NE_PIT,2023-12-07T20:15-05:00,PIT,NE,2023,14,False,-3.0,4.887793513907219,4.794073459756307,4.796816654368966,1.8020069471246623,4.78834076276339
2023_14_CAR_NO,2023-12-10T13:00-05:00,NO,CAR,2023,14,False,22.0,7.107785359069284,7.05873634224848,7.736485184792063,1.8020069471246623,7.126797757683403
2023_14_DET_CHI,2023-12-10T13:00-05:00,CHI,DET,2023,14,False,15.0,-2.8749412677633654,-2.5192025150356483,-3.6128958409135006,1.8020069471246623,-2.9390529288669778
2023_14_HOU_NYJ,2023-12-10T13:00-05:00,NYJ,HOU,2023,14,False,24.0,-5.931092703117078,-5.739392081516185,-1.5561082682028848,1.8020069471246623,-5.979480533529736
2023_14_IND_CIN,2023-12-10T13:00-05:00,CIN,IND,2023,14,False,20.0,3.112784306574175,2.8752932986675006,5.1137607213736285,1.8020069471246623,3.0817147220551546
2023_14_JAX_CLE,2023-12-10T13:00-05:00,CLE,JAX,2023,14,False,4.0,-0.5066531701464891,-0.6036456876513022,0.4706769597852265,1.8020069471246623,-0.5840376733483039
2023_14_LA_BAL,2023-12-10T13:00-05:00,BAL,LAR,2023,14,False,6.0,5.794578794461976,6.080937365588158,8.12922482035403,1.8020069471246623,5.759830188376345
2023_14_TB_ATL,2023-12-10T13:00-05:00,ATL,TB,2023,14,False,-4.0,-0.22426477648990262,-0.27621952646959413,2.0906497072223686,1.8020069471246623,-0.21046141126921758
2023_14_MIN_LV,2023-12-10T16:05-05:00,LV,MIN,2023,14,False,-3.0,-0.6369383465026116,-0.7632508187837126,-1.389927007081297,1.8020069471246623,-0.6197195729499926
2023_14_SEA_SF,2023-12-10T16:05-05:00,SF,SEA,2023,14,False,12.0,14.990945167904407,14.984025985223962,13.19575361448672,1.8020069471246623,15.093007347436572
2023_14_BUF_KC,2023-12-10T16:25-05:00,KC,BUF,2023,14,False,-3.0,0.45245832981859413,-0.2503162831402218,1.3906595619546804,1.8020069471246623,0.5007541179874619
2023_14_DEN_LAC,2023-12-10T16:25-05:00,LAC,DEN,2023,14,False,-17.0,3.6010089477811045,3.320805418124906,3.959389244364589,1.8020069471246623,3.646159331149992
2023_14_PHI_DAL,2023-12-10T20:20-05:00,DAL,PHI,2023,14,False,20.0,5.733341306146933,6.073219668132406,7.186177244565002,1.8020069471246623,5.629082079788217
2023_14_GB_NYG,2023-12-11T20:15-05:00,NYG,GB,2023,14,False,2.0,-7.208151152345616,-6.867095199031432,-3.8526984969151803,1.8020069471246623,-7.121990718703488
2023_14_TEN_MIA,2023-12-11T20:15-05:00,MIA,TEN,2023,14,False,-1.0,11.65063075477576,11.542435649850251,11.220809243198056,1.8020069471246623,11.725262544025291
2023_15_LAC_LV,2023-12-14T20:15-05:00,LV,LAC,2023,15,False,42.0,0.1754028568589856,0.24975056454027833,-0.3234287511885965,1.8020069471246623,0.19257586903595875
2023_15_MIN_CIN,2023-12-16T13:00-05:00,CIN,MIN,2023,15,False,3.0,3.4244749501272183,3.213547671192077,3.51683543227412,1.8020069471246623,3.3681852897443143
2023_15_PIT_IND,2023-12-16T16:30-05:00,IND,PIT,2023,15,False,17.0,1.5020965112466476,1.6530907692614534,1.8273517007543583,1.8020069471246623,1.4957854829136226
2023_15_DEN_DET,2023-12-16T20:15-05:00,DET,DEN,2023,15,False,25.0,1.335590926883411,1.162149249478449,2.0268859512282367,1.8020069471246623,1.3090806983026895
2023_15_ATL_CAR,2023-12-17T13:00-05:00,CAR,ATL,2023,15,False,2.0,-3.1874303099116936,-3.263875033080502,-2.7236570751456464,1.8020069471246623,-3.263725443764643
2023_15_CHI_CLE,2023-12-17T13:00-05:00,CLE,CHI,2023,15,False,3.0,0.8146209935120172,0.5766279402065204,5.373811252209148,1.8020069471246623,0.7945198954355548
2023_15_HOU_TEN,2023-12-17T13:00-05:00,TEN,HOU,2023,15,False,-3.0,3.5411359070242967,3.5735136626765787,2.070571844582754,1.8020069471246623,3.5182064416808743
2023_15_KC_NE,2023-12-17T13:00-05:00,NE,KC,2023,15,False,-10.0,-9.404947468990253,-8.989271217497244,-4.355555197458941,1.8020069471246623,-9.315845975720753
2023_15_NYG_NO,2023-12-17T13:00-05:00,NO,NYG,2023,15,False,18.0,8.050972690135191,7.772525940985975,6.8501368736582355,1.8020069471246623,7.998877889309448
2023_15_NYJ_MIA,2023-12-17T13:00-05:00,MIA,NYJ,2023,15,False,30.0,11.858353886792754,11.650293371097646,10.014367969503986,1.8020069471246623,11.937135926876074
2023_15_TB_GB,2023-12-17T13:00-05:00,GB,TB,2023,15,False,-14.0,2.980993110928538,2.8545166628651377,4.454064431786288,1.8020069471246623,2.9459784064235137
2023_15_SF_ARI,2023-12-17T16:05-05:00,ARI,SF,2023,15,False,-16.0,-11.710060280388099,-11.656321892677276,-12.808868561119356,1.8020069471246623,-11.75326011654037
2023_15_WAS_LA,2023-12-17T16:05-05:00,LAR,WAS,2023,15,False,8.0,9.239332353412786,8.837131564980359,9.58502399926931,1.8020069471246623,9.173646620639452
2023_15_DAL_BUF,2023-12-17T16:25-05:00,BUF,DAL,2023,15,False,21.0,0.3329335541275704,0.8706800768813888,-1.2248650514255006,1.8020069471246623,0.37644922306487116
2023_15_BAL_JAX,2023-12-17T20:20-05:00,JAX,BAL,2023,15,False,-16.0,-2.661859153006328,-2.467875274023178,-1.2518790855043718,1.8020069471246623,-2.570380187016304
2023_15_PHI_SEA,2023-12-18T20:15-05:00,SEA,PHI,2023,15,False,3.0,-3.889789047076057,-3.501160236429231,-0.67458268115139,1.8020069471246623,-3.934831831502098
2023_16_NO_LA,2023-12-21T20:15-05:00,LAR,NO,2023,16,False,8.0,2.0170936353398883,1.725626088884666,2.057694206320618,1.8020069471246623,2.0551471560128283
2023_16_CIN_PIT,2023-12-23T16:30-05:00,PIT,CIN,2023,16,False,23.0,-5.341038408395319,-5.222108662651611,-2.7732342789448055,1.8020069471246623,-5.39737375319743
2023_16_BUF_LAC,2023-12-23T20:00-05:00,LAC,BUF,2023,16,False,-2.0,-13.025551244983362,-13.227686271430045,-6.146996736766527,1.8020069471246623,-12.958784588258196
2023_16_CLE_HOU,2023-12-24T13:00-05:00,HOU,CLE,2023,16,False,-14.0,-0.5784557592598601,-0.6120615981161543,0.23086402793844396,1.8020069471246623,-0.5431067463286012
2023_16_DET_MIN,2023-12-24T13:00-05:00,MIN,DET,2023,16,False,-6.0,-1.2697812780509987,-1.130041964509926,1.2792751553874173,1.8020069471246623,-1.1690350021035942
2023_16_GB_CAR,2023-12-24T13:00-05:00,CAR,GB,2023,16,False,-3.0,-5.150263352840622,-5.114988665635107,-4.262340142773025,1.8020069471246623,-5.149110167515445
2023_16_IND_ATL,2023-12-24T13:00-05:00,ATL,IND,2023,16,False,19.0,-0.9851650851296017,-0.9875093111674176,1.4267720669968784,1.8020069471246623,-0.9666586756365071
2023_16_SEA_TEN,2023-12-24T13:00-05:00,TEN,SEA,2023,16,False,-3.0,-0.9872892637636212,-0.7899704115831474,-0.3814614040323199,1.8020069471246623,-0.9575155208598731
2023_16_WAS_NYJ,2023-12-24T13:00-05:00,NYJ,WAS,2023,16,False,2.0,-1.3347741577176007,-1.2963601038400898,4.141689252127075,1.8020069471246623,-1.4639071609117982
2023_16_JAX_TB,2023-12-24T16:05-05:00,TB,JAX,2023,16,False,18.0,2.1924364420025393,2.2775584446834856,2.08998356536652,1.8020069471246623,2.1882536710099645
2023_16_ARI_CHI,2023-12-24T16:25-05:00,CHI,ARI,2023,16,False,11.0,4.558939540343552,4.7226083634671046,5.8673554835641655,1.8020069471246623,4.577922329149811
2023_16_DAL_MIA,2023-12-24T16:25-05:00,MIA,DAL,2023,16,False,2.0,0.3931678686295018,0.6477939951024027,0.3782021053716482,1.8020069471246623,0.5003287225771926
2023_16_NE_DEN,2023-12-24T20:15-05:00,DEN,NE,2023,16,False,-3.0,6.231116950300597,6.250388467183013,5.940441948856927,1.8020069471246623,6.203003989311983
2023_16_LV_KC,2023-12-25T13:00-05:00,KC,LV,2023,16,False,-6.0,9.689839147743964,9.331242927871807,8.12581947580718,1.8020069471246623,9.607049082207237
2023_16_NYG_PHI,2023-12-25T16:30-05:00,PHI,NYG,2023,16,False,8.0,11.805831977808538,11.114771693659883,10.124895711418414,1.8020069471246623,11.723118115727376
2023_16_BAL_SF,2023-12-25T20:15-05:00,SF,BAL,2023,16,False,-14.0,6.240683841795924,6.283153121406262,5.866494646819724,1.8020069471246623,6.3565205483783505
2023_17_NYJ_CLE,2023-12-28T20:15-05:00,CLE,NYJ,2023,17,False,17.0,9.102950291922992,9.053655645796365,8.932401026900262,1.8020069471246623,9.184605120224989
2023_17_DET_DAL,2023-12-30T20:15-05:00,DAL,DET,2023,17,False,1.0,4.949690285378571,4.673046352817972,7.136784602577196,1.8020069471246623,4.903309345935342
2023_17_ARI_PHI,2023-12-31T13:00-05:00,PHI,ARI,2023,17,False,-4.0,12.56441604764713,12.154743516397328,10.656382987163035,1.8020069471246623,12.508092587650154
2023_17_ATL_CHI,2023-12-31T13:00-05:00,CHI,ATL,2023,17,False,20.0,2.4144535846002477,2.514662878504865,1.9486586163829678,1.8020069471246623,2.3487321169778
2023_17_CAR_JAX,2023-12-31T13:00-05:00,JAX,CAR,2023,17,False,26.0,6.164635921796108,6.185121423186873,9.198475067082672,1.8020069471246623,6.240204980409332
2023_17_LA_NYG,2023-12-31T13:00-05:00,NYG,LAR,2023,17,False,-1.0,-7.287724200627931,-6.948243340226339,-3.366616305099691,1.8020069471246623,-7.254443719240269
2023_17_LV_IND,2023-12-31T13:00-05:00,IND,LV,2023,17,False,3.0,0.37853916154482675,0.5172312312963541,0.062096841908290124,1.8020069471246623,0.3269076902000109
2023_17_MIA_BAL,2023-12-31T13:00-05:00,BAL,MIA,2023,17,False,37.0,2.256634942909638,2.3074254982630458,5.096547595421099,1.8020069471246623,2.158734303965544
2023_17_NE_BUF,2023-12-31T13:00-05:00,BUF,NE,2023,17,False,6.0,13.978801136469146,14.162046820071708,12.065270028566284,1.8020069471246623,13.867373006659797
2023_17_NO_TB,2023-12-31T13:00-05:00,TB,NO,2023,17,False,-10.0,2.5365328347449854,2.672928243886992,3.8573316819651833,1.8020069471246623,2.525513549028511
2023_17_SF_WAS,2023-12-31T13:00-05:00,WAS,SF,2023,17,False,-17.0,-11.71232794295057,-11.546433210170237,-12.597978219610926,1.8020069471246623,-11.644757713836997
2023_17_TEN_HOU,2023-12-31T13:00-05:00,HOU,TEN,2023,17,False,23.0,4.209972399821247,4.105634143755245,2.8190895247068517,1.8020069471246623,4.24406016600899
2023_17_PIT_SEA,2023-12-31T16:05-05:00,SEA,PIT,2023,17,False,-7.0,3.132266226409671,3.1345443021596298,4.048164844205054,1.8020069471246623,3.0671840295903774
2023_17_CIN_KC,2023-12-31T16:25-05:00,KC,CIN,2023,17,False,8.0,6.469118776222169,6.245594213006106,4.956872284248977,1.8020069471246623,6.435406989419676
2023_17_LAC_DEN,2023-12-31T16:25-05:00,DEN,LAC,2023,17,False,7.0,2.606150509266658,2.692822959705233,3.059052854213652,1.8020069471246623,2.6041887249285107
2023_17_GB_MIN,2023-12-31T20:20-05:00,MIN,GB,2023,17,False,-23.0,-0.46945345645107084,-0.46237407337861525,3.605401394028415,1.8020069471246623,-0.38650649235332735
2023_18_PIT_BAL,2024-01-06T16:30-05:00,BAL,PIT,2023,18,False,-7.0,8.586192419287132,8.566622128652629,13.12678626702726,1.8020069471246623,8.473251314553893
2023_18_HOU_IND,2024-01-06T20:15-05:00,IND,HOU,2023,18,False,-4.0,-1.533044375548247,-1.3904005387095597,1.4125874120384152,1.8020069471246623,-1.4948174326542716
2023_18_ATL_NO,2024-01-07T13:00-05:00,NO,ATL,2023,18,False,31.0,6.417135707832409,6.381078454373385,6.472354797456641,1.8020069471246623,6.351996672874829
2023_18_CLE_CIN,2024-01-07T13:00-05:00,CIN,CLE,2023,18,False,17.0,1.2707104969324017,1.1527210525974572,0.9431520255442427,1.8020069471246623,1.3431754669013625
2023_18_JAX_TEN,2024-01-07T13:00-05:00,TEN,JAX,2023,18,False,8.0,-3.4169059357603366,-3.2607873844726534,-3.294254795746152,1.8020069471246623,-3.5228944389513646
2023_18_MIN_DET,2024-01-07T13:00-05:00,DET,MIN,2023,18,False,10.0,7.896785312349351,7.828312616199325,6.772874963113985,1.8020069471246623,7.814079742517072
2023_18_NYJ_NE,2024-01-07T13:00-05:00,NE,NYJ,2023,18,False,-14.0,5.4705842773847255,5.5024259602760965,5.75344270249195,1.8020069471246623,5.671398551240614
2023_18_TB_CAR,2024-01-07T13:00-05:00,CAR,TB,2023,18,False,-9.0,-4.580621888180494,-4.762620841380056,-6.395775591465625,1.8020069471246623,-4.6092525993152815
2023_18_CHI_GB,2024-01-07T16:25-05:00,GB,CHI,2023,18,False,8.0,3.0575167416842204,2.944308120504415,4.03205480306177,1.8020069471246623,3.0741111479543743
2023_18_DAL_WAS,2024-01-07T16:25-05:00,WAS,DAL,2023,18,False,-28.0,-10.354477983777496,-10.068761252701387,-11.36333117316305,1.8020069471246623,-10.241054606131792
2023_18_DEN_LV,2024-01-07T16:25-05:00,LV,DEN,2023,18,False,13.0,2.9309322863552696,2.813151843673032,2.350016327234946,1.8020069471246623,2.9861409301955337
2023_18_KC_LAC,2024-01-07T16:25-05:00,LAC,KC,2023,18,False,-1.0,-2.0943203223288624,-2.0274380125485516,-2.455735123290858,1.8020069471246623,-2.0556496613969952
2023_18_LA_SF,2024-01-07T16:25-05:00,SF,LAR,2023,18,False,-1.0,6.167459846580753,6.326610161718002,10.973309436027245,1.8020069471246623,6.10563345399524
2023_18_PHI_NYG,2024-01-07T16:25-05:00,NYG,PHI,2023,18,False,17.0,-8.364880923671933,-7.860380754495361,-3.5294364077859477,1.8020069471246623,-8.283303692343477
2023_18_SEA_ARI,2024-01-07T16:25-05:00,ARI,SEA,2023,18,False,-1.0,-0.22289934590900606,-0.20580025110313427,-1.4609041938857033,1.8020069471246623,-0.1710062832594248
2023_18_BUF_MIA,2024-01-07T20:20-05:00,MIA,BUF,2023,18,False,-7.0,-1.7882645515142133,-2.0976647681074825,0.49062200629423547,1.8020069471246623,-1.7468629692153004
2024_01_BAL_KC,2024-09-05T20:20-04:00,KC,BAL,2024,1,False,7.0,2.00949902716724,-0.03522350707756433,-0.05311881135717167,1.885784142507859,2.143419525602791
2024_01_GB_PHI,2024-09-06T20:15-04:00,PHI,GB,2024,1,True,5.0,-2.5167321154053495,-0.7937157724875354,-0.8817995972535747,1.885784142507859,-2.613953111509253
2024_01_ARI_BUF,2024-09-08T13:00-04:00,BUF,ARI,2024,1,False,6.0,9.066776104787216,8.947241532021245,8.318404788776986,1.885784142507859,9.03578130411424
2024_01_CAR_NO,2024-09-08T13:00-04:00,NO,CAR,2024,1,False,37.0,10.201017105511736,10.296177917687963,8.156180246217648,1.885784142507859,10.283240079796945
2024_01_HOU_IND,2024-09-08T13:00-04:00,IND,HOU,2024,1,False,-2.0,-1.266882090719632,-0.7863431311507394,1.5503496501163263,1.885784142507859,-1.1721627920935132
2024_01_JAX_MIA,2024-09-08T13:00-04:00,MIA,JAX,2024,1,False,3.0,4.164980928248175,4.9103434963856145,4.28797302380335,1.885784142507859,4.112573894347521
2024_01_MIN_NYG,2024-09-08T13:00-04:00,NYG,MIN,2024,1,False,-22.0,1.6873695058487832,1.7354587530340995,1.3205966356076533,1.885784142507859,1.7208353111153425
2024_01_NE_CIN,2024-09-08T13:00-04:00,CIN,NE,2024,1,False,-6.0,5.182066861852448,4.9413352673193645,5.259010998344297,1.885784142507859,5.180046224066121
2024_01_PIT_ATL,2024-09-08T13:00-04:00,ATL,PIT,2024,1,False,-8.0,0.2632368266916626,-0.2653153284256823,0.08277507026333009,1.885784142507859,0.31308279828046803
2024_01_TEN_CHI,2024-09-08T13:00-04:00,CHI,TEN,2024,1,False,7.0,2.404192656844815,2.352533975033288,4.115967338769326,1.885784142507859,2.468476874739773
2024_01_DEN_SEA,2024-09-08T16:05-04:00,SEA,DEN,2024,1,False,6.0,5.426676751638981,5.401371952957767,2.665466248569885,1.885784142507859,5.396808754574533
2024_01_LV_LAC,2024-09-08T16:05-04:00,LAC,LV,2024,1,False,12.0,0.8352207606109541,0.5615905809177689,1.6551100527364424,1.885784142507859,0.7957141095547395
2024_01_DAL_CLE,2024-09-08T16:25-04:00,CLE,DAL,2024,1,False,-16.0,-3.8247825422624535,-3.7246021706742862,-1.3136432427700329,1.885784142507859,-3.7907767621417547
2024_01_WAS_TB,2024-09-08T16:25-04:00,TB,WAS,2024,1,False,17.0,8.802090516158227,8.811802143778706,6.887263498311318,1.885784142507859,8.82519450908571
2024_01_LA_DET,2024-09-08T20:20-04:00,DET,LAR,2024,1,False,6.0,2.134437534434878,2.589322895066235,3.6030641901974,1.885784142507859,2.1261651081217208
2024_01_NYJ_SF,2024-09-09T20:15-04:00,SF,NYJ,2024,1,False,13.0,8.256364628481375,8.380824320658217,8.666628750712816,1.885784142507859,8.359073197702422
2024_02_BUF_MIA,2024-09-12T20:15-04:00,MIA,BUF,2024,2,False,-21.0,-1.530775903285007,-0.6409162286911891,1.0107967350480727,1.885784142507859,-1.571953073336502
2024_02_CLE_JAX,2024-09-15T13:00-04:00,JAX,CLE,2024,2,False,-5.0,2.9247632852070735,2.107504099129623,3.359836863681357,1.885784142507859,2.9748390491451393
2024_02_IND_GB,2024-09-15T13:00-04:00,GB,IND,2024,2,False,6.0,3.4463049712637845,2.907947433172112,4.515399998454573,1.885784142507859,3.3783810610266585
2024_02_LAC_CAR,2024-09-15T13:00-04:00,CAR,LAC,2024,2,False,-23.0,-7.022694882823388,-6.877252225921935,-3.254681418028608,1.885784142507859,-7.156971413238583
2024_02_LV_BAL,2024-09-15T13:00-04:00,BAL,LV,2024,2,False,-3.0,7.896849991766982,7.976427903297648,6.823799126685207,1.885784142507859,7.666578937399306
2024_02_NO_DAL,2024-09-15T13:00-04:00,DAL,NO,2024,2,False,-25.0,3.2483289604046037,3.9252304012481614,4.880653387230467,1.885784142507859,3.16995754928467
2024_02_NYG_WAS,2024-09-15T13:00-04:00,WAS,NYG,2024,2,False,3.0,0.6927345211269866,0.5802714109532814,0.9809955857133108,1.885784142507859,0.7527781192169946
2024_02_NYJ_TEN,2024-09-15T13:00-04:00,TEN,NYJ,2024,2,False,-7.0,-1.2099791808604388,-1.050957099540624,2.698788772063055,1.885784142507859,-1.1939334007043292
2024_02_SEA_NE,2024-09-15T13:00-04:00,NE,SEA,2024,2,False,-3.0,1.031958110928814,1.029028006592176,1.6174641111739738,1.885784142507859,1.0938495278243732
2024_02_SF_MIN,2024-09-15T13:00-04:00,MIN,SF,2024,2,False,6.0,-5.16558407213517,-5.161259979031221,-0.9390670231341613,1.885784142507859,-5.175137806104555
2024_02_TB_DET,2024-09-15T13:00-04:00,DET,TB,2024,2,False,-4.0,3.0192950016160243,3.3242462640629467,3.3524758501730534,1.885784142507859,3.0204417840242153
2024_02_LA_ARI,2024-09-15T16:05-04:00,ARI,LAR,2024,2,False,31.0,-1.4933054381592537,-1.2653791141790984,-0.2981211470055234,1.885784142507859,-1.4894355052261685
2024_02_CIN_KC,2024-09-15T16:25-04:00,KC,CIN,2024,2,False,1.0,5.989416236858826,4.625310442145626,4.673358590367927,1.885784142507859,5.930234322056384
2024_02_PIT_DEN,2024-09-15T16:25-04:00,DEN,PIT,2024,2,False,-7.0,-3.459275010301517,-3.8878865664648963,0.6564217413195408,1.885784142507859,-3.43023580685491
2024_02_CHI_HOU,2024-09-15T20:20-04:00,HOU,CHI,2024,2,False,6.0,4.481711795758252,4.076189190624902,2.372988670861484,1.885784142507859,4.4762121024717105
2024_02_ATL_PHI,2024-09-16T20:15-04:00,PHI,ATL,2024,2,False,-1.0,4.375287169204914,5.116894042222845,5.4085487611890235,1.885784142507859,4.268594791083872
2024_03_NE_NYJ,2024-09-19T20:15-04:00,NYJ,NE,2024,3,False,21.0,2.158791242120723,2.0390935161395225,2.2590771491113375,1.885784142507859,2.0218060857416233
2024_03_CHI_IND,2024-09-22T13:00-04:00,IND,CHI,2024,3,False,5.0,1.1699659920197796,1.0379667163244237,1.0514667230298431,1.885784142507859,1.3163510403009422
2024_03_DEN_TB,2024-09-22T13:00-04:00,TB,DEN,2024,3,False,-19.0,7.948501178645431,7.749294765672576,5.677469534546198,1.885784142507859,8.049550681694534
2024_03_GB_TEN,2024-09-22T13:00-04:00,TEN,GB,2024,3,False,-16.0,-4.1368815665552345,-3.5611948203981485,-0.793512267889497,1.885784142507859,-4.17851077915896
2024_03_HOU_MIN,2024-09-22T13:00-04:00,MIN,HOU,2024,3,False,27.0,-0.27940366885364254,0.07627301115103613,4.005621911142939,1.885784142507859,-0.21371940674453904
2024_03_LAC_PIT,2024-09-22T13:00-04:00,PIT,LAC,2024,3,False,10.0,2.944005687691961,3.3339995559589055,2.5320872264182506,1.885784142507859,2.800029607016999
2024_03_NYG_CLE,2024-09-22T13:00-04:00,CLE,NYG,2024,3,False,-6.0,3.559257236199551,4.480549640470606,5.782159668219581,1.885784142507859,3.4560625131724403
2024_03_PHI_NO,2024-09-22T13:00-04:00,NO,PHI,2024,3,False,-3.0,7.082213164460939,6.698846619100727,7.1644779248982235,1.885784142507859,7.126930063288849
2024_03_CAR_LV,2024-09-22T16:05-04:00,LV,CAR,2024,3,False,-14.0,6.861392762873745,6.9712686066554355,9.765521701351876,1.885784142507859,7.1007599747274694
2024_03_MIA_SEA,2024-09-22T16:05-04:00,SEA,MIA,2024,3,False,21.0,3.8652000194794423,3.346815482294188,2.3869629574299456,1.885784142507859,3.93814699226709
2024_03_BAL_DAL,2024-09-22T16:25-04:00,DAL,BAL,2024,3,False,-3.0,1.8640431375023803,2.4190171449532487,3.4019815680616667,1.885784142507859,1.9600712441077126
2024_03_DET_ARI,2024-09-22T16:25-04:00,ARI,DET,2024,3,False,-7.0,-1.039994956497598,-0.9700947524233421,0.290709980089666,1.885784142507859,-1.0021315011044194
2024_03_SF_LA,2024-09-22T16:25-04:00,LAR,SF,2024,3,False,3.0,-3.7485401487417724,-3.9194392258146737,-2.3229995130082504,1.885784142507859,-3.6912140959140567
2024_03_KC_ATL,2024-09-22T20:20-04:00,ATL,KC,2024,3,False,-5.0,-4.746606956016439,-3.216727440270135,-1.5565482416478948,1.885784142507859,-4.720925770484648
2024_03_JAX_BUF,2024-09-23T19:30-04:00,BUF,JAX,2024,3,False,37.0,10.459635640938242,10.267043839552027,7.710968099960876,1.885784142507859,10.487810062619701
2024_03_WAS_CIN,2024-09-23T20:15-04:00,CIN,WAS,2024,3,False,-5.0,6.768534531551552,6.566013352623537,7.3297180926374885,1.885784142507859,6.814147222910623
2024_04_DAL_NYG,2024-09-26T20:15-04:00,NYG,DAL,2024,4,False,-5.0,-4.4985434086732266,-5.04846603349869,-3.307958067076914,1.885784142507859,-4.46347523622395
2024_04_CIN_CAR,2024-09-29T13:00-04:00,CAR,CIN,2024,4,False,-10.0,-5.06713304026834,-4.834246399077015,-2.5347993508439535,1.885784142507859,-5.196418200697284
2024_04_DEN_NYJ,2024-09-29T13:00-04:00,NYJ,DEN,2024,4,False,-1.0,5.848881903745469,5.831633711692957,2.1756786076472805,1.885784142507859,5.780820372109995
2024_04_JAX_HOU,2024-09-29T13:00-04:00,HOU,JAX,2024,4,False,4.0,4.156444002045951,3.845456027163175,2.957615808707235,1.885784142507859,4.020360932890524
2024_04_LA_CHI,2024-09-29T13:00-04:00,CHI,LAR,2024,4,False,6.0,-1.177083414834454,-0.8954641577661189,2.3067653027206316,1.885784142507859,-1.1987236950126743
2024_04_MIN_GB,2024-09-29T13:00-04:00,GB,MIN,2024,4,False,-2.0,1.2020530777480716,1.0996457481455701,1.0073810202493165,1.885784142507859,1.1994637845107365
2024_04_NO_ATL,2024-09-29T13:00-04:00,ATL,NO,2024,4,False,2.0,-4.330927764414542,-4.654346327513288,-3.6076674094179344,1.885784142507859,-4.287459064390941
2024_04_PHI_TB,2024-09-29T13:00-04:00,TB,PHI,2024,4,False,17.0,0.4966088280392885,-0.2583494433443291,2.199057387075729,1.885784142507859,0.5745210167697026
2024_04_PIT_IND,2024-09-29T13:00-04:00,IND,PIT,2024,4,False,3.0,-2.4506640116583593,-2.950819258118436,-1.1864928628369222,1.885784142507859,-2.3841278853049404
2024_04_NE_SF,2024-09-29T16:05-04:00,SF,NE,2024,4,False,17.0,9.32036731846057,9.27552229234052,8.834216652918471,1.885784142507859,9.237923301326301
2024_04_WAS_ARI,2024-09-29T16:05-04:00,ARI,WAS,2024,4,False,-28.0,2.521560149254965,2.6703526545591827,4.872966678538323,1.885784142507859,2.55808829204869
2024_04_CLE_LV,2024-09-29T16:25-04:00,LV,CLE,2024,4,False,4.0,1.4383374949720626,0.7336063874696881,2.0210601409508016,1.885784142507859,1.6571222662078566
2024_04_KC_LAC,2024-09-29T16:25-04:00,LAC,KC,2024,4,False,-7.0,-5.155986434870038,-3.5771202629728913,1.3162438558247738,1.885784142507859,-5.123448925786043
2024_04_BUF_BAL,2024-09-29T20:20-04:00,BAL,BUF,2024,4,False,25.0,-2.603548949912268,-2.37210532260696,-0.3490533929686461,1.885784142507859,-2.8170857370327367
2024_04_TEN_MIA,2024-09-30T19:30-04:00,MIA,TEN,2024,4,False,-19.0,6.272467108585474,6.640762901493499,5.429653744422776,1.885784142507859,6.168499498829613
2024_04_SEA_DET,2024-09-30T20:15-04:00,DET,SEA,2024,4,False,13.0,4.160178735457946,4.119905794721925,2.9917117272858484,1.885784142507859,4.17786105242358
2024_05_TB_ATL,2024-10-03T20:15-04:00,ATL,TB,2024,5,False,6.0,-0.7609611421731792,-0.6445120270954795,-0.8564142005931492,1.885784142507859,-0.8104346390992235
2024_05_NYJ_MIN,2024-10-06T09:30-04:00,MIN,NYJ,2024,5,True,6.0,1.0800327259208626,1.2228432425311453,3.72874854207766,1.885784142507859,1.2096442426682579
2024_05_BAL_CIN,2024-10-06T13:00-04:00,CIN,BAL,2024,5,False,-3.0,-1.5211978399619017,-1.9678195476488893,-2.5012101771082715,1.885784142507859,-1.2383989489253366
2024_05_BUF_HOU,2024-10-06T13:00-04:00,HOU,BUF,2024,5,False,3.0,-4.968591585956103,-5.113406989291709,-3.675173476906684,1.885784142507859,-5.153204026942417
2024_05_CAR_CHI,2024-10-06T13:00-04:00,CHI,CAR,2024,5,False,26.0,4.431059255468928,4.538654869188134,8.315302963331566,1.885784142507859,4.418321717071506
2024_05_CLE_WAS,2024-10-06T13:00-04:00,WAS,CLE,2024,5,False,21.0,5.521833926088332,4.759795796251589,1.4584979011297021,1.885784142507859,5.610646860030286
2024_05_IND_JAX,2024-10-06T13:00-04:00,JAX,IND,2024,5,False,3.0,1.3599577717477485,1.105381103944275,1.7196520636626949,1.885784142507859,1.3020119014698877
2024_05_MIA_NE,2024-10-06T13:00-04:00,NE,MIA,2024,5,False,-5.0,1.0718069260604333,0.7645454244214689,1.6897822652728136,1.885784142507859,1.2531396843178433
2024_05_ARI_SF,2024-10-06T16:05-04:00,SF,ARI,2024,5,False,-1.0,9.197624743726015,9.181881223080119,9.381132696075994,1.885784142507859,9.17653990682999
2024_05_LV_DEN,2024-10-06T16:05-04:00,DEN,LV,2024,5,False,16.0,1.7963894440158872,1.6714664539093578,4.080758616657156,1.885784142507859,1.6269966899933725
2024_05_GB_LA,2024-10-06T16:25-04:00,LAR,GB,2024,5,False,-5.0,-1.521673986997634,-1.151520034471458,0.415612374104835,1.885784142507859,-1.4840962270194473
2024_05_NYG_SEA,2024-10-06T16:25-04:00,SEA,NYG,2024,5,False,-9.0,4.26527282017616,4.255361480679362,5.885346122379586,1.885784142507859,4.187105171874656
2024_05_DAL_PIT,2024-10-06T20:20-04:00,PIT,DAL,2024,5,False,-3.0,-1.5784112118285087,-1.7725082312673106,0.8301858705878531,1.885784142507859,-1.4958115732522226
2024_05_NO_KC,2024-10-07T20:15-04:00,KC,NO,2024,5,False,13.0,2.779063710632016,1.2423750527726851,2.0096919408759795,1.885784142507859,2.8107013166485446
2024_06_SF_SEA,2024-10-10T20:15-04:00,SEA,SF,2024,6,False,-12.0,-3.6798858683799454,-3.5909093439286224,-1.15838553386439,1.885784142507859,-3.7223732996539547
2024_06_JAX_CHI,2024-10-13T09:30-04:00,CHI,JAX,2024,6,True,19.0,2.0388067137900947,2.0246106964564685,2.829933041869957,1.885784142507859,1.9614773907691156
2024_06_ARI_GB,2024-10-13T13:00-04:00,GB,ARI,2024,6,False,21.0,5.308847824317432,4.7184304103568735,6.1791303584392425,1.885784142507859,5.254067717308974
2024_06_CLE_PHI,2024-10-13T13:00-04:00,PHI,CLE,2024,6,False,4.0,6.347813210353766,6.052651710678321,4.494437949808212,1.885784142507859,6.422554622820669
2024_06_HOU_NE,2024-10-13T13:00-04:00,NE,HOU,2024,6,False,-20.0,-4.4185171888173045,-4.239035149904622,-0.5225969816286464,1.885784142507859,-4.279502486064584
2024_06_IND_TEN,2024-10-13T13:00-04:00,TEN,IND,2024,6,False,-3.0,-1.8180622770166492,-2.077349462502857,1.289990285628369,1.885784142507859,-1.9045171780807073
2024_06_TB_NO,2024-10-13T13:00-04:00,NO,TB,2024,6,False,-24.0,-0.26519140452733003,-0.019189034063975097,4.10006105802228,1.885784142507859,-0.3505694133357452
2024_06_WAS_BAL,2024-10-13T13:00-04:00,BAL,WAS,2024,6,False,7.0,5.645218326509149,5.895252312841004,8.113157183838448,1.885784142507859,5.458803818924388
2024_06_LAC_DEN,2024-10-13T16:05-04:00,DEN,LAC,2024,6,False,-7.0,-0.8688104140492712,-0.7870186566772603,3.355976453069608,1.885784142507859,-0.9740614908830514
2024_06_PIT_LV,2024-10-13T16:05-04:00,LV,PIT,2024,6,False,-19.0,-3.1611870814498326,-3.472886092603984,-1.187409897724487,1.885784142507859,-3.0803890819686366
2024_06_ATL_CAR,2024-10-13T16:25-04:00,CAR,ATL,2024,6,False,-18.0,-4.448119264190779,-4.350460599240087,-3.588124333267868,1.885784142507859,-4.418382714483465
2024_06_DET_DAL,2024-10-13T16:25-04:00,DAL,DET,2024,6,False,-38.0,1.8590704915286826,2.402580153799007,3.470727206736909,1.885784142507859,1.8306689372307294
2024_06_CIN_NYG,2024-10-13T20:20-04:00,NYG,CIN,2024,6,False,-10.0,-2.73712179283838,-2.5011313899050642,1.1618434938098916,1.885784142507859,-2.7843438721369145
2024_06_BUF_NYJ,2024-10-14T20:15-04:00,NYJ,BUF,2024,6,False,-3.0,-5.301107667172362,-5.238440145649898,-2.4206311942458374,1.885784142507859,-5.531488276094483
2024_07_DEN_NO,2024-10-17T20:15-04:00,NO,DEN,2024,7,False,-23.0,2.8117774832705393,2.899836365044396,3.0179494581492734,1.885784142507859,2.761873240079069
2024_07_NE_JAX,2024-10-20T09:30-04:00,JAX,NE,2024,7,True,16.0,4.729076116076333,4.811961834587211,2.252061833202892,1.885784142507859,4.782217360511962
2024_07_CIN_CLE,2024-10-20T13:00-04:00,CLE,CIN,2024,7,False,-7.0,-6.236465829220604,-5.380462378786631,-0.7269071650567898,1.885784142507859,-6.361990963319979
2024_07_DET_MIN,2024-10-20T13:00-04:00,MIN,DET,2024,7,False,-2.0,-1.9664021391972872,-1.8965188439946106,1.6120962373419903,1.885784142507859,-1.898331926100992
2024_07_HOU_GB,2024-10-20T13:00-04:00,GB,HOU,2024,7,False,2.0,4.592284308658181,4.308068581538411,4.765563454555667,1.885784142507859,4.7153815465881905
2024_07_MIA_IND,2024-10-20T13:00-04:00,IND,MIA,2024,7,False,6.0,4.6596337681539595,4.1858782773671885,3.6003715714755216,1.885784142507859,4.86959797145821
2024_07_PHI_NYG,2024-10-20T13:00-04:00,NYG,PHI,2024,7,False,-25.0,-0.6588893509434517,-0.9758156366123576,0.7942018774582174,1.885784142507859,-0.5965897839263834
2024_07_SEA_ATL,2024-10-20T13:00-04:00,ATL,SEA,2024,7,False,-20.0,3.7692900913023637,3.596653151609531,3.2242259061497966,1.885784142507859,3.8161903543631066
2024_07_TEN_BUF,2024-10-20T13:00-04:00,BUF,TEN,2024,7,False,24.0,12.071112776306267,12.028609175368052,9.679398708653146,1.885784142507859,12.135054039551711
2024_07_CAR_WAS,2024-10-20T16:05-04:00,WAS,CAR,2024,7,False,33.0,10.856406331530447,10.814184736719886,10.57077141974699,1.885784142507859,10.924429085683958
2024_07_LV_LA,2024-10-20T16:05-04:00,LAR,LV,2024,7,False,5.0,6.923234545547782,6.654735263485719,4.804436649915273,1.885784142507859,6.913405785517593
2024_07_KC_SF,2024-10-20T16:25-04:00,SF,KC,2024,7,False,-10.0,1.999946942502637,3.2555945040118073,3.0550411943688065,1.885784142507859,2.019500823440701
2024_07_NYJ_PIT,2024-10-20T20:20-04:00,PIT,NYJ,2024,7,False,22.0,4.512247382974184,4.87018015086998,6.06312213826283,1.885784142507859,4.714710810305666
2024_07_BAL_TB,2024-10-21T20:15-04:00,TB,BAL,2024,7,False,-10.0,-1.0151859765167544,-1.4619080415325478,-0.019987947232714465,1.885784142507859,-0.9180955923566814
2024_07_LAC_ARI,2024-10-21T21:00-04:00,ARI,LAC,2024,7,False,2.0,-0.1289088220168873,-0.03451951548387899,-1.7148403123699953,1.885784142507859,-0.22442773440382546
2024_08_MIN_LA,2024-10-24T20:15-04:00,LAR,MIN,2024,8,False,10.0,0.45015999823017067,0.09113148146628847,-1.8190540770282801,1.885784142507859,0.5642924670104206
2024_08_ARI_MIA,2024-10-27T13:00-04:00,MIA,ARI,2024,8,False,-1.0,-4.05958069718251,-3.6697632760016976,3.008395061062215,1.885784142507859,-4.190254282151739
2024_08_ATL_TB,2024-10-27T13:00-04:00,TB,ATL,2024,8,False,-5.0,4.5778577103222835,4.409194355888938,5.9985604915417206,1.885784142507859,4.572488349304403
2024_08_BAL_CLE,2024-10-27T13:00-04:00,CLE,BAL,2024,8,False,5.0,-9.472078853702808,-9.092534551619348,-6.101293631353482,1.885784142507859,-9.439617587239397
2024_08_GB_JAX,2024-10-27T13:00-04:00,JAX,GB,2024,8,False,-3.0,-3.747872478165287,-3.164158434216665,-2.2191964341356663,1.885784142507859,-3.6827578358122013
2024_08_IND_HOU,2024-10-27T13:00-04:00,HOU,IND,2024,8,False,3.0,4.790613081784942,4.33467154501129,4.096790688965207,1.885784142507859,4.573710269165646
2024_08_NYJ_NE,2024-10-27T13:00-04:00,NE,NYJ,2024,8,False,3.0,-3.784425309431994,-3.7084452939735395,-2.029045331579276,1.885784142507859,-3.5972779808130446
2024_08_PHI_CIN,2024-10-27T13:00-04:00,CIN,PHI,2024,8,False,-20.0,3.651250658990456,3.150199032053624,2.77711687034055,1.885784142507859,3.6812533358747164
2024_08_TEN_DET,2024-10-27T13:00-04:00,DET,TEN,2024,8,False,38.0,12.08406295725809,12.024787167699953,11.017607192051429,1.885784142507859,12.052288293249651
2024_08_BUF_SEA,2024-10-27T16:05-04:00,SEA,BUF,2024,8,False,-21.0,-5.54320601361796,-5.484907758650843,-2.5032659404360036,1.885784142507859,-5.593926740413045
2024_08_NO_LAC,2024-10-27T16:05-04:00,LAC,NO,2024,8,False,18.0,6.36314450395638,6.254954948813641,3.9008575333138102,1.885784142507859,6.46451737130443
2024_08_CAR_DEN,2024-10-27T16:25-04:00,DEN,CAR,2024,8,False,14.0,11.250771193708982,11.204938499190789,14.579078678649962,1.885784142507859,11.299339234385307
2024_08_CHI_WAS,2024-10-27T16:25-04:00,WAS,CHI,2024,8,False,3.0,0.1142054931331149,0.22739618866572386,1.3091182040504954,1.885784142507859,0.11828616348758675
2024_08_KC_LV,2024-10-27T16:25-04:00,LV,KC,2024,8,False,-7.0,-6.503205378546058,-5.754953220688684,-5.597873796576895,1.885784142507859,-6.480965286946681
2024_08_DAL_SF,2024-10-27T20:20-04:00,SF,DAL,2024,8,False,6.0,4.326512114083432,3.755402029285265,3.412295395138552,1.885784142507859,4.462048941880149
2024_08_NYG_PIT,2024-10-28T20:15-04:00,PIT,NYG,2024,8,False,8.0,9.72547586504245,9.957786246338333,10.356633687467365,1.885784142507859,9.673035633125886
2024_09_HOU_NYJ,2024-10-31T20:15-04:00,NYJ,HOU,2024,9,False,8.0,-1.850021400785853,-1.7852392655224496,-0.4485938226025876,1.885784142507859,-1.9200588386816544
2024_09_DAL_ATL,2024-11-03T13:00-05:00,ATL,DAL,2024,9,False,6.0,1.0139123674323114,0.6080071194835635,-0.6500084306884855,1.885784142507859,1.0608794997345072
2024_09_DEN_BAL,2024-11-03T13:00-05:00,BAL,DEN,2024,9,False,31.0,6.860907242908511,7.042651377281652,5.39721112986449,1.885784142507859,6.750908416533367
2024_09_LAC_CLE,2024-11-03T13:00-05:00,CLE,LAC,2024,9,False,-17.0,-3.577519002756483,-3.01419842525208,-1.5585620341492632,1.885784142507859,-3.7533595644232705
2024_09_LV_CIN,2024-11-03T13:00-05:00,CIN,LV,2024,9,False,17.0,8.561250662832785,8.294633083859189,5.800672274624157,1.885784142507859,8.64990257310005
2024_09_MIA_BUF,2024-11-03T13:00-05:00,BUF,MIA,2024,9,False,3.0,12.307703264728477,11.803225738735117,11.868163935950097,1.885784142507859,12.324002667112529
2024_09_NE_TEN,2024-11-03T13:00-05:00,TEN,NE,2024,9,False,3.0,1.2232830781189226,1.1177922462959677,3.10122548094592,1.885784142507859,1.1642225532787958
2024_09_NO_CAR,2024-11-03T13:00-05:00,CAR,NO,2024,9,False,1.0,-5.459020614027523,-5.473514673478812,-5.996161550899025,1.885784142507859,-5.452876616136191
2024_09_WAS_NYG,2024-11-03T13:00-05:00,NYG,WAS,2024,9,False,-5.0,-3.5741437454535285,-3.5751064797370042,-2.171721631853477,1.885784142507859,-3.5699582228016324
2024_09_CHI_ARI,2024-11-03T16:05-05:00,ARI,CHI,2024,9,False,20.0,1.1160187028195216,1.141283819234512,-1.993936046822066,1.885784142507859,1.1710833619257153
2024_09_JAX_PHI,2024-11-03T16:05-05:00,PHI,JAX,2024,9,False,5.0,5.973834126250391,6.205047804888018,7.0761712933944665,1.885784142507859,5.956853365752002
2024_09_DET_GB,2024-11-03T16:25-05:00,GB,DET,2024,9,False,-10.0,-2.779894472031433,-2.7345529763417162,-0.9040018130678455,1.885784142507859,-2.6718519847029962
2024_09_LA_SEA,2024-11-03T16:25-05:00,SEA,LAR,2024,9,False,-6.0,-0.5608418419350167,-0.26098350352422905,1.7817039349109076,1.885784142507859,-0.696137081879766
2024_09_IND_MIN,2024-11-03T20:20-05:00,MIN,IND,2024,9,False,8.0,4.133578515846881,3.9332160721382823,5.511675150136375,1.885784142507859,4.012624157171898
2024_09_TB_KC,2024-11-04T20:15-05:00,KC,TB,2024,9,False,6.0,6.65061109485072,5.821133662014269,6.415979703424431,1.885784142507859,6.683976755397174
2024_10_CIN_BAL,2024-11-07T20:15-05:00,BAL,CIN,2024,10,False,1.0,5.619692731277029,5.9542771148157305,8.26087593930051,1.885784142507859,5.464793685969079
2024_10_NYG_CAR,2024-11-10T09:30-05:00,CAR,NYG,2024,10,True,3.0,-4.24178065731215,-4.351268250301508,-5.745602027762564,1.885784142507859,-4.283759569987326
2024_10_ATL_NO,2024-11-10T13:00-05:00,NO,ATL,2024,10,False,3.0,-0.5636004876986525,-0.5224964012640234,0.9413319830353901,1.885784142507859,-0.6741213508827041
2024_10_BUF_IND,2024-11-10T13:00-05:00,IND,BUF,2024,10,False,-10.0,-8.938892925689174,-8.661243102042077,-4.546471237487363,1.885784142507859,-8.858942483150754
2024_10_DEN_KC,2024-11-10T13:00-05:00,KC,DEN,2024,10,False,2.0,10.12574674302974,9.165993198106895,6.772707585870164,1.885784142507859,10.158352437321902
2024_10_MIN_JAX,2024-11-10T13:00-05:00,JAX,MIN,2024,10,False,-5.0,-3.356563713890803,-3.386235140154079,-1.9550830447819196,1.885784142507859,-3.245524844792206
2024_10_NE_CHI,2024-11-10T13:00-05:00,CHI,NE,2024,10,False,-16.0,8.059747316086707,8.058049466732516,9.027013835666537,1.885784142507859,8.073396202258918
2024_10_PIT_WAS,2024-11-10T13:00-05:00,WAS,PIT,2024,10,False,-1.0,-0.8937713885396096,-1.0992801078014656,-0.11929612488279329,1.885784142507859,-0.8783808319591064
2024_10_SF_TB,2024-11-10T13:00-05:00,TB,SF,2024,10,False,-3.0,-2.5855570855307337,-2.703416135312627,-0.07048462098896024,1.885784142507859,-2.641461508183903
2024_10_TEN_LAC,2024-11-10T16:05-05:00,LAC,TEN,2024,10,False,10.0,9.869668537477782,9.773315146240652,11.019564298415537,1.885784142507859,10.005885313177862
2024_10_NYJ_ARI,2024-11-10T16:25-05:00,ARI,NYJ,2024,10,False,25.0,3.8015198191487913,3.9281689892549183,3.132336631377835,1.885784142507859,4.039358289441971
2024_10_PHI_DAL,2024-11-10T16:25-05:00,DAL,PHI,2024,10,False,-28.0,-3.029701036140665,-3.0676779820602955,1.8268518469632957,1.885784142507859,-3.1037347004165206
2024_10_DET_HOU,2024-11-10T20:20-05:00,HOU,DET,2024,10,False,-3.0,-3.4849174315192997,-3.5009151768195834,-4.211394719267483,1.885784142507859,-3.492219848742338
2024_10_MIA_LA,2024-11-11T20:15-05:00,LAR,MIA,2024,10,False,-8.0,3.6585295522751564,2.9301157665591457,4.727199451590647,1.885784142507859,3.720689314141187
2024_11_WAS_PHI,2024-11-14T20:15-05:00,PHI,WAS,2024,11,False,8.0,4.7719002322198625,5.068692709784596,5.055548030146469,1.885784142507859,4.753390115517237
2024_11_BAL_PIT,2024-11-17T13:00-05:00,PIT,BAL,2024,11,False,2.0,-2.9203281020272347,-2.8698692438787776,0.7067641354026097,1.885784142507859,-2.818260443743944
2024_11_CLE_NO,2024-11-17T13:00-05:00,NO,CLE,2024,11,False,21.0,4.890420900611362,4.359446931812011,3.8306289632262494,1.885784142507859,4.858173202512201
2024_11_GB_CHI,2024-11-17T13:00-05:00,CHI,GB,2024,11,False,-1.0,-4.053592945639384,-3.5186812599271744,-0.4980252491721129,1.885784142507859,-4.0604964439825135
2024_11_IND_NYJ,2024-11-17T13:00-05:00,NYJ,IND,2024,11,False,-1.0,2.8733693470585604,2.5656312757231463,0.712961820641252,1.885784142507859,2.685736101081652
2024_11_JAX_DET,2024-11-17T13:00-05:00,DET,JAX,2024,11,False,46.0,12.58859324524489,12.396810552193864,11.404319966794782,1.885784142507859,12.439138683278449
2024_11_LA_NE,2024-11-17T13:00-05:00,NE,LAR,2024,11,False,-6.0,-4.254275838874477,-4.04599559248427,-1.3779853786649587,1.885784142507859,-4.228941101928518
2024_11_LV_MIA,2024-11-17T13:00-05:00,MIA,LV,2024,11,False,15.0,7.053763745750073,7.489949821293147,5.976277555261993,1.885784142507859,7.038600846934727
2024_11_MIN_TEN,2024-11-17T13:00-05:00,TEN,MIN,2024,11,False,-10.0,-6.6784265118436394,-6.709044580271981,-5.5475776620859065,1.885784142507859,-6.752321739897368
2024_11_ATL_DEN,2024-11-17T16:05-05:00,DEN,ATL,2024,11,False,32.0,0.12506118613890482,0.09830280651993517,3.9744525955188683,1.885784142507859,0.10553526690210613
2024_11_SEA_SF,2024-11-17T16:05-05:00,SF,SEA,2024,11,False,-3.0,9.486260526855034,9.359748750553898,7.690173962583126,1.885784142507859,9.609953499744881
2024_11_KC_BUF,2024-11-17T16:25-05:00,BUF,KC,2024,11,False,9.0,4.353338117480974,5.2863400364140185,4.70970083934227,1.885784142507859,4.2737032957073495
2024_11_CIN_LAC,2024-11-17T20:20-05:00,LAC,CIN,2024,11,False,7.0,1.0090607778707303,1.1429739513003645,4.4204132164094165,1.885784142507859,1.002133897498656
2024_11_HOU_DAL,2024-11-18T20:15-05:00,DAL,HOU,2024,11,False,-24.0,-3.847966837454928,-3.505294963995724,2.4453317625725255,1.885784142507859,-3.8456133868823392
2024_12_PIT_CLE,2024-11-21T20:15-05:00,CLE,PIT,2024,12,False,5.0,-6.482758167257637,-6.225283457943682,-6.141101391647171,1.885784142507859,-6.497850428187588
2024_12_DAL_WAS,2024-11-24T13:00-05:00,WAS,DAL,2024,12,False,-8.0,7.481208002703919,7.234385805414147,4.89676622515122,1.885784142507859,7.598097824577465
2024_12_DET_IND,2024-11-24T13:00-05:00,IND,DET,2024,12,False,-18.0,-10.147640628858943,-9.763085975701376,-6.886334548627779,1.885784142507859,-10.031873933133546
2024_12_KC_CAR,2024-11-24T13:00-05:00,CAR,KC,2024,12,False,-3.0,-10.409224016553662,-9.613399594111613,-10.404566688333421,1.885784142507859,-10.475770961245443
2024_12_MIN_CHI,2024-11-24T13:00-05:00,CHI,MIN,2024,12,False,-3.0,-1.9209353809885465,-1.9513479619211438,-1.5546525892602174,1.885784142507859,-1.917471813132503
2024_12_NE_MIA,2024-11-24T13:00-05:00,MIA,NE,2024,12,False,19.0,7.879610611270067,8.339590116736563,7.083296124768387,1.885784142507859,7.912304118404454
2024_12_TB_NYG,2024-11-24T13:00-05:00,NYG,TB,2024,12,False,-23.0,-5.45953724139781,-5.05270793579861,-2.5772340693882407,1.885784142507859,-5.358074052077914
2024_12_TEN_HOU,2024-11-24T13:00-05:00,HOU,TEN,2024,12,False,-5.0,11.578806420267167,11.426540164921349,9.844323204782254,1.885784142507859,11.63946247984927
2024_12_DEN_LV,2024-11-24T16:05-05:00,LV,DEN,2024,12,False,-10.0,-5.614643200868283,-5.509678489263527,-4.878968495162166,1.885784142507859,-5.610463234092298
2024_12_ARI_SEA,2024-11-24T16:25-05:00,SEA,ARI,2024,12,False,10.0,-3.6836193641463986,-3.73320863997834,1.2156589405577933,1.885784142507859,-3.803958431496371
2024_12_SF_GB,2024-11-24T16:25-05:00,GB,SF,2024,12,False,28.0,3.7221808794238562,3.148112099890166,1.72730259355282,1.885784142507859,3.7918635391142272
2024_12_PHI_LA,2024-11-24T20:20-05:00,LAR,PHI,2024,12,False,-17.0,-1.6328765608508893,-2.0624593028131435,-1.7875778487070537,1.885784142507859,-1.677830201972999
2024_12_BAL_LAC,2024-11-25T20:15-05:00,LAC,BAL,2024,12,False,-7.0,-3.1401547990453924,-3.3935973488896507,0.03913036661808089,1.885784142507859,-2.936799892556772
2024_13_CHI_DET,2024-11-28T12:30-05:00,DET,CHI,2024,13,False,3.0,11.011717504065505,10.840648242000757,12.655146257305212,1.885784142507859,10.999469092181062
2024_13_NYG_DAL,2024-11-28T16:30-05:00,DAL,NYG,2024,13,False,7.0,4.906006075505814,5.031727126091803,8.035488092519964,1.885784142507859,4.814479422270074
2024_13_MIA_GB,2024-11-28T20:20-05:00,GB,MIA,2024,13,False,13.0,4.028340948314171,3.1848012215830175,5.43228937234011,1.885784142507859,4.002377416306034
2024_13_LV_KC,2024-11-29T15:00-05:00,KC,LV,2024,13,False,2.0,9.740920210958057,9.373732403306537,11.442732367340307,1.885784142507859,9.661030519444445
2024_13_ARI_MIN,2024-12-01T13:00-05:00,MIN,ARI,2024,13,False,1.0,1.7792094651268084,1.799191973508401,5.778167165033841,1.885784142507859,1.7691142326844569
2024_13_HOU_JAX,2024-12-01T13:00-05:00,JAX,HOU,2024,13,False,-3.0,-6.576411056231527,-6.3941428980058,-1.761310215058753,1.885784142507859,-6.400348267617473
2024_13_IND_NE,2024-12-01T13:00-05:00,NE,IND,2024,13,False,-1.0,-0.5218281439850994,-0.6310086971314246,-1.2231304517630597,1.885784142507859,-0.580136950329441
2024_13_LAC_ATL,2024-12-01T13:00-05:00,ATL,LAC,2024,13,False,-4.0,-1.2657788678208317,-1.190909416811242,-2.383347860272478,1.885784142507859,-1.2674836428163412
2024_13_PIT_CIN,2024-12-01T13:00-05:00,CIN,PIT,2024,13,False,-6.0,2.624986549156482,2.28003421807259,0.16661222195139702,1.885784142507859,2.7032880209725008
2024_13_SEA_NYJ,2024-12-01T13:00-05:00,NYJ,SEA,2024,13,False,-5.0,1.4319565057865362,1.3019994912680604,-0.635293287941888,1.885784142507859,1.4570639766500362
2024_13_TEN_WAS,2024-12-01T13:00-05:00,WAS,TEN,2024,13,False,23.0,8.303615035888823,8.243244005350618,7.10583948526099,1.885784142507859,8.390706213860984
2024_13_LA_NO,2024-12-01T16:05-05:00,NO,LAR,2024,13,False,-7.0,2.1077075811316237,2.284112425862157,3.26545520525886,1.885784142507859,2.0597436287768716
2024_13_TB_CAR,2024-12-01T16:05-05:00,CAR,TB,2024,13,False,-3.0,-8.948852335624657,-8.77400261075784,-7.955653291361415,1.885784142507859,-8.993005725233141
2024_13_PHI_BAL,2024-12-01T16:25-05:00,BAL,PHI,2024,13,False,-5.0,3.4433650267268243,3.2884482121045746,3.5582660691668613,1.885784142507859,3.2635147912030047
2024_13_SF_BUF,2024-12-01T20:20-05:00,BUF,SF,2024,13,False,25.0,14.304274758377197,13.77147680044269,8.03866772814105,1.885784142507859,14.369409576927197
2024_13_CLE_DEN,2024-12-02T20:15-05:00,DEN,CLE,2024,13,False,9.0,8.064807814963913,7.597952994724011,8.891146959412367,1.885784142507859,8.100517621851
2024_14_GB_DET,2024-12-05T20:15-05:00,DET,GB,2024,14,False,3.0,4.669512194772312,4.897383692895841,6.681709473331051,1.885784142507859,4.545596117547983
2024_14_ATL_MIN,2024-12-08T13:00-05:00,MIN,ATL,2024,14,False,21.0,5.11296915647369,5.24035756134241,7.6039807416833085,1.885784142507859,5.044599544009253
2024_14_CAR_PHI,2024-12-08T13:00-05:00,PHI,CAR,2024,14,False,6.0,13.926033326875906,14.172263813616155,16.251759518064894,1.885784142507859,13.969896845976994
2024_14_CLE_PIT,2024-12-08T13:00-05:00,PIT,CLE,2024,14,False,13.0,8.783857997623379,8.598123093810548,9.940596077590522,1.885784142507859,8.746107253502924
2024_14_JAX_TEN,2024-12-08T13:00-05:00,TEN,JAX,2024,14,False,-4.0,-0.24585900280503364,-0.1579881764676363,0.544475186259004,1.885784142507859,-0.4763324981185856
2024_14_LV_TB,2024-12-08T13:00-05:00,TB,LV,2024,14,False,15.0,8.115536840457338,8.03531665140068,9.024625049215683,1.885784142507859,8.156656318012882
2024_14_NO_NYG,2024-12-08T13:00-05:00,NYG,NO,2024,14,False,-3.0,-3.9057484502357247,-3.7182029577714895,-1.9515876242807657,1.885784142507859,-3.8592316670635594
2024_14_NYJ_MIA,2024-12-08T13:00-05:00,MIA,NYJ,2024,14,False,6.0,5.699023275101332,6.193345615564807,6.117903504221956,1.885784142507859,5.801898795886424
2024_14_SEA_ARI,2024-12-08T16:05-05:00,ARI,SEA,2024,14,False,-12.0,4.816261174578962,4.82689772646997,2.4976994344990553,1.885784142507859,4.822256974526468
2024_14_BUF_LA,2024-12-08T16:25-05:00,LAR,BUF,2024,14,False,2.0,-8.40356209324748,-8.526275699902634,-6.292538291815861,1.885784142507859,-8.427407917952928
2024_14_CHI_SF,2024-12-08T16:25-05:00,SF,CHI,2024,14,False,25.0,4.2369257176247785,4.008330547210099,2.9581840343616475,1.885784142507859,4.327638946586335
2024_14_LAC_KC,2024-12-08T20:20-05:00,KC,LAC,2024,14,False,2.0,3.507201105239277,2.938803073588562,2.4413374065316065,1.885784142507859,3.4567449726326607
2024_14_CIN_DAL,2024-12-09T20:15-05:00,DAL,CIN,2024,14,False,-7.0,-3.4134961525717835,-3.063001689807499,1.5550676401304266,1.885784142507859,-3.4135272614668253
2024_15_LA_SF,2024-12-12T20:15-05:00,SF,LAR,2024,15,False,-6.0,4.816791224305771,4.786731087024517,4.087730351009779,1.885784142507859,4.951178913904417
2024_15_BAL_NYG,2024-12-15T13:00-05:00,NYG,BAL,2024,15,False,-21.0,-11.447369090497038,-11.344572245507166,-9.020509772975604,1.885784142507859,-11.413457026477275
2024_15_CIN_TEN,2024-12-15T13:00-05:00,TEN,CIN,2024,15,False,-10.0,-6.960873613697784,-6.713340496443925,-4.685386697397662,1.885784142507859,-6.98802710822512
2024_15_DAL_CAR,2024-12-15T13:00-05:00,CAR,DAL,2024,15,False,-16.0,-0.48352160801739075,-0.7117083487732117,-3.5540596738373846,1.885784142507859,-0.528659493148627
2024_15_KC_CLE,2024-12-15T13:00-05:00,CLE,KC,2024,15,False,-14.0,-6.563648493004631,-5.563901754663238,-4.183070145049221,1.885784142507859,-6.539498449629898
2024_15_MIA_HOU,2024-12-15T13:00-05:00,HOU,MIA,2024,15,False,8.0,2.65989601203259,2.2174673060487096,3.0985012452163287,1.885784142507859,2.6287174302906076
2024_15_NYJ_JAX,2024-12-15T13:00-05:00,JAX,NYJ,2024,15,False,-7.0,-1.3497367045965818,-1.3286337049231438,2.592441179974476,1.885784142507859,-1.1317347150636328
2024_15_WAS_NO,2024-12-15T13:00-05:00,NO,WAS,2024,15,False,-1.0,-5.159955973248213,-5.236878890668677,-0.08192126310522152,1.885784142507859,-5.193354370168347
2024_15_BUF_DET,2024-12-15T16:25-05:00,DET,BUF,2024,15,False,-6.0,-0.5105366361534087,-0.5535552425061745,3.0116348768142522,1.885784142507859,-0.6182654370332745
2024_15_IND_DEN,2024-12-15T16:25-05:00,DEN,IND,2024,15,False,18.0,6.935742816660473,6.958777219983355,7.2120271616263105,1.885784142507859,6.869426927014526
2024_15_NE_ARI,2024-12-15T16:25-05:00,ARI,NE,2024,15,False,13.0,7.098349899406658,7.048433224941316,7.368956392536683,1.885784142507859,7.117207835033348
2024_15_PIT_PHI,2024-12-15T16:25-05:00,PHI,PIT,2024,15,False,14.0,3.766237802513257,3.7989798520570375,3.585538578116396,1.885784142507859,3.8323477362584213
2024_15_TB_LAC,2024-12-15T16:25-05:00,LAC,TB,2024,15,False,-23.0,0.7072452131060005,0.839491309913441,3.1453072406730187,1.885784142507859,0.7359311650945083
2024_15_GB_SEA,2024-12-15T20:20-05:00,SEA,GB,2024,15,False,-17.0,-3.28205176307348,-2.88357070404262,-0.5841509288728446,1.885784142507859,-3.3724827094036285
2024_15_CHI_MIN,2024-12-16T20:00-05:00,MIN,CHI,2024,15,False,18.0,6.785423743034733,6.788417574532929,8.193657638569508,1.885784142507859,6.842594398951344
2024_15_ATL_LV,2024-12-16T20:30-05:00,LV,ATL,2024,15,False,-6.0,-0.6887066617062767,-0.6799051755650861,0.5974088985888795,1.885784142507859,-0.6450317860665017
2024_16_DEN_LAC,2024-12-19T20:15-05:00,LAC,DEN,2024,16,False,7.0,-0.25348554752217584,-0.39925160180539715,0.3619051769381074,1.885784142507859,-0.22308506230692227
2024_16_HOU_KC,2024-12-21T13:00-05:00,KC,HOU,2024,16,False,8.0,4.370708426506872,3.830850536551749,4.940338206009354,1.885784142507859,4.390470972706422
2024_16_PIT_BAL,2024-12-21T16:30-05:00,BAL,PIT,2024,16,False,17.0,7.229552236948853,7.170464058421182,5.808493074431196,1.885784142507859,7.134585278558497
2024_16_ARI_CAR,2024-12-22T13:00-05:00,CAR,ARI,2024,16,False,6.0,-7.411841143757436,-7.462986434606888,-5.18892269790176,1.885784142507859,-7.468673847037672
2024_16_CLE_CIN,2024-12-22T13:00-05:00,CIN,CLE,2024,16,False,18.0,7.62582184459351,7.469988448884215,8.688167570256185,1.885784142507859,7.519850563473113
2024_16_DET_CHI,2024-12-22T13:00-05:00,CHI,DET,2024,16,False,-17.0,-7.993685079178061,-7.789428695304624,-7.49034916955582,1.885784142507859,-8.003186525342562
2024_16_LA_NYJ,2024-12-22T13:00-05:00,NYJ,LAR,2024,16,False,-10.0,-1.5644176781703103,-1.4365843390375779,-1.0589422336955385,1.885784142507859,-1.620869052462338
2024_16_NYG_ATL,2024-12-22T13:00-05:00,ATL,NYG,2024,16,False,27.0,3.866938767638538,3.7095075586468544,6.529609759083689,1.885784142507859,3.9265283545338203
2024_16_PHI_WAS,2024-12-22T13:00-05:00,WAS,PHI,2024,16,False,3.0,-0.9042416338966546,-1.0112100633491665,-1.9985596079591943,1.885784142507859,-0.9577849198903841
2024_16_TEN_IND,2024-12-22T13:00-05:00,IND,TEN,2024,16,False,8.0,4.48112039254741,4.608566698574265,6.146485946830021,1.885784142507859,4.6546105050918625
2024_16_MIN_SEA,2024-12-22T16:05-05:00,SEA,MIN,2024,16,False,-3.0,-2.713216277208872,-2.7802921082534224,-1.9431798690059665,1.885784142507859,-2.8151141530072485
2024_16_JAX_LV,2024-12-22T16:25-05:00,LV,JAX,2024,16,False,5.0,0.9002353353405568,0.841492136290019,0.9612110103730407,1.885784142507859,0.892394872126387
2024_16_NE_BUF,2024-12-22T16:25-05:00,BUF,NE,2024,16,False,3.0,17.69091760024339,17.465222025977603,16.84608186392329,1.885784142507859,17.76160438989827
2024_16_SF_MIA,2024-12-22T16:25-05:00,MIA,SF,2024,16,False,12.0,-0.8104310757304114,-0.2681165195849291,1.3796594514279503,1.885784142507859,-0.8953730174666297
2024_16_TB_DAL,2024-12-22T20:20-05:00,DAL,TB,2024,16,False,2.0,-4.5597383093297985,-4.087391156662112,-1.404071256811577,1.885784142507859,-4.594449357465411
2024_16_NO_GB,2024-12-23T20:15-05:00,GB,NO,2024,16,False,34.0,11.362294847330318,11.078498593645989,9.548556477365201,1.885784142507859,11.437238922024243
2024_17_KC_PIT,2024-12-25T13:00-05:00,PIT,KC,2024,17,False,-19.0,-2.592073879050187,-1.9556360329374192,1.1302445211731835,1.885784142507859,-2.6313512165154513
2024_17_BAL_HOU,2024-12-25T16:30-05:00,HOU,BAL,2024,17,False,-29.0,-4.935485217819378,-5.101227284415411,-4.01675110954765,1.885784142507859,-4.876667635004774
2024_17_SEA_CHI,2024-12-26T20:15-05:00,CHI,SEA,2024,17,False,-3.0,-1.1176870691966074,-1.1131216112272164,-0.8553914262368756,1.885784142507859,-1.0922634201962071
2024_17_LAC_NE,2024-12-28T13:00-05:00,NE,LAC,2024,17,False,-33.0,-4.704669354078245,-4.4555913172753066,-4.454420427936189,1.885784142507859,-4.788676245318385
2024_17_DEN_CIN,2024-12-28T16:30-05:00,CIN,DEN,2024,17,False,6.0,2.23067889475721,2.1838891317787326,1.7021142025360563,1.885784142507859,2.168883379463704
2024_17_ARI_LA,2024-12-28T20:15-05:00,LAR,ARI,2024,17,False,4.0,4.342192581213078,4.119752480349566,5.174267077603758,1.885784142507859,4.359334379347893
2024_17_CAR_TB,2024-12-29T13:00-05:00,TB,CAR,2024,17,False,34.0,12.549775792052674,12.372692264141,13.230547432969855,1.885784142507859,12.599757405656042
2024_17_DAL_PHI,2024-12-29T13:00-05:00,PHI,DAL,2024,17,False,34.0,5.4716945465649305,5.554872940597309,7.8773776838390415,1.885784142507859,5.425738409585534
2024_17_IND_NYG,2024-12-29T13:00-05:00,NYG,IND,2024,17,False,12.0,-2.220409783333643,-2.3381691782744483,-3.1453368124520296,1.885784142507859,-2.3210637269692977
2024_17_LV_NO,2024-12-29T13:00-05:00,NO,LV,2024,17,False,-15.0,2.173026843027335,2.129673174356225,4.998138845292113,1.885784142507859,2.1747116712640917
2024_17_NYJ_BUF,2024-12-29T13:00-05:00,BUF,NYJ,2024,17,False,26.0,12.732228488658198,12.681497553610996,13.159015813852944,1.885784142507859,12.828571133807603
2024_17_TEN_JAX,2024-12-29T13:00-05:00,JAX,TEN,2024,17,False,7.0,2.627182131718069,2.565641175381564,4.652463380642662,1.885784142507859,2.7293494646170333
2024_17_MIA_CLE,2024-12-29T16:05-05:00,CLE,MIA,2024,17,False,-17.0,-3.4546639235290453,-3.4261737846670988,-3.3764583322222945,1.885784142507859,-3.454031049637273
2024_17_GB_MIN,2024-12-29T16:25-05:00,MIN,GB,2024,17,False,2.0,-2.2065775765854765,-1.7890713393280335,-0.024086910711399234,1.885784142507859,-2.289093403549703
2024_17_ATL_WAS,2024-12-29T20:20-05:00,WAS,ATL,2024,17,False,6.0,6.283312831963478,6.3558843949591495,5.50337062755106,1.885784142507859,6.1501686499846615
2024_17_DET_SF,2024-12-30T20:15-05:00,SF,DET,2024,17,False,-6.0,-4.40587069427136,-4.448074462888025,-5.563018587838837,1.885784142507859,-4.298371734956468
2024_18_CLE_BAL,2025-01-04T16:30-05:00,BAL,CLE,2024,18,False,25.0,20.036740096699525,19.918076070410727,17.72270094959495,1.885784142507859,20.037751961671223
2024_18_CIN_PIT,2025-01-04T20:00-05:00,PIT,CIN,2024,18,False,-2.0,-2.6830634769596884,-2.6028729009563016,0.8064323417175534,1.885784142507859,-2.63569472474651
2024_18_BUF_NE,2025-01-05T13:00-05:00,NE,BUF,2024,18,False,7.0,-14.71660983609226,-14.786866846815323,-12.232243398295825,1.885784142507859,-14.66669631241594
2024_18_CAR_ATL,2025-01-05T13:00-05:00,ATL,CAR,2024,18,False,-6.0,8.701950479993931,8.629807993054719,9.925071051269008,1.885784142507859,8.790105425226255
2024_18_CHI_GB,2025-01-05T13:00-05:00,GB,CHI,2024,18,False,-2.0,12.165560477208485,11.835852493146284,12.990220350332226,1.885784142507859,12.256408922018554
2024_18_HOU_TEN,2025-01-05T13:00-05:00,TEN,HOU,2024,18,False,-9.0,-1.8083604579379478,-1.6897484765226718,-3.595286705704563,1.885784142507859,-1.8342033448104198
2024_18_JAX_IND,2025-01-05T13:00-05:00,IND,JAX,2024,18,False,3.0,2.6637819196629624,2.879025411512758,2.9600841667771522,1.885784142507859,2.720453325149129
2024_18_NO_TB,2025-01-05T13:00-05:00,TB,NO,2024,18,False,8.0,14.626188390252567,14.509767561361244,11.859244008849402,1.885784142507859,14.653995635019426
2024_18_NYG_PHI,2025-01-05T13:00-05:00,PHI,NYG,2024,18,False,7.0,12.951879092078045,12.994539249947412,16.645855792466165,1.885784142507859,13.062241997676603
2024_18_WAS_DAL,2025-01-05T13:00-05:00,DAL,WAS,2024,18,False,-4.0,-5.235869199751059,-5.149876621882076,-0.6658492200073964,1.885784142507859,-5.121645763069647
2024_18_KC_DEN,2025-01-05T16:25-05:00,DEN,KC,2024,18,False,38.0,0.6981572276350381,0.9396872781891874,-0.022984892700018023,1.885784142507859,0.7908442065107861
2024_18_LAC_LV,2025-01-05T16:25-05:00,LV,LAC,2024,18,False,-14.0,-6.1565848738259366,-6.035018568101167,-4.756131724011227,1.885784142507859,-6.166942505047106
2024_18_MIA_NYJ,2025-01-05T16:25-05:00,NYJ,MIA,2024,18,False,12.0,-1.8535773778501627,-2.0203262856387125,-3.4651167961418974,1.885784142507859,-1.957671175446844
2024_18_SEA_LA,2025-01-05T16:25-05:00,LAR,SEA,2024,18,False,-5.0,4.6737897523325564,4.678043694473896,3.642005181451645,1.885784142507859,4.741324754350532
2024_18_SF_ARI,2025-01-05T16:25-05:00,ARI,SF,2024,18,False,23.0,5.1993723954315545,5.207106999360947,1.3391106343860368,1.885784142507859,5.111944785147333
2024_18_MIN_DET,2025-01-05T20:20-05:00,DET,MIN,2024,18,False,22.0,5.235848437876849,5.084956986068003,5.840669566839233,1.885784142507859,5.186969491955126
2025_01_DAL_PHI,2025-09-04T20:20-04:00,PHI,DAL,2025,1,False,4.0,8.158701064096132,7.22964134171494,6.451999903951762,1.8842105263157896,8.243926704379438
2025_01_KC_LAC,2025-09-05T20:00-04:00,LAC,KC,2025,1,True,6.0,0.42638070011878704,0.6828789052170445,0.17513303160316362,1.8842105263157896,0.4906579258595051
2025_01_ARI_NO,2025-09-07T13:00-04:00,NO,ARI,2025,1,False,-7.0,-5.246781473480751,-5.4094705262254195,0.28104620037369,1.8842105263157896,-5.301984210959247
2025_01_CAR_JAX,2025-09-07T13:00-04:00,JAX,CAR,2025,1,False,16.0,3.633835693369644,3.740553887685018,4.142343431761537,1.8842105263157896,3.6485657792906037
2025_01_CIN_CLE,2025-09-07T13:00-04:00,CLE,CIN,2025,1,False,-1.0,-8.261231927313748,-8.021409340454735,-2.342664674510038,1.8842105263157896,-8.261269114118829
2025_01_LV_NE,2025-09-07T13:00-04:00,NE,LV,2025,1,False,-7.0,-0.3693814188081346,-0.36923092025492066,2.2187098358231916,1.8842105263157896,-0.45071768502372667
2025_01_MIA_IND,2025-09-07T13:00-04:00,IND,MIA,2025,1,False,25.0,-1.0768891131393927,-1.3832628819984647,0.40911451973977897,1.8842105263157896,-1.0005644586543707
2025_01_NYG_WAS,2025-09-07T13:00-04:00,WAS,NYG,2025,1,False,15.0,7.015299710773537,6.5068983510240175,6.730474726349501,1.8842105263157896,7.030734513448763
2025_01_PIT_NYJ,2025-09-07T13:00-04:00,NYJ,PIT,2025,1,False,-2.0,1.721270736902818,0.7448949901410644,0.5448785676290391,1.8842105263157896,1.599058071920867
2025_01_TB_ATL,2025-09-07T13:00-04:00,ATL,TB,2025,1,False,-3.0,-2.7802112565850137,-3.3206411753588063,-1.1052067049411587,1.8842105263157896,-2.7101254869232942
2025_01_SF_SEA,2025-09-07T16:05-04:00,SEA,SF,2025,1,False,-4.0,0.9727559050455823,1.6074875877163863,3.67169142875323,1.8842105263157896,0.9461970863079371
2025_01_TEN_DEN,2025-09-07T16:05-04:00,DEN,TEN,2025,1,False,8.0,10.511261942033451,11.95300832237341,8.188471392592326,1.8842105263157896,10.622999529368814
2025_01_DET_GB,2025-09-07T16:25-04:00,GB,DET,2025,1,False,14.0,0.12298075768815736,0.2283879660971722,0.7717939992517415,1.8842105263157896,0.1392032876019254
2025_01_HOU_LA,2025-09-07T16:25-04:00,LAR,HOU,2025,1,False,5.0,1.3334638438793909,2.5695366475685244,2.985261871150339,1.8842105263157896,1.4026660593826739
2025_01_BAL_BUF,2025-09-07T20:20-04:00,BUF,BAL,2025,1,False,1.0,1.699565945565792,1.3248731958950826,1.1645597973872697,1.8842105263157896,1.7261689368745472
2025_01_MIN_CHI,2025-09-08T20:15-04:00,CHI,MIN,2025,1,False,-3.0,3.0573750356482927,1.7472083355119024,-0.46676508373278036,1.8842105263157896,2.9739783769302783
2025_02_WAS_GB,2025-09-11T20:15-04:00,GB,WAS,2025,2,False,9.0,2.5687590019640165,3.960550295857995,4.81722599309105,1.8842105263157896,2.65375993490529
2025_02_BUF_NYJ,2025-09-14T13:00-04:00,NYJ,BUF,2025,2,False,-20.0,-6.0871390950403645,-6.246328839546361,-2.6699546213642193,1.8842105263157896,-6.225040617790376
2025_02_CHI_DET,2025-09-14T13:00-04:00,DET,CHI,2025,2,False,31.0,7.20797100999866,7.804043519427504,7.546926818303376,1.8842105263157896,7.307976849794704
2025_02_CLE_BAL,2025-09-14T13:00-04:00,BAL,CLE,2025,2,False,24.0,14.164702928732224,14.512488003723112,10.568790037793647,1.8842105263157896,14.184520614534915
2025_02_JAX_CIN,2025-09-14T13:00-04:00,CIN,JAX,2025,2,False,4.0,5.935639152559677,5.896452347086619,5.023610206715068,1.8842105263157896,5.999111837338924
2025_02_LA_TEN,2025-09-14T13:00-04:00,TEN,LAR,2025,2,False,-14.0,-4.574350089915099,-5.071622057340419,-1.5752287262940783,1.8842105263157896,-4.700399508381724
2025_02_NE_MIA,2025-09-14T13:00-04:00,MIA,NE,2025,2,False,-6.0,5.616342056180896,5.780032138138863,4.446350606726685,1.8842105263157896,5.682727043439782
2025_02_NYG_DAL,2025-09-14T13:00-04:00,DAL,NYG,2025,2,False,3.0,5.0102320762561865,5.24273689505164,5.701603196166527,1.8842105263157896,5.027897109781335
2025_02_SEA_PIT,2025-09-14T13:00-04:00,PIT,SEA,2025,2,False,-14.0,1.1543890645864763,1.6412599089918456,3.1606811174853604,1.8842105263157896,1.2016353866102487
2025_02_SF_NO,2025-09-14T13:00-04:00,NO,SF,2025,2,False,-5.0,-1.1488479824429345,-1.214585253375119,0.0791461953821897,1.8842105263157896,-1.2019555671312416
2025_02_CAR_ARI,2025-09-14T16:05-04:00,ARI,CAR,2025,2,False,5.0,8.52477806510884,8.647076872020076,7.887539705241713,1.8842105263157896,8.528649938975233
2025_02_DEN_IND,2025-09-14T16:05-04:00,IND,DEN,2025,2,False,1.0,0.16122289871235967,-1.0572499004485059,0.012176574295741371,1.8842105263157896,0.18301753691609357
2025_02_PHI_KC,2025-09-14T16:25-04:00,KC,PHI,2025,2,False,-3.0,-2.6024492477816197,-0.9713563605053013,0.9875428816876799,1.8842105263157896,-2.5953097831798755
2025_02_ATL_MIN,2025-09-14T20:20-04:00,MIN,ATL,2025,2,False,-16.0,0.10050813066617126,1.4065337908174598,5.884501824631268,1.8842105263157896,0.11379659419026389
2025_02_TB_HOU,2025-09-15T19:00-04:00,HOU,TB,2025,2,False,-1.0,-1.59552899206382,-2.466811213481419,-0.2747133184010022,1.8842105263157896,-1.6396023344525865
2025_02_LAC_LV,2025-09-15T22:00-04:00,LV,LAC,2025,2,False,-11.0,-2.6085631158571116,-3.6333573789995395,-1.5668177676477946,1.8842105263157896,-2.635543312434707
2025_03_MIA_BUF,2025-09-18T20:15-04:00,BUF,MIA,2025,3,False,10.0,10.866535763198346,10.872919845105613,9.23964378933392,1.8842105263157896,10.890264578592713
2025_03_ATL_CAR,2025-09-21T13:00-04:00,CAR,ATL,2025,3,False,30.0,-4.592586089375679,-4.611799747843797,-2.0488044643846717,1.8842105263157896,-4.663752725871371
2025_03_CIN_MIN,2025-09-21T13:00-04:00,MIN,CIN,2025,3,False,38.0,-0.7432411593454578,0.28113903497994264,1.7820404087003245,1.8842105263157896,-0.7631067361738169
2025_03_GB_CLE,2025-09-21T13:00-04:00,CLE,GB,2025,3,False,3.0,-10.15560078139389,-10.608898187244694,-6.1237848107083686,1.8842105263157896,-10.135078934433295
2025_03_HOU_JAX,2025-09-21T13:00-04:00,JAX,HOU,2025,3,False,7.0,1.1704510530719061,1.7876566733839905,1.672076860544079,1.8842105263157896,1.1996720327215213
2025_03_IND_TEN,2025-09-21T13:00-04:00,TEN,IND,2025,3,False,-21.0,-5.079881566994064,-5.088842497551553,-1.6783218604549823,1.8842105263157896,-5.24776701837922
2025_03_LA_PHI,2025-09-21T13:00-04:00,PHI,LAR,2025,3,False,7.0,5.212610334876428,4.030706083559387,4.303399724485022,1.8842105263157896,5.191373516649857
2025_03_LV_WAS,2025-09-21T13:00-04:00,WAS,LV,2025,3,False,17.0,4.44629299672529,4.255478963884664,6.109292828877221,1.8842105263157896,4.364528087226218
2025_03_NYJ_TB,2025-09-21T13:00-04:00,TB,NYJ,2025,3,False,2.0,8.490322009685691,8.798586122636705,8.166897151407944,1.8842105263157896,8.530586499539227
2025_03_PIT_NE,2025-09-21T13:00-04:00,NE,PIT,2025,3,False,-7.0,0.6975944493639124,0.05716027279852631,0.8008640860063863,1.8842105263157896,0.5726738808084486
2025_03_DEN_LAC,2025-09-21T16:05-04:00,LAC,DEN,2025,3,False,3.0,2.428750317694431,2.4345137433059874,3.6692012793815945,1.8842105263157896,2.48641321548994
2025_03_NO_SEA,2025-09-21T16:05-04:00,SEA,NO,2025,3,False,31.0,6.641889218685796,7.049094831866656,6.609778567523122,1.8842105263157896,6.735680274889919
2025_03_ARI_SF,2025-09-21T16:25-04:00,SF,ARI,2025,3,False,1.0,-2.111311681038444,-2.1940414179162735,2.20724451748224,1.8842105263157896,-2.0793630422318996
2025_03_DAL_CHI,2025-09-21T16:25-04:00,CHI,DAL,2025,3,False,17.0,-1.7865715711346197,-1.7530264636734008,0.48619483636673166,1.8842105263157896,-1.8028851577778369
2025_03_KC_NYG,2025-09-21T20:20-04:00,NYG,KC,2025,3,False,-13.0,-2.7015282317027407,-3.449561747951676,-2.2716600403741394,1.8842105263157896,-2.819735174696984
2025_03_DET_BAL,2025-09-22T20:15-04:00,BAL,DET,2025,3,False,-8.0,3.455714584921573,3.2608227265232372,3.029419671298383,1.8842105263157896,3.4703027495700485
2025_04_SEA_ARI,2025-09-25T20:15-04:00,ARI,SEA,2025,4,False,-3.0,1.8316900622310506,1.568383040450836,0.45624598773094505,1.8842105263157896,1.8043673711357404
2025_04_MIN_PIT,2025-09-28T09:30-04:00,PIT,MIN,2025,4,True,3.0,-0.5989320574164065,-0.9713665891163981,-2.1729564321672266,1.8842105263157896,-0.5073362330282418
2025_04_CAR_NE,2025-09-28T13:00-04:00,NE,CAR,2025,4,False,29.0,1.2204139141176742,1.3385856818394597,2.3910843299541424,1.8842105263157896,1.1990691409348493
2025_04_CLE_DET,2025-09-28T13:00-04:00,DET,CLE,2025,4,False,24.0,14.475973451626219,14.991535238342058,12.196974475370467,1.8842105263157896,14.50747046491731
2025_04_LAC_NYG,2025-09-28T13:00-04:00,NYG,LAC,2025,4,False,3.0,-8.060058279987228,-9.123623643967207,-5.081512901808139,1.8842105263157896,-8.25101741553448
2025_04_NO_BUF,2025-09-28T13:00-04:00,BUF,NO,2025,4,False,12.0,15.222213890760528,15.342035536013155,11.673290124243621,1.8842105263157896,15.326105666532786
2025_04_PHI_TB,2025-09-28T13:00-04:00,TB,PHI,2025,4,False,-6.0,-2.9824090128810643,-1.4535853284819187,1.1416173520109538,1.8842105263157896,-3.0516885580231072
2025_04_TEN_HOU,2025-09-28T13:00-04:00,HOU,TEN,2025,4,False,26.0,8.64401251041853,8.159578896402575,7.714749105230991,1.8842105263157896,8.702458272733582
2025_04_WAS_ATL,2025-09-28T13:00-04:00,ATL,WAS,2025,4,False,7.0,0.847062964332523,0.9947815692985915,-1.0265722153507495,1.8842105263157896,0.9507776086136493
2025_04_IND_LA,2025-09-28T16:05-04:00,LAR,IND,2025,4,False,7.0,1.1882143760407584,1.3034496521700139,2.609251675765484,1.8842105263157896,1.1582433360886801
2025_04_JAX_SF,2025-09-28T16:05-04:00,SF,JAX,2025,4,False,-5.0,2.57032365160954,2.3199550575313506,3.390318488059525,1.8842105263157896,2.6283389313694028
2025_04_BAL_KC,2025-09-28T16:25-04:00,KC,BAL,2025,4,False,17.0,-1.1110940345048284,-1.122380021452749,-0.4554120300165816,1.8842105263157896,-1.1909819598752187
2025_04_CHI_LV,2025-09-28T16:25-04:00,LV,CHI,2025,4,False,-1.0,-0.18725673423219424,-0.17846108802447125,1.0073864200742109,1.8842105263157896,-0.1007179556137221
2025_04_GB_DAL,2025-09-28T20:20-04:00,DAL,GB,2025,4,False,0.0,-3.5031736066806953,-4.0910730715670285,-3.157106131021628,1.8842105263157896,-3.495066277683237
2025_04_NYJ_MIA,2025-09-29T19:15-04:00,MIA,NYJ,2025,4,False,6.0,4.0595663835629505,4.15493960529862,3.0102736366701146,1.8842105263157896,4.154114739368977
2025_04_CIN_DEN,2025-09-29T20:15-04:00,DEN,CIN,2025,4,False,25.0,6.749248066244745,7.580167879569375,4.860798851781026,1.8842105263157896,6.701037346143302
2025_05_SF_LA,2025-10-02T20:15-04:00,LAR,SF,2025,5,False,-3.0,6.29409370878355,6.403060203045966,4.568072343321289,1.8842105263157896,6.312833973061662
2025_05_MIN_CLE,2025-10-05T09:30-04:00,CLE,MIN,2025,5,True,-4.0,-6.167774571579564,-7.066001120344751,-6.166846684827248,1.8842105263157896,-6.089813458793844
2025_05_DAL_NYJ,2025-10-05T13:00-04:00,NYJ,DAL,2025,5,False,-15.0,-0.9380166326652066,-0.8815876896371193,1.465408618372019,1.8842105263157896,-0.994648915598138
2025_05_DEN_PHI,2025-10-05T13:00-04:00,PHI,DEN,2025,5,False,-4.0,3.963163865095029,2.250315401061093,2.912048595642211,1.8842105263157896,3.968464856987868
2025_05_HOU_BAL,2025-10-05T13:00-04:00,BAL,HOU,2025,5,False,-34.0,-0.3713833085129705,0.365931845022768,5.445620154134003,1.8842105263157896,-0.28567200391351755
2025_05_LV_IND,2025-10-05T13:00-04:00,IND,LV,2025,5,False,34.0,6.541471567146316,6.4928900059408114,6.560120666758473,1.8842105263157896,6.520683484409245
2025_05_MIA_CAR,2025-10-05T13:00-04:00,CAR,MIA,2025,5,False,3.0,-2.539545926808888,-2.6877490279121066,-0.02274991357208833,1.8842105263157896,-2.550617572199908
2025_05_NYG_NO,2025-10-05T13:00-04:00,NO,NYG,2025,5,False,12.0,1.4754748310564256,1.5666465924242092,1.848937906932361,1.8842105263157896,1.5402961725514295
2025_05_TB_SEA,2025-10-05T16:05-04:00,SEA,TB,2025,5,False,-3.0,1.0786248942916359,1.3086181365639737,3.8534364726673354,1.8842105263157896,1.140020144501428
2025_05_TEN_ARI,2025-10-05T16:05-04:00,ARI,TEN,2025,5,False,-1.0,11.82779377964384,12.032910864398866,10.162350452920933,1.8842105263157896,11.90971841070584
2025_05_DET_CIN,2025-10-05T16:25-04:00,CIN,DET,2025,5,False,-13.0,-10.723147843628276,-11.274173964356315,-6.194650295525431,1.8842105263157896,-10.736834265179407
2025_05_WAS_LAC,2025-10-05T16:25-04:00,LAC,WAS,2025,5,False,-17.0,0.6190282985120386,2.0062544301288634,3.501388588351272,1.8842105263157896,0.6783343426584767
2025_05_NE_BUF,2025-10-05T20:20-04:00,BUF,NE,2025,5,False,-3.0,11.306755663824102,11.291500757194882,8.785636567983765,1.8842105263157896,11.381051778854845
2025_05_KC_JAX,2025-10-06T20:15-04:00,JAX,KC,2025,5,False,3.0,-1.3402565673836568,-1.5641435595021458,-0.8793745276606528,1.8842105263157896,-1.4017083832164485
2025_06_PHI_NYG,2025-10-09T20:15-04:00,NYG,PHI,2025,6,False,17.0,-9.398641124465856,-8.56421194319842,-5.561552954647292,1.8842105263157896,-9.483556323935394
2025_06_DEN_NYJ,2025-10-12T09:30-04:00,NYJ,DEN,2025,6,True,-2.0,-7.649614526236855,-8.270364137589391,-8.201356700745219,1.8842105263157896,-7.669265342413777
2025_06_ARI_IND,2025-10-12T13:00-04:00,IND,ARI,2025,6,False,4.0,7.153131492027329,7.081934999989654,5.2934871052249575,1.8842105263157896,7.151105238409807
2025_06_CLE_PIT,2025-10-12T13:00-04:00,PIT,CLE,2025,6,False,14.0,6.47878705626521,7.030101983437641,7.107320216123061,1.8842105263157896,6.548789059730446
2025_06_DAL_CAR,2025-10-12T13:00-04:00,CAR,DAL,2025,6,False,3.0,-3.5130712565569358,-3.516865728955282,-1.1068081068904672,1.8842105263157896,-3.425567034145663
2025_06_LAC_MIA,2025-10-12T13:00-04:00,MIA,LAC,2025,6,False,-2.0,-0.17156111546003716,-0.7607171794859453,-0.6787286818812057,1.8842105263157896,-0.1633683398850898
2025_06_LA_BAL,2025-10-12T13:00-04:00,BAL,LAR,2025,6,False,-14.0,-3.679622775932499,-3.4330789779327624,3.584237120751959,1.8842105263157896,-3.6813462459952415
2025_06_NE_NO,2025-10-12T13:00-04:00,NO,NE,2025,6,False,-6.0,-1.014036868320896,-1.044611632376561,-0.5592531232420228,1.8842105263157896,-0.9625753953409915
2025_06_SEA_JAX,2025-10-12T13:00-04:00,JAX,SEA,2025,6,False,-8.0,-0.3032657275512478,-0.6041234974173397,0.2671016020805661,1.8842105263157896,-0.35337779024696603
2025_06_TEN_LV,2025-10-12T16:05-04:00,LV,TEN,2025,6,False,10.0,4.299934959313953,4.348877817012377,4.221364323449278,1.8842105263157896,4.382571317598009
2025_06_CIN_GB,2025-10-12T16:25-04:00,GB,CIN,2025,6,False,9.0,11.940397207901302,12.278016379637961,8.141284262918832,1.8842105263157896,11.909606541944271
2025_06_SF_TB,2025-10-12T16:25-04:00,TB,SF,2025,6,False,11.0,6.779908121537238,6.982016925331008,4.499054345127054,1.8842105263157896,6.751181652855657
2025_06_DET_KC,2025-10-12T20:20-04:00,KC,DET,2025,6,False,13.0,-1.777239974328582,-2.1501779839019277,-1.95783063891907,1.8842105263157896,-1.8413385762448686
2025_06_BUF_ATL,2025-10-13T19:15-04:00,ATL,BUF,2025,6,False,10.0,-4.699952044172944,-4.7199363777259,-2.1420007748031455,1.8842105263157896,-4.623883690899112
2025_06_CHI_WAS,2025-10-13T20:15-04:00,WAS,CHI,2025,6,False,-1.0,6.485256906289101,5.884848867511654,6.997738426962977,1.8842105263157896,6.515289142220421
2025_07_PIT_CIN,2025-10-16T20:15-04:00,CIN,PIT,2025,7,False,2.0,-4.482105163102359,-4.756638765236765,-0.5888116008530906,1.8842105263157896,-4.488143435553671
2025_07_LA_JAX,2025-10-19T09:30-04:00,JAX,LAR,2025,7,True,-28.0,-3.4395416089538666,-3.192019220568729,-2.7801349470606787,1.8842105263157896,-3.533689578294769
2025_07_CAR_NYJ,2025-10-19T13:00-04:00,NYJ,CAR,2025,7,False,-7.0,0.6794088383182565,0.7409610943569427,2.7594965770457893,1.8842105263157896,0.6095296866451458
2025_07_LV_KC,2025-10-19T13:00-04:00,KC,LV,2025,7,False,31.0,10.955659212751497,11.11078426583951,10.90500259325098,1.8842105263157896,10.904568018872643
2025_07_MIA_CLE,2025-10-19T13:00-04:00,CLE,MIA,2025,7,False,25.0,-2.555038782978312,-2.6151915717363883,-0.17289793184784763,1.8842105263157896,-2.5517933145761034
2025_07_NE_TEN,2025-10-19T13:00-04:00,TEN,NE,2025,7,False,-18.0,-6.6039908851503295,-6.640987051175991,-4.155901293816139,1.8842105263157896,-6.564602007147507
2025_07_NO_CHI,2025-10-19T13:00-04:00,CHI,NO,2025,7,False,12.0,5.521745133582324,5.552783441358142,5.767777785089308,1.8842105263157896,5.4803037388132125
2025_07_PHI_MIN,2025-10-19T13:00-04:00,MIN,PHI,2025,7,False,-6.0,-1.4966962512687638,0.17056769171381259,1.977111372175667,1.8842105263157896,-1.5190298326184304
2025_07_IND_LAC,2025-10-19T16:05-04:00,LAC,IND,2025,7,False,-14.0,-0.1343870173113858,0.5422778616225192,1.4288347732434783,1.8842105263157896,-0.13637834944898392
2025_07_NYG_DEN,2025-10-19T16:05-04:00,DEN,NYG,2025,7,False,1.0,8.656777624575321,9.31322523623209,9.221209895795521,1.8842105263157896,8.698015835247174
2025_07_GB_ARI,2025-10-19T16:25-04:00,ARI,GB,2025,7,False,-4.0,-4.104895225759335,-4.497781230646123,-1.3009837075703383,1.8842105263157896,-4.105044361231399
2025_07_WAS_DAL,2025-10-19T16:25-04:00,DAL,WAS,2025,7,False,22.0,-0.5429413469195388,0.023900560347730693,-0.848049639170303,1.8842105263157896,-0.5767597184110321
2025_07_ATL_SF,2025-10-19T20:20-04:00,SF,ATL,2025,7,False,10.0,-1.1789151869423597,-1.088078693050846,1.960423104509475,1.8842105263157896,-1.2753618384495833
2025_07_TB_DET,2025-10-20T19:00-04:00,DET,TB,2025,7,False,15.0,4.2885136856781445,4.7123320467527225,6.238413369244024,1.8842105263157896,4.321091302877639
2025_07_HOU_SEA,2025-10-20T22:00-04:00,SEA,HOU,2025,7,False,8.0,0.278887566655455,0.9749825737267681,3.3730295086092807,1.8842105263157896,0.2973892224788022
2025_08_MIN_LAC,2025-10-23T20:15-04:00,LAC,MIN,2025,8,False,27.0,3.2702642608824695,3.2123206155320854,1.632167390472856,1.8842105263157896,3.3068365507491966
2025_08_BUF_CAR,2025-10-26T13:00-04:00,CAR,BUF,2025,8,False,-31.0,-2.860425168439161,-2.9974198360647826,-3.6154690024157627,1.8842105263157896,-2.8075084330480338
2025_08_CHI_BAL,2025-10-26T13:00-04:00,BAL,CHI,2025,8,False,14.0,-1.8856880334923853,-1.853693715126989,3.6648299110281544,1.8842105263157896,-1.7886093926430906
2025_08_CLE_NE,2025-10-26T13:00-04:00,NE,CLE,2025,8,False,19.0,6.863001500619107,6.830544833318253,6.697320101926138,1.8842105263157896,6.8035422180738045
2025_08_MIA_ATL,2025-10-26T13:00-04:00,ATL,MIA,2025,8,False,-24.0,4.960247480837238,4.708746699183207,5.7615308502891525,1.8842105263157896,5.070975428579392
2025_08_NYG_PHI,2025-10-26T13:00-04:00,PHI,NYG,2025,8,False,18.0,8.545646160276737,7.782987423929967,7.543245565375804,1.8842105263157896,8.598618695104074
2025_08_NYJ_CIN,2025-10-26T13:00-04:00,CIN,NYJ,2025,8,False,-1.0,3.2219818026730644,3.346926993787416,4.708370656960872,1.8842105263157896,3.3128495619730116
2025_08_SF_HOU,2025-10-26T13:00-04:00,HOU,SF,2025,8,False,11.0,5.598711104251549,5.131328579545276,4.109058328540429,1.8842105263157896,5.538382005174157
2025_08_TB_NO,2025-10-26T16:05-04:00,NO,TB,2025,8,False,-20.0,-5.781595116046121,-5.888061755883879,-3.9986664717712355,1.8842105263157896,-5.791197632128673
2025_08_DAL_DEN,2025-10-26T16:25-04:00,DEN,DAL,2025,8,False,20.0,2.7315589669033957,3.2256694401936397,4.923272139637664,1.8842105263157896,2.692045946203865
2025_08_TEN_IND,2025-10-26T16:25-04:00,IND,TEN,2025,8,False,24.0,15.715735738374633,15.739854699304157,13.813341144014235,1.8842105263157896,15.727969457634952
2025_08_GB_PIT,2025-10-26T20:20-04:00,PIT,GB,2025,8,False,-10.0,-2.0285449906226694,-2.048435455676104,-0.577867114624123,1.8842105263157896,-1.9495115445206872
2025_08_WAS_KC,2025-10-27T20:15-04:00,KC,WAS,2025,8,False,21.0,6.318455982329528,6.90170737417997,7.146770681114609,1.8842105263157896,6.385483399772937
2025_09_BAL_MIA,2025-10-30T20:15-04:00,MIA,BAL,2025,9,False,-22.0,-2.273824483053276,-2.2764104791913624,-1.2859117312674337,1.8842105263157896,-2.315264017101092
2025_09_ATL_NE,2025-11-02T13:00-05:00,NE,ATL,2025,9,False,1.0,4.564726196564643,4.806380312935681,6.185592312144678,1.8842105263157896,4.492469390149654
2025_09_CAR_GB,2025-11-02T13:00-05:00,GB,CAR,2025,9,False,-3.0,13.057641321010907,13.457775437673973,11.488959689202233,1.8842105263157896,13.015657426426746
2025_09_CHI_CIN,2025-11-02T13:00-05:00,CIN,CHI,2025,9,False,-5.0,-3.419236216249642,-3.385843583509056,1.0747394149020777,1.8842105263157896,-3.240634267996509
2025_09_DEN_HOU,2025-11-02T13:00-05:00,HOU,DEN,2025,9,False,-3.0,0.9147686062179422,0.10541003865610993,0.6711872926609472,1.8842105263157896,0.9421434078968797
2025_09_IND_PIT,2025-11-02T13:00-05:00,PIT,IND,2025,9,False,7.0,-3.6791168207956657,-3.359762961149741,-1.8017432131581579,1.8842105263157896,-3.683957924607653
2025_09_LAC_TEN,2025-11-02T13:00-05:00,TEN,LAC,2025,9,False,-7.0,-10.946308628796947,-11.578815419314672,-7.691850115470125,1.8842105263157896,-10.946632645431006
2025_09_MIN_DET,2025-11-02T13:00-05:00,DET,MIN,2025,9,False,-3.0,14.914482843729122,14.80717393836327,10.107061400736228,1.8842105263157896,14.977641477935377
2025_09_SF_NYG,2025-11-02T13:00-05:00,NYG,SF,2025,9,False,-10.0,-0.7755628065067073,-0.7637433183782619,-0.43152729695176584,1.8842105263157896,-0.8597744742232953
2025_09_JAX_LV,2025-11-02T16:05-05:00,LV,JAX,2025,9,False,-1.0,-2.6401799517870916,-2.6996351584034692,-1.3656643266644521,1.8842105263157896,-2.491561326652837
2025_09_NO_LA,2025-11-02T16:05-05:00,LAR,NO,2025,9,False,24.0,13.306290969840287,13.127245679851052,12.120939490332058,1.8842105263157896,13.33034221216859
2025_09_KC_BUF,2025-11-02T16:25-05:00,BUF,KC,2025,9,False,7.0,1.0081754459111607,0.7533058325677717,0.3228318356359834,1.8842105263157896,1.024282201893352
2025_09_SEA_WAS,2025-11-02T20:20-05:00,WAS,SEA,2025,9,False,-24.0,-0.22960631770100148,-1.052479960473849,-0.9664110385303082,1.8842105263157896,-0.23775466948403268
2025_09_ARI_DAL,2025-11-03T20:15-05:00,DAL,ARI,2025,9,False,-10.0,3.786074512884815,3.788075926774804,2.5516064866870334,1.8842105263157896,3.708222295148852
2025_10_LV_DEN,2025-11-06T20:15-05:00,DEN,LV,2025,10,False,3.0,11.691641928715196,12.031360695017751,12.712123224580644,1.8842105263157896,11.623619168749974
2025_10_ATL_IND,2025-11-09T09:30-05:00,IND,ATL,2025,10,True,6.0,4.531726463273854,4.673527457655052,5.0586656138608745,1.8842105263157896,4.497066922606306
2025_10_BAL_MIN,2025-11-09T13:00-05:00,MIN,BAL,2025,10,False,-8.0,-7.694900680598701,-7.351720164105233,-0.21529274507930873,1.8842105263157896,-7.748760222774879
2025_10_BUF_MIA,2025-11-09T13:00-05:00,MIA,BUF,2025,10,False,17.0,-7.142771341651639,-6.9364613575865945,-6.1859873883609175,1.8842105263157896,-7.139236743708666
2025_10_CLE_NYJ,2025-11-09T13:00-05:00,NYJ,CLE,2025,10,False,7.0,0.9834619592663727,0.8979909720524826,2.889029587582227,1.8842105263157896,0.9437088387512516
2025_10_JAX_HOU,2025-11-09T13:00-05:00,HOU,JAX,2025,10,False,7.0,2.241531693160685,2.009470508407717,6.521817745677664,1.8842105263157896,2.3326116713809197
2025_10_NE_TB,2025-11-09T13:00-05:00,TB,NE,2025,10,False,-5.0,5.227236684573688,5.191929311457857,4.283895693605893,1.8842105263157896,5.2705710437841224
2025_10_NO_CAR,2025-11-09T13:00-05:00,CAR,NO,2025,10,False,-10.0,5.4324779906099385,5.5559870627739105,5.604099356909794,1.8842105263157896,5.4331379207185595
2025_10_NYG_CHI,2025-11-09T13:00-05:00,CHI,NYG,2025,10,False,4.0,6.737906489016116,6.8773894442354795,5.764504648928804,1.8842105263157896,6.697266009400716
2025_10_ARI_SEA,2025-11-09T16:05-05:00,SEA,ARI,2025,10,False,22.0,6.452290238040884,6.644906685208344,7.016459068496888,1.8842105263157896,6.4198822560029685
2025_10_DET_WAS,2025-11-09T16:25-05:00,WAS,DET,2025,10,False,-22.0,-7.652020812046489,-8.1595390972151,-5.074008315363704,1.8842105263157896,-7.726949292760332
2025_10_LA_SF,2025-11-09T16:25-05:00,SF,LAR,2025,10,False,-16.0,-4.592455627928198,-4.47183858004903,-1.8263966436891197,1.8842105263157896,-4.608955050506295
2025_10_PIT_LAC,2025-11-09T20:20-05:00,LAC,PIT,2025,10,False,15.0,2.585266409814848,2.902250447063085,3.4402338565690607,1.8842105263157896,2.6246710495963783
2025_10_PHI_GB,2025-11-10T20:15-05:00,GB,PHI,2025,10,False,-3.0,1.7012440949446224,2.7237313445350524,2.3807171887495135,1.8842105263157896,1.6981463712729248
2025_11_NYJ_NE,2025-11-13T20:15-05:00,NE,NYJ,2025,11,False,13.0,9.581657832098927,9.622461561247524,8.152742471733248,1.8842105263157896,9.593575558478198
2025_11_WAS_MIA,2025-11-16T09:30-05:00,MIA,WAS,2025,11,True,3.0,2.9404625939738915,3.2515250996050296,0.6318365148975067,1.8842105263157896,3.033837118361899
2025_11_CAR_ATL,2025-11-16T13:00-05:00,ATL,CAR,2025,11,False,-3.0,5.5971237999828105,5.46411414237639,5.593754896199783,1.8842105263157896,5.5858096357124705
2025_11_CHI_MIN,2025-11-16T13:00-05:00,MIN,CHI,2025,11,False,-2.0,-5.182043480754441,-4.7882839195776885,3.0926920277275745,1.8842105263157896,-5.223757547281531
2025_11_CIN_PIT,2025-11-16T13:00-05:00,PIT,CIN,2025,11,False,22.0,6.597864136974353,6.83259049948828,5.170711429941199,1.8842105263157896,6.556589694815045
2025_11_GB_NYG,2025-11-16T13:00-05:00,NYG,GB,2025,11,False,-7.0,-8.377517937300572,-8.611772114837246,-4.1742197342216905,1.8842105263157896,-8.473846817720364
2025_11_HOU_TEN,2025-11-16T13:00-05:00,TEN,HOU,2025,11,False,-3.0,-8.603975012798806,-8.452240674358736,-8.234498650350808,1.8842105263157896,-8.543775244018866
2025_11_LAC_JAX,2025-11-16T13:00-05:00,JAX,LAC,2025,11,False,29.0,-2.710758454930734,-3.240788999054266,-1.8141014923821324,1.8842105263157896,-2.8817045754304313
2025_11_TB_BUF,2025-11-16T13:00-05:00,BUF,TB,2025,11,False,12.0,2.5488202938958655,2.397673271581669,3.540180132752487,1.8842105263157896,2.495621167057736
2025_11_SEA_LA,2025-11-16T16:05-05:00,LAR,SEA,2025,11,False,2.0,3.505012717546376,3.0757181455522966,2.290332742060534,1.8842105263157896,3.570706467618039
2025_11_SF_ARI,2025-11-16T16:05-05:00,ARI,SF,2025,11,False,-19.0,-1.2301599975775845,-0.9467327414674249,2.398114196852862,1.8842105263157896,-1.237642288343282
2025_11_BAL_CLE,2025-11-16T16:25-05:00,CLE,BAL,2025,11,False,-7.0,-8.664038296020454,-8.612020326141236,-5.7736864805212065,1.8842105263157896,-8.655389487062124
2025_11_KC_DEN,2025-11-16T16:25-05:00,DEN,KC,2025,11,False,3.0,-1.6649089113835682,-1.4313579136992818,0.06793162739684666,1.8842105263157896,-1.7222342361797567
2025_11_DET_PHI,2025-11-16T20:20-05:00,PHI,DET,2025,11,False,7.0,-1.232152785176181,-2.276700118138334,-0.9862154666250218,1.8842105263157896,-1.2720674071011697
2025_11_DAL_LV,2025-11-17T20:15-05:00,LV,DAL,2025,11,False,-17.0,-4.013184826487564,-4.037002918721537,-1.0822231305939831,1.8842105263157896,-3.9440349457074033
2025_12_BUF_HOU,2025-11-20T20:15-05:00,HOU,BUF,2025,12,False,4.0,-3.336795443997502,-3.2199083340058605,0.10123278796591517,1.8842105263157896,-3.3652406560824
2025_12_IND_KC,2025-11-23T13:00-05:00,KC,IND,2025,12,False,3.0,3.3175684818705067,3.3500495124732055,4.861959233603783,1.8842105263157896,3.286237804336032
2025_12_MIN_GB,2025-11-23T13:00-05:00,GB,MIN,2025,12,False,17.0,12.033307921216243,11.906150810135873,6.1755841769175746,1.8842105263157896,12.089874558327974
2025_12_NE_CIN,2025-11-23T13:00-05:00,CIN,NE,2025,12,False,-6.0,-6.56639697171369,-6.442588008968956,-4.190296607739913,1.8842105263157896,-6.556147522990171
2025_12_NYG_DET,2025-11-23T13:00-05:00,DET,NYG,2025,12,False,7.0,13.605708346353186,13.807761842128762,13.199792950346122,1.8842105263157896,13.734360845398617
2025_12_NYJ_BAL,2025-11-23T13:00-05:00,BAL,NYJ,2025,12,False,13.0,12.15748405504815,12.280150231008895,10.223529159657229,1.8842105263157896,12.203101819685521
2025_12_PIT_CHI,2025-11-23T13:00-05:00,CHI,PIT,2025,12,False,3.0,3.818358219420543,3.624720378173091,1.1531774780475332,1.8842105263157896,3.791071565797049
2025_12_SEA_TEN,2025-11-23T13:00-05:00,TEN,SEA,2025,12,False,-6.0,-12.44113120582221,-12.550362347367493,-11.777181611925588,1.8842105263157896,-12.45393182017032
2025_12_CLE_LV,2025-11-23T16:05-05:00,LV,CLE,2025,12,False,-14.0,2.570550353508745,2.504839783651634,0.9762691684638103,1.8842105263157896,2.5533958015753657
2025_12_JAX_ARI,2025-11-23T16:05-05:00,ARI,JAX,2025,12,False,-3.0,-0.14083386767433181,-0.15908791834961977,0.7430502803002099,1.8842105263157896,-0.09164670524369622
2025_12_ATL_NO,2025-11-23T16:25-05:00,NO,ATL,2025,12,False,-14.0,-1.0981526306516285,-1.022191761766036,-0.7127077323581235,1.8842105263157896,-1.112262227784001
2025_12_PHI_DAL,2025-11-23T16:25-05:00,DAL,PHI,2025,12,False,3.0,-2.3895998027975667,-1.6955910807342778,-2.1435576361604305,1.8842105263157896,-2.4258700909940276
2025_12_TB_LA,2025-11-23T20:20-05:00,LAR,TB,2025,12,False,27.0,5.44830697902244,5.23998218040614,6.485026490684384,1.8842105263157896,5.473481128341607
2025_12_CAR_SF,2025-11-24T20:15-05:00,SF,CAR,2025,12,False,11.0,8.851929932607172,8.598137910998187,7.435058149013271,1.8842105263157896,8.860866408463165
2025_13_GB_DET,2025-11-27T13:00-05:00,DET,GB,2025,13,False,-7.0,1.8965387517977002,1.7930224361210136,4.824890518250544,1.8842105263157896,1.8572587610103275
2025_13_KC_DAL,2025-11-27T16:30-05:00,DAL,KC,2025,13,False,3.0,-2.7055785099150054,-2.7716029661764616,-3.165997824519714,1.8842105263157896,-2.739480673611484
2025_13_CIN_BAL,2025-11-27T20:20-05:00,BAL,CIN,2025,13,False,-18.0,7.375291870443632,7.60368095486101,10.877957733869096,1.8842105263157896,7.390257845536811
2025_13_CHI_PHI,2025-11-28T15:00-05:00,PHI,CHI,2025,13,False,-9.0,4.603555780835922,3.9951219438068772,6.793516918253962,1.8842105263157896,4.59591523066264
2025_13_ARI_TB,2025-11-30T13:00-05:00,TB,ARI,2025,13,False,3.0,2.6346579443802813,2.8149902073772806,5.32825027496648,1.8842105263157896,2.7380935233656603
2025_13_ATL_NYJ,2025-11-30T13:00-05:00,NYJ,ATL,2025,13,False,3.0,-3.1392174356773412,-2.9993056741182405,-0.4018916809332671,1.8842105263157896,-3.2019721276133137
2025_13_HOU_IND,2025-11-30T13:00-05:00,IND,HOU,2025,13,False,-4.0,1.5651405122255244,1.9018853828925457,4.205248701768643,1.8842105263157896,1.5695845559459087
2025_13_JAX_TEN,2025-11-30T13:00-05:00,TEN,JAX,2025,13,False,-22.0,-6.2140106262960515,-6.248709091952167,-5.095806317876578,1.8842105263157896,-6.144267537482999
2025_13_LA_CAR,2025-11-30T13:00-05:00,CAR,LAR,2025,13,False,3.0,-11.225502911613827,-10.91938175744335,-9.133090979318487,1.8842105263157896,-11.224020474178603
2025_13_NO_MIA,2025-11-30T13:00-05:00,MIA,NO,2025,13,False,4.0,7.7802247772498685,7.976077824475336,6.951548336289366,1.8842105263157896,7.770938856468492
2025_13_SF_CLE,2025-11-30T13:00-05:00,CLE,SF,2025,13,False,-18.0,-7.0087416190136835,-6.647028916207926,-2.2057307350528896,1.8842105263157896,-7.089776181097719
2025_13_MIN_SEA,2025-11-30T16:05-05:00,SEA,MIN,2025,13,False,26.0,11.583400823178309,11.523734532899907,9.523292951345056,1.8842105263157896,11.571731419667184
2025_13_BUF_PIT,2025-11-30T16:25-05:00,PIT,BUF,2025,13,False,-19.0,-1.7403921033801173,-1.2859063127891635,-0.5437296882748268,1.8842105263157896,-1.722079641060382
2025_13_LV_LAC,2025-11-30T16:25-05:00,LAC,LV,2025,13,False,17.0,11.01842630574957,11.461159699661952,10.677696711969432,1.8842105263157896,11.082224371357572
2025_13_DEN_WAS,2025-11-30T20:20-05:00,WAS,DEN,2025,13,False,-1.0,-5.641685861548171,-5.955072740909147,-4.458865859692608,1.8842105263157896,-5.552389533048401
2025_13_NYG_NE,2025-12-01T20:15-05:00,NE,NYG,2025,13,False,18.0,8.493016715352283,8.551004429463276,8.606472070988332,1.8842105263157896,8.579192517459514
2025_14_DAL_DET,2025-12-04T20:15-05:00,DET,DAL,2025,14,False,14.0,4.977225804878742,5.213405204858339,7.231772863095937,1.8842105263157896,5.072433828800424
2025_14_CIN_BUF,2025-12-07T13:00-05:00,BUF,CIN,2025,14,False,5.0,6.430898557152283,6.290975578591556,10.620270742377304,1.8842105263157896,6.382637489295021
2025_14_IND_JAX,2025-12-07T13:00-05:00,JAX,IND,2025,14,False,17.0,-1.8764723216290067,-1.8231941938537641,0.4653230220935165,1.8842105263157896,-1.9945980623073771
2025_14_MIA_NYJ,2025-12-07T13:00-05:00,NYJ,MIA,2025,14,False,-24.0,-2.8625246485532347,-2.981871994498897,0.8288695565734696,1.8842105263157896,-2.9625175816624423
2025_14_NO_TB,2025-12-07T13:00-05:00,TB,NO,2025,14,False,-4.0,10.63425108917176,10.539582296991133,8.889271944627357,1.8842105263157896,10.678456171815117
2025_14_PIT_BAL,2025-12-07T13:00-05:00,BAL,PIT,2025,14,False,-5.0,5.775385374125307,5.736132699486088,5.569857226525393,1.8842105263157896,5.834730724995108
2025_14_SEA_ATL,2025-12-07T13:00-05:00,ATL,SEA,2025,14,False,-28.0,-5.0858413590552125,-5.351719855679068,-5.875305211724768,1.8842105263157896,-5.0557398638686015
2025_14_TEN_CLE,2025-12-07T13:00-05:00,CLE,TEN,2025,14,False,-2.0,4.431308194520433,4.496046672631171,6.804897865360749,1.8842105263157896,4.503697015814757
2025_14_WAS_MIN,2025-12-07T13:00-05:00,MIN,WAS,2025,14,False,31.0,-3.594961938165677,-3.2458857467142352,2.6072636614124503,1.8842105263157896,-3.5985306352496402
2025_14_DEN_LV,2025-12-07T16:05-05:00,LV,DEN,2025,14,False,-7.0,-10.769402481354966,-10.833776976287737,-9.007021128804368,1.8842105263157896,-10.706012162851628
2025_14_CHI_GB,2025-12-07T16:25-05:00,GB,CHI,2025,14,False,7.0,4.653689524809261,4.938790958693156,6.380044918070504,1.8842105263157896,4.768003330632017
2025_14_LA_ARI,2025-12-07T16:25-05:00,ARI,LAR,2025,14,False,-28.0,-8.309584670237534,-7.861647964018591,-6.228676171579494,1.8842105263157896,-8.412204293405834
2025_14_HOU_KC,2025-12-07T20:20-05:00,KC,HOU,2025,14,False,-10.0,3.4247704958333895,3.793062759515094,5.210070560860231,1.8842105263157896,3.3950178569027467
2025_14_PHI_LAC,2025-12-08T20:15-05:00,LAC,PHI,2025,14,False,3.0,-3.831780983341984,-2.8269756968258224,0.9854825653527008,1.8842105263157896,-3.762454848495441
2025_15_ATL_TB,2025-12-11T20:15-05:00,TB,ATL,2025,15,False,-1.0,6.0997381318509865,6.105239583185031,4.693282977567598,1.8842105263157896,6.142152834491405
2025_15_ARI_HOU,2025-12-14T13:00-05:00,HOU,ARI,2025,15,False,20.0,10.132757173154806,9.780972748447676,10.112573890749246,1.8842105263157896,10.0843665766812
2025_15_BAL_CIN,2025-12-14T13:00-05:00,CIN,BAL,2025,15,False,-24.0,-0.4000169901904376,-0.4869951474602095,-1.6636981362013925,1.8842105263157896,-0.39388722616280514
2025_15_BUF_NE,2025-12-14T13:00-05:00,NE,BUF,2025,15,False,-4.0,0.034891614049078756,0.1840101276706697,0.9675162745557939,1.8842105263157896,0.11300840615605456
2025_15_CLE_CHI,2025-12-14T13:00-05:00,CHI,CLE,2025,15,False,28.0,10.444723032251584,10.338951866164795,8.77016720952577,1.8842105263157896,10.406785302520763
2025_15_LAC_KC,2025-12-14T13:00-05:00,KC,LAC,2025,15,False,-3.0,5.454017961034644,4.913077095661542,5.238711100797651,1.8842105263157896,5.408106687028361
2025_15_LV_PHI,2025-12-14T13:00-05:00,PHI,LV,2025,15,False,31.0,14.324274466594852,13.527649554772333,12.838944247562441,1.8842105263157896,14.30351252718737
2025_15_NYJ_JAX,2025-12-14T13:00-05:00,JAX,NYJ,2025,15,False,28.0,12.395615781563475,12.494870611906359,10.224277359110996,1.8842105263157896,12.335695699922393
2025_15_WAS_NYG,2025-12-14T13:00-05:00,NYG,WAS,2025,15,False,-8.0,1.9824533662429014,2.0024003260734933,2.4928151562219742,1.8842105263157896,1.9778802487936729
2025_15_CAR_NO,2025-12-14T16:25-05:00,NO,CAR,2025,15,False,3.0,-1.641685336137339,-1.6077851559705012,0.6408873457824238,1.8842105263157896,-1.6757345658116516
2025_15_DET_LA,2025-12-14T16:25-05:00,LAR,DET,2025,15,False,7.0,4.309662168157109,3.7803194271428744,4.548495264512547,1.8842105263157896,4.37628658053966
2025_15_GB_DEN,2025-12-14T16:25-05:00,DEN,GB,2025,15,False,8.0,-0.6701144702134614,-0.6964034260956464,1.2138827356233777,1.8842105263157896,-0.8148635485172644
2025_15_IND_SEA,2025-12-14T16:25-05:00,SEA,IND,2025,15,False,2.0,8.01226804817702,8.315050844414408,8.988160350186538,1.8842105263157896,8.020823752793541
2025_15_TEN_SF,2025-12-14T16:25-05:00,SF,TEN,2025,15,False,13.0,14.75489010000543,14.508464610963577,13.219401650253648,1.8842105263157896,14.942170819472747
2025_15_MIN_DAL,2025-12-14T20:20-05:00,DAL,MIN,2025,15,False,-8.0,7.3296104220702745,6.943448553948748,3.7336334100470694,1.8842105263157896,7.274170245414036
2025_15_MIA_PIT,2025-12-15T20:15-05:00,PIT,MIA,2025,15,False,13.0,1.425489013070313,1.335133214016296,3.4366095316761305,1.8842105263157896,1.389265558981739
2025_16_LA_SEA,2025-12-18T20:15-05:00,SEA,LAR,2025,16,False,1.0,-0.5712457794965486,-0.04345020272494776,2.257688519026585,1.8842105263157896,-0.6686375186431714
2025_16_PHI_WAS,2025-12-20T17:00-05:00,WAS,PHI,2025,16,False,-11.0,-7.501737465002795,-6.991011239257768,-4.997603728873287,1.8842105263157896,-7.518140464639378
2025_16_GB_CHI,2025-12-20T20:20-05:00,CHI,GB,2025,16,False,6.0,0.17141252555614273,-0.021735313684615454,0.47815807375388575,1.8842105263157896,0.15460591379926358
2025_16_BUF_CLE,2025-12-21T13:00-05:00,CLE,BUF,2025,16,False,-3.0,-12.871547381567677,-12.536255385792725,-9.5231800513142,1.8842105263157896,-12.809285154825677
2025_16_CIN_MIA,2025-12-21T13:00-05:00,MIA,CIN,2025,16,False,-24.0,-0.38972828734683107,-0.33110821299263904,5.025455676854388,1.8842105263157896,-0.38496664679604686
2025_16_KC_TEN,2025-12-21T13:00-05:00,TEN,KC,2025,16,False,17.0,-5.788988197283338,-5.865147414347799,-9.466240424163038,1.8842105263157896,-5.777005545784682
2025_16_LAC_DAL,2025-12-21T13:00-05:00,DAL,LAC,2025,16,False,-17.0,-0.07432869007643239,-0.6191195654042315,-0.36717463156074803,1.8842105263157896,-0.13911855544222262
2025_16_MIN_NYG,2025-12-21T13:00-05:00,NYG,MIN,2025,16,False,-3.0,1.9127688583371918,1.5948538490489923,-2.281432147660655,1.8842105263157896,1.87734564381477
2025_16_NYJ_NO,2025-12-21T13:00-05:00,NO,NYJ,2025,16,False,23.0,6.926706360851408,6.8837354781499975,4.139122400560614,1.8842105263157896,6.934494243339502
2025_16_TB_CAR,2025-12-21T13:00-05:00,CAR,TB,2025,16,False,3.0,-2.125509641868292,-2.014173155168307,0.15329427553557284,1.8842105263157896,-2.222042138880905
2025_16_ATL_ARI,2025-12-21T16:05-05:00,ARI,ATL,2025,16,False,-7.0,-0.5960907936119613,-0.5191679085176693,0.5124124581817657,1.8842105263157896,-0.5505174723640743
2025_16_JAX_DEN,2025-12-21T16:05-05:00,DEN,JAX,2025,16,False,-14.0,2.0627923517961277,2.195886528083865,2.905862104191263,1.8842105263157896,2.081674926817084
2025_16_LV_HOU,2025-12-21T16:25-05:00,HOU,LV,2025,16,False,2.0,16.38881749588399,16.055617600767526,16.04039169180531,1.8842105263157896,16.348898234495636
2025_16_PIT_DET,2025-12-21T16:25-05:00,DET,PIT,2025,16,False,-5.0,5.962253294923837,5.990169693354483,7.243897360164855,1.8842105263157896,5.987433954732878
2025_16_NE_BAL,2025-12-21T20:20-05:00,BAL,NE,2025,16,False,-4.0,1.6947598136733266,1.7824045205861612,2.791515451216574,1.8842105263157896,1.7597895988076537
2025_16_SF_IND,2025-12-22T20:15-05:00,IND,SF,2025,16,False,-21.0,-1.6711549419091862,-1.5487576538596035,2.5868097346358976,1.8842105263157896,-1.7621414836594196
2025_17_DAL_WAS,2025-12-25T13:00-05:00,WAS,DAL,2025,17,False,-7.0,-3.702907842263625,-3.9589078522375787,0.6233687533090997,1.8842105263157896,-3.6829346354574763
2025_17_DET_MIN,2025-12-25T16:30-05:00,MIN,DET,2025,17,False,13.0,-8.489698292125603,-8.31982295119561,-2.444570091825712,1.8842105263157896,-8.540089721085986
2025_17_DEN_KC,2025-12-25T20:15-05:00,KC,DEN,2025,17,False,-7.0,-2.9787884350826634,-3.1228302475439156,1.8004250998524483,1.8842105263157896,-2.965478827562363
2025_17_HOU_LAC,2025-12-27T16:30-05:00,LAC,HOU,2025,17,False,-4.0,0.6255316135388878,1.4530856374105032,2.3666865298179065,1.8842105263157896,0.6644457707403326
2025_17_BAL_GB,2025-12-27T20:00-05:00,GB,BAL,2025,17,False,-17.0,0.7254928529617357,0.8416366466617617,3.7346252328126033,1.8842105263157896,0.6715157795874586
2025_17_ARI_CIN,2025-12-28T13:00-05:00,CIN,ARI,2025,17,False,23.0,6.32875847244347,6.321839243404026,5.160834805518872,1.8842105263157896,6.368126471811612
2025_17_JAX_IND,2025-12-28T13:00-05:00,IND,JAX,2025,17,False,-6.0,-2.763105806072462,-2.8704031175102154,-1.5225313983965183,1.8842105263157896,-2.6829413015897035
2025_17_NE_NYJ,2025-12-28T13:00-05:00,NYJ,NE,2025,17,False,-32.0,-7.72729647123074,-7.609813010607002,-9.057711843298543,1.8842105263157896,-7.755081834562581
2025_17_NO_TEN,2025-12-28T13:00-05:00,TEN,NO,2025,17,False,-8.0,-1.145064868885143,-1.196140824053085,-0.6909453432078934,1.8842105263157896,-1.2132971305440947
2025_17_PIT_CLE,2025-12-28T13:00-05:00,CLE,PIT,2025,17,False,7.0,-9.283976134919985,-9.280246133432474,-5.699013776644705,1.8842105263157896,-9.213338777505287
2025_17_SEA_CAR,2025-12-28T13:00-05:00,CAR,SEA,2025,17,False,-17.0,-7.118745286734251,-7.218047897220572,-8.623782587413352,1.8842105263157896,-7.135680371996111
2025_17_TB_MIA,2025-12-28T13:00-05:00,MIA,TB,2025,17,False,3.0,-3.0012409421469943,-2.885202175699069,1.0094844045937665,1.8842105263157896,-2.9729184277134744
2025_17_NYG_LV,2025-12-28T16:05-05:00,LV,NYG,2025,17,False,-24.0,-1.8534282372665878,-1.778856923417913,-0.37746979853261653,1.8842105263157896,-1.834571211475165
2025_17_PHI_BUF,2025-12-28T16:25-05:00,BUF,PHI,2025,17,False,-1.0,1.5075759601589382,1.8289771836208035,2.6893807728249453,1.8842105263157896,1.5466780008602354
2025_17_CHI_SF,2025-12-28T20:20-05:00,SF,CHI,2025,17,False,4.0,2.6936290717331746,2.545531718277731,3.5922405276481926,1.8842105263157896,2.8381907458867244
2025_17_LA_ATL,2025-12-29T20:15-05:00,ATL,LAR,2025,17,False,3.0,-9.660093349985186,-9.33356882934778,-7.697404147679984,1.8842105263157896,-9.753347630447553
2025_18_CAR_TB,2026-01-03T16:30-05:00,TB,CAR,2025,18,False,2.0,5.047059445431752,4.983660707515524,4.8986275020832935,1.8842105263157896,5.074971246421831
2025_18_SEA_SF,2026-01-03T20:00-05:00,SF,SEA,2025,18,False,-10.0,0.45196693305267255,0.17228974527721985,-2.0300537388850746,1.8842105263157896,0.5210374534508724
2025_18_CLE_CIN,2026-01-04T13:00-05:00,CIN,CLE,2025,18,False,-2.0,12.040794476714582,11.986067718408167,6.769659052190974,1.8842105263157896,12.07923757015352
2025_18_DAL_NYG,2026-01-04T13:00-05:00,NYG,DAL,2025,18,False,17.0,-0.6510035231995435,-0.662522525847888,0.36679611100864706,1.8842105263157896,-0.6127641223824387
2025_18_GB_MIN,2026-01-04T13:00-05:00,MIN,GB,2025,18,False,13.0,1.5583632141714578,1.9675715107717116,1.0469917918200524,1.8842105263157896,1.545988439323677
2025_18_IND_HOU,2026-01-04T13:00-05:00,HOU,IND,2025,18,False,8.0,8.113924799029052,7.880130353265852,5.8841218588051785,1.8842105263157896,8.059791257601919
2025_18_NO_ATL,2026-01-04T13:00-05:00,ATL,NO,2025,18,False,2.0,2.8817399601752776,2.7726437806218085,4.415652275839177,1.8842105263157896,2.910583490603709
2025_18_TEN_JAX,2026-01-04T13:00-05:00,JAX,TEN,2025,18,False,34.0,13.652912152969858,13.686558443810828,15.179821780127686,1.8842105263157896,13.64275532324976
2025_18_ARI_LA,2026-01-04T16:25-05:00,LAR,ARI,2025,18,False,17.0,13.888833044484922,13.489714501215348,16.34748563673557,1.8842105263157896,13.938400396355876
2025_18_DET_CHI,2026-01-04T16:25-05:00,CHI,DET,2025,18,False,-3.0,3.517050318785957,3.40239718982938,1.6009760323925089,1.8842105263157896,3.443199542055714
2025_18_KC_LV,2026-01-04T16:25-05:00,LV,KC,2025,18,False,2.0,-7.2492986107826685,-7.112740912983667,-8.396430118408547,1.8842105263157896,-7.253208371740691
2025_18_LAC_DEN,2026-01-04T16:25-05:00,DEN,LAC,2025,18,False,16.0,6.0025830659526695,5.94058629220029,3.092550805417887,1.8842105263157896,5.910394507435752
2025_18_MIA_NE,2026-01-04T16:25-05:00,NE,MIA,2025,18,False,28.0,10.675327836075933,10.607940006874145,10.206801997316207,1.8842105263157896,10.676206079662238
2025_18_NYJ_BUF,2026-01-04T16:25-05:00,BUF,NYJ,2025,18,False,27.0,15.821744688665815,15.619845350590928,16.56001728927444,1.8842105263157896,15.843858545010992
2025_18_WAS_PHI,2026-01-04T16:25-05:00,PHI,WAS,2025,18,False,-7.0,10.365483056385857,10.29900461295039,11.746419384002346,1.8842105263157896,10.383878822676959
2025_18_BAL_PIT,2026-01-04T20:20-05:00,PIT,BAL,2025,18,False,2.0,-1.7179190542079237,-1.7328310427171947,-0.7918944298170394,1.8842105263157896,-1.7763322563769273
