game_id,season,week,kickoff,home_team,away_team,neutral_site,actual_margin,prior_raw,prior_starter,pgo_v0,constant,reference4,active4,active4_clean,active8_clean,active4_compact,active4_exposure,active4_symmetric
2018_01_ATL_PHI,2018,1,2018-09-06T20:20-04:00,PHI,ATL,False,6.0,0.3941885323334433,0.9605301082152615,3.6138365405258286,2.44140625,-0.4177990697489866,0.1788130820161471,1.132015367427444,1.2471258320365506,1.8030785579633744,0.9437127982145219,0.24145623723091036
2018_01_BUF_BAL,2018,1,2018-09-09T13:00-04:00,BAL,BUF,False,44.0,9.132508007080526,12.06719201421817,4.759554503649869,2.44140625,11.257632689476404,12.034408427192831,8.668392917309495,8.675790882778614,6.0460199307090186,8.591462369373257,7.947399772149725
2018_01_CIN_IND,2018,1,2018-09-09T13:00-04:00,IND,CIN,False,-11.0,4.583078482202527,5.644583764926505,0.7504929105212321,2.44140625,5.541117806077903,6.149571909242221,0.9453879846800581,0.4255898023512179,1.4384453745561174,0.9903375204493714,0.7041742805186575
2018_01_HOU_NE,2018,1,2018-09-09T13:00-04:00,NE,HOU,False,7.0,12.67980084976278,12.80703339667076,10.494308457785952,2.44140625,12.60727821199,13.362445844029384,13.4100969439537,13.351376382187722,12.426892074164217,13.247485210959248,12.613434096847882
2018_01_JAX_NYG,2018,1,2018-09-09T13:00-04:00,NYG,JAX,False,-5.0,-2.0641120353716165,-0.8642830984001924,-1.556576324822914,2.44140625,-1.1490007372446103,0.29414638977016017,-0.7829722585456032,-0.8740393179630572,-1.2371511333092196,-1.2037419688460442,-1.4888677000607213
2018_01_PIT_CLE,2018,1,2018-09-09T13:00-04:00,CLE,PIT,False,0.0,-10.157925376976518,-7.16413203601506,-3.9821622988077117,2.44140625,-7.177003810331699,-10.092064808655483,-5.386792227864386,-5.524176392475135,-7.130451201867818,-5.384422478126716,-5.867455178388806
2018_01_SF_MIN,2018,1,2018-09-09T13:00-04:00,MIN,SF,False,8.0,4.398841695965894,4.338945501904772,6.957203064300311,2.44140625,4.70660083745623,6.3077894984895435,6.111370473174054,6.885300739503021,5.664322600279055,6.146967718197654,5.3672984301287485
2018_01_TB_NO,2018,1,2018-09-09T13:00-04:00,NO,TB,False,-8.0,6.569818852841657,6.951941764952376,5.464856260596324,2.44140625,7.580342661804032,9.027444067754587,7.195916405220904,7.270067744374317,6.5062763579161285,7.050732847923452,6.524361924462556
2018_01_TEN_MIA,2018,1,2018-09-09T13:00-04:00,MIA,TEN,False,7.0,-3.2949837362014844,-2.2827604515560953,1.0125644284673228,2.44140625,-2.741510495661932,-4.3540178800150295,0.5170252550492722,0.4951609305676977,0.2705782146090103,0.3929841303568127,-0.24077268771873794
2018_01_KC_LAC,2018,1,2018-09-09T16:05-04:00,LAC,KC,False,-10.0,5.715027082669739,7.580102190401899,2.6015632300830207,2.44140625,8.060080117309738,7.006323103494864,5.53408769628005,5.378622560097958,3.6442186112831734,5.456458521908583,5.150470064727621
2018_01_DAL_CAR,2018,1,2018-09-09T16:25-04:00,CAR,DAL,False,8.0,-0.056262904571018346,0.4128201962992817,2.1068101735462887,2.44140625,0.27603150713749836,1.7933312172491747,2.262729085352595,2.324897996366737,1.3186741256527594,2.2048945891972314,2.050819066215449
2018_01_SEA_DEN,2018,1,2018-09-09T16:25-04:00,DEN,SEA,False,3.0,0.12771757828052444,-0.10447040865340673,-0.8684239420805433,2.44140625,1.2676776630425004,0.8721516498159958,-1.1411073215498746,-0.8718706156774347,-0.906564039922321,-1.2180937404982788,-1.6304175764749824
2018_01_WAS_ARI,2018,1,2018-09-09T16:25-04:00,ARI,WAS,False,-18.0,3.3468384048098883,1.7503843521948956,2.8373365947939733,2.44140625,1.9623758648417005,5.2267306753092075,1.8762581903687425,2.363448158632504,2.462648405752945,1.4131582273364773,1.0659834923771725
2018_01_CHI_GB,2018,1,2018-09-09T20:20-04:00,GB,CHI,False,1.0,-4.38868879095277,-0.6525853831675184,2.458884712154749,2.44140625,-0.8341172179927887,-3.354194460029266,3.190392484947687,4.274763703688954,2.735287615344574,3.2840011993917777,2.3807524440127894
2018_01_NYJ_DET,2018,1,2018-09-10T19:10-04:00,DET,NYJ,False,-31.0,11.551920840146597,16.257754391522788,4.999520857873593,2.44140625,16.29508280088516,16.747911584932126,11.568927113412554,11.140089115586678,7.507763332094656,11.654046601454446,11.143409119635354
2018_01_LA_OAK,2018,1,2018-09-10T22:20-04:00,LV,LAR,False,-20.0,1.860312833603266,1.1105925144573143,-0.6971898397819629,2.44140625,0.6047463539370456,0.2919636909353174,-1.8893360808537076,-1.0775777309491712,-1.6771088904638336,-1.8856384195410487,-2.426265281172941
2018_02_BAL_CIN,2018,2,2018-09-13T20:20-04:00,CIN,BAL,False,11.0,-0.5104222083784373,0.22375002402409994,-0.5823651184926941,2.44140625,0.16132196320756065,0.4399548990063631,0.030669642730395186,-0.07773193551239732,-0.3098766589017514,0.022633404033241433,-0.3509295744358145
2018_02_CAR_ATL,2018,2,2018-09-16T13:00-04:00,ATL,CAR,False,7.0,3.790281271130984,2.7055084581914683,2.832811051802996,2.44140625,3.025618713524275,3.609366201339311,4.194632954052418,4.307295337158935,4.94823667281176,4.191908877112111,3.749961332219567
2018_02_CLE_NO,2018,2,2018-09-16T13:00-04:00,NO,CLE,False,3.0,11.359734485132995,9.518284304630983,7.704711653141321,2.44140625,9.818603534620395,10.372078487960977,8.657229473687554,9.46909710170881,10.385246454203042,8.634609535467275,8.293595561144105
2018_02_HOU_TEN,2018,2,2018-09-16T13:00-04:00,TEN,HOU,False,3.0,3.278059596590417,1.2605420807256063,4.746215220897497,2.44140625,0.8262407108115188,2.839543995134903,3.5379102237915347,3.240055269740698,2.469697778163455,3.531445057186011,3.1807569336581305
2018_02_IND_WAS,2018,2,2018-09-16T13:00-04:00,WAS,IND,False,-12.0,6.220132141569421,6.4898387370989905,6.603859981419827,2.44140625,6.899692136915802,8.695877021885273,6.632823191491958,6.849868794052194,5.6339728687972865,6.729343360906407,6.2398787721348015
2018_02_KC_PIT,2018,2,2018-09-16T13:00-04:00,PIT,KC,False,-5.0,-0.35837472046244057,-0.8211352354133172,1.829433249061966,2.44140625,-0.7228959325615008,-0.2718725800192492,-0.4742576440569749,-0.3205374010169443,-1.0544598924548232,-0.47845390183804326,-0.8842162029524383
2018_02_LAC_BUF,2018,2,2018-09-16T13:00-04:00,BUF,LAC,False,-11.0,-3.739743418356918,-4.9845470407424255,-0.675240273489838,2.44140625,-4.9255820954996405,-4.907178421394757,-4.427959653293615,-4.464358666130725,-2.479169639997763,-4.382605504786463,-4.7952674849968115
2018_02_MIA_NYJ,2018,2,2018-09-16T13:00-04:00,NYJ,MIA,False,-8.0,3.108389900294606,0.647301148856243,3.566805170231498,2.44140625,1.463255041056254,1.47556321224496,1.3453424385680166,1.4011791347855596,3.2691589893823245,1.3544427170309667,0.9939589153070545
2018_02_MIN_GB,2018,2,2018-09-16T13:00-04:00,GB,MIN,False,0.0,-6.098454591040062,-6.115356380206555,-2.6901401587991884,2.44140625,-6.520167489602217,-4.7366937260999,-5.084633079273001,-4.368615877587532,-5.12727732427549,-5.12329872672231,-5.484830498838939
2018_02_PHI_TB,2018,2,2018-09-16T13:00-04:00,TB,PHI,False,6.0,0.8290695384236852,-0.5353256381909949,-0.3477493708812833,2.44140625,0.6361483019923173,0.8018576887855902,1.247045463399287,1.1423925677348201,1.7990301469979257,1.529806541220145,0.8633452452553398
2018_02_ARI_LA,2018,2,2018-09-16T16:05-04:00,LAR,ARI,False,34.0,9.631243513542213,8.02088613719608,7.753137219129222,2.44140625,8.741916394589225,9.55567016528017,8.890864204118099,7.9505764582623755,9.080126667219348,9.003921967479247,8.503021091651494
2018_02_DET_SF,2018,2,2018-09-16T16:05-04:00,SF,DET,False,3.0,4.485550708639942,1.6124891972466224,2.4379842561545253,2.44140625,1.900169344319198,1.1534012494775054,0.7730916113297361,0.5366566845709657,2.4282705066550276,0.6744525911468905,0.28131325326679324
2018_02_NE_JAX,2018,2,2018-09-16T16:25-04:00,JAX,NE,False,11.0,-2.63643531925094,-3.4916635221688397,-0.11033103706623404,2.44140625,-3.662927016668506,-1.9004728332754606,-1.6076802301838136,-1.8577124360934776,-1.8080828833525109,-1.4378912702419844,-1.914841900686775
2018_02_OAK_DEN,2018,2,2018-09-16T16:25-04:00,DEN,LV,False,1.0,5.148733959559859,5.027889000546196,3.654281887492895,2.44140625,6.0361178296588704,5.1736501059135644,3.131134654288198,3.0728138045734354,3.6811278113259194,3.311541373671235,2.739679012621884
2018_02_NYG_DAL,2018,2,2018-09-16T20:20-04:00,DAL,NYG,False,7.0,7.084769441284195,6.660305434571959,6.417227883038326,2.44140625,6.852748102439436,6.301874765580703,4.947323352107546,5.056577937161091,5.732445706946897,5.298723798438136,4.470448922942145
2018_02_SEA_CHI,2018,2,2018-09-17T20:15-04:00,CHI,SEA,False,7.0,1.538580911904864,0.7130365016468251,0.15187278874438492,2.44140625,0.9920600216389202,0.9928832221519611,1.3460175880903857,0.6011500984784584,1.194309114454037,1.2042506939249753,1.0747563849372996
2018_03_NYJ_CLE,2018,3,2018-09-20T20:20-04:00,CLE,NYJ,False,4.0,-0.23020933724577336,2.106063909026973,0.38866032166598163,2.44140625,1.5015298633245382,0.9280350166402462,2.323699833122949,1.954971984854557,-0.12240703532836217,2.3908013078933794,1.8473557672098782
2018_03_BUF_MIN,2018,3,2018-09-23T13:00-04:00,MIN,BUF,False,-21.0,9.954203735039068,9.734567993146193,8.863934449343366,2.44140625,9.875362571635872,10.162526274308838,10.394539602692234,9.998815492670794,9.7988241115506,10.50434841558298,9.979386892736693
2018_03_CIN_CAR,2018,3,2018-09-23T13:00-04:00,CAR,CIN,False,10.0,1.2827431809161285,2.027685619198968,2.852861974101559,2.44140625,1.8736068082432653,1.0263601898752848,1.4808229773531045,1.8351028570589998,1.025295356099185,1.557295838942366,1.2465045030582111
2018_03_DEN_BAL,2018,3,2018-09-23T13:00-04:00,BAL,DEN,False,13.0,8.802478227962023,8.073915243908042,6.668835583203411,2.44140625,7.216103345943519,8.211893129001401,7.639492560923831,7.362038370761002,7.540985538547278,7.514428712100214,7.302224370400941
2018_03_GB_WAS,2018,3,2018-09-23T13:00-04:00,WAS,GB,False,14.0,4.711239165321586,7.454771289871244,3.0707205070377688,2.44140625,7.64642299513797,7.298877813734114,7.241016606475677,6.08460290813343,5.501851068433448,7.298218798484416,7.018962519183992
2018_03_IND_PHI,2018,3,2018-09-23T13:00-04:00,PHI,IND,False,4.0,8.401075705734815,7.725951645753787,7.479360964987606,2.44140625,8.502124185103568,8.411977431612428,7.16132675596264,8.224762592574208,6.915113344737728,7.19721315993165,6.707960462831441
2018_03_NO_ATL,2018,3,2018-09-23T13:00-04:00,ATL,NO,False,-6.0,2.885998164847795,3.0804455537734605,3.5962530350278277,2.44140625,2.887493113041429,3.5685472287541704,3.308852552411466,2.983786052578351,3.3573109495397153,3.4117998980165782,3.0666346324765015
2018_03_NYG_HOU,2018,3,2018-09-23T13:00-04:00,HOU,NYG,False,-5.0,2.073545031617762,0.7557004203771802,2.3879327743870906,2.44140625,1.5401600377196016,2.592628929799998,0.9795181164186337,1.3026347579755497,2.1581168397678923,1.141917362360832,0.5596767997101848
2018_03_OAK_MIA,2018,3,2018-09-23T13:00-04:00,MIA,LV,False,8.0,4.596011856092712,5.021113511821832,4.575013548426981,2.44140625,4.567802412100147,4.984326622953214,4.14078739385039,3.325938727840463,4.261036521306336,4.189319513194607,3.8454111452193667
2018_03_SF_KC,2018,3,2018-09-23T13:00-04:00,KC,SF,False,11.0,8.021222495553678,6.6246081249789786,6.7562524637007275,2.44140625,6.99987391853766,7.731044516202099,7.037784068272732,7.416438177239061,8.104083862801472,7.082269089967765,6.728583323365233
2018_03_TEN_JAX,2018,3,2018-09-23T13:00-04:00,JAX,TEN,False,-3.0,6.543901775698225,7.893655511069025,6.077856900501608,2.44140625,8.166429485063356,7.967429904550329,7.465348534260459,7.69341798868105,7.411422384280947,7.5572807265486,7.081723326196601
2018_03_LAC_LA,2018,3,2018-09-23T16:05-04:00,LAR,LAC,False,12.0,3.2246683742645152,3.475128256704647,5.409844901465146,2.44140625,3.9931070303874416,4.957685146399313,4.717605034471004,3.959074431134736,4.427327379496845,4.611754585796938,4.348664216975222
2018_03_CHI_ARI,2018,3,2018-09-23T16:25-04:00,ARI,CHI,False,-2.0,-2.0527988784612754,0.3847011750450592,-0.2684504231644671,2.44140625,0.059116194904371366,-0.24694041870135874,-0.6867167145671134,0.2085809058556498,-1.0746650806639715,-0.9182578272955744,-1.0484227355474376
2018_03_DAL_SEA,2018,3,2018-09-23T16:25-04:00,SEA,DAL,False,11.0,2.1205697682877016,1.5424604357182998,1.9314763125275216,2.44140625,1.388495619714805,1.3695469117081809,1.2322908683226506,1.474841442264605,0.891098815192578,1.206480860594898,0.8362166094740602
2018_03_NE_DET,2018,3,2018-09-23T20:20-04:00,DET,NE,False,16.0,-5.828692157437186,-4.159177436796093,-1.9558175289266888,2.44140625,-4.856292713065844,-4.095928985552883,-2.7568503176527246,-3.1788816437503895,-3.6235696702241986,-2.648699359115845,-2.971812830779903
2018_03_PIT_TB,2018,3,2018-09-24T20:15-04:00,TB,PIT,False,-3.0,0.8764343069779437,1.1899502357656173,1.8630345741436347,2.44140625,1.3096417186228524,1.5851015565365367,2.1325462128814725,1.6752748170351368,2.823414514659332,2.17656341972487,1.6185933517203972
2018_04_MIN_LA,2018,4,2018-09-27T20:20-04:00,LAR,MIN,False,7.0,5.542422991275098,5.6459749617989425,5.764126316978254,2.44140625,6.210487167094133,6.77388631240637,7.019053489929216,6.112140461354061,6.506115020628412,6.827492925130276,6.6995400635329965
2018_04_BUF_GB,2018,4,2018-09-30T13:00-04:00,GB,BUF,False,22.0,0.3514816967628267,0.10777028217058882,1.757619352391889,2.44140625,-0.050749924854800454,0.9290654290461681,1.1986227326517702,1.4815144792975283,0.8747062076325675,1.2504682813857735,0.773502555748209
2018_04_CIN_ATL,2018,4,2018-09-30T13:00-04:00,ATL,CIN,False,-1.0,5.36399861907332,4.823310382194803,3.6270677424494013,2.44140625,5.193614366868756,5.275367814748083,4.79872856393235,4.7567111239754105,5.297831240139303,4.902637262592857,4.520315842700247
2018_04_DET_DAL,2018,4,2018-09-30T13:00-04:00,DAL,DET,False,2.0,2.1678962728162543,0.9566548979884044,2.5397816441214593,2.44140625,1.194379540022072,2.0783188008907563,0.46193504573899913,1.2495565510100137,1.2242984599477795,0.46799159256603706,-0.07994634474999707
2018_04_HOU_IND,2018,4,2018-09-30T13:00-04:00,IND,HOU,False,-3.0,3.7369820375192546,5.170322477447369,4.227968638837057,2.44140625,4.2043915562317835,4.629691518148176,5.867687425216072,4.616987754980285,5.4631323690230165,5.876284669302237,5.615767400403317
2018_04_MIA_NE,2018,4,2018-09-30T13:00-04:00,NE,MIA,False,31.0,7.828155241322782,7.921849771519934,5.00892168993853,2.44140625,8.40045960531864,8.359519374673138,7.30403113727408,8.027121792884472,7.199075259718272,7.303240987376585,6.872987105629228
2018_04_NYJ_JAX,2018,4,2018-09-30T13:00-04:00,JAX,NYJ,False,19.0,6.781289123008292,7.5933897664817405,5.926927420610366,2.44140625,7.373730859571683,7.379037889304755,7.656995254194385,7.852240944882807,6.554800139177379,7.892355225059994,7.297620314262732
2018_04_PHI_TEN,2018,4,2018-09-30T13:00-04:00,TEN,PHI,False,3.0,-0.1013046145750543,-0.7581012052684425,-0.4662082956969966,2.44140625,-1.2609190365220786,-1.6156128889804378,-1.0104049017369783,-1.607146368337037,-0.6143166935744828,-0.9868348892669176,-1.3381756786507653
2018_04_TB_CHI,2018,4,2018-09-30T13:00-04:00,CHI,TB,False,38.0,1.530030509215874,0.2878744688885537,1.2251773123567036,2.44140625,0.3016669268752068,1.9102905062981461,1.5614373055986503,0.760874860897832,0.4440700904261936,1.3248381545185997,1.3325100026217296
2018_04_CLE_OAK,2018,4,2018-09-30T16:05-04:00,LV,CLE,False,3.0,2.888334640055913,2.962993680403617,2.6768172754672355,2.44140625,2.3338070121931196,3.0468538740436095,2.9064624581229603,4.023813869201372,1.6003465232893535,2.7447389531474924,2.3517425847105944
2018_04_SEA_ARI,2018,4,2018-09-30T16:05-04:00,ARI,SEA,False,-3.0,-5.149531174148457,-7.023660895985177,-2.3993640475548403,2.44140625,-6.4966654434515725,-6.044297887357827,-5.674320119097316,-5.270925569427765,-3.335182810172009,-5.736485222652528,-5.937652536568489
2018_04_NO_NYG,2018,4,2018-09-30T16:25-04:00,NYG,NO,False,-15.0,-4.397417434011321,-3.190619838130297,-1.6664456467627957,2.44140625,-3.5952362550752794,-3.6314297851485344,-2.396623836422419,-2.797546981491151,-3.179701775926185,-2.572054908370422,-2.6717746766767543
2018_04_SF_LAC,2018,4,2018-09-30T16:25-04:00,LAC,SF,False,2.0,6.170076790520603,8.855610233767244,5.053750127912241,2.44140625,9.326700087979606,8.922804262517449,8.833160191636367,9.08887299580097,7.959145076509518,8.72372209330868,8.549243646854087
2018_04_BAL_PIT,2018,4,2018-09-30T20:20-04:00,PIT,BAL,False,-12.0,3.1509232197568013,2.93255557189618,1.780150425339701,2.44140625,3.1622001062039855,3.0392901725975894,2.490541943620234,2.32524797644425,2.917928481064549,2.5674139398486617,2.1645765029064146
2018_04_KC_DEN,2018,4,2018-10-01T20:15-04:00,DEN,KC,False,-4.0,-7.783985289079871,-6.731529231340959,-3.5471958815216027,2.44140625,-6.455669790980551,-6.904313823345605,-6.2259127802281675,-5.674572323582609,-7.333237016042623,-6.221016148372689,-6.731440368020796
2018_05_IND_NE,2018,5,2018-10-04T20:20-04:00,NE,IND,False,14.0,11.774690296248458,10.276189678598513,8.527458872256032,2.44140625,10.505324831145668,10.64759171829866,9.241075943535412,9.972161859713417,9.608087143923711,9.208616946868535,8.678838746134945
2018_05_ATL_PIT,2018,5,2018-10-07T13:00-04:00,PIT,ATL,False,24.0,2.01201791121455,1.5998822161599622,2.3224845155944447,2.44140625,1.3436406432458003,1.3082576989465216,0.8505560229645828,1.1270620361602592,1.03026830443546,0.8389364821691105,0.42227940689394705
2018_05_BAL_CLE,2018,5,2018-10-07T13:00-04:00,CLE,BAL,False,3.0,-5.566898308466855,-5.314616858719148,-4.391253764407763,2.44140625,-4.568807135792827,-5.501577949221085,-4.742721994760828,-5.361429582577211,-3.987660297470773,-4.745988956925636,-5.003852794070979
2018_05_DEN_NYJ,2018,5,2018-10-07T13:00-04:00,NYJ,DEN,False,18.0,3.908660504115042,2.767839841494156,2.408125059571144,2.44140625,2.6291236896586767,3.6516507833445138,2.8590139513528205,2.2254087976385044,3.382195515729559,2.6520223165517165,2.566431761496313
2018_05_GB_DET,2018,5,2018-10-07T13:00-04:00,DET,GB,False,8.0,2.745149209405061,2.57059200977472,3.6014875052418285,2.44140625,2.6540586618328104,3.061618898504102,3.6050846970129315,3.4086755931483017,3.6623328758960794,3.5663794087676086,3.3485752357822736
2018_05_JAX_KC,2018,5,2018-10-07T13:00-04:00,KC,JAX,False,16.0,5.274157128731093,4.642704554991248,3.3191031322034066,2.44140625,4.752165891759468,4.539647214581982,4.645315906635979,4.340580886942011,5.908614164518103,4.534288743254207,4.299747480838422
2018_05_MIA_CIN,2018,5,2018-10-07T13:00-04:00,CIN,MIA,False,10.0,5.695007861637335,5.566725183660482,5.059072033299946,2.44140625,6.1198008352098485,5.999784888389368,5.586953361443677,5.925647511075666,5.352420895714232,5.641809916680134,5.18103059182771
2018_05_NYG_CAR,2018,5,2018-10-07T13:00-04:00,CAR,NYG,False,2.0,7.352825028349636,6.8579862315367945,7.621142238566162,2.44140625,6.743488704988491,7.907690160299435,7.490241694893605,7.279282015218073,7.58610354797476,7.649971995422758,7.150934859753569
2018_05_TEN_BUF,2018,5,2018-10-07T13:00-04:00,BUF,TEN,False,1.0,-2.0767179310943047,-2.3978221741939976,-0.3469210562887848,2.44140625,-2.1302863696582377,-2.348606680680194,-1.3573611023342234,-0.9479247086022914,-1.3364561637465406,-1.4914888068623366,-1.8162157881041439
2018_05_OAK_LAC,2018,5,2018-10-07T16:05-04:00,LAC,LV,False,16.0,7.849597258704998,7.715009513510585,6.493037708332043,2.44140625,7.903367473654588,9.08120177262579,7.590599140078023,7.893637769236616,7.63087163695382,7.571001987862287,7.293120075568828
2018_05_ARI_SF,2018,5,2018-10-07T16:25-04:00,SF,ARI,False,-10.0,6.617586202165289,4.109886431381461,5.199225731651192,2.44140625,3.7230662384362834,3.9510969438541688,4.197778658802873,4.034600464953285,3.513121135546602,4.1333171637913,3.6860401778965968
2018_05_LA_SEA,2018,5,2018-10-07T16:25-04:00,SEA,LAR,False,-2.0,-1.0966631743774835,-0.8353476576101238,-1.5255438520204052,2.44140625,-2.0534015751380306,-3.55366772860559,-2.5368246405770485,-2.2909643998214757,-2.3953015072614328,-2.3279518249826245,-2.987903774129325
2018_05_MIN_PHI,2018,5,2018-10-07T16:25-04:00,PHI,MIN,False,-2.0,2.2407627012950826,3.5206187032111753,3.0219541845144957,2.44140625,3.668833627754967,3.881594187150947,3.856438725800546,3.6667833051815846,3.2612609428550465,3.7924037432854423,3.5448600723026265
2018_05_DAL_HOU,2018,5,2018-10-07T20:20-04:00,HOU,DAL,False,3.0,-0.4435068316027586,-1.1679691159789036,-0.908085336492193,2.44140625,-0.33324427801681616,0.1723468673263362,-0.089055044526817,-0.4713605656259743,0.14860548586563027,-0.14336405293888355,-0.4097779713551757
2018_05_WAS_NO,2018,5,2018-10-08T20:15-04:00,NO,WAS,False,24.0,5.6313430981702055,2.938160196771837,5.286725852384552,2.44140625,3.204750913111094,3.2814159983058033,3.206831934011315,4.035174793054893,4.333392801697394,3.0735990925882275,2.6799738489322666
2018_06_PHI_NYG,2018,6,2018-10-11T20:20-04:00,NYG,PHI,False,-21.0,-2.240153633653634,-2.193216746928619,-2.406987039890014,2.44140625,-2.759903920124785,-3.2444898314439756,-2.225265374896364,-2.5872927771323644,-2.5813708896253664,-2.3013065401971797,-2.5855314571559393
2018_06_ARI_MIN,2018,6,2018-10-14T13:00-04:00,MIN,ARI,False,10.0,7.930246912464619,7.595078293862782,7.302200556975251,2.44140625,7.671647591167292,8.081719891961637,7.3610454960876535,7.867745237428471,6.643372211479045,7.35457454760479,6.940690428415228
2018_06_BUF_HOU,2018,6,2018-10-14T13:00-04:00,HOU,BUF,False,7.0,0.9432362185078708,1.8132357082715405,2.6019232396600205,2.44140625,1.767255680316549,2.3007424318736653,1.6401758087102793,1.7003263013407164,2.5179141182225733,1.7590948262671071,1.253713698234965
2018_06_CAR_WAS,2018,6,2018-10-14T13:00-04:00,WAS,CAR,False,6.0,-0.7157521422869315,0.858913286906335,-0.22329918438103524,2.44140625,1.1673773339033933,1.3933621949307449,1.3259350271354307,1.0742151605136296,0.7646156307921541,1.3645002024731965,0.9717467649723102
2018_06_CHI_MIA,2018,6,2018-10-14T13:00-04:00,MIA,CHI,False,3.0,-3.098805390983481,-2.8935514913185054,-0.5774017097581563,2.44140625,-3.2365028415060015,-2.943661535220479,-3.6588789700745177,-3.1990057333015844,-3.311974261356404,-3.5756372814272472,-4.13014201596846
2018_06_IND_NYJ,2018,6,2018-10-14T13:00-04:00,NYJ,IND,False,8.0,4.804231650263265,2.124582886492373,3.921947878929986,2.44140625,2.7507337371121574,2.6326207891319813,0.3912280464525031,0.9999523645931656,1.2370883806522064,0.25113024037635445,-0.09967029901843638
2018_06_LAC_CLE,2018,6,2018-10-14T13:00-04:00,CLE,LAC,False,-24.0,-5.083138304375132,-4.952292762638943,-1.8770105320237072,2.44140625,-4.7250215239375,-5.080375233220816,-4.549637409286111,-5.185639615473948,-4.267471701823377,-4.436135155255683,-4.863799298205676
2018_06_PIT_CIN,2018,6,2018-10-14T13:00-04:00,CIN,PIT,False,-7.0,-0.7291395644404488,-0.25258600955634347,1.1150775008260687,2.44140625,-0.29065390234830835,0.8037158456175963,0.7983129632564788,0.6286154206971478,0.18673752459632587,0.6534575501657438,0.36386078597155413
2018_06_SEA_OAK,2018,6,2018-10-14T13:00-04:00,LV,SEA,True,-24.0,-8.014792702386032,-7.600081947357372,-4.865021769153687,2.44140625,-7.217519537239804,-7.028763246078231,-6.300456813908985,-5.933325009883151,-6.4664013326099985,-6.468155021158743,-5.985606519202541
2018_06_TB_ATL,2018,6,2018-10-14T13:00-04:00,ATL,TB,False,5.0,5.386586300398438,4.639141986284022,3.010424814482988,2.44140625,5.03896457862163,5.193766438297531,4.655584906700107,4.259149999774419,4.750480304898629,4.7143910881636835,4.297086838966502
2018_06_LA_DEN,2018,6,2018-10-14T16:05-04:00,DEN,LAR,False,-3.0,-7.498210494340122,-7.481908246038204,-6.438125248276744,2.44140625,-7.8753064467793585,-8.41306714899451,-8.156011979734096,-7.494094484225447,-7.986732239453616,-8.011724240802428,-8.67748338329815
2018_06_BAL_TEN,2018,6,2018-10-14T16:25-04:00,TEN,BAL,False,-21.0,-1.2245281889376816,-0.4054232206642101,-0.8733367030136923,2.44140625,-0.4278280230608353,0.4130743739301054,0.38430829105275066,-0.2275153464080919,0.3395945282712278,0.4548931687289155,-0.24532977863526428
2018_06_JAX_DAL,2018,6,2018-10-14T16:25-04:00,DAL,JAX,False,33.0,1.3765226920923057,1.967363728733012,0.6922678769926891,2.44140625,1.4891432820512733,0.24678966617586595,0.8727003780478934,0.6116659451560023,1.2673126314724583,0.7733574053689123,0.4500554342410028
2018_06_KC_NE,2018,6,2018-10-14T20:20-04:00,NE,KC,False,3.0,3.2480884863697046,3.996092385812782,1.9377240782128418,2.44140625,3.5005754950313714,3.402031639586652,3.006663892818805,3.0941853317832875,1.8556003758062016,2.880267501095373,2.5286080712336005
2018_06_SF_GB,2018,6,2018-10-15T20:15-04:00,GB,SF,False,3.0,3.896285630138722,8.512388836653596,3.66269911340144,2.44140625,8.094056791193918,7.376525403326178,7.036161060232942,6.981981968709349,5.777940480157591,7.120338947228238,6.719084470218583
2018_07_DEN_ARI,2018,7,2018-10-18T20:20-04:00,ARI,DEN,False,-35.0,2.6843408931522723,1.8285733849038108,3.0672853227624817,2.44140625,1.5509604679522795,2.6061187770043777,2.378359432470879,2.1302349272314114,3.0714547627114346,2.2817049841232815,2.064634300125347
2018_07_BUF_IND,2018,7,2018-10-21T13:00-04:00,IND,BUF,False,32.0,1.820973594640934,5.049988852725617,2.5661514457990537,2.44140625,5.093280182326019,4.529805272333437,5.14440657392122,5.130538910669887,2.752538182494244,5.124897384865434,4.886975287389147
2018_07_CAR_PHI,2018,7,2018-10-21T13:00-04:00,PHI,CAR,False,-4.0,3.992159111119785,3.3815782903647205,4.9902395479456025,2.44140625,4.10110014016553,4.64407623160058,4.762408310110336,5.208846461624579,5.3360016653579585,4.713595529155375,4.319977762637503
2018_07_CLE_TB,2018,7,2018-10-21T13:00-04:00,TB,CLE,False,3.0,6.3083221561892735,7.057256456304747,5.567910124624718,2.44140625,6.716628901948561,7.515243161913165,6.5664233314199505,7.233221237235364,6.645182210319303,6.5533739534011,6.182705259829339
2018_07_DET_MIA,2018,7,2018-10-21T13:00-04:00,MIA,DET,False,-11.0,-1.7590612764400129,-4.027683281572652,-0.21911332003745798,2.44140625,-3.842207268810336,-2.856984619984215,-3.8356283163938127,-3.702673073702864,-2.888656885293245,-3.768774433269553,-4.357166479637553
2018_07_HOU_JAX,2018,7,2018-10-21T13:00-04:00,JAX,HOU,False,-13.0,5.333181452046886,5.626341440171366,5.299748902000177,2.44140625,5.215901121211035,4.042106158779811,4.337182033302027,5.389429862360427,3.835207754796538,4.493238897796919,3.9653717253204213
2018_07_MIN_NYJ,2018,7,2018-10-21T13:00-04:00,NYJ,MIN,False,-20.0,-1.813110540072899,-2.0009348513705567,-0.9792549800964769,2.44140625,-1.8334278128920138,-1.122936364843915,-0.9686518637141491,-1.693357065302765,-0.8115250445872038,-1.1037994302802598,-1.3237998305109409
2018_07_NE_CHI,2018,7,2018-10-21T13:00-04:00,CHI,NE,False,-7.0,-2.693467068231018,-3.7472435375044224,-1.0605059846295735,2.44140625,-3.4958503250284707,-3.1722607590967304,-2.1636689456589093,-2.4750464876605878,-2.160276859946421,-2.117281129087668,-2.4485136887150296
2018_07_NO_BAL,2018,7,2018-10-21T16:05-04:00,BAL,NO,False,-1.0,0.4306805595566763,0.5033578068863398,2.961285483251115,2.44140625,0.232657230572336,-0.04959632932365743,0.33227604407703204,0.5416983119910765,0.10949237804040313,0.2517955877218969,0.010017278256009288
2018_07_DAL_WAS,2018,7,2018-10-21T16:25-04:00,WAS,DAL,False,3.0,0.545513816680248,2.1763991671320473,0.006168806231367618,2.44140625,2.316607367653351,2.691431354728339,2.5427246223290556,1.7244903145665045,1.3016564771034909,2.530742365446487,2.3346720122533453
2018_07_LA_SF,2018,7,2018-10-21T16:25-04:00,SF,LAR,False,-29.0,-4.335442088514907,-7.300158882484744,-4.683741874637272,2.44140625,-8.17121634877897,-7.456051529728987,-7.510948041236503,-7.191395583124168,-6.523794629182372,-7.370891824972591,-8.025162557179836
2018_07_CIN_KC,2018,7,2018-10-21T20:20-04:00,KC,CIN,False,35.0,7.34809671955913,7.152960613983419,6.580956683931954,2.44140625,7.7422885792466065,7.154096497404593,6.946399302949812,6.873022840169041,8.159994542728484,7.13053705037672,6.654199997762044
2018_07_TEN_LAC,2018,7,2018-10-21T21:30-04:00,LAC,TEN,True,1.0,6.4440228370320165,6.034755456759166,4.967781535290801,2.44140625,6.466134790334489,6.395733791975739,6.394870068029406,6.232094480975478,6.4456333653714815,6.175470264509501,6.731704210674843
2018_07_NYG_ATL,2018,7,2018-10-22T20:15-04:00,ATL,NYG,False,3.0,9.882412559177192,8.679425605334043,6.598355665375097,2.44140625,9.368267175027604,9.65726771970184,8.7074657785171,8.047498732745794,9.641172140112062,8.87975491898771,8.369732351944425
2018_08_MIA_HOU,2018,8,2018-10-25T20:20-04:00,HOU,MIA,False,19.0,3.970577156885053,4.187095225508401,4.243963769851259,2.44140625,4.787213838762582,5.240804219504263,4.792942920460398,4.34081856683061,4.517839629239465,4.587572518470135,4.455027161197826
2018_08_BAL_CAR,2018,8,2018-10-28T13:00-04:00,CAR,BAL,False,15.0,0.4289910469568738,1.2518934728308662,-0.3270863348857733,2.44140625,0.803130983554395,1.0658592132721718,0.500027963019495,0.18071242502170315,0.3710015101710087,0.5924796311503973,0.24267273661305294
2018_08_CLE_PIT,2018,8,2018-10-28T13:00-04:00,PIT,CLE,False,15.0,12.744835590013949,12.327832933776484,9.466075146831027,2.44140625,12.008714687098406,12.332907350277324,10.574800319101254,11.133001692371195,11.203679184071506,10.797121721830425,10.163112580506835
2018_08_DEN_KC,2018,8,2018-10-28T13:00-04:00,KC,DEN,False,7.0,11.78265530612647,11.632442929876333,10.39804429715548,2.44140625,11.716513354325137,12.188193650534702,11.371492284264527,11.608461297976572,12.372918445147675,11.464551771428052,10.7418821271667
2018_08_NYJ_CHI,2018,8,2018-10-28T13:00-04:00,CHI,NYJ,False,14.0,7.09873570991695,7.294515993102508,5.120796788251836,2.44140625,7.079075150128589,7.036413865961485,7.77334355651322,7.26960921576304,7.538259646151558,7.968538783098983,7.454948915303397
2018_08_SEA_DET,2018,8,2018-10-28T13:00-04:00,DET,SEA,False,-14.0,-2.257305629927435,-0.5757047970086009,1.4028151989949196,2.44140625,-0.4832068844668802,-0.20989305081132326,0.9393033747391142,0.819798887483814,0.3672560328985264,0.9197354825993436,0.7260957303919418
2018_08_TB_CIN,2018,8,2018-10-28T13:00-04:00,CIN,TB,False,3.0,3.9624289329915205,2.90469889856869,2.681167416602176,2.44140625,2.778105404748738,3.874627036841119,2.9408373471696376,2.8003759502131698,2.880679959747386,2.8614789928456124,2.4699227584480825
2018_08_WAS_NYG,2018,8,2018-10-28T13:00-04:00,NYG,WAS,False,-7.0,-2.3753326728943884,-3.82932156258188,-0.8705557938665449,2.44140625,-3.862676306347939,-5.049510906803703,-2.9548087757107977,-2.0186950987565004,-2.67264062263008,-3.1818041926041976,-3.423035197277251
2018_08_IND_OAK,2018,8,2018-10-28T16:05-04:00,LV,IND,False,-14.0,0.05012260004328806,-1.9753615755762914,-0.9778366750329974,2.44140625,-1.7603080563333162,-1.8953534896085653,-2.2180253269864503,-0.9044018471526063,-1.8943214464040437,-2.3055195960183354,-2.8027562547891054
2018_08_GB_LA,2018,8,2018-10-28T16:25-04:00,LAR,GB,False,2.0,8.35544524690319,6.353968635123174,10.12044762824605,2.44140625,7.90329034311073,8.52294288484498,8.682337801477038,8.230975873483905,9.083234025762287,8.389249824518757,8.392765322916391
2018_08_SF_ARI,2018,8,2018-10-28T16:25-04:00,ARI,SF,False,3.0,0.4964318444588871,1.223081899013967,1.8286207363645226,2.44140625,1.3581602799195713,1.4762904368096024,1.6330298459960009,1.3215467757192698,1.8127494368456705,1.6134406162556183,1.3434537886257378
2018_08_NO_MIN,2018,8,2018-10-28T20:20-04:00,MIN,NO,False,-10.0,0.011228612992367992,-0.30297757239688616,1.821731713601407,2.44140625,-0.3025846429823984,0.2946135461482071,-0.8511567391221804,-0.6375406387033102,-0.9028031017583389,-0.9310427391982983,-1.2134949250712703
2018_08_PHI_JAX,2018,8,2018-10-28T21:30-04:00,JAX,PHI,True,-6.0,-5.943627908438206,-5.735035640287204,-3.6766937394476322,2.44140625,-5.82116237309385,-5.678452871233006,-5.705041955236427,-5.227145759115565,-6.155506178938322,-5.650467429857232,-5.411968418166614
2018_08_NE_BUF,2018,8,2018-10-29T20:15-04:00,BUF,NE,False,-19.0,-9.116795260637673,-10.750519205458403,-6.7454781415837495,2.44140625,-11.172651153194685,-11.618808708268741,-11.31625946494756,-10.977643545925343,-9.597752073820127,-11.40683966397602,-11.674988170206664
2018_09_OAK_SF,2018,9,2018-11-01T20:20-04:00,SF,LV,False,31.0,2.9254080561994673,-1.1943930476572393,4.844064947026342,2.44140625,-1.4834588027012678,-0.03335405751961984,-0.9008077761779507,-1.1006383718729527,2.885434523564939,-0.8210925542132947,-1.2038998860916448
2018_09_ATL_WAS,2018,9,2018-11-04T13:00-05:00,WAS,ATL,False,-24.0,-2.087997404127395,-0.09041733707709332,2.771661793757722,2.44140625,-0.7246346897743456,1.1996633172327948,1.8400390046353143,1.120710719617438,0.7151766564228658,1.8496426344201,1.5633620600456442
2018_09_CHI_BUF,2018,9,2018-11-04T13:00-05:00,BUF,CHI,False,-32.0,-5.080118760829983,-7.981769334753527,-3.8790774349109434,2.44140625,-7.1795483418739785,-8.04974281590646,-8.874293747191787,-8.067167346187924,-6.948757916002411,-8.993625015811592,-9.333494113748737
2018_09_DET_MIN,2018,9,2018-11-04T13:00-05:00,MIN,DET,False,15.0,6.9209008228144535,4.389774558684919,5.047800787341686,2.44140625,4.932597989700659,5.192855177156767,3.353103608386112,3.559387562296046,4.213037281970106,3.2655563872540356,2.81921097007933
2018_09_KC_CLE,2018,9,2018-11-04T13:00-05:00,CLE,KC,False,-16.0,-4.4392226063205245,-5.0802478455936235,-7.605038748166152,2.44140625,-5.573713029261838,-4.262401010230603,-8.754296167284188,-9.186390561425823,-10.227333668280815,-8.99830095158776,-9.111976634192905
2018_09_NYJ_MIA,2018,9,2018-11-04T13:00-05:00,MIA,NYJ,False,7.0,2.466524334457954,2.520003536553741,1.7761384087329501,2.44140625,2.1841950369048124,1.887077949749557,2.415267115660874,2.401578139776898,2.637728927129403,2.65810217478549,1.997122602915506
2018_09_PIT_BAL,2018,9,2018-11-04T13:00-05:00,BAL,PIT,False,-7.0,0.28534895738348065,0.4616858178390011,2.262225043220777,2.44140625,0.5596584816385768,0.8802024118855716,1.1005658404657255,1.203292696680432,0.4389625559508603,0.9287796691671324,0.6700358674584104
2018_09_TB_CAR,2018,9,2018-11-04T13:00-05:00,CAR,TB,False,14.0,9.118483887401775,8.801043358381678,6.456510007210397,2.44140625,8.124652705658,8.827014059820357,8.420847643433714,7.121083445179597,7.361587772140668,8.33388891355391,8.257990647519732
2018_09_HOU_DEN,2018,9,2018-11-04T16:05-05:00,DEN,HOU,False,-2.0,-1.9704060035360247,-2.2266304731465425,0.8189410104590493,2.44140625,-2.325270734452704,-1.8235609140145639,-1.3160715052938898,-0.7490005907063491,-1.4903498170054061,-1.2967978487502805,-1.7710577404807535
2018_09_LAC_SEA,2018,9,2018-11-04T16:05-05:00,SEA,LAC,False,-8.0,2.282059797549492,2.46655081195747,3.3338578394563534,2.44140625,1.746705272658442,1.981139100949013,1.6557431415372208,1.0396607579401067,1.6747764403543233,1.8880036628312389,1.2733365584403038
2018_09_LA_NO,2018,9,2018-11-04T16:25-05:00,NO,LAR,False,10.0,4.148008832938741,3.5928214220522254,1.9522369486861288,2.44140625,2.846352281257805,2.7665029530672864,2.0342732318880508,1.863893998864769,2.585600777098791,2.2449364396727867,1.5638253216751372
2018_09_GB_NE,2018,9,2018-11-04T20:20-05:00,NE,GB,False,14.0,9.097432452723423,7.344553325970209,8.448668549262758,2.44140625,7.812480683786143,8.849261214678956,8.495990498415775,7.961771479497703,9.047865701453798,8.359756096731324,8.082270632720194
2018_09_TEN_DAL,2018,9,2018-11-05T20:15-05:00,DAL,TEN,False,-14.0,3.9834383901852366,4.365154996925881,5.25679192315346,2.44140625,4.120566214523791,3.401196671724091,3.2664763457780683,3.7277547413304175,3.194972050468194,3.3160505314967303,2.8057174217938274
2018_10_CAR_PIT,2018,10,2018-11-08T20:20-05:00,PIT,CAR,False,31.0,4.559768076145187,3.115508451794623,3.3947034702144685,2.44140625,3.429301539713585,3.0325331382412397,3.0050864307995018,3.3877474370676994,4.046302319761441,3.0564320341969844,2.553424764548928
2018_10_ARI_KC,2018,10,2018-11-11T13:00-05:00,KC,ARI,False,12.0,15.637226958125385,16.859177511019737,13.117674301221214,2.44140625,17.431247669479838,16.87109662362652,16.33719635620384,16.102663910818983,17.28065372823201,16.4380348419849,16.007084452743797
2018_10_ATL_CLE,2018,10,2018-11-11T13:00-05:00,CLE,ATL,False,12.0,-8.28619349174626,-8.691493044159444,-3.4589677405604844,2.44140625,-9.040582433454517,-8.62861278048591,-5.801935873839099,-6.265829156184857,-6.231530112552252,-6.0142393966769525,-6.166470175708932
2018_10_BUF_NYJ,2018,10,2018-11-11T13:00-05:00,NYJ,BUF,False,-31.0,5.234322186746888,7.285793013608057,6.034610545551855,2.44140625,5.133420007368416,6.164117709022367,6.157925690992031,5.759316194269726,4.433196006857557,6.301095467738659,5.823875449139933
2018_10_DET_CHI,2018,10,2018-11-11T13:00-05:00,CHI,DET,False,12.0,6.495347734440589,3.94347897018188,5.1352159028621065,2.44140625,4.054610265190773,4.395699963521318,4.647984516789093,4.246008674984372,5.401655290332353,4.77126770121704,4.2475483403342045
2018_10_JAX_IND,2018,10,2018-11-11T13:00-05:00,IND,JAX,False,3.0,4.9292916216663265,5.8726041798528605,3.0281591766518257,2.44140625,5.5986886953659845,5.609255239156301,6.513565722093763,4.845234601840187,6.815429943139416,6.306802371628229,6.22292579644921
2018_10_NE_TEN,2018,10,2018-11-11T13:00-05:00,TEN,NE,False,24.0,-5.648435701271648,-5.474655909710654,-3.3643354755159773,2.44140625,-5.243970733250666,-5.1045646655611385,-4.764675607332353,-4.860716789359926,-5.016101172399919,-4.743983568779345,-5.050249426673888
2018_10_NO_CIN,2018,10,2018-11-11T13:00-05:00,CIN,NO,False,-37.0,-6.710883383887174,-6.141864648920287,-4.528192009473086,2.44140625,-6.561225862182653,-4.975377914849328,-5.130998334099345,-4.6869323070276705,-5.827190567409842,-5.2177460059518435,-5.489979747534219
2018_10_WAS_TB,2018,10,2018-11-11T13:00-05:00,TB,WAS,False,-13.0,-0.1027281272213425,-1.8448695389134162,2.4070863362739594,2.44140625,-1.1008011585735678,-1.014749526674103,-0.9862716128398743,-0.052237045897677636,0.6218319051379335,-1.0083332429618803,-1.5977939373592693
2018_10_LAC_OAK,2018,10,2018-11-11T16:05-05:00,LV,LAC,False,-14.0,-9.24269657562386,-9.114044614208872,-8.883323391580653,2.44140625,-9.54867136666282,-10.02379118130609,-9.35797579563831,-8.926378555038633,-9.533655032449278,-9.26301252414887,-9.82892028143657
2018_10_MIA_GB,2018,10,2018-11-11T16:25-05:00,GB,MIA,False,19.0,5.0673986218998515,7.0055039454377335,5.124309819303274,2.44140625,6.517114779712482,6.450271658914403,6.221117893467532,6.828512809157886,5.510546108100025,6.181373167995178,5.86378793832958
2018_10_SEA_LA,2018,10,2018-11-11T16:25-05:00,LAR,SEA,False,5.0,3.9183615147236894,3.850572910690155,4.885941910350729,2.44140625,5.090497569038121,5.207751133599899,5.3977574083707465,5.6262943949872515,5.25834644940099,5.195999913354036,5.095349510910939
2018_10_DAL_PHI,2018,10,2018-11-11T20:20-05:00,PHI,DAL,False,-7.0,7.588369576787672,7.27131613627669,5.454989398115514,2.44140625,7.935912542545179,7.327314699351606,7.245255973206238,7.089940273920843,7.400682983490026,7.200904097020051,6.952773108875701
2018_10_NYG_SF,2018,10,2018-11-12T20:15-05:00,SF,NYG,False,-4.0,4.157832362397802,1.1683616188721022,4.801623899278529,2.44140625,1.8567551928130148,2.841069471304853,2.072065838301305,1.508921695234059,4.851191548114952,2.148204642243305,1.6493211627001911
2018_11_GB_SEA,2018,11,2018-11-15T20:20-05:00,SEA,GB,False,3.0,6.6027451492943054,4.6506171826897225,5.279975083339215,2.44140625,4.8242969898262125,4.9920436024723935,4.744567695319014,4.716311508758026,5.499033669318172,4.6990936021082375,4.3554581370067575
2018_11_CAR_DET,2018,11,2018-11-18T13:00-05:00,DET,CAR,False,1.0,-3.1677729792652762,-2.1413161474861724,-0.1292722509484272,2.44140625,-2.012721748486648,-1.5534422948112347,-1.1433153285740534,-0.9041529431778899,-1.4417788381170118,-1.1791536140461027,-1.5184292079209032
2018_11_CIN_BAL,2018,11,2018-11-18T13:00-05:00,BAL,CIN,False,3.0,8.26292192788783,5.1559388026223285,7.560874209509897,2.44140625,5.094241895997829,5.801957976262242,5.763943295425202,5.550146933569534,8.252428923868447,5.730027560520402,5.485736017596677
2018_11_DAL_ATL,2018,11,2018-11-18T13:00-05:00,ATL,DAL,False,-3.0,5.652742271008595,5.126835927638282,1.4940026158347588,2.44140625,5.88524596778034,5.580453090051819,5.233420467089847,4.680749141972461,5.277145310790917,5.22814819756794,4.980115578142281
2018_11_HOU_WAS,2018,11,2018-11-18T13:00-05:00,WAS,HOU,False,-2.0,1.3324492453151,3.82618172000478,1.6473582547418393,2.44140625,3.0605294246762003,2.536970268868283,2.463281260324959,2.553555070879672,1.2785264070124653,2.564514300757989,2.2312421933676942
2018_11_PIT_JAX,2018,11,2018-11-18T13:00-05:00,JAX,PIT,False,-4.0,-7.493431201089981,-6.332700341172746,-4.317122849776531,2.44140625,-6.3327791583320705,-5.783279873610495,-5.789040303292022,-4.860083465690149,-6.952491053721026,-5.783333548395934,-6.174376398809595
2018_11_TB_NYG,2018,11,2018-11-18T13:00-05:00,NYG,TB,False,3.0,4.08930925983668,4.037429024940649,1.6185945066059144,2.44140625,3.318729639769698,2.919990699564737,3.6383128887778184,3.3482740839780187,2.6858245033583477,3.489097627509663,3.3848666384529706
2018_11_TEN_IND,2018,11,2018-11-18T13:00-05:00,IND,TEN,False,28.0,1.4272349967580389,2.5542323144906947,0.3241200926684069,2.44140625,2.4472522530047804,3.147065542338572,3.793933256486396,3.164993755640884,3.523071273308574,3.712859500129036,3.1044190728042986
2018_11_DEN_LAC,2018,11,2018-11-18T16:05-05:00,LAC,DEN,False,-1.0,10.648816843344601,10.289279772322711,8.530387585308826,2.44140625,10.382388593574769,10.617156183395569,10.185318134929082,10.3006390259647,10.428762041498318,9.950935316257029,9.889367892335358
2018_11_OAK_ARI,2018,11,2018-11-18T16:05-05:00,ARI,LV,False,-2.0,3.2604870708074305,1.6631451634039336,6.315968891159228,2.44140625,1.7663880253531232,1.9028047932455712,2.2505025180586467,1.9669404720978965,2.6167970643291545,2.3415435572281114,1.9667885053588923
2018_11_PHI_NO,2018,11,2018-11-18T16:25-05:00,NO,PHI,False,41.0,11.128868898713854,9.307885295265784,8.068378401054446,2.44140625,9.52482326686859,9.104576505423283,9.204034882083784,8.086985985667456,9.721291281692444,9.195139435496218,8.721452115691823
2018_11_MIN_CHI,2018,11,2018-11-18T20:20-05:00,CHI,MIN,False,5.0,1.471116246134897,1.3811854337979965,1.6094440409070159,2.44140625,1.1833563568473773,1.4167236223072144,2.481501935480225,1.8431212015603864,2.4219701439709365,2.656088348015499,2.2252924288282663
2018_11_KC_LA,2018,11,2018-11-19T20:15-05:00,LAR,KC,False,3.0,0.470290173940489,0.3509685380501153,1.5293575206271672,2.44140625,0.6659519330916701,1.124443781742912,1.3993803870352974,1.2629543178711353,0.09957127364919716,1.0696083687032287,1.063703590124344
2018_12_CHI_DET,2018,12,2018-11-22T12:30-05:00,DET,CHI,False,-7.0,-3.1530834500270446,0.1986343718346888,-1.3345297955436322,2.44140625,1.9591566543730092,1.5350098019165084,1.0645991836067445,1.8221831734990608,-2.67477516891455,0.9408702050388289,0.7598462729732065
2018_12_WAS_DAL,2018,12,2018-11-22T16:30-05:00,DAL,WAS,False,8.0,1.5616078260608917,2.7153271299379744,4.529983599938181,2.44140625,3.298206443522374,3.5769289136782634,3.7685858024706715,4.828245261786027,1.9637643864294034,3.7559261070177263,3.2769127721784135
2018_12_ATL_NO,2018,12,2018-11-22T20:20-05:00,NO,ATL,False,14.0,11.72296513436391,10.12276973232833,11.99816696980548,2.44140625,10.212717221592506,10.970512717570863,10.966737433447342,10.005072677040243,11.66362831884423,11.00623546636519,10.50931748129578
2018_12_CLE_CIN,2018,12,2018-11-25T13:00-05:00,CIN,CLE,False,-15.0,4.203533611704274,4.713041520312286,4.1151129093344405,2.44140625,4.387500944241626,4.551077809416894,2.9335174037046436,3.7372840541014525,2.9781237965671155,2.9833513643274125,2.501324092770685
2018_12_JAX_BUF,2018,12,2018-11-25T13:00-05:00,BUF,JAX,False,3.0,-0.41648382551913055,-1.9295242025083221,-1.9596398098830985,2.44140625,-2.2915264132272433,-1.233717248759342,-1.2286472814319105,-1.5878248306837093,-1.1844814553089722,-1.426955824862679,-1.589308142576774
2018_12_NE_NYJ,2018,12,2018-11-25T13:00-05:00,NYJ,NE,False,-14.0,-9.494571426728289,-6.751933513601349,-6.965395733599625,2.44140625,-6.909923915605345,-7.6527116922843135,-7.487104189035449,-7.671480505246162,-7.984467293275983,-7.446089506606718,-7.7328599621562795
2018_12_NYG_PHI,2018,12,2018-11-25T13:00-05:00,PHI,NYG,False,3.0,4.182240831761929,4.030214840517899,6.687899218599787,2.44140625,4.384772653263528,5.557964588568514,4.309317909410627,4.89487908248055,4.700632405154783,4.401911816867194,3.972119426254723
2018_12_OAK_BAL,2018,12,2018-11-25T13:00-05:00,BAL,LV,False,17.0,9.740129615792847,7.258111685811285,12.013115584970567,2.44140625,7.086971249277402,8.759270651726293,8.116337655888202,8.096317554156258,9.777326162217319,8.10156274189238,7.903384371714447
2018_12_SEA_CAR,2018,12,2018-11-25T13:00-05:00,CAR,SEA,False,-3.0,-0.047769748474447704,1.6779075448717644,1.4052878289716246,2.44140625,1.8185147187029,1.8728198400464124,1.7829522177855295,1.734622115242233,1.2378535371507913,1.7741025456371406,1.4978758682098094
2018_12_SF_TB,2018,12,2018-11-25T13:00-05:00,TB,SF,False,18.0,-1.687382410056684,1.4513161900207632,2.296419767002779,2.44140625,0.9300852501102823,1.7222605885912952,1.3739461356532139,1.9118586657129095,-0.840487276259301,1.3773355060376011,1.1373651539446183
2018_12_ARI_LAC,2018,12,2018-11-25T16:05-05:00,LAC,ARI,False,35.0,14.366315646591875,15.365610331886163,10.743774589623106,2.44140625,15.750959183281278,15.339449488565636,15.42175083991735,15.50220440720054,15.608908352109498,15.267426978260831,15.017972589280074
2018_12_MIA_IND,2018,12,2018-11-25T16:25-05:00,IND,MIA,False,3.0,8.484072613385653,9.256178598552452,7.906139466881303,2.44140625,9.917364078954702,9.28890433386987,10.3215404555874,9.72569751473163,9.998771691559915,10.365112810706643,10.036818347633922
2018_12_PIT_DEN,2018,12,2018-11-25T16:25-05:00,DEN,PIT,False,7.0,-5.85126410834655,-5.71611178724857,-4.2469869506169635,2.44140625,-5.569647395949684,-5.357323237299337,-4.830294165532177,-4.767909674360078,-5.181092597556505,-4.94781092889062,-5.295292184141441
2018_12_GB_MIN,2018,12,2018-11-25T20:20-05:00,MIN,GB,False,7.0,5.665812276835641,3.6356714086896824,5.599887597276464,2.44140625,4.273108733265798,4.4170454158505645,3.992159542581275,3.8469678749658374,4.7832893587083,3.882101836460662,3.597695441355591
2018_12_TEN_HOU,2018,12,2018-11-26T20:15-05:00,HOU,TEN,False,17.0,4.065520712000692,3.596784049033684,3.0092094192579677,2.44140625,4.179104876666391,4.676473587182602,4.248335332734666,3.268780430046778,4.511373917713371,4.203713048380766,3.8494219029714474
2018_13_NO_DAL,2018,13,2018-11-29T20:20-05:00,DAL,NO,False,3.0,-8.206359264338491,-6.7402465262476055,-5.207955440524978,2.44140625,-7.576202311536965,-7.106693086430612,-7.2284818123388686,-6.396409771857458,-8.003464236845057,-7.26730966844123,-7.615607208428887
2018_13_ARI_GB,2018,13,2018-12-02T13:00-05:00,GB,ARI,False,-3.0,9.799914610121654,12.759121821439152,8.986042337410982,2.44140625,12.153667574137035,12.484420608819937,11.821311985252851,11.86356257899823,11.064560956240527,11.948534328724557,11.400898292811755
2018_13_BAL_ATL,2018,13,2018-12-02T13:00-05:00,ATL,BAL,False,-10.0,2.200565191191531,5.048678332522574,-0.7129374125208452,2.44140625,5.432867722181196,4.2157890063648455,4.008446616389392,3.9856421152091657,2.3783901113376547,4.228380383979589,3.614769681444417
2018_13_BUF_MIA,2018,13,2018-12-02T13:00-05:00,MIA,BUF,False,4.0,2.694055073014223,4.0462651838270265,3.549638903697474,2.44140625,3.596332036347263,3.2874282991879658,3.0065477930636475,2.9488588912962075,3.4514028012986184,2.932524607657425,2.593843851119784
2018_13_CAR_TB,2018,13,2018-12-02T13:00-05:00,TB,CAR,False,7.0,-2.505706319600627,-3.13829488593748,-0.7543098698851463,2.44140625,-2.827200616659673,-2.295565572440271,-2.2929248835761644,-2.490634128720541,-1.950426184025643,-2.2756823956465313,-2.6215193402188217
2018_13_CHI_NYG,2018,13,2018-12-02T13:00-05:00,NYG,CHI,False,3.0,-5.269330311848332,-3.087077585006381,-4.459635850094494,2.44140625,-2.647103228498133,-3.422476201806795,-3.457963436379146,-2.614916916145936,-5.425147450936958,-3.6043314266212207,-3.758583971025001
2018_13_CLE_HOU,2018,13,2018-12-02T13:00-05:00,HOU,CLE,False,16.0,6.890378822212714,6.521605319452394,6.468607868716084,2.44140625,7.048300992731266,7.895101014796209,5.732407901114598,5.84182850549284,5.992598482339971,5.761405596581142,5.287123037779512
2018_13_DEN_CIN,2018,13,2018-12-02T13:00-05:00,CIN,DEN,False,-14.0,0.6326572456473007,-0.41803374700251916,-0.8523036822051457,2.44140625,-0.8533086549216964,-1.2560370027139678,-2.111447131591626,-1.3967623977048018,-0.5636523935924294,-1.9818243664510042,-2.351098166924885
2018_13_IND_JAX,2018,13,2018-12-02T13:00-05:00,JAX,IND,False,6.0,0.1246609999258167,-1.5954090022673664,0.4958363878540535,2.44140625,-2.523060596064535,-1.4510056510653475,-2.573646921103253,-1.8388694043897407,-1.8879707399323848,-2.672099296729996,-3.057242767300756
2018_13_LA_DET,2018,13,2018-12-02T13:00-05:00,DET,LAR,False,-14.0,-5.625315310084949,-3.6494280093504887,-4.163850790670289,2.44140625,-4.786565266010996,-4.762659894486944,-4.68844499229095,-4.691934064382302,-5.483480972894673,-4.602733381088602,-5.0216407792276545
2018_13_KC_OAK,2018,13,2018-12-02T16:05-05:00,LV,KC,False,-7.0,-9.57033889003895,-9.539964003367494,-11.406012525534564,2.44140625,-10.25635536717976,-10.432807192927342,-9.620679314760203,-10.121440184070904,-10.799171150394555,-9.902213273587963,-10.095682789954004
2018_13_NYJ_TEN,2018,13,2018-12-02T16:05-05:00,TEN,NYJ,False,4.0,7.845044685655317,7.405269580602336,7.079346284508024,2.44140625,8.281638692197909,7.823587354714553,7.719763464766961,8.092861132675198,7.959362963712206,7.639399655318826,7.336879242462192
2018_13_MIN_NE,2018,13,2018-12-02T16:25-05:00,NE,MIN,False,14.0,4.329514619246384,4.16440015723017,3.8923926645699476,2.44140625,3.6437409992046526,4.3548639576542225,4.3388563898798385,4.647673663313265,4.231582104981946,4.3274781591841185,3.9218243166904596
2018_13_SF_SEA,2018,13,2018-12-02T16:25-05:00,SEA,SF,False,27.0,10.999506543107168,12.16785135000178,9.661772017211627,2.44140625,11.434097627894737,11.786701610950324,11.45015760578999,11.018852734648599,10.218887751169458,11.525658638299014,11.109889154398287
2018_13_LAC_PIT,2018,13,2018-12-02T20:20-05:00,PIT,LAC,False,-3.0,3.1930518250456474,3.1580360458447254,2.3026334818081873,2.44140625,2.6604083694108978,2.1814067332380396,1.7751340056268106,1.4601013146299833,2.182884324606921,2.111921217153873,1.4377841845089667
2018_13_WAS_PHI,2018,13,2018-12-03T20:15-05:00,PHI,WAS,False,15.0,1.2159871030722689,2.8445298496457516,3.7633331807584134,2.44140625,3.5282133069092025,3.8366765779818945,3.8380660171899947,4.865515415609009,2.4671239512552328,3.803906408182062,3.4878428148732237
2018_14_JAX_TEN,2018,14,2018-12-06T20:20-05:00,TEN,JAX,False,21.0,1.5407957844193358,2.2630883642224946,2.3549314436889373,2.44140625,3.09620434336317,2.455676167613466,2.38854826880638,2.8074662492660205,1.8025380448908028,2.453028633020315,2.071584698935378
2018_14_ATL_GB,2018,14,2018-12-09T13:00-05:00,GB,ATL,False,14.0,6.0177166195974054,6.324754339708718,3.1779979100745095,2.44140625,5.238134770884606,6.936281516324455,1.8795584383500046,1.8000364361993122,1.4112520278264111,1.8434538735609085,1.46148539212431
2018_14_BAL_KC,2018,14,2018-12-09T13:00-05:00,KC,BAL,False,3.0,6.489459383772876,9.189939021232712,5.117883644833551,2.44140625,10.060237459837982,8.474084022728755,8.163918507712063,8.345897772316823,7.876548809766853,8.39416732963581,7.77236562060563
2018_14_CAR_CLE,2018,14,2018-12-09T13:00-05:00,CLE,CAR,False,6.0,-2.2910282576826475,-3.491608884156981,-1.3508824915897875,2.44140625,-3.1525575232964185,-3.1370354899519044,-1.2292699433519827,-2.1118311325994643,-0.5843873903323362,-1.3062207153826335,-1.5862675700718911
2018_14_IND_HOU,2018,14,2018-12-09T13:00-05:00,HOU,IND,False,-3.0,5.839683435833625,3.899163114284988,4.730025760918551,2.44140625,4.411657570150106,5.153631975780352,3.88420820521176,3.3732290129912137,4.336492463551775,3.854817551042975,3.4172234261149486
2018_14_NE_MIA,2018,14,2018-12-09T13:00-05:00,MIA,NE,False,1.0,-8.626723079682435,-7.540434499078369,-7.330283177627367,2.44140625,-7.678892096064603,-7.538382115798607,-7.521645608837621,-8.211981502609365,-7.685617210163544,-7.657660605390488,-7.830849460403307
2018_14_NO_TB,2018,14,2018-12-09T13:00-05:00,TB,NO,False,-14.0,-11.459750075764774,-9.842984441388213,-7.357282011778297,2.44140625,-10.305986434667775,-9.343640359746681,-9.430179939680531,-9.220607581024462,-10.132860942146834,-9.461655311112628,-9.65307529493585
2018_14_NYG_WAS,2018,14,2018-12-09T13:00-05:00,WAS,NYG,False,-24.0,3.0534278006959625,1.5555220957043583,3.4691584548511996,2.44140625,0.9486849331916987,1.9569773786582396,0.767296210396645,0.47250491180309884,2.2633386635129638,0.7963543692809529,0.4164598558567736
2018_14_NYJ_BUF,2018,14,2018-12-09T13:00-05:00,BUF,NYJ,False,-4.0,3.7360149076054316,3.4454794579552424,2.600229706608614,2.44140625,3.0645109451091908,3.7629799079331354,4.067817761921715,3.847664617381765,3.7045085111300606,4.226656491343745,3.6922085327129555
2018_14_CIN_LAC,2018,14,2018-12-09T16:05-05:00,LAC,CIN,False,5.0,14.123023637313398,14.970544886736112,12.493383843391605,2.44140625,15.821165686081887,15.364227285246141,15.77563149102579,15.259616574249558,14.858892315754435,15.444144825812959,15.33475404893514
2018_14_DEN_SF,2018,14,2018-12-09T16:05-05:00,SF,DEN,False,6.0,-3.4255828300758204,-4.498075711318139,-3.5752593275357913,2.44140625,-4.320544831108449,-3.4751486890519545,-4.415323445865385,-3.3892517618094393,-3.4957527278142555,-4.589980392996492,-4.76566697845788
2018_14_DET_ARI,2018,14,2018-12-09T16:25-05:00,ARI,DET,False,-14.0,0.1030635882032862,-1.8708668030853897,-0.9128613727792625,2.44140625,-1.9090083501392003,-1.4759729468171288,-1.7292413189740738,-1.519814938598115,-1.1415792274549403,-1.7500052047141756,-2.0990726045695345
2018_14_PHI_DAL,2018,14,2018-12-09T16:25-05:00,DAL,PHI,False,6.0,4.524839908579657,3.9501533261559305,3.5599995257852943,2.44140625,3.6703099800858707,3.727597900571071,3.7891851991377403,3.6060725073740136,3.9222286459356788,3.7951555715226104,3.234853123472615
2018_14_PIT_OAK,2018,14,2018-12-09T16:25-05:00,LV,PIT,False,3.0,-10.02643004181331,-9.893616400266774,-9.260849509493138,2.44140625,-10.106230454439423,-9.78106176962492,-8.04080067846296,-7.835439202168691,-8.553013834779845,-8.251282013279724,-8.531614833702111
2018_14_LA_CHI,2018,14,2018-12-09T20:20-05:00,CHI,LAR,False,9.0,-0.4041916801885248,-1.193854611847649,-0.7766843439150168,2.44140625,-1.9448175589381602,-1.711648100007082,-1.3026050467668102,-1.2778428205171202,-0.8406474900422678,-1.0378578052139305,-1.7140998200859685
2018_14_MIN_SEA,2018,14,2018-12-10T20:15-05:00,SEA,MIN,False,14.0,4.8773480459971195,4.623335522140485,4.121917029396859,2.44140625,4.268223624111868,4.448067111020738,4.610354484430719,4.376793596557836,4.508994320110194,4.680318963439063,4.243027507745377
2018_15_LAC_KC,2018,15,2018-12-13T20:20-05:00,KC,LAC,False,-1.0,1.8481442694087042,2.106621007837185,3.394662111640053,2.44140625,2.207282326125194,2.7052485302350906,2.0884668330303655,2.194477715280102,2.759030179152775,2.3662955201813154,1.755509786524048
2018_15_HOU_NYJ,2018,15,2018-12-15T16:30-05:00,NYJ,HOU,False,-7.0,-5.944825355561489,-6.426912037422049,-4.096308569320952,2.44140625,-6.559097237364648,-6.122950921717166,-6.278184482572989,-6.010177075528389,-6.332583206897963,-6.421997995939011,-6.620679019502143
2018_15_CLE_DEN,2018,15,2018-12-15T20:20-05:00,DEN,CLE,False,-1.0,6.558642759892855,5.799948227589567,5.03162065238591,2.44140625,6.023725267089875,6.046217424601327,4.91570498800321,4.607395115946558,5.1733642662187265,4.984607206939214,4.413822188459787
2018_15_ARI_ATL,2018,15,2018-12-16T13:00-05:00,ATL,ARI,False,26.0,8.464543998251457,10.592062073916864,6.68002331702197,2.44140625,11.088577073730889,10.935775537283966,10.49643365555454,10.589143613985673,10.193319691431235,10.601179442663199,10.167055156976343
2018_15_DAL_IND,2018,15,2018-12-16T13:00-05:00,IND,DAL,False,23.0,0.10118799958754032,1.1776913852504283,0.9248038344734306,2.44140625,1.5477305594802067,1.3728666324650007,2.269690099015999,2.126481849701772,2.0985929284315787,2.21916678819787,2.061747019529625
2018_15_DET_BUF,2018,15,2018-12-16T13:00-05:00,BUF,DET,False,1.0,0.39952245299121514,-1.1191001204348123,-2.2894334090693302,2.44140625,-1.2271488991001742,-0.02027280889819494,-0.3374751817005732,-0.20942707086729184,-0.08669675563166512,-0.31306206770593636,-0.6990399489032435
2018_15_GB_CHI,2018,15,2018-12-16T13:00-05:00,CHI,GB,False,7.0,6.026278020911084,3.6858396408616088,6.00891538318387,2.44140625,4.65581447808472,5.172162781325085,4.235257832094034,4.135718752332827,4.998297471057533,4.273187425556724,3.8870159986051047
2018_15_MIA_MIN,2018,15,2018-12-16T13:00-05:00,MIN,MIA,False,24.0,8.198604597322841,7.738522731256865,8.056121951625624,2.44140625,8.225964782648909,8.030394538171345,7.651180792716643,7.790168591132693,7.4577729410591935,7.740829446718598,7.290596915556748
2018_15_OAK_CIN,2018,15,2018-12-16T13:00-05:00,CIN,LV,False,14.0,3.804870880714479,2.419991929243726,4.902667281606958,2.44140625,2.3405496227432785,3.0700083930713697,2.2794083263434315,2.472302574262039,3.4552144260668998,2.440562115174978,2.035831245721141
2018_15_TB_BAL,2018,15,2018-12-16T13:00-05:00,BAL,TB,False,8.0,7.457783908998941,3.6721341505955394,7.740948974543938,2.44140625,3.535743546948448,4.691778918202245,4.6524296697366,5.268708527001693,5.974017706370915,4.420034974888792,4.176538458226207
2018_15_TEN_NYG,2018,15,2018-12-16T13:00-05:00,NYG,TEN,False,-17.0,1.4063706144510892,1.9621201569481936,0.9191843626600005,2.44140625,1.9326118346140497,1.6217573135402599,2.3759322193983285,1.977077426008482,1.8347366635637308,2.269222174160892,2.0457432005601324
2018_15_WAS_JAX,2018,15,2018-12-16T13:00-05:00,JAX,WAS,False,-3.0,4.6587062407931805,5.438403997629616,3.4599654553532035,2.44140625,4.012126657859662,4.952364776456838,5.25205736089052,5.355758633525576,3.511000153933024,5.187256113186556,4.812484912786287
2018_15_SEA_SF,2018,15,2018-12-16T16:05-05:00,SF,SEA,False,3.0,-7.010484980294615,-7.9198777739826305,-7.2852179878599355,2.44140625,-7.170154063518924,-7.220368528925537,-7.182410250081579,-6.748953306602823,-6.17384869519025,-7.381634273896851,-7.597738297517967
2018_15_NE_PIT,2018,15,2018-12-16T16:25-05:00,PIT,NE,False,7.0,0.526351624610722,0.08572966546242389,0.9075080755825691,2.44140625,0.5501001193972843,0.2967959458279963,0.29535907982860843,0.1914944055521135,0.33295396137490285,0.39445308461411155,-0.03915954083074502
2018_15_PHI_LA,2018,15,2018-12-16T20:20-05:00,LAR,PHI,False,-7.0,8.235058722262224,8.65417326276108,7.149131867771963,2.44140625,11.2454524357967,10.67471119488406,10.760301939447391,10.386988132766902,9.6183156385176,10.66625479371645,10.485326884344019
2018_15_NO_CAR,2018,15,2018-12-17T20:15-05:00,CAR,NO,False,-3.0,-8.805758884651063,-7.231890279619174,-6.3156386583617845,2.44140625,-8.076847512084544,-7.194804719991483,-7.567171708166161,-6.473483626349577,-8.859247459578466,-7.676001777726458,-7.856106073214705
2018_16_WAS_TEN,2018,16,2018-12-22T16:30-05:00,TEN,WAS,False,9.0,5.489838522890719,6.344088348284306,6.97109860053681,2.44140625,5.718635968163298,6.400133987327106,6.765683235345387,6.955857464732764,5.161832324769718,6.6654304788840975,6.384242349880504
2018_16_BAL_LAC,2018,16,2018-12-22T20:20-05:00,LAC,BAL,False,-12.0,5.428057236349049,6.8257789862699205,4.2157098179322645,2.44140625,7.685202345676272,6.469272130051863,7.134960731682413,7.2497839699338,6.288893775626229,6.99028213379915,6.702925483033483
2018_16_ATL_CAR,2018,16,2018-12-23T13:00-05:00,CAR,ATL,False,-14.0,0.10124130782009955,-3.558144187596656,3.6732649560092576,2.44140625,-4.4786326633875735,-2.757497288251614,-2.9713307091073675,-2.580608878714076,-0.022818659248933226,-3.050268335112124,-3.400422337430499
2018_16_BUF_NE,2018,16,2018-12-23T13:00-05:00,NE,BUF,False,12.0,13.093477356094873,14.093615858493546,12.614077835432306,2.44140625,14.104208384744805,13.55136946055148,13.26068015205692,13.394141025584183,13.714177822631214,13.23598581779175,12.834603848682047
2018_16_CIN_CLE,2018,16,2018-12-23T13:00-05:00,CLE,CIN,False,8.0,2.3999244936743565,3.7314759530045136,3.782760834718375,2.44140625,3.9743030856339456,3.4537869831456183,5.231544618718546,4.835431393268179,4.476436032731301,5.046670458660126,4.884931506156239
2018_16_GB_NYJ,2018,16,2018-12-23T13:00-05:00,NYJ,GB,False,-6.0,-1.8415654793441636,-4.206659277969356,-2.6484635444492994,2.44140625,-3.094972001366481,-2.3483996839759897,-4.097057909122224,-4.4273116973550035,-3.296692482443026,-4.293368086449478,-4.403463903432954
2018_16_HOU_PHI,2018,16,2018-12-23T13:00-05:00,PHI,HOU,False,2.0,-0.15922355956728174,0.357914318550417,2.42208270461027,2.44140625,-1.562970523692279,-0.9975792869519142,-1.1373809859791266,-1.0378907953626084,-0.3425034269454661,-1.173677358465486,-1.567179286925629
2018_16_JAX_MIA,2018,16,2018-12-23T13:00-05:00,MIA,JAX,False,-10.0,1.3603663235112402,1.960963784057339,0.766767812177378,2.44140625,2.7611627126806644,2.3736540528278995,2.4495865356263544,2.1503421431949885,2.486235347308678,2.2357177010203464,1.691688970860568
2018_16_MIN_DET,2018,16,2018-12-23T13:00-05:00,DET,MIN,False,-18.0,-2.9776873911789448,-2.5074230487845224,-1.9461684363251237,2.44140625,-2.744930869869531,-2.6383052054374625,-2.3509290991563914,-2.6025228204047015,-2.8971305029238335,-2.315184947251267,-2.688991393967308
2018_16_NYG_IND,2018,16,2018-12-23T13:00-05:00,IND,NYG,False,1.0,7.682510256712464,7.887690925788574,7.429733881520178,2.44140625,8.110727556304052,8.064167479231562,8.229118960371308,8.007644324204817,9.226132911897452,8.333957856370727,7.88682117964036
2018_16_TB_DAL,2018,16,2018-12-23T13:00-05:00,DAL,TB,False,7.0,5.159019512804147,3.954124249861125,5.081152598924001,2.44140625,3.6204500667502346,4.587509218976544,4.164525260887497,4.776165208848682,4.224148533925492,4.077384166895382,3.5935826127668857
2018_16_CHI_SF,2018,16,2018-12-23T16:05-05:00,SF,CHI,False,-5.0,-4.474129290349252,-5.113327110205463,-5.095163189934275,2.44140625,-4.817455675905086,-4.78133971212347,-5.326840768513919,-4.867671219229094,-4.638332195457362,-5.6472320469855,-5.796657715924905
2018_16_LA_ARI,2018,16,2018-12-23T16:05-05:00,ARI,LAR,False,-22.0,-9.014165025223543,-11.670687189037869,-9.688231977237393,2.44140625,-12.534750575718565,-11.843810997630584,-12.25408999939729,-12.08693688768378,-11.823506040309857,-12.23774557794439,-12.679906694279392
2018_16_PIT_NO,2018,16,2018-12-23T16:25-05:00,NO,PIT,False,3.0,6.954515567813665,6.734961302607898,7.351913420711364,2.44140625,7.125941981536427,7.381324460651758,7.33180179475762,6.812667375408832,7.4547097498813955,7.290215142262202,6.937358198234044
2018_16_KC_SEA,2018,16,2018-12-23T20:20-05:00,SEA,KC,False,7.0,-0.11474627681690386,-0.8200935207133738,1.4847273822699227,2.44140625,-1.8640519562736593,-1.1073399954347187,-0.8913207222973889,-0.8565998118900966,-1.6684320027856896,-0.985350182392884,-1.3140280201540115
2018_16_DEN_OAK,2018,16,2018-12-24T20:15-05:00,LV,DEN,False,13.0,-3.37611784256138,-3.256557015485095,-4.176905578612313,2.44140625,-3.5223680348500555,-3.339685547406178,-3.3592065054383142,-2.5883969071949515,-3.5479363995541973,-3.480898824397361,-3.7870092939009212
2018_17_ATL_TB,2018,17,2018-12-30T13:00-05:00,TB,ATL,False,-2.0,-1.293778355829281,-1.165747386966798,-0.10229624870824283,2.44140625,-1.4687467645721113,-1.325341088368209,-1.2676949537054762,-1.4471003751118001,-0.8017677502138059,-1.2786385576384518,-1.5644849096197726
2018_17_CAR_NO,2018,17,2018-12-30T13:00-05:00,NO,CAR,False,-19.0,13.041560933421698,12.520191746589088,11.81739422475486,2.44140625,11.340046939126136,11.56601704502931,11.675892974159645,11.399772896489312,10.294360802382204,11.661274874634382,11.306595079495814
2018_17_DAL_NYG,2018,17,2018-12-30T13:00-05:00,NYG,DAL,False,-1.0,-1.2498346504462203,-0.9482067002122787,-0.6666135610134347,2.44140625,-0.8204426230969278,-1.0130400093705303,-0.3072601040216192,-0.49235030835460414,-1.0094696896211626,-0.4128183104638765,-0.5705037859528892
2018_17_DET_GB,2018,17,2018-12-30T13:00-05:00,GB,DET,False,-31.0,4.7023977628085865,-1.598490728558403,5.2331681345838374,2.44140625,-1.3792023343508983,-1.0687476507335703,-0.14347362400832142,0.1643427061810414,1.9101952002208946,-0.175981794230053,-0.6827633472097818
2018_17_JAX_HOU,2018,17,2018-12-30T13:00-05:00,HOU,JAX,False,17.0,8.192148836326975,7.009186535278246,6.6536159242819295,2.44140625,6.882337102290871,7.668768228210278,7.731137612510363,7.007647829798799,8.055506365970903,7.617289520847856,7.39639343794747
2018_17_MIA_BUF,2018,17,2018-12-30T13:00-05:00,BUF,MIA,False,25.0,4.068980557504263,2.2732660919149197,2.559080248418452,2.44140625,2.4218210078840494,3.0003097757760484,3.064868962959097,2.6966368478835565,2.8639562133631715,3.2405793982258944,2.735837927946642
2018_17_NYJ_NE,2018,17,2018-12-30T13:00-05:00,NE,NYJ,False,35.0,14.193319696918353,14.846195428316108,12.394066845539635,2.44140625,14.379122617680814,13.931042607104454,13.357656717441817,13.748817924404847,13.365754837174787,13.428027488088766,12.875097001405088
2018_17_ARI_SEA,2018,17,2018-12-30T16:25-05:00,SEA,ARI,False,3.0,17.386030485875914,18.15112198781602,15.997866669037357,2.44140625,18.21378612792806,17.8519814130201,16.996815427629084,16.935295581338472,17.36922385051733,17.021373144956023,16.584653219154156
2018_17_CHI_MIN,2018,17,2018-12-30T16:25-05:00,MIN,CHI,False,-14.0,3.3134753681638855,3.1473749854742405,3.2219994339976,2.44140625,3.1092036908985303,3.207521902093926,2.2093831042519954,2.2424309711526145,2.3693145187003903,2.0282727400307987,1.798599155937726
2018_17_CIN_PIT,2018,17,2018-12-30T16:25-05:00,PIT,CIN,False,3.0,10.112122321356905,10.828772353225085,10.436378185863513,2.44140625,11.249584439437502,10.669409254105446,10.700827804749334,10.727666229462404,10.457741364803665,10.775394765661982,10.313295067283033
2018_17_CLE_BAL,2018,17,2018-12-30T16:25-05:00,BAL,CLE,False,2.0,8.92258240463697,7.051322112355583,8.91809061767455,2.44140625,6.929451685507303,8.214949080612108,6.518120691485051,6.963256382375825,7.374854696443159,6.509924489753889,6.051104790925689
2018_17_LAC_DEN,2018,17,2018-12-30T16:25-05:00,DEN,LAC,False,-14.0,-3.4370122390504774,-3.5198369150715854,-3.1791272641809964,2.44140625,-4.1319253768920134,-4.049482977586274,-3.5612954466569327,-4.469664897772819,-3.5237868612017254,-3.265441424630392,-3.937031546573642
2018_17_OAK_KC,2018,17,2018-12-30T16:25-05:00,KC,LV,False,32.0,11.560554430268095,11.855523222051536,13.317492590910671,2.44140625,12.589740670694221,12.877629831099311,11.996805190397524,12.577057688933827,12.852248778794028,12.20472612814596,11.745125052005866
2018_17_PHI_WAS,2018,17,2018-12-30T16:25-05:00,WAS,PHI,False,-24.0,-0.3214902112800049,-1.6474692870431449,-2.4630320511239248,2.44140625,0.16122715350254224,0.2973257685475835,-0.15022449564827522,-0.33554183625430545,0.29610505208095583,-0.14810091626011768,-0.4494397345140765
2018_17_SF_LA,2018,17,2018-12-30T16:25-05:00,LAR,SF,False,16.0,10.057569522171212,11.55779471944337,11.686074008380057,2.44140625,11.9873731288199,11.764579186547143,11.74369296253335,11.488759916154041,10.404388423962768,11.733374326219582,11.459443208502222
2018_17_IND_TEN,2018,17,2018-12-30T20:20-05:00,TEN,IND,False,-16.0,3.1777532412558203,-0.5909415249980512,2.4733570562925737,2.44140625,-0.6686606381527573,0.7527020916760359,-0.8361806458003845,-1.1026653341142398,-0.08030072622113993,-0.880337294498691,-1.3474067331054846
2019_01_GB_CHI,2019,1,2019-09-05T20:20-04:00,CHI,GB,False,-7.0,6.440745758560291,5.0682857325545205,5.595362779922368,2.4016927083333335,5.92475927257158,4.654704135177051,5.052427127919616,4.832819319082045,5.728103069079966,5.143245664048119,4.682280810943433
2019_01_ATL_MIN,2019,1,2019-09-08T13:00-04:00,MIN,ATL,False,16.0,2.8075411078495645,1.9711974007634945,3.695468142970097,2.4016927083333335,1.9998048208898873,0.8244542661849898,-0.02944431038065265,0.6282291908300602,0.5514716624146513,-0.20414035023993393,-0.3450999187415529
2019_01_BAL_MIA,2019,1,2019-09-08T13:00-04:00,MIA,BAL,False,-49.0,-0.9720105220471937,0.8016707176633378,-3.0765399809939673,2.4016927083333335,1.1502090449041424,-1.8889804042796898,-4.821668047720337,-4.660915608129874,-3.2999169145667038,-4.621548474734725,-5.240258703478515
2019_01_BUF_NYJ,2019,1,2019-09-08T13:00-04:00,NYJ,BUF,False,-1.0,-2.332593774351236,-2.596484842595955,1.0639496572889122,2.4016927083333335,-2.836060882934275,-0.39106051020997734,-0.8331364721399577,-0.3293091891687554,-0.6923332169971195,-0.9665195105289515,-1.1664585816042103
2019_01_KC_JAX,2019,1,2019-09-08T13:00-04:00,JAX,KC,False,-14.0,4.30387786384912,4.2461465596278005,-2.161102595088243,2.4016927083333335,4.717486101577334,-1.9416727173572665,-6.7241031539013125,-5.785381302561029,-5.756022456123227,-6.77002419591801,-7.112765784516148
2019_01_LA_CAR,2019,1,2019-09-08T13:00-04:00,CAR,LAR,False,-3.0,-1.2382129760252851,-0.7931856036747582,-0.004684562269423154,2.4016927083333335,-1.5750383616753778,-2.992728957728165,-1.3085149253079527,-0.8560752367512953,-1.520380925771012,-1.1076638191164971,-1.663850811902969
2019_01_TEN_CLE,2019,1,2019-09-08T13:00-04:00,CLE,TEN,False,-30.0,1.5507431488129817,1.052257905686948,1.74258468700213,2.4016927083333335,0.7750590492940992,0.97519074478038,1.228599093576469,1.0587237398864855,1.5262529579421396,1.2050666829415289,0.7939502106890141
2019_01_WAS_PHI,2019,1,2019-09-08T13:00-04:00,PHI,WAS,False,5.0,2.101502214564314,3.031565993541686,6.481516025561962,2.4016927083333335,1.8597108501921307,8.523631898434884,8.142401195238616,7.4113370721552965,7.270355994780864,8.218270539845108,7.946525595897581
2019_01_CIN_SEA,2019,1,2019-09-08T16:05-04:00,SEA,CIN,False,1.0,5.1084568654477645,4.612340386348222,5.967118084074336,2.4016927083333335,4.916397352137706,4.706863490253683,7.208360386194515,7.307231487099955,6.788898294107099,7.3243037091294685,6.80613767287241
2019_01_IND_LAC,2019,1,2019-09-08T16:05-04:00,LAC,IND,False,6.0,3.233612075580502,3.7944511034044357,3.340837746815378,2.4016927083333335,5.0778687003491685,3.474302351479527,3.331111797703105,4.33281994675664,4.071397374914625,3.1735487138658596,2.907391257134567
2019_01_DET_ARI,2019,1,2019-09-08T16:25-04:00,ARI,DET,False,0.0,-4.318465482084541,-7.3658085106822,-0.9113640733296515,2.4016927083333335,-7.513404759936844,-5.294134911002407,-5.781223706726934,-5.377785545390672,-2.307010934373941,-5.687318200489572,-6.137206389637892
2019_01_NYG_DAL,2019,1,2019-09-08T16:25-04:00,DAL,NYG,False,18.0,5.555759871181005,5.58863449231269,4.10831076343071,2.4016927083333335,5.139345820188727,8.801395559182438,4.9435556515850685,5.08701901098545,5.392811707668665,5.037734645499187,4.5123800958989495
2019_01_SF_TB,2019,1,2019-09-08T16:25-04:00,TB,SF,False,-14.0,1.4922906147642736,1.7677320818005469,3.528447269960604,2.4016927083333335,2.5133500335527943,6.548519859796143,5.8711046362062955,5.207292620619168,5.230941324106679,5.9195324246304,5.5512411604627
2019_01_PIT_NE,2019,1,2019-09-08T20:20-04:00,NE,PIT,False,30.0,7.244321131183952,8.182509009371103,3.681948577741902,2.4016927083333335,8.058325710272744,4.914535620340284,5.471162579431565,4.91222417604783,5.158884907485067,5.334222091104225,5.114895214289924
2019_01_HOU_NO,2019,1,2019-09-09T19:10-04:00,NO,HOU,False,2.0,8.395593189400836,8.738180703162874,4.598080967493259,2.4016927083333335,9.083571581865886,7.224256289827226,4.640007926491723,5.3492499704591285,5.253797535658776,4.716760851565702,4.247699322991615
2019_01_DEN_OAK,2019,1,2019-09-09T22:20-04:00,LV,DEN,False,8.0,-4.071608946091695,-4.499194838373315,0.15500382884212982,2.4016927083333335,-3.8877408154227826,-4.222971258102538,-0.35814585209044414,-0.06890389170452083,-0.4680052019850315,-0.49666107699771667,-0.7697250335814106
2019_02_TB_CAR,2019,2,2019-09-12T20:20-04:00,CAR,TB,False,-6.0,6.988034374481668,6.734285540834179,4.973434508748749,2.4016927083333335,6.919341201621368,6.188765023257833,4.683475785240134,5.113814890239912,4.223156148371462,4.593088397405602,4.325418604777856
2019_02_ARI_BAL,2019,2,2019-09-15T13:00-04:00,BAL,ARI,False,6.0,11.686613211727606,10.309550256806187,9.867049028226724,2.4016927083333335,10.241197986807837,13.149137091541027,11.606804370456361,11.702368209891539,11.937406715455435,11.544463483821568,11.151069431054708
2019_02_BUF_NYG,2019,2,2019-09-15T13:00-04:00,NYG,BUF,False,-14.0,1.5864771838302103,2.462033640339747,2.1284872105881756,2.4016927083333335,2.52832979649797,2.3410691342958985,2.7748749862179283,3.1699946007044777,1.955041002136386,2.6194023052921263,2.528650551759554
2019_02_DAL_WAS,2019,2,2019-09-15T13:00-04:00,WAS,DAL,False,-10.0,-3.3555698633053814,-4.600488907182387,-1.1949732402300448,2.4016927083333335,-3.509184255913349,-3.648976582929199,-2.926780697247611,-2.6664859591892203,-2.400578731462207,-3.0633034339801144,-3.282062183304495
2019_02_IND_TEN,2019,2,2019-09-15T13:00-04:00,TEN,IND,False,-2.0,1.505545999660892,2.630514708555602,2.80061391791319,2.4016927083333335,3.370067767540524,2.109597218076538,1.6924153742734245,1.8529635209686124,1.9428683205728943,1.8351901224567286,1.473560824277707
2019_02_JAX_HOU,2019,2,2019-09-15T13:00-04:00,HOU,JAX,False,1.0,7.495459264195885,8.519965991520102,6.435560145750196,2.4016927083333335,8.381312222503263,8.811622863885487,8.667715942764264,7.907438979423574,6.552040375041164,8.696662424843163,8.37710963574552
2019_02_LAC_DET,2019,2,2019-09-15T13:00-04:00,DET,LAC,False,3.0,-1.2267236525417196,0.8497221807682607,-0.5987145332625872,2.4016927083333335,0.08104008132334917,0.44613205685703816,0.6319626736396766,-0.32946111813828516,-0.029885289824703953,0.906329375320909,0.4920215395498738
2019_02_MIN_GB,2019,2,2019-09-15T13:00-04:00,GB,MIN,False,5.0,-0.33872794060937883,1.7295637118346763,0.3570997798455866,2.4016927083333335,0.6649916624419125,0.9762017770795948,1.9189737637419753,2.075555636188098,0.9920851243115654,2.0816966285837073,1.5104250949297024
2019_02_NE_MIA,2019,2,2019-09-15T13:00-04:00,MIA,NE,False,-43.0,-12.31284010163514,-11.910617956310436,-7.040523204267956,2.4016927083333335,-11.365206078216108,-12.038597991953786,-11.460474502543263,-10.664719505438587,-10.227894404163694,-11.408969075710957,-11.808088107707128
2019_02_SEA_PIT,2019,2,2019-09-15T13:00-04:00,PIT,SEA,False,-2.0,1.3533626426921546,1.412288357460156,1.3158765012232323,2.4016927083333335,1.2121688650810443,0.8277338794129214,0.6372711148307881,0.8202047245515685,1.3440655767792251,0.7659441093048387,0.4006513846294577
2019_02_SF_CIN,2019,2,2019-09-15T13:00-04:00,CIN,SF,False,-24.0,0.9423461734730423,0.7778844795678574,2.089606199963856,2.4016927083333335,1.4892040305645857,1.4362954673551755,1.8509336278915658,2.5106744068506615,1.6572274334991615,1.7132986560348298,1.5303130953426278
2019_02_KC_OAK,2019,2,2019-09-15T16:05-04:00,LV,KC,False,-18.0,-6.105162655269913,-7.4601794044487635,-4.609476943668577,2.4016927083333335,-6.817830023603752,-6.9539758162503205,-6.554113333686067,-6.877267775397433,-7.143020834189945,-6.855389026115446,-6.895565860508461
2019_02_CHI_DEN,2019,2,2019-09-15T16:25-04:00,DEN,CHI,False,-2.0,-1.4519632805422358,-1.82633143416203,-0.9258733800598566,2.4016927083333335,-1.742204286071079,-1.7676744305092855,-1.00658709403017,-1.8182650063400063,-0.9253182434044362,-1.1780889815943227,-1.381873199517326
2019_02_NO_LA,2019,2,2019-09-15T16:25-04:00,LAR,NO,False,18.0,1.9623914307424133,2.7109023079643957,2.265492180283781,2.4016927083333335,2.7052569004867775,3.239724387078612,3.3488584095885914,2.261710599906336,2.3917708674916374,3.0898503014066856,3.030161909353749
2019_02_PHI_ATL,2019,2,2019-09-15T20:20-04:00,ATL,PHI,False,4.0,1.5470067923877555,1.5540147651122185,0.39628820550530275,2.4016927083333335,1.7355443059033253,1.0680182979605188,0.2576585129580522,0.7183711099243948,0.2585574779634414,0.2938256751520254,-0.08879330290750134
2019_02_CLE_NYJ,2019,2,2019-09-16T20:15-04:00,NYJ,CLE,False,-20.0,0.8253848751248911,-0.48863370731311073,1.0523420887191857,2.4016927083333335,-0.8164986515835597,-0.3713731597882517,0.3445552947850712,-0.552392968109022,1.4171053838274403,0.4557920799043056,0.019461706481195495
2019_03_TEN_JAX,2019,3,2019-09-19T20:20-04:00,JAX,TEN,False,13.0,-2.150004502176517,-3.6271045025898845,-0.7278367550885951,2.4016927083333335,-3.6416069060301934,-3.555087085075922,-3.544901782139756,-2.4237234397242307,-1.64618618387785,-3.474963771012812,-3.917216956400429
2019_03_ATL_IND,2019,3,2019-09-22T13:00-04:00,IND,ATL,False,3.0,3.0847397178827567,1.13272436968699,4.467429227810252,2.4016927083333335,0.7543667689693367,2.4377714823479497,3.0437701562570956,2.7380195939793683,2.7722287261976835,2.764678661349894,2.6591332613846017
2019_03_BAL_KC,2019,3,2019-09-22T13:00-04:00,KC,BAL,False,5.0,4.005031513348859,4.988789471131378,4.302932102789704,2.4016927083333335,4.727994367870268,4.535887629291434,4.518838898338702,4.192203346334067,4.744287975670142,4.730445907726626,4.256749040158311
2019_03_CIN_BUF,2019,3,2019-09-22T13:00-04:00,BUF,CIN,False,4.0,5.813116956449967,4.806755137413721,4.573325135460372,2.4016927083333335,5.272188389571495,5.606045851757482,4.931162333290761,4.045122514231144,4.7390692698638786,5.117235073571621,4.638698494155048
2019_03_DEN_GB,2019,3,2019-09-22T13:00-04:00,GB,DEN,False,11.0,3.0578665545249595,4.727529104591452,5.148592030132935,2.4016927083333335,3.9270076533246687,4.538345468735177,4.902556905210217,5.0790931433111215,4.246116760346497,4.958106281675078,4.623216960484737
2019_03_DET_PHI,2019,3,2019-09-22T13:00-04:00,PHI,DET,False,-3.0,4.340281105886363,3.261408075047182,4.044870699828552,2.4016927083333335,3.558310454342879,4.738803106714903,4.042241013789188,3.9185063330908134,4.362945014847426,4.075350691146557,3.69150854983439
2019_03_MIA_DAL,2019,3,2019-09-22T13:00-04:00,DAL,MIA,False,25.0,15.95850009878108,17.741966417232927,11.16526471499292,2.4016927083333335,17.39908854689172,17.441149602129418,16.89942533527218,15.949209341823186,17.127206958021784,16.99684774507961,16.61911838690179
2019_03_NYJ_NE,2019,3,2019-09-22T13:00-04:00,NE,NYJ,False,16.0,18.448584972810504,19.41726535083326,13.601829647066486,2.4016927083333335,19.36226325935054,18.122320000350868,17.56339806304286,17.699619081727516,17.112041039307925,17.560842104655702,17.183488077264357
2019_03_OAK_MIN,2019,3,2019-09-22T13:00-04:00,MIN,LV,False,20.0,7.920694794139683,7.875235753279148,8.687033695477723,2.4016927083333335,7.657718107097167,7.814085340525356,7.251417951200022,7.740998889931911,7.652615829126565,7.291912140697569,6.958582566181459
2019_03_CAR_ARI,2019,3,2019-09-22T16:05-04:00,ARI,CAR,False,-18.0,-1.9158781899020878,-0.4205329463831561,-0.2811290240506379,2.4016927083333335,0.24369993990129263,-0.5282153471499091,0.8573341874569322,0.6728546911452453,-0.7692800839572169,0.7068371557918933,0.626382312512444
2019_03_NYG_TB,2019,3,2019-09-22T16:05-04:00,TB,NYG,False,-1.0,3.505395053778237,5.8720543926270405,4.350042303198492,2.4016927083333335,5.974878449106832,5.701255727976411,6.096557290910569,6.053945082924557,4.47783265698137,6.259023219577469,5.789453019278998
2019_03_HOU_LAC,2019,3,2019-09-22T16:25-04:00,LAC,HOU,False,-7.0,3.6266653141513316,3.248949712998722,3.636851251929605,2.4016927083333335,3.337395827477004,2.7162550994789587,2.8276625944913545,3.3869669717880027,3.3332986192362526,2.6473893071131087,2.4550649134516886
2019_03_NO_SEA,2019,3,2019-09-22T16:25-04:00,SEA,NO,False,-6.0,4.988672794338808,3.428690096938685,2.179331009637009,2.4016927083333335,4.535358608446796,4.045140116341157,4.396397191877169,4.271964056087304,3.9026963677225943,4.517301826016702,4.031820338096171
2019_03_PIT_SF,2019,3,2019-09-22T16:25-04:00,SF,PIT,False,4.0,1.71394082882478,5.167903067267518,3.1211576649414683,2.4016927083333335,4.798515176064167,4.366126121585854,3.8660812484365543,3.0866124887908852,2.8738895032455805,3.8231926775148644,3.489573862032799
2019_03_LA_CLE,2019,3,2019-09-22T20:20-04:00,CLE,LAR,False,-7.0,-6.56015362887325,-7.0904660395629415,-2.3513747380164842,2.4016927083333335,-7.625257251171043,-6.215120597490195,-5.839358968592838,-5.293756748458253,-5.675378354652251,-5.75360065488842,-6.155208794514536
2019_03_CHI_WAS,2019,3,2019-09-23T20:15-04:00,WAS,CHI,False,-16.0,-0.3352618141397209,-1.336299067271797,-2.0008193950154105,2.4016927083333335,-0.45775496248948844,-1.0985843124972583,-1.3242505449373625,-1.8356590417443526,-0.5598168564139252,-1.4617000829863545,-1.7310951969531465
2019_04_PHI_GB,2019,4,2019-09-26T20:20-04:00,GB,PHI,False,-7.0,2.4244174024906915,2.826714458793866,2.880252708201326,2.4016927083333335,2.2953944284563472,2.041805450147222,3.1211652565059773,2.8741586186416916,3.053470827300994,3.105953338096146,2.765521228657888
2019_04_CAR_HOU,2019,4,2019-09-29T13:00-04:00,HOU,CAR,False,-6.0,4.879274055504657,5.500674648506326,3.864309973199368,2.4016927083333335,5.654742688527075,5.13499366032265,5.144569691962295,5.188162819260483,3.3914364061954494,5.149631125824843,4.834419715474139
2019_04_CLE_BAL,2019,4,2019-09-29T13:00-04:00,BAL,CLE,False,-15.0,8.999388062539456,8.089964305565442,6.6965266377526715,2.4016927083333335,8.454306054426098,8.645251265648742,8.244162580763465,8.722502399646231,8.787411245725751,8.198255506412234,7.855268016318448
2019_04_KC_DET,2019,4,2019-09-29T13:00-04:00,DET,KC,False,-4.0,-4.291666209944459,-4.40384906535088,-2.3593041913781567,2.4016927083333335,-4.976840792248241,-4.953269673963556,-4.567409560648602,-5.207263272350038,-4.90388052374667,-4.651192509709267,-4.776852875317909
2019_04_LAC_MIA,2019,4,2019-09-29T13:00-04:00,MIA,LAC,False,-20.0,-8.94870507298949,-10.611349424850355,-6.552802660846153,2.4016927083333335,-10.773651895264361,-10.682803748653537,-10.533182001583615,-10.894339863666866,-10.780370595785909,-10.38530132427935,-10.848850195362527
2019_04_NE_BUF,2019,4,2019-09-29T13:00-04:00,BUF,NE,False,-6.0,-5.2770075424151885,-6.065225548002703,-4.369412476597489,2.4016927083333335,-5.637597260452273,-5.725241956235919,-5.362598976153468,-5.876667971072708,-5.794522070133419,-5.351758366641128,-5.68204588330833
2019_04_OAK_IND,2019,4,2019-09-29T13:00-04:00,IND,LV,False,-7.0,8.662587802685348,7.9679997868792265,8.970226183615477,2.4016927083333335,7.44112377759419,9.414633808486295,9.35118746384447,9.107129176053624,9.03429379592675,9.295358531394779,9.002015047355961
2019_04_TEN_ATL,2019,4,2019-09-29T13:00-04:00,ATL,TEN,False,-14.0,3.75163447315453,3.8164408546353332,2.09169389068095,2.4016927083333335,3.4198867729765374,3.007609314848846,3.033615179793621,2.7278597776756692,3.464147348285849,3.1205188954512737,2.733810041131302
2019_04_WAS_NYG,2019,4,2019-09-29T13:00-04:00,NYG,WAS,False,21.0,2.1009921035149524,2.217620850539017,3.404841275616306,2.4016927083333335,1.2893963497013132,2.156055931837065,2.7173792315709973,2.50367775069275,2.8860558501678817,2.7927970420230515,2.4608046431350266
2019_04_SEA_ARI,2019,4,2019-09-29T16:05-04:00,ARI,SEA,False,-17.0,-6.629649716237583,-6.089902220544901,-3.507334730483742,2.4016927083333335,-5.720748452505461,-5.940532531571245,-4.9245728923706045,-5.060258243811,-5.100241226611922,-5.072147061982121,-5.1721779318952334
2019_04_TB_LA,2019,4,2019-09-29T16:05-04:00,LAR,TB,False,-15.0,10.102452425904582,9.550941042541234,9.034396952388969,2.4016927083333335,10.190745472204814,10.379791949383698,9.57495990350088,9.430073572728325,9.577226731012765,9.360069376724764,9.198953186117667
2019_04_JAX_DEN,2019,4,2019-09-29T16:25-04:00,DEN,JAX,False,-2.0,2.4611649310728243,2.87082376183693,1.0390371458421694,2.4016927083333335,2.6971851883046325,3.146175731173912,3.5372992693620082,2.8435486717905434,2.5577477576781873,3.4433374643395718,3.1721021446332074
2019_04_MIN_CHI,2019,4,2019-09-29T16:25-04:00,CHI,MIN,False,10.0,2.797430404422603,3.104638389560434,2.193401228321365,2.4016927083333335,3.072033772974865,3.846310866099301,3.7226256413763883,3.5811227054672607,3.494748612629495,3.9197900404391106,3.4624110367483483
2019_04_DAL_NO,2019,4,2019-09-29T20:20-04:00,NO,DAL,False,2.0,-0.6817436365583793,0.18358963442431642,2.02263781761188,2.4016927083333335,-0.5126488210700473,-0.21510294083952575,-0.390537226154949,0.030223553154340888,0.0018383561727688402,-0.6190442826249651,-0.6867976487881771
2019_04_CIN_PIT,2019,4,2019-09-30T20:15-04:00,PIT,CIN,False,24.0,7.913885581969884,4.140315679428056,5.180323574805758,2.4016927083333335,4.308383987111625,4.7635633913542215,3.664746590540856,3.562683215895116,4.655603533366582,3.734669379002732,3.413133888943962
2019_05_LA_SEA,2019,5,2019-10-03T20:20-04:00,SEA,LAR,False,1.0,3.0840608900697926,1.895925426819658,1.603515831237976,2.4016927083333335,1.6864216572988986,1.8121691613185515,1.8862469010960075,1.7551882598970314,1.9484672565112116,2.083146123325433,1.5699597898435615
2019_05_ARI_CIN,2019,5,2019-10-06T13:00-04:00,CIN,ARI,False,-3.0,4.738553956216349,4.68430390729301,4.293516995635269,2.4016927083333335,3.9927265284866227,4.3762678978048415,3.162330154096597,3.4949920554871503,4.126696477383944,3.088238107086454,2.719178720565795
2019_05_ATL_HOU,2019,5,2019-10-06T13:00-04:00,HOU,ATL,False,21.0,3.206253031373845,2.389183088012761,5.095100872455605,2.4016927083333335,2.867301737776153,3.6342939948805686,4.613379518248687,4.308669224011162,4.127012702008181,4.407695601606999,4.23614834560193
2019_05_BAL_PIT,2019,5,2019-10-06T13:00-04:00,PIT,BAL,False,-3.0,3.031799514273674,0.6303534853958466,2.221215234108298,2.4016927083333335,0.3655695963041685,1.1944015646330968,0.30071573065488777,-0.3951281224020047,1.3415876930826007,0.39474136176058705,0.060560291044040815
2019_05_BUF_TEN,2019,5,2019-10-06T13:00-04:00,TEN,BUF,False,-7.0,4.766056760472827,5.8303102438358785,4.7323305829208,2.4016927083333335,6.2384040683650035,5.939006402476359,5.948456346849095,6.139587838004212,4.610087969852158,5.939990911226438,5.698480533129311
2019_05_CHI_OAK,2019,5,2019-10-06T13:00-04:00,LV,CHI,True,3.0,-8.20284610378383,-7.146449377315452,-6.965107813582165,2.4016927083333335,-6.591558063282921,-7.802812308294685,-7.7712790447046025,-8.13977357105598,-9.08817211543175,-7.947714082823577,-5.949932134694674
2019_05_JAX_CAR,2019,5,2019-10-06T13:00-04:00,CAR,JAX,False,7.0,3.854379165942527,2.9266577234512976,4.535987700003163,2.4016927083333335,2.8739737629539066,4.504888608746022,4.197192825680212,3.5378234974661154,4.967310709028077,4.131066983361847,3.8825158527192336
2019_05_MIN_NYG,2019,5,2019-10-06T13:00-04:00,NYG,MIN,False,-18.0,-2.3639116431907268,-2.170604756792589,-1.5973221696207522,2.4016927083333335,-2.4148307242789446,-1.3570134696192524,-0.8266491053080434,-1.5709703216112905,-0.18583672034920617,-0.5921273194234238,-1.1182174687675615
2019_05_NE_WAS,2019,5,2019-10-06T13:00-04:00,WAS,NE,False,-26.0,-11.370810351455237,-11.78590558807306,-9.062718033898395,2.4016927083333335,-12.275912860676602,-10.606330012272416,-11.27269113216514,-11.06942111923389,-10.602765260065162,-11.30217792494512,-11.551285525190245
2019_05_NYJ_PHI,2019,5,2019-10-06T13:00-04:00,PHI,NYJ,False,25.0,11.41553961316296,13.419052787453554,9.252747574817196,2.4016927083333335,13.598602360964916,12.91760028636711,12.3815892383656,12.261488952615913,11.206314754072237,12.324540804196461,12.109148230267508
2019_05_TB_NO,2019,5,2019-10-06T13:00-04:00,NO,TB,False,7.0,4.4117250809231,4.4434333968435045,5.6718336939008775,2.4016927083333335,3.9103715908016716,4.611684505451287,3.354100915530762,4.148455313732586,3.716757721440019,3.0753414478254735,2.9654824220730545
2019_05_DEN_LAC,2019,5,2019-10-06T16:05-04:00,LAC,DEN,False,-7.0,8.026982438926767,7.6632550110730495,7.627156215823438,2.4016927083333335,7.984272046429014,8.19088590206421,7.725659512508862,7.926226619176417,7.726885755343398,7.512683730520873,7.4304200975687795
2019_05_GB_DAL,2019,5,2019-10-06T16:25-04:00,DAL,GB,False,-10.0,6.16136281758853,4.888110174226702,5.294774540169562,2.4016927083333335,5.575298383015507,5.165206443538917,3.9634901025375306,4.239184025308244,4.51608086185869,3.9975229735719173,3.66678863666908
2019_05_IND_KC,2019,5,2019-10-06T20:20-04:00,KC,IND,False,-6.0,8.41149389177994,9.653623215136298,7.369400933050555,2.4016927083333335,9.84849487646513,7.65061171047682,7.659177501392767,7.990200154406945,8.723744085372564,7.925270502077073,7.363359839211044
2019_05_CLE_SF,2019,5,2019-10-07T20:15-04:00,SF,CLE,False,28.0,3.405780749360228,2.406307800951074,2.759250155171649,2.4016927083333335,1.8199647860701746,2.4984424858020473,2.58671997319629,2.5429421109789256,3.517346953077113,2.546606138324922,2.171676768814585
2019_06_NYG_NE,2019,6,2019-10-10T20:20-04:00,NE,NYG,False,21.0,14.698252821843912,15.668552598392045,13.0190999343606,2.4016927083333335,15.577807023975422,14.517392724683388,13.924002374286996,13.90157899035799,14.184750713982051,13.855812161759095,13.578278475981806
2019_06_CAR_TB,2019,6,2019-10-13T09:30-04:00,TB,CAR,True,-11.0,-5.6332343725847664,-3.415607223250574,-2.0818244718196746,2.4016927083333335,-3.6580789693379536,-3.0058522470831575,-1.9537093034518809,-2.021443865952639,-2.9102292962855447,-1.7869001688894524,0.01346935465355692
2019_06_CIN_BAL,2019,6,2019-10-13T13:00-04:00,BAL,CIN,False,6.0,9.82234799356708,8.794465153017681,9.220664721707363,2.4016927083333335,9.429913057122127,9.613231069326728,8.840750398358441,9.366606399205674,9.111437780922127,8.904798978121605,8.522210030874593
2019_06_HOU_KC,2019,6,2019-10-13T13:00-04:00,KC,HOU,False,-7.0,3.871927545251866,4.4831897338237745,4.335152477718953,2.4016927083333335,4.1855061109634635,4.623042714589106,4.739817323985488,5.224366666679753,6.0971411019891075,4.925711691362849,4.416228966694069
2019_06_NO_JAX,2019,6,2019-10-13T13:00-04:00,JAX,NO,False,-7.0,-0.9766613080144486,-2.7373595024517554,-1.1948237129987596,2.4016927083333335,-1.9058405060289587,-2.4631822626991755,-2.0453448949009223,-1.7820598652501678,-1.7211538311573227,-1.918830400468728,-2.401647154038087
2019_06_PHI_MIN,2019,6,2019-10-13T13:00-04:00,MIN,PHI,False,18.0,1.56793587745989,-0.4251930912062798,3.458977814830454,2.4016927083333335,-0.16702128084616663,-0.012193027651358879,0.09324141488842197,1.17357162901236,0.9046561632007905,-0.07651652391694785,-0.3123748090105465
2019_06_SEA_CLE,2019,6,2019-10-13T13:00-04:00,CLE,SEA,False,-4.0,-3.790603961946144,-3.029729630825197,-0.6069206712091395,2.4016927083333335,-3.177233400569615,-4.002116087441324,-4.063997173561146,-3.874161132139297,-3.886579907668235,-4.24741956757022,-4.35924186852525
2019_06_WAS_MIA,2019,6,2019-10-13T13:00-04:00,MIA,WAS,False,-1.0,-1.8226510958944422,-3.789233898121001,0.444189189550789,2.4016927083333335,-4.25620891582224,-4.150390298712613,-2.3219490122153124,-2.58695758812991,-2.876015770105117,-2.3740068263240475,-2.657727742123409
2019_06_ATL_ARI,2019,6,2019-10-13T16:05-04:00,ARI,ATL,False,1.0,-2.4908585472335245,-2.676823361263976,-0.24041420917209777,2.4016927083333335,-2.3897208558511154,-2.447834470580125,-1.269478797051109,-1.7187566488488883,-1.839988707466823,-1.3960208547647341,-1.5585677917516976
2019_06_SF_LA,2019,6,2019-10-13T16:05-04:00,LAR,SF,False,-13.0,3.506610565196145,4.517745664839372,3.3346820594852105,2.4016927083333335,5.055080454437432,4.871727171056303,4.10949113602914,5.502381688614067,3.1957723786534147,4.132390229622898,3.8178421403093052
2019_06_DAL_NYJ,2019,6,2019-10-13T16:25-04:00,NYJ,DAL,False,2.0,-7.867960863230005,-8.173406949663583,-5.979672758333878,2.4016927083333335,-7.61813649900164,-8.136749911965516,-7.549402424873133,-7.5795570602566755,-7.013850935447401,-7.730888139518465,-7.862435678489264
2019_06_TEN_DEN,2019,6,2019-10-13T16:25-04:00,DEN,TEN,False,16.0,-0.6644231082310192,-1.6152057889300813,0.41253258618344724,2.4016927083333335,-1.9344083676726946,-1.6358727963330315,-0.11759663429332678,-0.30672951060094644,0.8377042903083145,-0.11779509945240996,-0.5501425310934691
2019_06_PIT_LAC,2019,6,2019-10-13T20:20-04:00,LAC,PIT,False,-7.0,3.259509975838957,6.330027231697461,2.8628452955840338,2.4016927083333335,6.97760781059904,4.791488666956808,4.954790089791872,5.444356790553881,3.1866393712086576,4.687226824125281,4.609060689003746
2019_06_DET_GB,2019,6,2019-10-14T20:15-04:00,GB,DET,False,1.0,2.7966579990512344,2.067888103103434,3.8975341260998517,2.4016927083333335,1.8487351178078666,2.500953397886361,3.4169464933000007,3.080907608747231,3.877574532896732,3.4424950843119966,3.0680574982445803
2019_07_KC_DEN,2019,7,2019-10-17T20:20-04:00,DEN,KC,False,-24.0,-1.5523687362694425,-2.876965270982268,-1.2492563074896452,2.4016927083333335,-2.781331523015788,-3.657017043001713,-3.0637085789929857,-3.403086371693982,-3.0611853632583697,-3.21075159589292,-3.4030150787418982
2019_07_ARI_NYG,2019,7,2019-10-20T13:00-04:00,NYG,ARI,False,-6.0,3.390413033955208,0.8053245273991418,4.196609501332343,2.4016927083333335,0.6747455027781748,1.515066921145289,0.9074292970185656,1.1821487387581477,2.354552022154289,1.079965999557462,0.49926750364814554
2019_07_HOU_IND,2019,7,2019-10-20T13:00-04:00,IND,HOU,False,7.0,0.6092956986068361,-0.5147971101149058,0.6210252487970604,2.4016927083333335,-1.1506530796337615,-0.6633446983672746,-0.4282927522590999,-0.028270805334462135,0.13549538624070356,-0.48634830434895426,-0.7827491622829534
2019_07_JAX_CIN,2019,7,2019-10-20T13:00-04:00,CIN,JAX,False,-10.0,-0.6079579066272465,0.21239685506585648,-0.546502894528019,2.4016927083333335,-0.48136356673943037,0.9974753135424073,1.3127702243801624,0.675189832557761,0.8813026988089196,1.2411546294299036,0.9774493011486768
2019_07_LA_ATL,2019,7,2019-10-20T13:00-04:00,ATL,LAR,False,-27.0,0.41396004980859624,-0.051649494189676126,-2.053484304397827,2.4016927083333335,-0.2666728869777353,0.8512716644942055,-0.712270810321844,-0.8981109923290309,-0.4227312000170822,-0.41074618095864546,-0.9907722897607922
2019_07_MIA_BUF,2019,7,2019-10-20T13:00-04:00,BUF,MIA,False,10.0,13.971782056650577,11.460562411925642,11.26306336963273,2.4016927083333335,11.91162033437047,12.211969330667943,11.952582708310652,11.598929281562832,10.63734617728241,11.964906392119925,11.58154989809865
2019_07_MIN_DET,2019,7,2019-10-20T13:00-04:00,DET,MIN,False,-12.0,-1.5504989877056183,1.05320752895973,-1.8654945847653979,2.4016927083333335,0.36900668278331294,0.5890258433282966,0.6028677975375207,-0.04390437626768273,-0.19512938759322962,0.7315354516776251,0.3918584452458253
2019_07_OAK_GB,2019,7,2019-10-20T13:00-04:00,GB,LV,False,18.0,3.6783647409438007,5.333206519337036,6.771520607075978,2.4016927083333335,3.9074722756589284,5.253106092925959,4.6599816235261375,5.009009096669905,4.693123988956004,5.04501795419454,4.461999277136509
2019_07_SF_WAS,2019,7,2019-10-20T13:00-04:00,WAS,SF,False,-9.0,-7.49164370106862,-6.867827168226317,-7.404075830613111,2.4016927083333335,-5.787625601739873,-6.684134085875724,-6.376641029625395,-4.872453296652222,-6.791223686607466,-6.300517073816778,-6.735850246224732
2019_07_LAC_TEN,2019,7,2019-10-20T16:05-04:00,TEN,LAC,False,3.0,-0.8979408495609406,-1.1231069059582712,1.2250379714991917,2.4016927083333335,-2.2058423696020744,-2.13785211145955,-1.988149175926612,-1.8272464241339827,-1.181982771560589,-1.8609573972851292,-2.28676264970105
2019_07_BAL_SEA,2019,7,2019-10-20T16:25-04:00,SEA,BAL,False,-14.0,5.787852899704938,5.601759245496935,3.0148336946857124,2.4016927083333335,5.462834896084223,5.324614257876828,4.685319694604803,3.7954905763847995,4.256408905492097,4.8216820178274125,4.3960269668000675
2019_07_NO_CHI,2019,7,2019-10-20T16:25-04:00,CHI,NO,False,-11.0,5.042834357753174,2.792198240591311,1.7795966859019043,2.4016927083333335,2.5809946705844977,3.147431494658243,3.1008705873055527,2.9804001473065567,3.4121267914748588,3.4133299983970398,2.7782505011975345
2019_07_PHI_DAL,2019,7,2019-10-20T20:20-04:00,DAL,PHI,False,27.0,2.390914797603172,1.5790982594952732,2.3569385267519367,2.4016927083333335,1.490742989332924,1.328779914190884,1.1028112999220878,1.3954348174405657,1.5157464774795266,1.1826334567210934,0.7800098314597848
2019_07_NE_NYJ,2019,7,2019-10-21T20:15-04:00,NYJ,NE,False,-33.0,-14.074990163061386,-14.19708301642693,-11.535281391655946,2.4016927083333335,-13.455425603675588,-13.198034178514787,-12.939994134608291,-12.849325117447144,-13.317377139188864,-13.08281684237761,-13.18483959854147
2019_08_WAS_MIN,2019,8,2019-10-24T20:20-04:00,MIN,WAS,False,10.0,15.115286011096945,13.445757723978712,14.503978932148694,2.4016927083333335,13.064400204226166,13.73806180563778,13.068599203570116,12.509565620269491,13.157154071737065,12.987514626270848,12.770698429251588
2019_08_ARI_NO,2019,8,2019-10-27T13:00-04:00,NO,ARI,False,22.0,11.829785478227688,8.729810026233043,11.153835324149806,2.4016927083333335,8.213394086656812,9.754201140225703,8.629508838530256,8.909622188542864,11.028951349823076,8.784417537288137,8.250930741389558
2019_08_CIN_LA,2019,8,2019-10-27T13:00-04:00,LAR,CIN,True,14.0,7.443364972461659,7.942782961708609,8.468840430374385,2.4016927083333335,8.788390447610965,8.35141711494017,8.34741388377477,8.227724646123947,8.226130942971315,8.232204837434384,10.28629461486642
2019_08_DEN_IND,2019,8,2019-10-27T13:00-04:00,IND,DEN,False,2.0,6.970296457015279,6.4345872445350345,6.213825056565815,2.4016927083333335,6.169877951673915,7.092566817043043,7.110943170930108,6.38808522188066,6.629561416047406,7.045821029741271,6.838403672866871
2019_08_LAC_CHI,2019,8,2019-10-27T13:00-04:00,CHI,LAC,False,-1.0,3.002919982147847,3.006555846580712,3.5260724221871906,2.4016927083333335,2.6717552084382,3.290837659559495,2.7824409538385204,2.808628007075222,3.084279569646184,3.259657124481756,2.5316694739480097
2019_08_NYG_DET,2019,8,2019-10-27T13:00-04:00,DET,NYG,False,5.0,6.347456954826574,9.071704641825097,6.386031234680242,2.4016927083333335,8.770121944023085,10.25562738330201,10.016976212491876,9.319422049477145,9.223014238400527,9.85062546309535,9.762344895976732
2019_08_NYJ_JAX,2019,8,2019-10-27T13:00-04:00,JAX,NYJ,False,14.0,9.438345794300515,8.361026798392022,9.225960358285633,2.4016927083333335,8.398450991258272,8.799678152923846,9.295921204597825,9.35619592754852,9.521854903687435,9.296300754141072,8.946373057554672
2019_08_PHI_BUF,2019,8,2019-10-27T13:00-04:00,BUF,PHI,False,-18.0,2.339227919415083,-0.23103548337858726,2.41182885733225,2.4016927083333335,-0.1972868218624817,-0.4581937546160866,-0.2518041835608349,-0.5205830376283154,0.6739632459622742,-0.16769248087193178,-0.6208270276855701
2019_08_SEA_ATL,2019,8,2019-10-27T13:00-04:00,ATL,SEA,False,-7.0,-3.4867654765656186,-6.379690064858824,-2.7699423379693835,2.4016927083333335,-5.8265748932928645,-5.555264751624548,-6.116666849880806,-5.520123202024687,-3.3060648920580813,-6.171987452178442,-6.42850872011267
2019_08_TB_TEN,2019,8,2019-10-27T13:00-04:00,TEN,TB,False,4.0,4.276646002156447,2.9623809041258204,3.2616468140007466,2.4016927083333335,2.3759651083943156,1.839631188646746,1.3952097531284189,1.4579182091607277,2.1576881586523484,1.1628664656270633,1.1134479213554052
2019_08_CAR_SF,2019,8,2019-10-27T16:05-04:00,SF,CAR,False,38.0,2.884392842514286,3.2535752738387407,3.9386988839362496,2.4016927083333335,2.606552041972898,1.6073826220119312,2.5843527388065013,2.0668678066161563,2.6536762836166012,2.5349340734552306,2.360486265975247
2019_08_CLE_NE,2019,8,2019-10-27T16:25-04:00,NE,CLE,False,14.0,16.118503495587746,16.086248497957754,13.428320073199526,2.4016927083333335,15.987287177557679,15.029611265534484,15.121645735735207,14.288670963303135,16.18412332448885,15.227294224146096,14.798927850904539
2019_08_OAK_HOU,2019,8,2019-10-27T16:25-04:00,HOU,LV,False,3.0,5.7990432114157695,6.628627236179096,9.072701839365305,2.4016927083333335,6.357814691445883,8.82274380802937,9.17993837599855,9.362038025846253,8.931266547823306,9.52724913655918,8.912599134365124
2019_08_GB_KC,2019,8,2019-10-27T20:20-04:00,KC,GB,False,-7.0,1.5322787296843048,0.717345528480104,5.230212035752055,2.4016927083333335,1.0673007722693848,2.6355742982666026,1.9930007779807513,2.16937218571388,4.02736604238769,1.7456498723661722,1.6194245504858662
2019_08_MIA_PIT,2019,8,2019-10-28T20:15-04:00,PIT,MIA,False,13.0,18.07899143117907,14.386759569142427,12.863298083611095,2.4016927083333335,14.719056552667217,15.380003914728366,14.484939120593495,14.053252968807705,13.810831118857909,14.407364281322705,14.149239612484973
2019_09_SF_ARI,2019,9,2019-10-31T20:20-04:00,ARI,SF,False,-3.0,-7.5730902076509645,-5.831462470416946,-7.891767582424539,2.4016927083333335,-5.453085252725657,-5.322149589561414,-4.976636652468459,-4.301930585433203,-6.7668025490183075,-4.906733086074862,-5.20834503832347
2019_09_HOU_JAX,2019,9,2019-11-03T09:30-05:00,JAX,HOU,True,-23.0,-5.965513077405431,-5.8091005951403245,-2.5829031913106384,2.4016927083333335,-5.883336292318274,-6.3623977689329205,-6.735959034786457,-6.47657897776786,-5.305950821150455,-6.699642640956614,-4.892744634703972
2019_09_CHI_PHI,2019,9,2019-11-03T13:00-05:00,PHI,CHI,False,8.0,2.2972075205044766,3.291910858604685,2.8615635836124573,2.4016927083333335,3.542190882010453,3.828390272253375,3.5300917114332826,3.187577782728253,3.0325223003095303,3.3579722563913768,3.170404467780931
2019_09_IND_PIT,2019,9,2019-11-03T13:00-05:00,PIT,IND,False,2.0,4.5792365971620255,2.7859427128030507,2.7533552954042384,2.4016927083333335,3.144138731227549,3.519976262572636,2.829962307867048,2.3274792214746305,3.753491485553099,2.809818733248136,2.5001662117413583
2019_09_MIN_KC,2019,9,2019-11-03T13:00-05:00,KC,MIN,False,3.0,-0.14993322131494957,-1.0039060248399532,1.3302020237279866,2.4016927083333335,-1.4609254747990899,0.048488612496351724,-0.2615408259807248,-0.11174664268337886,0.4492464216447378,-0.32050234062658856,-0.5685169770915233
2019_09_NYJ_MIA,2019,9,2019-11-03T13:00-05:00,MIA,NYJ,False,8.0,2.7341495787545753,3.613759899817964,1.611808640375699,2.4016927083333335,3.063618030593946,2.3144358587454503,2.238620440471623,1.7365182846750074,3.582659053588349,2.333553633632201,1.922021219365822
2019_09_TEN_CAR,2019,9,2019-11-03T13:00-05:00,CAR,TEN,False,10.0,3.798077674608165,2.9687903307328214,3.602527498096033,2.4016927083333335,3.720306202210927,3.007026353047435,2.393008313649634,2.2784295124695584,2.7093763360267307,2.4567247668229135,2.007823503056099
2019_09_WAS_BUF,2019,9,2019-11-03T13:00-05:00,BUF,WAS,False,15.0,8.1962737702486,9.462487160987594,7.177790320821311,2.4016927083333335,9.833549212503682,8.962108073313427,8.831077389562283,8.558394632499576,6.926326161012916,8.779783882663532,8.463167820092998
2019_09_DET_OAK,2019,9,2019-11-03T16:05-05:00,LV,DET,False,7.0,1.1371247402585938,-1.317133946210201,-0.33125966766439374,2.4016927083333335,-0.3868229034080921,-0.34638584362980107,-0.051112272578983875,-0.5491337088625684,0.07703423430506495,-0.47356426027221055,-0.48147827658981496
2019_09_TB_SEA,2019,9,2019-11-03T16:05-05:00,SEA,TB,False,6.0,9.550049079578272,8.06310360997935,5.212123970015182,2.4016927083333335,8.352020345970486,8.313161187674673,7.673045828143115,7.121829132973194,7.415304560525035,7.6695317315072415,7.310247707069976
2019_09_CLE_DEN,2019,9,2019-11-03T16:25-05:00,DEN,CLE,False,5.0,5.011485919971653,2.249695202626462,2.2383671208849867,2.4016927083333335,1.7559500135368802,1.855404179797502,1.7819972552997791,1.3843938418736128,5.957082949841094,1.794892406044491,1.5111171644844035
2019_09_GB_LAC,2019,9,2019-11-03T16:25-05:00,LAC,GB,False,15.0,0.9713135684150691,-0.10376692650182306,0.2943324353523633,2.4016927083333335,0.6807478205280277,1.3966386568276392,0.24709492775870867,0.7153025505632296,0.5167547724642167,-0.1566261060097418,-0.054303361887974244
2019_09_NE_BAL,2019,9,2019-11-03T20:20-05:00,BAL,NE,False,17.0,-3.7823766652032083,-4.007939542914067,-4.094034664766078,2.4016927083333335,-3.4620278567326794,-2.8416324720746218,-3.272297945396253,-2.3991890816038177,-3.8950042963159044,-3.4290095738984463,-3.6451996205830888
2019_09_DAL_NYG,2019,9,2019-11-04T20:15-05:00,NYG,DAL,False,-19.0,-6.785165576363644,-8.524150876191193,-4.624468767133268,2.4016927083333335,-8.61109737446315,-9.29770656843198,-8.157129510102237,-7.8429260496038635,-8.019311404231136,-8.130665562436862,-8.407465716394938
2019_10_LAC_OAK,2019,10,2019-11-07T20:20-05:00,LV,LAC,False,2.0,-2.135985389967146,-3.1822240518685536,-2.2650188083696934,2.4016927083333335,-2.7950572214747424,-2.8692210678685086,-2.297544886662709,-2.7791844983609204,-2.5323288978346516,-2.3393879897076078,-2.6813802931113955
2019_10_ARI_TB,2019,10,2019-11-10T13:00-05:00,TB,ARI,False,3.0,4.941611838247171,4.747989048854864,6.052168137560918,2.4016927083333335,4.5845793662533465,4.614337506206263,4.164691902016558,4.145086484385786,4.90892256437708,4.2487817139475945,3.864923208191259
2019_10_ATL_NO,2019,10,2019-11-10T13:00-05:00,NO,ATL,False,-17.0,12.338842099446934,11.388687094987906,11.99494563429451,2.4016927083333335,11.753327812996385,10.453737461596686,10.682790601512757,10.480993858323078,12.02369141153564,10.69093924978231,10.386307207537303
2019_10_BAL_CIN,2019,10,2019-11-10T13:00-05:00,CIN,BAL,False,-36.0,-7.917824446745981,-9.195299287761744,-7.637526791185007,2.4016927083333335,-9.934870587481974,-10.406030592004555,-10.155472326725903,-10.124097991106034,-7.045753646585425,-10.068332795757453,-10.440062117046166
2019_10_BUF_CLE,2019,10,2019-11-10T13:00-05:00,CLE,BUF,False,3.0,-0.619162263809087,0.4539865273340943,1.9326849569102458,2.4016927083333335,0.1389283903722569,0.7634389936171475,0.703503770868299,0.7101895805435954,0.34334984169463234,0.6188551257577255,0.4240608132898247
2019_10_DET_CHI,2019,10,2019-11-10T13:00-05:00,CHI,DET,False,7.0,5.3663396228760885,6.66490039129203,4.392301851136432,2.4016927083333335,7.502248990723421,6.703950744792586,6.0506762718385465,6.753211850109069,5.170118878641375,6.026153675211395,5.806607565232265
2019_10_KC_TEN,2019,10,2019-11-10T13:00-05:00,TEN,KC,False,3.0,-4.269950486281498,-5.515828823103998,-2.499189747839866,2.4016927083333335,-6.03631134862516,-4.859022485605001,-4.69405666050195,-5.040879063927683,-5.3320727930420855,-4.953122408097162,-5.003427025220635
2019_10_NYG_NYJ,2019,10,2019-11-10T13:00-05:00,NYJ,NYG,False,7.0,-1.209480356875645,0.026588054974778064,-0.4172555600859251,2.4016927083333335,0.2600276786711294,-1.5468919155241145,-0.65658636292613,-0.6393453545351363,-0.7698210233471899,-0.9402404190128492,-0.9646488243078332
2019_10_MIA_IND,2019,10,2019-11-10T16:05-05:00,IND,MIA,False,-4.0,11.561764223430227,9.67057364417847,12.207835370848686,2.4016927083333335,8.73679338151732,10.87031215433791,10.887705294920439,11.481044896275069,10.51549221940078,10.766302573957324,10.538620902390008
2019_10_CAR_GB,2019,10,2019-11-10T16:25-05:00,GB,CAR,False,8.0,4.044945740278164,5.749682787571815,3.3132012285000156,2.4016927083333335,4.951421538275837,5.349514717002923,5.994315723636781,5.78897148978031,5.138039902000993,6.1948452530634714,5.751918568033355
2019_10_LA_PIT,2019,10,2019-11-10T16:25-05:00,PIT,LAR,False,5.0,1.8885244607747738,-1.0440493881683741,0.4359470951281095,2.4016927083333335,-0.727782200228211,0.020004896598459387,-0.17043530380970506,-0.9422841659486179,0.7041063319499421,-0.1120758826017707,-0.49545793175481934
2019_10_MIN_DAL,2019,10,2019-11-10T20:20-05:00,DAL,MIN,False,-4.0,1.8551167511113569,3.7183859307678895,1.4979175886000142,2.4016927083333335,3.3213014674700743,3.3560334618969763,2.8179764863225554,2.4750688493126893,2.4849193101444023,3.0552675263308924,2.532659763420961
2019_10_SEA_SF,2019,10,2019-11-11T20:15-05:00,SF,SEA,False,-3.0,3.6580715488973667,2.8478927996396566,5.775528932987033,2.4016927083333335,2.5354137955038807,3.096800187468218,2.7248646236023,2.2752403825087755,4.353139724751237,2.5766744596240496,2.403863898560753
2019_11_PIT_CLE,2019,11,2019-11-14T20:20-05:00,CLE,PIT,False,14.0,-5.117568301511742,-2.9127563167998964,-0.9863498727821356,2.4016927083333335,-3.6215428067458255,-3.544718715309354,-3.183413413287907,-2.9110575628419078,-3.710601302037999,-2.894444857856136,-3.3903250940179857
2019_11_ATL_CAR,2019,11,2019-11-17T13:00-05:00,CAR,ATL,False,-26.0,4.366742844150703,2.6903118736067837,6.295554837035761,2.4016927083333335,3.4531081178228202,3.324309799400713,3.274084263621879,3.1170500090837585,3.7527817465511353,2.8496617211187942,2.798499180552142
2019_11_BUF_MIA,2019,11,2019-11-17T13:00-05:00,MIA,BUF,False,-17.0,-4.019381034036627,-2.4523147479697878,-3.3957716008381844,2.4016927083333335,-2.7819398155049018,-3.1274151488234354,-3.0845965678445944,-3.938498164272468,-1.7381440642080603,-3.1205426039820225,-3.4221966119224234
2019_11_DAL_DET,2019,11,2019-11-17T13:00-05:00,DET,DAL,False,-8.0,-3.479741819405482,-5.021308530162995,-2.3575850772146634,2.4016927083333335,-5.8886616516683326,-5.10775029499143,-5.339071085776131,-5.317769294466446,-4.647441909681668,-5.3059818932199425,-5.663690908952992
2019_11_DEN_MIN,2019,11,2019-11-17T13:00-05:00,MIN,DEN,False,4.0,9.205505884204584,8.28437632753002,9.265738006828792,2.4016927083333335,8.993253562012233,9.549696168565154,9.78636931765697,9.15140598536279,8.50364106812958,9.60090341974376,9.467943653931265
2019_11_HOU_BAL,2019,11,2019-11-17T13:00-05:00,BAL,HOU,False,34.0,4.1216037370034275,3.5823167860314435,4.817206198675054,2.4016927083333335,3.5713278232184757,2.416144881799167,3.0055453053681385,3.3684031262344494,4.089060303618281,2.987970847467538,2.673987661552994
2019_11_JAX_IND,2019,11,2019-11-17T13:00-05:00,IND,JAX,False,20.0,3.604562892846671,4.080981468567297,4.641104405839768,2.4016927083333335,4.418933916531862,5.846727191513365,5.917068441728968,6.0512876281272145,4.171573001170984,5.7489558806158705,5.63038938742632
2019_11_NO_TB,2019,11,2019-11-17T13:00-05:00,TB,NO,False,-17.0,-4.263891637511714,-3.1891193268278495,-2.590621929601644,2.4016927083333335,-3.382882541993665,-3.6257015940691657,-2.9793150692576216,-3.4727850385955605,-4.225736223398429,-3.0032262155449296,-3.309212885245206
2019_11_NYJ_WAS,2019,11,2019-11-17T13:00-05:00,WAS,NYJ,False,-17.0,4.2625176768890345,2.1884518701525906,3.3540292864983536,2.4016927083333335,1.8551300369227406,2.5296884796851713,2.652295883158506,3.2356500811565527,4.001007910805394,2.776163651638703,2.300153580827021
2019_11_ARI_SF,2019,11,2019-11-17T16:05-05:00,SF,ARI,False,10.0,9.971452242872745,8.132563406519914,11.27092516476976,2.4016927083333335,7.948583081408154,7.902506996975054,7.725424763039312,7.338771641417223,9.73262226249946,7.612554394473504,7.359465087336291
2019_11_CIN_OAK,2019,11,2019-11-17T16:25-05:00,LV,CIN,False,7.0,9.802770718951399,10.690981517782845,7.028244914752001,2.4016927083333335,11.922347311879587,10.268137942732206,12.229474251424872,11.457162672814555,10.635079092497646,11.911428290152248,11.848466953960513
2019_11_NE_PHI,2019,11,2019-11-17T16:25-05:00,PHI,NE,False,-7.0,-5.7880027586611575,-5.050749968076799,-3.766991337105056,2.4016927083333335,-4.483146868060157,-3.4015678780841876,-3.676382214761899,-3.4852606278028206,-4.809451443694259,-3.784665702490997,-3.9084918704895255
2019_11_CHI_LA,2019,11,2019-11-17T20:20-05:00,LAR,CHI,False,10.0,3.052100957883049,3.9208449397150034,4.9283919640126275,2.4016927083333335,3.992226393360718,4.050291018158113,4.248706688585269,4.091910790603844,4.023348287555997,4.009288487308492,3.9278970597082936
2019_11_KC_LAC,2019,11,2019-11-18T20:15-05:00,LAC,KC,True,-7.0,-4.229792481782426,-4.894524982332439,-2.03109475544845,2.4016927083333335,-4.696713831190509,-4.6505516387816,-4.534313540485605,-4.709282009722372,-5.3164521997995235,-5.051263931267668,-2.6995535847411354
2019_12_IND_HOU,2019,12,2019-11-21T20:20-05:00,HOU,IND,False,3.0,4.835849169402968,5.00688394851646,3.289881615908853,2.4016927083333335,5.06717859660526,3.79332934782783,4.3999812925419155,3.8664255912128915,4.096163475899743,4.454983694833963,4.1301834703869025
2019_12_CAR_NO,2019,12,2019-11-24T13:00-05:00,NO,CAR,False,3.0,10.415562102804774,11.149720778356876,7.7800941525386245,2.4016927083333335,10.77353992982107,11.131208025883716,11.189796493940747,10.911329109383376,12.127461180520093,11.571146033686054,10.975227282550161
2019_12_DEN_BUF,2019,12,2019-11-24T13:00-05:00,BUF,DEN,False,17.0,4.826345694252582,4.717689997422027,3.460041141530761,2.4016927083333335,4.99312261069322,5.352446043497951,5.155549123524546,4.794571794322254,4.092818260739084,5.197123507016176,4.83273929087355
2019_12_DET_WAS,2019,12,2019-11-24T13:00-05:00,WAS,DET,False,3.0,-2.7157221185726748,-3.498321672556355,-4.094620543075839,2.4016927083333335,-2.822730968061574,-3.994466541251266,-4.020429046486438,-3.581365763796559,-4.140774215631003,-4.298140342762744,-4.321516401086998
2019_12_MIA_CLE,2019,12,2019-11-24T13:00-05:00,CLE,MIA,False,17.0,9.273844060812166,8.66383205424107,10.13284718460769,2.4016927083333335,8.596823464008148,10.278168938008825,9.409075159931268,9.45000822287463,8.338532770193922,9.442032543552585,9.145415882721945
2019_12_NYG_CHI,2019,12,2019-11-24T13:00-05:00,CHI,NYG,False,5.0,9.33483542694763,10.459274904445394,8.970249693476973,2.4016927083333335,10.426407125088495,10.01814834677398,9.454925799285407,9.608448175079296,9.50661619615384,9.426100012431595,9.245432120961294
2019_12_OAK_NYJ,2019,12,2019-11-24T13:00-05:00,NYJ,LV,False,31.0,-3.590813811585469,-2.706243542459036,-1.1535956344544536,2.4016927083333335,-3.1877147431384154,-3.4033561171197237,-3.7539065217166883,-3.5589921123218256,-3.7473045214293723,-3.6441635243536905,-3.9885701137377625
2019_12_PIT_CIN,2019,12,2019-11-24T13:00-05:00,CIN,PIT,False,-6.0,-7.397376562904377,-7.500430424139534,-5.450670819746669,2.4016927083333335,-8.375995188239566,-8.258410496869406,-8.278439061558483,-8.503969182731407,-7.784373096301518,-8.116416376805358,-8.577273646401332
2019_12_SEA_PHI,2019,12,2019-11-24T13:00-05:00,PHI,SEA,False,-8.0,-1.0280101714299297,0.08254162994321179,2.0874493405858607,2.4016927083333335,-0.006794977901766197,0.4875834461080806,0.30728356847739674,0.7656250718218466,0.7186181841831121,0.21692712836362327,0.07942291419828296
2019_12_TB_ATL,2019,12,2019-11-24T13:00-05:00,ATL,TB,False,-13.0,5.695321344006515,4.924687751913774,3.6763796505870125,2.4016927083333335,5.14807501400541,6.238950510457215,5.505322957672201,5.16230327984326,5.902019717534964,5.612472920016046,5.209604570677436
2019_12_JAX_TEN,2019,12,2019-11-24T16:05-05:00,TEN,JAX,False,22.0,4.601670534137615,4.382401728708691,4.924794140013507,2.4016927083333335,4.169757773958523,5.02602038272712,4.874994826922508,5.268534157479259,3.7738522575996876,4.6580140189174735,4.522097666329972
2019_12_DAL_NE,2019,12,2019-11-24T16:25-05:00,NE,DAL,False,4.0,6.038655530971901,4.796352811432,6.948909048770403,2.4016927083333335,4.317437703105113,4.939646733149693,5.3107621922866235,4.790388097696298,6.132954297594978,5.215272893668711,4.942328321601752
2019_12_GB_SF,2019,12,2019-11-24T20:20-05:00,SF,GB,False,29.0,2.2010595966918807,0.5235210738364171,4.173810683917337,2.4016927083333335,0.7829139988484943,0.638368886432719,0.5026371229827681,0.21698304951816105,1.8085794029148392,0.34579698557094474,0.22863193495199097
2019_12_BAL_LA,2019,12,2019-11-25T20:15-05:00,LAR,BAL,False,-39.0,-4.1755865892598605,-3.001717735721427,-1.300945790533118,2.4016927083333335,-3.2712941372068443,-2.992720399476623,-3.0255057248594133,-2.02494488505661,-3.526537107549979,-3.199425813850601,-3.2585748251049926
2019_13_CHI_DET,2019,13,2019-11-28T12:30-05:00,DET,CHI,False,-4.0,-0.12963966284179318,-3.0813292590444568,-0.06059490369572984,2.4016927083333335,-4.218554521454793,-4.503214615215167,-4.2121468452613655,-4.749190820930236,-0.42611294230432617,-4.290421676791097,-4.587897539976969
2019_13_BUF_DAL,2019,13,2019-11-28T16:30-05:00,DAL,BUF,False,-11.0,5.392422511153709,6.4840412569775445,5.712848848577371,2.4016927083333335,6.341078939356289,6.774821588319563,6.3280324127715435,6.503226381948807,6.4051504218582895,6.387365434035142,6.017496654275439
2019_13_NO_ATL,2019,13,2019-11-28T20:20-05:00,ATL,NO,False,-8.0,-3.5505564449622162,-2.4674521201776543,-4.467870401928014,2.4016927083333335,-2.7807834113475502,-3.259058645211348,-3.4209843285676893,-3.7673936160794153,-4.499823751809286,-3.3454971837127463,-3.7148135852886868
2019_13_CLE_PIT,2019,13,2019-12-01T13:00-05:00,PIT,CLE,False,7.0,4.592521950833953,1.9702730634439471,3.2645606192293917,2.4016927083333335,2.322078859207074,2.6525186802762324,2.2953022472238027,3.1113213483976296,3.6077524891170616,2.203744580927708,1.942274963536973
2019_13_GB_NYG,2019,13,2019-12-01T13:00-05:00,NYG,GB,False,-18.0,-6.246432088607779,-8.935352405377857,-3.849747785532001,2.4016927083333335,-8.439083516213474,-5.690505697971396,-6.171232572671922,-6.075917859439919,-5.783299554580299,-6.1160128389131945,-6.508091323668092
2019_13_NYJ_CIN,2019,13,2019-12-01T13:00-05:00,CIN,NYJ,False,16.0,0.1308531837218393,1.1294853252632777,0.0883877683962524,2.4016927083333335,0.5104111836394751,-0.06179549030750242,-0.357105239288543,0.3361644646901374,-0.43751125964737847,-0.3322465194576891,-0.7236492062040271
2019_13_PHI_MIA,2019,13,2019-12-01T13:00-05:00,MIA,PHI,False,6.0,-5.762773076087012,-6.406666079039479,-6.8990276178588275,2.4016927083333335,-6.771824745917015,-6.886922629760708,-6.618581423024926,-7.565266727537706,-4.933796462363455,-6.530523041027271,-7.001116942043371
2019_13_SF_BAL,2019,13,2019-12-01T13:00-05:00,BAL,SF,False,3.0,7.943446545884002,8.066733529440189,6.139001456960713,2.4016927083333335,8.618157804847705,9.699994990683052,8.909989895950277,8.605221976723321,8.486777755086115,8.996585603705693,8.558136745464187
2019_13_TB_JAX,2019,13,2019-12-01T13:00-05:00,JAX,TB,False,-17.0,0.3819816680756276,-1.4290782734139325,-0.28242780011488566,2.4016927083333335,-1.094505531755425,-1.8381879920370106,-0.38829854317832235,-0.5010206401203301,0.8230253275363495,-0.39991456342890896,-0.7678652087218889
2019_13_TEN_IND,2019,13,2019-12-01T13:00-05:00,IND,TEN,False,-14.0,4.760846140321348,4.843788202444019,3.2612452866444728,2.4016927083333335,5.539206033702225,5.3190602767608635,5.35946458244125,5.217701095126837,4.912501702209908,5.281824744783346,5.003410018186593
2019_13_WAS_CAR,2019,13,2019-12-01T13:00-05:00,CAR,WAS,False,-8.0,8.513986421393335,9.321204350799402,9.908343928602152,2.4016927083333335,9.825402391647053,10.298063355718192,9.767468781540032,9.54491823842682,9.492590480263665,9.503698808023739,9.387668001119957
2019_13_LA_ARI,2019,13,2019-12-01T16:05-05:00,ARI,LAR,False,-27.0,-2.010899612024234,-2.7889696387279095,-4.41834205648189,2.4016927083333335,-3.1226349502387922,-2.684932779158866,-2.0532111655125336,-3.184578615553688,-2.3881374725919984,-1.8652118089090772,-2.496502779651761
2019_13_LAC_DEN,2019,13,2019-12-01T16:25-05:00,DEN,LAC,False,3.0,-2.8951340953451967,-5.131399449701225,-0.7384305918478073,2.4016927083333335,-5.978560811151055,-5.186942116046666,-4.7659504124856245,-4.705960043190023,-1.0367721940464452,-4.445011273717256,-4.994717876425596
2019_13_OAK_KC,2019,13,2019-12-01T16:25-05:00,KC,LV,False,31.0,10.065194266994745,11.611442656692482,10.531147004510455,2.4016927083333335,10.793852201044132,11.308252103039305,10.69331990488752,11.282949782751949,11.868912255273024,11.145967995700968,10.38982842004756
2019_13_NE_HOU,2019,13,2019-12-01T20:20-05:00,HOU,NE,False,6.0,-3.4335937910662997,-3.4164671710388665,-3.4542894556936368,2.4016927083333335,-2.6798839715512113,-1.4866492510189317,-1.5962470897562422,-1.789692155036065,-2.7968550308452467,-1.622885513282902,-1.9024919336766835
2019_13_MIN_SEA,2019,13,2019-12-02T20:15-05:00,SEA,MIN,False,7.0,-0.10978832763319768,1.626509230146011,0.3574171922202547,2.4016927083333335,1.3062036078050627,1.7648600872536093,1.5166137139613514,1.1893880208999676,0.357395783624189,1.6708292510435505,1.2451278420105734
2019_14_DAL_CHI,2019,14,2019-12-05T20:20-05:00,CHI,DAL,False,7.0,-0.28007344019472225,-0.8073272953965129,0.15230191454092168,2.4016927083333335,-0.8941201886693473,0.35050928760212674,0.44078679009004573,0.34176728543008816,0.20288830341239494,0.3740380175238178,0.17084751617289173
2019_14_BAL_BUF,2019,14,2019-12-08T13:00-05:00,BUF,BAL,False,-7.0,-5.288302622785711,-6.077305047406639,-4.115190631291438,2.4016927083333335,-6.311543769059678,-6.388383611884221,-6.2165960792016,-5.731950327760522,-6.290908110851449,-6.1076342549851335,-6.498198287307602
2019_14_CAR_ATL,2019,14,2019-12-08T13:00-05:00,ATL,CAR,False,20.0,3.334135159668153,4.878127582223173,1.1734257025195782,2.4016927083333335,4.301053558277751,3.861387762257905,4.061705298692542,3.9750270006222803,3.7874579912619986,4.386929916235552,3.828922526588457
2019_14_CIN_CLE,2019,14,2019-12-08T13:00-05:00,CLE,CIN,False,8.0,7.952704619957354,7.195464120129995,8.2949807066272,2.4016927083333335,7.4692983440281795,7.756387179842283,7.788346646196922,7.632647764352345,7.89574786700871,7.797154038737256,7.51371798155739
2019_14_DEN_HOU,2019,14,2019-12-08T13:00-05:00,HOU,DEN,False,-14.0,8.862316835288329,10.23178282267435,7.18485646942816,2.4016927083333335,10.439150202620798,10.608907793385203,10.040297037167287,9.52355959900535,7.486710269851441,10.045020146778336,9.717654194178303
2019_14_DET_MIN,2019,14,2019-12-08T13:00-05:00,MIN,DET,False,13.0,9.343794563824984,8.97247710031429,9.54196410797142,2.4016927083333335,10.086778067527726,9.950442706425825,9.905004451207704,9.802284722543206,8.335449551688205,9.79301063358101,9.63123221785946
2019_14_IND_TB,2019,14,2019-12-08T13:00-05:00,TB,IND,False,3.0,0.11276991438145156,1.284800009654775,2.0835188059486507,2.4016927083333335,0.7191077868541156,0.9149209714829856,1.0275023416916123,0.5805787576471106,1.2669555735684468,1.2413228891914438,0.8120295749699816
2019_14_MIA_NYJ,2019,14,2019-12-08T13:00-05:00,NYJ,MIA,False,1.0,2.3455359948281207,1.563089866309253,4.145224772255314,2.4016927083333335,2.135784104020919,4.353254893448247,4.293133624304189,4.412614314199407,3.1516671352395225,4.11759027776489,4.022984569157531
2019_14_SF_NO,2019,14,2019-12-08T13:00-05:00,NO,SF,False,-2.0,3.687650765211564,4.372007453087112,1.261039973539221,2.4016927083333335,4.6392325583740135,4.9088762647295,3.990539263473348,4.61785354800254,3.9292128155067894,4.190691928495774,3.7150289441604922
2019_14_WAS_GB,2019,14,2019-12-08T13:00-05:00,GB,WAS,False,5.0,12.048130260710131,14.742569160047243,10.784201032826708,2.4016927083333335,14.149159403295766,13.67588958046733,14.066161640525117,13.199834429059795,13.7174708280108,14.27526943865142,13.815140885335605
2019_14_LAC_JAX,2019,14,2019-12-08T16:05-05:00,JAX,LAC,False,-35.0,-4.8712562450169745,-5.213386458136231,-3.949418836989362,2.4016927083333335,-4.900370553185528,-4.930634426366227,-4.647566295131309,-4.668709051522057,-4.372872150492109,-4.375217479439334,-4.99910217671647
2019_14_KC_NE,2019,14,2019-12-08T16:25-05:00,NE,KC,False,-7.0,3.3591413451425174,2.3466657433419824,4.486523667177347,2.4016927083333335,1.8452692111626305,1.8160036172480454,1.8899613195554776,2.6057856465949287,1.7040074205675115,1.7018204739489566,1.549301863782162
2019_14_PIT_ARI,2019,14,2019-12-08T16:25-05:00,ARI,PIT,False,-6.0,-6.492972634143675,-3.196560503612484,-4.855907886259865,2.4016927083333335,-3.5666303453904877,-3.3467821515898954,-2.684167829468929,-2.738929472340738,-5.2296206479319,-2.6049763380457627,-2.974465543943737
2019_14_TEN_OAK,2019,14,2019-12-08T16:25-05:00,LV,TEN,False,-21.0,-1.7447174339823208,-1.5863658334407926,-5.059401661502527,2.4016927083333335,-0.40368803040161627,-0.3173730360108698,-0.5004421410027469,-1.0936780708698675,-1.0189030138147381,-0.7172564332468929,-0.8328428208744043
2019_14_SEA_LA,2019,14,2019-12-08T20:20-05:00,LAR,SEA,False,16.0,0.2326013259382993,0.8573844969848028,2.94718346098142,2.4016927083333335,0.5704258967421416,0.31345675044055366,0.24386247959226398,1.2223006944374204,0.9903228570016507,0.10910031892414296,0.04297667339746569
2019_14_NYG_PHI,2019,14,2019-12-09T20:15-05:00,PHI,NYG,False,6.0,9.170110729400813,9.403931186481339,9.084410748555701,2.4016927083333335,9.37903399054282,8.841814606784526,8.760108459669286,8.754420463876118,8.610866456538654,8.67101793840604,8.450176323991435
2019_15_NYJ_BAL,2019,15,2019-12-12T20:20-05:00,BAL,NYJ,False,21.0,18.097467738479246,16.331690031022045,17.67519424816438,2.4016927083333335,15.691419375273512,16.031473959573546,16.188688757841813,16.11912904478062,16.769108993342414,16.283455518910536,15.804360416930182
2019_15_CHI_GB,2019,15,2019-12-15T13:00-05:00,GB,CHI,False,8.0,4.060842089177729,5.08428557368549,2.7934566460674204,2.4016927083333335,4.7282023334696035,3.9071014507341006,4.597442551155433,3.887387402559117,4.429374692966636,4.528147800056508,4.234253357034281
2019_15_DEN_KC,2019,15,2019-12-15T13:00-05:00,KC,DEN,False,20.0,10.856269305084005,12.69270781252541,9.095968114628706,2.4016927083333335,12.620996313826668,12.715021532838184,11.622900347743597,11.252884737188307,10.493132066933374,11.764383747126606,11.305234095941795
2019_15_HOU_TEN,2019,15,2019-12-15T13:00-05:00,TEN,HOU,False,-3.0,1.6734233076914404,0.21586413293032258,4.273421902541625,2.4016927083333335,-0.15092957251724393,0.09393598171462125,0.8314436621381582,1.0056962330437402,1.9108337739199914,0.7916688868615411,0.4698742209893789
2019_15_MIA_NYG,2019,15,2019-12-15T13:00-05:00,NYG,MIA,False,16.0,1.8359356994017257,1.9337609594367309,3.3752016748468323,2.4016927083333335,2.33863051404456,3.81460347903334,3.4072458907649326,4.351753250185667,2.157778801907316,3.3124939415073857,3.146940563255665
2019_15_NE_CIN,2019,15,2019-12-15T13:00-05:00,CIN,NE,False,-21.0,-10.090112498238064,-9.644558713740421,-10.005894792340381,2.4016927083333335,-9.353238134240158,-8.769419122117762,-8.916326299409663,-9.944487253187503,-9.63334893237159,-9.08135516259992,-9.255814854476036
2019_15_PHI_WAS,2019,15,2019-12-15T13:00-05:00,WAS,PHI,False,-10.0,-3.679459414901096,-6.788244002386732,-3.2311802800765266,2.4016927083333335,-6.828156600693244,-6.123310441487488,-5.688217331305897,-5.714150088977613,-4.987474863985695,-5.7481747490143436,-6.098800622349954
2019_15_SEA_CAR,2019,15,2019-12-15T13:00-05:00,CAR,SEA,False,-6.0,-5.3499338524505955,-6.215341324341341,-2.998554498677928,2.4016927083333335,-6.018697318173073,-5.453386438209376,-6.029048822571377,-5.65084039552421,-5.221855762647122,-6.188847345411661,-6.345220062736857
2019_15_TB_DET,2019,15,2019-12-15T13:00-05:00,DET,TB,False,-21.0,1.0542742756777719,-0.2113693297380241,-0.17556547038874148,2.4016927083333335,0.06628020654883893,0.08949903205822485,-0.3460754065644567,0.03942778587893825,0.38900091025930905,-0.5937048189368773,-0.7243191611598748
2019_15_CLE_ARI,2019,15,2019-12-15T16:05-05:00,ARI,CLE,False,14.0,-3.0118497035682155,-2.2847198442224492,-3.594714715448352,2.4016927083333335,-2.0128721291038576,-2.185305348624303,-1.4080827638849795,-1.0356710327975795,-2.7587351947766416,-1.5458992046484945,-1.734263175172396
2019_15_JAX_OAK,2019,15,2019-12-15T16:05-05:00,LV,JAX,False,-4.0,4.293244137298336,4.104492805430977,2.779539793611364,2.4016927083333335,4.631711845494116,4.621605830453193,5.012679723238048,4.508644855922881,4.58677232041243,4.833322924347909,4.6894310146173455
2019_15_MIN_LAC,2019,15,2019-12-15T16:05-05:00,LAC,MIN,False,-29.0,0.827564721813528,1.6869913186943994,0.20551509595089223,2.4016927083333335,1.168117285134529,1.2706037103536163,0.8637343061249875,1.1745655360679943,0.812867644225605,0.6117249822984006,0.5314057648783307
2019_15_ATL_SF,2019,15,2019-12-15T16:25-05:00,SF,ATL,False,-7.0,7.756900541602722,5.392402834694152,10.069234793804,2.4016927083333335,5.366361333996663,5.843176409300197,6.1839413307408595,6.377937761715453,7.433233838940429,5.905909163209469,5.781068967679082
2019_15_LA_DAL,2019,15,2019-12-15T16:25-05:00,DAL,LAR,False,23.0,1.668900322178775,1.4273220734655774,0.163712974424568,2.4016927083333335,1.480226620582994,2.015741914066641,1.5704921398212472,1.5035024722373407,1.8436724998758756,1.847185765193371,1.182527304953
2019_15_BUF_PIT,2019,15,2019-12-15T20:20-05:00,PIT,BUF,False,-7.0,3.291911521724889,2.4672962526783233,1.7894033909920002,2.4016927083333335,2.82440353777843,3.495480314438119,3.1305253309833274,2.974083342656701,3.715024233350342,2.89801823096466,2.8075536300939237
2019_15_IND_NO,2019,15,2019-12-16T20:15-05:00,NO,IND,False,27.0,7.534310823400303,7.15964399277189,6.561561807278051,2.4016927083333335,6.9587591117768985,6.108187480085295,6.072266132581961,6.344151576269461,7.369830048240353,6.294266946709687,5.863365868950096
2019_16_HOU_TB,2019,16,2019-12-21T13:00-05:00,TB,HOU,False,-3.0,-0.8465780932025848,-1.696886763726325,1.8566837736139963,2.4016927083333335,-2.590773613976221,-1.700148667724986,-0.9153054722235745,-1.122049492504128,0.670946800509796,-0.7358298036515911,-1.2366256642839675
2019_16_BUF_NE,2019,16,2019-12-21T16:30-05:00,NE,BUF,False,7.0,7.769486967244859,8.861607493523868,7.277110231076801,2.4016927083333335,8.029294207533644,8.087221632441038,7.842726809961913,8.230482143726537,8.39466722268882,7.781079613785358,7.49127618819965
2019_16_LA_SF,2019,16,2019-12-21T20:15-05:00,SF,LAR,False,3.0,5.062999257757703,3.2980624178034397,3.882793590898207,2.4016927083333335,3.1086436225100704,3.0915291708927106,3.5761690589799655,2.934131725721053,4.5392744510628855,3.596435146360794,3.154150193361896
2019_16_BAL_CLE,2019,16,2019-12-22T13:00-05:00,CLE,BAL,False,-16.0,-9.8326358232929,-9.045459798935859,-8.260279668524554,2.4016927083333335,-9.512411366842183,-9.527910099237172,-9.631974411636637,-9.685896530386373,-10.320929986444865,-9.660292525082532,-9.89420299139513
2019_16_CAR_IND,2019,16,2019-12-22T13:00-05:00,IND,CAR,False,32.0,5.376383654212065,7.469594364630787,4.502077223775085,2.4016927083333335,8.142614364380393,7.462224457159451,8.781756930891703,9.227350225263626,5.350307488712873,8.772747622963033,8.417861413704799
2019_16_CIN_MIA,2019,16,2019-12-22T13:00-05:00,MIA,CIN,False,3.0,2.9491466769560826,2.2011360811539737,0.9711119457179649,2.4016927083333335,2.557932792809555,1.4636966201059938,2.062101626831831,1.7302753995001605,3.1640526006806224,2.196547694685205,1.7400410926080814
2019_16_JAX_ATL,2019,16,2019-12-22T13:00-05:00,ATL,JAX,False,12.0,9.631176449784038,10.453771960930775,8.629978895575311,2.4016927083333335,10.05306837692552,10.309741170684433,10.136237564470676,9.362721402219917,9.980206282712816,10.345059300552098,9.905442993699552
2019_16_NO_TEN,2019,16,2019-12-22T13:00-05:00,TEN,NO,False,-10.0,-0.2888890717718442,-0.26204682505308086,-0.5148459786753126,2.4016927083333335,-0.47783518191261265,-1.3761837177444436,-2.3499641211277256,-2.7758477213093316,-3.2170955851468337,-2.552717730161184,-2.7517846225321616
2019_16_NYG_WAS,2019,16,2019-12-22T13:00-05:00,WAS,NYG,False,-6.0,1.4268091830022742,1.0124784879900144,1.4360475028150708,2.4016927083333335,1.3077229097837604,2.064498529865178,2.0102733469871543,1.993590871469685,1.9429603593341096,1.673680369998158,1.6395298619086922
2019_16_PIT_NYJ,2019,16,2019-12-22T13:00-05:00,NYJ,PIT,False,6.0,-5.885663310678668,-3.5977660884041263,-4.506840779621928,2.4016927083333335,-3.8290010631056917,-2.5325338517000002,-2.315361692689539,-3.1158569889897683,-3.324942111149522,-2.2985762604627413,-2.610644069935809
2019_16_DET_DEN,2019,16,2019-12-22T16:05-05:00,DEN,DET,False,10.0,5.304152246935561,6.017236114112363,5.770716193253116,2.4016927083333335,6.401036531796486,6.071355577864413,6.3370096080471825,6.220827266499059,6.933628221552768,6.37704555811715,6.073235966047976
2019_16_OAK_LAC,2019,16,2019-12-22T16:05-05:00,LAC,LV,False,-7.0,9.437432250381056,9.693351296814399,10.67834452789885,2.4016927083333335,8.853259271239992,8.268593708667026,7.855740457545279,8.295764588362086,8.11391014391723,7.730831249605916,7.533613055506478
2019_16_ARI_SEA,2019,16,2019-12-22T16:25-05:00,SEA,ARI,False,-14.0,11.389389429361142,10.010746737533575,9.983509072545116,2.4016927083333335,10.31352847890618,11.080823429816803,10.617149220824652,10.439695258315934,11.307986131370257,10.678354299903317,10.213238357484904
2019_16_DAL_PHI,2019,16,2019-12-22T16:25-05:00,PHI,DAL,False,8.0,-1.102832384378292,-0.2571918942972688,-1.2048158454047107,2.4016927083333335,0.033684896334846615,0.1441960014427558,0.2490490355472219,0.16821753319025845,-0.8151486222057673,0.003721506213406167,-0.029173093561285945
2019_16_KC_CHI,2019,16,2019-12-22T20:20-05:00,CHI,KC,False,-23.0,-3.887240596331866,-4.73535886191927,-3.968344125779515,2.4016927083333335,-4.961416173485549,-5.10832733622268,-5.9457611940390205,-5.143336192621364,-6.979877160758595,-5.988960022139876,-6.22582529026545
2019_16_GB_MIN,2019,16,2019-12-23T20:15-05:00,MIN,GB,False,-13.0,7.392508578635978,4.533999009073131,6.952286377710399,2.4016927083333335,5.847843261309208,6.658950084983609,5.894189892482034,5.3598491911101664,6.574596778931564,5.648353968379679,5.535330836334376
2019_17_ATL_TB,2019,17,2019-12-29T13:00-05:00,TB,ATL,False,-6.0,-0.8321429561364875,-1.61928050738637,3.60335247370244,2.4016927083333335,-2.1298899885560707,-0.846034502502127,-0.26921519995654253,-0.042076439846102986,0.7119134702923939,-0.19124524468385284,-0.6227692156635001
2019_17_CHI_MIN,2019,17,2019-12-29T13:00-05:00,MIN,CHI,False,-2.0,8.902370325878637,4.177360646552064,7.957677239105962,2.4016927083333335,4.594347334828606,4.839346016345079,5.086474111919665,3.961224692333367,8.052692579121555,5.029690926451438,4.715993872626705
2019_17_CLE_CIN,2019,17,2019-12-29T13:00-05:00,CIN,CLE,False,10.0,-2.101010366047322,-1.6882203840832082,-2.3273754667594595,2.4016927083333335,-2.0808468849996116,-1.7236578738137514,-1.8736208828838594,-2.014524531037906,-1.7960508458556652,-1.9655515424761063,-2.2363767545465087
2019_17_GB_DET,2019,17,2019-12-29T13:00-05:00,DET,GB,False,-3.0,-4.7805557928375,-8.024555505577773,-5.422000877899605,2.4016927083333335,-7.883561376399823,-7.29675243061112,-8.082255360479204,-7.578783948622284,-6.803357387980234,-8.261151569710007,-8.483385785648121
2019_17_LAC_KC,2019,17,2019-12-29T13:00-05:00,KC,LAC,False,10.0,11.209318344574305,11.780115552834399,11.489354533119867,2.4016927083333335,11.659959096524831,11.154017161138295,11.47233152374628,10.673665487044799,12.675724378501918,12.039417053587034,11.222292894583319
2019_17_MIA_NE,2019,17,2019-12-29T13:00-05:00,NE,MIA,False,-3.0,16.843916422272734,16.17895393747063,18.010948756369448,2.4016927083333335,15.651294005729776,15.41658947574002,15.330867452757825,16.39653627699489,15.264978761192307,15.291143391015341,15.014658366909543
2019_17_NO_CAR,2019,17,2019-12-29T13:00-05:00,CAR,NO,False,-32.0,-10.416326540850775,-10.872321800511148,-8.775025582652486,2.4016927083333335,-10.750399762173785,-9.004745904281238,-10.411324080029932,-10.80572236381117,-10.281257692811522,-10.753137732726408,-10.811417968008621
2019_17_NYJ_BUF,2019,17,2019-12-29T13:00-05:00,BUF,NYJ,False,-7.0,11.455581542251345,7.6997741291134885,10.768618106137843,2.4016927083333335,8.781555710298605,7.481723503065394,7.340349537972311,7.818555258839833,10.339751196356959,7.363649279915552,6.976358225920295
2019_17_ARI_LA,2019,17,2019-12-29T16:25-05:00,LAR,ARI,False,7.0,7.773745431632058,8.34880609929336,9.229716121097534,2.4016927083333335,8.5302181931937,8.922577038787997,8.171290150898505,8.90693047490698,7.882555843533652,8.148986604513674,7.890646056180338
2019_17_IND_JAX,2019,17,2019-12-29T16:25-05:00,JAX,IND,False,18.0,-4.785870276799605,-5.368032037371314,-4.382094832906151,2.4016927083333335,-5.49468769949753,-5.034158465404925,-5.33930392307704,-5.486374102886396,-4.776382796872131,-5.3614082086279655,-5.632464816525994
2019_17_OAK_DEN,2019,17,2019-12-29T16:25-05:00,DEN,LV,False,1.0,5.670695827979914,5.3058536553655555,7.674196579338969,2.4016927083333335,4.5429447662300255,4.07745501339059,4.143182628618487,4.239514486830095,5.7808521987763095,4.235650193484048,3.848874899818126
2019_17_PHI_NYG,2019,17,2019-12-29T16:25-05:00,NYG,PHI,False,-17.0,-3.850888790869062,-6.204425564200967,-3.3152083665743417,2.4016927083333335,-6.4893007212405855,-5.82406501294407,-5.395010470486155,-5.432106050474646,-4.634238851424536,-5.174311056886786,-5.768534873831987
2019_17_PIT_BAL,2019,17,2019-12-29T16:25-05:00,BAL,PIT,False,18.0,12.670877443115751,13.221870562018932,12.535566414650097,2.4016927083333335,11.488564452537318,12.28954524228855,12.478020502483549,11.489338862072199,12.79553160297019,12.451340432460643,12.205845548271729
2019_17_TEN_HOU,2019,17,2019-12-29T16:25-05:00,HOU,TEN,False,-21.0,2.644000067483123,1.8167483819954198,2.89322921746002,2.4016927083333335,0.06218850758331973,1.2619922772745027,0.6684464236150018,0.18221193375205208,2.760719670808742,0.6369548664345047,0.35416403833940047
2019_17_WAS_DAL,2019,17,2019-12-29T16:25-05:00,DAL,WAS,False,31.0,12.66465683570426,13.3618576291717,12.818661457775535,2.4016927083333335,12.60413139807679,12.430771155000864,11.928738364978052,11.909635753470745,11.359434516926628,12.116965308800488,11.690681590861779
2019_17_SF_SEA,2019,17,2019-12-29T20:20-05:00,SEA,SF,False,-5.0,0.6965165271958976,1.6753749234782478,-0.9965816008158934,2.4016927083333335,2.2842121863281157,3.7892104043709027,3.073583217405311,2.856860293325996,1.5103239381308198,3.1542030922503983,2.7557051278998483
2020_01_HOU_KC,2020,1,2020-09-10T20:20-04:00,KC,HOU,False,14.0,9.39180952179789,9.811724844060231,6.317414355737133,2.0385044642857144,9.248468367445353,7.585960046378611,7.855699216585663,7.35646418624072,9.296886556776416,7.918524450178648,7.6600202755914
2020_01_CHI_DET,2020,1,2020-09-13T13:00-04:00,DET,CHI,False,-4.0,-1.645693040671788,0.3389009677345416,0.25552860653102094,2.0385044642857144,0.6216129072124548,-0.0945076565364964,0.6724032468790477,0.2596517858611891,0.024508649836782026,0.5575714314290512,0.4246245882147551
2020_01_CLE_BAL,2020,1,2020-09-13T13:00-04:00,BAL,CLE,False,32.0,14.627580493312223,15.045974928280796,9.127811698577037,2.0385044642857144,15.08585547074593,14.616646634429499,12.738948910207316,12.667626780242347,13.107576236893587,12.703769466056762,12.496073982354769
2020_01_GB_MIN,2020,1,2020-09-13T13:00-04:00,MIN,GB,False,-9.0,1.4691465887412942,-1.0833740747235447,2.947133846981681,2.0385044642857144,0.6971922456290525,1.238012365748658,1.3291523644556849,1.7153724568218238,1.542889063078197,1.1702645079506206,1.0414674846285157
2020_01_IND_JAX,2020,1,2020-09-13T13:00-04:00,JAX,IND,False,7.0,-4.993462563691502,-5.957404621383486,0.5589525835469247,2.0385044642857144,-6.089611211823358,-3.248393874025943,-3.1895219122131113,-3.9090505652026946,-2.612860589659074,-2.960338954493996,-3.40572763331889
2020_01_LV_CAR,2020,1,2020-09-13T13:00-04:00,CAR,LV,False,-4.0,1.0854451489161754,2.635312743837408,2.019108309343359,2.0385044642857144,1.6219596428892515,-1.7501651069050561,-1.7348343230052583,-1.1873493766581087,-1.5552578809050717,-1.7557245539104385,-1.9422706619791104
2020_01_MIA_NE,2020,1,2020-09-13T13:00-04:00,NE,MIA,False,10.0,8.681741524959094,10.118913749684975,8.755474378184724,2.0385044642857144,9.263325411952883,11.065583047940184,8.44056434868943,10.18278350317236,7.189898680633894,8.383906958729796,8.280045832601399
2020_01_NYJ_BUF,2020,1,2020-09-13T13:00-04:00,BUF,NYJ,False,10.0,3.571426659768664,3.4593792442954,5.3016626951085835,2.0385044642857144,3.4004110797323683,4.852596730640224,4.363495879926983,5.433925373487238,4.410576856218421,4.482616204987805,4.111462669576303
2020_01_PHI_WAS,2020,1,2020-09-13T13:00-04:00,WAS,PHI,False,10.0,-3.7777398228385666,-5.872963524523669,-2.6922638761776456,2.0385044642857144,-5.271051390909808,-7.649301739580353,-6.865419763476805,-6.893446501313536,-6.467338036356066,-6.902953169212944,-7.124095311607334
2020_01_SEA_ATL,2020,1,2020-09-13T13:00-04:00,ATL,SEA,False,-13.0,-0.38993261009611513,-0.034864799559018333,2.4136004718491004,2.0385044642857144,-0.39620110749879056,2.002895976616517,0.9647630427023073,0.7896761860655277,1.517596962149252,1.0937395430092813,0.7799542988322545
2020_01_LAC_CIN,2020,1,2020-09-13T16:05-04:00,CIN,LAC,False,-3.0,-3.660018112124315,-5.827594207139072,-0.3310223243559043,2.0385044642857144,-5.227421129265414,-4.410462845873025,-2.6845984630092743,-3.5728585463725997,-0.13776359237398683,-2.6850259222865103,-2.923794518072107
2020_01_ARI_SF,2020,1,2020-09-13T16:25-04:00,SF,ARI,False,-4.0,7.6324171006240045,5.549658693670045,6.55655917210875,2.0385044642857144,5.102207487276527,7.052193178686719,5.237396404991371,5.673873701762915,7.369566232006536,5.219404780900245,4.961631807894404
2020_01_TB_NO,2020,1,2020-09-13T16:25-04:00,NO,TB,False,11.0,7.667963436999557,5.530396706116574,6.31823004618489,2.0385044642857144,6.752507126043119,9.180791895247623,9.006837344183069,9.008124611464421,9.97912360482228,8.995189118523655,8.857010756051075
2020_01_DAL_LA,2020,1,2020-09-13T20:20-04:00,LAR,DAL,False,3.0,2.6169218468980366,3.0797257007529284,1.7810143167745003,2.0385044642857144,3.0286831315800855,3.4758546887368382,0.9253150577573663,0.6587059836052276,0.42571235391549056,0.7644309488078602,0.7357651347935225
2020_01_PIT_NYG,2020,1,2020-09-14T19:15-04:00,NYG,PIT,False,-10.0,-3.444068652523595,-5.337159625918878,-0.18983504392042994,2.0385044642857144,-5.070944259174855,-4.0364383231274505,-0.6423000914539012,-1.1719769922890795,-1.099548632031405,-0.6327581604887036,-0.896266782955872
2020_01_TEN_DEN,2020,1,2020-09-14T22:10-04:00,DEN,TEN,False,-2.0,-0.37446322972274526,-0.16928951028374328,0.14872198648646728,2.0385044642857144,-0.5259518809366228,-2.4992929246083677,-0.50078469629627,-0.5666741473590892,0.6031712465633454,-0.5684212248439275,-0.6749680255029628
2020_02_CIN_CLE,2020,2,2020-09-17T20:20-04:00,CLE,CIN,False,5.0,0.8399213699877128,0.5814174231205249,2.689307899046078,2.0385044642857144,0.49341165209532745,0.9466454747326017,1.6886640743695605,2.7292224236376104,1.3379278227264586,1.7565501709249491,1.4034056494462086
2020_02_ATL_DAL,2020,2,2020-09-20T13:00-04:00,DAL,ATL,False,1.0,3.6771159141465186,3.576213698658088,5.559598680227625,2.0385044642857144,3.6198502901266805,3.670818316908986,5.506419214376237,5.872497627362563,6.173214486996219,5.515439661263983,5.191997861903345
2020_02_BUF_MIA,2020,2,2020-09-20T13:00-04:00,MIA,BUF,False,-3.0,-2.5542581088938037,-2.3549771994500626,-1.9170940704999158,2.0385044642857144,-3.015058419878378,-2.652495682822383,-2.4924959903676824,-3.7370168373262427,-1.3409361606317585,-2.4812181122444805,-2.731117104534838
2020_02_CAR_TB,2020,2,2020-09-20T13:00-04:00,TB,CAR,False,14.0,6.030706117210334,7.0785518583366285,5.919583121805971,2.0385044642857144,5.427140236696056,5.055563075667107,4.498875766142053,4.994175570741708,4.901641233260858,4.753504438193207,4.209649846142811
2020_02_DEN_PIT,2020,2,2020-09-20T13:00-04:00,PIT,DEN,False,5.0,3.2836266871984767,4.3758209718821135,3.7375560434647968,2.0385044642857144,4.139317527785886,4.045501960906707,3.3537860823250387,4.050783388104431,3.563151500857277,3.479915050463953,3.1298325387257755
2020_02_DET_GB,2020,2,2020-09-20T13:00-04:00,GB,DET,False,21.0,8.644151365233474,8.069745332762675,7.494550057120785,2.0385044642857144,7.181189139345621,6.5695545492440415,7.175393792831797,6.907469091166138,7.687850523201566,7.318009533006867,6.953780011686463
2020_02_JAX_TEN,2020,2,2020-09-20T13:00-04:00,TEN,JAX,False,3.0,5.473508978801756,5.296041060483816,6.536787647707273,2.0385044642857144,5.5403455801934385,7.140800376350257,6.733495952416076,6.586542953404113,6.697790747226665,6.795393063167098,6.518980365225165
2020_02_LA_PHI,2020,2,2020-09-20T13:00-04:00,PHI,LAR,False,-18.0,-0.3768230030844345,-0.10499625666168,0.8449747228933062,2.0385044642857144,-0.07279414458885713,-0.3007338344459633,0.19951425782148624,0.5654292641731602,-0.10254619612958193,0.2051735955163857,-0.05895361992700332
2020_02_MIN_IND,2020,2,2020-09-20T13:00-04:00,IND,MIN,False,17.0,0.7897996935325765,1.4866084531401975,0.23153261469859965,2.0385044642857144,0.9996116927665937,1.1593146264122112,1.5210749153202818,1.7165782553341802,1.2800139200754737,1.3356510230322813,1.289975218670097
2020_02_NYG_CHI,2020,2,2020-09-20T13:00-04:00,CHI,NYG,False,4.0,9.015568709530204,9.601704595881827,6.537146954326731,2.0385044642857144,9.509534244148576,8.988434714158707,8.020095349713168,8.133733513266922,7.870365287994401,7.927649464203557,7.79028845855149
2020_02_SF_NYJ,2020,2,2020-09-20T13:00-04:00,NYJ,SF,False,-18.0,-3.929610784937051,-3.6030945580126192,-1.6195411455346518,2.0385044642857144,-2.8691103316773914,-2.087385349571074,-1.8240033119146473,-2.7143396048009194,-2.7525627858081028,-1.8009709220212287,-2.017982713646009
2020_02_WAS_ARI,2020,2,2020-09-20T16:05-04:00,ARI,WAS,False,15.0,5.553177583641691,7.499049294205616,4.946138232057485,2.0385044642857144,6.945463107962112,7.947261285198817,6.701236356911009,6.583350868929619,5.744296783091005,6.759193385531752,6.443356005839441
2020_02_BAL_HOU,2020,2,2020-09-20T16:25-04:00,HOU,BAL,False,-17.0,-6.21401096202564,-5.524662577764815,-4.296556550074808,2.0385044642857144,-5.58596040104995,-5.50029307416694,-5.962952408925401,-6.130839422645373,-7.0905896888780395,-6.021202588011896,-6.191156827848667
2020_02_KC_LAC,2020,2,2020-09-20T16:25-04:00,LAC,KC,False,-3.0,-5.2716036333798275,-8.000027000592224,-2.2589962742223513,2.0385044642857144,-8.581373330902702,-7.884242798757654,-8.083000896520815,-7.840960971265142,-6.004165401585418,-8.137934372689832,-8.255043407751394
2020_02_NE_SEA,2020,2,2020-09-20T20:20-04:00,SEA,NE,False,5.0,0.9178008699232094,-0.07439699515204223,0.987283496685341,2.0385044642857144,0.6803840224252098,0.8304591356114241,1.0586970999495953,0.4446482318859579,0.9657415867655357,0.9988517244906983,0.7822592622391746
2020_02_NO_LV,2020,2,2020-09-21T20:15-04:00,LV,NO,False,10.0,-4.847179441133316,-5.499925712136193,-4.0563207240049834,2.0385044642857144,-4.036451802880701,-3.4880753410100542,-3.3936632505186095,-4.3068086116236115,-4.692357555973208,-3.658611985562413,-3.720916698705948
2020_03_MIA_JAX,2020,3,2020-09-24T20:20-04:00,JAX,MIA,False,-18.0,3.7704330505392605,3.342810897885698,4.088705980743958,2.0385044642857144,3.9027339054874344,4.518428965816797,4.042200693236933,4.576716930596215,3.432461489081248,3.894974836342817,3.7815171749886285
2020_03_CHI_ATL,2020,3,2020-09-27T13:00-04:00,ATL,CHI,False,-4.0,1.3132711312022982,1.8640658294189412,1.8444795326723291,2.0385044642857144,1.6481372327939705,2.3411465883130984,2.287819242837096,1.7005518038394922,2.2369623732730943,2.3504715809341423,2.062400635803079
2020_03_CIN_PHI,2020,3,2020-09-27T13:00-04:00,PHI,CIN,False,0.0,4.004698516782852,4.614790802100146,4.441641395911711,2.0385044642857144,4.301842987116448,4.670952140527753,4.119174949771237,5.286883320313216,3.7223125356705182,4.089227832921336,3.8684012904282095
2020_03_HOU_PIT,2020,3,2020-09-27T13:00-04:00,PIT,HOU,False,7.0,3.638141973907964,3.073335270267627,4.152144751039014,2.0385044642857144,2.8213130303975174,2.097653849518813,2.1535988770276466,2.32188958132637,4.034160966417228,2.169204334498356,1.95465181769666
2020_03_LA_BUF,2020,3,2020-09-27T13:00-04:00,BUF,LAR,False,3.0,-1.4619771966658928,-2.59533954786585,0.5304809422953831,2.0385044642857144,-1.9723441226692973,-1.205794211408938,-1.1775960091897575,-0.7204286650714316,-1.2129409986221866,-1.0758969430574328,-1.4276621740003734
2020_03_LV_NE,2020,3,2020-09-27T13:00-04:00,NE,LV,False,16.0,5.841540845773922,7.677651016103342,6.455491404765691,2.0385044642857144,6.014045875207845,6.2927193318194385,5.596933050985254,6.670046275718402,5.391546934863266,5.841291794927602,5.442046375195418
2020_03_SF_NYG,2020,3,2020-09-27T13:00-04:00,NYG,SF,False,-27.0,-4.0192606555493136,-2.619942642044439,-3.88684376289606,2.0385044642857144,-2.1825697066669236,-3.3874252339493096,-3.2288496376428775,-3.218591497220495,-5.1374411163278095,-3.0427718204855743,-3.408104013931789
2020_03_TEN_MIN,2020,3,2020-09-27T13:00-04:00,MIN,TEN,False,-1.0,-1.4640534086128305,-1.0298863698169811,0.714194061259682,2.0385044642857144,-1.2751501842821211,-0.8998003599840927,-1.2830448804933843,-0.023133228458592114,-1.305732177748932,-1.3580369590984676,-1.5508243639327737
2020_03_WAS_CLE,2020,3,2020-09-27T13:00-04:00,CLE,WAS,False,14.0,4.523365913231009,5.615927552041365,3.723361141407144,2.0385044642857144,4.983572849822156,5.459855017358072,5.067616454859882,5.380599931306518,5.568543314224373,5.204311046560105,4.7720811275763335
2020_03_CAR_LAC,2020,3,2020-09-27T16:05-04:00,LAC,CAR,False,-5.0,7.317586663931414,5.966396150575288,6.751818973585724,2.0385044642857144,5.716986680274406,6.848808853862394,6.07203255197892,6.186462940362228,7.138817193658776,6.215077308280046,5.876725671930804
2020_03_NYJ_IND,2020,3,2020-09-27T16:05-04:00,IND,NYJ,False,29.0,8.427032448741905,8.246169054692261,6.292607954763406,2.0385044642857144,8.221215047158893,7.122903305624719,7.025108031610107,8.192865261510304,7.222750759809097,6.748552741426079,6.730632937992423
2020_03_DAL_SEA,2020,3,2020-09-27T16:25-04:00,SEA,DAL,False,7.0,5.1310765368375275,4.0636745222913015,2.481764557466311,2.0385044642857144,4.535204469335605,4.683250489464986,3.0765314428969406,2.3437526093041146,2.342196719518945,2.89835710904034,2.831299195176057
2020_03_DET_ARI,2020,3,2020-09-27T16:25-04:00,ARI,DET,False,-3.0,4.427176990696742,3.2925298037040602,5.988122182526756,2.0385044642857144,3.3617837780848836,4.943001252285056,4.710357019764533,4.131423525122915,4.4757714303148335,4.761886941559444,4.442657133408662
2020_03_TB_DEN,2020,3,2020-09-27T16:25-04:00,DEN,TB,False,-18.0,2.4685692257659886,0.14432241973504834,1.237406526679306,2.0385044642857144,1.645896507443637,0.8625073909156744,1.4927800290975333,1.445296270086866,1.2423651362631642,1.4851317950288005,1.3710203312786982
2020_03_GB_NO,2020,3,2020-09-27T20:20-04:00,NO,GB,False,-7.0,4.140746906010516,2.571383708063282,2.2901490668255287,2.0385044642857144,3.0044318016375473,2.812158259583922,1.9225429640106324,2.5527000430918823,3.2453447232432424,1.9253275375665522,1.7050182577095137
2020_03_KC_BAL,2020,3,2020-09-28T20:15-04:00,BAL,KC,False,-14.0,3.631549025055235,2.209306429180001,5.223937327009311,2.0385044642857144,3.0769964595100014,3.5630080967726783,3.7911987910312854,4.730065772803661,3.6423742213519925,3.691580147065838,3.47499351923872
2020_04_DEN_NYJ,2020,4,2020-10-01T20:20-04:00,NYJ,DEN,False,-9.0,0.4697847592821669,2.091026075546937,-0.3857951468603691,2.0385044642857144,2.350602646093185,1.8335593776301458,1.564488364804029,0.6699453297505649,-1.2117696853677218,1.510412786319939,1.3417654781839272
2020_04_ARI_CAR,2020,4,2020-10-04T13:00-04:00,CAR,ARI,False,10.0,-0.010647617165882695,-0.6407664446042618,-0.11399585306743187,2.0385044642857144,-0.5161183612180036,-1.9428346305288464,-0.7415350349092276,-0.7589324986237451,0.5103183229223791,-0.8999257042746147,-1.0295699797252316
2020_04_BAL_WAS,2020,4,2020-10-04T13:00-04:00,WAS,BAL,False,-14.0,-13.357141542470217,-14.358999929947352,-8.459581806025792,2.0385044642857144,-13.865397903530994,-13.245688004034037,-12.35220005034233,-13.45184954133432,-13.159838220846778,-12.504506922058084,-12.555441809695647
2020_04_CLE_DAL,2020,4,2020-10-04T13:00-04:00,DAL,CLE,False,-11.0,5.002221705738872,5.523295552015652,6.058680420186349,2.0385044642857144,5.287499633836381,5.170305964494941,5.593569456705925,6.569020788464094,6.025025667032746,5.701186117867897,5.370636025544211
2020_04_JAX_CIN,2020,4,2020-10-04T13:00-04:00,CIN,JAX,False,8.0,1.104052999734522,2.8461488240031674,2.8700532601265656,2.0385044642857144,2.5064980845185056,2.622930384451628,2.998268142986748,2.509491091657118,2.073411798882881,3.031940560232274,2.887929713839134
2020_04_LAC_TB,2020,4,2020-10-04T13:00-04:00,TB,LAC,False,7.0,3.864638847964679,5.600011646011951,5.20401859246923,2.0385044642857144,4.357799252182601,3.6486914835792206,4.299953510818344,3.9512166699553255,4.00745082473545,4.287808519708507,4.009606725830597
2020_04_MIN_HOU,2020,4,2020-10-04T13:00-04:00,HOU,MIN,False,-8.0,1.2890095639503758,2.3051749234494014,1.472548700920186,2.0385044642857144,1.7120369040314622,1.9509227627226617,1.8019338135152325,1.6251296170185867,1.078947612854246,1.8726551221030652,1.614178494491373
2020_04_NO_DET,2020,4,2020-10-04T13:00-04:00,DET,NO,False,-6.0,-5.0301627400850855,-3.108512207183109,-2.939646271676774,2.0385044642857144,-2.9653049717705056,-3.7223538873071598,-4.013397998034366,-4.4552419058740655,-5.644974106656603,-4.17693442151522,-4.2871289419463645
2020_04_SEA_MIA,2020,4,2020-10-04T13:00-04:00,MIA,SEA,False,-8.0,-1.386061913311704,-1.6594535523335359,-1.6504760587934886,2.0385044642857144,-1.9745852681261928,-3.4885431294410196,-3.3375093177753983,-4.4925280880224285,-1.7103796079533706,-3.2372173635757955,-3.563890270535377
2020_04_NYG_LA,2020,4,2020-10-04T16:05-04:00,LAR,NYG,False,8.0,12.495077266944566,13.84250033113685,10.41070456720808,2.0385044642857144,13.859436270338758,13.635429662751699,12.612362731542522,12.274513892816564,12.800238357281135,12.498902628717412,12.390566628542595
2020_04_BUF_LV,2020,4,2020-10-04T16:25-04:00,LV,BUF,False,-7.0,0.05369307160240577,-0.4468557318704962,-0.7136560102401166,2.0385044642857144,0.273666523732978,0.6968185036349529,0.7166167214860433,-0.08012055231208404,0.84539799635496,0.45863086700869227,0.4494304669810981
2020_04_IND_CHI,2020,4,2020-10-04T16:25-04:00,CHI,IND,False,-8.0,-0.7332488720162867,-2.034189465976794,1.492069132173134,2.0385044642857144,-2.594135704958417,-2.6882099871124097,-2.827256655241592,-2.6812951164987022,-1.137198280022329,-2.547333364305916,-3.0388261095007065
2020_04_PHI_SF,2020,4,2020-10-04T20:20-04:00,SF,PHI,False,-5.0,9.069940775976619,4.732655378958508,8.605819856594202,2.0385044642857144,5.297269909496323,6.274312795475325,6.411321937511854,5.686602549302407,8.930597568251478,6.3389055702541395,6.102434606117442
2020_04_NE_KC,2020,4,2020-10-05T19:05-04:00,KC,NE,False,16.0,6.440413391735074,9.169347862297528,5.348418299569086,2.0385044642857144,9.495417205649556,8.811405979909367,9.002764868927239,8.253932261709705,8.431563270106759,9.227266321552126,8.871245205142898
2020_04_ATL_GB,2020,4,2020-10-05T21:00-04:00,GB,ATL,False,14.0,5.869303461920281,6.012791100109393,7.605561752252608,2.0385044642857144,5.738087293499733,6.393500642182817,7.272871762678445,7.057774179935215,7.531160075549618,7.261701583309226,7.029768329025228
2020_05_TB_CHI,2020,5,2020-10-08T20:20-04:00,CHI,TB,False,1.0,1.5759157408703754,-0.8423749525444723,0.4040736972757881,2.0385044642857144,-0.09303907687877522,-0.02848991697565184,-1.0541863052992326,-0.38398979987136883,0.2150709039084222,-1.0448977232666743,-1.2358345437393976
2020_05_ARI_NYJ,2020,5,2020-10-11T13:00-04:00,NYJ,ARI,False,-20.0,-1.8082725850645516,-3.0182812299870037,-1.842446407238711,2.0385044642857144,-2.706815527466242,-2.130716820382025,-2.2920351548006477,-2.1540682208606245,-0.7012684221685803,-2.2950550892935344,-2.5589061101075137
2020_05_CAR_ATL,2020,5,2020-10-11T13:00-04:00,ATL,CAR,False,-7.0,4.945532281217624,5.343723628427202,3.673417252981044,2.0385044642857144,4.9564723522457745,5.209578588086164,4.088701057702371,4.654145889996618,3.530701120999224,4.216893029099002,3.9303556759556626
2020_05_CIN_BAL,2020,5,2020-10-11T13:00-04:00,BAL,CIN,False,24.0,10.567289269897664,8.350404564449184,11.699046718777529,2.0385044642857144,8.062053265947846,10.067181922382508,9.6814605795708,11.123010500803492,10.498488212640584,9.73042031010977,9.348295690012128
2020_05_JAX_HOU,2020,5,2020-10-11T13:00-04:00,HOU,JAX,False,16.0,2.362760054184565,3.717902538635513,4.238752561058067,2.0385044642857144,3.074269675046394,4.103590958263153,3.5931010153634757,4.37469839795151,2.8023571176216038,3.653736824070552,3.415528359065619
2020_05_LA_WAS,2020,5,2020-10-11T13:00-04:00,WAS,LAR,False,-20.0,-8.824071747957914,-9.974346791635996,-5.431124815744456,2.0385044642857144,-9.703648983229595,-9.466613578340336,-8.52046324914155,-8.931261863350999,-8.093900252733155,-8.51898697352221,-8.771317193675069
2020_05_LV_KC,2020,5,2020-10-11T13:00-04:00,KC,LV,False,-8.0,13.010384408528369,14.635143277589439,12.005930420384232,2.0385044642857144,12.686821972644289,12.427008655608281,12.266536669736265,12.097628906959375,13.40312496952706,12.616012051296556,12.10490408258985
2020_05_PHI_PIT,2020,5,2020-10-11T13:00-04:00,PIT,PHI,False,9.0,5.429833753908521,3.611498798928721,3.977885810623651,2.0385044642857144,3.982362312249842,3.36416857553264,3.2153490891313132,3.2689136029446946,4.754265523956084,3.102708552508072,2.933185404649566
2020_05_MIA_SF,2020,5,2020-10-11T16:05-04:00,SF,MIA,False,-26.0,8.047583302640943,7.273980533487094,8.295752090335602,2.0385044642857144,7.054360685936049,7.346121402668661,7.094157771674055,8.293870148955257,6.896523766957822,6.893636062829788,6.817229801490138
2020_05_IND_CLE,2020,5,2020-10-11T16:25-04:00,CLE,IND,False,9.0,-2.6227608370293356,-2.3303101081733724,-0.556180653686865,2.0385044642857144,-2.424649404459884,-2.898518190294433,-2.0598707583246143,-2.5668897784090294,-2.2641454910543275,-1.792033935496041,-2.3192525909289667
2020_05_NYG_DAL,2020,5,2020-10-11T16:25-04:00,DAL,NYG,False,3.0,6.527767342218809,8.486850740253704,7.577641789798923,2.0385044642857144,8.182448391350322,8.52935942367666,8.918285058221985,9.540361304545488,9.454675991228319,9.027521001090522,8.696565432783746
2020_05_MIN_SEA,2020,5,2020-10-11T20:20-04:00,SEA,MIN,False,1.0,5.2742362695713005,5.572117072540097,4.735644213854616,2.0385044642857144,5.303948300444796,6.352604509889211,6.619549818645328,5.5901897224641015,5.82646476895264,6.648765929796966,6.415050489487731
2020_05_LAC_NO,2020,5,2020-10-12T20:15-04:00,NO,LAC,False,3.0,8.214321565637919,7.800533479646044,6.288917277237648,2.0385044642857144,7.90058189635895,8.009716685539926,7.95078143038333,8.075250052199312,8.333790146077233,7.922403551500146,7.716448583930098
2020_05_BUF_TEN,2020,5,2020-10-13T19:00-04:00,TEN,BUF,False,26.0,3.735908246072593,3.3211153596540566,2.4873203474048498,2.0385044642857144,3.2921920768664603,2.6971254927455233,2.977675444402845,2.324381616292054,3.3352341549437545,2.9194848039597803,2.711842485193725
2020_06_ATL_MIN,2020,6,2020-10-18T13:00-04:00,MIN,ATL,False,-17.0,3.6327555992584126,2.0660651972247726,5.435459619129843,2.0385044642857144,3.4374686170174344,2.810937775279898,2.852967707587075,3.540055680758426,3.6507068664200455,2.7186270375780035,2.5625665916478715
2020_06_BAL_PHI,2020,6,2020-10-18T13:00-04:00,PHI,BAL,False,-2.0,-8.377623749603366,-7.124780377634006,-6.087191108793428,2.0385044642857144,-7.516903133321998,-7.358151388949283,-6.9678204996175,-7.092279689427718,-7.345973459274822,-6.960812288392864,-7.175393448791924
2020_06_CHI_CAR,2020,6,2020-10-18T13:00-04:00,CAR,CHI,False,-7.0,-0.40963975881575565,0.9362132598125594,0.782524487391629,2.0385044642857144,1.6651726644405782,1.7528757208189618,2.6823270357835804,1.4643610919792285,1.6893044648934656,2.633537394601817,2.4505902306686034
2020_06_CIN_IND,2020,6,2020-10-18T13:00-04:00,IND,CIN,False,4.0,9.507163899981185,8.233443540199508,7.630230150665756,2.0385044642857144,8.002544938569374,8.30155182609314,8.13511273746309,8.613954998909751,9.391429643757949,7.951156941698664,7.856645758153903
2020_06_CLE_PIT,2020,6,2020-10-18T13:00-04:00,PIT,CLE,False,31.0,5.759186658536751,5.226400182337464,3.680724946165654,2.0385044642857144,5.216138703012481,3.9443024888500435,2.9239583430366682,3.8070898628475778,3.8273108313174555,2.8219121397528104,2.7490773611851687
2020_06_DEN_NE,2020,6,2020-10-18T13:00-04:00,NE,DEN,False,-6.0,9.056601573305253,11.379886148688414,6.8441621244001105,2.0385044642857144,11.034863586591523,10.22390965040925,9.37317166260157,9.521185646354041,7.078793791436223,9.40860104166848,9.203011650938986
2020_06_DET_JAX,2020,6,2020-10-18T13:00-04:00,JAX,DET,False,-18.0,0.1938475670708762,-2.0780317326671325,0.9730017595862686,2.0385044642857144,-1.5765165839204038,-1.2242398998579047,-0.6398643372286639,-0.7075954559560007,-0.1773990929486542,-0.6751921360178208,-0.8962151342900266
2020_06_HOU_TEN,2020,6,2020-10-18T13:00-04:00,TEN,HOU,False,6.0,9.509701222274233,7.574941487627458,6.8987339416574525,2.0385044642857144,8.60144791878834,8.662293345698282,7.435497942384712,6.102101587462969,8.466157146705608,7.445094272738064,7.224731369156885
2020_06_WAS_NYG,2020,6,2020-10-18T13:00-04:00,NYG,WAS,False,1.0,4.096217883940447,3.35686008783704,4.318014706671672,2.0385044642857144,3.090632386732113,3.8101355310141227,4.036155610698659,4.085304491174762,3.252274491290029,4.081617991932419,3.819993387410936
2020_06_NYJ_MIA,2020,6,2020-10-18T16:05-04:00,MIA,NYJ,False,24.0,8.194958031186115,7.6994037447590955,8.768303277566854,2.0385044642857144,7.936748352584074,7.765819362984703,8.311921971202429,7.270294091467823,8.90800497773552,8.327559369389856,8.076474953760808
2020_06_GB_TB,2020,6,2020-10-18T16:25-04:00,TB,GB,False,28.0,-1.6398875276689946,-1.7178917357288737,-0.21362557849823194,2.0385044642857144,-2.311840750187427,-2.5919189065213613,-2.6436850767782234,-2.706171944307571,-2.2914850095404438,-2.76600081924936,-2.96446542597846
2020_06_LA_SF,2020,6,2020-10-18T20:20-04:00,SF,LAR,False,8.0,-0.4924380244046157,-1.9444333867335324,0.5438399101648548,2.0385044642857144,-2.3462135753249447,-1.651328539490697,-1.6557600388284428,-1.3031211405463106,-1.167207161139219,-1.7479894351338163,-1.9638812889657629
2020_06_KC_BUF,2020,6,2020-10-19T17:00-04:00,BUF,KC,False,-9.0,-5.29591149008947,-6.672089953025386,-2.849322811680133,2.0385044642857144,-5.262777197501546,-4.415956318917601,-4.395328440704112,-4.437137782304925,-5.501158049892203,-4.554047781895438,-4.651459615990491
2020_06_ARI_DAL,2020,6,2020-10-19T20:15-04:00,DAL,ARI,False,-28.0,2.1593194437132457,1.3775340012384825,2.546690146202668,2.0385044642857144,0.6946155610260354,0.3346329483260575,0.9408253575448688,2.209231712418136,1.997344231425919,0.8147821423235222,0.6470418505317601
2020_07_NYG_PHI,2020,7,2020-10-22T20:20-04:00,PHI,NYG,False,1.0,4.153239953530761,6.441111405466667,6.456066290727556,2.0385044642857144,6.024325238453654,6.6973583216262185,5.7355003718096516,6.671055375739068,5.486678426671046,5.682535911214248,5.522562665254858
2020_07_BUF_NYJ,2020,7,2020-10-25T13:00-04:00,NYJ,BUF,False,-8.0,-4.600939578406112,-4.693619876096153,-5.661813726700606,2.0385044642857144,-5.657385051904069,-6.099815536058728,-6.161718313417892,-6.366300095261904,-5.840955101407038,-6.1563840476597,-6.352967721763372
2020_07_CAR_NO,2020,7,2020-10-25T13:00-04:00,NO,CAR,False,3.0,10.454226687747253,9.83626287056193,7.421229357028618,2.0385044642857144,9.623098294687125,9.545554786268173,8.636124861755972,9.735388558819135,9.46468713716755,8.750177572315936,8.432219447130496
2020_07_CLE_CIN,2020,7,2020-10-25T13:00-04:00,CIN,CLE,False,-3.0,1.4323628094569627,1.2885843213078463,0.7647906662680106,2.0385044642857144,1.4532343040970788,1.628697258101782,1.501171130969952,1.1340819765796222,0.5740089162891231,1.3840983624892957,1.3031430134041109
2020_07_DAL_WAS,2020,7,2020-10-25T13:00-04:00,WAS,DAL,False,22.0,-1.938154110374682,-2.9462516002720065,-1.9601591250003816,2.0385044642857144,-1.6368490785209753,-2.252022508180835,-2.2496400699609755,-3.430936511106676,-1.6836714328592048,-2.2083395071694807,-2.4838035466110604
2020_07_DET_ATL,2020,7,2020-10-25T13:00-04:00,ATL,DET,False,-1.0,2.347308392937609,1.116131769541806,3.4639200477231054,2.0385044642857144,0.785624672918311,1.0885030886779838,2.582838057930079,2.969058281373337,2.9162918432605935,2.6797617310096906,2.3648602939362706
2020_07_GB_HOU,2020,7,2020-10-25T13:00-04:00,HOU,GB,False,-15.0,-1.1108680792537227,-1.6372712364958832,-1.7087824809704362,2.0385044642857144,-1.0608070069733087,-2.4573016907143694,-1.8205692174059451,-1.888333520529063,-2.591099470513019,-1.9224122942933133,-2.1009072346518725
2020_07_PIT_TEN,2020,7,2020-10-25T13:00-04:00,TEN,PIT,False,-3.0,3.2691210069761105,2.625624112136021,3.0469996987983867,2.0385044642857144,3.4041333517946413,3.730197018643131,4.107698309312372,3.466576533528161,3.456089254618403,4.179915423252629,3.846785998589459
2020_07_TB_LV,2020,7,2020-10-25T16:05-04:00,LV,TB,False,-25.0,-1.4819438580940625,-3.2844468650028795,-1.8077559625480086,2.0385044642857144,-0.7182445991563173,0.04781144795530712,-0.8497347070554788,-0.4664957729219821,-1.3873135825816703,-0.9904729441033495,-1.1022265164100575
2020_07_JAX_LAC,2020,7,2020-10-25T16:25-04:00,LAC,JAX,False,10.0,7.872993433617008,7.960824058334486,7.806424221863135,2.0385044642857144,7.50622333602117,6.80913634259014,6.822776752824012,7.179793810339479,7.5148907451268965,6.853146336115767,6.621415084736328
2020_07_KC_DEN,2020,7,2020-10-25T16:25-04:00,DEN,KC,False,-27.0,-8.142523646736876,-10.54726703242477,-4.2883063088278135,2.0385044642857144,-9.990695733860154,-10.671635565968048,-10.148495478462948,-9.62953207293236,-9.481935195201828,-10.337020836367723,-10.416621315625772
2020_07_SF_NE,2020,7,2020-10-25T16:25-04:00,NE,SF,False,-27.0,1.15365856345865,3.214016377688445,1.7973249847184192,2.0385044642857144,2.955579391058169,2.1105588970016065,1.5034611977738037,2.542680089925734,0.513915589202476,1.6216468964762323,1.317689252230215
2020_07_SEA_ARI,2020,7,2020-10-25T20:20-04:00,ARI,SEA,False,3.0,-1.1246617041702252,-0.2190809963470386,1.4750448346506806,2.0385044642857144,-0.7095457198813446,-0.9116974855217834,-0.3104916952151353,-1.0959838723626545,-0.6349491169776387,-0.24584493921768757,-0.46827046392066096
2020_07_CHI_LA,2020,7,2020-10-26T20:15-04:00,LAR,CHI,False,14.0,5.056218086946586,7.114272052098595,5.251965856275154,2.0385044642857144,7.67812453423774,7.6543815027455935,7.58242634708003,7.471480686765322,6.0997382764204655,7.540974867849373,7.3774449317717234
2020_08_ATL_CAR,2020,8,2020-10-29T20:20-04:00,CAR,ATL,False,-8.0,-0.2278551266731762,-0.7504607218820076,1.51029220376812,2.0385044642857144,-0.07433947805732233,0.47450215034193,-0.083318021097392,-0.6951702530799637,0.5272447414331027,-0.2155692842605969,-0.3651118416028263
2020_08_IND_DET,2020,8,2020-11-01T13:00-05:00,DET,IND,False,-20.0,-2.449992808059134,-0.6873846446035708,-0.17226284634042965,2.0385044642857144,-0.6628274082477766,-0.4244432603406654,-0.5612005354729634,-1.415589273018459,-1.1268586519782149,-0.37183962991384845,-0.7101815583740579
2020_08_LA_MIA,2020,8,2020-11-01T13:00-05:00,MIA,LAR,False,11.0,-1.6443461007489883,-4.361298470880273,-1.206425480029989,2.0385044642857144,-5.353553423547114,-4.767474868454936,-4.38087065274231,-5.586861708944063,-1.548586426932987,-4.317020200569223,-4.663968669776699
2020_08_LV_CLE,2020,8,2020-11-01T13:00-05:00,CLE,LV,False,-10.0,1.4158897015227905,2.847721679591571,3.6311575654906996,2.0385044642857144,1.7172271286519933,1.9526415072956396,2.5815095571038875,2.406485220497924,2.62668405479328,2.744530483884411,2.372482649650883
2020_08_MIN_GB,2020,8,2020-11-01T13:00-05:00,GB,MIN,False,-6.0,6.495729310142672,8.149594152445403,7.42661547818567,2.0385044642857144,6.890333944163779,6.69815029896544,7.979652098317397,7.057928569142005,7.927256955353123,8.134517229742727,7.865970965389879
2020_08_NE_BUF,2020,8,2020-11-01T13:00-05:00,BUF,NE,False,3.0,3.6411631951920977,1.8784892101350437,2.274208083657062,2.0385044642857144,3.332970281716774,3.2994478232372546,3.881543180910298,2.4639875749317013,4.2223629775474665,3.878777712640649,3.6483918212379836
2020_08_NYJ_KC,2020,8,2020-11-01T13:00-05:00,KC,NYJ,False,26.0,19.445912354608822,20.23093122562775,18.60910208712617,2.0385044642857144,19.699775490753225,19.13683973938734,19.143365922813544,19.162123376092197,20.386054030490513,19.24767158671453,18.902457859033895
2020_08_PIT_BAL,2020,8,2020-11-01T13:00-05:00,BAL,PIT,False,-4.0,4.5302947280747095,4.757173523400064,6.595923859193939,2.0385044642857144,4.7882658206685,5.865903579139841,6.568125381135259,7.638384361163645,6.0613780763134795,6.659749870088455,6.250509503520806
2020_08_TEN_CIN,2020,8,2020-11-01T13:00-05:00,CIN,TEN,False,11.0,-7.518003282970095,-5.548727826241017,-3.7917683012562513,2.0385044642857144,-6.302712562465155,-5.346930173266336,-4.816343550582327,-4.584655912993764,-5.996425207825753,-4.878130816326353,-5.020363079188266
2020_08_LAC_DEN,2020,8,2020-11-01T16:05-05:00,DEN,LAC,False,1.0,-2.2244011883970183,-4.0884280381200995,0.8887032898738392,2.0385044642857144,-3.9117272443232762,-4.187525045043159,-4.014181003331073,-3.4825866487818713,-3.2719490645705402,-4.09879462485313,-4.307048194957195
2020_08_NO_CHI,2020,8,2020-11-01T16:25-05:00,CHI,NO,False,-3.0,-3.612964082984762,-4.653522610317592,0.13911446968628027,2.0385044642857144,-5.198969449777072,-4.646639899351191,-4.4113773118342205,-4.728558125107508,-4.097110430656638,-4.476152073264621,-4.66072340187616
2020_08_SF_SEA,2020,8,2020-11-01T16:25-05:00,SEA,SF,False,10.0,0.3529046913688826,1.0328413312887164,0.8533955994609315,2.0385044642857144,1.4234691247469622,2.3283367969282445,2.088712258476897,2.175020705055049,0.8525756693052524,2.1406073975147404,1.858934940214473
2020_08_DAL_PHI,2020,8,2020-11-01T20:20-05:00,PHI,DAL,False,14.0,4.145004391055571,6.057686213585278,4.407014694593528,2.0385044642857144,6.332234925017764,6.557041879641023,5.514585775829942,5.292279846352823,3.827985548012802,5.550203769448908,5.249157284156768
2020_08_TB_NYG,2020,8,2020-11-02T20:15-05:00,NYG,TB,False,-2.0,-7.91382777849338,-9.399205650485518,-6.749757675655342,2.0385044642857144,-8.085617786955718,-8.066797694819384,-7.468950453418014,-6.863426500486499,-8.29020478456359,-7.4434891209113685,-7.713068202646585
2020_09_GB_SF,2020,9,2020-11-05T20:20-05:00,SF,GB,False,-17.0,0.4959269094244645,-2.623359449649935,2.601915697552119,2.0385044642857144,-1.4481482887619241,0.0922760702571126,-0.19089880679626647,-0.3509920158233099,1.0328848092742415,-0.4039494815233341,-0.5219816634625163
2020_09_BAL_IND,2020,9,2020-11-08T13:00-05:00,IND,BAL,False,-14.0,1.5398460772315723,0.4533023833982974,-1.097912912471556,2.0385044642857144,0.6283738919467532,0.8063737767232516,0.7244878422288235,-0.2613010525725019,0.9474509020132,0.4798132634806884,0.5220285476434777
2020_09_CAR_KC,2020,9,2020-11-08T13:00-05:00,KC,CAR,False,2.0,15.563035075978185,15.955717976203257,13.403174510409535,2.0385044642857144,15.09725177118873,14.99581578596234,14.36393851529212,14.640350470645728,15.019156624080399,14.575152821667855,14.194126957767146
2020_09_CHI_TEN,2020,9,2020-11-08T13:00-05:00,TEN,CHI,False,7.0,5.935455375068878,6.482155575817351,4.520243514699575,2.0385044642857144,7.953292875451971,8.626571770482853,8.896428621442285,7.881982566022362,7.847798548627769,8.925724364946758,8.624135472374215
2020_09_DEN_ATL,2020,9,2020-11-08T13:00-05:00,ATL,DEN,False,7.0,4.718816493867501,6.428933842227565,4.347353515421451,2.0385044642857144,6.008106395929019,7.096353211411323,8.03102057824769,7.566851343297416,6.9743477988189255,8.191975239711564,7.871853110954564
2020_09_DET_MIN,2020,9,2020-11-08T13:00-05:00,MIN,DET,False,14.0,6.227241940139569,3.372951467040156,5.558662110662109,2.0385044642857144,4.139642297580251,3.374209028341694,3.649609643467279,4.133398244745844,4.645618111506591,3.566338819500372,3.336199738533179
2020_09_HOU_JAX,2020,9,2020-11-08T13:00-05:00,JAX,HOU,False,-2.0,-1.4727371247615717,-4.263279608166735,-1.6609967239256846,2.0385044642857144,-5.092443769909864,-4.657451703366846,-6.014449761987542,-6.1104343854191985,-1.869856866296339,-6.029927522808071,-6.243939775427384
2020_09_NYG_WAS,2020,9,2020-11-08T13:00-05:00,WAS,NYG,False,-3.0,0.8736558868923657,1.3029885092634979,1.9142507018503618,2.0385044642857144,1.7242149547985783,1.6458685075900248,1.766577215455616,1.479101750724304,2.597538317289977,1.6631285495225967,1.4961815252411963
2020_09_SEA_BUF,2020,9,2020-11-08T13:00-05:00,BUF,SEA,False,10.0,-2.0890728427147582,-2.1060216876612534,-0.4134234674001602,2.0385044642857144,-1.7104757867838385,-1.4939772396544275,-1.724545793170989,-1.5116271543094373,-1.3208930121941547,-1.6963096327624876,-1.9348741266133898
2020_09_LV_LAC,2020,9,2020-11-08T16:05-05:00,LAC,LV,False,-5.0,2.626951256163921,3.693060659364829,3.2595375401353035,2.0385044642857144,2.3602375708626098,2.005394584437167,2.1164361655044828,2.6166024787586335,2.5911718696509256,2.2489928115274203,1.9262413034317254
2020_09_MIA_ARI,2020,9,2020-11-08T16:25-05:00,ARI,MIA,False,-3.0,2.593731615882715,4.674890723943189,2.8542886408025128,2.0385044642857144,5.081201851222088,5.755605702193991,5.930245628374006,6.365464082355169,3.615652501308056,5.94319509818628,5.622760232875709
2020_09_PIT_DAL,2020,9,2020-11-08T16:25-05:00,DAL,PIT,False,-5.0,-5.861738856122236,-6.307049034454383,-5.208576437023601,2.0385044642857144,-7.239549234288476,-7.4067569176877965,-7.340098440332364,-6.638475661436622,-5.424255526805275,-7.261550907347876,-7.538895835085581
2020_09_NO_TB,2020,9,2020-11-08T20:20-05:00,TB,NO,False,-35.0,0.8795935913018396,1.349169833859506,4.62639964032623,2.0385044642857144,0.4524292111210002,1.2329642409387005,2.0426168411060237,0.9282567454729662,1.8445813783560892,1.993068622015073,1.7495021218313078
2020_09_NE_NYJ,2020,9,2020-11-09T20:15-05:00,NYJ,NE,False,-3.0,-4.756362903191593,-6.365822838386488,-6.738216533778269,2.0385044642857144,-5.9369981282384945,-6.28685182339912,-5.707346161728134,-6.818964440967331,-4.606144166021053,-5.6994026036569005,-5.962046658863712
2020_10_IND_TEN,2020,10,2020-11-12T20:20-05:00,TEN,IND,False,-17.0,1.3469568215413474,0.7837644914718005,2.480888732063737,2.0385044642857144,1.885396719616169,2.9199987078028187,2.587597749525363,2.0122587146989446,2.6719744995196697,2.820277081626654,2.335578019959665
2020_10_HOU_CLE,2020,10,2020-11-15T13:00-05:00,CLE,HOU,False,3.0,2.341558048387411,2.272871292145253,2.2676377562247363,2.0385044642857144,2.3424393414899574,1.574928120079342,1.112504019791117,0.9931567359305657,1.9018445729906204,1.1581335606913485,0.8273926596266143
2020_10_JAX_GB,2020,10,2020-11-15T13:00-05:00,GB,JAX,False,4.0,13.893041176154785,14.235432896256263,13.352034594908613,2.0385044642857144,14.001873949427265,13.65167901449295,14.264961858029869,14.144165020719495,12.84403146005821,14.228913625721141,14.056288343770234
2020_10_PHI_NYG,2020,10,2020-11-15T13:00-05:00,NYG,PHI,False,10.0,0.1683552742847263,-2.4599220540656406,-0.63232961671098,2.0385044642857144,-1.7583162447466827,-1.7153393662380358,-0.8882079807978542,-1.7150052418219726,-0.5947314071024068,-0.8697740643433891,-1.1232171201721035
2020_10_TB_CAR,2020,10,2020-11-15T13:00-05:00,CAR,TB,False,-23.0,-2.6320352798868103,-3.5102867300316536,-2.4779120060289195,2.0385044642857144,-1.860951207199542,-1.3389704959277196,-1.1430321296729917,-1.6107886206720416,-1.3654754088767238,-1.1795940906949278,-1.3718851943725525
2020_10_WAS_DET,2020,10,2020-11-15T13:00-05:00,DET,WAS,False,3.0,5.297250250511041,3.9620315532770087,3.9469290735108613,2.0385044642857144,5.633306695031807,5.803917476169599,4.80033926101008,5.029565936320744,4.4452874702466065,4.727845605859255,4.560046894745544
2020_10_BUF_ARI,2020,10,2020-11-15T16:05-05:00,ARI,BUF,False,2.0,1.0841519349135025,1.9290851990931472,2.711137838697608,2.0385044642857144,1.0326132315238117,2.620041273003088,2.9946704893238776,1.9009117829899647,2.3980728884826616,3.031762463543284,2.815873258014464
2020_10_DEN_LV,2020,10,2020-11-15T16:05-05:00,LV,DEN,False,25.0,5.326564474393136,5.773619477801585,4.153478465325472,2.0385044642857144,7.010701509974591,7.58638460403462,7.392633951718537,6.652932998443721,6.596210279301719,7.332364874350922,7.17667721280659
2020_10_LAC_MIA,2020,10,2020-11-15T16:05-05:00,MIA,LAC,False,8.0,3.7530159467449278,2.4751523136504257,5.2786953958368095,2.0385044642857144,2.192307007823069,1.9430086333591983,2.7003768709353224,1.3207223709672524,3.5309922673706997,2.68026730296385,2.4859228783292853
2020_10_CIN_PIT,2020,10,2020-11-15T16:25-05:00,PIT,CIN,False,26.0,9.157339977082273,7.872637210531064,8.82148699134618,2.0385044642857144,7.679187927418332,6.2219014055718915,5.712482888114352,6.129976848837753,7.56559030186583,5.718531542335974,5.522764942050229
2020_10_SEA_LA,2020,10,2020-11-15T16:25-05:00,LAR,SEA,False,7.0,3.973410551147243,5.164491131295118,3.3199725566906384,2.0385044642857144,4.702165701014058,3.58710652631742,3.6440915531979825,3.2892219285700115,4.224702957486865,3.587379554942497,3.4228405432988365
2020_10_SF_NO,2020,10,2020-11-15T16:25-05:00,NO,SF,False,14.0,5.231050591919255,7.4469175736699,4.682125782202386,2.0385044642857144,7.06855301886354,6.099281482853537,6.577446835599311,6.7868818335484935,6.298106619864395,6.796878762160462,6.468754337383629
2020_10_BAL_NE,2020,10,2020-11-15T20:20-05:00,NE,BAL,False,6.0,-4.007917805806684,-3.086503320659784,-4.990272217753748,2.0385044642857144,-3.517071064577981,-4.016420539413604,-5.052911517770449,-5.174969082967481,-5.815184198230834,-5.07824263472247,-5.226589786296698
2020_10_MIN_CHI,2020,10,2020-11-16T20:15-05:00,CHI,MIN,False,-6.0,-1.7470644110707778,-2.0187254152219487,1.075686180031379,2.0385044642857144,-2.971617562752386,-2.6770763343575608,-2.3286671084186055,-2.0031723882900385,-1.7893815701067832,-2.2855353435120453,-2.4717565565869526
2020_11_ARI_SEA,2020,11,2020-11-19T20:20-05:00,SEA,ARI,False,7.0,1.8952891294535084,1.2070286998266724,3.4176053882466464,2.0385044642857144,1.6909505537965501,1.9574320798715406,1.4786909672093635,2.4756938636963297,1.4484479517366715,1.3756172235650133,1.2435015659733515
2020_11_ATL_NO,2020,11,2020-11-22T13:00-05:00,NO,ATL,False,15.0,7.667602475829545,3.45642546696991,7.290390907177737,2.0385044642857144,2.6905052184736933,3.195505176165854,2.084785651365803,2.0945327247742913,5.89087090129078,2.0101105682911107,1.9087954894567307
2020_11_CIN_WAS,2020,11,2020-11-22T13:00-05:00,WAS,CIN,False,11.0,-1.2458529888633736,0.05540021956637542,1.3787079135280265,2.0385044642857144,-1.449012020061448,-1.054256639120431,-0.6013999362160338,-0.3649612608745809,0.25893035770585016,-0.503152683993239,-0.7925005280512929
2020_11_DET_CAR,2020,11,2020-11-22T13:00-05:00,CAR,DET,False,20.0,1.8381231719297368,-1.6269931902395591,2.6377907260689892,2.0385044642857144,-2.0612684934237144,-1.7243020319266629,-1.092119660911372,-1.2855517756466084,1.6561872704811682,-1.0845554647119777,-1.3752833866939844
2020_11_NE_HOU,2020,11,2020-11-22T13:00-05:00,HOU,NE,False,7.0,-0.09663774671907799,-0.11286586363083861,-0.29967666542192584,2.0385044642857144,0.3008542496325983,0.39995174783072507,1.699769911454578,0.6199287913162763,1.3955936116522367,1.7078213296830875,1.472434801487285
2020_11_PHI_CLE,2020,11,2020-11-22T13:00-05:00,CLE,PHI,False,5.0,2.0133267741838745,1.370074542569086,1.5460441056987904,2.0385044642857144,1.80618248677133,1.855388836880321,2.6662980357342483,1.878651285017971,3.0188543296858787,2.7073909270320717,2.441408358435531
2020_11_PIT_JAX,2020,11,2020-11-22T13:00-05:00,JAX,PIT,False,-24.0,-10.23401001878508,-9.732322103659586,-8.219749350272469,2.0385044642857144,-10.263701598808815,-9.059859809147666,-9.10748318612178,-8.671333259549796,-8.454115907745312,-8.872498465989397,-9.384710201607744
2020_11_TEN_BAL,2020,11,2020-11-22T13:00-05:00,BAL,TEN,False,-6.0,6.594557058836798,7.251945264250353,8.689133482110334,2.0385044642857144,6.2167458665214905,5.324453657576274,5.202007417593267,6.25460814952926,5.39212024390251,5.1772800696684635,4.973662163006739
2020_11_MIA_DEN,2020,11,2020-11-22T16:05-05:00,DEN,MIA,False,7.0,-5.3037296702526096,-6.385850222662415,-3.1568786155895285,2.0385044642857144,-6.1254981543412015,-6.221825991317749,-6.442707924731762,-4.646425527596559,-5.823964196255046,-6.397415021716993,-6.7157048186089865
2020_11_NYJ_LAC,2020,11,2020-11-22T16:05-05:00,LAC,NYJ,False,6.0,9.191484867862144,10.14132860887133,9.874133177774837,2.0385044642857144,10.197264983543763,10.38631416238027,10.039316092198113,9.91751600376485,9.758976975010398,10.018602858475443,9.86440281302647
2020_11_DAL_MIN,2020,11,2020-11-22T16:25-05:00,MIN,DAL,False,-3.0,9.02262080086892,7.13886348089095,7.6775710685655625,2.0385044642857144,8.727197476436439,8.569602766811572,8.011089401469299,7.280669631623609,8.141501250372338,7.978665857983132,7.807659463421851
2020_11_GB_IND,2020,11,2020-11-22T16:25-05:00,IND,GB,False,3.0,2.658295211328452,0.8848866550534953,1.8998071929113207,2.0385044642857144,1.5300775429323095,1.4047640260053418,1.3019924480037146,1.5141775798442638,1.3314722592008494,0.9429227216597968,1.0321042194412677
2020_11_KC_LV,2020,11,2020-11-22T20:20-05:00,LV,KC,False,-4.0,-4.569028637944571,-6.075602711236163,-4.024508331771093,2.0385044642857144,-4.342271499549921,-4.842823433088558,-4.660620467420278,-5.789420749824968,-5.346049566805379,-4.9115567310441755,-4.905269229893928
2020_11_LA_TB,2020,11,2020-11-23T20:15-05:00,TB,LAR,False,-3.0,2.4586508299545238,1.3479550608818345,3.798027630786586,2.0385044642857144,0.4030320393461512,0.8855185484833015,1.4518906346456142,1.1397116954430677,2.3686629091007494,1.49106004979299,1.1462854118654042
2020_12_HOU_DET,2020,12,2020-11-26T12:30-05:00,DET,HOU,False,-16.0,-2.16883608005152,-1.2974617985707684,-0.8000758642465371,2.0385044642857144,-1.2132483804121468,-0.8458403202553524,-1.9503334457035937,-1.4448322206333486,-1.8898065069130439,-2.0675867744518848,-2.199055856521066
2020_12_WAS_DAL,2020,12,2020-11-26T16:30-05:00,DAL,WAS,False,-25.0,3.081215044989182,0.8493173423939961,3.6330985056541483,2.0385044642857144,1.567060973268925,1.544462485419665,1.4156158869625481,2.5693466972688457,2.1292353161747886,1.3034161670620166,1.09161940437994
2020_12_ARI_NE,2020,12,2020-11-29T13:00-05:00,NE,ARI,False,3.0,1.8470176153661095,1.1684244606282366,1.9432218903142155,2.0385044642857144,0.8442189093749948,0.7422185890825024,-0.008662594887901554,1.1903107156745056,0.21691929673353882,-0.05299095889358563,-0.21799541264553102
2020_12_CAR_MIN,2020,12,2020-11-29T13:00-05:00,MIN,CAR,False,1.0,6.237748187644201,5.144089422248174,5.185784686322228,2.0385044642857144,5.536369135047799,5.985397706816342,5.173371984148415,5.933242853008216,5.448192037461697,5.129534750902465,4.871649397560581
2020_12_CLE_JAX,2020,12,2020-11-29T13:00-05:00,JAX,CLE,False,-2.0,-3.069816005383034,-4.211406366707015,-2.275575036028722,2.0385044642857144,-4.157729385331233,-3.3016367423325397,-3.9206399380292902,-3.8819184403804394,-2.1889990046068015,-3.9542907447337328,-4.190360125176298
2020_12_LAC_BUF,2020,12,2020-11-29T13:00-05:00,BUF,LAC,False,10.0,3.230759924874115,2.2397902097449487,5.09169607336901,2.0385044642857144,2.996150473777011,2.9359315752779844,2.90404576427151,3.060275317605746,2.7108319766268285,2.901649302453526,2.6022979523569347
2020_12_LV_ATL,2020,12,2020-11-29T13:00-05:00,ATL,LV,False,37.0,-2.6051055132708427,-1.1816900134710178,1.0117132159382605,2.0385044642857144,-2.6608498054458822,-2.5274645297239084,-1.6146959680763615,-0.3068781301480634,-1.667095354929303,-1.4384340895053196,-1.7691229163991793
2020_12_MIA_NYJ,2020,12,2020-11-29T13:00-05:00,NYJ,MIA,False,-17.0,-5.082165098126983,-4.960445834477647,-7.008698379733797,2.0385044642857144,-5.206052459753753,-5.209791574301692,-5.514724930587188,-4.786068466153628,-7.465091602976652,-5.659487131591979,-5.795057482065353
2020_12_NYG_CIN,2020,12,2020-11-29T13:00-05:00,CIN,NYG,False,-2.0,0.7235802669955721,-0.07634759459402163,0.8504032358193738,2.0385044642857144,-0.7735259214990079,-0.491411200841506,-1.000442568693951,-1.4403685095123504,0.48679553868703085,-0.9880764155163823,-1.162620648940581
2020_12_TEN_IND,2020,12,2020-11-29T13:00-05:00,IND,TEN,False,-19.0,2.9263451147543136,2.3757336386854018,4.4220740271192,2.0385044642857144,1.2806937126536195,2.8023924730213023,2.7920723587527863,2.776995311796537,2.2976227933587845,2.6033569088765827,2.5371998444273394
2020_12_NO_DEN,2020,12,2020-11-29T16:05-05:00,DEN,NO,False,-28.0,-9.297419734597979,-6.238881618117702,-5.852096181078426,2.0385044642857144,-6.0397153813644975,-6.208496953208243,-5.9087423442894424,-6.16175362553694,-7.2829924991780866,-5.926583912724327,-6.148454055431061
2020_12_SF_LA,2020,12,2020-11-29T16:05-05:00,LAR,SF,False,-3.0,4.275520734889931,7.727595723456154,5.219190430385844,2.0385044642857144,7.383275784939836,7.3057294961998265,7.151350604684789,6.704211051075318,6.039944728127865,7.248645674674176,7.082127513251539
2020_12_KC_TB,2020,12,2020-11-29T16:25-05:00,TB,KC,False,-3.0,-4.590408296706455,-4.931685283520814,-0.7228002752453468,2.0385044642857144,-5.517601634235124,-4.737373506944962,-4.19936637982199,-4.748713565918162,-4.393646929147283,-4.367973158951267,-4.454922053274284
2020_12_CHI_GB,2020,12,2020-11-29T20:20-05:00,GB,CHI,False,16.0,7.212576940639186,7.948456894862333,7.420739720395064,2.0385044642857144,7.493487561593913,7.272213130309845,7.824156735039458,7.318522201876336,8.06742696522668,7.820647895271658,7.597691281220014
2020_12_SEA_PHI,2020,12,2020-11-30T20:15-05:00,PHI,SEA,False,-6.0,-2.9461642454206207,-1.764777323678019,-1.1915423101910703,2.0385044642857144,-2.5171024680800462,-3.113269776982514,-3.1625302273619464,-2.797457574009198,-3.1365311867675434,-3.1626781374196975,-3.345689337072948
2020_12_BAL_PIT,2020,12,2020-12-02T15:40-05:00,PIT,BAL,False,5.0,4.7448594508686135,5.8332099477432555,3.4080276572121555,2.0385044642857144,6.901367667616766,5.835539555022745,5.7668857143187715,4.211921922107943,5.461045978729459,5.837662440772493,5.527891923446738
2020_13_CIN_MIA,2020,13,2020-12-06T13:00-05:00,MIA,CIN,False,12.0,6.001804723262505,8.061741856387867,8.915937378944918,2.0385044642857144,8.318918687172525,8.358307815292049,8.912819241355663,8.918204875431993,8.3274241118954,8.852951934919421,8.75994647780502
2020_13_CLE_TEN,2020,13,2020-12-06T13:00-05:00,TEN,CLE,False,-6.0,8.620510173964327,6.9811346592714525,7.438088922399089,2.0385044642857144,7.717237807965442,7.845801576862801,7.485474656193052,7.351335293049267,7.822954842594312,7.545620246280579,7.247858152199258
2020_13_DET_CHI,2020,13,2020-12-06T13:00-05:00,CHI,DET,False,-4.0,4.974436740747958,4.270609502432491,6.739607675861098,2.0385044642857144,4.489800995678346,4.152659736808136,4.542911636587816,4.822336494805903,4.30868114479591,4.589636752063631,4.360931503707263
2020_13_IND_HOU,2020,13,2020-12-06T13:00-05:00,HOU,IND,False,-6.0,-0.11932509175931072,1.0436194341815215,0.21143645340840234,2.0385044642857144,0.9287526378260353,0.30535620379325956,1.2558094803661808,0.4851043653507858,0.4537188038842279,1.5203378972778054,1.0341306874050586
2020_13_JAX_MIN,2020,13,2020-12-06T13:00-05:00,MIN,JAX,False,3.0,10.135037291415486,9.55223491420842,9.47974096112976,2.0385044642857144,9.964681321797666,9.636493518508107,9.869924015415247,10.306706475573176,8.937122764661005,9.85510959847575,9.617808222328065
2020_13_LV_NYJ,2020,13,2020-12-06T13:00-05:00,NYJ,LV,False,-3.0,-4.812161257634361,-4.721371252759513,-6.018249872041752,2.0385044642857144,-5.935538874068836,-6.109565287502482,-6.466165834477433,-6.244412963729972,-7.111077350226546,-6.401305689735329,-6.651440508611932
2020_13_NO_ATL,2020,13,2020-12-06T13:00-05:00,ATL,NO,False,-5.0,-5.585687528303953,-0.40608650137246505,-3.4468322711010764,2.0385044642857144,0.25616478587359914,-0.008475428597261025,0.8950097933497525,0.5373644373730198,-3.2514522105893686,0.9547006778920335,0.6711855698457581
2020_13_LA_ARI,2020,13,2020-12-06T16:05-05:00,ARI,LAR,False,-10.0,0.07133865532803307,0.08390370185439489,-0.03093280557167999,2.0385044642857144,0.2692440547390702,0.713949330710886,0.962181826157096,0.23555148223900269,0.6938888830024064,1.0667556690648738,0.7352800233710349
2020_13_NYG_SEA,2020,13,2020-12-06T16:05-05:00,SEA,NYG,False,-5.0,5.824684589736595,6.968372103213735,7.616829876372029,2.0385044642857144,8.55940025666337,8.926401509328274,8.144130982038075,9.028729570628133,5.922192212172573,8.101967202455103,7.944278618685698
2020_13_NE_LAC,2020,13,2020-12-06T16:25-05:00,LAC,NE,False,-45.0,1.2565075148406035,2.1764888434445107,0.18191331658155097,2.0385044642857144,2.76356839966426,2.5636356828142484,3.100049447288635,2.5007256862794898,3.0178133370920577,3.096601719054108,2.8751461403912435
2020_13_PHI_GB,2020,13,2020-12-06T16:25-05:00,GB,PHI,False,14.0,9.590205588380009,9.43631232170663,8.842875045391525,2.0385044642857144,9.308147562049422,9.982708165007976,10.664502324263838,9.796458042449519,11.384641147613682,10.777251392517218,10.431476868171782
2020_13_DEN_KC,2020,13,2020-12-06T20:20-05:00,KC,DEN,False,6.0,18.53933705115498,20.015488524009083,14.585172755401118,2.0385044642857144,19.66058159734225,19.255804635872465,19.40213679797742,19.036502372391325,19.317736523959585,19.50245955663386,19.194253978755064
2020_13_WAS_PIT,2020,13,2020-12-07T17:00-05:00,PIT,WAS,False,-6.0,10.965366237381247,7.52540494980988,11.600875847069481,2.0385044642857144,8.953814418489596,9.715285397419994,8.944267355109247,8.646261906928146,9.747422626340105,8.934594344753698,8.732087261524946
2020_13_BUF_SF,2020,13,2020-12-07T20:15-05:00,SF,BUF,True,-10.0,-1.631553203867878,-3.4481915328210926,0.43302735403141956,2.0385044642857144,-4.142025895145907,-4.472702969721494,-3.8283351197901347,-3.8759722984861034,-2.506853622379184,-3.9305414766266904,-1.6854464284334154
2020_13_DAL_BAL,2020,13,2020-12-08T20:05-05:00,BAL,DAL,False,17.0,13.00953940726293,12.534610948337708,12.320953832785001,2.0385044642857144,13.445503651129455,12.059682277951385,12.14828642399651,12.316369610034016,12.02267164839751,12.1697051910279,11.95666804431837
2020_14_NE_LA,2020,14,2020-12-10T20:20-05:00,LAR,NE,False,21.0,4.264415818409613,5.689798255782662,4.67687423838672,2.0385044642857144,6.18697842146891,5.3434772336892635,5.812581766673044,5.541396353250736,5.3100608583466045,5.762703362766888,5.604547191621514
2020_14_ARI_NYG,2020,14,2020-12-13T13:00-05:00,NYG,ARI,False,-19.0,0.5875906964214527,-1.68800119246637,0.9719696689097499,2.0385044642857144,-1.6563921505024486,-1.5250876935861803,-1.0455956243309152,-1.423613697485752,-0.0024095036469287123,-1.0977775400112442,-1.327901710216852
2020_14_DAL_CIN,2020,14,2020-12-13T13:00-05:00,CIN,DAL,False,-23.0,3.6463943516993855,0.24763060269653048,2.4508432911225704,2.0385044642857144,1.0870003113052351,1.3460334968751235,0.9652580631920906,0.15559121412945648,1.6383055018097428,0.9474593712464234,0.6888524862421976
2020_14_DEN_CAR,2020,14,2020-12-13T13:00-05:00,CAR,DEN,False,-5.0,6.772335648691753,7.822683308232101,4.695734157443154,2.0385044642857144,8.205794984346928,8.805583320527202,9.081186575164299,7.924598925261051,8.40024155675862,9.014313683083765,8.798601004823794
2020_14_HOU_CHI,2020,14,2020-12-13T13:00-05:00,CHI,HOU,False,29.0,-0.05363639269292397,-0.7287774077944609,0.8199303495675889,2.0385044642857144,-0.8337167537993158,-0.7374268123671772,-1.8066979674949142,-1.187786364573611,-1.3698016638913888,-1.8190405795355251,-2.0252965571690402
2020_14_KC_MIA,2020,14,2020-12-13T13:00-05:00,MIA,KC,False,-6.0,-6.512615081148252,-7.298502970211175,-2.327285657395837,2.0385044642857144,-6.888028991051488,-6.4143622003222145,-5.6246562774337585,-6.662088337863798,-6.09758645404416,-5.866342160849371,-5.812464947737705
2020_14_MIN_TB,2020,14,2020-12-13T13:00-05:00,TB,MIN,False,12.0,5.161735077188656,6.0920166366218105,6.609233996055172,2.0385044642857144,4.117071353794366,3.707300085354758,4.3614740261727425,4.010220615716849,4.912437611372066,4.416597702415775,4.085812616457826
2020_14_TEN_JAX,2020,14,2020-12-13T13:00-05:00,JAX,TEN,False,-21.0,-7.355755395218704,-6.763614361756558,-5.678490461758839,2.0385044642857144,-7.231613773314732,-7.402242472664806,-7.869607245679094,-8.197846161026355,-6.8564440735478955,-8.080588814831433,-8.15103528212702
2020_14_IND_LV,2020,14,2020-12-13T16:05-05:00,LV,IND,False,-17.0,-3.1676448717057024,-2.9135245327624073,-0.8108756468547469,2.0385044642857144,-1.9379926145610389,-1.2630306948138221,-1.385588609456105,-1.9775212097199266,-1.5505662635354223,-1.2290129412407262,-1.6366546793655914
2020_14_NYJ_SEA,2020,14,2020-12-13T16:05-05:00,SEA,NYJ,False,37.0,12.628027027523483,13.21637681308408,13.112812388623338,2.0385044642857144,13.511775477076092,12.272941986010753,12.209089962527315,12.249707603706515,12.132469985936776,12.139001641208804,12.022006146976686
2020_14_ATL_LAC,2020,14,2020-12-13T16:25-05:00,LAC,ATL,False,3.0,0.8704607524837691,1.1936896816106521,-1.739237480181341,2.0385044642857144,1.486368787907315,0.5951673188675463,-0.5396179269874977,-0.34614960055657784,-0.4441940430211493,-0.6587811617502346,-0.8076839090184378
2020_14_GB_DET,2020,14,2020-12-13T16:25-05:00,DET,GB,False,-7.0,-9.82351321903623,-9.770138101488781,-7.528550234102955,2.0385044642857144,-9.735520969881133,-9.02199457983017,-8.560343107893836,-8.409537330954718,-8.984742299040793,-8.635942879268885,-8.794192475908016
2020_14_NO_PHI,2020,14,2020-12-13T16:25-05:00,PHI,NO,False,3.0,-9.639806879898899,-6.311119016116417,-6.607434904252184,2.0385044642857144,-5.375137016683272,-5.312682622260737,-5.497199523508834,-4.900281911244027,-7.461186459758011,-5.610744179469844,-5.791284533926943
2020_14_WAS_SF,2020,14,2020-12-13T16:25-05:00,SF,WAS,True,-8.0,0.24600528453963566,-4.332860437683058,2.205526091429678,2.0385044642857144,-2.7182275905795397,-2.3182047472101512,-2.4593437426032243,-1.3070882811097322,-0.7119848978713694,-2.516516523909714,-0.40390275282797306
2020_14_PIT_BUF,2020,14,2020-12-13T20:20-05:00,BUF,PIT,False,11.0,-2.2251583062965787,-1.7894882083328716,-0.6232916295060882,2.0385044642857144,-0.6563715431221637,-0.7257440912550437,-0.5737251758177879,0.11763953704908015,-1.4705000766398413,-0.5461694114534033,-0.8895206110012825
2020_14_BAL_CLE,2020,14,2020-12-14T20:15-05:00,CLE,BAL,False,-5.0,-3.0043629774995253,-3.3707481547140934,-4.147526249844979,2.0385044642857144,-2.927654089664804,-3.118993529335092,-2.53228978779595,-3.621902077375879,-2.6545750040420066,-2.599878132295711,-2.7263368634494016
2020_15_LAC_LV,2020,15,2020-12-17T20:20-05:00,LV,LAC,False,-3.0,1.797005534406174,0.3853793287670272,3.5480159660078736,2.0385044642857144,1.1663035726724877,1.364185248971695,1.6445635043594669,1.6739325599932942,1.8491098231417902,1.644272929434455,1.3751861089007025
2020_15_BUF_DEN,2020,15,2020-12-19T16:30-05:00,DEN,BUF,False,-29.0,-5.383873498468638,-7.328639409294334,-3.6606364177942403,2.0385044642857144,-7.9901013522651105,-8.45497930799805,-8.107093935676936,-7.7482101367035146,-6.776271445235954,-8.121763819082497,-8.339581113454692
2020_15_CAR_GB,2020,15,2020-12-19T20:15-05:00,GB,CAR,False,8.0,9.69660420444545,10.27981681295596,9.825509325228735,2.0385044642857144,9.69384559203235,9.788697102946745,9.711496991590066,10.144118563164444,9.67702272412621,9.76398258657699,9.53358518325886
2020_15_CHI_MIN,2020,15,2020-12-20T13:00-05:00,MIN,CHI,False,-6.0,3.7984032773150385,2.6366794581950073,2.929542139636102,2.0385044642857144,3.4338905314416577,3.5552417732984014,3.379798694976331,3.4042081363626835,4.219072573648214,3.2943689406323737,3.067937625818601
2020_15_DET_TEN,2020,15,2020-12-20T13:00-05:00,TEN,DET,False,21.0,12.85668777518573,11.568999081467148,10.742698707022807,2.0385044642857144,13.055184626402099,11.471890903358748,10.747465039500966,10.729557260409608,11.160246579898562,10.82303507975321,10.49728655149504
2020_15_HOU_IND,2020,15,2020-12-20T13:00-05:00,IND,HOU,False,7.0,9.641588876753307,7.5867775098257955,8.434463341088751,2.0385044642857144,7.54732592556123,7.5531076554145535,6.955541559416436,6.867262373733018,8.122678654271187,6.718623986002813,6.67026967219631
2020_15_JAX_BAL,2020,15,2020-12-20T13:00-05:00,BAL,JAX,False,26.0,13.700609043436273,12.604352270128688,15.616689874194305,2.0385044642857144,12.153608033914862,12.387192401576248,12.575257012282151,13.801361773373504,13.704889623194143,12.61917234044394,12.32723956866407
2020_15_NE_MIA,2020,15,2020-12-20T13:00-05:00,MIA,NE,False,10.0,1.984590534160909,1.056565190578525,3.695154464228841,2.0385044642857144,1.828944558020421,2.1492669215878886,3.2910501702230266,1.5766191846787716,3.219723992611789,3.1508630541255185,3.04587410267025
2020_15_SEA_WAS,2020,15,2020-12-20T13:00-05:00,WAS,SEA,False,-5.0,-2.9059842905323943,-4.532575156507553,-1.1265627706249468,2.0385044642857144,-4.363244331429629,-3.353591073359894,-2.614510350681429,-3.5884300891446093,-2.2660973752927993,-2.6577189968913713,-2.8793228776398205
2020_15_SF_DAL,2020,15,2020-12-20T13:00-05:00,DAL,SF,False,8.0,-1.8028869351704153,0.8174277278303499,-0.9780072799896398,2.0385044642857144,-0.09738007081368205,-0.11379959738025458,0.4757650828891049,0.4198152723382982,0.11227635113096368,0.6203391658764148,0.30053895971284617
2020_15_TB_ATL,2020,15,2020-12-20T13:00-05:00,ATL,TB,False,-4.0,-3.091018934745178,-2.553266071361218,-1.4917664524421044,2.0385044642857144,-1.9252811647033177,-1.10560202723855,-0.893509481705286,-0.5734129698734498,-1.7565404933967383,-0.7522838552538611,-1.048921786861274
2020_15_NYJ_LA,2020,15,2020-12-20T16:05-05:00,LAR,NYJ,False,-3.0,15.776596598849949,17.09533785562691,18.167064641654285,2.0385044642857144,17.081351575039058,16.55963681179859,16.68310985904543,16.48388412020133,17.304820724172806,16.655907988032546,16.49682729409274
2020_15_PHI_ARI,2020,15,2020-12-20T16:05-05:00,ARI,PHI,False,7.0,7.297010300852625,8.648945352414545,5.434398138053487,2.0385044642857144,8.51434115466272,8.215340597050572,8.783223670524299,7.732800785692838,6.576560272563137,8.878812871208625,8.613714082910192
2020_15_KC_NO,2020,15,2020-12-20T16:25-05:00,NO,KC,False,-3.0,0.4112890089111374,-0.8924206125111276,1.5312877684855861,2.0385044642857144,-0.3361630623306642,0.24790646148424023,-0.312831088422432,-0.07057143866511112,0.746034703043797,-0.4244826496475286,-0.5481365897712824
2020_15_CLE_NYG,2020,15,2020-12-20T20:20-05:00,NYG,CLE,False,-14.0,-0.334421139748143,-2.248211263479657,0.3963207760542593,2.0385044642857144,-3.5679867388953403,-3.8489241966836545,-3.8252187831956603,-3.43358785458366,-1.8628819719583225,-3.8429208585090895,-4.0983753629464585
2020_15_PIT_CIN,2020,15,2020-12-21T20:15-05:00,CIN,PIT,False,10.0,-9.66264908583198,-13.705854175320585,-8.17604995209072,2.0385044642857144,-12.636115028101237,-10.908780787217665,-10.816920621500575,-10.625583530466962,-11.093250265698003,-10.788887881246925,-11.086451634719474
2020_16_MIN_NO,2020,16,2020-12-25T16:30-05:00,NO,MIN,False,19.0,7.051014925446485,7.724099385034306,9.570644145671682,2.0385044642857144,6.773797193866092,6.76707862832211,6.818803630976127,7.392176753653176,8.038539220208659,6.932493431491405,6.634558491732224
2020_16_TB_DET,2020,16,2020-12-26T13:00-05:00,DET,TB,False,-40.0,-8.392153487539877,-7.781900210938631,-7.89383140624734,2.0385044642857144,-7.243098966217161,-6.7825725897761675,-5.970131966690907,-5.88255921982242,-7.233393276755477,-5.901759449282032,-6.146694780928742
2020_16_SF_ARI,2020,16,2020-12-26T16:30-05:00,ARI,SF,False,-8.0,4.384697773093306,8.437003675811038,4.544258939897189,2.0385044642857144,7.709976413724409,5.9997499535569085,6.205822441552377,5.9816029829977975,4.898719466180662,6.2239802620856075,6.054712208689889
2020_16_MIA_LV,2020,16,2020-12-26T20:15-05:00,LV,MIA,False,-1.0,-0.7145128481992356,-0.8860168415409178,-2.349512551138247,2.0385044642857144,-0.2882886980309707,-0.4954506753941017,-1.0470553269201117,-0.22010554502607693,-0.8494867817442426,-0.989516706169562,-1.3572982535937204
2020_16_ATL_KC,2020,16,2020-12-27T13:00-05:00,KC,ATL,False,3.0,10.991301400258399,10.862239663738253,9.811368953848277,2.0385044642857144,10.948069843846264,10.419382827122789,9.55430747480603,10.044066036465804,10.468188052281214,9.578280514210238,9.278999555388864
2020_16_CHI_JAX,2020,16,2020-12-27T13:00-05:00,JAX,CHI,False,-24.0,-4.582455524997181,-4.838146961424205,-5.271507362304553,2.0385044642857144,-5.048130465424505,-5.578892841073416,-5.8849799249731625,-6.053392119112212,-4.032027296639571,-5.99556724108818,-6.194434210123934
2020_16_CIN_HOU,2020,16,2020-12-27T13:00-05:00,HOU,CIN,False,-6.0,4.3207806208122435,6.934435957798949,5.266707220815684,2.0385044642857144,7.333171316004683,7.162015883037935,7.787314685203813,8.487871501555643,5.89662197906742,7.734953659481775,7.561126206532675
2020_16_CLE_NYJ,2020,16,2020-12-27T13:00-05:00,NYJ,CLE,False,7.0,-5.570528372609767,-6.323294478553901,-6.574012550688693,2.0385044642857144,-6.81356099208179,-6.743975388626649,-7.507500740749545,-7.159236929161612,-7.714353422761213,-7.488772436872259,-7.7693609833685535
2020_16_IND_PIT,2020,16,2020-12-27T13:00-05:00,PIT,IND,False,4.0,0.625780145773891,2.0146261547640476,1.963641398535989,2.0385044642857144,0.9770310259502857,0.02693211071402324,-0.31885702279510353,-0.6273340849695933,0.033779790301010415,-0.17704411478543614,-0.45434205151754004
2020_16_NYG_BAL,2020,16,2020-12-27T13:00-05:00,BAL,NYG,False,14.0,12.3408636937183,13.423551461956208,13.23754885395347,2.0385044642857144,13.511213023500677,13.929473485858948,13.287592876323448,13.755937843504444,12.142766427885952,13.280471774261649,13.01898120726267
2020_16_CAR_WAS,2020,16,2020-12-27T16:05-05:00,WAS,CAR,False,-7.0,2.890569599721019,1.686669082316007,4.048056136513573,2.0385044642857144,1.7206868455337738,1.7979093175586134,2.267734139633787,1.6104011468238415,1.777595136348824,2.2130092327111477,2.0627748110759327
2020_16_DEN_LAC,2020,16,2020-12-27T16:05-05:00,LAC,DEN,False,3.0,7.028284104987254,9.366013601000937,4.52501484012946,2.0385044642857144,9.334584207231586,9.983552878613162,9.790247533343072,9.51868720074627,8.847122737742136,9.7871523965413,9.579753276270882
2020_16_LA_SEA,2020,16,2020-12-27T16:25-05:00,SEA,LAR,False,11.0,4.060297722163774,2.9198895136805003,2.23625553917218,2.0385044642857144,3.3903115953460343,2.996295193160358,2.8464310048684967,1.8924264820346037,2.137429665386213,2.785631597303588,2.593867890680789
2020_16_PHI_DAL,2020,16,2020-12-27T16:25-05:00,DAL,PHI,False,20.0,1.5647218980732216,1.7961181886281228,1.4936732894570801,2.0385044642857144,0.941964080568896,1.60089209785192,2.2837057271592935,1.6986781116152505,1.9709566970830106,2.34711217959648,2.077606971755749
2020_16_TEN_GB,2020,16,2020-12-27T20:20-05:00,GB,TEN,False,26.0,1.2685456943951372,2.923424548388939,3.300358195599262,2.0385044642857144,1.5462790836076417,1.4871601249781947,1.7672204639223221,2.0512302071733854,1.9085474487429512,1.7206837955558731,1.5696958879817682
2020_16_BUF_NE,2020,16,2020-12-28T20:15-05:00,NE,BUF,False,-29.0,-2.7953461530496764,-2.336015519095021,-1.861176750014356,2.0385044642857144,-3.6646939162956014,-3.3151262791130485,-4.026929981627598,-2.761310151862296,-4.01782627508386,-4.053501272527091,-4.2054840377484055
2020_17_ATL_TB,2020,17,2021-01-03T13:00-05:00,TB,ATL,False,17.0,7.874746747659422,6.692996160265848,7.857148813037168,2.0385044642857144,6.311518741975648,6.313609706783847,6.11966731034938,5.86919434256413,7.299970147851688,5.936404062314445,5.811912668995603
2020_17_BAL_CIN,2020,17,2021-01-03T13:00-05:00,CIN,BAL,False,-35.0,-7.108733585638344,-8.6621997426656,-8.263628305427243,2.0385044642857144,-8.84059040209321,-9.251397743394627,-9.364307120004613,-10.423593260913627,-8.082143781380092,-9.266358806762076,-9.57089295453207
2020_17_DAL_NYG,2020,17,2021-01-03T13:00-05:00,NYG,DAL,False,4.0,-0.2765369398138325,-1.4501632164732172,-0.4905631906325967,2.0385044642857144,-0.3107598354174176,-0.41102421830604885,-0.5083394311852579,-0.29577215296964865,-1.238358514351542,-0.5295737906845329,-0.7278023220076608
2020_17_MIA_BUF,2020,17,2021-01-03T13:00-05:00,BUF,MIA,False,30.0,5.671851184016131,6.123394484951623,6.321508896755209,2.0385044642857144,6.796127017260295,7.193629588980724,6.861323548502639,7.066750977108529,7.182543309484039,6.958517402590323,6.63649529230363
2020_17_MIN_DET,2020,17,2021-01-03T13:00-05:00,DET,MIN,False,-2.0,-5.546982666432238,-3.584070561513055,-2.9109476439862716,2.0385044642857144,-4.935534112495166,-4.974522917829278,-4.46703413492701,-4.41010952913336,-5.629190065001789,-4.397590337185509,-4.610819386997262
2020_17_NYJ_NE,2020,17,2021-01-03T13:00-05:00,NE,NYJ,False,14.0,4.974953665460052,6.339997627804743,9.050807182541085,2.0385044642857144,5.797693483267477,6.443198190768669,5.780439033561254,7.255593213345552,6.109101991066355,5.78434826846565,5.564225417055466
2020_17_PIT_CLE,2020,17,2021-01-03T13:00-05:00,CLE,PIT,False,2.0,1.7579261779703508,1.9864246812625699,-1.543394298253224,2.0385044642857144,1.8104133765518968,1.103024333212952,1.6978498162368196,1.9385513321073957,0.9317807958691751,1.7555564544499425,1.427318656355481
2020_17_ARI_LA,2020,17,2021-01-03T16:25-05:00,LAR,ARI,False,11.0,3.970004421526146,4.145012813097994,4.9187480379729065,2.0385044642857144,4.115250851403858,4.445696933504758,4.3240868642873105,4.6184528755241585,4.732093071755282,4.389285824655233,4.159503059843033
2020_17_GB_CHI,2020,17,2021-01-03T16:25-05:00,CHI,GB,False,-19.0,-2.8088128468283244,-3.554696103651686,-2.64897663437128,2.0385044642857144,-3.235120477004572,-3.545601602632803,-4.273185513754232,-4.188527836858569,-4.8052533426566235,-4.301143033438746,-4.493919556561819
2020_17_JAX_IND,2020,17,2021-01-03T16:25-05:00,IND,JAX,False,14.0,14.99037448080724,13.921192017751451,15.36064999548871,2.0385044642857144,14.33925216465999,14.345749302354882,15.154025863125145,15.607762638073211,14.182286891363116,15.046615106537324,14.950871419268118
2020_17_LAC_KC,2020,17,2021-01-03T16:25-05:00,KC,LAC,False,-17.0,9.638919103046858,4.195931590091222,12.264025539956073,2.0385044642857144,3.8762962539743855,4.898205170891786,4.8685378352331945,5.130042153332209,7.135776852148108,4.866632091813269,4.674902716565957
2020_17_LV_DEN,2020,17,2021-01-03T16:25-05:00,DEN,LV,False,-1.0,-1.5534321576950973,-3.023056113197442,0.4223342604381881,2.0385044642857144,-3.8111010190456756,-3.797495633615906,-3.727928501187474,-3.860146391045271,-2.6374751105360144,-3.708102421494508,-3.93842087091233
2020_17_NO_CAR,2020,17,2021-01-03T16:25-05:00,CAR,NO,False,-26.0,-6.789707382108519,-6.41088785062024,-5.537421787444462,2.0385044642857144,-6.015401152301349,-5.395035031825524,-4.744633643887558,-6.031645693101677,-5.833936724309884,-4.765794911754128,-4.958446308809814
2020_17_SEA_SF,2020,17,2021-01-03T16:25-05:00,SF,SEA,True,-3.0,-8.537225775435772,-11.773777699692303,-3.6321853451818704,2.0385044642857144,-11.240007252622059,-8.676181777075737,-8.816174781861164,-8.157714128563244,-7.4350952232771,-8.688967209766794,-6.716720146621096
2020_17_TEN_HOU,2020,17,2021-01-03T16:25-05:00,HOU,TEN,False,-3.0,-5.151122836102773,-3.6241070319836917,-2.9803196876189926,2.0385044642857144,-4.540851936397417,-4.060927524323937,-3.576199552686047,-3.3274039421856187,-4.540388401842242,-3.654699812115583,-3.8178369456869468
2020_17_WAS_PHI,2020,17,2021-01-03T20:20-05:00,PHI,WAS,False,-6.0,-2.0178296535940126,-3.7484752850763368,1.107504653418657,2.0385044642857144,-2.1131270979158665,0.15888595621399593,-0.6014295747355329,0.786764691459815,-0.6146614147450049,-0.6621978330710936,-0.9448731049562429
2021_01_DAL_TB,2021,1,2021-09-09T20:20-04:00,TB,DAL,False,2.0,11.607577004696783,10.282244578774122,6.644894719355273,1.79052734375,9.938847057753751,10.084630687892382,6.424363021926679,6.39820315668333,6.043085336671333,6.1983049604720595,6.222602671461901
2021_01_ARI_TEN,2021,1,2021-09-12T13:00-04:00,TEN,ARI,False,-25.0,4.095081771697807,1.3312516774047127,3.6327722857940827,1.79052734375,2.392281876438869,2.659535921954321,4.158940913384718,4.314465683280578,4.8126536235816415,4.182113450597809,3.912393070720223
2021_01_JAX_HOU,2021,1,2021-09-12T13:00-04:00,HOU,JAX,False,16.0,0.8576082198224548,2.106009669425728,5.672777618010834,1.79052734375,1.2228476699110473,3.575186886254982,4.779739895817601,5.139239173164095,3.55942373655496,4.715138106387729,4.284628002049654
2021_01_LAC_WAS,2021,1,2021-09-12T13:00-04:00,WAS,LAC,False,-4.0,-3.222437729065118,-3.3074621577142347,2.61008164069027,1.79052734375,-2.3314961823054423,-0.0480098507903457,1.798151169979681,1.069046024104182,1.822239322791298,1.8481122544571895,1.6603021805651141
2021_01_MIN_CIN,2021,1,2021-09-12T13:00-04:00,CIN,MIN,False,3.0,-0.3265921882548972,2.9120488913530216,0.6908232524848799,1.79052734375,1.921934318512989,1.5716864130546448,-0.2582294342253534,-1.2703309218517183,-1.4763395983997087,-0.20635063456309455,-0.3366314104689372
2021_01_NYJ_CAR,2021,1,2021-09-12T13:00-04:00,CAR,NYJ,False,5.0,3.095669131817548,3.584037569545282,5.164714209763986,1.79052734375,4.789012759228227,2.728423301725994,3.449601621079346,3.8429626189708297,0.6855121759120802,3.427803340320289,3.207558424174005
2021_01_PHI_ATL,2021,1,2021-09-12T13:00-04:00,ATL,PHI,False,-26.0,9.13615430298108,9.522926691136494,4.263552926688213,1.79052734375,9.145864531984381,5.958276335917743,5.892303494982873,5.459677850267905,4.84452776873075,5.984894247319153,5.76810043217789
2021_01_PIT_BUF,2021,1,2021-09-12T13:00-04:00,BUF,PIT,False,-7.0,4.936726116061686,5.132631794957147,4.79821676929291,1.79052734375,6.133440533917696,6.377961475791434,4.8438611394766,4.4044186430028125,4.834458637487396,4.924599384573494,4.590735599522388
2021_01_SEA_IND,2021,1,2021-09-12T13:00-04:00,IND,SEA,False,-12.0,2.401624147015248,2.5661890110763754,2.1075124273615535,1.79052734375,1.9011185502359584,1.10539211629613,0.025518137461578883,0.7743506448915508,-0.3111838508181286,0.05300540677717391,-0.22427718149401787
2021_01_SF_DET,2021,1,2021-09-12T13:00-04:00,DET,SF,False,-8.0,-1.624521994902212,-0.5879991109520135,-1.3948959893194433,1.79052734375,-0.26741593723201773,-1.9328368196785144,-2.9675255707431942,-2.7290059173681023,-3.247407451569513,-2.9819244570918446,-3.3445681272532246
2021_01_CLE_KC,2021,1,2021-09-12T16:25-04:00,KC,CLE,False,4.0,12.574877849423387,13.93015930247908,5.561173270691322,1.79052734375,12.855528190115304,8.367358241342513,5.633728034468107,6.287887700789389,5.978265062709071,5.832112388309115,5.454057307917848
2021_01_DEN_NYG,2021,1,2021-09-12T16:25-04:00,NYG,DEN,False,-14.0,3.9150034439424193,2.571983188413186,2.9066970570695347,1.79052734375,3.0208833315749986,2.7162534209680995,2.3391358907766002,2.641746544777085,2.4040325294288865,2.249288096919646,1.8867312779892416
2021_01_GB_NO,2021,1,2021-09-12T16:25-04:00,NO,GB,True,35.0,-4.416991202628498,-5.381770510901898,0.29400815940820024,1.79052734375,-5.562841454726669,-6.360083280597866,-5.851095302243815,-5.313985472199242,-5.3062663332907505,-5.8215070813090595,-3.4569742960646725
2021_01_MIA_NE,2021,1,2021-09-12T16:25-04:00,NE,MIA,False,-1.0,1.2874901573474893,0.2654317725293267,1.6657608040251364,1.79052734375,-0.5107218141230039,-2.0558509258999758,-1.3318720760486737,-0.19359465200388223,1.994890186152313,-1.3579434000062753,-1.4902331600236716
2021_01_CHI_LA,2021,1,2021-09-12T20:20-04:00,LAR,CHI,False,20.0,3.7031835512596043,6.19208174101211,4.320906237655777,1.79052734375,6.858078033196721,8.012081490086555,5.70037908294352,6.264974657318625,4.553023143464582,5.7633211824731,5.66212833517019
2021_01_BAL_LV,2021,1,2021-09-13T20:15-04:00,LV,BAL,False,6.0,-7.807710512939675,-8.544566368004716,-2.7687512610372673,1.79052734375,-7.2798867746875775,-8.924089055645908,-5.640404648183544,-5.594746386628109,-5.844567136361151,-5.666578569737368,-5.7982836554266015
2021_02_NYG_WAS,2021,2,2021-09-16T20:20-04:00,WAS,NYG,False,1.0,5.2625775567548985,4.260750419739321,4.677099581670633,1.79052734375,5.041179859913059,4.204715654326758,4.441093520169494,3.773424926235391,5.960417145243191,4.517223079159347,4.302600252089882
2021_02_BUF_MIA,2021,2,2021-09-19T13:00-04:00,MIA,BUF,False,-35.0,-0.6476896637022271,-1.9788510840565798,0.17404386962124896,1.79052734375,-2.2352461712911844,-2.4436353930544725,-2.271808560514886,-2.612492186758453,-2.1698432799605447,-2.3344317738625016,-2.468197736242024
2021_02_CIN_CHI,2021,2,2021-09-19T13:00-04:00,CHI,CIN,False,3.0,5.083252460301752,3.332985594773367,3.8919175288196253,1.79052734375,2.8943110261098495,2.3956735477763846,2.7994726659060487,3.0832648348504432,3.4596940187017844,2.761166912737397,2.577907357164939
2021_02_DEN_JAX,2021,2,2021-09-19T13:00-04:00,JAX,DEN,False,-10.0,-3.908656195918539,-3.505608927319875,-1.8952639711704435,1.79052734375,-4.309103103936363,-4.473304463192641,-3.817567082810029,-3.1832474628448697,-2.8703050473885945,-3.8365830027488528,-4.03589130841064
2021_02_HOU_CLE,2021,2,2021-09-19T13:00-04:00,CLE,HOU,False,10.0,5.48624969710548,5.112644066761122,3.0447970529910364,1.79052734375,6.924861693727327,5.832579322607727,4.662034162496977,4.704855265575919,3.9409504304777876,4.551279453457605,4.541058047137044
2021_02_LA_IND,2021,2,2021-09-19T13:00-04:00,IND,LAR,False,-3.0,-2.4141842427060034,-3.8537951758498568,0.14717166826146055,1.79052734375,-4.989976534626896,-4.0372906117059655,-3.2177434806278162,-2.937907290170166,-2.8670292845811964,-3.2751828034715933,-3.4819810693722766
2021_02_LV_PIT,2021,2,2021-09-19T13:00-04:00,PIT,LV,False,-9.0,7.538954423566375,7.724184749593018,5.359952891671191,1.79052734375,6.283800682751738,4.981575556298504,5.478812574741463,5.398010843297367,5.725145849148265,5.450767804084484,5.396609611500722
2021_02_NE_NYJ,2021,2,2021-09-19T13:00-04:00,NYJ,NE,False,-19.0,-2.5745506786460037,-2.5897102297292696,-0.9343074265457765,1.79052734375,-2.9459962517543503,-3.8114408591261064,-0.9730493724639317,-1.6603121226092863,-2.23147408918942,-0.9982836011313301,-1.3460042149565457
2021_02_NO_CAR,2021,2,2021-09-19T13:00-04:00,CAR,NO,False,19.0,-9.103028616734546,-8.664566522039765,-4.531064459454529,1.79052734375,-8.30863536424431,-7.415453568322912,-7.781417838990851,-7.816852776407956,-8.856717070546566,-7.8688644134628145,-7.946619009140533
2021_02_SF_PHI,2021,2,2021-09-19T13:00-04:00,PHI,SF,False,-6.0,-1.2370943221084683,-0.7886027984527234,1.4874921236357976,1.79052734375,-0.3421155847679658,-0.22992996025575074,-0.11234971528526755,-0.40884229289743906,0.48066348328284536,-0.0055554659532194295,-0.25187056917113226
2021_02_ATL_TB,2021,2,2021-09-19T16:05-04:00,TB,ATL,False,23.0,7.842650899488207,7.075852522445211,7.015921141589151,1.79052734375,6.8615672431113905,6.862060195191988,6.001936517696667,6.220968391529296,6.832179764275702,5.910016435854384,5.718990915409435
2021_02_MIN_ARI,2021,2,2021-09-19T16:05-04:00,ARI,MIN,False,1.0,0.9668029615694493,3.90673734923356,5.260487647124881,1.79052734375,3.1818587685118342,3.224100953870432,3.68335168949345,3.1221472723098174,2.945180302152271,3.8443799006021675,3.6135940567227633
2021_02_DAL_LAC,2021,2,2021-09-19T16:25-04:00,LAC,DAL,False,-3.0,2.4677793646692403,1.7104354148611196,2.783671447833189,1.79052734375,1.822888896340677,2.724215860757002,2.6256265824153915,2.6051427532495497,2.201845594777878,2.388900264858499,2.4755961214865687
2021_02_TEN_SEA,2021,2,2021-09-19T16:25-04:00,SEA,TEN,False,-3.0,6.218463037315271,6.4464283846831805,5.8644137675243595,1.79052734375,5.8281560682377,5.421693738276698,6.004542290915543,4.8691919437903435,5.588620152925585,5.756893343248169,5.9042567281729035
2021_02_KC_BAL,2021,2,2021-09-19T20:20-04:00,BAL,KC,False,1.0,0.8684539070497015,-0.00010921019989407199,3.2902092392756024,1.79052734375,0.328312604635022,0.5581557391491587,0.9350251028361818,0.9761597691644328,0.7782109534865329,0.7913551703087318,0.7069807883437906
2021_02_DET_GB,2021,2,2021-09-20T20:15-04:00,GB,DET,False,18.0,12.488984773605425,12.514487545367487,8.865211688646957,1.79052734375,12.491445235633252,12.722422533707437,12.099694771408284,11.778199929625977,11.970828140864132,12.15061068030079,11.960828415465446
2021_03_CAR_HOU,2021,3,2021-09-23T20:20-04:00,HOU,CAR,False,-15.0,-0.38652414373126587,-1.2605684451772665,1.2357174281353522,1.79052734375,-2.4280971903928594,-1.7227097284558432,-1.1603831683877524,-0.7790950155640761,1.4656357179315413,-1.177056399318074,-1.4410321196057527
2021_03_ARI_JAX,2021,3,2021-09-26T13:00-04:00,JAX,ARI,False,-12.0,-4.58032229998352,-7.012930143576721,-4.844501506731861,1.79052734375,-7.772971999967449,-8.577382317443327,-7.272470397339703,-7.302279377235989,-5.877911367073144,-7.221523181850111,-7.47286259931095
2021_03_ATL_NYG,2021,3,2021-09-26T13:00-04:00,NYG,ATL,False,-3.0,2.588354748956903,0.7226999347651115,2.267490273892566,1.79052734375,2.071297838595049,1.4709924606394529,0.8713074511145333,0.8020994288222685,1.320171446401618,0.836055034990129,0.6358056197964934
2021_03_BAL_DET,2021,3,2021-09-26T13:00-04:00,DET,BAL,False,-2.0,-7.601423826662161,-5.999293059838161,-5.560860040521721,1.79052734375,-6.086509013868351,-5.7265487830336514,-5.11247443295421,-5.593314201309941,-6.293248984215323,-5.2208665861738055,-5.421334647367599
2021_03_CHI_CLE,2021,3,2021-09-26T13:00-04:00,CLE,CHI,False,20.0,4.646317105849354,5.157418898909739,4.130379539576486,1.79052734375,5.707102977253934,4.71167854359656,5.060023295872464,5.4388800816290495,3.7945499895532584,5.097869464015744,4.890858089729425
2021_03_CIN_PIT,2021,3,2021-09-26T13:00-04:00,PIT,CIN,False,-14.0,8.549883130052123,6.464725748613604,6.313593590324896,1.79052734375,6.049299179540961,5.615986139034459,5.463937320592073,6.185313299924514,6.611344183008201,5.432574309058103,5.3022284248463665
2021_03_IND_TEN,2021,3,2021-09-26T13:00-04:00,TEN,IND,False,9.0,2.1064114356746826,1.5248266261206862,2.5450695769022564,1.79052734375,2.591006581730476,2.261759307453035,2.0618737954199933,2.161409229438789,2.112054897272521,2.2723374196203276,1.8795028278881298
2021_03_LAC_KC,2021,3,2021-09-26T13:00-04:00,KC,LAC,False,-6.0,6.358642449006074,7.1700699257560885,5.874709703157576,1.79052734375,6.744685151201132,6.747526141166,5.661900227448447,6.298290437983971,5.740211886489479,5.902135299748377,5.518263203739371
2021_03_NO_NE,2021,3,2021-09-26T13:00-04:00,NE,NO,False,-15.0,-3.3925791828943206,-2.646174000186523,-0.8818371681990742,1.79052734375,-1.9766248159893618,-2.4127055605795364,-2.128501016022434,-2.1413352586472385,-1.4822711289700985,-2.243397609513072,-2.3302798411564507
2021_03_WAS_BUF,2021,3,2021-09-26T13:00-04:00,BUF,WAS,False,22.0,6.772603054434793,9.191835845530905,8.151589538627075,1.79052734375,8.409821910819062,8.412998418337255,8.07373379512956,8.139849470496126,6.931027176999382,8.06408207160248,7.8642887568254665
2021_03_MIA_LV,2021,3,2021-09-26T16:05-04:00,LV,MIA,False,3.0,3.0610206527036152,2.383169595267457,4.014515451683926,1.79052734375,3.8314048552758764,3.286128444702194,4.061624181743435,4.3504336173686315,4.473709742983318,4.070284187127493,3.9012956925755864
2021_03_NYJ_DEN,2021,3,2021-09-26T16:05-04:00,DEN,NYJ,False,26.0,7.345689649286811,8.497355962900969,7.533549868492932,1.79052734375,9.608106076445472,8.719895492991547,8.821082222409622,8.09167602402847,8.201698979873747,8.713201324505505,8.662378596732523
2021_03_SEA_MIN,2021,3,2021-09-26T16:25-04:00,MIN,SEA,False,13.0,-0.6064801885053612,-1.9244727988557295,-0.7733060943446297,1.79052734375,-1.1160003710488204,-1.5561022300538485,-1.620509501734935,-1.1757639824646562,-0.861111571676354,-1.57370933039687,-1.864960052678476
2021_03_TB_LA,2021,3,2021-09-26T16:25-04:00,LAR,TB,False,10.0,0.366192727826108,2.254497623600331,1.4458390667748642,1.79052734375,3.612111251705648,4.190095134646091,3.2436942808666474,3.099015976116635,1.7148202608182217,3.2070510191048545,3.206976379754982
2021_03_GB_SF,2021,3,2021-09-26T20:20-04:00,SF,GB,False,-2.0,-0.9257058479804876,-2.159094481433321,0.896902688195776,1.79052734375,-2.060069842419928,-2.084732203635141,-2.335903144626171,-2.5833101899690334,-1.9062585784516122,-2.400457025274255,-2.5271672893445984
2021_03_PHI_DAL,2021,3,2021-09-27T20:15-04:00,DAL,PHI,False,20.0,4.3644159493800245,4.713611764632999,3.3266508246855553,1.79052734375,4.133810946625835,3.8432967880267808,3.3367476376000926,3.3418054678056963,3.705862125993394,3.444471598059745,3.127983028970779
2021_04_JAX_CIN,2021,4,2021-09-30T20:20-04:00,CIN,JAX,False,3.0,5.873554788555371,8.739493957289895,8.044306399410075,1.79052734375,8.853489412401009,10.107807309923007,10.022709731874517,9.326232074530775,8.361576093937423,9.926419399857561,9.923287081879124
2021_04_CAR_DAL,2021,4,2021-10-03T13:00-04:00,DAL,CAR,False,8.0,2.6705353423621387,4.17964297101168,2.5429096224079992,1.79052734375,3.213940187233643,4.158416837473904,2.7925617814866577,3.2923291251083686,3.964019454878545,2.8117429072967797,2.5546538327456867
2021_04_CLE_MIN,2021,4,2021-10-03T13:00-04:00,MIN,CLE,False,-7.0,2.1997554083696547,0.5336967367515394,1.1697099777316624,1.79052734375,0.8441498488238284,0.949095552515604,0.3767101583730281,0.49507528362220676,0.819718137270196,0.37702478263293226,0.1670428320148798
2021_04_DET_CHI,2021,4,2021-10-03T13:00-04:00,CHI,DET,False,10.0,4.9338726222180025,2.7411289807148114,4.54939385798246,1.79052734375,3.2639752531824087,4.223076367878284,3.417620995924424,3.548705443348657,3.415050811453234,3.2664799698117344,3.2396354863926726
2021_04_HOU_BUF,2021,4,2021-10-03T13:00-04:00,BUF,HOU,False,40.0,10.262378208456443,12.587971326143425,10.374951958781542,1.79052734375,13.378325722738818,14.16998636993915,13.641927570744143,12.962030268453377,12.452830610677177,13.835223638613964,13.552671544320715
2021_04_IND_MIA,2021,4,2021-10-03T13:00-04:00,MIA,IND,False,-10.0,1.0154831332280754,0.47111110097878184,1.7443988120216682,1.79052734375,0.13617940147668728,-0.5706966005026375,-0.9521653078090461,-1.493040665776706,-0.7033349719729606,-0.8549232508191813,-1.1486632306372877
2021_04_KC_PHI,2021,4,2021-10-03T13:00-04:00,PHI,KC,False,-12.0,-5.74217878792394,-6.833345341834215,-1.477379218913108,1.79052734375,-5.968144537906416,-5.7216069446885625,-4.65801033384777,-5.262054858369804,-4.425484279911486,-4.866052954859151,-4.840660708136615
2021_04_NYG_NO,2021,4,2021-10-03T13:00-04:00,NO,NYG,False,-6.0,12.666710102114536,11.911625411614793,10.90775283022488,1.79052734375,11.062495673853892,10.026222493614355,9.639494942944513,10.000502362860058,10.626871472945616,9.714233371619184,9.486739147887771
2021_04_TEN_NYJ,2021,4,2021-10-03T13:00-04:00,NYJ,TEN,False,3.0,-6.405971134875061,-8.089235277230264,-5.253320433218051,1.79052734375,-9.156273146772461,-9.75476301181279,-8.812362978517573,-8.993854790349646,-8.572046540067383,-8.930128506495343,-8.97830252149535
2021_04_WAS_ATL,2021,4,2021-10-03T13:00-04:00,ATL,WAS,False,-4.0,1.3887639221534243,3.9506247069505034,2.540667636832308,1.79052734375,1.8981724252896917,2.609062975464793,2.4670979684104775,2.7428983651245242,0.790283616917796,2.475319505726971,2.3105453391152064
2021_04_ARI_LA,2021,4,2021-10-03T16:05-04:00,LAR,ARI,False,-17.0,4.964390872367822,4.592783526314809,4.501874079965052,1.79052734375,5.030998179388277,5.0942404981879115,4.963640452249312,5.479347453997453,4.255053721122542,4.816076151142409,4.837495092660492
2021_04_SEA_SF,2021,4,2021-10-03T16:05-04:00,SF,SEA,False,-7.0,0.9413187210196182,0.20678499294941033,2.210763794344806,1.79052734375,-0.2039203994795793,-1.052098733990308,0.06222292729851003,-0.044228581399278766,0.8286523443677679,0.1021248328632412,-0.1497781109558276
2021_04_BAL_DEN,2021,4,2021-10-03T16:25-04:00,DEN,BAL,False,-16.0,-0.5558843228824693,-0.061125002617284374,0.4430685815170192,1.79052734375,1.088569948880055,1.4163810753802766,2.0193435321157507,0.4109799200813451,1.28485844739077,2.0021662903400523,1.9913602732684796
2021_04_PIT_GB,2021,4,2021-10-03T16:25-04:00,GB,PIT,False,10.0,6.079334141838642,6.633032124087153,5.89055405058303,1.79052734375,7.015727609805424,7.724437418802527,8.277889684172836,7.7030406084619845,8.08386842875086,8.323805595812154,8.092390358947387
2021_04_TB_NE,2021,4,2021-10-03T20:20-04:00,NE,TB,False,-2.0,-2.453262962048637,-3.3985141236160485,-1.491351159752603,1.79052734375,-2.3435421637700316,-2.3910954002235725,-3.8381467153181763,-4.024339415695814,-3.0920686074506927,-3.8116467639472766,-3.9576533848830477
2021_04_LV_LAC,2021,4,2021-10-04T20:15-04:00,LAC,LV,False,14.0,3.1279807907042514,3.914969583869379,2.349980742131942,1.79052734375,2.6768267558511383,3.9889753963329477,4.082274752777239,3.7577613530888354,4.3104829699350855,4.01251990820031,3.8829712460161847
2021_05_LA_SEA,2021,5,2021-10-07T20:20-04:00,SEA,LAR,False,-9.0,2.544155527623195,0.8704794607835871,2.2711644548283316,1.79052734375,0.49655960080989153,1.012409008612813,0.6206633490876388,0.20653559687873113,1.3895482097535528,0.5303623594697928,0.3964558678140392
2021_05_NYJ_ATL,2021,5,2021-10-10T09:30-04:00,ATL,NYJ,True,7.0,1.6708979538800461,4.786930232844355,3.475175784723745,1.79052734375,3.891976082733606,3.5656787809439647,4.060075589497864,3.8030868314030872,3.2850591896256685,4.147432744981938,6.506725740982093
2021_05_DEN_PIT,2021,5,2021-10-10T13:00-04:00,PIT,DEN,False,8.0,4.856252737701063,5.616281969266642,2.250301164789458,1.79052734375,4.345853405199369,3.7166902870712804,3.9792036890975258,5.033145524293698,3.8760789234997928,3.8847340279741918,3.8135915679091443
2021_05_DET_MIN,2021,5,2021-10-10T13:00-04:00,MIN,DET,False,2.0,9.57703324538842,7.492538638972543,7.025993656675577,1.79052734375,8.755932445449462,8.994638905876217,8.45821884337151,8.315599012768164,9.119317577576023,8.530556468242258,8.285504457397684
2021_05_GB_CIN,2021,5,2021-10-10T13:00-04:00,CIN,GB,False,-3.0,-4.743170095912121,-4.286539299010443,-2.3906790670699545,1.79052734375,-3.990940084845269,-4.897393737596714,-5.179967160647232,-6.028291254895463,-5.685245960049324,-5.27317085715482,-5.34184718019142
2021_05_MIA_TB,2021,5,2021-10-10T13:00-04:00,TB,MIA,False,28.0,8.856004665018494,8.644758373929122,7.896202488841851,1.79052734375,8.458248450005525,9.230638941400763,9.108486003885014,9.294266893922309,9.73655690692717,9.040559322829843,8.888243429428552
2021_05_NE_HOU,2021,5,2021-10-10T13:00-04:00,HOU,NE,False,-3.0,-3.319149449412948,-5.339788224304968,-1.03417779482663,1.79052734375,-5.668408643893921,-4.93716693417619,-4.738318201521055,-4.960458648635616,-4.200896893490653,-4.8690580128739285,-4.978498528648015
2021_05_NO_WAS,2021,5,2021-10-10T13:00-04:00,WAS,NO,False,-11.0,-6.354586560708976,-6.399211478063204,-3.1671556648365797,1.79052734375,-5.122384829779643,-4.315325200326624,-3.771101864646381,-4.355801476536202,-2.9918683777064032,-3.789025716908456,-3.9439109334201663
2021_05_PHI_CAR,2021,5,2021-10-10T13:00-04:00,CAR,PHI,False,-3.0,3.964514287247208,2.279974055003042,6.16465835883684,1.79052734375,2.871395391551201,3.3368193432881594,3.089298484350948,2.7998588451075257,2.587472199792781,3.1156176609076116,2.9537741710710157
2021_05_TEN_JAX,2021,5,2021-10-10T13:00-04:00,JAX,TEN,False,-18.0,-3.2387110547208207,-4.476865358852591,-3.9851015549049684,1.79052734375,-5.42411173660186,-6.411959668363063,-6.876154426375834,-7.372110011358825,-5.89282312441308,-6.997711236152497,-7.110796885991554
2021_05_CHI_LV,2021,5,2021-10-10T16:05-04:00,LV,CHI,False,-11.0,2.768892479380505,3.4730692351816215,4.181089703571751,1.79052734375,4.150275389571183,3.507860870707159,3.6816083844098957,3.5677602530951646,4.109605492424049,3.8874581111174686,3.534168921352626
2021_05_CLE_LAC,2021,5,2021-10-10T16:05-04:00,LAC,CLE,False,5.0,3.146911913989859,2.9783284838732857,1.5638179380653296,1.79052734375,2.058815837913992,2.2801058895548367,2.2871207099701683,2.015287532211545,2.8732841263373166,2.2592001842177885,2.0691687520002797
2021_05_NYG_DAL,2021,5,2021-10-10T16:25-04:00,DAL,NYG,False,24.0,5.9879884650541895,6.975348797670367,6.219614903955966,1.79052734375,6.184679315086276,4.7778518891353,5.03162966496541,5.024789952854779,6.212720573661981,5.056980433535799,4.838615288879536
2021_05_SF_ARI,2021,5,2021-10-10T16:25-04:00,ARI,SF,False,7.0,4.991725968451334,5.634537101184449,5.397812240013531,1.79052734375,6.220841547668476,6.365146324464325,6.509038232763276,6.34487984349211,5.399448209010263,6.589583905835735,6.102609427245138
2021_05_BUF_KC,2021,5,2021-10-10T20:20-04:00,KC,BUF,False,-18.0,-0.3277902780461135,0.19094637373877354,-1.6934795737766901,1.79052734375,-0.9718796883556458,-1.3025110896371137,-1.6716818510624514,-0.47866480921639987,-1.3449560450741276,-1.6058104786069474,-1.8216297411193252
2021_05_IND_BAL,2021,5,2021-10-11T20:15-04:00,BAL,IND,False,6.0,5.232972223812421,4.613020020206609,5.972837746562989,1.79052734375,4.723488883483791,4.470384582946558,4.401902477105812,4.761480234547637,5.857596587849048,4.573978172100576,4.215234445569149
2021_06_TB_PHI,2021,6,2021-10-14T20:20-04:00,PHI,TB,False,-6.0,-7.083650403761838,-6.103673193313247,-4.78877685477487,1.79052734375,-5.458061860414626,-5.601271231539441,-5.241005454778277,-5.588473858687125,-5.495677392000113,-5.287599028200642,-5.395212695895386
2021_06_MIA_JAX,2021,6,2021-10-17T09:30-04:00,JAX,MIA,True,3.0,-5.8009181357290505,-5.857691468493784,-4.005477731531574,1.79052734375,-6.104261878415165,-6.99881786786228,-6.52966554153942,-6.787340740701071,-5.706607284973629,-6.475033201936465,-4.150047186466055
2021_06_CIN_DET,2021,6,2021-10-17T13:00-04:00,DET,CIN,False,-23.0,-1.5116350602980368,-1.8176480378563196,-0.58930937949268,1.79052734375,-2.0741442371751977,-3.1155880415956956,-2.559236256754667,-1.8708613926575939,-2.2619058122884583,-2.663315342342849,-2.779915161072833
2021_06_GB_CHI,2021,6,2021-10-17T13:00-04:00,CHI,GB,False,-10.0,-4.439642375373577,-6.543301476217625,-1.9427696036998379,1.79052734375,-5.835306812910817,-4.121678685351271,-5.615457344474061,-5.884866973789386,-5.6914984371779935,-5.9442874754521045,-5.824629602250531
2021_06_HOU_IND,2021,6,2021-10-17T13:00-04:00,IND,HOU,False,28.0,9.214125686730043,11.665097623799301,7.3682842979363,1.79052734375,11.216698018757807,10.562614952844427,10.091579630584327,10.537772423203176,8.14702309878545,10.086013910931923,9.963003249097817
2021_06_KC_WAS,2021,6,2021-10-17T13:00-04:00,WAS,KC,False,-18.0,-3.704849567354345,-6.691921713198781,-1.409295754464409,1.79052734375,-4.96254535745074,-4.215591573370386,-3.6543834505143966,-4.35928323904375,-2.6433626153257226,-3.727611231933671,-3.8245809437651896
2021_06_LAC_BAL,2021,6,2021-10-17T13:00-04:00,BAL,LAC,False,28.0,3.942732701227176,3.7459218401483723,5.267522039402238,1.79052734375,3.541502331716921,3.955464826004079,3.0848406928729197,3.962511079775659,3.266222253188068,3.2028835322089515,2.9021871911630037
2021_06_LA_NYG,2021,6,2021-10-17T13:00-04:00,NYG,LAR,False,-27.0,-5.638212672040045,-7.464187228499677,-4.0392903578154655,1.79052734375,-7.337903200203401,-5.967788413629567,-5.839503480771973,-6.44285059895256,-5.414318707146631,-5.840263701795472,-6.0714520502761165
2021_06_MIN_CAR,2021,6,2021-10-17T13:00-04:00,CAR,MIN,False,-6.0,-0.43189646337052306,-0.8280248526780289,3.426998989017372,1.79052734375,-1.2171820173963965,-0.45128859893465734,0.01783401730339751,-0.4402928228726908,-0.3764231358579214,0.05803362025983505,-0.16172603922759343
2021_06_ARI_CLE,2021,6,2021-10-17T16:05-04:00,CLE,ARI,False,-23.0,0.14957094065467963,-1.0578374648864237,0.9400616039787146,1.79052734375,-0.5465361321824692,0.03789382374618211,-0.27197157238531355,0.060253508890708796,-0.16474864702590697,-0.41575648282851885,-0.45222573896534823
2021_06_DAL_NE,2021,6,2021-10-17T16:25-04:00,NE,DAL,False,-6.0,-2.8083826747837586,-3.0314363063597187,-0.8037460088010198,1.79052734375,-2.604525432708497,-2.3959653521274773,-3.179257937223512,-2.4196302684489206,-3.019824227933853,-3.126426155914933,-3.2770909567668975
2021_06_LV_DEN,2021,6,2021-10-17T16:25-04:00,DEN,LV,False,-10.0,1.3095954450007867,1.775710884451742,3.3046447652682707,1.79052734375,1.814390717836949,1.375367932968584,2.5645963469129205,2.031204248340166,2.4606215563014096,2.58831190438252,2.440403517477465
2021_06_SEA_PIT,2021,6,2021-10-17T20:20-04:00,PIT,SEA,False,3.0,3.30509774815071,5.3861619495203295,1.1353914747661487,1.79052734375,3.7287125134901857,2.7552240460140265,2.7056897382905953,2.787897306136152,0.7418355438098321,2.6423364426496168,2.550115140947783
2021_06_BUF_TEN,2021,6,2021-10-18T20:15-04:00,TEN,BUF,False,3.0,-6.734990665868068,-7.647025615787113,-4.31045860883615,1.79052734375,-7.2096358029972185,-6.933587759989452,-6.472557124112036,-5.333061914686211,-6.586972260459364,-6.424605402452962,-6.590318613167869
2021_07_DEN_CLE,2021,7,2021-10-21T20:20-04:00,CLE,DEN,False,3.0,3.511036769954135,1.584051508716114,4.607737357996452,1.79052734375,1.4769701077444979,3.625510774919838,3.830301430748256,4.555055326273532,4.7554459675017275,3.682446825981228,3.6160797073605586
2021_07_ATL_MIA,2021,7,2021-10-24T13:00-04:00,MIA,ATL,False,-2.0,-2.0587786712476785,-2.9509003840600823,1.2196327307454902,1.79052734375,-2.4305255268316643,-1.784489725611292,-2.4357415642821447,-1.9494390659829857,-2.320754533102458,-2.4396297574830568,-1.2015410416351466
2021_07_CAR_NYG,2021,7,2021-10-24T13:00-04:00,NYG,CAR,False,22.0,-0.6012811693819577,0.13969013449927734,-1.7972963060234033,1.79052734375,0.2154415581540311,0.1694901857937738,0.597800817404198,0.4988898387090126,0.3558915474355717,0.5283292288951222,0.4179492176955808
2021_07_CIN_BAL,2021,7,2021-10-24T13:00-04:00,BAL,CIN,False,-24.0,6.832800780400233,5.576967889769217,8.204534903972984,1.79052734375,5.522184351580663,6.592837188637718,6.066000360356852,7.467436231346749,7.025273965340241,6.126086162027303,5.832074942529886
2021_07_KC_TEN,2021,7,2021-10-24T13:00-04:00,TEN,KC,False,24.0,-0.6624555143912698,-2.521680556720023,1.6329806061215772,1.79052734375,-0.798279209680023,-1.1068660407190243,0.27752266711057577,-0.02356570964888982,0.10374251797614908,0.2682620792313887,0.12411809350591962
2021_07_NYJ_NE,2021,7,2021-10-24T13:00-04:00,NE,NYJ,False,41.0,5.091210671154543,6.606064147581879,8.33521459672576,1.79052734375,6.937944282801308,6.340954677319517,5.927460249775412,6.569113178670408,6.726615874121862,5.977051638651633,5.752546933645039
2021_07_WAS_GB,2021,7,2021-10-24T13:00-04:00,GB,WAS,False,14.0,9.966149901892525,11.98008109154803,10.274709519727303,1.79052734375,10.860947631173277,10.919035178877424,11.257928624119405,11.8006188536541,10.333020717200695,11.219014738890586,11.095021628128977
2021_07_DET_LA,2021,7,2021-10-24T16:05-04:00,LAR,DET,False,9.0,13.546241380464151,13.504909124228336,13.234062724807373,1.79052734375,14.610084911379705,14.98217411162657,14.640041476730111,14.820337028117983,14.28301303577905,14.775405023130752,14.51062420772428
2021_07_PHI_LV,2021,7,2021-10-24T16:05-04:00,LV,PHI,False,11.0,3.962152592064387,2.9255128620831563,4.212099331945,1.79052734375,3.68546885360352,2.532263713539593,3.4600378541164036,3.5401882936912203,3.5123862406356983,3.4384708214462565,3.317069077099387
2021_07_CHI_TB,2021,7,2021-10-24T16:25-04:00,TB,CHI,False,35.0,9.529898323844662,9.847224466979496,9.264427879767261,1.79052734375,9.124884539325308,9.24809055475382,9.740350796612596,9.561404760886107,10.734075888003662,9.965432079427398,9.53512212516855
2021_07_HOU_ARI,2021,7,2021-10-24T16:25-04:00,ARI,HOU,False,26.0,13.65975103556839,16.549535985134934,13.058367491778359,1.79052734375,16.878288608649108,16.499498664577924,16.227235708380213,15.892883607666507,15.297781148075595,16.370945033705098,16.122250001772365
2021_07_IND_SF,2021,7,2021-10-24T20:20-04:00,SF,IND,False,-12.0,1.1531408734324258,0.04082583758001701,0.5519427898305567,1.79052734375,-0.03902592311132247,-0.36349791092904926,-0.1269903271589652,-0.6384141273426918,1.210052899324249,-0.07304425007648163,-0.2632906375072104
2021_07_NO_SEA,2021,7,2021-10-25T20:15-04:00,SEA,NO,False,-3.0,-3.859968465447774,-6.302002058100106,-0.8126476080046974,1.79052734375,-5.299181297728978,-4.588868173279222,-4.707844815268822,-4.724965013650277,-3.7824029707385725,-4.8532941459775225,-4.861165325415001
2021_08_GB_ARI,2021,8,2021-10-28T20:20-04:00,ARI,GB,False,-3.0,0.941655829138828,1.0627932564876308,4.0225621786006975,1.79052734375,1.7767909799807295,2.1824894285646206,2.128422994114228,1.3402555671320444,2.1258227142973665,2.062229150967564,1.9634311758317704
2021_08_CAR_ATL,2021,8,2021-10-31T13:00-04:00,ATL,CAR,False,-6.0,4.78133896069422,6.098466164989414,2.30606857929356,1.79052734375,5.147960360759589,5.600342454761465,5.450502527191347,5.010783271084728,5.194194844288542,5.385438893704773,5.303131373014151
2021_08_CIN_NYJ,2021,8,2021-10-31T13:00-04:00,NYJ,CIN,False,3.0,-9.045392289175089,-10.664165939093913,-7.0365439990049055,1.79052734375,-10.50569876547791,-9.77286398905339,-9.052153307611386,-8.077416828219214,-7.109578626558992,-9.02493175548266,-9.260589147705257
2021_08_LA_HOU,2021,8,2021-10-31T13:00-04:00,HOU,LAR,False,-16.0,-9.763181703452215,-13.271544061827168,-8.43848255761262,1.79052734375,-13.742365295457969,-14.256941722730406,-13.967293064448349,-14.233006098601,-12.36470034183364,-14.060840262949707,-14.218368897205268
2021_08_MIA_BUF,2021,8,2021-10-31T13:00-04:00,BUF,MIA,False,15.0,13.035333199542627,13.547671482061233,14.110916087981867,1.79052734375,14.06906236409884,15.254427548594123,15.429715060593601,15.224870197888201,15.810289666706623,15.454877565880842,15.202893980985689
2021_08_PHI_DET,2021,8,2021-10-31T13:00-04:00,DET,PHI,False,-38.0,-1.273880181011569,-0.0034444744320263343,-0.49164500182373505,1.79052734375,-0.6115061518380009,-1.4099666165141262,-1.6403286758980302,-1.896347642996097,-2.0661298360225944,-1.7782499976532369,-1.769453391990774
2021_08_PIT_CLE,2021,8,2021-10-31T13:00-04:00,CLE,PIT,False,-5.0,-0.26667274376222727,0.355767427488354,2.7367070692880193,1.79052734375,1.8719699886035537,2.5066851300333877,2.811379074716747,2.638134389778695,2.298602996907169,2.7915079260718745,2.648867084820157
2021_08_SF_CHI,2021,8,2021-10-31T13:00-04:00,CHI,SF,False,-11.0,-1.5029331134446378,-3.738096184284205,0.09684542359940451,1.79052734375,-2.6212952550837136,-2.896678842027196,-3.0799572428353694,-2.452239419329426,-3.2842042947119383,-3.274355273424332,-3.2960263956918388
2021_08_TEN_IND,2021,8,2021-10-31T13:00-04:00,IND,TEN,False,-3.0,1.4180528358989708,2.520195377360949,2.3264765642107386,1.79052734375,1.2332066457295765,1.6313715991866231,1.2419663586327383,1.6077050323216326,0.20745252242476964,0.9292682190638575,1.0094312724671473
2021_08_JAX_SEA,2021,8,2021-10-31T16:05-04:00,SEA,JAX,False,24.0,9.73175209912173,6.896140359977402,10.189013986172657,1.79052734375,8.32025236292399,8.84213376360082,8.095903135505075,8.33244218049268,8.214548533231644,7.958233122372543,8.005392724115122
2021_08_NE_LAC,2021,8,2021-10-31T16:05-04:00,LAC,NE,False,-3.0,4.5648141851757345,5.08568505435244,1.6383422668498908,1.79052734375,4.787755376408452,3.749081841377216,4.661712904108671,4.330977722987972,4.009648724123174,4.561994629941545,4.5062673683637495
2021_08_TB_NO,2021,8,2021-10-31T16:25-04:00,NO,TB,False,9.0,-0.6857607208767429,-1.274766544187957,0.36265332657620863,1.79052734375,-0.9371096536683801,-0.5990936217071373,-1.1527472374610954,-0.5055140844512145,-1.2548836109383084,-1.0313998941747662,-1.2269229335910876
2021_08_WAS_DEN,2021,8,2021-10-31T16:25-04:00,DEN,WAS,False,7.0,2.1663958352262456,3.7082103073323527,4.8383473800842784,1.79052734375,3.5894396272367945,3.7019860572419425,4.224454250777576,3.8918080052842905,3.3590942133850574,4.1384858769949755,4.097440157973111
2021_08_DAL_MIN,2021,8,2021-10-31T20:20-04:00,MIN,DAL,False,-4.0,0.9906044497507291,2.919738421171826,-0.9920445523438581,1.79052734375,4.892982415760991,4.314789473436914,3.660937684201847,4.084619511119637,0.8359471834076675,3.5527996040905436,3.5044196620477552
2021_08_NYG_KC,2021,8,2021-11-01T20:15-04:00,KC,NYG,False,3.0,6.996035834897664,8.792180155608248,7.104098370800192,1.79052734375,7.535098019886753,7.464312481414101,7.080054952530451,8.023466964373384,7.781277460592964,7.238525249521642,6.857433450097462
2021_09_NYJ_IND,2021,9,2021-11-04T20:20-04:00,IND,NYJ,False,15.0,12.750804716509931,14.448835185969589,12.553335985395467,1.79052734375,13.779247480694078,13.160301981240103,13.060944438100949,13.120711334007183,10.582519210637344,12.944938765076738,12.848760164353012
2021_09_ATL_NO,2021,9,2021-11-07T13:00-05:00,NO,ATL,False,-2.0,8.889603931262638,4.429928917547306,10.624024801068192,1.79052734375,5.350358252620174,6.291857385301281,5.575519637454929,6.187559414764246,7.458262602821043,5.554561589219512,5.36824764319049
2021_09_BUF_JAX,2021,9,2021-11-07T13:00-05:00,JAX,BUF,False,3.0,-11.58123927636396,-12.784757239033272,-12.926604949416205,1.79052734375,-13.430033757502617,-15.50169019231464,-15.335183016296696,-15.109415959801797,-15.143474295513473,-15.424761951270646,-15.50035790687075
2021_09_CLE_CIN,2021,9,2021-11-07T13:00-05:00,CIN,CLE,False,-25.0,2.872383835396132,3.2734457656131797,3.590324914905753,1.79052734375,2.3317893932164164,2.5460273426039404,2.491358972780864,1.5345498078786588,2.5864160436620347,2.5751515051975287,2.3097437475173654
2021_09_DEN_DAL,2021,9,2021-11-07T13:00-05:00,DAL,DEN,False,-14.0,6.2740088639772775,6.4189574711821145,7.5747168562137555,1.79052734375,5.481938273282709,5.802681593025861,6.15360328325786,6.360241528914852,7.1094224781800754,6.163452191416237,5.89969723369029
2021_09_HOU_MIA,2021,9,2021-11-07T13:00-05:00,MIA,HOU,False,8.0,7.114650442883834,4.773974338286342,5.55723212538603,1.79052734375,4.953417669506703,4.264794375830839,3.858613262569432,3.536093074929367,3.263442043983483,3.789702354738097,3.6244198866975905
2021_09_LV_NYG,2021,9,2021-11-07T13:00-05:00,NYG,LV,False,7.0,-0.686499777487029,-0.18988846499162726,-0.5369043935356173,1.79052734375,-0.6561539869312457,-0.3838435189638324,-1.2292869953420007,-1.4926676904383536,-2.0377086371404105,-1.2174500109007593,-1.3298238372449553
2021_09_MIN_BAL,2021,9,2021-11-07T13:00-05:00,BAL,MIN,False,3.0,3.745423475353241,4.3726394608958525,7.040321409689331,1.79052734375,3.305969862837961,3.879613094009516,4.025405640704475,5.150917539254494,4.423991098475526,4.105563526892456,3.783805289707952
2021_09_NE_CAR,2021,9,2021-11-07T13:00-05:00,CAR,NE,False,-18.0,0.28446367267514644,-0.4390149889659958,-0.12083183076494919,1.79052734375,-0.21803552189511066,-1.2911078936991343,-0.7961568507774488,-1.2947355589731768,-1.518040766087002,-0.8515396239407429,-0.8981866930600708
2021_09_LAC_PHI,2021,9,2021-11-07T16:05-05:00,PHI,LAC,False,-3.0,1.4182410652805466,0.344107745001471,1.6307531321346052,1.79052734375,0.6709878615608162,0.27316417644484203,0.2828286147325997,-0.08192075110908312,0.27318157137116317,0.33257911924806915,0.11294576993110228
2021_09_ARI_SF,2021,9,2021-11-07T16:25-05:00,SF,ARI,False,-14.0,-1.5570221442443695,-0.5482844160266045,-2.6912029812004077,1.79052734375,-0.8436160497890621,-1.419402041270763,-0.8746092015548759,-0.8002595643673529,-1.6816225833076635,-0.7932627772514458,-1.0307793683431596
2021_09_GB_KC,2021,9,2021-11-07T16:25-05:00,KC,GB,False,6.0,-2.513159654243049,3.0389666638401787,-1.4907044556580744,1.79052734375,2.8053575224346106,2.125908731116368,2.192019350797907,2.506813751717862,-0.44786825949500675,2.317542199142464,2.040585729147958
2021_09_TEN_LA,2021,9,2021-11-07T20:20-05:00,LAR,TEN,False,-12.0,2.878670369287028,3.7422906781156726,3.6522847423963913,1.79052734375,3.2709316061574545,3.3645089197568243,3.2420641869477547,3.5661179759751036,2.5714097905934734,2.990451503379514,3.093369814937811
2021_09_CHI_PIT,2021,9,2021-11-08T20:15-05:00,PIT,CHI,False,2.0,9.079876435399774,10.71581944069695,6.977981359456907,1.79052734375,9.778398240874207,9.07449681303815,8.929927781120199,8.313084125040186,9.174855319608453,8.953456257708352,8.804022661408586
2021_10_BAL_MIA,2021,10,2021-11-11T20:20-05:00,MIA,BAL,False,12.0,-5.0334929229473335,-5.293824027685996,-5.33946880710174,1.79052734375,-5.604364549305491,-5.5225836130026345,-5.403191177992579,-6.571920768101493,-6.089188036382783,-5.396314413667874,-5.572571700643448
2021_10_ATL_DAL,2021,10,2021-11-14T13:00-05:00,DAL,ATL,False,40.0,3.0291873599765986,2.9529730002106787,6.5747767743266445,1.79052734375,3.378777657639501,3.4565636511762214,3.2987059230505453,3.7372139253843764,4.388634621671786,3.2987970631877097,3.0692454797944295
2021_10_BUF_NYJ,2021,10,2021-11-14T13:00-05:00,NYJ,BUF,False,-28.0,-11.398016895412525,-12.926644184350096,-11.395920704301744,1.79052734375,-13.404410162226613,-14.220371331538198,-13.632358610819733,-13.533555819394602,-12.371683730813128,-13.718041807671263,-13.808818175389263
2021_10_CLE_NE,2021,10,2021-11-14T13:00-05:00,NE,CLE,False,38.0,0.9788161354306211,0.635994438972697,3.8305495952583453,1.79052734375,-0.08892234839400137,0.7381565744627636,0.2519773409396704,0.0018569719793548045,1.6286979476413357,0.4225410725061962,0.01628217783235142
2021_10_DET_PIT,2021,10,2021-11-14T13:00-05:00,PIT,DET,False,0.0,9.929870020917303,5.236116123407991,9.979139349446921,1.79052734375,6.674382246714234,7.400583830524068,7.012481880288695,7.1816006774759735,8.641581792934852,7.055674696008859,6.888907216908876
2021_10_JAX_IND,2021,10,2021-11-14T13:00-05:00,IND,JAX,False,6.0,11.556107280016045,12.872609586673823,12.062029090288174,1.79052734375,12.660346871972871,13.516815991561813,13.16808008200948,13.622732057792046,11.861738025976964,13.01351883788277,12.90377823659501
2021_10_NO_TEN,2021,10,2021-11-14T13:00-05:00,TEN,NO,False,2.0,1.502437669863787,3.803943602646588,3.1528533920592796,1.79052734375,3.6380065337217657,2.724170528189473,3.2347691468369417,2.459390463776103,3.3359885517946903,3.5121403161306253,3.090820125360447
2021_10_TB_WAS,2021,10,2021-11-14T13:00-05:00,WAS,TB,False,10.0,-8.339128206808008,-9.796389401476155,-7.681502968357048,1.79052734375,-8.542445682997613,-8.366984660847574,-8.625581077487935,-8.53466024386353,-8.2027219821967,-8.559102256416935,-8.767327652441192
2021_10_CAR_ARI,2021,10,2021-11-14T16:05-05:00,ARI,CAR,False,-24.0,8.515531262454555,9.350951683723972,11.525019240091021,1.79052734375,8.728319717333537,10.740714805304371,10.892382219968425,11.090373388520849,11.108010173674296,10.823769810527132,10.714451578385457
2021_10_MIN_LAC,2021,10,2021-11-14T16:05-05:00,LAC,MIN,False,-7.0,0.9627342033477475,2.0383022398561534,2.4692060794567463,1.79052734375,1.090575055794517,1.1632500340773488,1.917718548126405,2.015428613673641,2.053911187750069,1.8675483584591723,1.716597681392382
2021_10_PHI_DEN,2021,10,2021-11-14T16:25-05:00,DEN,PHI,False,-17.0,-0.1510671941236399,-0.22781528258991013,4.160150665780663,1.79052734375,0.7150673180700872,1.9778784648907755,1.5898034410224295,1.44919414554399,1.5598483491207307,1.5324020225387303,1.4840981921319203
2021_10_SEA_GB,2021,10,2021-11-14T16:25-05:00,GB,SEA,False,17.0,4.452884502089487,5.290868172751738,4.873485587809485,1.79052734375,5.219938812346497,5.150373166322993,5.716069585238765,5.642013367667094,5.470714800398061,5.847250683822632,5.573256054564937
2021_10_KC_LV,2021,10,2021-11-14T20:20-05:00,LV,KC,False,-27.0,-1.833137545668355,-4.06938615557791,0.4213501146659273,1.79052734375,-2.376976195815704,-2.743346736248009,-1.5604336093834408,-1.922810653576746,-1.4781793146493092,-1.7372413097450625,-1.760861523742694
2021_10_LA_SF,2021,10,2021-11-15T20:15-05:00,SF,LAR,False,21.0,-1.9946957269172796,-3.815039508203733,-1.89811756310577,1.79052734375,-4.920797517320791,-4.179931475243151,-4.584604274702754,-4.648080873645298,-3.5125878043295997,-4.624347152005676,-4.8397554482546825
2021_11_NE_ATL,2021,11,2021-11-18T20:20-05:00,ATL,NE,False,-25.0,-3.6099909591697146,-2.604506376502321,-4.954809290977938,1.79052734375,-3.307726433338312,-3.2652307216235346,-2.4565131491272614,-2.301592737558487,-4.16436767198987,-2.5794904959976397,-2.555925578911632
2021_11_BAL_CHI,2021,11,2021-11-21T13:00-05:00,CHI,BAL,False,-3.0,-3.3598667529591606,-2.217681366146528,-3.624950118937229,1.79052734375,-1.8377798755863148,-1.2374016486121826,-1.4473878678971812,-1.62098498600389,-3.623031906868888,-1.5139675937803447,-1.6641717937489182
2021_11_DET_CLE,2021,11,2021-11-21T13:00-05:00,CLE,DET,False,3.0,8.30166768424415,9.85996468504906,8.680253509092488,1.79052734375,11.461979600261103,10.505564435401533,10.25632291374048,11.272000355315942,7.525093181117439,10.19074596008721,10.092348074108017
2021_11_GB_MIN,2021,11,2021-11-21T13:00-05:00,MIN,GB,False,3.0,-1.674608355870736,-2.9176218420896904,-2.0627161269178034,1.79052734375,-1.7101947882951913,-2.3142355527242726,-2.8442134731951696,-3.109688290821717,-2.6159461759732254,-2.9832799546443853,-3.035410464879596
2021_11_HOU_TEN,2021,11,2021-11-21T13:00-05:00,TEN,HOU,False,-9.0,12.051588903438763,9.113430198432345,14.691090373445666,1.79052734375,11.446798639136977,13.508295900345562,12.892221180071974,12.86607898425779,13.10427146559712,13.086683539589892,12.813731433820788
2021_11_IND_BUF,2021,11,2021-11-21T13:00-05:00,BUF,IND,False,-26.0,6.085898118330837,5.48133969086809,7.675543245664581,1.79052734375,6.451043606046317,6.281039610751822,6.497299038259447,6.418051337137693,7.822935897888902,6.700337174837853,6.322760796037897
2021_11_MIA_NYJ,2021,11,2021-11-21T13:00-05:00,NYJ,MIA,False,-7.0,-4.5212377896746645,-4.543438995280674,-3.57511109902942,1.79052734375,-4.490434901715537,-4.381046508516293,-4.1807377063787445,-3.7418912768935013,-4.796866619807699,-4.224719835370394,-4.317427302169919
2021_11_NO_PHI,2021,11,2021-11-21T13:00-05:00,PHI,NO,False,11.0,-1.4255457611990359,1.3669469118480881,-1.9769758329801839,1.79052734375,0.857335365795993,-0.8944220308941988,-0.1895938136282167,-0.9263600080610028,-0.4601452957507588,-0.08280409316150905,-0.3984599058668121
2021_11_SF_JAX,2021,11,2021-11-21T13:00-05:00,JAX,SF,False,-20.0,-5.568426220760859,-5.895731116543395,-4.4766178514529855,1.79052734375,-5.641429497735356,-6.126433544950521,-5.935998219709742,-6.21816050673066,-6.06517281967071,-5.887073807442286,-6.107985039656511
2021_11_WAS_CAR,2021,11,2021-11-21T13:00-05:00,CAR,WAS,False,-6.0,2.8112067747992135,7.08679884528847,3.9885248671597,1.79052734375,5.817474678858851,5.297214712267109,5.259566496608668,4.334001485034863,3.343438707804566,5.261761987856248,5.200917052310481
2021_11_CIN_LV,2021,11,2021-11-21T16:05-05:00,LV,CIN,False,-19.0,0.7506949300736414,-0.6572728140547532,1.1376477292550546,1.79052734375,0.17006884687486623,0.35631884557068616,0.874534154572046,1.2624944690550972,1.3519306742516375,0.8387248862832175,0.666273896451286
2021_11_ARI_SEA,2021,11,2021-11-21T16:25-05:00,SEA,ARI,False,-10.0,0.8815012330594532,1.4285528742408244,-1.1621146311186905,1.79052734375,0.9768332357394947,1.8493581923483906,1.3210748833213903,1.4611875322933967,-0.16596447218810206,1.3642779111140149,1.203793351659004
2021_11_DAL_KC,2021,11,2021-11-21T16:25-05:00,KC,DAL,False,10.0,3.2590728409509904,4.241263581295652,1.8561054508878279,1.79052734375,3.415196012336943,3.387043130826206,2.774253254680542,3.1091251896194803,2.2992291308406196,2.8675091360742346,2.619397117833957
2021_11_PIT_LAC,2021,11,2021-11-21T20:20-05:00,LAC,PIT,False,4.0,1.9012761163281364,2.752586281126458,2.2673040004015665,1.79052734375,2.9413546087252733,2.216693830022073,3.0910851380592583,2.8194571366800365,3.375790060718947,3.1538255706963922,2.8676508883870095
2021_11_NYG_TB,2021,11,2021-11-22T20:15-05:00,TB,NYG,False,20.0,9.468927539722657,9.8265951040783,9.746991285396398,1.79052734375,8.906235077178053,8.339066340861878,8.542254143143316,8.849642519508514,9.157655070549373,8.52750445871856,8.365536786853504
2021_12_CHI_DET,2021,12,2021-11-25T12:30-05:00,DET,CHI,False,-2.0,-0.5035870509303428,-0.3139007357771556,-0.12027198843838738,1.79052734375,-0.12633883861743178,-0.5392631362900584,0.0022364722272478765,-1.2936152020177167,-0.08699294272963498,-0.156581119840691,-0.17305383444336753
2021_12_LV_DAL,2021,12,2021-11-25T16:30-05:00,DAL,LV,False,-3.0,7.47084990380894,7.841396041125915,9.111752343262832,1.79052734375,7.076423683582426,7.247161471165983,7.021197920318668,6.654364638426785,7.790140162593003,7.080076612825398,6.863087135452339
2021_12_BUF_NO,2021,12,2021-11-25T20:20-05:00,NO,BUF,False,-25.0,-1.2757922554872705,-5.214703798246308,-0.2976371640160549,1.79052734375,-5.619232669930112,-4.095353210805563,-4.630271714134823,-4.32908275080832,-3.935416463300995,-4.742342065782525,-4.747483743494327
2021_12_ATL_JAX,2021,12,2021-11-28T13:00-05:00,JAX,ATL,False,-7.0,-0.9012155280364492,-2.881843507661659,0.14872742830439378,1.79052734375,-2.317675952685267,-2.19906229641906,-2.3712102266283654,-2.6634953436325675,-1.4321323743488559,-2.325784536857738,-2.576217831137832
2021_12_CAR_MIA,2021,12,2021-11-28T13:00-05:00,MIA,CAR,False,23.0,0.16729538042413394,-1.8138603879169954,2.1837313600099266,1.79052734375,-1.308813585869861,-1.0662405796481598,-1.045355181205416,-0.6726025466725294,0.5732477056764725,-0.9955486708116972,-1.3021557805709703
2021_12_NYJ_HOU,2021,12,2021-11-28T13:00-05:00,HOU,NYJ,False,-7.0,4.954713803877495,8.606553808527947,5.6078702994914575,1.79052734375,7.305960001702301,6.674138756158303,6.939234714016185,6.205603911491907,7.709289728954097,7.111139027622434,6.835776695867953
2021_12_PHI_NYG,2021,12,2021-11-28T13:00-05:00,NYG,PHI,False,6.0,-2.592896960122074,-2.480815331577398,-1.636294488025885,1.79052734375,-2.2068189684166217,-1.8281864124127045,-2.320819917765782,-2.5062435704827326,-3.057749769870985,-2.379759988182354,-2.4325751386847867
2021_12_PIT_CIN,2021,12,2021-11-28T13:00-05:00,CIN,PIT,False,31.0,0.352574969170683,1.6048567232855107,3.9182621769382386,1.79052734375,1.9404335960259709,2.1056508211373974,2.409893416959104,1.5598223289657016,2.117111393942894,2.507585983672165,2.2388094977957764
2021_12_TB_IND,2021,12,2021-11-28T13:00-05:00,IND,TB,False,-7.0,0.4074513486021291,1.0949855025396835,1.0038752718235764,1.79052734375,1.305212577451642,1.4040322183996103,1.0798482465014838,1.1311326849864465,-0.23191392444626757,0.9589100022598545,0.8765225887824317
2021_12_TEN_NE,2021,12,2021-11-28T13:00-05:00,NE,TEN,False,23.0,4.3356970831773936,3.4706514130409722,4.6579988224151405,1.79052734375,3.2209593048108522,3.6730085512373116,2.5781142954159284,2.32589565179756,3.652434954646953,2.315089423347655,2.2918890413884445
2021_12_LAC_DEN,2021,12,2021-11-28T16:05-05:00,DEN,LAC,False,15.0,-0.6067400924514463,-1.575801920690251,1.6765290840844513,1.79052734375,-0.5562123680952,-0.2480017643851591,-0.6352715299949494,-0.87691660656479,-0.8017344500361021,-0.636402280720697,-0.7956547470241584
2021_12_LA_GB,2021,12,2021-11-28T16:25-05:00,GB,LAR,False,8.0,4.825485266056374,2.0515251315064122,5.140049379915114,1.79052734375,0.9491123562484433,0.9674198432812064,1.3396563658973728,0.9146557796554214,2.5811916688526892,1.4549940550531124,1.1437022490871627
2021_12_MIN_SF,2021,12,2021-11-28T16:25-05:00,SF,MIN,False,8.0,2.852767693875353,3.048156100928402,3.429395426000276,1.79052734375,1.8789538203112413,1.9841982859978986,2.0523112735717834,1.8397027824639567,2.3955397278153625,2.0606413683534934,1.8570097688352614
2021_12_CLE_BAL,2021,12,2021-11-28T20:20-05:00,BAL,CLE,False,6.0,3.9470141666844105,3.502504040282348,5.823264106806418,1.79052734375,2.566340174658924,2.719669145690979,2.5583263367766924,3.067499603393531,3.2665107070789867,2.6753961862191797,2.3867824503516317
2021_12_SEA_WAS,2021,12,2021-11-29T20:15-05:00,WAS,SEA,False,2.0,0.40309779435791987,-1.7165505662311624,0.060551291571044885,1.79052734375,-0.4808807234194626,-1.2708597260802699,-0.7171498871702211,-0.9129109629427543,0.40607485517147657,-0.6025069618102871,-0.9489188296163455
2021_13_DAL_NO,2021,13,2021-12-02T20:20-05:00,NO,DAL,False,-10.0,3.5721818352076964,-0.5954850535255956,2.288008640440376,1.79052734375,-1.3615514582620825,-0.9217759120965323,-1.4132345413832124,-0.9165962107810735,0.9262337110892909,-1.3561150776742834,-1.520094112426349
2021_13_ARI_CHI,2021,13,2021-12-05T13:00-05:00,CHI,ARI,False,-11.0,-6.532388065530391,-6.4380214184444915,-6.2086860884703,1.79052734375,-6.334284541138074,-6.087929448413859,-5.896254120728334,-5.4309619284395065,-5.823491963865485,-5.922231461711803,-6.108199487070846
2021_13_IND_HOU,2021,13,2021-12-05T13:00-05:00,HOU,IND,False,-31.0,-9.953058624168566,-8.34347441875463,-7.70528534814833,1.79052734375,-9.671357872308144,-9.100324189488486,-8.523512035030823,-9.127642385380783,-7.379060983133347,-8.321050069829505,-8.619669058904107
2021_13_LAC_CIN,2021,13,2021-12-05T13:00-05:00,CIN,LAC,False,-19.0,2.8128884077172183,2.707685415242479,6.390314095290574,1.79052734375,2.9385064687622466,3.214696881435608,3.1785646203244555,2.255790256707386,2.759417379093496,3.158252489300413,3.035931527431411
2021_13_MIN_DET,2021,13,2021-12-05T13:00-05:00,DET,MIN,False,2.0,-4.6055435644874985,-2.485514928083104,-4.452616234047256,1.79052734375,-3.7837487352325203,-4.883582602306458,-4.1357063968806305,-4.7721313500726295,-4.920766461908312,-4.304122959409703,-4.3596783008866
2021_13_NYG_MIA,2021,13,2021-12-05T13:00-05:00,MIA,NYG,False,11.0,3.365118039372643,5.1199026945166395,4.337084191418884,1.79052734375,5.4276547853748065,4.073758874670358,4.681372048195256,4.434294794043597,3.6836154660815765,4.742438166102889,4.534334375333807
2021_13_PHI_NYJ,2021,13,2021-12-05T13:00-05:00,NYJ,PHI,False,-15.0,-6.051783162938233,-7.067172727995099,-5.797020285116266,1.79052734375,-7.3726202087191215,-7.3445901741718504,-7.6482907066711725,-7.700903280780663,-8.338640851001683,-7.653294394392802,-7.820126063984832
2021_13_TB_ATL,2021,13,2021-12-05T13:00-05:00,ATL,TB,False,-13.0,-8.30737995522793,-6.9013349649711575,-8.02596663263073,1.79052734375,-7.04469964096087,-7.408867588928742,-7.32174150395456,-7.186084844641549,-8.49514493602298,-7.3862937855235815,-7.410304140850988
2021_13_JAX_LA,2021,13,2021-12-05T16:05-05:00,LAR,JAX,False,30.0,10.054508200501123,12.108893168135014,12.360647336316244,1.79052734375,12.55038930475483,12.449756528300279,12.158823291498717,12.988916430993322,11.366890889005163,12.08203856086443,12.066609293969552
2021_13_WAS_LV,2021,13,2021-12-05T16:05-05:00,LV,WAS,False,-2.0,0.2225917287057615,1.4687296741034268,1.7024383797879317,1.79052734375,1.2325651921771101,0.9207733424240313,1.340959910974591,1.6606990191754265,0.7992279554094479,1.318094514365611,1.107680968740416
2021_13_BAL_PIT,2021,13,2021-12-05T16:25-05:00,PIT,BAL,False,1.0,0.5642490011753459,-0.17413080874934594,-2.2384375476464857,1.79052734375,-0.360709608895285,-0.888359551641527,-0.7624275494772847,-0.9434236031384526,-1.0655936827721506,-0.9108062797753389,-0.9010761254046162
2021_13_SF_SEA,2021,13,2021-12-05T16:25-05:00,SEA,SF,False,7.0,-0.7833549425118593,0.5619598464160078,0.41005884291238104,1.79052734375,0.3459975254071981,0.16003159176274107,-0.20502634140381404,0.1916279255650304,-1.1807289187189998,-0.24999620768168396,-0.29227102749144696
2021_13_DEN_KC,2021,13,2021-12-05T20:20-05:00,KC,DEN,False,13.0,8.087287662708828,9.4394577562747,6.54235407959133,1.79052734375,7.6539703628219335,7.68137121617777,7.398319559968233,8.041309941572106,7.919887765333661,7.560786073519928,7.140828977684756
2021_13_NE_BUF,2021,13,2021-12-06T20:15-05:00,BUF,NE,False,-4.0,2.2101996882941726,3.254771851005375,3.3107896825581484,1.79052734375,3.5252250481097946,3.3364560780981045,3.9441107208808743,4.767786964109546,3.1623468936420656,4.069698051907169,3.7947721796369818
2021_14_PIT_MIN,2021,14,2021-12-09T20:20-05:00,MIN,PIT,False,8.0,1.8463556992967498,1.1276538250547947,4.65851036567504,1.79052734375,2.616869645596834,3.9695377585630176,4.0991066162323735,3.9888230643827822,4.369716780824567,4.184963603822769,3.899348991534852
2021_14_ATL_CAR,2021,14,2021-12-12T13:00-05:00,CAR,ATL,False,-8.0,1.6677920671666244,3.106713242410569,3.7398608152206188,1.79052734375,2.9965013537125507,3.5732343582633694,3.313711900482762,3.0805203439634714,3.2211248393702396,3.405675028262086,3.1325428590400195
2021_14_BAL_CLE,2021,14,2021-12-12T13:00-05:00,CLE,BAL,False,2.0,0.13310704715073118,0.5125019726557194,-0.606891674711969,1.79052734375,1.5138857831063501,1.5295399148168802,1.814501203765113,1.481736609492832,1.1862359532994464,1.726982447123196,1.6098227433244954
2021_14_DAL_WAS,2021,14,2021-12-12T13:00-05:00,WAS,DAL,False,-7.0,-0.5543665945815685,-2.7797769239639396,-2.141345641110272,1.79052734375,-1.6681944388565286,-1.3239672645855154,-1.4883798872020504,-1.5458854772276704,-1.2433445200546513,-1.5081005336543778,-1.6332296871517373
2021_14_JAX_TEN,2021,14,2021-12-12T13:00-05:00,TEN,JAX,False,20.0,10.244994998606002,10.22357715236311,13.63153895883865,1.79052734375,10.98200489835697,12.779210508123594,12.665398494194669,12.697653355518199,12.920426165956517,12.88460866738162,12.517158747121524
2021_14_LV_KC,2021,14,2021-12-12T13:00-05:00,KC,LV,False,39.0,10.684226638072074,12.324833970188152,9.543066873287518,1.79052734375,10.746245749940673,10.318803605085026,9.58142004322007,9.263490107410492,9.711058661297228,9.69341932728888,9.410618459938435
2021_14_NO_NYJ,2021,14,2021-12-12T13:00-05:00,NYJ,NO,False,-21.0,-7.987572251612394,-6.541284127529324,-7.1687946603346155,1.79052734375,-5.727314483197571,-4.965059330154169,-4.645353600786315,-5.580621272285905,-7.818579721746557,-4.818039482196265,-4.8970268128567795
2021_14_SEA_HOU,2021,14,2021-12-12T13:00-05:00,HOU,SEA,False,-20.0,-6.732488200691247,-8.60058585314972,-6.540822552128091,1.79052734375,-7.774406224388904,-9.102160885147772,-8.41988426016289,-8.884935797476793,-7.4509997826730725,-8.441814744003167,-8.65490501364121
2021_14_DET_DEN,2021,14,2021-12-12T16:05-05:00,DEN,DET,False,28.0,7.713532580500976,6.596760341560815,7.30200497628044,1.79052734375,7.71114912257045,7.1525970072228535,6.9594239360101415,6.520776339023869,7.424738864672673,7.150322455719383,6.835241578259241
2021_14_NYG_LAC,2021,14,2021-12-12T16:05-05:00,LAC,NYG,False,16.0,5.430520070782979,7.475290153945998,5.574379162596559,1.79052734375,7.585500499004753,6.753262047286826,7.213430640161113,7.611657589699957,6.146433338935878,7.315323657871354,7.021094851080866
2021_14_BUF_TB,2021,14,2021-12-12T16:25-05:00,TB,BUF,False,6.0,3.235587979472551,2.2145608758025923,1.8422338566431664,1.79052734375,1.2888285459445254,1.3666131609214611,1.553929954082811,0.8369505830188573,1.8356268769520114,1.4106600518064223,1.360724820104915
2021_14_SF_CIN,2021,14,2021-12-12T16:25-05:00,CIN,SF,False,-3.0,-2.4942745152464934,-0.8441334769453718,1.412182252317505,1.79052734375,-0.5660787248328816,0.034778018619196716,-0.5724390121315825,-0.8824766396995923,-1.448612427717107,-0.5536627888668857,-0.6880800882298725
2021_14_CHI_GB,2021,14,2021-12-12T20:20-05:00,GB,CHI,False,15.0,13.46603631365138,14.44342726637844,11.270333934675833,1.79052734375,13.902606512461045,13.42096815153614,13.914954652072868,13.863761728816696,14.504682300798608,14.145863081283112,13.749812494616982
2021_14_LA_ARI,2021,14,2021-12-13T20:15-05:00,ARI,LAR,False,-7.0,3.5693341800607454,2.8449090338596714,4.903139763675487,1.79052734375,2.683762869047452,2.104674592110647,2.3566126276259425,2.093420419840263,3.413873281770768,2.4427394736339076,2.1873627811938423
2021_15_KC_LAC,2021,15,2021-12-16T20:20-05:00,LAC,KC,False,-6.0,-3.581001469201101,-4.184548652312099,-2.419805682288505,1.79052734375,-3.3896052206175096,-3.4196704737284835,-3.0545639942754157,-2.794142340144077,-3.1912022842719843,-3.153310169224275,-3.2158683281487654
2021_15_NE_IND,2021,15,2021-12-18T20:20-05:00,IND,NE,False,10.0,0.8327383180687127,2.3820280663815927,-0.013353434685063448,1.79052734375,1.8085223908889414,2.037613264121169,2.149922798172123,2.5805891729031796,0.13132833901976726,2.0790934187398253,1.9702044931338363
2021_15_ARI_DET,2021,15,2021-12-19T13:00-05:00,DET,ARI,False,18.0,-8.142289395230131,-7.901355185966535,-9.593584122178452,1.79052734375,-8.634980328288266,-8.49759664551964,-8.484194969247586,-9.134843121489974,-9.275757454085266,-8.781120434390521,-8.736436998886889
2021_15_CAR_BUF,2021,15,2021-12-19T13:00-05:00,BUF,CAR,False,17.0,11.01186976939389,8.553826802056568,13.758634066262118,1.79052734375,9.93902199760012,10.481448912828977,10.578091455277697,11.413177920675212,12.073791719282184,10.712790045221848,10.33257685682306
2021_15_DAL_NYG,2021,15,2021-12-19T13:00-05:00,NYG,DAL,False,-15.0,-2.6071387351732755,-4.942822219318829,-4.873633192415323,1.79052734375,-4.843163459607185,-5.049864064434086,-5.185429686850385,-5.232282067182483,-4.866308469390077,-5.289331103444025,-5.386561535312923
2021_15_HOU_JAX,2021,15,2021-12-19T13:00-05:00,JAX,HOU,False,-14.0,1.8724700121921816,3.6379855044679967,2.161295329253303,1.79052734375,2.995488461426608,3.4729067552744572,1.857728341313718,2.2338384148012844,1.4873018784244278,2.0669710211482957,1.7296652339648821
2021_15_NYJ_MIA,2021,15,2021-12-19T13:00-05:00,MIA,NYJ,False,7.0,11.04820981035535,12.141531868835893,11.870536726447916,1.79052734375,12.529010231237093,11.99357056313714,11.957007583988844,11.443655242259933,13.211301292630893,12.065944030949167,11.802586931451009
2021_15_TEN_PIT,2021,15,2021-12-19T13:00-05:00,PIT,TEN,False,6.0,0.3536411134916445,-0.2412714536215289,-2.110201431144813,1.79052734375,-1.3564047026017099,-1.7920946262774913,-2.9717441896536183,-2.471554384294313,-2.8053962564372075,-3.370237911858243,-3.1983545905604953
2021_15_ATL_SF,2021,15,2021-12-19T16:05-05:00,SF,ATL,False,18.0,6.942633617841752,5.091836902753975,8.58972441151997,1.79052734375,5.469650867058571,5.568914631497174,5.282702894593285,5.638405316966136,6.699928823206664,5.367476088304466,5.060927482626976
2021_15_CIN_DEN,2021,15,2021-12-19T16:05-05:00,DEN,CIN,False,-5.0,4.926401054380683,4.018665631623237,2.631325851074373,1.79052734375,4.903477935813676,4.720931371481551,4.75315846068258,3.74181871426168,4.894844511773625,4.659606688409049,4.6032266849086785
2021_15_GB_BAL,2021,15,2021-12-19T16:25-05:00,BAL,GB,False,-1.0,-4.592526512080582,-6.486203899896074,-0.7256268456682604,1.79052734375,-5.396355613238136,-5.144496088599373,-5.41674936121714,-4.884603452422947,-4.513389131924479,-5.57409708343696,-5.595639094665288
2021_15_NO_TB,2021,15,2021-12-19T20:20-05:00,TB,NO,False,-9.0,6.920295686499574,9.728355036477943,7.287654502777247,1.79052734375,10.15578124731892,9.49650768840777,10.112813918099691,9.714118947811162,7.896983352028519,10.046761556905173,9.857374440497505
2021_15_LV_CLE,2021,15,2021-12-20T17:00-05:00,CLE,LV,False,-2.0,4.752589935243583,3.418873107600083,6.397571479010518,1.79052734375,2.8409174155240873,3.421660349711215,3.079012615650444,2.720321746954606,4.89618244512142,3.011843413231275,2.864421397113379
2021_15_MIN_CHI,2021,15,2021-12-20T20:15-05:00,CHI,MIN,False,-8.0,-5.705657684016302,-7.091071975969823,-1.956124047159494,1.79052734375,-7.69610128093731,-6.24248921835645,-6.278093877932372,-5.9953526697725135,-6.485066080737001,-6.3723817334498385,-6.483668337589883
2021_15_SEA_LA,2021,15,2021-12-21T19:00-05:00,LAR,SEA,False,10.0,3.7046991109033525,4.595059478178412,4.978516456175996,1.79052734375,5.480764374776244,4.966082875974981,5.175154154144854,5.524773528967899,5.096703341132898,5.241405664978462,5.03063928996586
2021_15_WAS_PHI,2021,15,2021-12-21T19:00-05:00,PHI,WAS,False,10.0,5.654405004237487,5.808072467345381,5.459224644415533,1.79052734375,6.014668365732103,5.682445853763186,5.728340997995033,5.652166435868599,4.761833900701837,5.7450992180904725,5.437481292353253
2021_16_SF_TEN,2021,16,2021-12-23T20:20-05:00,TEN,SF,False,3.0,-1.6919830419353772,-0.4437909377332627,1.4514431546275182,1.79052734375,0.20468490079129387,1.5012690270622735,0.9959221685970022,1.0331325049815523,0.32142115021183737,1.2723026923235004,0.9221995300453392
2021_16_CLE_GB,2021,16,2021-12-25T16:30-05:00,GB,CLE,False,2.0,8.773601601552365,5.94910723898957,9.091880616674104,1.79052734375,4.856253943793233,5.955869604311077,5.168601690846745,5.54637666709075,6.362085302379098,5.3067232753213975,4.968730018328289
2021_16_IND_ARI,2021,16,2021-12-25T20:15-05:00,ARI,IND,False,-6.0,-1.7403313752998042,-0.8311803343796642,0.1901592602689366,1.79052734375,-0.3628141727362264,0.2441657178382602,-0.9329613756142636,-0.5588475028356514,-0.2048332225567544,-0.8272539410743234,-1.0108854614231348
2021_16_BAL_CIN,2021,16,2021-12-26T13:00-05:00,CIN,BAL,False,20.0,0.9394031032719867,3.6079495231427887,1.380238077450282,1.79052734375,3.2431434408107744,2.2440481781560915,2.4156514215778664,1.8500237502078274,0.3899965979391007,2.4169476217550208,2.2736254007849155
2021_16_BUF_NE,2021,16,2021-12-26T13:00-05:00,NE,BUF,False,-12.0,1.0247007612407504,-0.04330798159344562,2.103557277945616,1.79052734375,-0.25429777348945715,0.7533325658039909,0.4829561941396948,-0.6565297454128273,1.1586625122174654,0.33545699097404036,0.2777482919644798
2021_16_DET_ATL,2021,16,2021-12-26T13:00-05:00,ATL,DET,False,4.0,4.532685622949541,8.003082757452951,3.6248291300802142,1.79052734375,7.804352887871761,6.946248051172606,6.993779596477443,7.648362376062348,4.175885361094686,6.9091345862563935,6.826023360269826
2021_16_JAX_NYJ,2021,16,2021-12-26T13:00-05:00,NYJ,JAX,False,5.0,1.5342940093763051,0.9689255359862068,3.9812767498557573,1.79052734375,1.1896066143987472,1.7129633409334442,1.7317800473601956,1.6240456020055594,1.2435077584190855,1.570305759441418,1.4933632974547546
2021_16_LAC_HOU,2021,16,2021-12-26T13:00-05:00,HOU,LAC,False,12.0,-7.581302706038006,-9.78036503714683,-5.974888840552792,1.79052734375,-9.285407934711225,-9.184443058547856,-9.170445190353378,-9.557634607926689,-8.982849057830977,-9.349324719625638,-9.32383645845885
2021_16_LA_MIN,2021,16,2021-12-26T13:00-05:00,MIN,LAR,False,-7.0,-0.6444923655676732,-2.5970045160555086,-1.1639003708635096,1.79052734375,-2.217227599186875,-2.3115930230258126,-2.442394842644483,-3.1084471859432927,-1.7310507656717538,-2.478080246239288,-2.626586972038888
2021_16_NYG_PHI,2021,16,2021-12-26T13:00-05:00,PHI,NYG,False,24.0,6.655930507597348,5.596220391773921,8.56274970412481,1.79052734375,5.812086927490331,6.134234090331044,6.184990096486779,6.617385124441325,5.780264633358101,6.262368633005613,5.935855099179463
2021_16_TB_CAR,2021,16,2021-12-26T13:00-05:00,CAR,TB,False,-26.0,-8.173583572234259,-7.894310380555623,-7.746061201730857,1.79052734375,-7.325800192483909,-8.176282484544613,-8.209987790653612,-8.463467696508417,-9.154447690546577,-8.162584115079575,-8.356083564963
2021_16_CHI_SEA,2021,16,2021-12-26T16:05-05:00,SEA,CHI,False,-1.0,10.101971299325509,10.903589713015315,8.294866823199484,1.79052734375,10.300445258367283,9.601237436192857,9.494977489500442,9.117735549297215,8.624487651152734,9.435459865472506,9.330271126437324
2021_16_DEN_LV,2021,16,2021-12-26T16:25-05:00,LV,DEN,False,4.0,-1.5398542018329673,0.7139145847415223,-1.3298986058785212,1.79052734375,1.1209520779147912,0.6459898725982887,1.1301643545436022,1.936292374329994,-0.3047941007892623,1.1816225035532755,1.0154834015251204
2021_16_PIT_KC,2021,16,2021-12-26T16:25-05:00,KC,PIT,False,26.0,9.435606404820795,10.690641036415661,9.897653699734816,1.79052734375,10.329989309977627,10.662219856288047,10.500053016691979,10.202074993024958,10.93226968203121,10.687029976433017,10.231571562746396
2021_16_WAS_DAL,2021,16,2021-12-26T20:20-05:00,DAL,WAS,False,42.0,6.862604427669703,8.992171443304112,8.970179457181416,1.79052734375,7.816028987008693,8.283124219476411,7.961629623850424,7.323716008368312,7.961816507360673,7.910225052929465,7.742586890150372
2021_16_MIA_NO,2021,16,2021-12-27T20:15-05:00,NO,MIA,False,-17.0,6.267488845571016,2.29251869533916,6.459803077028394,1.79052734375,0.9501220567571385,1.193645110163152,1.1296189069179223,1.9318885421770793,3.9662017022152822,1.1956900265520969,0.9984412263393843
2021_17_ATL_BUF,2021,17,2022-01-02T13:00-05:00,BUF,ATL,False,14.0,11.92924028373638,11.123794690860798,15.216017853967925,1.79052734375,12.226312243365818,12.57964107956217,12.058427263106266,12.297936045654414,13.221889435993706,12.275111383063539,11.894600213836913
2021_17_JAX_NE,2021,17,2022-01-02T13:00-05:00,NE,JAX,False,40.0,15.315304635805647,15.333072736180847,19.046514852177996,1.79052734375,15.748311913224459,17.27488185032242,15.143989113762913,14.956215149924418,16.381176210008025,15.078109515997815,14.915124590962714
2021_17_KC_CIN,2021,17,2022-01-02T13:00-05:00,CIN,KC,False,3.0,-5.9317320381133385,-6.2840327712633375,-2.1496857820534476,1.79052734375,-5.322917758648983,-5.185946480929765,-4.947870556244638,-5.184086150545886,-5.9023299780979,-5.0830006190589545,-5.0581768604416375
2021_17_LA_BAL,2021,17,2022-01-02T13:00-05:00,BAL,LAR,False,-1.0,-3.4222492664239783,-7.863847628882141,-1.8239257186311901,1.79052734375,-7.9021523451559865,-6.838727905629713,-7.138648928871473,-7.093739823374754,-5.380373986079762,-7.089058936129211,-7.305103051105209
2021_17_LV_IND,2021,17,2022-01-02T13:00-05:00,IND,LV,False,-3.0,10.428877343010875,10.526705917869023,12.068187479417455,1.79052734375,9.586509947235342,10.552357912914237,10.109922078255147,10.452683236136751,9.706015042684847,10.121351210488008,9.912680637636296
2021_17_MIA_TEN,2021,17,2022-01-02T13:00-05:00,TEN,MIA,False,31.0,3.6250887024008223,3.479100790800883,3.685548953437439,1.79052734375,3.572440533646893,3.8560572935447923,3.7628392255449037,4.474448351381952,3.339672356323608,4.051752169398368,3.584624750597976
2021_17_NYG_CHI,2021,17,2022-01-02T13:00-05:00,CHI,NYG,False,26.0,2.886634891602267,4.2824607856861805,4.685329098953969,1.79052734375,4.383884772971525,3.943330649684304,3.779031531795785,4.271977535048027,3.1697381880188287,3.9054537862442857,3.655149676041446
2021_17_PHI_WAS,2021,17,2022-01-02T13:00-05:00,WAS,PHI,False,-4.0,-4.963370001086299,-5.9211378868415006,-3.7981347199438424,1.79052734375,-5.101783984386403,-5.082064061581649,-5.520623510768534,-4.755985860525605,-5.32709558712355,-5.562228149910549,-5.647086779663178
2021_17_TB_NYJ,2021,17,2022-01-02T13:00-05:00,NYJ,TB,False,-4.0,-12.574860268777147,-11.938982381513286,-13.736906787979152,1.79052734375,-11.63332926923864,-11.399436409985361,-11.598351904837298,-11.567949003899765,-12.723140958880832,-11.579823859576962,-11.817457013802347
2021_17_DEN_LAC,2021,17,2022-01-02T16:05-05:00,LAC,DEN,False,21.0,2.758741852048461,5.87863155536374,1.9466558827657703,1.79052734375,5.472884274497332,5.205753696105189,5.025498432340894,6.005909936626344,3.9040107541512614,5.166932889710693,4.870497581047694
2021_17_HOU_SF,2021,17,2022-01-02T16:05-05:00,SF,HOU,False,16.0,8.768215969500591,9.280023633158473,12.012039606164382,1.79052734375,8.40252470630582,9.090095395379073,8.958490259425066,9.559351121634165,9.769306222906296,9.091194808360097,8.803217405238417
2021_17_ARI_DAL,2021,17,2022-01-02T16:25-05:00,DAL,ARI,False,-3.0,5.562911806350712,4.071874562129029,5.258766498763381,1.79052734375,3.7053488076186585,3.0982289087669095,3.4659776991725737,2.5316803416348117,4.6283650328748545,3.3937279807612573,3.222081295433032
2021_17_CAR_NO,2021,17,2022-01-02T16:25-05:00,NO,CAR,False,8.0,7.893460732511723,5.222741503922948,10.270600284240384,1.79052734375,4.367146981098182,4.823676102715244,4.69343887125744,5.12736260041677,8.521362830403705,4.758770427121103,4.606383184101997
2021_17_DET_SEA,2021,17,2022-01-02T16:25-05:00,SEA,DET,False,22.0,8.60946550302195,11.244113112167819,8.951810404595513,1.79052734375,10.983210254354145,10.675065862388202,10.138680250680626,10.960036834139586,7.531236405136847,10.029714681525125,10.004703025626174
2021_17_MIN_GB,2021,17,2022-01-02T20:20-05:00,GB,MIN,False,27.0,7.03399812749576,11.224967420667808,6.846763513361486,1.79052734375,9.837908544427883,9.794547860546569,10.05075199310097,10.46287721974958,7.945141149411778,10.054025526780038,9.85997603398361
2021_17_CLE_PIT,2021,17,2022-01-03T20:15-05:00,PIT,CLE,False,12.0,1.9408427503656014,0.905896817627262,0.40660711052588905,1.79052734375,-0.19479162758944502,-0.634888982944498,-1.1063962116885575,-0.9746888758057266,-0.6929181894909187,-1.120072281321847,-1.222341031605416
2021_18_KC_DEN,2021,18,2022-01-08T16:30-05:00,DEN,KC,False,-4.0,-8.524870293486682,-11.666135811989049,-6.002057723410907,1.79052734375,-10.524417856644511,-9.727841729613058,-9.855792939240054,-10.187508906492987,-9.31531506717214,-10.081891712681784,-10.03894601819107
2021_18_DAL_PHI,2021,18,2022-01-08T20:15-05:00,PHI,DAL,False,-25.0,0.2808983263825504,-0.8288753826827227,-0.037497353826109414,1.79052734375,-0.3624377981096638,0.3367019653916801,0.4520477558302356,0.42470454140584457,0.26890907679982323,0.41785148245964177,0.2748794957755202
2021_18_CHI_MIN,2021,18,2022-01-09T13:00-05:00,MIN,CHI,False,14.0,4.506552472077868,3.264084428801913,3.727882956160373,1.79052734375,4.419914436949353,4.456853764510709,4.266541754267669,4.3735427073782915,4.344003045479233,4.245937594609904,4.093462622910964
2021_18_CIN_CLE,2021,18,2022-01-09T13:00-05:00,CLE,CIN,False,5.0,-1.098688003976629,0.4065790730009172,-1.8256578736116014,1.79052734375,1.1649266661754005,1.026282543558922,1.008842666568045,1.7905537446423798,-0.35977201720462326,0.8719484093023173,0.8218103095782996
2021_18_GB_DET,2021,18,2022-01-09T13:00-05:00,DET,GB,False,7.0,-12.802333339040437,-12.117321521923424,-10.604434294053146,1.79052734375,-12.342454089500844,-12.210898479973611,-12.440310810712015,-12.723326578418483,-12.565758662016174,-12.625027751476562,-12.64261259429426
2021_18_IND_JAX,2021,18,2022-01-09T13:00-05:00,JAX,IND,False,15.0,-14.149891118584332,-15.252593361385841,-14.927079112105474,1.79052734375,-15.010568262707132,-15.130268942193938,-14.688016164881265,-14.814114531421804,-14.29297911502695,-14.618511471659758,-14.84835951687288
2021_18_PIT_BAL,2021,18,2022-01-09T13:00-05:00,BAL,PIT,False,-3.0,1.4204766162237803,-1.2160011681593572,5.182407459075187,1.79052734375,-0.2551818542501214,0.3976462819185207,0.4173986435968109,0.719387819899109,1.44511499765842,0.5733216674711371,0.20471622477535512
2021_18_TEN_HOU,2021,18,2022-01-09T13:00-05:00,HOU,TEN,False,-3.0,-7.500572803755677,-9.02808528983364,-7.9948633171354455,1.79052734375,-9.074431164278899,-8.718549209693245,-9.0351389488556,-9.378479511795344,-8.767768569597129,-9.489728425559138,-9.316351335006765
2021_18_WAS_NYG,2021,18,2022-01-09T13:00-05:00,NYG,WAS,False,-15.0,-1.326855441373352,0.427629514848596,-1.0650626325580346,1.79052734375,-0.29822136879841254,-0.15989945484043888,-0.37833032645543563,-0.7083542784189989,-0.5708155303203062,-0.4456001036593984,-0.5392670231097144
2021_18_CAR_TB,2021,18,2022-01-09T16:25-05:00,TB,CAR,False,24.0,14.401238007983507,14.598659845715733,14.583588991054764,1.79052734375,14.031656510182382,14.545470375468913,14.65988726915671,14.229650552952123,15.772771225302236,14.645140477770777,14.487250213116567
2021_18_NE_MIA,2021,18,2022-01-09T16:25-05:00,MIA,NE,False,9.0,-6.474203254077385,-5.43692398232572,-5.3488776410806915,1.79052734375,-5.224059499123516,-5.954744739405103,-5.735185679077445,-5.3386782384461355,-6.333138977013374,-5.776950507576873,-5.837836268418355
2021_18_NO_ATL,2021,18,2022-01-09T16:25-05:00,ATL,NO,False,-10.0,-2.771700398209388,1.2436807714287172,-3.5534706158037785,1.79052734375,1.554060452147751,1.6551493228921461,2.0659546302887084,1.620830328273939,-1.8155359869361192,1.8145705229479256,1.780220982848197
2021_18_NYJ_BUF,2021,18,2022-01-09T16:25-05:00,BUF,NYJ,False,17.0,16.312635887690465,17.236574410786478,19.102936580400797,1.79052734375,18.050978205856623,17.80619927344837,17.884019760303712,18.174882609218177,19.13222029458061,18.052471451090113,17.790387639740395
2021_18_SEA_ARI,2021,18,2022-01-09T16:25-05:00,ARI,SEA,False,-8.0,0.29133043152463545,1.3888522452016039,4.346442856058668,1.79052734375,1.8491420115178192,2.3677403747556807,2.717359517689049,3.0195577599339174,3.0554050737996956,2.8761844730897077,2.6174853385291694
2021_18_SF_LA,2021,18,2022-01-09T16:25-05:00,LAR,SF,False,-3.0,3.10319863307816,5.638829709217658,4.419389486122061,1.79052734375,6.150541053248267,6.537914128702595,5.949553577237987,6.458122548432236,4.674251576770581,5.936242982474138,5.845919969890291
2021_18_LAC_LV,2021,18,2022-01-09T20:20-05:00,LV,LAC,False,3.0,-2.2753929598420037,-3.2512366153238172,-0.2759564455987711,1.79052734375,-2.438842757399448,-2.5379537293341707,-2.4934804069373477,-2.6669745908094953,-2.7092799991002163,-2.6018001537557973,-2.645366164568132
2022_01_BUF_LA,2022,1,2022-09-08T20:20-04:00,LAR,BUF,False,-21.0,-1.4862591933748714,-0.6023836242439893,0.7759611019776811,1.7814655172413794,-1.2205292328600588,0.5611252785984965,-0.9494952101626635,-0.6402821335445221,-1.243645743763705,-1.0858819190985791,-1.118943466092095
2022_01_BAL_NYJ,2022,1,2022-09-11T13:00-04:00,NYJ,BAL,False,-15.0,-4.4015458923108,-5.791504590165941,-1.7909275442440222,1.7814655172413794,-4.901523515163547,-6.653834934259254,-4.843170073555626,-4.83112180618772,-3.826752817697046,-4.8387806580104105,-5.010832847553159
2022_01_CLE_CAR,2022,1,2022-09-11T13:00-04:00,CAR,CLE,False,-2.0,-3.651020161044065,-0.8377821850238267,-0.27530288794539937,1.7814655172413794,0.2610063823773924,-0.2529757289504463,0.5008845890774323,0.7917473145100098,-0.43187701007224755,0.45978298011692753,0.32329921758035013
2022_01_IND_HOU,2022,1,2022-09-11T13:00-04:00,HOU,IND,False,0.0,-5.146891811888832,-7.506327562046163,-2.5820707579605093,1.7814655172413794,-6.559946157470848,-4.180823384925612,-5.579805004104256,-6.971428547623674,-4.594023348941883,-5.477391727441924,-5.745397636494364
2022_01_JAX_WAS,2022,1,2022-09-11T13:00-04:00,WAS,JAX,False,6.0,5.697899574807849,7.771982585881521,6.568697996213141,1.7814655172413794,7.380656960421769,6.880042816053053,6.364323373502871,6.969973656667585,5.928917950096325,6.295750661865388,6.197093734697964
2022_01_NE_MIA,2022,1,2022-09-11T13:00-04:00,MIA,NE,False,13.0,-3.262308079446501,-2.6979097677285333,-0.34827299745929396,1.7814655172413794,-2.571408917984698,-2.609286391635247,-1.9869801913536402,-2.3556484511902935,-2.2425723435977885,-1.9636735796164648,-2.0894199420146102
2022_01_NO_ATL,2022,1,2022-09-11T13:00-04:00,ATL,NO,False,-1.0,-3.3873078276691606,-3.189317325175907,-1.0102250117166056,1.7814655172413794,-3.9514398225969845,-4.168269144901746,-1.8436618239568876,-2.280541275959506,-2.351240850035027,-1.8344442591769532,-2.1554461442921466
2022_01_PHI_DET,2022,1,2022-09-11T13:00-04:00,DET,PHI,False,-3.0,-0.6524902665719804,0.6034013479634287,-0.7088016490168165,1.7814655172413794,0.26660756801593377,0.3729561162751007,-0.8233422137014128,-1.7401606938262062,-2.1598644461111203,-0.9657567626841745,-0.9401551471640687
2022_01_PIT_CIN,2022,1,2022-09-11T13:00-04:00,CIN,PIT,False,-3.0,5.746233509733635,5.372547878489579,4.277218464856544,1.7814655172413794,5.378453551231726,4.433196450818169,3.2654670592942607,3.1969297557197986,3.0798635110437296,3.2401341912368014,3.058390381153733
2022_01_SF_CHI,2022,1,2022-09-11T13:00-04:00,CHI,SF,False,9.0,-4.46120406942654,-4.099129181813469,-0.8064386730610416,1.7814655172413794,-2.565108997212007,-4.18223752467099,-3.2480373580613806,-3.317305698492753,-4.47013962968441,-3.250771084992531,-3.447595740299803
2022_01_GB_MIN,2022,1,2022-09-11T16:25-04:00,MIN,GB,False,16.0,-3.22888184747275,-4.904930908130153,-0.1280110815097637,1.7814655172413794,-4.096801014282898,-4.490496649382999,-3.8038836754846015,-3.9262283542686487,-3.114480783467554,-3.8399553488118037,-3.9592648618035926
2022_01_KC_ARI,2022,1,2022-09-11T16:25-04:00,ARI,KC,False,-23.0,-3.6157894404545114,-3.378247730305275,0.53496536174482,1.7814655172413794,-2.285362597201406,-2.093034510987462,-3.1158515874732555,-2.5930921445210364,-3.9771708221076993,-3.1420741430641743,-3.2038249900083464
2022_01_LV_LAC,2022,1,2022-09-11T16:25-04:00,LAC,LV,False,5.0,3.0400376032931486,4.000536888136137,3.642281489379478,1.7814655172413794,3.002158742189282,2.895568537142684,4.166315310909768,4.446266757653455,4.457682661863702,4.230463084593643,4.018124450063922
2022_01_NYG_TEN,2022,1,2022-09-11T16:25-04:00,TEN,NYG,False,-1.0,9.04155973645043,8.75979940512491,8.263239330498816,1.7814655172413794,8.176377548424936,8.295923642659249,8.186328703385376,7.999248503008143,9.417495478339696,8.383050330259344,8.034997191297226
2022_01_TB_DAL,2022,1,2022-09-11T20:20-04:00,DAL,TB,False,-16.0,-0.23409270825096495,-0.052799726004462144,2.3056163568587533,1.7814655172413794,0.11752646592804239,1.6418543983245684,1.150314312517477,0.4998059973284606,1.3971520088122489,1.0721833279388577,0.9690753281646172
2022_01_DEN_SEA,2022,1,2022-09-12T20:15-04:00,SEA,DEN,False,1.0,1.7205941865183814,-0.8812501699852779,4.638601680369522,1.7814655172413794,1.2364427902317336,-0.0898139245741838,1.2046159995188537,1.4352606815452615,2.810592548973816,1.2328968957948718,1.0158797813384801
2022_02_LAC_KC,2022,2,2022-09-15T20:15-04:00,KC,LAC,False,3.0,9.07279342736248,8.920712618759897,7.044642425315507,1.7814655172413794,8.421392748550433,8.433826219132166,7.270739584961863,7.3565121331716625,7.609983603507768,7.322227167781022,7.0998240623317415
2022_02_CAR_NYG,2022,2,2022-09-18T13:00-04:00,NYG,CAR,False,3.0,-0.0659264987465682,-1.5924224622907834,2.3896895108012566,1.7814655172413794,-1.1057254310942541,-1.2621461857716993,1.1966445340117526,0.9375540092611468,0.8480136173168508,1.1783594530294157,1.024534965975304
2022_02_IND_JAX,2022,2,2022-09-18T13:00-04:00,JAX,IND,False,24.0,-6.26721312208899,-7.7640715533119025,-4.4772318994897145,1.7814655172413794,-7.192104363215801,-7.904088724299286,-6.4573071056623625,-7.723590891167554,-5.783679909597347,-6.270043819690381,-6.588558967905979
2022_02_MIA_BAL,2022,2,2022-09-18T13:00-04:00,BAL,MIA,False,-4.0,3.718120483784845,5.009562943570109,2.40462273153004,1.7814655172413794,3.911163216974302,4.449425281904821,2.115732348971841,2.6081402838681327,2.178926760230782,2.1873279105472303,1.928564043866083
2022_02_NE_PIT,2022,2,2022-09-18T13:00-04:00,PIT,NE,False,-3.0,-1.051160401487972,0.6305606366204433,0.3861784642652277,1.7814655172413794,0.2760305308933213,-0.0020578580993857454,-0.0538278182251789,-0.539805392381726,-0.561184405205029,0.03088240466572756,-0.20814241796019328
2022_02_NYJ_CLE,2022,2,2022-09-18T13:00-04:00,CLE,NYJ,False,-1.0,9.603749125053554,8.501942272470925,7.3097509602944735,1.7814655172413794,7.937007000152611,6.593739627202114,6.71815281763722,6.89977831866669,6.384134356469214,6.703037756604484,6.571017021224928
2022_02_TB_NO,2022,2,2022-09-18T13:00-04:00,NO,TB,False,-10.0,-3.3539472712542135,-2.9987159882286316,-1.3118480382964592,1.7814655172413794,-3.0856122090543403,-3.7331296018493134,-4.525058792369546,-4.232073921824584,-4.574647365084263,-4.463547692260324,-4.664983753218833
2022_02_WAS_DET,2022,2,2022-09-18T13:00-04:00,DET,WAS,False,9.0,0.9154058739801989,0.0847505555790724,1.0536579290724892,1.7814655172413794,0.048166591907616185,0.4044924987031232,0.7407875908346857,-0.12256387155474924,0.5919039553319883,0.6666010709374275,0.5899336815379342
2022_02_ATL_LA,2022,2,2022-09-18T16:05-04:00,LAR,ATL,False,4.0,4.216373622135343,4.886366894137407,5.704886544177632,1.7814655172413794,5.428568847641657,6.639625326403486,5.918016636628857,6.833457127869145,5.494796415435782,5.826805549374428,5.7554014345586335
2022_02_SEA_SF,2022,2,2022-09-18T16:05-04:00,SF,SEA,False,20.0,2.631094616590422,2.2009854823204957,2.5560293926755424,1.7814655172413794,-0.25517613640318304,0.7569502426283004,0.33837285068506784,0.5503933446948095,1.0909026197056693,0.4175487318690217,0.18499916427406315
2022_02_ARI_LV,2022,2,2022-09-18T16:25-04:00,LV,ARI,False,-6.0,-1.308690966314603,-2.9916266025291876,1.5744529469671167,1.7814655172413794,-2.5745533130073874,-2.495106411963283,-0.27706951912293665,-0.9703513162619761,0.3142074670348687,-0.3568181363466505,-0.4881003726474294
2022_02_CIN_DAL,2022,2,2022-09-18T16:25-04:00,DAL,CIN,False,3.0,1.8666895870286306,0.22495158698540818,3.800304351926533,1.7814655172413794,0.4066290469925504,1.8764957348320142,2.2770009885626883,2.2429978762359957,4.240435345283509,2.289112210550096,2.1014094349681183
2022_02_HOU_DEN,2022,2,2022-09-18T16:25-04:00,DEN,HOU,False,7.0,5.730844024467029,8.349194959716488,5.068057535640609,1.7814655172413794,7.150247656357775,7.563695742559069,7.546915800614822,7.584350935437164,6.387323023482045,7.531452347159784,7.447500501962187
2022_02_CHI_GB,2022,2,2022-09-18T20:20-04:00,GB,CHI,False,17.0,8.689134699080332,11.590031280447445,4.567277606285112,1.7814655172413794,10.626661604818128,10.661558619227819,9.096612468025455,10.096935934812612,8.407876046554694,9.120935793322564,8.917358629894753
2022_02_TEN_BUF,2022,2,2022-09-19T19:15-04:00,BUF,TEN,False,34.0,6.544591016503158,6.603110755431705,7.095242033585904,1.7814655172413794,6.644494226581713,6.905492048879517,6.817032786843166,6.922622542729583,6.969013445659369,6.775508405508228,6.648109493505191
2022_02_MIN_PHI,2022,2,2022-09-19T20:30-04:00,PHI,MIN,False,17.0,2.1919405246435018,2.667807362097189,2.0671672007644997,1.7814655172413794,1.8358311263276548,2.369423656042848,0.7754885903556342,0.7647084285419232,1.1443798803366922,0.8938850068514936,0.5948192850425764
2022_03_PIT_CLE,2022,3,2022-09-22T20:15-04:00,CLE,PIT,False,12.0,1.5026055988840872,-0.7104988353702095,1.8406068299092737,1.7814655172413794,-0.7971741211809824,-0.5296076243456558,0.28434464353337985,0.5892673076658368,0.7610198238565747,0.2847362484909931,0.06184966674423853
2022_03_BAL_NE,2022,3,2022-09-25T13:00-04:00,NE,BAL,False,-11.0,4.365708574692818,2.719194952591859,4.175719405995005,1.7814655172413794,3.5850870328779396,3.7565218202406117,3.536214660735419,3.4860837189187492,3.7526073620227542,3.416448479529156,3.2721662310632547
2022_03_BUF_MIA,2022,3,2022-09-25T13:00-04:00,MIA,BUF,False,2.0,-4.210714994952956,-5.338055461493792,-2.7864160949099066,1.7814655172413794,-5.526453900127711,-6.4265216122203705,-5.292484845543015,-5.777027399380658,-5.051332155322889,-5.524964413523688,-5.4856729598707465
2022_03_CIN_NYJ,2022,3,2022-09-25T13:00-04:00,NYJ,CIN,False,-15.0,-3.091377348389905,-4.6122891785975195,-2.7223033926834734,1.7814655172413794,-4.029297780568393,-3.5408207048967255,-3.73282746146001,-3.7415608263216686,-2.7506905477609824,-3.740229176015493,-3.9382662073758268
2022_03_DET_MIN,2022,3,2022-09-25T13:00-04:00,MIN,DET,False,4.0,4.129570686675645,3.2031911234564787,4.769376085637569,1.7814655172413794,3.967020526216773,3.2125933697117466,4.500065200781096,5.062501269245599,5.357415345524773,4.574296133269959,4.34471936259953
2022_03_HOU_CHI,2022,3,2022-09-25T13:00-04:00,CHI,HOU,False,3.0,2.2147453274765394,2.0877524044910265,4.093866989826697,1.7814655172413794,2.2112713541595914,1.2851721609381586,1.9082763355305128,2.218890722577651,2.1075109681682607,1.8719185791889055,1.800589321230495
2022_03_KC_IND,2022,3,2022-09-25T13:00-04:00,IND,KC,False,3.0,-5.844767559918337,-5.550715897710697,-1.8979286158974347,1.7814655172413794,-5.3857836051212935,-5.170861850290471,-5.1966617497227805,-4.202459045310416,-6.54867780446319,-5.410155850709993,-5.365371073112369
2022_03_LV_TEN,2022,3,2022-09-25T13:00-04:00,TEN,LV,False,2.0,3.564999397103012,4.704260422977272,3.547047373396181,1.7814655172413794,4.651064378579081,4.429045743652727,3.882725065039366,4.143003457875718,3.665913535576448,4.113664108755099,3.7953204803425535
2022_03_NO_CAR,2022,3,2022-09-25T13:00-04:00,CAR,NO,False,8.0,0.05925320839450787,0.9150238699419952,-1.3326126826324574,1.7814655172413794,2.092206584977011,1.7934845408475455,0.5743257751786985,0.22396536746499285,-0.32016788527883033,0.46396905837869773,0.427385255196855
2022_03_PHI_WAS,2022,3,2022-09-25T13:00-04:00,WAS,PHI,False,-16.0,-3.028636304790293,-1.5555635188482726,-1.3220774459990094,1.7814655172413794,-1.8730056912593736,-2.0957287408852903,-2.437653970853158,-2.0534317179538797,-3.5319070111223443,-2.519851660421462,-2.5518679178706356
2022_03_JAX_LAC,2022,3,2022-09-25T16:05-04:00,LAC,JAX,False,-28.0,5.507425124995967,5.730600993256247,6.937214453868967,1.7814655172413794,4.673291769738787,5.518721439369822,4.759613883045105,5.35803893399524,5.677978567284615,4.737667147658373,4.599972591513434
2022_03_ATL_SEA,2022,3,2022-09-25T16:25-04:00,SEA,ATL,False,-4.0,4.417705023182128,2.049812685319185,4.573969433057979,1.7814655172413794,4.837048096824534,4.805449883347379,4.13524160686435,4.358189110583448,3.606290307868914,4.000181134409779,3.9778292214650066
2022_03_GB_TB,2022,3,2022-09-25T16:25-04:00,TB,GB,False,-2.0,3.3967334320366467,2.106791992919584,5.741728669575318,1.7814655172413794,1.6464600508274776,1.1150661430614983,3.3601508678337133,2.791399308396044,4.436063904638792,3.3804059390858368,3.209153246883428
2022_03_LA_ARI,2022,3,2022-09-25T16:25-04:00,ARI,LAR,False,-8.0,0.2941519707517676,-0.4327666076823352,2.271330976931508,1.7814655172413794,-0.3104858778226883,0.32020992909842527,-0.04988609405016642,-0.05555367181514115,-0.16351016594671397,0.029945631717831878,-0.1500311228681135
2022_03_SF_DEN,2022,3,2022-09-25T20:20-04:00,DEN,SF,False,1.0,-2.75014555388477,-1.9098825922760592,-0.31224293171201545,1.7814655172413794,-2.4258886001676667,-2.6740498929637453,-1.5166421234290235,-1.4708148029408736,-2.974751301179385,-1.5718722303958796,-1.6350076769701771
2022_03_DAL_NYG,2022,3,2022-09-26T20:15-04:00,NYG,DAL,False,-7.0,-4.745484688241386,-4.315688400511597,-2.8145871108110647,1.7814655172413794,-3.466047081448575,-3.8907505316346747,-3.1814011885633318,-2.720267039269312,-5.276459414018397,-3.2282271601249874,-3.4150538520080023
2022_04_MIA_CIN,2022,4,2022-09-29T20:15-04:00,CIN,MIA,False,12.0,2.5979633662414927,3.986692477258468,2.0593683671939234,1.7814655172413794,3.4846471574126827,3.3836943710269423,2.163626812357232,1.9289940752157742,1.5843853520650526,2.213266768606813,2.0277282917130597
2022_04_MIN_NO,2022,4,2022-10-02T09:30-04:00,NO,MIN,True,-3.0,-7.312950235853658,-5.476095657531502,-0.25435884899671035,1.7814655172413794,-7.148468120487015,-5.180331832622273,-4.807849175917568,-4.106016773620772,-4.556901297191768,-4.727802500299642,-3.4397996315537593
2022_04_BUF_BAL,2022,4,2022-10-02T13:00-04:00,BAL,BUF,False,-3.0,-1.7934517710117235,-1.8726456116579675,-2.3453266105415045,1.7814655172413794,-3.044537424001254,-3.7241048876758494,-3.96476816972745,-4.166790183628638,-3.7404352661598894,-4.072758724826106,-4.208575253867336
2022_04_CHI_NYG,2022,4,2022-10-02T13:00-04:00,NYG,CHI,False,8.0,1.3972675400114762,2.971467818562881,0.47560126146211523,1.7814655172413794,3.0977303415755397,2.7416512216613014,2.6915716492940067,2.9205560750898014,1.6156687822124265,2.7441106337181767,2.4622991147569504
2022_04_CLE_ATL,2022,4,2022-10-02T13:00-04:00,ATL,CLE,False,3.0,-1.4005586023387644,0.8609952521104798,1.027943110915565,1.7814655172413794,0.48714829215853983,-0.48332744173539943,0.028415767732436592,-0.07006764735446014,0.16476873835728267,-0.024698849925622657,-0.12283279726598983
2022_04_JAX_PHI,2022,4,2022-10-02T13:00-04:00,PHI,JAX,False,8.0,6.37583822457534,6.5878941063381,7.810339279010689,1.7814655172413794,6.407968511711535,6.65929084521829,6.092979303052932,7.083649091228525,6.655157758572665,6.111837961313601,5.917222974263068
2022_04_LAC_HOU,2022,4,2022-10-02T13:00-04:00,HOU,LAC,False,-10.0,-3.3822804746545687,-6.0716574185150485,0.28240164076436125,1.7814655172413794,-5.022676342454161,-4.722460177278766,-3.6862702872925914,-4.328756190524417,-3.8286260287316978,-3.7631113001187577,-3.8831256779387564
2022_04_NYJ_PIT,2022,4,2022-10-02T13:00-04:00,PIT,NYJ,False,-4.0,7.566955555519482,8.39825442015536,6.881554244132964,1.7814655172413794,8.042523222499916,7.896572725132397,7.260953468184677,7.447128951856758,7.324985450605281,7.2897410693788895,7.143669776729723
2022_04_SEA_DET,2022,4,2022-10-02T13:00-04:00,DET,SEA,False,-3.0,-1.0316234915349527,0.49243301473259066,1.1987348714467385,1.7814655172413794,-1.8669302385638848,-0.19399994049410396,0.3776621782022075,-0.23544604515382983,-0.019218997339662813,0.3549058355311361,0.23801502938715002
2022_04_TEN_IND,2022,4,2022-10-02T13:00-04:00,IND,TEN,False,-7.0,3.886316897331973,3.795035482720338,3.6937146903153395,1.7814655172413794,2.7724150380196995,2.620350677874669,1.7225571600268574,2.7111944635233063,1.2919587839863893,1.410847000706628,1.5162276084661128
2022_04_WAS_DAL,2022,4,2022-10-02T13:00-04:00,DAL,WAS,False,15.0,7.418496931761249,5.368753496896427,7.780829891726011,1.7814655172413794,5.890703068143356,6.425404062393437,6.738157504467033,5.860430027468101,8.422810857142352,6.7053748191759475,6.584883608820608
2022_04_ARI_CAR,2022,4,2022-10-02T16:05-04:00,CAR,ARI,False,-10.0,-0.5236152148598576,-0.6720436114037304,0.14641192437037098,1.7814655172413794,-0.3268878536916975,-1.577745813152561,-1.4007495568674306,-1.5246992724702233,-1.3779528872634632,-1.5123982057062513,-1.5780483065678796
2022_04_DEN_LV,2022,4,2022-10-02T16:25-04:00,LV,DEN,False,9.0,-0.418608355224529,-1.807078542246991,1.2420283924106825,1.7814655172413794,-0.6714499632771317,-0.022156762871263003,-0.20576636764230338,-0.12490554273996735,0.7334825093647837,-0.15383857292710584,-0.41087329297092134
2022_04_NE_GB,2022,4,2022-10-02T16:25-04:00,GB,NE,False,3.0,5.4098137867602984,7.216162841845965,4.187072556390211,1.7814655172413794,7.062997374167465,6.335305339492235,6.358370214402372,6.7350752096882385,4.5679114311794855,6.360466512223358,6.239810940077415
2022_04_KC_TB,2022,4,2022-10-02T20:20-04:00,TB,KC,False,-10.0,-1.085883701670363,-1.956356717117558,3.3169121757276976,1.7814655172413794,-1.819231013057752,-1.7422258919595115,0.020315585376033285,0.10385878354742095,-0.06486572298226845,-0.08166433014905339,-0.13785203670113821
2022_04_LA_SF,2022,4,2022-10-03T20:15-04:00,SF,LAR,False,15.0,3.296329056635072,1.4850458721265258,3.4286728111329388,1.7814655172413794,1.4348261581053228,1.0822922860253654,1.6854770362798488,1.1907260531512054,2.52388385046335,1.6537695191222084,1.5234132647929663
2022_05_IND_DEN,2022,5,2022-10-06T20:15-04:00,DEN,IND,False,-3.0,0.9089436354516807,0.8209139289680178,1.969447381091676,1.7814655172413794,1.0080018342045578,-1.0765835196157272,1.2708848664891461,-0.038001105803929125,1.438554947379275,1.3478275632136594,1.1682504070928963
2022_05_NYG_GB,2022,5,2022-10-09T09:30-04:00,GB,NYG,True,-5.0,6.659879020562451,8.786602857020371,5.9658940312157736,1.7814655172413794,7.464097531652056,7.164824674775823,6.46516082921041,6.894435720988194,6.593353901414671,6.437559785237657,7.830556249797242
2022_05_ATL_TB,2022,5,2022-10-09T13:00-04:00,TB,ATL,False,6.0,7.35788489721116,6.596288649592088,7.97393416701161,1.7814655172413794,6.79579532557079,7.2888917057859555,8.276222074667732,8.79141012536521,8.015436758850933,8.266566991631645,8.163552822787338
2022_05_CHI_MIN,2022,5,2022-10-09T13:00-04:00,MIN,CHI,False,7.0,7.377209403117899,8.441074025517395,4.965549716117539,1.7814655172413794,8.25383478558025,8.147459642751754,8.277667822824904,7.951690211107731,8.349054871144588,8.298482499446912,8.149316975628881
2022_05_DET_NE,2022,5,2022-10-09T13:00-04:00,NE,DET,False,29.0,5.121192942927982,3.519236229599175,6.270391588885039,1.7814655172413794,3.526115921162063,3.4335945999753257,2.9285414053572367,3.723694073865886,5.035506457541279,2.9684638567603803,2.7414702046449007
2022_05_HOU_JAX,2022,5,2022-10-09T13:00-04:00,JAX,HOU,False,-7.0,5.039937125314608,5.97377632208416,4.0373394743498,1.7814655172413794,5.5821493573669,5.108187879405474,5.041505417913459,4.7541336668133845,5.3085281785204135,5.109037288086203,4.836132163987959
2022_05_LAC_CLE,2022,5,2022-10-09T13:00-04:00,CLE,LAC,False,-2.0,2.5302810570661602,0.3734989823735948,2.319879243526826,1.7814655172413794,0.5579798086291728,0.08276088008087101,0.1443568808602247,-0.02080717699301804,0.2262653348563859,0.2079737157902961,-0.04934397068037111
2022_05_MIA_NYJ,2022,5,2022-10-09T13:00-04:00,NYJ,MIA,False,23.0,-2.6100435841366942,-3.5092400119593283,-3.4429255758166004,1.7814655172413794,-3.6570871880054976,-3.6483050454469215,-4.714261100822633,-5.007110363762765,-5.148903190470838,-4.7669739508551885,-4.913902223562699
2022_05_PIT_BUF,2022,5,2022-10-09T13:00-04:00,BUF,PIT,False,35.0,8.320125525716627,10.299576724443348,11.056706025646845,1.7814655172413794,10.949882320020844,12.336835095054806,13.106866022310903,13.46085147659697,10.672332016221379,13.232386259058924,12.978343111049966
2022_05_SEA_NO,2022,5,2022-10-09T13:00-04:00,NO,SEA,False,7.0,-2.7431982002406463,-0.9321534266182572,2.5775174935582097,1.7814655172413794,-4.356397664056925,-2.7572073438226914,-1.3993670586030094,-0.843501456587872,-0.9583923849430915,-1.3450351259885114,-1.5337110355228047
2022_05_TEN_WAS,2022,5,2022-10-09T13:00-04:00,WAS,TEN,False,-4.0,-3.6436497568700155,-2.80040421124286,-1.2077547653493501,1.7814655172413794,-3.7308484067766456,-3.180682270787706,-3.258162659879216,-2.9495636118010906,-3.8831621095321522,-3.413549447416423,-3.419462812660161
2022_05_SF_CAR,2022,5,2022-10-09T16:05-04:00,CAR,SF,False,-22.0,-6.810395529519754,-5.360410936041848,-4.180459989863594,1.7814655172413794,-5.069502376499531,-5.779676410648843,-6.051144982891364,-5.558026883295739,-7.350128020374571,-6.104838292560688,-6.188540616171516
2022_05_DAL_LA,2022,5,2022-10-09T16:25-04:00,LAR,DAL,False,-12.0,-0.7410874595522978,1.5403313456373846,0.3038862374683995,1.7814655172413794,1.2222896086349448,1.1391966447401545,1.0409913205037498,1.9663352264350507,-0.35134241639937835,1.006445788077368,0.8863839723023148
2022_05_PHI_ARI,2022,5,2022-10-09T16:25-04:00,ARI,PHI,False,-3.0,-0.9542843685046107,0.6821538130559425,-0.05237473197380771,1.7814655172413794,0.4677347610868665,0.036853273345535786,-0.11637105811521842,0.1653547670989064,-1.3102691713930064,-0.13606916161634386,-0.2047125126527154
2022_05_CIN_BAL,2022,5,2022-10-09T20:20-04:00,BAL,CIN,False,2.0,1.2806818753329594,0.9821985916821876,1.86911082626815,1.7814655172413794,0.661803554049467,1.3968748103248454,1.0485787308827776,1.4938299573874283,1.6078869446676252,1.0878272153222013,0.8244231903422157
2022_05_LV_KC,2022,5,2022-10-10T20:15-04:00,KC,LV,False,1.0,11.311038699086279,12.315182678987814,8.588864823825292,1.7814655172413794,11.197283417036463,11.991829626390698,10.17766477395067,10.560437913018465,10.703547799714656,10.27045749692008,10.028010617753049
2022_06_WAS_CHI,2022,6,2022-10-13T20:15-04:00,CHI,WAS,False,-5.0,3.506643194348557,0.34644089920698845,3.896772060112312,1.7814655172413794,1.3548927071485921,-0.3351448336185916,0.610166735490149,0.33842199231544945,1.4415349962406765,0.5685901849884178,0.399127209938158
2022_06_BAL_NYG,2022,6,2022-10-16T13:00-04:00,NYG,BAL,False,4.0,-3.7506336271148326,-4.946462146406578,-1.606764552938392,1.7814655172413794,-3.4719830198096355,-3.69026313732543,-2.6102099859839516,-2.3667778989719057,-3.4965699129618555,-2.6605295755853535,-2.7198297779400322
2022_06_CIN_NO,2022,6,2022-10-16T13:00-04:00,NO,CIN,False,-4.0,-2.762068676034804,-3.5097443210999133,-0.013692592740976117,1.7814655172413794,-4.1447380471168325,-3.461759548032712,-2.377523189215438,-1.347565572627817,-1.6523653849759405,-2.408955849379119,-2.588907471393929
2022_06_JAX_IND,2022,6,2022-10-16T13:00-04:00,IND,JAX,False,7.0,5.165990029416593,6.374886275551946,5.757281512140681,1.7814655172413794,5.436035427995394,6.351778582856767,4.6754893113043,6.328191422002188,3.9882548335732646,4.483644970501374,4.506773158279643
2022_06_MIN_MIA,2022,6,2022-10-16T13:00-04:00,MIA,MIN,False,-8.0,-1.7527175308450054,-1.1651648652862985,1.9859435637007758,1.7814655172413794,-2.0074280060917316,-1.3455029313959224,-1.642682621121065,-1.6148021490720215,-1.5664085477506662,-1.58952469149378,-1.8016533476972154
2022_06_NE_CLE,2022,6,2022-10-16T13:00-04:00,CLE,NE,False,-23.0,0.042970700445433385,0.5176532728920711,-0.9419336839339634,1.7814655172413794,0.23302110628133654,-0.19515985700842187,0.21082396252454982,-0.0015748538399922296,-0.8376829681268023,0.38515057950550524,0.07867503471008354
2022_06_NYJ_GB,2022,6,2022-10-16T13:00-04:00,GB,NYJ,False,-17.0,7.725189695158016,9.692195950474925,7.58656157582449,1.7814655172413794,9.37251845590995,9.947362335729327,9.591716108585375,10.879691002240417,9.609848439108568,9.54902535515549,9.460913530976093
2022_06_SF_ATL,2022,6,2022-10-16T13:00-04:00,ATL,SF,False,14.0,-6.07153312971566,-5.267921157362832,-3.4134942001924973,1.7814655172413794,-5.783735321167236,-5.927108496532259,-5.8731095523748795,-5.596010810136962,-5.9977578139188195,-5.835504955897822,-6.056339649231463
2022_06_TB_PIT,2022,6,2022-10-16T13:00-04:00,PIT,TB,False,2.0,-6.509118791059054,-7.376776659700392,-4.682368855815492,1.7814655172413794,-6.548456203177051,-5.380727801125499,-7.313907458648369,-7.485619839626121,-5.973073593997996,-7.246476097071669,-7.483733345607029
2022_06_ARI_SEA,2022,6,2022-10-16T16:05-04:00,SEA,ARI,False,10.0,0.017438417533424677,-2.5487688726494495,1.424096937515556,1.7814655172413794,0.22082770063277812,1.1152034703241598,0.6199601564404118,0.5459115018014642,1.0690392840786795,0.5167192989244995,0.3996327416512027
2022_06_CAR_LA,2022,6,2022-10-16T16:05-04:00,LAR,CAR,False,14.0,6.511917407922465,11.246531663836603,6.929762133350696,1.7814655172413794,9.162458693087876,8.115412002486982,8.760621437876683,9.2540824371744,7.1486966140537485,8.767692632943302,8.647565716585703
2022_06_BUF_KC,2022,6,2022-10-16T16:25-04:00,KC,BUF,False,-4.0,1.254191331688197,1.3319485670654538,-1.1148323184609232,1.7814655172413794,0.12707122123710013,0.3131598573627983,-0.18129782466187194,-0.057059958758985285,0.23340248833561827,-0.30779125684960684,-0.3555464099247454
2022_06_DAL_PHI,2022,6,2022-10-16T20:20-04:00,PHI,DAL,False,9.0,1.770200045807586,2.640229362902889,2.0140031606186306,1.7814655172413794,2.682372251226342,2.721284726243468,2.9693458950723786,3.0239165836329156,2.730684009676094,3.0625032636976326,2.7844875579045194
2022_06_DEN_LAC,2022,6,2022-10-17T20:15-04:00,LAC,DEN,False,3.0,5.168591205845688,4.453830460629137,3.893098748772635,1.7814655172413794,5.023640661075495,5.058948730525925,4.166645628316637,4.197840198139202,5.35894986189439,4.22818236228986,3.9698634593469975
2022_07_NO_ARI,2022,7,2022-10-20T20:15-04:00,ARI,NO,False,8.0,2.548152003093797,3.837784648312414,2.4907935188180588,1.7814655172413794,4.665413214411307,4.485053628385401,3.8378799981700817,4.070623235751569,2.8545063273437,3.913417647294541,3.731044239925031
2022_07_ATL_CIN,2022,7,2022-10-23T13:00-04:00,CIN,ATL,False,18.0,4.375111782063714,4.791960392164601,5.222687069062894,1.7814655172413794,5.002741852273033,5.439835971328982,5.170644224944867,4.509673286513838,4.3558022223780135,5.170532965564978,5.085869617725052
2022_07_CLE_BAL,2022,7,2022-10-23T13:00-04:00,BAL,CLE,False,3.0,5.631405989152678,7.35524370929596,5.993750589459065,1.7814655172413794,7.211384087731337,7.429236696467728,6.670108482019478,5.829508375422355,6.503296109827835,6.609101545650415,6.533009757961968
2022_07_DET_DAL,2022,7,2022-10-23T13:00-04:00,DAL,DET,False,18.0,9.829805572852369,9.910587263141952,9.631857832377085,1.7814655172413794,10.00790933932345,9.243933679519325,9.315691161296126,9.129946683226626,10.380286400440117,9.324414455238207,9.208429631665282
2022_07_GB_WAS,2022,7,2022-10-23T13:00-04:00,WAS,GB,False,2.0,-3.47884030084717,-6.3045560933871965,-1.1298109780124612,1.7814655172413794,-4.773289040770073,-4.359950680357521,-4.297995812121499,-4.900203506503959,-2.8860209492247657,-4.239051177043146,-4.453105508420837
2022_07_IND_TEN,2022,7,2022-10-23T13:00-04:00,TEN,IND,False,9.0,0.755497845143612,0.27780199393368,2.6538484656594354,1.7814655172413794,1.5451012893069471,2.519969446228248,2.7402835543785002,2.197064330840176,3.5553373583866743,2.9919391882576365,2.589561168202076
2022_07_NYG_JAX,2022,7,2022-10-23T13:00-04:00,JAX,NYG,False,-6.0,0.900033729409544,0.8832967640983933,1.1324875021100773,1.7814655172413794,0.21707492111622462,0.65664488770074,0.07317371067628686,-0.05629072240002442,0.7693327685750337,0.16973447780934592,-0.11643009992376402
2022_07_TB_CAR,2022,7,2022-10-23T13:00-04:00,CAR,TB,False,18.0,-10.483458791383743,-13.29105135798616,-6.146831008963961,1.7814655172413794,-11.323903088308455,-10.594565872966498,-10.522685946931619,-10.613934350506113,-10.077989211515462,-10.51135105476692,-10.714972486771712
2022_07_HOU_LV,2022,7,2022-10-23T16:05-04:00,LV,HOU,False,18.0,4.988091706850155,6.156858055955581,5.210647888183788,1.7814655172413794,6.144855375981988,6.432469244278128,6.555519518023537,6.604186049189552,6.7086998294635976,6.549987834493071,6.447602743708707
2022_07_NYJ_DEN,2022,7,2022-10-23T16:05-04:00,DEN,NYJ,False,-7.0,1.599612659362734,-0.9635514272015957,2.96004457168754,1.7814655172413794,-0.6834006324805313,-1.1226396084651062,-0.6337003273459274,0.1258233733492642,2.945935034830791,-0.533663032366285,-0.7589077905566013
2022_07_KC_SF,2022,7,2022-10-23T16:25-04:00,SF,KC,False,-21.0,-0.14195731780595944,-0.8909437508395002,1.3865208179631914,1.7814655172413794,-0.3691944669453995,-1.0172660277160706,-0.5770430920025816,-1.2698218091804305,-0.7523252579514512,-0.7020739004408303,-0.7095624323623657
2022_07_SEA_LAC,2022,7,2022-10-23T16:25-04:00,LAC,SEA,False,-14.0,2.976142939107069,4.643948264358983,2.846996240821854,1.7814655172413794,1.7385958459336723,2.133454915879315,2.5571956581994213,2.165268016067035,3.0634262374176355,2.5933444858342996,2.426299324658475
2022_07_PIT_MIA,2022,7,2022-10-23T20:20-04:00,MIA,PIT,False,6.0,1.146992140446438,1.9232294533764938,4.443481036839861,1.7814655172413794,2.5511266217537427,2.98105849058576,4.4917851957765205,4.370210408813696,3.155904691973413,4.387646247106686,4.333239939287178
2022_07_CHI_NE,2022,7,2022-10-24T20:15-04:00,NE,CHI,False,-19.0,10.799033752925988,10.763400621148445,9.8809851063265,1.7814655172413794,10.438228966200638,10.999569497808668,9.725262565404837,9.641628790286559,11.048202746500642,9.69158943850045,9.55407703834382
2022_08_BAL_TB,2022,8,2022-10-27T20:15-04:00,TB,BAL,False,-5.0,0.040364414428717854,-0.8581707127641804,3.203234732592684,1.7814655172413794,-0.9443677323629076,0.3853311680942286,1.7760279214578025,2.7253056897267296,2.2490537253529483,1.6822633857312344,1.664770000145537
2022_08_DEN_JAX,2022,8,2022-10-30T09:30-04:00,JAX,DEN,True,-4.0,-2.5858343008916744,-4.0946250213030915,-1.9294312985976914,1.7814655172413794,-3.2861059249987217,-4.185785092068919,-4.309846018336884,-4.234761059248608,-3.1812413007323794,-4.176184812633813,-3.0033622988710205
2022_08_ARI_MIN,2022,8,2022-10-30T13:00-04:00,MIN,ARI,False,8.0,3.530844105926875,1.2645686255928614,3.631037422870534,1.7814655172413794,1.74636839908936,0.9218954739163229,2.216154267924879,1.6799164695284738,3.12338420282238,2.120335523448442,2.04385839297349
2022_08_CAR_ATL,2022,8,2022-10-30T13:00-04:00,ATL,CAR,False,3.0,5.864525556496269,8.664853362320667,5.317878226384408,1.7814655172413794,7.055559365298629,7.288911101623164,6.375489826364975,6.339809848042696,6.113114408551697,6.4202428472413535,6.2328036965684674
2022_08_CHI_DAL,2022,8,2022-10-30T13:00-04:00,DAL,CHI,False,20.0,10.13059053929808,12.095538036451753,7.870062012390265,1.7814655172413794,11.360193166765917,11.278151463718356,10.622622642703565,10.15247660328082,11.133135461189065,10.555285360656145,10.527258768604021
2022_08_LV_NO,2022,8,2022-10-30T13:00-04:00,NO,LV,False,24.0,0.3702401725348674,2.1633463611286383,1.0578547426938378,1.7814655172413794,1.1088549277991222,1.1699943993998212,1.0255767842864314,1.4610998773521626,0.658870034519462,1.0962081891685318,0.9251431192990649
2022_08_MIA_DET,2022,8,2022-10-30T13:00-04:00,DET,MIA,False,-4.0,-1.882273948940304,-1.2579148612734454,-1.3087290269988174,1.7814655172413794,-2.3377240790865974,-1.9978310428393709,-2.7883655318570035,-2.6841216557091014,-3.6772866755002935,-2.8178832529437305,-2.9562740479591287
2022_08_NE_NYJ,2022,8,2022-10-30T13:00-04:00,NYJ,NE,False,-5.0,-1.3529339356399537,-1.67266789553843,-1.1529886123574276,1.7814655172413794,-1.767509874998291,-2.176464030607503,-1.4600574225632905,-2.4980446381908843,-2.8306203913057484,-1.4931968052436928,-1.5791505367280243
2022_08_PIT_PHI,2022,8,2022-10-30T13:00-04:00,PHI,PIT,False,22.0,8.89101159805139,9.188780304228882,9.189601035789705,1.7814655172413794,9.08057060571387,9.303424858146856,10.779702813526065,10.554278340987544,9.988853609069459,10.765007362141432,10.578472829152375
2022_08_TEN_HOU,2022,8,2022-10-30T16:05-04:00,HOU,TEN,False,-7.0,-4.524955519114705,-3.8781761899652594,-2.321235191048653,1.7814655172413794,-2.427266948922124,-1.9143509810677306,-1.216870087244256,-1.711286236096277,-4.459729659130878,-1.1567834770253322,-1.3875988376353834
2022_08_NYG_SEA,2022,8,2022-10-30T16:25-04:00,SEA,NYG,False,14.0,5.72324613596872,5.465704711648254,4.9147114319643475,1.7814655172413794,7.251321758439275,5.304216557679926,4.147451419127059,4.423254734677765,4.152412089443104,4.01784192707721,3.9741796487478855
2022_08_SF_LA,2022,8,2022-10-30T16:25-04:00,LAR,SF,False,-17.0,0.36912980148882724,1.9933830130800916,0.9126510469797773,1.7814655172413794,1.6305447699666396,0.6446274691147076,0.2848151333961121,0.6238807762676983,-0.3968750954771927,0.2745172000215803,0.15666739704453958
2022_08_WAS_IND,2022,8,2022-10-30T16:25-04:00,IND,WAS,False,-1.0,3.509856870651025,3.7196817983793284,5.094787991952611,1.7814655172413794,1.9367037802136697,2.561632143944923,2.361372412911774,2.8400969620972143,4.976900823222121,2.3927465462170927,2.2128210013160254
2022_08_GB_BUF,2022,8,2022-10-30T20:20-04:00,BUF,GB,False,10.0,9.783035243092229,8.326850474963956,10.67058895680174,1.7814655172413794,9.573486149531318,9.119340153740518,9.601561074091096,9.417820230924127,10.814665394370266,9.842032114440002,9.433000975729207
2022_08_CIN_CLE,2022,8,2022-10-31T20:15-04:00,CLE,CIN,False,19.0,-3.3595664532543306,-5.207041725559581,-3.0582539597567973,1.7814655172413794,-5.4443278730963085,-5.217202602033308,-5.253112188974182,-4.2898191748545,-4.665078218036428,-5.173525466288284,-5.470654203200681
2022_09_PHI_HOU,2022,9,2022-11-03T20:15-04:00,HOU,PHI,False,-12.0,-9.516252035195462,-10.686085297632275,-6.564237750361556,1.7814655172413794,-10.393681222849263,-9.773482019272148,-9.579216618128903,-9.844557455486104,-10.200713922756362,-9.657969230371108,-9.753138262034053
2022_09_BUF_NYJ,2022,9,2022-11-06T13:00-05:00,NYJ,BUF,False,3.0,-7.206660174831672,-8.369934864933953,-7.013643048711792,1.7814655172413794,-8.901103755352157,-8.435225011454154,-8.818023197513803,-9.992607088107196,-9.769282726298993,-9.070514893180883,-8.994073849822637
2022_09_CAR_CIN,2022,9,2022-11-06T13:00-05:00,CIN,CAR,False,21.0,7.597397072414264,11.04413344297059,8.283321368109037,1.7814655172413794,9.6424996799628,10.628857518917467,9.587577250417723,9.068666876532859,8.378365584906248,9.620650270807726,9.51564128064749
2022_09_GB_DET,2022,9,2022-11-06T13:00-05:00,DET,GB,False,6.0,-3.658314171670969,-4.394332319772438,-2.6019755434315393,1.7814655172413794,-4.191786427592228,-3.9726189027012957,-4.0090240785714375,-4.60963388763944,-3.8798256530717534,-4.0504680795499075,-4.196849406403228
2022_09_IND_NE,2022,9,2022-11-06T13:00-05:00,NE,IND,False,23.0,5.0439890998091865,4.581498362566723,6.359352495588057,1.7814655172413794,5.027860940310686,5.469381162752501,5.804284438804071,5.601522891646104,5.007126606982569,5.782789050147404,5.582323125239013
2022_09_LAC_ATL,2022,9,2022-11-06T13:00-05:00,ATL,LAC,False,-3.0,-0.0687203635456537,-0.6947247441805209,2.472064859501325,1.7814655172413794,-0.5975966796796912,-0.6384729966253581,-0.5295536727872898,-0.407942414081422,-0.15046048011845858,-0.5271954942895017,-0.7023511416654249
2022_09_LV_JAX,2022,9,2022-11-06T13:00-05:00,JAX,LV,False,7.0,-0.70171475912484,-0.6220384195186008,-0.571543845225551,1.7814655172413794,-0.8950494845282893,-0.8918919185563183,-1.1109050157964162,-1.136458223529242,-1.2673972037269956,-1.0294537445429268,-1.2779492371475296
2022_09_MIA_CHI,2022,9,2022-11-06T13:00-05:00,CHI,MIA,False,-3.0,-0.7043175189153249,-2.1866011376691614,0.5966974460856211,1.7814655172413794,-2.197798200630018,-2.553722203734934,-2.842836837518307,-2.7286688137391972,-3.3697491631726137,-2.793502420680692,-3.027611988544944
2022_09_MIN_WAS,2022,9,2022-11-06T13:00-05:00,WAS,MIN,False,-3.0,-3.505807535002468,-4.250927375441004,-1.3850044521186842,1.7814655172413794,-4.076709792714491,-3.7346217164422892,-4.555614054138638,-4.247938468927854,-3.8286763984113317,-4.502794645886296,-4.696500575918704
2022_09_SEA_ARI,2022,9,2022-11-06T16:05-05:00,ARI,SEA,False,-10.0,0.015869443877925882,2.231744554760261,0.43011453525139975,1.7814655172413794,-0.6225902925132538,-0.9677068967094107,-0.3870750823047516,0.12170781198629227,-0.550538558741642,-0.22742554551374394,-0.5111853849603545
2022_09_LA_TB,2022,9,2022-11-06T16:25-05:00,TB,LAR,False,3.0,2.8657791538772024,0.9599187885657561,4.884739419194901,1.7814655172413794,1.0017541472512415,3.088949652593148,4.2598596968335425,4.315003346381255,4.98715598508965,4.212730688841431,4.069681208455829
2022_09_TEN_KC,2022,9,2022-11-06T20:20-05:00,KC,TEN,False,3.0,10.062055495268968,12.99519650690419,7.231854268986066,1.7814655172413794,12.812504961910893,12.425093238999459,12.64192287282575,12.809527483899183,11.181713172892305,12.878559329699792,12.491657718623804
2022_09_BAL_NO,2022,9,2022-11-07T20:15-05:00,NO,BAL,False,-14.0,1.23073412783861,0.6372520367298458,1.4151956940333825,1.7814655172413794,0.24493983004368886,-0.8122655904906217,-0.0647013880096492,-0.03633832193365172,0.33172529542205353,-0.11581474008707926,-0.19751573481466497
2022_10_ATL_CAR,2022,10,2022-11-10T20:15-05:00,CAR,ATL,False,10.0,-2.6459975997545615,-6.277760641224603,-0.5135425253559696,1.7814655172413794,-5.088491913017583,-4.883452890089042,-4.231117074022529,-4.2442164545941505,-3.495077108063581,-4.256637805797142,-4.39205468604273
2022_10_SEA_TB,2022,10,2022-11-13T09:30-05:00,TB,SEA,True,5.0,-3.036948074578093,-1.1441586616308899,-1.4254479803723137,1.7814655172413794,-4.591575959020778,-4.540223317730776,-3.226419013023988,-2.3158610377203717,-2.5986832916754796,-3.124869249201578,-1.81427446441669
2022_10_CLE_MIA,2022,10,2022-11-13T13:00-05:00,MIA,CLE,False,22.0,1.62583298089672,2.599103731846813,2.5997267966981035,1.7814655172413794,3.2966026626314933,3.0544110734857703,3.1713140094740053,2.990867811712886,3.2620074598969784,3.006107926995014,3.053818851780838
2022_10_DEN_TEN,2022,10,2022-11-13T13:00-05:00,TEN,DEN,False,7.0,3.9946643881555395,2.1902674008782146,5.692008158355253,1.7814655172413794,2.8505099244337684,1.3578908366582132,0.29924940500287867,0.9653735155712031,1.6208521537735416,0.35463387961409065,0.10340132076785258
2022_10_DET_CHI,2022,10,2022-11-13T13:00-05:00,CHI,DET,False,-1.0,1.7594496656919363,-0.5688442460320441,3.894216644820829,1.7814655172413794,0.6241872799783741,0.8877349115847978,1.4047986576835132,1.6412462079471006,1.5757337938738227,1.5343158567366375,1.2423324230206578
2022_10_HOU_NYG,2022,10,2022-11-13T13:00-05:00,NYG,HOU,False,8.0,5.030596603898607,5.859383984634728,5.227378022333835,1.7814655172413794,6.214528879427878,7.2979209349346,7.382277789671313,7.479359800942483,6.9906621166726035,7.4218481023429215,7.264871839000218
2022_10_JAX_KC,2022,10,2022-11-13T13:00-05:00,KC,JAX,False,10.0,11.874815409920679,13.062678924740698,11.46123510240953,1.7814655172413794,12.278257954009707,12.249088038082409,11.919884766144264,12.585370137290901,12.530939034153198,12.037914588677616,11.773916797168742
2022_10_MIN_BUF,2022,10,2022-11-13T13:00-05:00,BUF,MIN,False,-3.0,5.478143195666295,4.736301620842785,8.566372670092589,1.7814655172413794,5.221089297910998,4.446044418002834,4.16555916209502,5.05916860809417,4.277966494201563,4.316042836961629,3.970002258655197
2022_10_NO_PIT,2022,10,2022-11-13T13:00-05:00,PIT,NO,False,10.0,-0.33241333872071877,-2.0102201837970206,-0.9285962613285967,1.7814655172413794,-0.8050691798445342,-2.2258613181632136,-3.4944292990165495,-3.160215443042712,-2.744026867810658,-3.4548756801022473,-3.6648487516108754
2022_10_IND_LV,2022,10,2022-11-13T16:05-05:00,LV,IND,False,-5.0,2.962549884678377,1.1217682786567251,3.0508785835535113,1.7814655172413794,2.2866857624683847,1.1119706381196397,3.259235985482094,2.022529725489301,4.042629486550492,3.3260763357637626,3.084364746176205
2022_10_ARI_LA,2022,10,2022-11-13T16:25-05:00,LAR,ARI,False,-10.0,1.1057894554195808,0.24686568230227834,2.60692615834833,1.7814655172413794,-0.5262389452460088,-0.13083573918865232,-0.5098666032927471,-0.2767501901618632,0.8653053605897862,-0.34316383934746236,-0.6382468041977203
2022_10_DAL_GB,2022,10,2022-11-13T16:25-05:00,GB,DAL,False,3.0,-5.844075182285344,-4.269403619640343,-2.541842451892168,1.7814655172413794,-5.028603462890681,-3.9355780664079574,-3.947639322844455,-3.1166169310554266,-5.289430875897509,-3.8937398495443296,-4.085401121779652
2022_10_LAC_SF,2022,10,2022-11-13T20:20-05:00,SF,LAC,False,6.0,7.008511370030245,5.2667438735854555,6.338718230524945,1.7814655172413794,5.5507290773503115,4.859108981033296,4.524229871131499,4.877822692604707,5.200383383390545,4.473895368255345,4.34980821190571
2022_10_WAS_PHI,2022,10,2022-11-14T20:15-05:00,PHI,WAS,False,-11.0,10.252768764273249,10.913367808584626,10.16435212182222,1.7814655172413794,10.576164326155983,10.792029722907927,11.24429680790723,11.446392963234677,11.28454194405625,11.276607206908327,11.044827452243283
2022_11_TEN_GB,2022,11,2022-11-17T20:15-05:00,GB,TEN,False,-10.0,1.6582905477684613,2.63677032927105,1.0141685144734758,1.7814655172413794,1.1122745393699869,0.9715855164217009,0.8606934478276227,1.0758396858712467,0.15414959321591748,0.7615133016576849,0.6777832636310045
2022_11_CAR_BAL,2022,11,2022-11-20T13:00-05:00,BAL,CAR,False,10.0,10.751190289977046,9.082909672149755,9.206372899379524,1.7814655172413794,9.335606125189392,7.127127747375041,5.914146276873156,5.682657326386998,6.932217261731628,5.8701858981395905,7.109655659680408
2022_11_CHI_ATL,2022,11,2022-11-20T13:00-05:00,ATL,CHI,False,3.0,3.803297876223805,5.600010719504791,3.2563551527008903,1.7814655172413794,4.867406833072916,4.46679968400062,3.8798289003694397,4.082764540632308,4.378141546414854,3.829818237537406,3.721418157326509
2022_11_CLE_BUF,2022,11,2022-11-20T13:00-05:00,BUF,CLE,True,8.0,4.442834947990461,6.117177329149246,8.62605028334302,1.7814655172413794,6.638265203207515,6.684270031250231,6.817003308977237,7.3216013717753246,6.8856777066072254,6.910501102258032,8.177896484475982
2022_11_DET_NYG,2022,11,2022-11-20T13:00-05:00,NYG,DET,False,-13.0,2.7700324907082887,1.3481588702215788,4.43518676422093,1.7814655172413794,2.786552481944531,3.002353856117085,3.766994920662455,3.9931152233860088,3.7181963595491645,3.8682183271658683,3.6366574636520235
2022_11_LA_NO,2022,11,2022-11-20T13:00-05:00,NO,LAR,False,7.0,1.247033299693379,-0.8083871064395167,3.155565199308861,1.7814655172413794,-1.2102955474058301,-1.0909303744575338,0.49323274285275404,-0.02015768076789108,1.4126557482720559,0.4964712917856964,0.34000779075986953
2022_11_NYJ_NE,2022,11,2022-11-20T13:00-05:00,NE,NYJ,False,7.0,6.365119265098542,6.148832971948885,7.227065654681326,1.7814655172413794,6.365531770926985,5.738356541599534,5.336571899970128,6.391701122639576,6.571330920336742,5.374072536673014,5.1692723190207355
2022_11_PHI_IND,2022,11,2022-11-20T13:00-05:00,IND,PHI,False,-1.0,-5.013801236361573,-7.457846464139088,-2.506890331635784,1.7814655172413794,-8.071035957661175,-7.560694995239881,-7.165400257932887,-6.5598835957808035,-6.983239078340069,-7.220933667835534,-7.268420431744987
2022_11_WAS_HOU,2022,11,2022-11-20T13:00-05:00,HOU,WAS,False,-13.0,-3.020794964596194,-2.9416913483562097,-1.4231966143100645,1.7814655172413794,-3.0632686681357884,-3.3636209173429417,-2.958861838084462,-2.6042010715004262,-3.784696020305363,-2.979905742817087,-3.144608093199791
2022_11_LV_DEN,2022,11,2022-11-20T16:05-05:00,DEN,LV,False,-6.0,0.6915633647760557,2.602712888559891,2.7420550526175607,1.7814655172413794,1.3056685892439746,2.1470094008222222,2.5632524103697074,2.366547267608551,1.3929664164806805,2.522266573453085,2.4471737405202756
2022_11_CIN_PIT,2022,11,2022-11-20T16:25-05:00,PIT,CIN,False,-7.0,-5.249770980602377,-6.993610608641388,-3.701969775912036,1.7814655172413794,-6.689195036338306,-7.302620178318971,-7.895200709553961,-6.734320748350524,-6.673812809422158,-7.873036710092266,-8.043446908708015
2022_11_DAL_MIN,2022,11,2022-11-20T16:25-05:00,MIN,DAL,False,-37.0,-0.9753365134371017,-2.3251792513327145,0.6390265625495606,1.7814655172413794,-1.7262057042223922,-1.760764112657669,-1.0202758158242924,-0.8938530148839079,-1.2874185834378922,-1.050271354938692,-1.1952402439082082
2022_11_KC_LAC,2022,11,2022-11-20T20:20-05:00,LAC,KC,False,-3.0,-5.649172288737871,-5.494660581532708,-3.6563630138942305,1.7814655172413794,-5.417281679544169,-6.310453270594407,-5.694314959623834,-6.087201740501159,-6.0517530182455275,-5.792603569161075,-5.839999666725504
2022_11_SF_ARI,2022,11,2022-11-21T20:15-05:00,ARI,SF,True,-28.0,-7.76593174031663,-7.592484655744098,-3.2688939828104067,1.7814655172413794,-7.162252371775241,-5.454712465022319,-5.407859266645099,-5.429031503549826,-5.240136327901487,-5.427227965339566,-4.022076283201975
2022_12_BUF_DET,2022,12,2022-11-24T12:30-05:00,DET,BUF,False,-3.0,-6.587558463376981,-6.176971812145744,-6.686667785116466,1.7814655172413794,-7.132094237771671,-5.375641132894963,-5.483515621476354,-6.908353219272663,-6.06657243587801,-5.799200536105185,-5.637540342099167
2022_12_NYG_DAL,2022,12,2022-11-24T16:30-05:00,DAL,NYG,False,8.0,13.918556333290208,14.488699794116691,11.443269474651139,1.7814655172413794,13.554831881308335,11.267026593292714,11.22177802977922,10.623147205973257,12.424270797655286,11.142374620942945,11.077608428200952
2022_12_NE_MIN,2022,12,2022-11-24T20:20-05:00,MIN,NE,False,7.0,-1.212792208062933,-0.9496587477347838,-0.8973338590108466,1.7814655172413794,-0.9929133120338081,-0.40745586622623065,0.5780413608644674,0.16956422339098376,0.15541124303968257,0.5116553451152686,0.4048710358435378
2022_12_ATL_WAS,2022,12,2022-11-27T13:00-05:00,WAS,ATL,False,6.0,4.4114245929908416,1.7226443052680747,4.686159649127953,1.7814655172413794,2.555783086371102,2.9439127592608276,2.4916750891585258,1.8550566663120722,3.5949185949975435,2.456950685393007,2.350942230827137
2022_12_BAL_JAX,2022,12,2022-11-27T13:00-05:00,JAX,BAL,False,1.0,-3.1649248320238415,-4.622845840335126,-3.7524061824124146,1.7814655172413794,-3.7554793659191636,-5.169364192794605,-4.075267628384042,-3.7598062425010417,-4.025953946365927,-4.1275820085227135,-4.265929060307336
2022_12_CHI_NYJ,2022,12,2022-11-27T13:00-05:00,NYJ,CHI,False,21.0,4.199272178017484,3.448831821723574,5.234861062086511,1.7814655172413794,3.7774685013224856,3.2378812784853226,3.2145446829316064,2.5433278505930117,3.9828339401516346,3.278663119752113,3.1733383994331827
2022_12_CIN_TEN,2022,12,2022-11-27T13:00-05:00,TEN,CIN,False,-4.0,0.1646078968742768,-0.6514335118843937,1.5425573770155911,1.7814655172413794,-0.014857073728512082,-0.19822028977612893,-0.18880291990868736,0.6655318887009246,0.5548565848607072,-0.13827138016457297,-0.3378825747215514
2022_12_DEN_CAR,2022,12,2022-11-27T13:00-05:00,CAR,DEN,False,13.0,-1.9707094868922028,-4.025911813509695,1.118184552274085,1.7814655172413794,-3.0057200321392883,-2.699898557265596,-2.61458744904064,-2.702438174218572,-2.163463519784537,-2.590279291625823,-2.776395788216073
2022_12_HOU_MIA,2022,12,2022-11-27T13:00-05:00,MIA,HOU,False,15.0,10.925316682902983,10.382739688029954,9.501322866223706,1.7814655172413794,10.932228197012218,11.201016991196038,11.583348795723268,11.362298350834067,11.132397972443954,11.464487632829314,11.41901268213508
2022_12_TB_CLE,2022,12,2022-11-27T13:00-05:00,CLE,TB,False,6.0,-1.6189459278161151,-2.9056627862189477,-0.8812999897736598,1.7814655172413794,-2.4258564771987947,-2.6894240129400035,-3.491857480929959,-3.519701452838342,-3.5356114143110453,-3.3219279998177704,-3.66764034548658
2022_12_LAC_ARI,2022,12,2022-11-27T16:05-05:00,ARI,LAC,False,-1.0,-0.2006220034766253,0.6213986797428117,1.4697892870937301,1.7814655172413794,0.8779028107241951,1.835287579248001,1.4231504955443044,1.7246627978676072,0.4958033315586863,1.3972284024015111,1.3162964917848596
2022_12_LV_SEA,2022,12,2022-11-27T16:05-05:00,SEA,LV,False,-6.0,4.956238489113287,4.422097320229028,5.933620049981123,1.7814655172413794,6.601216437521912,6.729358232463694,6.27957378717597,6.1508486571892895,5.697456102653504,6.191740394755874,6.113709900326734
2022_12_LA_KC,2022,12,2022-11-27T16:25-05:00,KC,LAR,False,16.0,13.672157270217628,15.027364608057463,10.16056465017212,1.7814655172413794,14.940616877015026,13.043114079333034,13.528842042866948,13.390113773891233,12.306659553862884,13.66961377616741,13.349177648046904
2022_12_NO_SF,2022,12,2022-11-27T16:25-05:00,SF,NO,False,13.0,10.059358131994122,9.56200105500806,8.10910893885363,1.7814655172413794,10.246685514441642,10.295361978969407,9.620760340729204,9.077261116886575,9.728010947202627,9.631536215024816,9.423245566396806
2022_12_GB_PHI,2022,12,2022-11-27T20:20-05:00,PHI,GB,False,7.0,4.829050152464791,2.6451834147025535,6.732258897635124,1.7814655172413794,4.066320234661189,4.206824586821737,4.415328535714288,4.203602264259038,5.326415668767359,4.461581037557988,4.227180989434975
2022_12_PIT_IND,2022,12,2022-11-28T20:15-05:00,IND,PIT,False,-7.0,2.4210283942083985,4.077260869938183,4.552677039587984,1.7814655172413794,3.0192205714847673,2.742418730926187,4.6930811453197325,5.227506240374332,3.6618628443847516,4.570904876191536,4.551989323545005
2022_13_BUF_NE,2022,13,2022-12-01T20:15-05:00,NE,BUF,False,-14.0,-0.8444858843523935,-2.402189173021213,-0.20292909485920596,1.7814655172413794,-2.4848383640264373,-2.8493905998374336,-3.1785984066702935,-3.1982122729020936,-3.049526749880022,-3.401961663700047,-3.324334653677437
2022_13_CLE_HOU,2022,13,2022-12-04T13:00-05:00,HOU,CLE,False,-13.0,-5.598724857822489,-7.229689687391657,-2.4670071445472903,1.7814655172413794,-6.393114282816402,-6.109964558162471,-5.781015999686813,-6.008697365384246,-4.7658825864969625,-5.76920171565903,-5.972450584166973
2022_13_DEN_BAL,2022,13,2022-12-04T13:00-05:00,BAL,DEN,False,1.0,8.947081171548719,7.926655065183069,8.478307211645193,1.7814655172413794,8.451654804178645,8.786251972764353,7.951462831624147,7.494309592788101,9.186469110813384,8.052400044945479,7.762013100735096
2022_13_GB_CHI,2022,13,2022-12-04T13:00-05:00,CHI,GB,False,-9.0,-2.393771235480957,-5.302910437657934,-1.0171825619775219,1.7814655172413794,-3.659981713869022,-4.021126211270166,-3.450971510554246,-3.932917393778,-3.43617650557097,-3.3880303245492445,-3.6146303201048933
2022_13_JAX_DET,2022,13,2022-12-04T13:00-05:00,DET,JAX,False,26.0,2.7769032932254105,3.5691836577816027,3.234291723759708,1.7814655172413794,2.92477057686414,3.375752593447304,2.9051000368925592,2.3162175231813613,2.4131730956748036,2.79236047771116,2.7535088532535483
2022_13_NYJ_MIN,2022,13,2022-12-04T13:00-05:00,MIN,NYJ,False,5.0,3.1431523785712567,4.064922547185906,3.205586566550582,1.7814655172413794,3.4199365360673277,3.106135975209374,3.4684940675803504,4.22018831617428,1.4327742879529137,3.392512807376016,3.298025166417136
2022_13_PIT_ATL,2022,13,2022-12-04T13:00-05:00,ATL,PIT,False,-3.0,1.1341080221115496,2.696500806135596,2.499310275043154,1.7814655172413794,1.9657791516185268,2.1127862711868333,2.7313035054552595,2.576785851032327,2.1178357562879713,2.722153560661137,2.5795968684745763
2022_13_TEN_PHI,2022,13,2022-12-04T13:00-05:00,PHI,TEN,False,25.0,3.6941716220677097,3.372695356306757,4.030074520891114,1.7814655172413794,3.325363858658192,3.599020056539594,4.124733675606032,4.11069044589016,3.991727210743894,4.10356423273435,3.9038468432179103
2022_13_WAS_NYG,2022,13,2022-12-04T13:00-05:00,NYG,WAS,False,0.0,-1.7482692579899048,-0.6440899396321078,-0.2961173722861874,1.7814655172413794,-0.5247692571218492,-0.4727143508966243,0.2989495790902983,1.040222951278958,-1.0529686176963475,0.380579967602825,0.14723010001092865
2022_13_MIA_SF,2022,13,2022-12-04T16:05-05:00,SF,MIA,False,16.0,6.073394768670624,5.8917532990637715,5.896452209878365,1.7814655172413794,5.10108312269138,5.676909010609249,5.009069072873768,4.773321371134276,5.118746562909923,5.037965649512822,4.870569557125692
2022_13_SEA_LA,2022,13,2022-12-04T16:05-05:00,LAR,SEA,False,-4.0,-3.186580503472745,-3.7679751112357778,-1.3223561075765233,1.7814655172413794,-6.422056229126466,-5.872557575657255,-5.972217357934246,-5.518594684517231,-3.4672748887392775,-5.836605975638252,-6.103008927748595
2022_13_KC_CIN,2022,13,2022-12-04T16:25-05:00,CIN,KC,False,3.0,-2.4577728679035404,-2.7445935732839346,0.4210825318169804,1.7814655172413794,-2.3492324763539782,-2.538715202774961,-2.48504303318703,-3.25816667791414,-3.3349250613183514,-2.655563129662785,-2.626763782555104
2022_13_LAC_LV,2022,13,2022-12-04T16:25-05:00,LV,LAC,False,7.0,2.7154746260078095,1.0525598255538762,2.4529311289614237,1.7814655172413794,1.7979161285277097,0.46790980612854705,0.9095561235490427,0.5900137922681072,1.0220913057324585,0.8380499393488663,0.7714976096098825
2022_13_IND_DAL,2022,13,2022-12-04T20:20-05:00,DAL,IND,False,35.0,12.401255991555988,11.407559339726376,10.193432174319408,1.7814655172413794,11.898179894801297,11.279259430329404,10.6580825806247,9.512721681439277,12.089001326040162,10.747194444349732,10.499248053688273
2022_13_NO_TB,2022,13,2022-12-05T20:15-05:00,TB,NO,False,1.0,5.040876598024544,5.177972048158301,4.936278087711971,1.7814655172413794,5.411705447521976,5.667652687515811,5.818449963123218,5.887941139688972,5.51647962398947,5.78173520464639,5.666288974030098
2022_14_LV_LA,2022,14,2022-12-08T20:15-05:00,LAR,LV,False,1.0,-0.5819835196762307,0.5741141071537343,-0.22063252235222297,1.7814655172413794,-0.14363352466402968,-0.6165752531500361,-1.725046509973176,-0.6348631042289183,-2.1808753014670437,-1.7938983555391521,-1.872183284152852
2022_14_BAL_PIT,2022,14,2022-12-11T13:00-05:00,PIT,BAL,False,-2.0,-0.10965734608966038,0.8349267202581246,-1.6167069480020526,1.7814655172413794,0.5518050156644154,-0.4768082193531269,-0.8172140877928022,-0.6593121920929201,-1.0955992228766402,-0.8834159898316576,-0.9875533386689048
2022_14_CLE_CIN,2022,14,2022-12-11T13:00-05:00,CIN,CLE,False,13.0,6.648755425799678,5.4055040189235335,6.97046249295005,1.7814655172413794,6.565098309122469,6.62676847838825,6.531044788692773,5.933910905678621,6.460056648621542,6.506647828479644,6.389725997317159
2022_14_HOU_DAL,2022,14,2022-12-11T13:00-05:00,DAL,HOU,False,4.0,20.003800497560178,20.265622554728797,16.591292078838414,1.7814655172413794,19.5111724086711,18.00375976903034,18.259063039998324,17.870567928686484,19.737450781724228,18.256243523350612,18.12767558209076
2022_14_JAX_TEN,2022,14,2022-12-11T13:00-05:00,TEN,JAX,False,-14.0,4.506309273181261,5.382548260555565,7.406606100842426,1.7814655172413794,6.393662024352606,5.912860827813258,5.851378207985311,6.288580764638835,5.607744731177025,5.92877426306381,5.743768762831302
2022_14_MIN_DET,2022,14,2022-12-11T13:00-05:00,DET,MIN,False,11.0,0.6809607299539129,1.387990996419144,0.14741425016072407,1.7814655172413794,0.9355832877863071,0.9960007848915606,0.6623246112093395,-0.07030471643053948,0.33084708634746907,0.5853763565668071,0.5069449854679755
2022_14_NYJ_BUF,2022,14,2022-12-11T13:00-05:00,BUF,NYJ,False,8.0,8.266044751669506,9.597602228764625,9.290610766963272,1.7814655172413794,9.485025327887382,10.190356090002611,9.880050706806632,11.034014342883701,8.35860198068305,10.03202072730154,9.719083806020176
2022_14_PHI_NYG,2022,14,2022-12-11T13:00-05:00,NYG,PHI,False,-26.0,-6.801956488094113,-7.256334156621719,-5.378526218749477,1.7814655172413794,-6.960115628218938,-6.5343661714800625,-6.573353737565785,-6.473647928822684,-7.147793560238517,-6.608576777032418,-6.703480099311506
2022_14_KC_DEN,2022,14,2022-12-11T16:05-05:00,DEN,KC,False,-6.0,-10.381096111751102,-9.81122867765682,-5.958819904169719,1.7814655172413794,-10.452489720364172,-8.847877255690175,-8.583737452092778,-8.76553646526851,-9.880253013176619,-8.763669224917846,-8.71277426248171
2022_14_CAR_SEA,2022,14,2022-12-11T16:25-05:00,SEA,CAR,False,-6.0,6.336003146574651,6.069880556194747,6.799354332585844,1.7814655172413794,8.410500887566293,8.231446639816003,7.374807491775497,7.799239703957866,7.353421861841385,7.288343068114406,7.218136750928833
2022_14_TB_SF,2022,14,2022-12-11T16:25-05:00,SF,TB,False,28.0,5.139723253730786,3.4052899875361113,7.459451451151134,1.7814655172413794,3.4049574438892707,3.8974119721567915,3.1501333929026414,2.4034718553286822,5.444476773593449,3.211196645358074,2.943858575573483
2022_14_MIA_LAC,2022,14,2022-12-11T20:20-05:00,LAC,MIA,False,6.0,0.4334351293525706,1.156451259529817,0.8929222258515099,1.7814655172413794,0.11346797066019781,1.4067738307647728,0.36310651888378176,0.545019883119612,0.30867647864754955,0.48648982314292455,0.19040606457200582
2022_14_NE_ARI,2022,14,2022-12-12T20:15-05:00,ARI,NE,False,-14.0,-1.8011690682213608,0.7343911046506177,-2.0672112522872306,1.7814655172413794,0.25337861433474596,0.3917058790873813,0.3562510631306932,0.3066693891559351,-0.805316495620148,0.4187679089298073,0.21972157206262943
2022_15_SF_SEA,2022,15,2022-12-15T20:15-05:00,SEA,SF,False,-8.0,-3.002644623201257,-3.4549301468476807,-4.340652098784006,1.7814655172413794,-0.8233095431412005,-1.8130109057240573,-2.8063646420637456,-2.0709102301648086,-5.173021146193111,-2.914105161036229,-2.9456884649576964
2022_15_IND_MIN,2022,15,2022-12-17T13:00-05:00,MIN,IND,False,3.0,5.741490770602172,3.6746378420464074,7.003641063164379,1.7814655172413794,4.879105229998841,5.535319213820971,5.124312881731198,4.688629134105902,6.114506140052702,5.203850515170153,4.957119271150133
2022_15_BAL_CLE,2022,15,2022-12-17T16:30-05:00,CLE,BAL,False,10.0,0.628204957639632,3.5344197833945445,-0.5412458585629052,1.7814655172413794,1.4152838796966036,0.860994361845464,1.1936704448139883,1.3193633106808678,0.2843088760732455,1.2511638630270419,1.0586177446774998
2022_15_MIA_BUF,2022,15,2022-12-17T20:15-05:00,BUF,MIA,False,3.0,7.247918312361946,7.33084700291761,9.45920929366552,1.7814655172413794,6.98697998206353,7.457712716201002,7.172253241191492,7.735642313764388,7.6442620352592545,7.435535772912226,7.036688560568552
2022_15_ATL_NO,2022,15,2022-12-18T13:00-05:00,NO,ATL,False,3.0,2.5281059971265334,4.619297629571351,4.300082943596143,1.7814655172413794,4.964561814243983,4.814379737329034,5.380247483055566,6.057602024889515,2.56422562102776,5.352855732154725,5.282215454071341
2022_15_DAL_JAX,2022,15,2022-12-18T13:00-05:00,JAX,DAL,False,6.0,-7.444687797769031,-8.76360358629369,-6.518377747603186,1.7814655172413794,-8.937109011236348,-8.360414244196702,-8.484809944195538,-8.292125702622728,-8.579765707896993,-8.451745526811564,-8.637605027176338
2022_15_DET_NYJ,2022,15,2022-12-18T13:00-05:00,NYJ,DET,False,-3.0,-1.670414706718561,-1.4905070373118425,3.160689044555581,1.7814655172413794,-1.5490440632694977,-0.6837078328155819,-0.6494085409656227,-0.34156334738917526,-1.0749298776805558,-0.5696830545263476,-0.7644664032121504
2022_15_KC_HOU,2022,15,2022-12-18T13:00-05:00,HOU,KC,False,-6.0,-17.188939180446432,-18.567197999883014,-9.268240015045203,1.7814655172413794,-17.678393049947154,-14.861471830408465,-14.446229616694467,-14.860893276838127,-15.24614477193771,-14.576926595095145,-14.620373336394588
2022_15_PHI_CHI,2022,15,2022-12-18T13:00-05:00,CHI,PHI,False,-5.0,-10.169838058859032,-11.117177134009852,-8.888313932819063,1.7814655172413794,-11.378679687144526,-10.368382830162464,-10.709951033475505,-10.606845349221633,-11.110284524370996,-10.696288603050352,-10.90306408299548
2022_15_PIT_CAR,2022,15,2022-12-18T13:00-05:00,CAR,PIT,False,-8.0,0.9021772040876322,-1.2681571425598444,2.588428200507006,1.7814655172413794,-1.3012000872230436,-1.177983774099115,0.3162198191794028,-0.262557191574075,0.38087422222404765,0.3045335749284138,1.5324837692865487
2022_15_ARI_DEN,2022,15,2022-12-18T16:05-05:00,DEN,ARI,False,9.0,-2.209963303000119,-3.921265568343424,2.4509430570932276,1.7814655172413794,-3.428907415959849,-2.071899821508849,-1.2101334123316265,-1.711980296089889,1.5238050311744518,-1.0772227349415933,-1.3996678335978716
2022_15_NE_LV,2022,15,2022-12-18T16:05-05:00,LV,NE,False,6.0,-1.66948467390106,-1.1741204562768068,-1.3590774472824587,1.7814655172413794,-1.0532307312051645,-0.4245009368606094,0.518646876467113,-0.3208549628098347,0.2977661132541223,0.5524360550565368,0.34213395242889966
2022_15_CIN_TB,2022,15,2022-12-18T16:25-05:00,TB,CIN,False,-11.0,-2.5812883631402572,-2.578206494179945,-2.658768135408537,1.7814655172413794,-3.1854451703428133,-3.433733728743828,-2.777196077192758,-1.6782724606055375,-2.5513866266231187,-2.8339151211625806,-2.955839585347035
2022_15_TEN_LAC,2022,15,2022-12-18T16:25-05:00,LAC,TEN,False,3.0,4.553264101099428,4.478718114077027,3.099112348937854,1.7814655172413794,3.6166346861762575,2.9050389333782536,3.2563882579849546,2.779023216583796,3.6262794047110414,3.190552258898324,3.070402976964245
2022_15_NYG_WAS,2022,15,2022-12-18T20:20-05:00,WAS,NYG,False,-8.0,7.123185669928661,5.548928062060856,6.751699766443259,1.7814655172413794,5.353252666208517,5.366954339108393,5.041944995750719,4.1323242887096665,6.558290570561655,4.950079611577347,4.872543308252711
2022_15_LA_GB,2022,15,2022-12-19T20:15-05:00,GB,LAR,False,12.0,5.153592891843044,6.042003231926374,5.134377873434823,1.7814655172413794,5.172425254940272,5.988075179132446,6.5685470389440574,6.1377255557288795,6.576057822413389,6.635713401721869,6.392466092033251
2022_16_JAX_NYJ,2022,16,2022-12-22T20:15-05:00,NYJ,JAX,False,-16.0,1.5433315053446965,2.3476218467948478,4.807994690141328,1.7814655172413794,2.5545864275432075,2.0871990686332853,1.799596595739024,1.8086519601146063,1.0194786949003452,1.758859742081076,1.6828615038618102
2022_16_ATL_BAL,2022,16,2022-12-24T13:00-05:00,BAL,ATL,False,8.0,3.6317816111940315,4.1153558172390365,6.582940532953289,1.7814655172413794,4.991440650327057,5.461768784937004,5.36313068389473,5.54816295854207,5.412949992989903,5.380090299044964,5.279907606172297
2022_16_BUF_CHI,2022,16,2022-12-24T13:00-05:00,CHI,BUF,False,-22.0,-10.692288267802974,-11.898615412751203,-8.981512920571197,1.7814655172413794,-11.705531615263016,-10.061679456052243,-9.83321897787595,-10.277062982272788,-11.045399859938156,-9.93786359589837,-10.046754901718142
2022_16_CIN_NE,2022,16,2022-12-24T13:00-05:00,NE,CIN,False,-4.0,-1.8991284908785597,-3.4134554100411396,0.5066194325302051,1.7814655172413794,-3.105076546879529,-2.9115956034057673,-3.2633586480298407,-2.0517485945922442,-2.687101272739779,-3.2675462280533343,-3.422459209554689
2022_16_DET_CAR,2022,16,2022-12-24T13:00-05:00,CAR,DET,False,14.0,-2.204360998556514,-3.334050338572287,-0.8827729605950783,1.7814655172413794,-2.8982511518526906,-3.4021325763038295,-3.213972425737536,-2.526263485875373,-3.286106899826984,-3.1804432106705005,-3.38333737437402
2022_16_NO_CLE,2022,16,2022-12-24T13:00-05:00,CLE,NO,False,-7.0,4.9225476119917335,6.482579115233134,3.5178110511180987,1.7814655172413794,5.820428364425986,4.925489205601906,4.4606395845672004,3.9021164640109482,3.698843826557975,4.498687561961022,4.297040409075988
2022_16_NYG_MIN,2022,16,2022-12-24T13:00-05:00,MIN,NYG,False,3.0,3.6796510459011325,3.468700254597739,6.308128577156403,1.7814655172413794,2.8529729664182346,3.2086148852820795,3.3752343359936345,3.9335617835870957,4.284308947687718,3.3072042160689357,3.189473076110066
2022_16_SEA_KC,2022,16,2022-12-24T13:00-05:00,KC,SEA,False,14.0,11.581121539860014,13.34285373347144,7.8122549166183095,1.7814655172413794,10.670908989119397,9.36099388891709,9.924799469798163,9.864697928660036,10.820933421094601,10.151571265739125,9.760676326636254
2022_16_HOU_TEN,2022,16,2022-12-24T14:00-05:00,TEN,HOU,False,-5.0,3.4898580956878678,3.202653942828853,7.35314204529384,1.7814655172413794,2.543893573110035,4.340184716787707,3.716396908954144,4.5303114590176925,5.642286670423011,3.561426552411804,3.5483546252865636
2022_16_WAS_SF,2022,16,2022-12-24T16:05-05:00,SF,WAS,False,17.0,8.66172980131678,9.377812559105074,11.212724174911365,1.7814655172413794,8.388885239343642,9.254280370528855,9.484145290358722,9.416609073151387,10.747134049688917,9.454958195544238,9.305873016175436
2022_16_PHI_DAL,2022,16,2022-12-24T16:25-05:00,DAL,PHI,False,6.0,4.455009359613736,5.811402204272231,1.434442339760838,1.7814655172413794,5.356385229678255,3.9736272898215788,4.601876249828213,4.712774185481746,4.535299205137508,4.673774114169213,4.430009965372175
2022_16_LV_PIT,2022,16,2022-12-24T20:15-05:00,PIT,LV,False,3.0,1.2886556379834033,0.6092801611638399,0.9092879566071681,1.7814655172413794,0.5575646456582066,0.9129797357504695,-0.2649727646300033,-0.1187556038776938,-0.0452222807118301,-0.27941030407764056,-0.4090750035810631
2022_16_GB_MIA,2022,16,2022-12-25T13:00-05:00,MIA,GB,False,-6.0,0.8086340183362548,-1.03268572716344,3.0532817287436522,1.7814655172413794,0.8361027079165774,0.7512012418225211,1.2702757888968113,1.0012701325979136,2.050735117663307,1.2153031760538215,1.1022330451859363
2022_16_DEN_LA,2022,16,2022-12-25T16:30-05:00,LAR,DEN,False,37.0,1.2154673032189867,0.4907153685799117,1.5034704858586743,1.7814655172413794,1.1842506321926989,1.3376007992847696,0.08360547540939933,0.8924365296193987,0.6823099461448763,0.011986062159977107,-0.07782748507703285
2022_16_TB_ARI,2022,16,2022-12-25T20:20-05:00,ARI,TB,False,-3.0,-0.5401031717022475,-3.2465165722935465,0.6201943210114922,1.7814655172413794,-2.9536706184338186,-2.880847895821776,-4.094562728925271,-4.1279914959512665,-1.3832775995002793,-3.9590781579168373,-4.247650589247406
2022_16_LAC_IND,2022,16,2022-12-26T20:15-05:00,IND,LAC,False,-17.0,-2.7800362442050917,-5.131118224407452,-0.4287194646759529,1.7814655172413794,-4.743163510554066,-4.3917699774495045,-3.5974700649521165,-3.1314997693477924,-2.850928203161868,-3.59709680701565,-3.7296401559108885
2022_17_DAL_TEN,2022,17,2022-12-29T20:15-05:00,TEN,DAL,False,-14.0,-11.09537320985308,-12.127145456715322,-4.934362367435158,1.7814655172413794,-11.80996954759376,-9.556269702257367,-10.321168636435988,-10.355862448492093,-7.976489122462437,-10.304907822177345,-10.434870903226102
2022_17_ARI_ATL,2022,17,2023-01-01T13:00-05:00,ATL,ARI,False,1.0,3.3229710895355162,4.0407984692615715,3.122220085498618,1.7814655172413794,3.3165337705415316,3.127177549867997,3.1950850169206015,2.7597205091103305,2.5521869735239733,3.0727207742147886,2.9907846638395346
2022_17_CAR_TB,2022,17,2023-01-01T13:00-05:00,TB,CAR,False,6.0,4.066324271304599,6.459570965582664,3.0844981575557364,1.7814655172413794,4.938338104455297,4.731599836419349,4.163143798055858,4.5973658866843845,4.081106291358358,4.091694760668235,4.011619511392123
2022_17_CHI_DET,2022,17,2023-01-01T13:00-05:00,DET,CHI,False,31.0,8.219010360859212,8.685261085646003,7.530475658375947,1.7814655172413794,8.299266185240747,8.192572869471675,8.075147967833333,7.432556153482366,8.82103596857617,7.886097398585915,7.974117532425003
2022_17_CLE_WAS,2022,17,2023-01-01T13:00-05:00,WAS,CLE,False,-14.0,0.5185260064776758,-0.2896425077162257,1.8015000549899667,1.7814655172413794,0.5250228974914539,0.7690147558073046,0.67490631702196,0.864279602116176,0.43897041186265495,0.632564321202949,0.511558514407718
2022_17_DEN_KC,2022,17,2023-01-01T13:00-05:00,KC,DEN,False,3.0,14.717048514476538,14.037056305981663,12.192780527951488,1.7814655172413794,14.555240387945428,12.688897168246575,13.705904794381087,13.75449220502022,15.311823787729232,13.894517539458697,13.573743596581982
2022_17_IND_NYG,2022,17,2023-01-01T13:00-05:00,NYG,IND,False,28.0,5.09824237064787,5.750343169553498,4.085922009969353,1.7814655172413794,7.231928835866471,7.374601701814078,7.054777314101223,6.276719594450874,5.945139770800457,7.081440304668218,6.913646006637614
2022_17_JAX_HOU,2022,17,2023-01-01T13:00-05:00,HOU,JAX,False,-28.0,-4.80945267266305,-4.528741996170094,-1.9514951959542755,1.7814655172413794,-3.8649078288688115,-3.735795362259115,-3.9573764002194327,-4.171508643310562,-4.520680555768817,-3.968062767568991,-4.094881960848867
2022_17_MIA_NE,2022,17,2023-01-01T13:00-05:00,NE,MIA,False,2.0,5.183248720281659,3.2281760201111034,4.983102693280809,1.7814655172413794,3.561881105914985,3.64768353812042,2.445723534706582,2.8992977785037133,2.7174661465321455,2.3746452035432135,2.292573002338308
2022_17_NO_PHI,2022,17,2023-01-01T13:00-05:00,PHI,NO,False,-10.0,6.364927983141065,5.683320125990094,8.774848700632091,1.7814655172413794,6.633008482014381,7.089781859411349,7.224305832974751,7.307293080331526,7.52091476528392,7.154318073516958,7.040902653459755
2022_17_NYJ_SEA,2022,17,2023-01-01T16:05-05:00,SEA,NYJ,False,17.0,1.7802937799426497,2.2866186593381705,3.3156926754238443,1.7814655172413794,3.9318537852290127,4.775412687056708,4.086731781390034,4.283542310452721,1.7137544461559335,3.99008678441921,3.9681244926214747
2022_17_SF_LV,2022,17,2023-01-01T16:05-05:00,LV,SF,False,-3.0,-6.318896358265904,-8.676830410497134,-5.288987506285432,1.7814655172413794,-7.424709299041467,-7.553513963727674,-6.881575240404696,-7.074514181711924,-7.121346420728704,-6.789314213803799,-6.9927954975429625
2022_17_LA_LAC,2022,17,2023-01-01T16:25-05:00,LAC,LAR,False,21.0,4.901069590278228,5.123950989422426,5.127458730091085,1.7814655172413794,5.087098562642576,3.747548744162797,4.636018583386644,4.208660454521269,5.104335055939146,4.787790816750747,4.488986593065571
2022_17_MIN_GB,2022,17,2023-01-01T16:25-05:00,GB,MIN,False,24.0,4.039999315549386,6.354627628761458,3.232338836406553,1.7814655172413794,4.805366559086993,4.937055250851213,4.403343898378511,4.178475414167759,3.8211419331739003,4.407694034479766,4.249515852992094
2022_17_PIT_BAL,2022,17,2023-01-01T20:20-05:00,BAL,PIT,False,-3.0,1.3600398438199726,0.8970534237974859,5.038951408145542,1.7814655172413794,1.220955974110236,2.0178322362183305,2.005627211476186,2.463401821732009,2.2574694723430406,1.949665671349932,1.8534312044035437
2022_18_KC_LV,2022,18,2023-01-07T16:30-05:00,LV,KC,False,-18.0,-5.987519547867111,-10.771837765836418,-2.380590730741546,1.7814655172413794,-9.260856829682279,-9.413441543655031,-8.736035105442124,-9.330352757009852,-7.238043467074587,-8.841353472586762,-8.910520422233828
2022_18_TEN_JAX,2022,18,2023-01-07T20:15-05:00,JAX,TEN,False,4.0,5.146075387521372,6.8646796017279605,6.131247279896875,1.7814655172413794,6.049289670393369,6.613371667522727,7.593866332893654,6.879523197577187,5.741492718320432,7.581214609396039,7.473553642407545
2022_18_BAL_CIN,2022,18,2023-01-08T13:00-05:00,CIN,BAL,False,11.0,8.131527404431768,9.61356696588857,7.084471442703394,1.7814655172413794,10.150768711550441,9.293937990778641,9.819206829183718,8.805289568347506,6.815009922712098,9.819772394206252,9.688537871609386
2022_18_CAR_NO,2022,18,2023-01-08T13:00-05:00,NO,CAR,False,-3.0,3.08001509842487,3.860371947257016,5.4108454975639315,1.7814655172413794,2.78560557702676,3.536443177404089,3.4744222259660056,3.823875173848603,4.52400864454951,3.4690627914102823,3.359545054585793
2022_18_CLE_PIT,2022,18,2023-01-08T13:00-05:00,PIT,CLE,False,14.0,3.229013938671791,0.8984160522309756,1.734031711981956,1.7814655172413794,2.549555035490579,1.667250061137736,1.0033253234390105,0.640513384859856,1.551733593686452,0.9949158897762034,0.843870356929327
2022_18_HOU_IND,2022,18,2023-01-08T13:00-05:00,IND,HOU,False,-1.0,3.221611958548335,2.0142761911228932,2.839336383668721,1.7814655172413794,1.7157713498745626,1.3846666211156542,1.7483156001547875,2.740500945603273,2.241707321365973,1.7201362666996316,1.606796598446297
2022_18_MIN_CHI,2022,18,2023-01-08T13:00-05:00,CHI,MIN,False,-16.0,-6.213337291960926,-10.952530918508508,-3.3609471164182345,1.7814655172413794,-7.552719843496239,-7.5951331308380405,-7.469418210853588,-6.904704467850222,-4.394938986617358,-7.42723677472196,-7.695070703969099
2022_18_NE_BUF,2022,18,2023-01-08T13:00-05:00,BUF,NE,False,12.0,6.474356728098596,7.46181041797626,7.8863405689438775,1.7814655172413794,7.646839604029321,7.4771647353770705,8.050882241528434,7.917366930294438,8.465586987822359,8.280396792062255,7.905133828331957
2022_18_NYJ_MIA,2022,18,2023-01-08T13:00-05:00,MIA,NYJ,False,5.0,6.142717745727577,2.6869286725010437,5.155361855303342,1.7814655172413794,3.3606817370256543,1.9928437357039044,2.7486198091358123,2.5893520172360276,3.5466090663522274,2.5940371111384932,2.532077143985863
2022_18_TB_ATL,2022,18,2023-01-08T13:00-05:00,ATL,TB,False,13.0,-0.2789211543836422,2.842974164888239,0.32155611376267057,1.7814655172413794,1.9159814396195307,1.2715016019451715,0.4383346404283013,0.2650979418612247,-0.19779701618992906,0.29402042993204414,0.2088787298877356
2022_18_ARI_SF,2022,18,2023-01-08T16:25-05:00,SF,ARI,False,25.0,13.01523182423773,12.831386304588868,13.614020304148907,1.7814655172413794,11.781692742960281,10.776168567201122,10.987689005441222,10.698932377317742,11.953455429635294,10.887129923122998,10.774767010214738
2022_18_DAL_WAS,2022,18,2023-01-08T16:25-05:00,WAS,DAL,False,20.0,-7.867390859440691,-9.758447872989413,-6.517520567555065,1.7814655172413794,-10.37682236517063,-9.584219789108234,-10.32227844197895,-10.709804294290887,-7.861100481432807,-10.315614958645732,-10.400873451725566
2022_18_LAC_DEN,2022,18,2023-01-08T16:25-05:00,DEN,LAC,False,3.0,-5.979426624159414,-5.203599929720022,-2.6319112715965662,1.7814655172413794,-6.323600265002702,-5.517098205494596,-4.414800403068087,-3.924374534324153,-5.486718694426119,-4.450862392104872,-4.592860393298494
2022_18_LA_SEA,2022,18,2023-01-08T16:25-05:00,SEA,LAR,False,3.0,3.04442761422083,2.018693056253774,6.165657007553631,1.7814655172413794,4.197984839703204,4.302925009143668,4.533973152677618,4.01669292941507,4.478419541161121,4.592806516243645,4.427764640860312
2022_18_NYG_PHI,2022,18,2023-01-08T16:25-05:00,PHI,NYG,False,6.0,4.824862487241621,7.3644689076900365,8.481885070952728,1.7814655172413794,8.99093225299886,9.548817717536041,9.506968324531648,10.533305161982021,5.708648264079585,9.54961774469108,9.346347955506303
2022_18_DET_GB,2022,18,2023-01-08T20:20-05:00,GB,DET,False,-4.0,4.381802112094399,6.029875548642667,4.062810294448841,1.7814655172413794,4.690188682843571,4.794141493885048,4.686248181559862,4.98750638432201,4.465513974864006,4.771690888795968,4.503905089064793
2023_01_DET_KC,2023,1,2023-09-07T20:20-04:00,KC,DET,False,-1.0,5.280799539034099,6.697440995985261,4.89309469899032,1.8020069471246623,5.97236935263723,6.596629780750131,6.762680698754922,7.696569938511781,7.204578974452294,6.971853515856967,6.618761773877596
2023_01_ARI_WAS,2023,1,2023-09-10T13:00-04:00,WAS,ARI,False,4.0,1.5328371045902038,2.916480173880501,3.9368573957551196,1.8020069471246623,1.4434467115531597,1.0420545697005816,2.6283867031162043,2.346641801904188,3.2711890588437886,2.6706872941151603,2.4571659639463945
2023_01_CAR_ATL,2023,1,2023-09-10T13:00-04:00,ATL,CAR,False,14.0,0.6581793423913003,0.7738500537656154,2.0817247134177754,1.8020069471246623,2.017507824418213,1.7156684683616832,4.121273096862879,4.005371917680904,2.2141479728094975,3.9323750242314865,3.9363801036041774
2023_01_CIN_CLE,2023,1,2023-09-10T13:00-04:00,CLE,CIN,False,21.0,-3.0666582767484027,-3.1008036614748398,-0.6826120575038295,1.8020069471246623,-4.47491908707125,-5.291746954729272,-3.82351443687877,-2.726410684227712,-2.8154786420507705,-3.7905996121999808,-3.998529332331743
2023_01_HOU_BAL,2023,1,2023-09-10T13:00-04:00,BAL,HOU,False,16.0,3.6595340971204338,4.9581951845857155,5.825592926207008,1.8020069471246623,5.666354322818709,8.01516364743415,8.156197818348545,9.156477397975081,5.774753493113266,8.11072829128194,7.983870981148348
2023_01_JAX_IND,2023,1,2023-09-10T13:00-04:00,IND,JAX,False,-10.0,-1.7030061299696984,-2.3523710859484384,-1.120132747534221,1.8020069471246623,-3.980929493956041,-4.259584898093635,-6.233828700855984,-5.819906854711438,-3.2927186095170997,-6.211036234344695,-6.366655621824934
2023_01_SF_PIT,2023,1,2023-09-10T13:00-04:00,PIT,SF,False,-23.0,-3.305678643439238,-2.9401544910721285,-1.6127490900872479,1.8020069471246623,-2.189054976078845,-2.343365413021105,-1.2466858047872353,-2.011038536347084,-2.1786013572936525,-1.1490912133391142,-1.2960846515155406
2023_01_TB_MIN,2023,1,2023-09-10T13:00-04:00,MIN,TB,False,-3.0,1.538941670456745,0.04261428288495517,3.28823996827274,1.8020069471246623,0.6699305018366777,1.278310400167491,0.837676584691182,0.8653761045376739,2.367894794247154,0.8832986746829753,0.6365609222688556
2023_01_TEN_NO,2023,1,2023-09-10T13:00-04:00,NO,TEN,False,1.0,4.227567165043831,3.027683121589613,3.9188085973432814,1.8020069471246623,2.7971422227627034,2.529598045517847,2.3073246637022766,2.2906417079767225,3.467527821859302,2.2604382163653387,2.1723645631743977
2023_01_GB_CHI,2023,1,2023-09-10T16:25-04:00,CHI,GB,False,-18.0,-5.892286855112307,-5.326668274587968,-2.4682520735048783,1.8020069471246623,-4.598393339614688,-7.1537154610514815,-4.232748984278155,-3.9198434112738885,-6.756576279991996,-4.147798709120451,-4.380531169310422
2023_01_LA_SEA,2023,1,2023-09-10T16:25-04:00,SEA,LAR,False,-17.0,2.081533175036106,-0.3959878592965038,4.095404228210294,1.8020069471246623,1.527343596938215,2.3708355718648964,2.979454181290405,2.4971087247554142,2.5950969603468215,3.0241777734124535,2.8840771049589384
2023_01_LV_DEN,2023,1,2023-09-10T16:25-04:00,DEN,LV,False,-1.0,3.4392971588304047,4.522565473968161,1.5802881612734534,1.8020069471246623,3.584079313436545,2.568816096448354,-0.2874613201877622,-0.43956900265336823,-1.0904464289522113,-0.2573707043459569,-0.45366119600686305
2023_01_MIA_LAC,2023,1,2023-09-10T16:25-04:00,LAC,MIA,False,-2.0,3.5215388080745518,3.981758200614081,3.072459312804362,1.8020069471246623,3.315605846577453,3.9541355623750514,2.661096360500001,2.499160327913981,2.6195798823826926,2.800140280545994,2.5251034198091786
2023_01_PHI_NE,2023,1,2023-09-10T16:25-04:00,NE,PHI,False,-5.0,2.5356612389298894,1.2339720124623548,1.4473197198729322,1.8020069471246623,1.259691114775332,0.3420920948460835,-0.8209616302101608,-1.026911806724837,-0.5963650042431512,-0.9759878303358316,-1.0020670050410483
2023_01_DAL_NYG,2023,1,2023-09-10T20:20-04:00,NYG,DAL,False,-40.0,-1.1467805829556408,-2.316380139186093,-0.5015280772088784,1.8020069471246623,-0.9151036651308696,-1.4608471244956969,0.05118869122468256,-1.1618489294426486,-1.1156555778255217,0.09127986780944025,-0.022512866668109366
2023_01_BUF_NYJ,2023,1,2023-09-11T20:15-04:00,NYJ,BUF,False,6.0,-4.192467211067521,-2.7815837451144487,-2.6871060158586833,1.8020069471246623,-4.091664424495355,-5.178965897268331,-4.695794869050631,-5.27004783100047,-5.110767916645074,-4.840187095526669,-4.735092074164602
2023_02_MIN_PHI,2023,2,2023-09-14T20:15-04:00,PHI,MIN,False,6.0,3.893201517720467,4.567287183885501,5.7231196935007755,1.8020069471246623,4.8301911819480114,5.461074209959646,6.00977857304477,6.339946996370962,5.793531492221595,6.1341973090505215,5.8895822830276865
2023_02_BAL_CIN,2023,2,2023-09-17T13:00-04:00,CIN,BAL,False,-3.0,5.476848630768832,5.659751819712428,2.822819832614468,1.8020069471246623,5.996328156961613,4.20402017158267,4.3516583172004655,3.465721516201968,3.6127582039199484,4.246657692982046,4.210157751917835
2023_02_CHI_TB,2023,2,2023-09-17T13:00-04:00,TB,CHI,False,10.0,8.097672019886028,10.219506846800103,7.226661648312599,1.8020069471246623,9.326848874068085,9.790316563865385,9.571461806802848,9.349862516108614,9.092831597161693,9.428191368016765,9.493858472514315
2023_02_GB_ATL,2023,2,2023-09-17T13:00-04:00,ATL,GB,False,1.0,-1.3619532727086523,-0.7593981802453789,0.21256138305579864,1.8020069471246623,-1.1252023709948904,-1.2734150020852335,-0.9631110759172063,-0.9684517224843002,-2.2761875948511725,-1.12626653259955,-1.114027420625456
2023_02_IND_HOU,2023,2,2023-09-17T13:00-04:00,HOU,IND,False,-11.0,0.5759133872745066,0.6802582231637628,2.5211915503412525,1.8020069471246623,0.8438470869544392,0.3375374970073386,1.01110636458551,0.059602888755019734,0.590847989447733,1.093631880660528,0.8992013876395779
2023_02_KC_JAX,2023,2,2023-09-17T13:00-04:00,JAX,KC,False,-8.0,-3.3435936538099336,-4.641360559379829,0.854999773218696,1.8020069471246623,-3.385519772811623,-3.157943695657899,-2.4683898955312316,-3.1626905320219247,-3.0804209080081986,-2.6369693194274166,-2.6111108902492326
2023_02_LAC_TEN,2023,2,2023-09-17T13:00-04:00,TEN,LAC,False,3.0,-1.7816218592399131,-1.4139891348325198,1.078493235027553,1.8020069471246623,-1.0803285614736358,-1.1931953037431644,-1.6247400649433967,-1.4843969434154876,-1.6515138954954542,-1.6268409920441087,-1.7429905323867787
2023_02_LV_BUF,2023,2,2023-09-17T13:00-04:00,BUF,LV,False,28.0,5.285533517449908,5.917431554141565,6.177413802967484,1.8020069471246623,6.216873896938283,5.57518684088713,5.020209869866699,5.761802962634186,4.887661743215936,5.209470978347072,4.8421804694273245
2023_02_SEA_DET,2023,2,2023-09-17T13:00-04:00,DET,SEA,False,-6.0,6.515087958179574,6.498344781334386,5.015644933907401,1.8020069471246623,5.123010119924046,5.114358280234168,5.581030966660128,4.805978013923683,5.532064464353931,5.453727461925456,5.385933466533633
2023_02_NYG_ARI,2023,2,2023-09-17T16:05-04:00,ARI,NYG,False,-3.0,-0.33247337781278397,-2.404869202762442,2.55117470235786,1.8020069471246623,-2.0828508225924356,-2.0833748480576366,-0.9518809209457654,-0.7243340755546974,0.5767770138841937,-1.0337025180852681,-1.0977479412909565
2023_02_SF_LA,2023,2,2023-09-17T16:05-04:00,LAR,SF,False,-7.0,-5.495704522345385,-3.173543417097606,-3.1859324744815014,1.8020069471246623,-2.9904200370076803,-3.2640336769849103,-3.4769628692825654,-3.504301745481623,-4.200094463302581,-3.4320503005934104,-3.5579297473343567
2023_02_NYJ_DAL,2023,2,2023-09-17T16:25-04:00,DAL,NYJ,False,20.0,5.970651150485253,7.945664452374294,6.783285525049171,1.8020069471246623,7.548589982809938,8.413661707507309,8.524389328166073,8.881006323557262,9.79441859371839,8.513069268950662,8.31558699743419
2023_02_WAS_DEN,2023,2,2023-09-17T16:25-04:00,DEN,WAS,False,-2.0,0.9882048977798055,2.4259137643562987,1.6206103110048278,1.8020069471246623,1.4879378477272078,1.8718974669650559,3.2799612472570274,3.1477396820234214,1.6729724285342433,3.2448083497490092,3.0961163656311843
2023_02_MIA_NE,2023,2,2023-09-17T20:20-04:00,NE,MIA,False,-7.0,1.8184067220834148,1.0292827423069615,2.5053990581028174,1.8020069471246623,0.7902474389849923,1.471895304425844,0.4502536717204585,0.44717515009956676,0.223423432417436,0.5590469404571498,0.3361536758669845
2023_02_NO_CAR,2023,2,2023-09-18T19:15-04:00,CAR,NO,False,-3.0,-1.2843618323659807,-1.7130764244435648,1.0004306618424081,1.8020069471246623,-2.373272455397868,-2.17997837482818,-0.9386096123531928,-1.3331397298697185,-1.130936655605727,-0.9440623419077107,-1.0770683567551131
2023_02_CLE_PIT,2023,2,2023-09-18T20:15-04:00,PIT,CLE,False,4.0,-0.08541316314160241,-1.7028997094005367,0.036963477592331095,1.8020069471246623,0.18220979521475011,1.2539957919443276,0.617095067729841,0.21598956461255625,0.5863717933457329,0.5526653620949904,0.48023314946491574
2023_03_NYG_SF,2023,3,2023-09-21T20:15-04:00,SF,NYG,False,18.0,12.53081272321864,11.553709231297148,10.33658598867656,1.8020069471246623,10.31723652232146,9.275130197645414,8.997241608721938,9.141051707346586,10.752713041883366,8.891421794945202,8.766409936976618
2023_03_ATL_DET,2023,3,2023-09-24T13:00-04:00,DET,ATL,False,14.0,0.8824378783165219,1.2249728078003512,3.002613983426714,1.8020069471246623,1.7137814686659179,3.1079681364816993,2.9234390801850445,2.9693180067487464,2.2578706036666976,2.9648476212362165,2.7965645384462574
2023_03_BUF_WAS,2023,3,2023-09-24T13:00-04:00,WAS,BUF,False,-34.0,-5.95731210026545,-6.031535767635953,-2.833233403564515,1.8020069471246623,-6.3565487249547985,-5.8441530640170765,-5.688201359364784,-6.242303969234744,-5.434330009103391,-5.820148535693557,-5.749290606367913
2023_03_DEN_MIA,2023,3,2023-09-24T13:00-04:00,MIA,DEN,False,50.0,6.88504864997892,5.784650877779571,5.629509740863089,1.8020069471246623,7.406293320671365,7.537274684742712,6.5790140890610616,6.237719027405994,7.120698161930356,6.375047067692743,6.441630426845229
2023_03_HOU_JAX,2023,3,2023-09-24T13:00-04:00,JAX,HOU,False,-20.0,8.458150878507931,7.886528917292658,7.780885668347028,1.8020069471246623,8.562789986344233,8.618980360593914,7.455824944791829,7.678049001907042,7.558195783537584,7.363495808255031,7.262089717600644
2023_03_IND_BAL,2023,3,2023-09-24T13:00-04:00,BAL,IND,False,-3.0,7.8261103316790885,8.256580443128783,6.7955676587877,1.8020069471246623,7.454856747626733,8.810260028543231,7.082438126478668,7.1630424635223715,6.918936284142248,7.235288695868697,6.975886104979879
2023_03_LAC_MIN,2023,3,2023-09-24T13:00-04:00,MIN,LAC,False,-4.0,0.5264880440602684,-0.4127995384179579,1.6138141712118341,1.8020069471246623,-0.17916121035535637,-1.0827962284439605,-0.8623554500299404,-0.7896287208105219,-0.7789988979449052,-0.9037703682922178,-1.0074789726426163
2023_03_NE_NYJ,2023,3,2023-09-24T13:00-04:00,NYJ,NE,False,-5.0,-1.9005575797012497,-2.633238917590536,1.1713219998587352,1.8020069471246623,-3.150582303109592,-2.6492722244577123,-2.2660684547895693,-2.267080441709915,-2.4730054341325123,-2.2488774186219027,-2.391202193540978
2023_03_NO_GB,2023,3,2023-09-24T13:00-04:00,GB,NO,False,1.0,4.935598003596869,4.350904100626606,4.298245089282723,1.8020069471246623,4.192980543545714,5.827386063063644,4.567594992756755,4.285088802289675,5.2793611284979995,4.639081869815362,4.404499583877975
2023_03_TEN_CLE,2023,3,2023-09-24T13:00-04:00,CLE,TEN,False,24.0,3.8679593165095465,4.411588420930261,4.22255922386061,1.8020069471246623,2.1978468885222306,2.1428359929776284,2.5235661215418808,2.5493959707193667,2.49814646594773,2.4975069823799525,2.3638954704217596
2023_03_CAR_SEA,2023,3,2023-09-24T16:05-04:00,SEA,CAR,False,10.0,4.410921395983041,3.3696387415895837,3.867871991919527,1.8020069471246623,5.294897636695726,6.4561933878238875,4.519878645534332,4.411790303713057,4.11626190415527,4.560182880552032,4.393934710997888
2023_03_CHI_KC,2023,3,2023-09-24T16:25-04:00,KC,CHI,False,31.0,15.409629123052989,17.97879944552161,11.27967674878526,1.8020069471246623,16.933490745905413,16.974028812608523,16.540351297669122,16.456229170826912,17.417173548489835,16.584014051399826,16.427394386577873
2023_03_DAL_ARI,2023,3,2023-09-24T16:25-04:00,ARI,DAL,False,12.0,-6.933518305326766,-9.381457328554085,-4.85794506314917,1.8020069471246623,-8.111728672117165,-8.411562096485543,-7.391069580409743,-7.21452153252208,-7.162696723128351,-7.39061413950017,-7.504542611574857
2023_03_PIT_LV,2023,3,2023-09-24T20:20-04:00,LV,PIT,False,-5.0,1.2684523902069473,1.6479717608812137,1.7735211866392648,1.8020069471246623,1.0810936671082463,1.634633760971871,2.036443530645309,2.2050365203008555,2.5778607733764636,2.0174453848823104,1.8789179890778829
2023_03_PHI_TB,2023,3,2023-09-25T19:15-04:00,TB,PHI,False,-14.0,-0.6653870938411947,-0.026141640532148624,-0.3808893131434914,1.8020069471246623,-0.6588454525465415,-0.5670549991315093,-0.6394867222192038,-1.192609801277082,-1.7010247486898376,-0.7740969268155222,-0.7202634802616166
2023_03_LA_CIN,2023,3,2023-09-25T20:15-04:00,CIN,LAR,False,3.0,2.5791766676313355,1.1526149309552436,3.568175541273554,1.8020069471246623,0.9467678436579257,1.3909071867756593,1.7193396664504086,1.1811565552116527,1.9111617662300664,1.7553187255406177,1.5922103988156462
2023_04_DET_GB,2023,4,2023-09-28T20:15-04:00,GB,DET,False,-14.0,1.9392835267740982,1.3293970267654869,3.0945365080366565,1.8020069471246623,1.2780158870713016,1.8353220722779398,1.625449592065378,2.005167522424763,3.355596717056362,1.822983710970827,1.4618843133351105
2023_04_ATL_JAX,2023,4,2023-10-01T09:30-04:00,JAX,ATL,True,16.0,-2.9095486642981445,-1.7302868527788418,-0.146403410918168,1.8020069471246623,-1.020782252914942,-0.3349205796304666,0.07092424580620049,-0.23425139673390571,-0.6930959890217725,0.17077655769610622,1.9430530378652162
2023_04_BAL_CLE,2023,4,2023-10-01T13:00-04:00,CLE,BAL,False,-25.0,2.0396973270325782,-1.0939791585758634,4.12424418110351,1.8020069471246623,-1.7310051969752707,-2.55692907035327,-2.4498088474775557,-2.5142816006450097,1.263945547630172,-2.5221375419068406,-2.6467621112623614
2023_04_CIN_TEN,2023,4,2023-10-01T13:00-04:00,TEN,CIN,False,24.0,-4.222595831718154,-4.766857644759538,-0.7063824257138664,1.8020069471246623,-4.1481727170013105,-4.071103359312494,-4.2086869729778105,-3.180955264327765,-3.3851901262926813,-4.123573889663432,-4.3886055453495345
2023_04_DEN_CHI,2023,4,2023-10-01T13:00-04:00,CHI,DEN,False,-3.0,-1.7701978452943272,-4.0278708479521965,-1.0400278273466617,1.8020069471246623,-2.554451962990366,-2.3972127145963977,-3.4119191088529677,-3.392447520867932,-3.641691809615473,-3.4128242521670096,-3.583180739665743
2023_04_LA_IND,2023,4,2023-10-01T13:00-04:00,IND,LAR,False,-6.0,-3.5965700651325436,-4.714311055922987,0.5152654335771178,1.8020069471246623,-4.335271684543894,-2.8313422780645725,-1.4534074252434486,-1.7079220439907283,-1.0103558077692205,-1.399498133893295,-1.58710095051529
2023_04_MIA_BUF,2023,4,2023-10-01T13:00-04:00,BUF,MIA,False,28.0,4.535018233885346,5.460499587773443,6.126204898347323,1.8020069471246623,5.113505771856169,4.852900361823107,4.546580707175216,4.946004197210163,4.753613466130336,4.9181760574481475,4.413254762555432
2023_04_MIN_CAR,2023,4,2023-10-01T13:00-04:00,CAR,MIN,False,-8.0,-0.9639468955583997,-1.7307997221538312,1.251304203369521,1.8020069471246623,-2.2768359878715065,-1.3819150417053068,-0.9820692179095643,-1.20337562190176,-0.46882312407528337,-0.9754511292545764,-1.0680925126546494
2023_04_PIT_HOU,2023,4,2023-10-01T13:00-04:00,HOU,PIT,False,24.0,-3.352897656182285,-2.5536956156722277,-0.3482564344330399,1.8020069471246623,-2.8557322858938,-1.9056814167182725,-0.46251719323140605,-0.7310467026072431,-0.8349903784663775,-0.44780811978903223,-0.5948927213653663
2023_04_TB_NO,2023,4,2023-10-01T13:00-04:00,NO,TB,False,-17.0,1.411185882734145,0.43455746255441874,4.274850935446897,1.8020069471246623,0.1828127500365926,0.2903680804865939,0.362127473587891,0.5369941137508134,2.431497158703189,0.4030498724223821,0.19285383153416635
2023_04_WAS_PHI,2023,4,2023-10-01T13:00-04:00,PHI,WAS,False,3.0,9.342076406692282,10.146885041400594,8.061500196571986,1.8020069471246623,10.39463216454898,10.626341298591438,11.052722079396897,10.66498329681533,10.479233648542696,11.13806084125585,10.87648171177755
2023_04_LV_LAC,2023,4,2023-10-01T16:05-04:00,LAC,LV,False,7.0,4.893367159674951,7.353626386557349,5.434831535612057,1.8020069471246623,8.910681464515623,9.315649702353966,9.2898521837257,9.333962488429886,6.4518093884980345,9.32493423628866,9.127847814787803
2023_04_ARI_SF,2023,4,2023-10-01T16:25-04:00,SF,ARI,False,19.0,13.108714081616942,13.537850473008401,10.42849766278545,1.8020069471246623,12.248344532260827,12.85667312587806,11.315224398090116,11.278976597244952,11.554598743283464,11.224189565701696,11.079789936710352
2023_04_NE_DAL,2023,4,2023-10-01T16:25-04:00,DAL,NE,False,35.0,3.767035740770034,5.067120812682708,5.709919666424938,1.8020069471246623,4.508252956802776,4.470743723874058,5.174749680642897,5.282777640473606,5.975309696619393,5.197107425863001,5.0141823791599265
2023_04_KC_NYJ,2023,4,2023-10-01T20:20-04:00,NYJ,KC,False,-3.0,-8.92782235596116,-11.772674579730491,-4.280125619000995,1.8020069471246623,-11.520420249644602,-11.463743671258449,-11.3738437241837,-11.237361011240246,-12.028904445640102,-11.49832427412617,-11.489332492153327
2023_04_SEA_NYG,2023,4,2023-10-02T20:15-04:00,NYG,SEA,False,-21.0,0.31971370778612584,0.7388322329698283,0.17915830051018755,1.8020069471246623,-0.34802063176578646,-0.7481547873010744,-0.11949738696387358,0.010902323528984792,-0.5682857196443591,-0.04520431398288405,-0.2712351534306763
2023_05_CHI_WAS,2023,5,2023-10-05T20:15-04:00,WAS,CHI,False,-20.0,7.284125587564217,8.263801828617007,7.989119490684457,1.8020069471246623,8.053024363764079,7.128235027631505,7.07858356009783,7.055163000448304,7.948718637597421,7.050343150876307,7.010197234109565
2023_05_JAX_BUF,2023,5,2023-10-08T09:30-04:00,BUF,JAX,True,-5.0,5.235436779719095,5.5361291334480045,7.799311410875954,1.8020069471246623,5.580430493670898,5.647489824048488,5.6804843124651825,5.602346924015681,6.514220731168463,5.932725936998466,7.526428197397593
2023_05_BAL_PIT,2023,5,2023-10-08T13:00-04:00,PIT,BAL,False,7.0,-4.597250332160192,-5.5345656684264615,-1.7196308321555183,1.8020069471246623,-4.7183144725157256,-3.1431752358992813,-3.0899929859871635,-3.068387903298457,-3.067394768598332,-3.141271268451591,-3.2578250258131085
2023_05_CAR_DET,2023,5,2023-10-08T13:00-04:00,DET,CAR,False,18.0,7.872198280066182,8.699719219052142,7.991821790945314,1.8020069471246623,9.18325010551781,9.33878766846435,8.848507752803354,8.27994934199545,8.574676976495823,8.692607058799814,8.665994247372058
2023_05_HOU_ATL,2023,5,2023-10-08T13:00-04:00,ATL,HOU,False,2.0,2.4944327178518177,0.5694214841868344,2.216308823446333,1.8020069471246623,0.6519622888191781,-0.2960123012753937,-1.2823735782558814,-0.1970249277487004,-0.9084679490155126,-1.468647336329017,-1.4765011012654887
2023_05_NO_NE,2023,5,2023-10-08T13:00-04:00,NE,NO,False,-34.0,3.7105790359893325,2.569725536740777,2.336871638747077,1.8020069471246623,3.1997432072677516,2.7035169075794356,2.2454210781274107,2.329278802289247,1.5409229979452086,2.221484790551388,2.097250477343734
2023_05_NYG_MIA,2023,5,2023-10-08T13:00-04:00,MIA,NYG,False,15.0,10.272167138824774,10.03325428831445,7.634495715464684,1.8020069471246623,10.148404279920177,9.561770458729814,9.425559086456687,8.711876828925007,10.218955650237572,9.194307542257866,9.192738021423004
2023_05_TEN_IND,2023,5,2023-10-08T13:00-04:00,IND,TEN,False,7.0,-1.0048021964087073,-1.0099336980295472,0.7500537416901794,1.8020069471246623,-1.602004315028219,-1.1015003682952373,0.041155784819193464,-0.06338146682732126,0.5064931058248578,0.039040939788962836,-0.12582823809099875
2023_05_CIN_ARI,2023,5,2023-10-08T16:05-04:00,ARI,CIN,False,-14.0,-0.9866263702619684,-4.18693854213137,1.235875940403956,1.8020069471246623,-2.8109711997178746,-2.8134815393997443,-1.5938403346132577,-1.344600409466161,0.0681578888436869,-1.492202851663946,-1.7489766450160957
2023_05_PHI_LA,2023,5,2023-10-08T16:05-04:00,LAR,PHI,False,-9.0,-0.5432724392836796,0.3400717445871275,-0.42479738274623724,1.8020069471246623,-0.5229780605969936,-0.9071108252364437,-2.0234970155874485,-2.0645915335794234,-1.5535739457094986,-2.091901215764902,-2.173072333018662
2023_05_KC_MIN,2023,5,2023-10-08T16:25-04:00,MIN,KC,False,-7.0,-7.21769629763441,-8.65972279447033,-2.630979844055922,1.8020069471246623,-7.806685175808764,-7.541105172179558,-6.9558340190147545,-7.264984806193217,-7.304167545415046,-7.117454075508437,-7.128924691854998
2023_05_NYJ_DEN,2023,5,2023-10-08T16:25-04:00,DEN,NYJ,False,-10.0,0.5111288387334043,2.889556057977303,1.1334167014041125,1.8020069471246623,1.9917375311786332,1.6848906707149114,2.8377973757860007,2.6619884460696293,3.0401558518118197,2.9290572807038933,2.654323094638702
2023_05_DAL_SF,2023,5,2023-10-08T20:20-04:00,SF,DAL,False,32.0,6.225306516936459,4.376928666751073,4.742107034399746,1.8020069471246623,4.483596496706283,4.574766564512515,4.529347910341154,4.444294696616341,4.845100171365801,4.458984021452911,4.370439800948346
2023_05_GB_LV,2023,5,2023-10-09T20:15-04:00,LV,GB,False,4.0,-1.653948100608038,-0.3748433057000602,-0.40359542686449057,1.8020069471246623,-1.0560552276212212,-1.2655737829141418,-0.5714026147002755,-0.6411869593750019,-0.9932362983511587,-0.6804014965765592,-0.7174925641133996
2023_06_DEN_KC,2023,6,2023-10-12T20:15-04:00,KC,DEN,False,11.0,14.731596742293828,14.419699914551863,11.617372839047848,1.8020069471246623,14.920784935160066,15.079945470225548,13.722828702064243,13.896273552125503,14.8167923913674,13.747658479524958,13.593358816049996
2023_06_BAL_TEN,2023,6,2023-10-15T09:30-04:00,TEN,BAL,True,-8.0,-6.809297921882051,-6.797177439712666,-2.879704816139581,1.8020069471246623,-5.850368596971591,-5.247298810587097,-5.048603623803966,-5.294692709796274,-5.192089871890117,-5.096501649164847,-3.1777991814419915
2023_06_CAR_MIA,2023,6,2023-10-15T13:00-04:00,MIA,CAR,False,21.0,10.530300322101047,11.29005613481008,8.098219211378435,1.8020069471246623,11.975598983773983,10.731064742890986,10.328403688126217,10.09484805723607,10.356164336543511,10.122726239914051,10.100377469383314
2023_06_IND_JAX,2023,6,2023-10-15T13:00-04:00,JAX,IND,False,17.0,6.021290739825352,5.990877884798037,5.730058461507621,1.8020069471246623,6.411425489283319,6.564076939230583,5.962654359208257,6.1065448007521805,5.531226524800487,5.972627309154884,5.795266871252253
2023_06_MIN_CHI,2023,6,2023-10-15T13:00-04:00,CHI,MIN,False,-6.0,-5.0408415865719105,-6.1677029116271935,-2.3300573722396685,1.8020069471246623,-5.973739242752392,-4.877378532857787,-4.668595533553052,-4.567118750142894,-5.075102748911666,-4.544098594058002,-4.844922896896115
2023_06_NO_HOU,2023,6,2023-10-15T13:00-04:00,HOU,NO,False,7.0,0.10283292047400105,1.2622363607285783,0.1456840144342304,1.8020069471246623,0.546568391484324,0.8704613364868528,1.4214081422139815,0.7096382701712352,0.6364123602044911,1.5046306252559782,1.2825594698126723
2023_06_SEA_CIN,2023,6,2023-10-15T13:00-04:00,CIN,SEA,False,4.0,1.758912088247855,4.547893641972711,1.5007108079350635,1.8020069471246623,2.5171723037355864,1.8709349286107284,2.0304442753802285,2.033552793619473,1.2884918851773715,1.9996684416762314,1.8963594038246938
2023_06_SF_CLE,2023,6,2023-10-15T13:00-04:00,CLE,SF,False,2.0,-16.219477214711176,-14.584268126679156,-5.4673060392039385,1.8020069471246623,-13.07292040476157,-11.721363103158364,-12.094696842689004,-11.591903173420448,-11.258108270402834,-12.045462200242834,-12.228415433076655
2023_06_WAS_ATL,2023,6,2023-10-15T13:00-04:00,ATL,WAS,False,-8.0,4.3576668375317125,3.647267940207161,3.3625292154676294,1.8020069471246623,3.3107533934119227,2.8605415828117855,3.0208480966659073,2.95798427453232,3.164386586432422,2.8329721998734745,2.805624101606316
2023_06_NE_LV,2023,6,2023-10-15T16:05-04:00,LV,NE,False,4.0,4.021132452868444,4.177669846532441,3.1112206791908346,1.8020069471246623,3.543981824211209,2.8646134321308576,3.852963376455003,3.324927155618609,4.985551298046845,3.8567803364655338,3.6573067765048344
2023_06_ARI_LA,2023,6,2023-10-15T16:25-04:00,LAR,ARI,False,17.0,5.662228072683981,8.17166535878272,5.269370256268072,1.8020069471246623,6.7911140260039655,7.262589123635514,5.5199186665690405,5.674558464149919,5.136883993636189,5.533377769045776,5.343032086593291
2023_06_DET_TB,2023,6,2023-10-15T16:25-04:00,TB,DET,False,-14.0,-0.2218406753404718,0.583129986323805,-0.5165263570824052,1.8020069471246623,-0.086888534172954,-0.6311201368756328,-0.48824554113974417,-0.0834857333244805,-1.0889333084521988,-0.377832525570462,-0.5925943956539669
2023_06_PHI_NYJ,2023,6,2023-10-15T16:25-04:00,NYJ,PHI,False,6.0,-3.7323892004012156,-5.501323505735534,-2.398921649618819,1.8020069471246623,-5.862644820352786,-5.970808883112533,-6.420402634604503,-6.5720998821940375,-7.121201993119241,-6.568291276292036,-6.575471597516341
2023_06_NYG_BUF,2023,6,2023-10-15T20:20-04:00,BUF,NYG,False,5.0,16.256655182512787,15.41226534296872,13.85316507933646,1.8020069471246623,17.986783855850565,17.58386348117085,17.38792740353131,16.598203764716853,15.985073632787067,17.50418247390562,17.214949511118977
2023_06_DAL_LAC,2023,6,2023-10-16T20:15-04:00,LAC,DAL,False,-3.0,1.2843461864310202,1.1176179600036829,-0.2593618389786916,1.8020069471246623,1.5821164887973271,1.164638885060809,1.3783403663122396,0.6408167785558505,0.7008493037638641,1.4134984509575745,1.2311903272150115
2023_07_JAX_NO,2023,7,2023-10-19T20:15-04:00,NO,JAX,False,-7.0,-0.6860962119468909,-0.43816406571463956,0.5594055530382969,1.8020069471246623,0.5149827420103753,0.6056127826560689,0.8337454530153816,0.8204287396697487,0.9374958826163046,0.8365462366184888,0.7116761960981637
2023_07_ATL_TB,2023,7,2023-10-22T13:00-04:00,TB,ATL,False,-3.0,3.9421274073978534,5.620581700429669,4.736531718130743,1.8020069471246623,5.3467764283534,5.52444686261863,5.881930755836035,5.746255503066361,4.931471607513128,5.927364598106063,5.793711456390573
2023_07_BUF_NE,2023,7,2023-10-22T13:00-04:00,NE,BUF,False,4.0,-8.704937685674736,-9.384262551455947,-6.526489261265279,1.8020069471246623,-9.794736372280013,-9.6206929201866,-10.433287260029296,-9.790422669845167,-10.9955866635567,-10.733775924681236,-10.568827301542811
2023_07_CLE_IND,2023,7,2023-10-22T13:00-04:00,IND,CLE,False,-1.0,-1.5955298231670376,-1.141469285874104,-1.8756691975453261,1.8020069471246623,-1.0999979105151896,-0.22936943472321725,0.4396854467597522,0.3246357699802713,0.8873915641497554,0.3280946894630068,0.262335033837946
2023_07_DET_BAL,2023,7,2023-10-22T13:00-04:00,BAL,DET,False,32.0,0.5107644102028898,1.7150748263732827,0.17446200078785346,1.8020069471246623,0.4154973874290382,-0.7847179494712186,-1.0481561236505021,-0.6220351392926119,-0.9937747349784027,-0.8398292595906696,-1.1424980478670008
2023_07_LV_CHI,2023,7,2023-10-22T13:00-04:00,CHI,LV,False,18.0,-2.5423287788909734,-5.323326711264796,-1.3120986558690975,1.8020069471246623,-5.159703502844462,-4.134618785237722,-4.5413060425431615,-4.23225683700372,-3.8682729124225714,-4.554782946306064,-4.801676016541947
2023_07_WAS_NYG,2023,7,2023-10-22T13:00-04:00,NYG,WAS,False,7.0,0.34342997955671006,0.828837625459881,0.9523051434596224,1.8020069471246623,-1.3500779015459958,-1.1888523673917673,-1.0714696079947337,-0.7273447999708793,0.9210937542674943,-1.0377886341343974,-1.2443219995099495
2023_07_ARI_SEA,2023,7,2023-10-22T16:05-04:00,SEA,ARI,False,10.0,7.834286981066097,8.536310476422596,7.741145184096599,1.8020069471246623,9.334676826486664,9.377542003902358,8.200678245575329,7.661494165884545,7.305870100815071,8.14712505467244,8.103124922571787
2023_07_PIT_LA,2023,7,2023-10-22T16:05-04:00,LAR,PIT,False,-7.0,2.9687302056827445,4.184313183312254,4.449462518201338,1.8020069471246623,3.7154479045335895,3.8174696668770363,4.019828936402014,4.005130832778084,4.213868312426877,4.012295919926058,3.8605584562596578
2023_07_GB_DEN,2023,7,2023-10-22T16:25-04:00,DEN,GB,False,2.0,-3.434015787722208,-0.6258320546124558,-1.6679302589932599,1.8020069471246623,-1.9458829726311075,-1.9491838845875278,-0.9652615309235548,-1.2524260805404297,-2.903054626630749,-0.9292600754621057,-1.1010076712299544
2023_07_LAC_KC,2023,7,2023-10-22T16:25-04:00,KC,LAC,False,14.0,8.472584089802352,8.595259990281242,6.966103480853415,1.8020069471246623,8.05024507728423,7.979587991872427,7.658890645171637,8.021875151255948,8.384898906343704,7.723914349776919,7.506127406272441
2023_07_MIA_PHI,2023,7,2023-10-22T20:20-04:00,PHI,MIA,False,14.0,1.1568005175486076,1.6773861796693494,2.9680338686977494,1.8020069471246623,1.1417782242929897,1.529270781291986,1.3973255053594615,1.6270063923873477,1.3365376885053184,1.717183074999354,1.310882763749537
2023_07_SF_MIN,2023,7,2023-10-23T20:15-04:00,MIN,SF,False,5.0,-8.125799006376575,-7.175299802415697,-6.145649509098247,1.8020069471246623,-6.860958142455603,-7.42109550820337,-7.095206727130051,-7.637119699410371,-8.015553380017542,-7.064387338206645,-7.196941406101835
2023_08_TB_BUF,2023,8,2023-10-26T20:15-04:00,BUF,TB,False,6.0,9.940159966080682,9.8358399257953,9.373567093882293,1.8020069471246623,10.741094420408576,10.197592868337852,10.121043028756716,10.004687071950528,10.48816337795536,10.31761468821109,9.929061574651108
2023_08_ATL_TEN,2023,8,2023-10-29T13:00-04:00,TEN,ATL,False,5.0,-0.030732767689185536,-1.200326811619097,3.222052149860191,1.8020069471246623,-2.8272543174644857,-2.211786339271404,-1.575362608194817,-1.1520582369358194,2.5346991687230904,-1.3959652755241834,-1.7488000595038438
2023_08_HOU_CAR,2023,8,2023-10-29T13:00-04:00,CAR,HOU,False,2.0,-2.2972518519636766,-4.154572021168734,-0.8787643731662889,1.8020069471246623,-3.753970862951004,-3.9030244369915224,-4.024717417837401,-3.235790394752893,-4.228364020991934,-4.060967454877145,-4.140680560577108
2023_08_JAX_PIT,2023,8,2023-10-29T13:00-04:00,PIT,JAX,False,-10.0,-1.2177445404816636,-0.9141797608397629,-0.5030768761365829,1.8020069471246623,-0.15396231852608788,-0.3140445175128648,-1.1065805331378553,-0.7156399199745775,-1.4049910389345588,-1.0884272277435119,-1.2283222307272543
2023_08_LA_DAL,2023,8,2023-10-29T13:00-04:00,DAL,LAR,False,23.0,5.698689253669523,4.6412868814365345,6.5298967383919155,1.8020069471246623,4.664887362099369,3.875543586534596,5.002597400787723,5.483847923671866,5.773826494843464,4.997047850105446,4.833930097021736
2023_08_MIN_GB,2023,8,2023-10-29T13:00-04:00,GB,MIN,False,-14.0,1.1206861824409167,-0.08028410847081746,1.996929070632646,1.8020069471246623,-0.15630066854680225,-0.011126417749904638,-0.7571223064091521,0.02522523770623719,0.5990554329698576,-0.67323017180415,-0.9048804217639486
2023_08_NE_MIA,2023,8,2023-10-29T13:00-04:00,MIA,NE,False,14.0,5.489513240602653,5.667301726365416,6.4273823257280895,1.8020069471246623,6.419222546823141,5.6581025917773395,7.123887622668841,6.762018820580794,7.174694309067655,6.997608367715234,6.9556265273237585
2023_08_NO_IND,2023,8,2023-10-29T13:00-04:00,IND,NO,False,-11.0,-2.4697974045964264,-2.4957236269016314,0.1526753609739977,1.8020069471246623,-3.2510893187658847,-2.8168957622771322,-2.2372969147722745,-1.8586401176961735,-1.6433857709067672,-2.2214064483786005,-2.4186949187912745
2023_08_NYJ_NYG,2023,8,2023-10-29T13:00-04:00,NYG,NYJ,False,-3.0,-1.9070829867321515,0.8876310286719868,-0.418340888622589,1.8020069471246623,-0.6422682798397492,-1.4436427101029632,-1.1354712519450962,-0.5799893039801005,0.6842622699182448,-0.9645867142393731,-1.2429894270521133
2023_08_PHI_WAS,2023,8,2023-10-29T13:00-04:00,WAS,PHI,False,-7.0,-6.754418898783331,-6.758868399951746,-4.2442811225869335,1.8020069471246623,-6.663351415705229,-5.588004953452877,-6.384246587366096,-6.407396417699167,-6.8320991211786986,-6.437665284480795,-6.505867626047493
2023_08_CLE_SEA,2023,8,2023-10-29T16:05-04:00,SEA,CLE,False,4.0,7.100498438826229,5.968769165712842,2.646781631691071,1.8020069471246623,6.429451055437848,6.476802369456205,6.441802382165082,6.318756905100344,5.023267790608162,6.453677601429253,6.375039124112682
2023_08_BAL_ARI,2023,8,2023-10-29T16:25-04:00,ARI,BAL,False,-7.0,-7.564924855796388,-10.100307291325194,-5.044624656941,1.8020069471246623,-8.686268263200246,-8.164335793720287,-7.087175072433634,-6.892691657591323,-6.502881202247453,-7.143464551356062,-7.249903816987395
2023_08_CIN_SF,2023,8,2023-10-29T16:25-04:00,SF,CIN,False,-14.0,6.392030317534282,2.256279872998415,9.22398990271376,1.8020069471246623,2.4569275443465615,3.0882251166615293,3.031402087558285,3.467471602040816,4.175731300530421,3.055814885192316,2.7640898808370533
2023_08_KC_DEN,2023,8,2023-10-29T16:25-04:00,DEN,KC,False,15.0,-10.378361951581347,-10.163289002077507,-6.777214382702171,1.8020069471246623,-10.772410632210313,-10.767333665105367,-9.680970845621648,-10.216506555053602,-10.841879024987556,-9.776299856157566,-9.846938017652914
2023_08_CHI_LAC,2023,8,2023-10-29T20:20-04:00,LAC,CHI,False,17.0,8.075293110348184,9.775457689274749,6.903279854861047,1.8020069471246623,9.777743543556248,9.073421945700012,8.927729013341754,9.561267427037814,6.780763181599342,9.002758780548653,8.861444535861335
2023_08_LV_DET,2023,8,2023-10-30T20:15-04:00,DET,LV,False,12.0,4.8660041822535165,4.251931997745468,8.68659257704591,1.8020069471246623,5.371406259090625,6.273588150560259,6.255542700302061,6.588698386606408,5.446196940030068,6.172831944740144,6.075703112973668
2023_09_TEN_PIT,2023,9,2023-11-02T20:15-04:00,PIT,TEN,False,4.0,3.128808770601247,3.9384706084020356,2.86513511341178,1.8020069471246623,4.515242108533196,4.265490405418372,3.9740887749741773,3.8188194014229344,2.106998168512745,4.022840090305986,3.8509186807747
2023_09_MIA_KC,2023,9,2023-11-05T09:30-05:00,KC,MIA,True,7.0,2.1134586793956474,4.2253404928466445,1.5204987883263663,1.8020069471246623,2.771585358490812,2.164116388736195,1.681534572390373,1.8812182598476839,1.9152030840495708,2.133620690205758,3.585116347084856
2023_09_ARI_CLE,2023,9,2023-11-05T13:00-05:00,CLE,ARI,False,27.0,6.29667456578567,8.630047372671854,7.978353547897294,1.8020069471246623,8.02754886678072,8.110776791498324,7.232242291076845,7.045629927312299,4.184871191186115,7.2836175973579085,7.085639089762384
2023_09_CHI_NO,2023,9,2023-11-05T13:00-05:00,NO,CHI,False,7.0,9.00652280231987,9.632191812383219,7.861616037243482,1.8020069471246623,9.880487325107792,9.538674449275147,9.273642398446325,9.472738677368046,7.738990763666585,9.218806846068587,9.208130527869853
2023_09_LA_GB,2023,9,2023-11-05T13:00-05:00,GB,LAR,False,17.0,3.1247345492643914,5.395972907979312,2.729099296814695,1.8020069471246623,4.704708690198196,4.11927490255149,4.311518026831509,4.41106739400918,3.5396574742241675,4.350319362731484,4.208261780322974
2023_09_MIN_ATL,2023,9,2023-11-05T13:00-05:00,ATL,MIN,False,-3.0,-4.3769451706730464,-3.7868767904354224,-1.6946436577101753,1.8020069471246623,-1.9010949354433828,-0.7449593276414734,-1.5378559769183673,-0.6531498667831777,-2.9110212672471008,-1.5666661842372327,-1.7030839202892214
2023_09_SEA_BAL,2023,9,2023-11-05T13:00-05:00,BAL,SEA,False,34.0,5.097533744014854,6.339912882476808,4.509813023565147,1.8020069471246623,4.359554125343472,4.655206312215349,4.312917124797826,4.606937394600716,4.636786614473786,4.436000900659032,4.156885257279722
2023_09_TB_HOU,2023,9,2023-11-05T13:00-05:00,HOU,TB,False,2.0,1.6302108292275763,1.804755274550924,2.0571841908485413,1.8020069471246623,1.7486729988787988,1.123229524073099,2.1929781288533428,1.1522095494598772,2.727158558815749,2.246930593395266,2.034383027759566
2023_09_WAS_NE,2023,9,2023-11-05T13:00-05:00,NE,WAS,False,-3.0,3.0907975216959827,2.2715539127739923,2.8328025987013437,1.8020069471246623,2.063026862876403,2.113982406034023,1.3595832993454926,2.026981799920451,1.8049080734032654,1.1749656577893264,1.156215904847806
2023_09_IND_CAR,2023,9,2023-11-05T16:05-05:00,CAR,IND,False,-14.0,0.6511316809916479,0.11460444430278693,1.7617050746672032,1.8020069471246623,0.6677962661590042,0.7339485564387812,0.8141640153799572,1.1862754812963532,-0.3682325862799469,0.8606578413368716,0.7535677516831845
2023_09_DAL_PHI,2023,9,2023-11-05T16:25-05:00,PHI,DAL,False,5.0,1.9859010300332498,1.8095059769358797,1.8289930023392218,1.8020069471246623,2.4234631370643758,2.6956510109867815,2.8458658358979365,2.252628895971563,1.9776001844314657,2.923576223990049,2.7388407548920304
2023_09_NYG_LV,2023,9,2023-11-05T16:25-05:00,LV,NYG,False,24.0,6.786204636878185,4.041999397842289,2.286372996683959,1.8020069471246623,3.397447206917904,4.070237719857447,1.499218950009189,0.9492754616521137,2.937257409870555,1.3501118716262848,1.3042093171377167
2023_09_BUF_CIN,2023,9,2023-11-05T20:20-05:00,CIN,BUF,False,6.0,-1.6438669610544325,-0.9863648830786105,-0.5852614535802614,1.8020069471246623,-1.7521169070833926,-1.323180859052903,-2.003438450435619,-2.5221020070208406,-3.0853709996611007,-2.2534418227242474,-2.1170189714275995
2023_09_LAC_NYJ,2023,9,2023-11-06T20:15-05:00,NYJ,LAC,False,-21.0,-0.1730656874355747,-2.6208742201852613,1.5254611936659495,1.8020069471246623,-2.450934211886678,-3.1894637774359618,-3.5395732832139246,-3.5494004877769076,-4.410339451593016,-3.72839883688975,-3.650000246055633
2023_10_CAR_CHI,2023,10,2023-11-09T20:15-05:00,CHI,CAR,False,3.0,2.9383944669561526,2.7608120013939335,3.1436539146547187,1.8020069471246623,2.6457777090611287,1.796235648009131,1.3414803729394091,0.5788718340437637,4.154778201153464,1.422343507880283,1.067578100151258
2023_10_IND_NE,2023,10,2023-11-12T09:30-05:00,NE,IND,True,-4.0,-1.7018868858564886,-1.5067860577937031,-0.3630301102973923,1.8020069471246623,-0.9742853025385285,-0.5926664081887587,-1.7883907520816809,-1.3623691170398042,-2.7960854805295474,-1.8396608381012634,0.07439141716338957
2023_10_CLE_BAL,2023,10,2023-11-12T13:00-05:00,BAL,CLE,False,-2.0,6.914593362096847,5.589607729035073,4.932953926594854,1.8020069471246623,6.53495504969739,5.917964142617955,5.515431514161629,5.816078291404399,5.956135985757669,5.483179743115021,5.330823878025425
2023_10_GB_PIT,2023,10,2023-11-12T13:00-05:00,PIT,GB,False,4.0,1.4349947802222733,2.396888722318501,1.5766433868002365,1.8020069471246623,2.3793887170155132,2.2927885778092527,1.9459722073439185,1.4583836780936301,0.8884481186673794,1.9145696794760976,1.812976116747532
2023_10_HOU_CIN,2023,10,2023-11-12T13:00-05:00,CIN,HOU,False,-3.0,6.996899270917356,6.605220505839075,6.723269808703307,1.8020069471246623,6.617770707363081,5.867155558948498,4.833084863786854,4.875866087456811,4.558132159870734,4.764023909366533,4.715096156450122
2023_10_NO_MIN,2023,10,2023-11-12T13:00-05:00,MIN,NO,False,8.0,1.910970049677175,-1.4682343468848167,4.025995662800289,1.8020069471246623,-1.45929612040687,-0.872342173122346,-0.9987058438186652,-0.7603113766347065,-0.07225310048769962,-0.7332163649560075,-1.1521937782316134
2023_10_SF_JAX,2023,10,2023-11-12T13:00-05:00,JAX,SF,False,-31.0,-1.1730790930175958,-0.5456738924639359,-0.18718127463719902,1.8020069471246623,0.05769059483285255,-0.9716051403292653,-0.7419217096090847,-1.282929605147612,-1.971636640575828,-0.8102669125154269,-0.8747240601146511
2023_10_TEN_TB,2023,10,2023-11-12T13:00-05:00,TB,TEN,False,14.0,3.8287715569146386,5.291532451127452,3.063074934639384,1.8020069471246623,5.273360206423795,4.6225528874452655,5.1267111043860805,5.093920483169587,3.234530685904206,5.147041704183524,5.043546584019666
2023_10_ATL_ARI,2023,10,2023-11-12T16:05-05:00,ARI,ATL,False,2.0,-3.3192240618832014,0.7873663276921599,-0.5168522335670716,1.8020069471246623,0.36883712462962354,0.5801705150328313,1.1686428953772379,1.891548481411434,-0.49440653066478407,1.198585316941087,1.0909501667158157
2023_10_DET_LAC,2023,10,2023-11-12T16:05-05:00,LAC,DET,False,-3.0,1.190375312019925,1.8792377077638363,1.810151874490268,1.8020069471246623,1.3613400567327425,1.498717067453788,1.6490173689380674,1.6963514776407678,1.9847167712776113,1.8575563598158782,1.5283845836596892
2023_10_NYG_DAL,2023,10,2023-11-12T16:25-05:00,DAL,NYG,False,32.0,12.435220770776498,13.819148349241052,12.21830657264176,1.8020069471246623,14.08852396568287,13.61409892944825,13.699675815035977,13.949274938062146,12.830318332681543,13.789650686450434,13.555041514373762
2023_10_WAS_SEA,2023,10,2023-11-12T16:25-05:00,SEA,WAS,False,3.0,3.125019931543296,2.423782218709544,4.96782691789431,1.8020069471246623,3.458079819793653,3.8324815699990795,3.371639148271255,3.7070524868373558,3.9129745696959213,3.219187108969827,3.213779974129582
2023_10_NYJ_LV,2023,10,2023-11-12T20:20-05:00,LV,NYJ,False,4.0,1.9494133701525176,1.4890274017066574,1.9807832413547581,1.8020069471246623,1.2946676034838076,1.5778030798046092,3.147158417636757,2.5473907242562013,5.362023278307234,3.2600180955514158,2.9866318984568263
2023_10_DEN_BUF,2023,10,2023-11-13T20:15-05:00,BUF,DEN,False,-2.0,9.150462166876428,8.763761277247808,9.461990674093117,1.8020069471246623,10.443226143890966,10.976464434854613,10.144027744141123,10.622678253995684,10.732641486532138,10.281935310636078,10.038246467083251
2023_11_CIN_BAL,2023,11,2023-11-16T20:15-05:00,BAL,CIN,False,14.0,3.378302098262445,2.9337537144043555,5.120493407775882,1.8020069471246623,2.619981047396925,2.966428906851144,2.7495898523279583,2.773119420643257,3.425854489517665,2.81264259904459,2.612268411928971
2023_11_ARI_HOU,2023,11,2023-11-19T13:00-05:00,HOU,ARI,False,5.0,8.278391901617587,6.672935792933796,7.170546235121716,1.8020069471246623,6.451055003576332,6.827880432286569,7.205116056194505,6.107217043548157,7.523527947967656,7.162826780108554,6.979564568241345
2023_11_CHI_DET,2023,11,2023-11-19T13:00-05:00,DET,CHI,False,5.0,10.67604927144973,9.841699515884955,10.914550233534234,1.8020069471246623,9.838320618367428,8.731739409966767,9.100733107419925,10.014904945764338,10.234058940738048,8.915176045228282,8.899991012621026
2023_11_DAL_CAR,2023,11,2023-11-19T13:00-05:00,CAR,DAL,False,-23.0,-9.214842265133441,-10.05069261452626,-9.40785156292462,1.8020069471246623,-10.038945865059567,-9.259448159547702,-9.107173049188985,-9.613262754275775,-10.430984945241796,-9.147430052167339,-9.209080057148771
2023_11_LAC_GB,2023,11,2023-11-19T13:00-05:00,GB,LAC,False,3.0,-1.0240429352305809,-2.6243103732694086,0.1540178023203187,1.8020069471246623,-2.403412131909827,-2.1388172608548013,-2.6662181155393827,-2.1154747088673647,-1.7052401253068306,-2.7186004511801847,-2.844090926899229
2023_11_LV_MIA,2023,11,2023-11-19T13:00-05:00,MIA,LV,False,7.0,6.422943120593564,8.146117347179489,6.674786876718992,1.8020069471246623,9.052436285112927,9.69769757893524,8.580900104773042,8.947786897560086,7.850457081153557,8.325715628538713,8.382076473850688
2023_11_NYG_WAS,2023,11,2023-11-19T13:00-05:00,WAS,NYG,False,-12.0,6.575339974817114,8.534322984270988,6.6961603664031895,1.8020069471246623,9.209963779291403,10.05743066670859,10.048900148899813,8.937317615400017,8.247857758788651,10.151973338784408,9.95757757869563
2023_11_PIT_CLE,2023,11,2023-11-19T13:00-05:00,CLE,PIT,False,3.0,4.346058786484995,1.1430401959326475,6.616072047691464,1.8020069471246623,0.7316861615559289,0.9389911343327957,1.4987760954065004,0.9004836059632404,3.544528108156455,1.5138277234974804,1.343999315441562
2023_11_TEN_JAX,2023,11,2023-11-19T13:00-05:00,JAX,TEN,False,20.0,5.110325506818438,5.775861810301104,6.698134704524039,1.8020069471246623,6.260810964390265,6.402296423612484,6.953449078546505,7.218268419203137,6.030670725646096,6.959102716445003,6.807212600988418
2023_11_TB_SF,2023,11,2023-11-19T16:05-05:00,SF,TB,False,13.0,10.673197932637567,8.992635082572493,10.181702284717762,1.8020069471246623,8.971371031729074,9.23725522311342,8.939860009853655,8.875384615672628,10.658373301012437,8.982977157741253,8.723966899339754
2023_11_NYJ_BUF,2023,11,2023-11-19T16:25-05:00,BUF,NYJ,False,26.0,9.717312786115063,11.964065510888826,8.215041001906389,1.8020069471246623,12.346365015520544,12.045631932608256,12.20149184139039,12.267078490172302,13.309627142242313,12.478557568895228,12.032521548036526
2023_11_SEA_LA,2023,11,2023-11-19T16:25-05:00,LAR,SEA,False,1.0,0.05370338643296457,1.932154227541322,0.0002160775328063913,1.8020069471246623,0.14289912565462531,-0.2843721316710059,-0.12022496983578868,0.47001130600244034,0.08784511905677095,-0.014439757979495815,-0.28872843040483076
2023_11_MIN_DEN,2023,11,2023-11-19T20:20-05:00,DEN,MIN,False,1.0,-1.8952804462405735,2.1851046563573933,-0.8568840802138045,1.8020069471246623,0.9623880194704086,0.9092590695560108,0.9351513169671684,0.8515637210461506,-0.536353717883625,0.8405132492766543,0.7845673323931222
2023_11_PHI_KC,2023,11,2023-11-20T20:15-05:00,KC,PHI,False,-4.0,5.092216901204792,6.406546357309443,2.4320744757486574,1.8020069471246623,5.356627716939601,4.6353100115376575,3.963762727785177,4.02520899718401,4.319575496162327,4.0119712720991725,3.8203732487195716
2023_12_GB_DET,2023,12,2023-11-23T12:30-05:00,DET,GB,False,-7.0,6.550937810829506,7.247953912409733,5.6003131720219095,1.8020069471246623,7.462228847246541,6.513394331582958,6.912006659132713,5.936948941828844,5.603468199712285,6.705184400298506,6.752158708084993
2023_12_WAS_DAL,2023,12,2023-11-23T16:30-05:00,DAL,WAS,False,35.0,12.711992877800313,11.82142422115212,13.411023380603199,1.8020069471246623,11.536285583076486,11.22299815489708,11.620003979816452,11.782614863682355,13.240402494448219,11.579519490321204,11.451524525080035
2023_12_SF_SEA,2023,12,2023-11-23T20:20-05:00,SEA,SF,False,-18.0,-7.374991882141114,-7.24546680476976,-5.262631742315919,1.8020069471246623,-6.850186135208315,-6.893531567351051,-7.415034128915425,-8.152140231588154,-8.183330218445077,-7.4888568958536865,-7.5040368436742515
2023_12_MIA_NYJ,2023,12,2023-11-24T15:00-05:00,NYJ,MIA,False,-21.0,-3.960041058432454,-7.425204199128682,-2.8167155409736324,1.8020069471246623,-7.666666890795098,-8.150809025705355,-8.537455667636472,-8.446195577548554,-5.175732892511945,-8.17849859997585,-8.671283495528403
2023_12_CAR_TEN,2023,12,2023-11-26T13:00-05:00,TEN,CAR,False,7.0,4.85931394647353,5.243621848916336,5.703835098735907,1.8020069471246623,5.241344473882922,4.797933640853602,4.20409196791372,4.227949718255673,5.159944739747701,4.07331990719109,3.9774719710603006
2023_12_JAX_HOU,2023,12,2023-11-26T13:00-05:00,HOU,JAX,False,-3.0,-1.0880983814055973,-0.17966359589603864,-1.1973694569034263,1.8020069471246623,-0.8080297181937524,-0.2166070233613122,0.2512844372200509,-0.3868484945043731,0.3548936271348866,0.2970121686763423,0.11833537555024698
2023_12_NE_NYG,2023,12,2023-11-26T13:00-05:00,NYG,NE,False,3.0,-3.9914213576100117,-3.913628788396549,0.668529212750677,1.8020069471246623,-4.371778108435645,-4.192191344550547,-3.453126684327084,-2.940588921741816,-2.956387778055489,-3.413335391746005,-3.585459797052008
2023_12_NO_ATL,2023,12,2023-11-26T13:00-05:00,ATL,NO,False,9.0,-1.3385630759713507,-2.036048922951548,-0.2551650384809112,1.8020069471246623,-2.147635816830665,-2.020522617457498,-2.5714475940820645,-2.326545060405775,-2.657721160815906,-2.6004666563436674,-2.7090397315373234
2023_12_PIT_CIN,2023,12,2023-11-26T13:00-05:00,CIN,PIT,False,-6.0,1.589859533164701,0.610851482365238,4.45142107952754,1.8020069471246623,-0.6224692080591896,0.4393223517154152,0.8981521828067749,0.7421561952692346,3.5127283578068287,1.0195480850747658,0.752631334846849
2023_12_TB_IND,2023,12,2023-11-26T13:00-05:00,IND,TB,False,7.0,0.7598602824631184,-0.5371924057506416,0.6902441557482095,1.8020069471246623,-0.9656091405116922,-0.8038706869366296,-0.23805434121093239,-1.2345941992633074,1.395913145779726,-0.2521035950003161,-0.44947967843574865
2023_12_CLE_DEN,2023,12,2023-11-26T16:05-05:00,DEN,CLE,False,17.0,-0.8098042067861507,2.994643165578923,-1.592634762917525,1.8020069471246623,2.017468095992829,1.6944238886626577,2.384411334968937,2.3314712923731156,0.6442501464120745,2.45976535115089,2.2427768357280384
2023_12_LA_ARI,2023,12,2023-11-26T16:05-05:00,ARI,LAR,False,-23.0,-2.9955761195916044,-2.3342383356704675,-0.33079938646652085,1.8020069471246623,-1.7538741772792041,-1.4018235568171624,-0.34574478897198724,-0.20317815877381584,-1.0034872555611898,-0.31359242707054524,-0.4754125359580308
2023_12_BUF_PHI,2023,12,2023-11-26T16:25-05:00,PHI,BUF,False,3.0,-1.584811437996784,-2.4469059404142826,2.30229478511703,1.8020069471246623,-2.4796563901494757,-1.929049051036499,-1.613534110489132,-1.0329011506809191,-1.6329949853212136,-1.715735726921549,-1.7623029916491315
2023_12_KC_LV,2023,12,2023-11-26T16:25-05:00,LV,KC,False,-14.0,-6.796357756179022,-11.111399011056236,-3.5591962453613295,1.8020069471246623,-10.455242493978743,-10.274648550037323,-9.016028278542008,-9.514118987100613,-8.333775314613018,-9.188519909492733,-9.237360006810231
2023_12_BAL_LAC,2023,12,2023-11-26T20:20-05:00,LAC,BAL,False,-10.0,-0.9125286205945352,-0.5606196007425883,-0.9826592256403952,1.8020069471246623,-0.10114630617913678,-0.41535213139539806,-0.3186002712441067,-0.24285672413634263,-0.4449730942699337,-0.24455357828127333,-0.4812370458756452
2023_12_CHI_MIN,2023,12,2023-11-27T20:15-05:00,MIN,CHI,False,-2.0,8.513837260580678,4.613671233429048,8.984336089815228,1.8020069471246623,4.310072967684838,3.2746813105307577,3.725344232424196,4.64625663469595,6.070947815981295,3.827536375937527,3.537527741910501
2023_13_SEA_DAL,2023,13,2023-11-30T20:15-05:00,DAL,SEA,False,6.0,12.053064434051658,12.266234561074793,12.36644488642414,1.8020069471246623,11.020581158300837,10.234532399836265,11.120776889071523,10.83969536052186,12.143261887839827,11.2713436730367,10.977705465474772
2023_13_ARI_PIT,2023,13,2023-12-03T13:00-05:00,PIT,ARI,False,-14.0,9.597455088391404,6.970280717058009,9.439007111905616,1.8020069471246623,7.4688778883113205,7.378484925216586,6.466510935009211,6.056297973656013,6.970771842444419,6.359434612861879,6.287771246129848
2023_13_ATL_NYJ,2023,13,2023-12-03T13:00-05:00,NYJ,ATL,False,-5.0,-4.8272439585735185,-3.80346882546215,0.15627270555004857,1.8020069471246623,-3.1745965213925356,-3.8426711506715554,-3.7104620288931534,-3.334260402378183,-1.7396184694653847,-3.514153038049886,-3.845506428511407
2023_13_DEN_HOU,2023,13,2023-12-03T13:00-05:00,HOU,DEN,False,5.0,-0.893428219599964,-0.534109284335933,1.1791423933411305,1.8020069471246623,0.39750298246780336,1.0700601401552314,1.1027313741518032,1.8406551308483547,1.265311984592739,1.0761050024027783,0.9225952095869407
2023_13_DET_NO,2023,13,2023-12-03T13:00-05:00,NO,DET,False,-5.0,-1.3558065565937893,-1.5073478088098944,-0.274975506037507,1.8020069471246623,-1.6450451323135324,-0.48607472646961575,-0.5681994592699959,-0.9279403206432015,0.011851983187609605,-0.44921405599079933,-0.6899556283140901
2023_13_IND_TEN,2023,13,2023-12-03T13:00-05:00,TEN,IND,False,-3.0,0.27024918084388827,0.11458278427940385,0.9438552605697073,1.8020069471246623,0.619376414662991,0.24194053834727813,-0.7385043936830236,0.06968008383161384,-1.3706519033259208,-0.7990012798791445,-0.8976319253017239
2023_13_LAC_NE,2023,13,2023-12-03T13:00-05:00,NE,LAC,False,-6.0,-1.0544010242260957,-3.6753478174482392,-1.95442244953954,1.8020069471246623,-3.4656698433868742,-3.092895165608885,-3.869647721230919,-4.174384741152963,-2.4240507654896533,-4.0271770003927045,-4.048095310541484
2023_13_MIA_WAS,2023,13,2023-12-03T13:00-05:00,WAS,MIA,False,-30.0,-7.686857151097998,-6.555733052464406,-6.1904171171033155,1.8020069471246623,-7.172685253761462,-6.921368838314967,-7.67318879454664,-7.332840547801033,-8.133743179377175,-7.191758420697841,-7.737566007593988
2023_13_CAR_TB,2023,13,2023-12-03T16:05-05:00,TB,CAR,False,3.0,4.460219468196449,6.0636442673348565,8.317697040969836,1.8020069471246623,6.105614669002769,5.767232239208178,8.571568013332698,8.701500674518742,8.623853850994958,8.46923335474558,8.405621223883657
2023_13_CLE_LA,2023,13,2023-12-03T16:25-05:00,LAR,CLE,False,17.0,0.7338069119885546,3.473236770586057,-0.0035647777934597613,1.8020069471246623,3.2586465386505203,3.232033233587763,2.806702954075157,3.1239281649725297,1.560118818956131,2.7953385092176126,2.652922673212514
2023_13_SF_PHI,2023,13,2023-12-03T16:25-05:00,PHI,SF,False,-23.0,-4.526457586891382,-3.773053262514731,-0.9704527055912013,1.8020069471246623,-3.5361165979901394,-3.1413115425700426,-2.9386449376376715,-2.7187803560997557,-3.6663903087894774,-2.8461870282688877,-3.0434085473273433
2023_13_KC_GB,2023,13,2023-12-03T20:20-05:00,GB,KC,False,8.0,-5.109117092653282,-7.036378330167533,-1.5238226701710866,1.8020069471246623,-6.165657659844015,-5.45797740839328,-5.431608106325678,-5.309443639768732,-4.8361410345108435,-5.546677544853948,-5.653139779322272
2023_13_CIN_JAX,2023,13,2023-12-04T20:15-05:00,JAX,CIN,False,-3.0,2.3907701273570217,4.5100525899738155,4.854816017985103,1.8020069471246623,5.685749028718308,5.680115829804895,5.996376388429249,6.197666554373739,4.331812454334175,5.93623687713122,5.834169666843497
2023_14_NE_PIT,2023,14,2023-12-07T20:15-05:00,PIT,NE,False,-3.0,3.7985017657887674,5.988993856284518,4.796816654368966,1.8020069471246623,5.246531253586775,4.781896885543685,4.893281065894882,4.524908562229988,5.141552321075126,4.901592423349767,4.78643250316873
2023_14_CAR_NO,2023,14,2023-12-10T13:00-05:00,NO,CAR,False,22.0,8.218397565167914,9.393158977356226,7.736485184792063,1.8020069471246623,8.305964543649186,8.691199513862053,7.4080856475771855,7.067716738038696,8.439578795282436,7.268467041968529,7.190894907576739
2023_14_DET_CHI,2023,14,2023-12-10T13:00-05:00,CHI,DET,False,15.0,-3.5728495108828784,-3.185231713300043,-3.6128958409135006,1.8020069471246623,-3.051848563128927,-2.712828722792354,-2.6690874008392846,-3.9618445792403585,-3.3955228871854675,-2.423826757985635,-2.771137794738417
2023_14_HOU_NYJ,2023,14,2023-12-10T13:00-05:00,NYJ,HOU,False,24.0,-5.991973618253505,-4.373220073013233,-1.5561082682028848,1.8020069471246623,-4.11520935917596,-4.502509638534798,-5.466925934567877,-5.185179933566237,-6.440884494338663,-5.63249198872402,-5.573708495606453
2023_14_IND_CIN,2023,14,2023-12-10T13:00-05:00,CIN,IND,False,20.0,5.026257933072294,4.083565133226609,5.1137607213736285,1.8020069471246623,3.982460631408175,3.320734443032905,2.8103230379838937,3.4657740076477594,3.3440459180954907,2.9748660178437456,2.7137299254436584
2023_14_JAX_CLE,2023,14,2023-12-10T13:00-05:00,CLE,JAX,False,4.0,1.4884779979090932,0.9331709770047122,0.4706769597852265,1.8020069471246623,1.1503171361237214,0.25463496526017404,-0.479966692418309,-0.9787827673546365,0.33709822633966,-0.48225428954011673,-0.6050641472527492
2023_14_LA_BAL,2023,14,2023-12-10T13:00-05:00,BAL,LAR,False,6.0,7.882632749168263,6.45395567076492,8.12922482035403,1.8020069471246623,6.404993665316765,6.134310730048761,6.250065368936335,6.330036419940241,6.600929126070708,6.238394834901218,6.08665048395743
2023_14_TB_ATL,2023,14,2023-12-10T13:00-05:00,ATL,TB,False,-4.0,0.8073093113497691,-1.2135917222330055,2.0906497072223686,1.8020069471246623,-0.9659738462738854,0.22677703414284056,0.032597938820486116,-0.752961614736785,0.9085766900290124,-0.08485939139426923,-0.16075742412537974
2023_14_MIN_LV,2023,14,2023-12-10T16:05-05:00,LV,MIN,False,-3.0,-1.8269036406137373,-1.0168481434324699,-1.389927007081297,1.8020069471246623,-1.3802441341193135,-1.1028507818033633,-0.47321867437294274,-0.4563197388301041,-0.5714312372020609,-0.6174652784407522,-0.62480336749281
2023_14_SEA_SF,2023,14,2023-12-10T16:05-05:00,SF,SEA,False,12.0,13.218307451641829,13.271150463672885,13.19575361448672,1.8020069471246623,13.559879106966168,13.855098981745105,15.185895523213784,15.2331664243155,14.379330161388227,15.139225216252196,15.029632928637334
2023_14_BUF_KC,2023,14,2023-12-10T16:25-05:00,KC,BUF,False,-3.0,-0.7939986256120904,-0.20946581901593503,1.3906595619546804,1.8020069471246623,-1.1540046069546834,0.31252451573421486,0.023597848600554583,0.6073664859234822,0.04892460285929612,-0.11958825594453604,-0.10142139955502627
2023_14_DEN_LAC,2023,14,2023-12-10T16:25-05:00,LAC,DEN,False,-17.0,2.7141999869595606,2.74427858157952,3.959389244364589,1.8020069471246623,3.7800065977397943,4.088769428022646,3.439086899210495,4.23890239866253,3.7540452347688857,3.4550041768278077,3.3049278035950582
2023_14_PHI_DAL,2023,14,2023-12-10T20:20-05:00,DAL,PHI,False,20.0,6.739536115743132,6.3853163769554095,7.186177244565002,1.8020069471246623,6.355342445770846,6.519937251272157,6.269571275052394,5.826773039387561,6.994710125252682,6.22821571417278,6.117805622954998
2023_14_GB_NYG,2023,14,2023-12-11T20:15-05:00,NYG,GB,False,2.0,-5.938996835437853,-5.685812075193663,-3.8526984969151803,1.8020069471246623,-6.27198620546048,-6.377386420257867,-6.466982320521091,-5.992814735068084,-7.379027808503288,-6.6741954005591335,-6.660512667716874
2023_14_TEN_MIA,2023,14,2023-12-11T20:15-05:00,MIA,TEN,False,-1.0,11.473845079827163,10.754164112679874,11.220809243198056,1.8020069471246623,11.529860986747607,11.105308017515807,11.878339707901844,11.419655796152949,12.051159800437368,11.687499970059378,11.73627414869525
2023_15_LAC_LV,2023,15,2023-12-14T20:15-05:00,LV,LAC,False,42.0,-0.0014209309189803232,-1.1424852521531845,-0.3234287511885965,1.8020069471246623,-0.31467704387486173,-0.2572980038052749,0.566380834936197,0.255219833381777,-0.87176536036961,0.4358995900376612,0.38964069802071677
2023_15_MIN_CIN,2023,15,2023-12-16T13:00-05:00,CIN,MIN,False,3.0,4.412951992949066,4.757656877270924,3.51683543227412,1.8020069471246623,4.254625857077997,3.5476642050297738,3.290542959974961,3.2076575035034205,2.7135151702262816,3.322988995533213,3.185498135571601
2023_15_PIT_IND,2023,15,2023-12-16T16:30-05:00,IND,PIT,False,17.0,1.367589603079331,-0.0011449466461179725,1.8273517007543583,1.8020069471246623,0.6638925459503776,0.8487251367726579,1.9430887924057285,1.2642148156171122,1.6414698279099895,1.854622138125897,1.738229044008617
2023_15_DEN_DET,2023,15,2023-12-16T20:15-05:00,DET,DEN,False,25.0,1.8599742920252536,1.0747517175188632,2.0268859512282367,1.8020069471246623,2.605088489234549,2.557173472324233,1.7067581140524466,2.788837829705467,1.656244119089429,1.3783708854191596,1.48983870946278
2023_15_ATL_CAR,2023,15,2023-12-17T13:00-05:00,CAR,ATL,False,2.0,-3.8613891396898747,-3.6528449896773574,-2.7236570751456464,1.8020069471246623,-3.9017614071940603,-4.353074968900398,-3.4057574565705,-2.9411998266723467,-4.346461005362575,-3.159796455817657,-3.505659636953361
2023_15_CHI_CLE,2023,15,2023-12-17T13:00-05:00,CLE,CHI,False,3.0,4.236857946644697,2.522482852114551,5.373811252209148,1.8020069471246623,1.1918822505834048,1.0121011099107498,0.7562096312669748,1.540797132627763,3.197351929403795,0.7606632820916815,0.5762274791877058
2023_15_HOU_TEN,2023,15,2023-12-17T13:00-05:00,TEN,HOU,False,-3.0,3.9395504646341326,3.9663680100025664,2.070571844582754,1.8020069471246623,4.97795832105516,4.647404571113464,3.9404518149104506,3.557966560837392,1.2937601042164515,3.723539994144734,3.7842556763123847
2023_15_KC_NE,2023,15,2023-12-17T13:00-05:00,NE,KC,False,-10.0,-7.1842247289473065,-9.327349171206182,-4.355555197458941,1.8020069471246623,-8.522716562025929,-8.187099259490804,-8.652754575429332,-8.712525195126144,-8.264866469899188,-8.804366139474627,-8.835107035305052
2023_15_NYG_NO,2023,15,2023-12-17T13:00-05:00,NO,NYG,False,18.0,7.3915385215409914,7.315546472828343,6.8501368736582355,1.8020069471246623,7.657423922469561,7.777205790066973,7.875663259829494,7.513393272431896,8.305373426880884,7.888094540195118,7.755279843682876
2023_15_NYJ_MIA,2023,15,2023-12-17T13:00-05:00,MIA,NYJ,False,30.0,15.000340748230968,11.578642585944872,10.014367969503986,1.8020069471246623,12.277029378544922,11.412394731121616,12.065535619298347,11.686660505298551,13.254390818009465,11.862645140827404,11.84887265547705
2023_15_TB_GB,2023,15,2023-12-17T13:00-05:00,GB,TB,False,-14.0,4.311651416259066,2.712639208718537,4.454064431786288,1.8020069471246623,3.10710642724052,3.3109115160203575,3.0186905311430636,2.8135239621885733,4.343986438742213,3.0617389639770156,2.808418381510778
2023_15_SF_ARI,2023,15,2023-12-17T16:05-05:00,ARI,SF,False,-16.0,-13.477538779656486,-10.333495317864031,-12.808868561119356,1.8020069471246623,-10.781377318160796,-11.933739987603637,-11.689303167243454,-11.796481027092739,-13.131428896209506,-11.60287464111202,-11.746552039804156
2023_15_WAS_LA,2023,15,2023-12-17T16:05-05:00,LAR,WAS,False,8.0,9.833994432795151,10.478529986973168,9.58502399926931,1.8020069471246623,9.692151810018807,9.094103251459504,9.124365094230704,8.704248184974736,9.862819685879984,8.988827362958824,8.973776221341522
2023_15_DAL_BUF,2023,15,2023-12-17T16:25-05:00,BUF,DAL,False,21.0,0.3740508462386176,1.288297684867548,-1.2248650514255006,1.8020069471246623,1.341374674942128,1.2713669458615637,0.8145910204657412,0.8857050410376837,0.5778205188464169,1.0007213022484098,0.6750667002952607
2023_15_BAL_JAX,2023,15,2023-12-17T20:20-05:00,JAX,BAL,False,-16.0,-4.03407180049126,-4.268906764971984,-1.2518790855043718,1.8020069471246623,-3.138227106670586,-2.7439509912583624,-2.2819879412272916,-1.9111989997558585,-2.655840719662479,-2.2924750195765307,-2.454401742942982
2023_15_PHI_SEA,2023,15,2023-12-18T20:15-05:00,SEA,PHI,False,3.0,-0.9428460555985634,-1.2280525919607654,-0.67458268115139,1.8020069471246623,-0.4526267054348257,-2.5637974781546324,-3.272327618131821,-3.2006753782229445,-1.5084947583720174,-3.3250524730629625,-3.445265800102793
2023_16_NO_LA,2023,16,2023-12-21T20:15-05:00,LAR,NO,False,8.0,2.3535556824586643,3.7127379688970352,2.057694206320618,1.8020069471246623,2.937071367947517,2.303432355876074,1.7113708663340914,1.9460111608930486,1.6102859190430971,1.874569310381626,1.5650287629929627
2023_16_CIN_PIT,2023,16,2023-12-23T16:30-05:00,PIT,CIN,False,23.0,-4.410102714552099,-4.398641003116957,-2.7732342789448055,1.8020069471246623,-4.275221530481398,-4.704432276002368,-5.131887506960675,-4.494339841731613,-4.454226534229002,-5.107622495487639,-5.249825498641954
2023_16_BUF_LAC,2023,16,2023-12-23T20:00-05:00,LAC,BUF,False,-2.0,-8.083992842265909,-10.653811964908884,-6.146996736766527,1.8020069471246623,-11.60748436774733,-10.368561756496456,-12.911944006316414,-12.366387421857972,-11.497127894440132,-13.08181807133914,-13.039610016743424
2023_16_CLE_HOU,2023,16,2023-12-24T13:00-05:00,HOU,CLE,False,-14.0,-3.572071145648439,-2.1441749399749908,0.23086402793844396,1.8020069471246623,-1.4943052561944885,-1.0860472550994724,-0.41189586345057627,-0.1257103727393183,0.361204065711376,-0.4563021483079577,-0.569578240538855
2023_16_DET_MIN,2023,16,2023-12-24T13:00-05:00,MIN,DET,False,-6.0,0.23968811244917054,-1.533288100410091,1.2792751553874173,1.8020069471246623,-1.453208243568837,-1.4919624058321956,-1.23846790202409,-1.6482961814596373,0.9593292448539223,-1.0116298689827332,-1.3615260488052252
2023_16_GB_CAR,2023,16,2023-12-24T13:00-05:00,CAR,GB,False,-3.0,-4.878861975606602,-5.076691516425944,-4.262340142773025,1.8020069471246623,-5.570640079049525,-6.116529503907065,-5.144829518034597,-5.210011890741477,-6.575450528010819,-5.037116270050864,-5.218378355320901
2023_16_IND_ATL,2023,16,2023-12-24T13:00-05:00,ATL,IND,False,19.0,0.25639030721327916,-0.8327677067653216,1.4267720669968784,1.8020069471246623,-0.2587510384859968,-0.7804802267350138,-1.0535029559144826,-0.4623966710662897,-0.5574212970194667,-0.8888686906338918,-1.1505606606024226
2023_16_SEA_TEN,2023,16,2023-12-24T13:00-05:00,TEN,SEA,False,-3.0,-2.104710005993079,-0.6343123569448726,-0.3814614040323199,1.8020069471246623,-1.9013875191015162,-0.8212621992000269,-0.6993426316572865,-0.7688775972998338,-0.5900523815671948,-0.6599676761884453,-0.8295206325952801
2023_16_WAS_NYJ,2023,16,2023-12-24T13:00-05:00,NYJ,WAS,False,2.0,-0.5863610878944683,1.475546583372707,4.141689252127075,1.8020069471246623,0.36372991340828476,-1.027126378501774,-1.000114182352974,-0.5941075119898166,1.5994580520337678,-1.123567957744123,-1.1756860382274796
2023_16_JAX_TB,2023,16,2023-12-24T16:05-05:00,TB,JAX,False,18.0,1.7154136016160695,2.324017409145821,2.08998356536652,1.8020069471246623,2.9702115875787456,2.5466497836535176,2.5388344038962636,3.1147498361068573,2.161067126733829,2.4245068069230724,2.393939702239173
2023_16_ARI_CHI,2023,16,2023-12-24T16:25-05:00,CHI,ARI,False,11.0,4.855322454014854,3.332979830503019,5.8673554835641655,1.8020069471246623,4.27187154045812,4.974941909296068,4.865272303672276,3.479661695513602,4.379895041324076,4.864348867239258,4.720484362240155
2023_16_DAL_MIA,2023,16,2023-12-24T16:25-05:00,MIA,DAL,False,2.0,1.6404325409305414,1.0006795003860833,0.3782021053716482,1.8020069471246623,1.7367106991525945,1.1534578186252888,1.2759476540325099,0.7752237224946783,0.5098902779280804,0.8535389158173552,1.0699098781194334
2023_16_NE_DEN,2023,16,2023-12-24T20:15-05:00,DEN,NE,False,-3.0,5.4060374244003455,7.717150695062752,5.940441948856927,1.8020069471246623,6.174010041867935,4.960583604437573,6.231191969765325,5.232646093629162,5.342734767542237,6.333141358004296,6.147246482521069
2023_16_LV_KC,2023,16,2023-12-25T13:00-05:00,KC,LV,False,-6.0,8.459703887932868,11.87663253555856,8.12581947580718,1.8020069471246623,11.060503307557862,10.619044554818807,9.279582919975873,10.416525934167657,9.24805503294595,9.419706876673626,9.184929836643066
2023_16_NYG_PHI,2023,16,2023-12-25T16:30-05:00,PHI,NYG,False,8.0,9.38284916690918,9.399631213125849,10.124895711418414,1.8020069471246623,9.992983635147496,10.785260850971685,10.982430547564451,10.784335292468127,11.606149469805843,11.201897487613419,10.88703827017624
2023_16_BAL_SF,2023,16,2023-12-25T20:15-05:00,SF,BAL,False,-14.0,6.351884169888261,5.003703972451333,5.866494646819724,1.8020069471246623,5.7006842032060066,6.128124374319876,6.565859152883029,6.835970966080608,7.225345511705925,6.499769073358376,6.350977187537447
2023_17_NYJ_CLE,2023,17,2023-12-28T20:15-05:00,CLE,NYJ,False,17.0,12.885109705159085,8.713574528294224,8.932401026900262,1.8020069471246623,9.031013787694649,9.081374211735653,9.182792273504237,8.967152442576982,9.160629485417076,9.211153460177936,9.029461228471245
2023_17_DET_DAL,2023,17,2023-12-30T20:15-05:00,DAL,DET,False,1.0,4.6012842391688835,4.359028422442806,7.136784602577196,1.8020069471246623,4.089250868879012,4.433854409803736,4.481147701671646,5.026214783092062,5.746746085880234,4.76106862246654,4.3930735788124196
2023_17_ARI_PHI,2023,17,2023-12-31T13:00-05:00,PHI,ARI,False,-4.0,11.518755996164195,10.422490658822948,10.656382987163035,1.8020069471246623,10.120155456517677,12.411650569729007,12.22662739905855,11.926045475169161,12.398121503731849,12.284579113634312,12.093241920862354
2023_17_ATL_CHI,2023,17,2023-12-31T13:00-05:00,CHI,ATL,False,20.0,-1.0242312847565092,1.0643049378140972,1.9486586163829678,1.8020069471246623,1.041843131404132,2.4296529662534385,2.6273481686344997,2.137847243853705,0.620427828070779,2.662737618956326,2.470659375317957
2023_17_CAR_JAX,2023,17,2023-12-31T13:00-05:00,JAX,CAR,False,26.0,7.44696776097809,6.298961144209597,9.198475067082672,1.8020069471246623,6.678561766865506,6.989570586144131,6.439972044673261,6.226863094871652,8.355044578785876,6.347516238997755,6.274110094466666
2023_17_LA_NYG,2023,17,2023-12-31T13:00-05:00,NYG,LAR,False,-1.0,-5.363534001203577,-5.255899018197606,-3.366616305099691,1.8020069471246623,-6.814766808816133,-7.28448288067106,-6.879685004744043,-6.814597548493639,-5.222471778456369,-6.77750163120905,-7.051912402969224
2023_17_LV_IND,2023,17,2023-12-31T13:00-05:00,IND,LV,False,3.0,-0.043522562136339316,2.0745044486281716,0.062096841908290124,1.8020069471246623,1.6917988747778354,1.1618589839317939,0.7289358286364434,0.9837218641965562,0.9942904391054401,0.6647770873369079,0.5867666473511166
2023_17_MIA_BAL,2023,17,2023-12-31T13:00-05:00,BAL,MIA,False,37.0,3.58600227007275,4.349464704658039,5.096547595421099,1.8020069471246623,2.742851304014449,2.628485013418696,2.0083570147022347,2.152425881751432,2.4355296972519707,2.4067002845630583,1.9067503871000018
2023_17_NE_BUF,2023,17,2023-12-31T13:00-05:00,BUF,NE,False,6.0,12.496920316929934,14.233633874086092,12.065270028566284,1.8020069471246623,14.2643092315158,13.421752286175067,14.006580018695129,13.848604226829398,14.194409767400208,14.269630714196538,13.889291260520412
2023_17_NO_TB,2023,17,2023-12-31T13:00-05:00,TB,NO,False,-10.0,2.458772670374417,2.8712191902106925,3.8573316819651833,1.8020069471246623,2.7820899997520243,2.727958072273465,2.8043308767802486,3.1005764301231196,2.3644754982808602,2.8268428060277753,2.654632062466707
2023_17_SF_WAS,2023,17,2023-12-31T13:00-05:00,WAS,SF,False,-17.0,-13.912146214528756,-12.040881559560159,-12.597978219610926,1.8020069471246623,-12.159161199640597,-11.069885091819842,-11.652553448646643,-12.617474466253633,-13.128834579528894,-11.46897216297866,-11.729302879201226
2023_17_TEN_HOU,2023,17,2023-12-31T13:00-05:00,HOU,TEN,False,23.0,1.3476237051119608,3.0189775417474527,2.8190895247068517,1.8020069471246623,2.857917698579053,2.6021593426489353,4.033287020802391,3.8937036367491524,3.592892737028855,4.218433634800831,3.922671161722607
2023_17_PIT_SEA,2023,17,2023-12-31T16:05-05:00,SEA,PIT,False,-7.0,2.2828169837979693,2.2941484357002953,4.048164844205054,1.8020069471246623,2.971081236171906,3.200701899346523,3.349592805950054,3.4194624920277876,2.0548517555140826,3.2835227732774133,3.2010101030964555
2023_17_CIN_KC,2023,17,2023-12-31T16:25-05:00,KC,CIN,False,8.0,4.607184920745364,7.469490477871392,4.956872284248977,1.8020069471246623,6.61916872245162,6.451983687534451,6.232354295505816,7.162203208702623,5.5588927564821775,6.359764097972972,6.112828381421515
2023_17_LAC_DEN,2023,17,2023-12-31T16:25-05:00,DEN,LAC,False,7.0,4.571222784395885,2.863438543576998,3.059052854213652,1.8020069471246623,4.142377320550489,3.738287024146782,2.8715758449976,2.1260032028389935,3.7460326248642364,2.8621618571624405,2.7004123429843414
2023_17_GB_MIN,2023,17,2023-12-31T20:20-05:00,MIN,GB,False,-23.0,1.6132280438071245,0.5097610476044698,3.605401394028415,1.8020069471246623,-0.8511378138883252,-0.6769542007482876,-0.2973323367041991,-0.4338296229577332,1.359872794865641,-0.31261506740157596,-0.4456697673552097
2023_18_PIT_BAL,2023,18,2024-01-06T16:30-05:00,BAL,PIT,False,-7.0,7.841157056186281,6.802440222810435,13.12678626702726,1.8020069471246623,6.035397929019201,8.532813528955064,8.84294938976753,8.589655538423944,9.434547543733645,8.77318895172724,8.639837879565231
2023_18_HOU_IND,2023,18,2024-01-06T20:15-05:00,IND,HOU,False,-4.0,2.241970735901073,0.1865767883051798,1.4125874120384152,1.8020069471246623,-0.12669950544153713,-0.7672922908759691,-1.0963671674482913,-0.981926156951654,0.12979918462028395,-1.2098890762683718,-1.2777426061163741
2023_18_ATL_NO,2023,18,2024-01-07T13:00-05:00,NO,ATL,False,31.0,5.784627456489392,6.166865249298944,6.472354797456641,1.8020069471246623,6.2862600491841,6.1527177180576205,6.467362425022692,6.311285089489152,6.78264355030444,6.513813948257065,6.332166662484862
2023_18_CLE_CIN,2023,18,2024-01-07T13:00-05:00,CIN,CLE,False,17.0,1.3768701612939962,1.0321694237982344,0.9431520255442427,1.8020069471246623,2.0901597471592726,1.2436168445032152,1.198265339269387,1.6752316631392392,0.9502335157321966,1.2792490715010305,1.0678593236189144
2023_18_JAX_TEN,2023,18,2024-01-07T13:00-05:00,TEN,JAX,False,8.0,-3.633461641166847,-2.677260010166231,-3.294254795746152,1.8020069471246623,-1.976982303730711,-2.4661752196313356,-3.106818242850159,-2.8033650453499064,-2.9843544297669866,-3.120893669527237,-3.2461374014451296
2023_18_MIN_DET,2023,18,2024-01-07T13:00-05:00,DET,MIN,False,10.0,7.0314361486193375,8.389269952687915,6.772874963113985,1.8020069471246623,8.404870478348709,8.29413551940433,8.21437591475555,7.712714878992379,6.0967080571177465,7.994930057418896,8.050014266218088
2023_18_NYJ_NE,2023,18,2024-01-07T13:00-05:00,NE,NYJ,False,-14.0,9.128416714701359,4.298223801751368,5.75344270249195,1.8020069471246623,5.86330578264875,5.894380036280545,5.660633493317256,6.018543777162323,4.89753227676572,5.624614205065987,5.5430287188180545
2023_18_TB_CAR,2023,18,2024-01-07T13:00-05:00,CAR,TB,False,-9.0,-6.394505441702789,-6.592064140247617,-6.395775591465625,1.8020069471246623,-5.87908888038285,-5.305714289434273,-4.793746776594013,-4.726232310899258,-6.2742405061738395,-4.671364846762572,-4.886014391466242
2023_18_CHI_GB,2023,18,2024-01-07T16:25-05:00,GB,CHI,False,8.0,6.019216519987811,4.864889420468421,4.03205480306177,1.8020069471246623,4.707043979520732,3.581774002622276,3.2175579136355545,3.8350368760391476,4.719953984428009,3.1139664624375984,3.053105487053947
2023_18_DAL_WAS,2023,18,2024-01-07T16:25-05:00,WAS,DAL,False,-28.0,-10.123363903618491,-9.607840755978597,-11.36333117316305,1.8020069471246623,-9.848321512866278,-10.074739628651272,-10.072927268203182,-10.994744811023793,-11.477393960177688,-9.9612415683423,-10.179419679656235
2023_18_DEN_LV,2023,18,2024-01-07T16:25-05:00,LV,DEN,False,13.0,2.9410942465836376,3.453897949529639,2.350016327234946,1.8020069471246623,2.587452568168053,2.667557870452139,3.0390148431540864,2.9822247080937094,1.582256712759872,2.9739148041021015,2.8692715726900806
2023_18_KC_LAC,2023,18,2024-01-07T16:25-05:00,LAC,KC,False,-1.0,-2.323001968218728,-2.3357528517735693,-2.455735123290858,1.8020069471246623,-2.872114829758287,-3.6845538169310235,-2.004745951794114,-2.358586847134543,-3.2984084407716336,-1.8660518136083466,-2.1699439882910396
2023_18_LA_SF,2023,18,2024-01-07T16:25-05:00,SF,LAR,False,-1.0,11.1857590463966,6.008570777849114,10.973309436027245,1.8020069471246623,7.177154741961884,6.41570713671239,6.662322610038466,7.108194083284579,7.086306132322056,6.517539408896834,6.472322497296046
2023_18_PHI_NYG,2023,18,2024-01-07T16:25-05:00,NYG,PHI,False,17.0,-5.64888743056739,-5.077386519658845,-3.5294364077859477,1.8020069471246623,-6.827375729992722,-7.534915329906032,-7.638166426978808,-7.7306025976894555,-6.509203775458692,-7.670766637465264,-7.82139854817852
2023_18_SEA_ARI,2023,18,2024-01-07T16:25-05:00,ARI,SEA,False,-1.0,-2.0467580330010566,0.5463640469691418,-1.4609041938857033,1.8020069471246623,-1.0877240981493168,-0.8624930368502111,-0.08355239095651312,-0.18794122622596826,-0.884726325013041,-0.04799695185335029,-0.246731244291448
2023_18_BUF_MIA,2023,18,2024-01-07T20:20-05:00,MIA,BUF,False,-7.0,-1.2422596562969246,-2.5922845097408986,0.49062200629423547,1.8020069471246623,-2.034181564617571,-1.632078044043592,-1.2631418137853028,-1.207817200831166,-1.8894628525059312,-1.8620521546527584,-1.4908395148745817
2024_01_BAL_KC,2024,1,2024-09-05T20:20-04:00,KC,BAL,False,7.0,-0.042997647375130676,1.5889653975270392,-0.05311881135717167,1.885784142507859,1.2561986234083502,0.11562261935483145,0.014012149448244138,0.6188598124023637,0.09027850290455275,0.050361341666515624,-0.06956965282784022
2024_01_GB_PHI,2024,1,2024-09-06T20:15-04:00,PHI,GB,True,5.0,-4.889308579722437,-3.274906451600079,-0.8817995972535747,1.885784142507859,-3.182829500014849,-5.050877847242257,-2.708721922027819,-2.5674700373023587,-3.4269922153390873,-2.6588894099028666,-0.8494878913353325
2024_01_ARI_BUF,2024,1,2024-09-08T13:00-04:00,BUF,ARI,False,6.0,7.904437668350138,7.3448404352134675,8.318404788776986,1.885784142507859,7.874032416174567,9.233899385498685,8.84546688202375,9.047556734831172,9.49531414268546,8.96031758615333,8.831670364379834
2024_01_CAR_NO,2024,1,2024-09-08T13:00-04:00,NO,CAR,False,37.0,9.15366578035866,10.250633371401232,8.156180246217648,1.885784142507859,10.070171606832941,9.335003798820637,10.611946462490291,10.025414654868538,11.522946526666152,10.498792851281477,10.400428586121649
2024_01_HOU_IND,2024,1,2024-09-08T13:00-04:00,IND,HOU,False,-2.0,2.8599793991640405,1.8029333786966713,1.5503496501163263,1.885784142507859,1.1549284787645404,1.5308903791762722,-0.571068114534721,-0.4451683844378131,0.59270704958805,-0.6282125347017642,-0.7324377805009354
2024_01_JAX_MIA,2024,1,2024-09-08T13:00-04:00,MIA,JAX,False,3.0,4.262062628635669,3.671166496665911,4.28797302380335,1.885784142507859,3.9489736090368472,4.067804796030478,5.291233890040711,5.130074198752407,5.335405459217543,5.095352666916277,5.096940057039353
2024_01_MIN_NYG,2024,1,2024-09-08T13:00-04:00,NYG,MIN,False,-22.0,2.839475083809619,4.160672857926782,1.3205966356076533,1.885784142507859,3.9523242536508354,1.7167041586124896,1.7562525807725358,0.48894703238631854,1.8054113326739614,1.8519006588373244,1.6389049953081933
2024_01_NE_CIN,2024,1,2024-09-08T13:00-04:00,CIN,NE,False,-6.0,3.269429444360337,2.8731530975547406,5.259010998344297,1.885784142507859,2.051656069685148,3.2005958912500128,5.151247392251821,4.859207944710242,4.45058859486929,5.080397212848166,5.008798202878644
2024_01_PIT_ATL,2024,1,2024-09-08T13:00-04:00,ATL,PIT,False,-8.0,1.374244333002129,3.0942743617350095,0.08277507026333009,1.885784142507859,2.981111979994812,3.3354030293544135,-0.06931663292885792,0.11807484984678895,0.6507229324635293,-0.10417676048380908,-0.22757525311479088
2024_01_TEN_CHI,2024,1,2024-09-08T13:00-04:00,CHI,TEN,False,7.0,3.848791629418847,2.6990806944891377,4.115967338769326,1.885784142507859,1.1830084430804444,0.8575893698542494,2.4001033662824347,2.141524578679125,5.420450002036316,2.4914545942349644,2.2641065395989246
2024_01_DEN_SEA,2024,1,2024-09-08T16:05-04:00,SEA,DEN,False,6.0,3.932496751674914,5.520250111168231,2.665466248569885,1.885784142507859,7.986260997724209,6.930827683157155,5.5343898890235455,5.88159227269681,1.860466170884537,5.520702990472528,5.415344825460378
2024_01_LV_LAC,2024,1,2024-09-08T16:05-04:00,LAC,LV,False,12.0,0.12043931373488714,1.7196916977404304,1.6551100527364424,1.885784142507859,1.4754796334240976,2.293973970201091,0.576648082387079,1.1211924068136254,0.23215454005116776,0.692678691185159,0.44922317213734625
2024_01_DAL_CLE,2024,1,2024-09-08T16:25-04:00,CLE,DAL,False,-16.0,-3.047122923509136,-0.9179839255101141,-1.3136432427700329,1.885784142507859,-3.3371646066197864,-3.0622203316794256,-3.6723678993609017,-3.909205220245717,-4.689370181479353,-3.616429001982079,-3.7793394141068646
2024_01_WAS_TB,2024,1,2024-09-08T16:25-04:00,TB,WAS,False,17.0,5.424189833247468,7.056040409130563,6.887263498311318,1.885784142507859,8.24051481631789,9.502451749548813,8.972523026459168,9.59814522010975,5.656462504530092,8.938639422843206,8.84651055264391
2024_01_LA_DET,2024,1,2024-09-08T20:20-04:00,DET,LAR,False,6.0,1.6916429410263356,1.9066215100982542,3.6030641901974,1.885784142507859,2.7356114782918866,2.7178207016427094,2.8853252217472196,2.871880162711598,2.71844798889696,2.774307563195348,2.6927350849350855
2024_01_NYJ_SF,2024,1,2024-09-09T20:15-04:00,SF,NYJ,False,13.0,8.759665146847915,5.114571627640523,8.666628750712816,1.885784142507859,6.083723209013401,9.14567468413294,8.656193914761452,10.081999907770818,9.427042501759058,8.596792080444683,8.43648008697518
2024_02_BUF_MIA,2024,2,2024-09-12T20:15-04:00,MIA,BUF,False,-21.0,0.19152842674320647,-0.7927622106765024,1.0107967350480727,1.885784142507859,-0.2058635741711352,-0.4757460542871469,-0.16864169614676228,-0.5220698383151068,-0.8532325582965001,-0.4825415606515908,-0.33244494527012813
2024_02_CLE_JAX,2024,2,2024-09-15T13:00-04:00,JAX,CLE,False,-5.0,1.698593345034902,-0.6143583209827534,3.359836863681357,1.885784142507859,2.4746262662705294,2.2034522219097483,2.305459081346734,2.6180021421003206,2.939150295444299,2.263976384793192,2.148126488339024
2024_02_IND_GB,2024,2,2024-09-15T13:00-04:00,GB,IND,False,6.0,5.849085463440002,2.5930992071397507,4.515399998454573,1.885784142507859,3.222771986683851,3.614916276109057,3.0479114283401523,2.9401955099145987,3.0737198160594135,2.923930788263998,3.0357678135870474
2024_02_LAC_CAR,2024,2,2024-09-15T13:00-04:00,CAR,LAC,False,-23.0,-4.331703111483323,-7.351810391517118,-3.254681418028608,1.885784142507859,-6.718512614139593,-6.00335914531443,-6.7884765705625725,-6.073796420721258,-7.301407712981968,-6.762636237279413,-6.900257263535554
2024_02_LV_BAL,2024,2,2024-09-15T13:00-04:00,BAL,LV,False,-3.0,9.455881399349893,9.702504358592504,6.823799126685207,1.885784142507859,9.057559298010352,9.335569009325024,8.068241394844502,7.946413455290676,8.041232171224511,8.148980683123279,7.895273985742346
2024_02_NO_DAL,2024,2,2024-09-15T13:00-04:00,DAL,NO,False,-25.0,3.6865554587194156,4.3457148175936595,4.880653387230467,1.885784142507859,4.164338821061909,4.299682871697879,3.969561472114121,4.7065866685711475,4.147062603656701,4.055547161516196,3.84231039874628
2024_02_NYG_WAS,2024,2,2024-09-15T13:00-04:00,WAS,NYG,False,3.0,-0.26650494707827854,-0.7099319623856982,0.9809955857133108,1.885784142507859,-0.8887187537891341,-1.0319997029755181,0.5875315350503896,0.9737202687937663,1.39135023484598,0.5719696502658114,0.5922268208362085
2024_02_NYJ_TEN,2024,2,2024-09-15T13:00-04:00,TEN,NYJ,False,-7.0,0.018765435077138237,-4.006874749325479,2.698788772063055,1.885784142507859,-2.464761583480391,-2.5572674293237947,-0.7425471269993819,-0.15647747223927144,-0.14339673354999039,-0.844577736743163,-0.9530345387813175
2024_02_SEA_NE,2024,2,2024-09-15T13:00-04:00,NE,SEA,False,-3.0,0.7826298911771528,2.007497687513352,1.6174641111739738,1.885784142507859,1.3201862446651793,0.84436001977092,1.1327447490331994,1.2152664691117092,1.6132849021525015,1.1611497424378363,1.000319639850109
2024_02_SF_MIN,2024,2,2024-09-15T13:00-04:00,MIN,SF,False,6.0,-5.627824064413636,-6.887980125759374,-0.9390670231341613,1.885784142507859,-5.837396218823381,-4.886053139047632,-5.014159452271899,-5.388266471781041,-5.663217728431736,-5.036454986587479,-5.138128888910081
2024_02_TB_DET,2024,2,2024-09-15T13:00-04:00,DET,TB,False,-4.0,4.798527824683542,4.588262487510171,3.3524758501730534,1.885784142507859,4.553043674717989,3.1484541149376413,3.5942255101421576,3.187859830802464,3.6277615955902123,3.514379751035655,3.396618033277626
2024_02_LA_ARI,2024,2,2024-09-15T16:05-04:00,ARI,LAR,False,31.0,-3.082267030186876,-2.012408593626496,-0.2981211470055234,1.885784142507859,-1.8689442611923992,-1.4787817148673204,-1.1445555912033518,-0.9904470940388644,-1.1057458032704404,-1.106448457164177,-1.3042750721159415
2024_02_CIN_KC,2024,2,2024-09-15T16:25-04:00,KC,CIN,False,1.0,5.370382468541289,5.923143244116785,4.673358590367927,1.885784142507859,5.145870729009437,4.694712705970284,4.636434236918167,5.371231737715883,5.49598513138244,4.759370917250097,4.504751900708846
2024_02_PIT_DEN,2024,2,2024-09-15T16:25-04:00,DEN,PIT,False,-7.0,-2.896593767481961,-3.075965378551094,0.6564217413195408,1.885784142507859,-3.8071910953207317,-4.439504873887527,-3.672254662191552,-3.5117868657495337,-0.9356876317732671,-3.6769636929331657,-3.88031170285057
2024_02_CHI_HOU,2024,2,2024-09-15T20:20-04:00,HOU,CHI,False,6.0,1.999437468314555,3.6290807947094774,2.372988670861484,1.885784142507859,4.053483279642235,3.863719614924352,4.151478278987657,4.044019139828448,2.796809534094539,4.148948503751231,4.078072692947004
2024_02_ATL_PHI,2024,2,2024-09-16T20:15-04:00,PHI,ATL,False,-1.0,7.289969460874545,6.90765707278907,5.4085487611890235,1.885784142507859,7.007625578966804,6.4302143493716315,5.289522280983555,5.530229967198849,5.510866722621067,5.318964679064647,5.086709047582588
2024_03_NE_NYJ,2024,3,2024-09-19T20:15-04:00,NYJ,NE,False,21.0,4.542692400598629,6.564791478887093,2.2590771491113375,1.885784142507859,4.731747977768071,3.8154008725851276,2.1826949605320265,1.31152630693908,1.68583927916806,2.167742072478782,2.0535544511231407
2024_03_CHI_IND,2024,3,2024-09-22T13:00-04:00,IND,CHI,False,5.0,0.5164014166634188,1.5962733721796796,1.0514667230298431,1.885784142507859,0.9097933902931662,1.1205508488705018,1.0652127612161266,0.8235989967963055,1.6188812126548506,1.143546852017165,0.958515810938321
2024_03_DEN_TB,2024,3,2024-09-22T13:00-04:00,TB,DEN,False,-19.0,4.681306590013438,6.523610178834054,5.677469534546198,1.885784142507859,7.0831105922114626,8.210707056397776,7.94267292947195,8.510392358046252,6.029203189819633,7.868665046815881,7.821568464136254
2024_03_GB_TEN,2024,3,2024-09-22T13:00-04:00,TEN,GB,False,-16.0,-4.987828234634621,-3.8147807093423904,-0.793512267889497,1.885784142507859,-3.727731387343252,-4.803513031576165,-3.389944074362908,-3.1132132702235653,-3.6143397352240507,-3.3843307754810557,-3.5695407143106026
2024_03_HOU_MIN,2024,3,2024-09-22T13:00-04:00,MIN,HOU,False,27.0,1.9786094900275524,-0.9730794135749083,4.005621911142939,1.885784142507859,0.011223976962447146,0.22202962443075647,0.345912803767604,0.7338979373234842,0.9851127080659647,0.3045722870691838,0.11752932160380425
2024_03_LAC_PIT,2024,3,2024-09-22T13:00-04:00,PIT,LAC,False,10.0,5.594044242330092,5.028310369865157,2.5320872264182506,1.885784142507859,4.849215172336215,4.955463674255925,3.4299596656740436,3.728117368079272,2.70339583296509,3.4277194364428016,3.332443740956636
2024_03_NYG_CLE,2024,3,2024-09-22T13:00-04:00,CLE,NYG,False,-6.0,5.398310854670198,6.948005546013467,5.782159668219581,1.885784142507859,4.591784614949246,4.745616615014865,4.569438404858137,5.339446242594702,4.214209572860805,4.582392613842987,4.467822041295762
2024_03_PHI_NO,2024,3,2024-09-22T13:00-04:00,NO,PHI,False,-3.0,7.7433507862348225,6.298790157977683,7.1644779248982235,1.885784142507859,6.736914229013585,6.571916279494123,6.961257491408926,6.054081476765985,7.450384546205529,6.852435417422406,6.8059363638751655
2024_03_CAR_LV,2024,3,2024-09-22T16:05-04:00,LV,CAR,False,-14.0,8.197894637166481,6.894707353820638,9.765521701351876,1.885784142507859,6.878153242161071,7.371287529604414,7.137520464542931,7.289439477127207,6.782754557300439,7.114291860871239,6.992116884833862
2024_03_MIA_SEA,2024,3,2024-09-22T16:05-04:00,SEA,MIA,False,21.0,-2.246836077975121,1.4932318163129632,2.3869629574299456,1.885784142507859,1.842779007190012,1.8338525206549448,3.3587106340962327,3.058983993662796,2.4221672271538854,3.4372359053194055,3.273148393204289
2024_03_BAL_DAL,2024,3,2024-09-22T16:25-04:00,DAL,BAL,False,-3.0,1.7460478316136567,1.3451646334051204,3.4019815680616667,1.885784142507859,2.205962594086348,1.8754592817073341,2.565679795880245,2.755565019679742,2.8750738798233675,2.551493957003578,2.434061765567225
2024_03_DET_ARI,2024,3,2024-09-22T16:25-04:00,ARI,DET,False,-7.0,-1.8978833427247315,-1.4252891560571506,0.290709980089666,1.885784142507859,-1.5520794977725598,-1.8079869102423285,-1.0348273593473938,-0.6781540875086237,-0.6717879143864789,-0.8473924423067348,-1.1519120555510973
2024_03_SF_LA,2024,3,2024-09-22T16:25-04:00,LAR,SF,False,3.0,-3.135982894719611,-2.602914235964221,-2.3229995130082504,1.885784142507859,-3.119002982453904,-3.53911692064048,-3.8754181446258595,-4.1983680901844185,-4.736311611578843,-3.82962950968533,-3.9637468149065547
2024_03_KC_ATL,2024,3,2024-09-22T20:20-04:00,ATL,KC,False,-5.0,-5.0747814291775395,-6.470740868553362,-1.5565482416478948,1.885784142507859,-5.098219834515248,-5.072418166129297,-2.9750401538766766,-3.7345207843093435,-3.479086095760724,-3.0876277235790064,-3.1084277567795153
2024_03_JAX_BUF,2024,3,2024-09-23T19:30-04:00,BUF,JAX,False,37.0,10.432739910896421,10.534937047556728,7.710968099960876,1.885784142507859,10.269935791208542,10.233700072280708,10.329781316218414,9.921930485648774,11.217719117814472,10.432932462095527,10.159378295517687
2024_03_WAS_CIN,2024,3,2024-09-23T20:15-04:00,CIN,WAS,False,-5.0,7.956336758659253,8.131217931286454,7.3297180926374885,1.885784142507859,7.976033197858989,8.085685027755716,6.610316504314797,6.63984345387702,6.284428675431281,6.559106943996644,6.622325077528519
2024_04_DAL_NYG,2024,4,2024-09-26T20:15-04:00,NYG,DAL,False,-5.0,-5.353065772105661,-5.12886053521135,-3.307958067076914,1.885784142507859,-5.058291626676274,-4.744857844756466,-4.915805680274728,-6.120341489482762,-5.58593997894712,-4.920630909000504,-5.043910774652279
2024_04_CIN_CAR,2024,4,2024-09-29T13:00-04:00,CAR,CIN,False,-10.0,-6.551914267829586,-6.409667092228618,-2.5347993508439535,1.885784142507859,-5.904146919062335,-5.897719598298356,-4.72006001767868,-4.6884217645139135,-3.830712605664902,-4.6965558001734715,-4.857607833924092
2024_04_DEN_NYJ,2024,4,2024-09-29T13:00-04:00,NYJ,DEN,False,-1.0,2.966527015212188,6.72249304062252,2.1756786076472805,1.885784142507859,5.632554444665132,6.350571633159874,5.998754602635954,5.484757805554706,4.69775123021264,5.927991562018439,5.901688605345182
2024_04_JAX_HOU,2024,4,2024-09-29T13:00-04:00,HOU,JAX,False,4.0,3.286058558996304,4.154833234991411,2.957615808707235,1.885784142507859,3.5028735423365305,3.5245989862403775,3.992547224306416,3.3988390901823293,3.757610832501622,3.9441831081435166,3.8909160034964154
2024_04_LA_CHI,2024,4,2024-09-29T13:00-04:00,CHI,LAR,False,6.0,-0.5103766307176532,-1.941238323214444,2.3067653027206316,1.885784142507859,-1.4358510390293544,-1.4576663282014954,-0.7052604340486442,-0.9102492882899297,-0.21997052600082556,-0.7153044199094672,-0.8857207282599631
2024_04_MIN_GB,2024,4,2024-09-29T13:00-04:00,GB,MIN,False,-2.0,2.8630040171730906,3.0580371471848,1.0073810202493165,1.885784142507859,0.6751371303958236,1.5712130271160114,1.1935723415987847,0.9767321110637419,1.6263939509953507,1.2498338968664509,1.0419822524068632
2024_04_NO_ATL,2024,4,2024-09-29T13:00-04:00,ATL,NO,False,2.0,-5.623795782402472,-4.653175480617741,-3.6076674094179344,1.885784142507859,-5.121679157331579,-5.395226463281553,-4.575622977324285,-4.236058446742343,-4.924385812986236,-4.542937651557011,-4.686287973815768
2024_04_PHI_TB,2024,4,2024-09-29T13:00-04:00,TB,PHI,False,17.0,-0.6286247160172969,-0.5275601746745426,2.199057387075729,1.885784142507859,-0.24087387894503598,0.22435587448558314,-0.08648934654481355,0.4341122711296028,-0.5838181728667449,-0.1447496025544186,-0.19793707615129275
2024_04_PIT_IND,2024,4,2024-09-29T13:00-04:00,IND,PIT,False,3.0,-2.7772216960475147,-2.1640700064629077,-1.1864928628369222,1.885784142507859,-3.5853411124529346,-3.4893137652972546,-2.7640454210433374,-2.6900264754931604,-0.9967634247080002,-2.724810097259332,-2.9902416366607727
2024_04_NE_SF,2024,4,2024-09-29T16:05-04:00,SF,NE,False,17.0,12.40453539241605,11.333143281707853,8.834216652918471,1.885784142507859,10.930187541144413,11.161078084154457,9.523315431426273,9.700505819174074,9.873071667891308,9.463605234163682,9.331848031169997
2024_04_WAS_ARI,2024,4,2024-09-29T16:05-04:00,ARI,WAS,False,-28.0,3.111812668995918,3.714289396257523,4.872966678538323,1.885784142507859,3.5046571097025243,3.430647512797341,2.748892929951829,2.989971130904995,2.597654679083923,2.8024050439870005,2.6216180485732568
2024_04_CLE_LV,2024,4,2024-09-29T16:25-04:00,LV,CLE,False,4.0,-0.8867012318911063,-3.0244859578964043,2.0210601409508016,1.885784142507859,-0.7320171585890818,0.01587511217347254,0.9638521466405061,1.0355151614917983,2.1286028109725414,0.884782942800874,0.8096101053260834
2024_04_KC_LAC,2024,4,2024-09-29T16:25-04:00,LAC,KC,False,-7.0,-5.582980085493753,-8.000880907483529,1.3162438558247738,1.885784142507859,-5.9967697267812206,-4.838211672523946,-3.379548871509832,-3.910359964287122,-3.4963146204401205,-3.4140398195523756,-3.542147949676786
2024_04_BUF_BAL,2024,4,2024-09-29T20:20-04:00,BAL,BUF,False,25.0,-1.5367222487933379,-1.0860100802864112,-0.3490533929686461,1.885784142507859,-2.223624694178249,-1.7845019708428842,-2.1060003959469666,-2.166797847240622,-2.822677151191401,-2.2257020563027963,-2.252250893981543
2024_04_TEN_MIA,2024,4,2024-09-30T19:30-04:00,MIA,TEN,False,-19.0,8.08570796593362,6.703776634513166,5.429653744422776,1.885784142507859,7.132998268195052,7.7059967362203246,6.572582858307308,6.626494210193165,7.172511118242177,6.617088282050236,6.600539632908566
2024_04_SEA_DET,2024,4,2024-09-30T20:15-04:00,DET,SEA,False,13.0,5.960500327179046,6.868821847678388,2.9917117272858484,1.885784142507859,5.853688674773103,5.9009865897269576,4.4612090783065526,4.4443994781947564,3.9326705107079873,4.322491551385733,4.251957352683352
2024_05_TB_ATL,2024,5,2024-10-03T20:15-04:00,ATL,TB,False,6.0,-0.2257934367693336,-0.6006392617300712,-0.8564142005931492,1.885784142507859,-1.1612508488964246,-1.8945330976654362,-0.5118135376137838,-0.9506132574983972,0.12521671499442522,-0.4996993916517942,-0.6594233851564341
2024_05_NYJ_MIN,2024,5,2024-10-06T09:30-04:00,MIN,NYJ,True,6.0,0.6455047278259114,-3.4283467258276357,3.72874854207766,1.885784142507859,-0.8828183635642635,-0.8222268057491546,-0.48267081251725563,-0.020347342734845952,-0.44807491546878553,-0.5714996973562345,1.3048222098607394
2024_05_BAL_CIN,2024,5,2024-10-06T13:00-04:00,CIN,BAL,False,-3.0,-2.338229206091567,-2.0181063893862894,-2.5012101771082715,1.885784142507859,-1.6929615421586948,-1.4824372129478367,-1.8980015488247013,-2.098957433587263,-2.356220196050552,-1.9785652806945837,-1.884731462157529
2024_05_BUF_HOU,2024,5,2024-10-06T13:00-04:00,HOU,BUF,False,3.0,-5.279419598230908,-4.347535182304901,-3.675173476906684,1.885784142507859,-4.858443928465663,-5.095053865582752,-4.829914253922222,-5.238526232887159,-6.279160992120445,-5.016053508067994,-4.926444945207009
2024_05_CAR_CHI,2024,5,2024-10-06T13:00-04:00,CHI,CAR,False,26.0,7.795273970895213,5.442015652183187,8.315302963331566,1.885784142507859,5.506187777738997,5.17272554639315,4.698964321436748,5.188679371205064,4.296146453885962,4.691540254324347,4.545070971605935
2024_05_CLE_WAS,2024,5,2024-10-06T13:00-04:00,WAS,CLE,False,21.0,3.0084334707344214,1.0529997840413716,1.4584979011297021,1.885784142507859,3.767493980109761,3.3508876932068263,4.937789511976266,3.9090110752249156,5.916306913408173,4.918548408307514,4.77196458131232
2024_05_IND_JAX,2024,5,2024-10-06T13:00-04:00,JAX,IND,False,3.0,1.4607062662316639,2.259374660727339,1.7196520636626949,1.885784142507859,2.7495517564980503,1.8446928781195748,1.2525417140545632,1.9225781518890284,-0.12550958465601225,1.2436041493496028,1.1181100889533206
2024_05_MIA_NE,2024,5,2024-10-06T13:00-04:00,NE,MIA,False,-5.0,-3.0528525104550077,0.06783600026266945,1.6897822652728136,1.885784142507859,-0.3130788355780031,0.17456971908440355,0.834802278498737,0.9519075479487299,0.35446869514726237,0.9059052166176682,0.6925120531612314
2024_05_ARI_SF,2024,5,2024-10-06T16:05-04:00,SF,ARI,False,-1.0,11.219200043725438,9.755077799534778,9.381132696075994,1.885784142507859,9.813154636688113,9.79121807895406,9.447234364695221,9.606158340921302,10.387878170330389,9.372915908945272,9.254196949885005
2024_05_LV_DEN,2024,5,2024-10-06T16:05-04:00,DEN,LV,False,16.0,4.857130484570572,2.9458835174504676,4.080758616657156,1.885784142507859,3.1766684597212644,1.8962031638514016,1.7032560853099767,0.8830807699037135,2.8568392757199694,1.8325412481385033,1.5442239039453165
2024_05_GB_LA,2024,5,2024-10-06T16:25-04:00,LAR,GB,False,-5.0,0.5367495128625996,0.7704125804600841,0.415612374104835,1.885784142507859,0.04526570585257583,-1.1762053245902493,-1.0633297247573146,-0.4820615906638482,-1.7613493024556515,-1.0717444340836695,-1.1429140115062564
2024_05_NYG_SEA,2024,5,2024-10-06T16:25-04:00,SEA,NYG,False,-9.0,3.813196855963628,2.733460726679068,5.885346122379586,1.885784142507859,3.7490920220454647,3.2378988927920695,4.380953320795798,4.866562910754885,4.823578124338116,4.3894675384061514,4.245663243532762
2024_05_DAL_PIT,2024,5,2024-10-06T20:20-04:00,PIT,DAL,False,-3.0,-0.45705919511944204,-1.6731912890403609,0.8301858705878531,1.885784142507859,-1.1925920100511884,-1.5431705089258605,-1.6912717376387696,-2.031988706295649,-2.705783323509896,-1.6889269623229741,-1.7769686235021378
2024_05_NO_KC,2024,5,2024-10-07T20:15-04:00,KC,NO,False,13.0,2.7464724216583227,4.964894469319589,2.0096919408759795,1.885784142507859,3.0433443845829,2.454017849022473,1.2000731283296533,2.0023325229281714,1.334359818978907,1.355258910655908,1.091196953897741
2024_06_SF_SEA,2024,6,2024-10-10T20:15-04:00,SEA,SF,False,-12.0,-5.999362799104309,-6.29706306499392,-1.15838553386439,1.885784142507859,-4.866051463901465,-4.833749463534211,-3.5329377682200818,-4.150029907003568,-4.073211020077018,-3.492284443702539,-3.63077602298158
2024_06_JAX_CHI,2024,6,2024-10-13T09:30-04:00,CHI,JAX,True,19.0,0.08919206965098248,-0.5793942156013738,2.829933041869957,1.885784142507859,-0.9634301856161773,-0.3726783714607578,0.17009400758903093,-0.265132591215,0.5627282798587565,0.14974977300644965,2.0395185504310502
2024_06_ARI_GB,2024,6,2024-10-13T13:00-04:00,GB,ARI,False,21.0,6.400503491957563,4.890004242762048,6.1791303584392425,1.885784142507859,5.261977206578237,5.391077855445599,4.961133510442153,4.801125433098829,5.825647059406176,4.899556508529976,4.778969570210018
2024_06_CLE_PHI,2024,6,2024-10-13T13:00-04:00,PHI,CLE,False,4.0,6.8202941096423055,4.744223710658567,4.494437949808212,1.885784142507859,7.270207844803895,5.935038210258734,6.251572502676684,6.105583458553211,7.25472777564597,6.259769096749176,6.04100251136415
2024_06_HOU_NE,2024,6,2024-10-13T13:00-04:00,NE,HOU,False,-20.0,-2.749665856305606,-4.244890375389495,-0.5225969816286464,1.885784142507859,-4.527969014250451,-5.107036573590605,-4.040769045406059,-3.6628189866921197,-1.6792317446125193,-4.057561828328135,-4.223542343138133
2024_06_IND_TEN,2024,6,2024-10-13T13:00-04:00,TEN,IND,False,-3.0,-1.136543472288992,-1.7624111794085846,1.289990285628369,1.885784142507859,-1.9494082091517944,-2.5314250674988568,-1.8494682226266312,-1.677462272132117,-2.37005514226216,-1.9332786026152342,-1.9957947839614658
2024_06_TB_NO,2024,6,2024-10-13T13:00-04:00,NO,TB,False,-24.0,3.942671416637032,1.3468282863405316,4.10006105802228,1.885784142507859,-0.7226487311441794,-0.49050129606505655,0.05620088815206792,-0.42773984860929626,4.247483128661531,0.09885457785647978,-0.06417077070606192
2024_06_WAS_BAL,2024,6,2024-10-13T13:00-04:00,BAL,WAS,False,7.0,8.389462887378638,8.047385137291357,8.113157183838448,1.885784142507859,7.393208360573356,7.5790631063967275,5.925184344357216,6.538746147947792,6.027681300419309,5.919632925595112,5.906130510508727
2024_06_LAC_DEN,2024,6,2024-10-13T16:05-04:00,DEN,LAC,False,-7.0,1.7736474223315004,-0.7838970529133418,3.355976453069608,1.885784142507859,-0.186835568476174,0.6006963716234375,-0.6258930747938005,-1.0073567751996761,0.21343058054372377,-0.6352219835658932,-0.7794610997863347
2024_06_PIT_LV,2024,6,2024-10-13T16:05-04:00,LV,PIT,False,-19.0,-5.311483351643657,-4.067842704591708,-1.187409897724487,1.885784142507859,-4.4735160359616355,-3.5769285028539426,-3.4161912754100867,-3.054873027270328,-2.2767320585883613,-3.440822010706846,-3.447982561042423
2024_06_ATL_CAR,2024,6,2024-10-13T16:25-04:00,CAR,ATL,False,-18.0,-6.417152230028808,-5.032622625866196,-3.588124333267868,1.885784142507859,-5.283162521093194,-3.77894066787985,-4.1857983373507865,-4.218376048401691,-4.088097459154768,-4.198366749596574,-4.337650710592143
2024_06_DET_DAL,2024,6,2024-10-13T16:25-04:00,DAL,DET,False,-38.0,1.275958140786918,1.7452985564991512,3.470727206736909,1.885784142507859,1.7030057248043518,2.1642042389915987,2.374848727266567,2.6402760741027533,2.6897053676650726,2.5037775586473514,2.2780163422711834
2024_06_CIN_NYG,2024,6,2024-10-13T20:20-04:00,NYG,CIN,False,-10.0,-4.022876080775951,-4.0282813090101035,1.1618434938098916,1.885784142507859,-3.5530035455601077,-2.7866728807677665,-2.4795097958053987,-2.9778941468144966,-2.6422250736970923,-2.400326364726691,-2.578072404809532
2024_06_BUF_NYJ,2024,6,2024-10-14T20:15-04:00,NYJ,BUF,False,-3.0,-4.888893558373966,-2.764243701902753,-2.4206311942458374,1.885784142507859,-4.8328523735277935,-5.470562562395619,-5.004135627476382,-6.1235093936754605,-5.847503360364204,-5.141715073332259,-5.097976799976752
2024_07_DEN_NO,2024,7,2024-10-17T20:15-04:00,NO,DEN,False,-23.0,2.9245709741733563,2.8898553822106727,3.0179494581492734,1.885784142507859,2.2166479675362933,3.459602819710567,3.136231288202369,3.610698957313475,3.432519387740671,3.0482210130392504,2.9842617493446855
2024_07_NE_JAX,2024,7,2024-10-20T09:30-04:00,JAX,NE,True,16.0,2.0508010083006005,3.062106462553297,2.252061833202892,1.885784142507859,3.8328227331700173,3.6457798068361096,2.9651508673163063,2.4797947813964876,1.3230478055147883,2.9352389070971343,4.836671789313644
2024_07_CIN_CLE,2024,7,2024-10-20T13:00-04:00,CLE,CIN,False,-7.0,-5.040864627408181,-3.4793398180746626,-0.7269071650567898,1.885784142507859,-5.6687104192257785,-5.101702878902222,-5.262988207980411,-4.516783200853097,-6.002888111655856,-5.263936001303453,-5.379503980886434
2024_07_DET_MIN,2024,7,2024-10-20T13:00-04:00,MIN,DET,False,-2.0,-1.7245381378135396,-3.294388919924941,1.6120962373419903,1.885784142507859,-2.610941711585599,-2.0072947683553055,-1.7932505631988267,-1.5349528065176714,-1.7751553704194856,-1.744929712229687,-1.9397354926131456
2024_07_HOU_GB,2024,7,2024-10-20T13:00-04:00,GB,HOU,False,2.0,7.214374510930148,5.5283676820310435,4.765563454555667,1.885784142507859,5.8209743585268665,5.221680358049005,4.5180320598437795,4.36464239418284,5.696274941970152,4.5275324986391405,4.2978937732294344
2024_07_MIA_IND,2024,7,2024-10-20T13:00-04:00,IND,MIA,False,6.0,1.730933438484004,5.881625579610892,3.6003715714755216,1.885784142507859,3.69425033449833,4.048375561980797,4.286213958605851,3.562191791435079,3.868780113947277,4.334995549055753,4.133067252335934
2024_07_PHI_NYG,2024,7,2024-10-20T13:00-04:00,NYG,PHI,False,-25.0,-0.33289933088978607,-0.36606137525908755,0.7942018774582174,1.885784142507859,-0.34343655750279023,-0.933089969436631,-0.9003006218652045,-2.0352838325908924,-1.4459657597254751,-0.8909031522824555,-0.983287772699033
2024_07_SEA_ATL,2024,7,2024-10-20T13:00-04:00,ATL,SEA,False,-20.0,5.910309166401538,5.847083486561294,3.2242259061497966,1.885784142507859,4.949573234376449,4.086942099538864,3.90449829001115,3.4090281715075634,4.12897101327111,3.773311279085991,3.721899352727891
2024_07_TEN_BUF,2024,7,2024-10-20T13:00-04:00,BUF,TEN,False,24.0,13.503084216721579,14.579623168004987,9.679398708653146,1.885784142507859,13.792080761688934,13.147834283373882,11.966343215372689,12.868891144463475,11.624296501149352,12.152859486804651,11.840706647929698
2024_07_CAR_WAS,2024,7,2024-10-20T16:05-04:00,WAS,CAR,False,33.0,10.554706050778918,9.754290853908913,10.57077141974699,1.885784142507859,10.517971798670636,10.125641641684279,10.862675366691642,10.571910960540922,10.333357672979599,10.917729965220776,10.755434748812265
2024_07_LV_LA,2024,7,2024-10-20T16:05-04:00,LAR,LV,False,5.0,8.922099274693934,9.237843157701207,4.804436649915273,1.885784142507859,8.350242079820884,7.618169726467736,6.805884142642011,6.6504494494833715,6.32355769544172,6.7906048890132436,6.673459382680905
2024_07_KC_SF,2024,7,2024-10-20T16:25-04:00,SF,KC,False,-10.0,3.427926640991098,1.7575191534864494,3.0550411943688065,1.885784142507859,3.033578685696572,3.211853113077739,3.376025437983569,3.3070310651088777,3.4209939233264266,3.306052422151845,3.3263384883391693
2024_07_NYJ_PIT,2024,7,2024-10-20T20:20-04:00,PIT,NYJ,False,22.0,6.353236668219867,4.500802822091426,6.06312213826283,1.885784142507859,4.527764061638459,5.817368329269079,5.049746441982748,5.182775897583261,5.159267818590303,5.039205192465228,4.878381226120818
2024_07_BAL_TB,2024,7,2024-10-21T20:15-04:00,TB,BAL,False,-10.0,-3.4646558779342223,-3.143493946467872,-0.019987947232714465,1.885784142507859,-2.241888966108436,-1.654487193439203,-1.260509370890764,-1.732816299099723,-2.176091688188921,-1.3170729909472958,-1.4051879836596424
2024_07_LAC_ARI,2024,7,2024-10-21T21:00-04:00,ARI,LAC,False,2.0,1.2040798958765482,1.5894589056564525,-1.7148403123699953,1.885784142507859,1.645079852364812,1.241156019991763,0.12624746626083616,0.16249423795992768,-0.5644774228584775,0.14099682294311666,-0.05136293690256111
2024_08_MIN_LA,2024,8,2024-10-24T20:15-04:00,LAR,MIN,False,10.0,0.3484606448194937,2.6304946337469373,-1.8190540770282801,1.885784142507859,0.7262364060807438,0.9178355918904062,0.14699304313605377,0.06324729061751277,-0.2024966186992967,0.19025809735709265,0.04616754966708009
2024_08_ARI_MIA,2024,8,2024-10-27T13:00-04:00,MIA,ARI,False,-1.0,0.18354531946678287,-4.584478911723398,3.008395061062215,1.885784142507859,-3.2571051508265683,-3.3088943145082874,-3.5606424954757014,-2.6666478291952926,-1.2929016112584824,-3.545128814701436,-3.682321726275734
2024_08_ATL_TB,2024,8,2024-10-27T13:00-04:00,TB,ATL,False,-5.0,4.138030270450021,4.582139494794921,5.9985604915417206,1.885784142507859,4.97572050971333,5.20350131367373,4.521540345961515,4.537969312276635,3.73093205274089,4.541214931269082,4.392614259918125
2024_08_BAL_CLE,2024,8,2024-10-27T13:00-04:00,CLE,BAL,False,5.0,-8.836521731382128,-7.685253181834567,-6.101293631353482,1.885784142507859,-8.15385497212067,-8.890975354230982,-9.033410745207812,-8.680311178839322,-8.096268913295301,-8.997360364586253,-9.125753877392606
2024_08_GB_JAX,2024,8,2024-10-27T13:00-04:00,JAX,GB,False,-3.0,-3.8082577232537167,-3.372957506930553,-2.2191964341356663,1.885784142507859,-3.016428226479251,-2.946302513800225,-3.062815395672872,-2.7494096351789556,-3.897953536246281,-3.0586929349035126,-3.168506216793028
2024_08_IND_HOU,2024,8,2024-10-27T13:00-04:00,HOU,IND,False,3.0,2.8854113666265433,4.602309259353493,4.096790688965207,1.885784142507859,4.301619385053298,4.064895070267152,4.511725806825981,4.354422994428614,2.997500473252397,4.453416973839522,4.391288876150355
2024_08_NYJ_NE,2024,8,2024-10-27T13:00-04:00,NE,NYJ,False,3.0,-3.1696710187494346,-5.678220613743972,-2.029045331579276,1.885784142507859,-3.9657611321274007,-3.8034054998628664,-3.522672488312991,-2.616736585904408,-2.6522013078000777,-3.5311042511957043,-3.7006564444520125
2024_08_PHI_CIN,2024,8,2024-10-27T13:00-04:00,CIN,PHI,False,-20.0,4.090302011716682,4.246254075834886,2.77711687034055,1.885784142507859,3.8679674996936795,3.7692726572968787,3.2999515624832383,3.0783850469751064,3.0329723191043856,3.2865019125860835,3.16608694441521
2024_08_TEN_DET,2024,8,2024-10-27T13:00-04:00,DET,TEN,False,38.0,14.299855232456714,14.482814496130471,11.017607192051429,1.885784142507859,14.011441181635247,12.817638682377169,12.263929508745408,12.513701531817379,11.615169871187348,12.19255793210927,12.092886645223444
2024_08_BUF_SEA,2024,8,2024-10-27T16:05-04:00,SEA,BUF,False,-21.0,-6.653504004756517,-7.2957148745124325,-2.5032659404360036,1.885784142507859,-6.55546250796413,-6.474284471191899,-5.2234189873308905,-5.9158746637329,-6.092742273713955,-5.3530382354296,-5.353673346154533
2024_08_NO_LAC,2024,8,2024-10-27T16:05-04:00,LAC,NO,False,18.0,2.4106546201866803,5.760113587290106,3.9008575333138102,1.885784142507859,5.90697979936207,5.2672486436750425,6.369572510908091,5.609475781594657,5.685612071275639,6.379908813597821,6.245379196376669
2024_08_CAR_DEN,2024,8,2024-10-27T16:25-04:00,DEN,CAR,False,14.0,12.686843890065656,12.406847257920642,14.579078678649962,1.885784142507859,12.463130294838857,11.201184019789213,11.374725187881308,10.844845123345701,13.561657829871034,11.389683342646364,11.185953909542523
2024_08_CHI_WAS,2024,8,2024-10-27T16:25-04:00,WAS,CHI,False,3.0,0.49746104232092336,-0.5736875521666336,1.3091182040504954,1.885784142507859,-1.6585076800022893,-0.2550869336309516,0.339298593659652,-0.3231145756911191,0.05300857378822177,0.34360986961891493,0.21863645511850716
2024_08_KC_LV,2024,8,2024-10-27T16:25-04:00,LV,KC,False,-7.0,-9.148799202085153,-10.645729844261254,-5.597873796576895,1.885784142507859,-8.763258542952403,-7.817390875677655,-7.223524925496282,-7.513348722608111,-7.165412448797748,-7.163681225607816,-5.808185177991789
2024_08_DAL_SF,2024,8,2024-10-27T20:20-04:00,SF,DAL,False,6.0,4.409276509376999,3.912658226748846,3.412295395138552,1.885784142507859,3.7625337731800594,3.881706110742073,3.9218034318948605,3.568565826891083,4.406654689888281,3.9196271188571945,3.7562347476529014
2024_08_NYG_PIT,2024,8,2024-10-28T20:15-04:00,PIT,NYG,False,8.0,11.842796187475669,11.504314570601379,10.356633687467365,1.885784142507859,9.710948343118503,10.591600521451234,10.127907313005451,10.040051521356013,10.837696831774391,10.155121272066813,9.930373805725093
2024_09_HOU_NYJ,2024,9,2024-10-31T20:15-04:00,NYJ,HOU,False,8.0,-1.6660605539493347,-0.29633306327744247,-0.4485938226025876,1.885784142507859,-2.0468386644802727,-1.2221443700108634,-1.7312676407125775,-1.5794064631752978,-1.0034895785523896,-1.6514433262292414,-1.8624848768267874
2024_09_DAL_ATL,2024,9,2024-11-03T13:00-05:00,ATL,DAL,False,6.0,0.4315592449938555,-0.6864435936639125,-0.6500084306884855,1.885784142507859,-0.29303806560459084,0.1553552888279086,0.8729387046820714,-0.047791480095448646,1.1812368715718817,0.7828940034281278,0.694113592169186
2024_09_DEN_BAL,2024,9,2024-11-03T13:00-05:00,BAL,DEN,False,31.0,8.344109452260493,8.508356433270185,5.39721112986449,1.885784142507859,8.211006355926823,7.283901984819197,7.268195617490556,8.206324597614955,6.917641362011296,7.197841334118628,7.111276794799755
2024_09_LAC_CLE,2024,9,2024-11-03T13:00-05:00,CLE,LAC,False,-17.0,-1.5061778111869342,-1.4463342502709455,-1.5585620341492632,1.885784142507859,-1.5585278698360565,-1.1072632929856656,-2.9113689066577786,-2.479890310542131,-1.9900116284125013,-2.8961337875453044,-3.0294965672090095
2024_09_LV_CIN,2024,9,2024-11-03T13:00-05:00,CIN,LV,False,17.0,8.280692639985642,8.652362288189453,5.800672274624157,1.885784142507859,9.035970564882572,9.394899633809413,8.394239937560403,8.466459347837393,8.274719204236524,8.441195779802213,8.2482198951009
2024_09_MIA_BUF,2024,9,2024-11-03T13:00-05:00,BUF,MIA,False,3.0,12.416892349097758,12.22136751615903,11.868163935950097,1.885784142507859,12.088925808515452,11.484282669233913,11.667060641220706,11.404370155050735,12.26791899294285,11.948972441961587,11.523897700479132
2024_09_NE_TEN,2024,9,2024-11-03T13:00-05:00,TEN,NE,False,3.0,0.3133443033178167,-0.18957769878023223,3.10122548094592,1.885784142507859,0.9202720094930111,0.8410576546090297,1.3337532284624385,0.7212459731155305,1.5665251898687156,1.2801461647780867,1.169577218328328
2024_09_NO_CAR,2024,9,2024-11-03T13:00-05:00,CAR,NO,False,1.0,-4.589504556078101,-5.755749605181213,-5.996161550899025,1.885784142507859,-5.987014371284433,-5.66916352798698,-5.489994786616399,-6.3688443178268095,-7.2757136277540315,-5.382158450021537,-5.576108953285113
2024_09_WAS_NYG,2024,9,2024-11-03T13:00-05:00,NYG,WAS,False,-5.0,-4.760099808106078,-3.142351204688466,-2.171721631853477,1.885784142507859,-1.885464092910372,-2.278338080798773,-3.4514848587562152,-3.2511015301800854,-4.964743586969373,-3.4638802044751085,-3.562934752473427
2024_09_CHI_ARI,2024,9,2024-11-03T16:05-05:00,ARI,CHI,False,20.0,0.723084615493025,2.331853646515359,-1.993936046822066,1.885784142507859,1.9552077804512855,1.390276151256813,1.2059554752938153,0.793426049566091,0.9344615431683583,1.2864176004101973,1.0613304887493955
2024_09_JAX_PHI,2024,9,2024-11-03T16:05-05:00,PHI,JAX,False,5.0,7.432548719371201,7.202614208216005,7.0761712933944665,1.885784142507859,6.860377914902554,6.012693982823613,6.337994135736557,6.100494376671653,6.920165836826047,6.339171354033059,6.199566670458413
2024_09_DET_GB,2024,9,2024-11-03T16:25-05:00,GB,DET,False,-10.0,-2.1933880201215654,-2.951809879057553,-0.9040018130678455,1.885784142507859,-4.564095600669143,-2.6050038015570767,-2.7351715698245713,-2.8926345392820725,-2.575245706592034,-2.6085802053822706,-2.8574027026528697
2024_09_LA_SEA,2024,9,2024-11-03T16:25-05:00,SEA,LAR,False,-6.0,-3.4312044046654124,-3.9412093663403196,1.7817039349109076,1.885784142507859,-2.043816052993453,-1.4138023402883146,-0.12736957437503538,-0.02762602886154486,0.14875721934897568,-0.10243042345119191,-0.28443419680767157
2024_09_IND_MIN,2024,9,2024-11-03T20:20-05:00,MIN,IND,False,8.0,4.930353097995932,3.5148664806323033,5.511675150136375,1.885784142507859,4.495446608470211,4.071876577056013,4.172799143313333,4.454906464731332,3.1239321486690432,4.09054771581916,4.014959069690751
2024_09_TB_KC,2024,9,2024-11-04T20:15-05:00,KC,TB,False,6.0,8.093029012652835,8.756018539054665,6.415979703424431,1.885784142507859,6.855037197374046,6.059177644707766,5.833464370683318,6.02325355020602,7.32193776293382,5.956475434915731,5.698351301454571
2024_10_CIN_BAL,2024,10,2024-11-07T20:15-05:00,BAL,CIN,False,1.0,7.192616905293274,5.997176436323435,8.26087593930051,1.885784142507859,6.090132037345301,6.142627962714869,6.151526596263567,6.686246556905786,6.855848294047232,6.139069338854994,5.965523563321097
2024_10_NYG_CAR,2024,10,2024-11-10T09:30-05:00,CAR,NYG,True,3.0,-5.8372131561956495,-4.810156020835915,-5.745602027762564,1.885784142507859,-6.215441505537701,-6.756724492952263,-6.118886967710623,-5.922078855235391,-5.240958900278821,-6.166509852409326,-4.308185303277667
2024_10_ATL_NO,2024,10,2024-11-10T13:00-05:00,NO,ATL,False,3.0,-0.6194007251747113,-0.10541892880637427,0.9413319830353901,1.885784142507859,0.28887710407111344,0.22042478315663983,-0.38592362153129345,0.31519548658002106,-0.20719315532109595,-0.37449368421243945,-0.5339568552383993
2024_10_BUF_IND,2024,10,2024-11-10T13:00-05:00,IND,BUF,False,-10.0,-7.719752262756032,-8.312662345062034,-4.546471237487363,1.885784142507859,-8.525966030124678,-8.26055385138395,-8.33571937642128,-8.5742562048996,-8.320595672010752,-8.497059682068537,-8.50356190949134
2024_10_DEN_KC,2024,10,2024-11-10T13:00-05:00,KC,DEN,False,2.0,9.631292670382152,11.437681402379962,6.772707585870164,1.885784142507859,9.939358834976591,10.18908449754307,9.308804036946562,9.368570160429421,9.466568487201934,9.286811071775658,9.186138033690266
2024_10_MIN_JAX,2024,10,2024-11-10T13:00-05:00,JAX,MIN,False,-5.0,-2.880006182451545,-1.9772651903924845,-1.9550830447819196,1.885784142507859,-3.5460991892684017,-2.9908690820616766,-3.2799006185963853,-3.256271096198967,-3.2341816048051215,-3.271821809371406,-3.397356802731946
2024_10_NE_CHI,2024,10,2024-11-10T13:00-05:00,CHI,NE,False,-16.0,7.739866838269473,8.052384616535626,9.027013835666537,1.885784142507859,8.32274228497749,8.733805964625393,8.36227222590236,8.368833364464706,7.213325422908382,8.19247986756794,8.224881009307085
2024_10_PIT_WAS,2024,10,2024-11-10T13:00-05:00,WAS,PIT,False,-1.0,-2.052796864816174,-3.478334359459164,-0.11929612488279329,1.885784142507859,-3.13636831125801,-1.5101321552452731,-0.9841307038924916,-1.474906696228827,-0.2890450846373567,-1.001860744052806,-1.0832693215957945
2024_10_SF_TB,2024,10,2024-11-10T13:00-05:00,TB,SF,False,-3.0,-2.5075142216724764,-2.3728641821564116,-0.07048462098896024,1.885784142507859,-2.090043078806637,-2.5386962375892823,-2.5435554217723895,-3.2717590616849175,-3.675353556367871,-2.6222984527753797,-2.626169537201242
2024_10_TEN_LAC,2024,10,2024-11-10T16:05-05:00,LAC,TEN,False,10.0,9.264338812807281,10.27438714101033,11.019564298415537,1.885784142507859,9.57179825136221,9.06064952142852,9.917697136746455,10.374062740277267,9.257474549396914,9.916882109835187,9.774266568770582
2024_10_NYJ_ARI,2024,10,2024-11-10T16:25-05:00,ARI,NYJ,False,25.0,2.8302209907657128,1.7168009675130724,3.132336631377835,1.885784142507859,3.369161674199484,3.462093293398343,4.121310085155189,4.1713642790904695,3.6600393447949626,4.1178589542010755,3.9296030053254114
2024_10_PHI_DAL,2024,10,2024-11-10T16:25-05:00,DAL,PHI,False,-28.0,-1.9299482364852747,-2.6320666504935235,1.8268518469632957,1.885784142507859,-3.061058057430686,-2.6433273862676607,-2.8353560195694194,-2.392354778944926,-1.5579711220679842,-2.9064397299599873,-2.9958496679789937
2024_10_DET_HOU,2024,10,2024-11-10T20:20-05:00,HOU,DET,False,-3.0,-4.699921266447008,-2.629977623884324,-4.211394719267483,1.885784142507859,-3.3753155243574424,-3.6686251689044167,-3.5152708741636958,-3.8071669097054035,-4.495009627475306,-3.4085301369892433,-3.6036136595985377
2024_10_MIA_LA,2024,10,2024-11-11T20:15-05:00,LAR,MIA,False,-8.0,4.0947370820100915,4.640541320996826,4.727199451590647,1.885784142507859,3.1620295084293013,3.1718269076870294,2.9172798239639177,2.377851303549479,2.145973696451667,3.0327521336625147,2.8171098935413257
2024_11_WAS_PHI,2024,11,2024-11-14T20:15-05:00,PHI,WAS,False,8.0,4.172530990027937,4.911410415123741,5.055548030146469,1.885784142507859,6.257775027164049,5.992145988921774,5.240730271323569,5.550747513895548,4.872919898668064,5.281995228390231,5.024725281055748
2024_11_BAL_PIT,2024,11,2024-11-17T13:00-05:00,PIT,BAL,False,2.0,-2.0982685806145143,-1.4571314983804122,0.7067641354026097,1.885784142507859,-2.763299271042791,-2.1837984786302918,-2.782448316441781,-3.0069727790062393,-3.0591362915184024,-2.754964983170308,-2.896903694622484
2024_11_CLE_NO,2024,11,2024-11-17T13:00-05:00,NO,CLE,False,21.0,3.7821929997274064,2.740530163679934,3.8306289632262494,1.885784142507859,4.223309962850299,4.585183496955088,4.677868837580053,4.797903614628991,4.408366531736541,4.537431955097377,4.493963781310963
2024_11_GB_CHI,2024,11,2024-11-17T13:00-05:00,CHI,GB,False,-1.0,-4.048282342874178,-3.847978775547958,-0.4980252491721129,1.885784142507859,-3.725593576132995,-3.756193796652253,-3.4078412816179715,-2.7818734274352126,-4.965351367772551,-3.450302067602867,-3.477743240826634
2024_11_IND_NYJ,2024,11,2024-11-17T13:00-05:00,NYJ,IND,False,-1.0,2.0415946947542363,4.628581360791296,0.712961820641252,1.885784142507859,3.109745536646639,2.9450091661938247,2.5988583811095602,2.1043332167679063,1.7004553182767148,2.6130932438558236,2.556331051876973
2024_11_JAX_DET,2024,11,2024-11-17T13:00-05:00,DET,JAX,False,46.0,11.695562457265774,12.088551797966188,11.404319966794782,1.885784142507859,13.142940949677138,12.235918804770764,12.623709706832669,12.456953703387331,12.619277395690764,12.549485493164052,12.467896303762693
2024_11_LA_NE,2024,11,2024-11-17T13:00-05:00,NE,LAR,False,-6.0,-4.491484274019239,-6.125999948829642,-1.3779853786649587,1.885784142507859,-5.130116497674477,-5.181982154998228,-4.011425763672369,-3.8249204378058423,-2.712716664434265,-3.9040931706802278,-4.151186783184414
2024_11_LV_MIA,2024,11,2024-11-17T13:00-05:00,MIA,LV,False,15.0,7.509060425296776,7.006612154487484,5.976277555261993,1.885784142507859,8.101384264348054,7.612209774290024,7.693597757186888,7.45295064161994,7.986179510852822,7.628184834177585,7.5514248087985925
2024_11_MIN_TEN,2024,11,2024-11-17T13:00-05:00,TEN,MIN,False,-10.0,-7.023186216995693,-6.253747674245964,-5.5475776620859065,1.885784142507859,-6.477246175806149,-7.160623623334535,-6.6114867536728426,-6.341693828291863,-5.33164556834739,-6.5765006169908835,-6.74444343943497
2024_11_ATL_DEN,2024,11,2024-11-17T16:05-05:00,DEN,ATL,False,32.0,1.183999506494232,1.177248728069129,3.9744525955188683,1.885784142507859,1.0801887205017908,0.40509973565239177,0.05998365968692898,0.06555318273229016,0.32205028944846337,0.21607404513177375,-0.05428155569369464
2024_11_SEA_SF,2024,11,2024-11-17T16:05-05:00,SF,SEA,False,-3.0,11.70566078963346,11.845758966510807,7.690173962583126,1.885784142507859,10.668517028535339,10.197357802335109,9.502458540812743,9.389539674757376,9.983629958688715,9.506773994491901,9.35225076113001
2024_11_KC_BUF,2024,11,2024-11-17T16:25-05:00,BUF,KC,False,9.0,2.7802452511478286,2.1570681624900314,4.70970083934227,1.885784142507859,3.9886497218440446,5.050885303943318,5.385797101630958,5.1381872933547825,5.411336784935095,5.464352504234635,5.205341894360897
2024_11_CIN_LAC,2024,11,2024-11-17T20:20-05:00,LAC,CIN,False,7.0,0.6173281463327873,0.2953486726828809,4.4204132164094165,1.885784142507859,0.44927962896066365,0.016744864962586536,1.2871184318507667,1.1913786445484935,1.7942334208312647,1.2801712843729665,1.1501100805545657
2024_11_HOU_DAL,2024,11,2024-11-18T20:15-05:00,DAL,HOU,False,-24.0,-1.4282202632073315,-3.029463072561733,2.4453317625725255,1.885784142507859,-3.23575687261175,-3.064791522062208,-3.3575020728475344,-2.4606187617494406,-1.4043667159375546,-3.3657022743451575,-3.499221689483097
2024_12_PIT_CLE,2024,12,2024-11-21T20:15-05:00,CLE,PIT,False,5.0,-6.7540643163746115,-6.260265879896098,-6.141101391647171,1.885784142507859,-5.4082738111306226,-6.0918175901114315,-6.166988722863515,-5.646793962184775,-5.549615940093634,-6.103931600079877,-6.2858027153954765
2024_12_DAL_WAS,2024,12,2024-11-24T13:00-05:00,WAS,DAL,False,-8.0,6.34750672893695,7.619874365815855,4.89676622515122,1.885784142507859,6.7863017309575575,5.782822143514286,7.242308953388473,6.198064225477444,7.575301411463407,7.313532726310543,7.166015585080983
2024_12_DET_IND,2024,12,2024-11-24T13:00-05:00,IND,DET,False,-18.0,-9.100237510406282,-8.908319050859198,-6.886334548627779,1.885784142507859,-9.723077611354594,-9.602881695669517,-9.722861331555807,-9.27060747796691,-8.98584001890208,-9.636611465326162,-9.85223966187415
2024_12_KC_CAR,2024,12,2024-11-24T13:00-05:00,CAR,KC,False,-3.0,-10.99263410774161,-10.650602893429614,-10.404566688333421,1.885784142507859,-10.504750778852465,-9.803817948074201,-9.465100282699531,-10.218902218565459,-9.732726827979356,-9.570903017603586,-9.505632408541732
2024_12_MIN_CHI,2024,12,2024-11-24T13:00-05:00,CHI,MIN,False,-3.0,-2.48473049464007,-0.969246151654483,-1.5546525892602174,1.885784142507859,-1.8102912281046535,-1.7853550100497722,-1.8693254990730108,-1.107767660214545,-2.797784222563952,-1.850872313877515,-1.9726334326689026
2024_12_NE_MIA,2024,12,2024-11-24T13:00-05:00,MIA,NE,False,19.0,8.791390654422162,8.96595975885397,7.083296124768387,1.885784142507859,9.512520878241435,9.433991059706067,8.714837228137124,8.694915490270809,8.372692695222604,8.49067163135281,8.55716578478689
2024_12_TB_NYG,2024,12,2024-11-24T13:00-05:00,NYG,TB,False,-23.0,-4.7597474108460025,-4.1373639867211995,-2.5772340693882407,1.885784142507859,-4.983088791161219,-4.533092538092706,-4.930747261723743,-5.141678266040558,-5.097385795754085,-4.9515688401969555,-5.034186950045854
2024_12_TEN_HOU,2024,12,2024-11-24T13:00-05:00,HOU,TEN,False,-5.0,10.200694318358284,12.40688951433763,9.844323204782254,1.885784142507859,11.717124461260799,11.942668354248365,11.599914185637978,10.938778985746765,9.255614337650083,11.543929504509249,11.480329568702821
2024_12_DEN_LV,2024,12,2024-11-24T16:05-05:00,LV,DEN,False,-10.0,-5.8525507363616445,-5.075248515636367,-4.878968495162166,1.885784142507859,-5.687457603450426,-5.031981915293166,-5.2487469282327055,-4.7904948398442215,-5.870636921546405,-5.371178352715829,-5.3897760431269415
2024_12_ARI_SEA,2024,12,2024-11-24T16:25-05:00,SEA,ARI,False,10.0,-2.9891189638735147,-4.349556496308122,1.2156589405577933,1.885784142507859,-3.4763269184999004,-3.8617155029867725,-3.541176683675199,-2.9221600802228775,-3.1356801248545625,-3.5780229505502223,-3.6953614510764146
2024_12_SF_GB,2024,12,2024-11-24T16:25-05:00,GB,SF,False,28.0,3.8473500550881568,3.1432853234167117,1.72730259355282,1.885784142507859,4.024625642387012,3.749335870761496,3.3251848214488957,3.1965600773881704,2.024475501271666,3.3109903198031447,3.161407380865675
2024_12_PHI_LA,2024,12,2024-11-24T20:20-05:00,LAR,PHI,False,-17.0,0.15534049322162924,0.389399705466119,-1.7875778487070537,1.885784142507859,-0.7530978174719137,-1.1046335008576693,-1.8868372356942278,-1.9619135490780293,-2.67312575525271,-1.9629957696280753,-1.9866557692823896
2024_12_BAL_LAC,2024,12,2024-11-25T20:15-05:00,LAC,BAL,False,-7.0,-4.621342879476867,-4.223638833104701,0.03913036661808089,1.885784142507859,-4.323284509085521,-4.400899796848567,-3.280931302014902,-3.4055245387575837,-3.3106194999965037,-3.271863604356736,-3.4008270169669164
2024_13_CHI_DET,2024,13,2024-11-28T12:30-05:00,DET,CHI,False,3.0,11.087940152990733,10.001658582297974,12.655146257305212,1.885784142507859,10.611170013294233,11.262715285837292,11.16158060414368,10.755307945324812,12.519851338589232,11.030086880674897,10.969040091406562
2024_13_NYG_DAL,2024,13,2024-11-28T16:30-05:00,DAL,NYG,False,7.0,7.195515430542124,5.322042338728546,8.035488092519964,1.885784142507859,5.033479164838288,5.660267620929859,5.263678510721093,6.0809620032722105,4.685145119160736,5.1942346148269,5.096906148393591
2024_13_MIA_GB,2024,13,2024-11-28T20:20-05:00,GB,MIA,False,13.0,4.003912540001701,3.6247569831152635,5.43228937234011,1.885784142507859,3.123638242112863,3.494389676439794,3.2836429034313097,3.2428838642110716,3.8465433907864712,3.370651064071933,3.1005248222549353
2024_13_LV_KC,2024,13,2024-11-29T15:00-05:00,KC,LV,False,2.0,14.016735891107587,14.225314117798915,11.442732367340307,1.885784142507859,13.277628161059365,8.768981088714622,8.087769800071394,8.439692660927896,8.935939078048502,8.017673782347295,9.444926303585868
2024_13_ARI_MIN,2024,13,2024-12-01T13:00-05:00,MIN,ARI,False,1.0,3.499667470917979,0.6537477270738101,5.778167165033841,1.885784142507859,1.7149543819743798,2.016556555083351,1.8824825545245498,1.9160532422076355,2.2646752951855778,1.8260706852792319,1.85875403722199
2024_13_HOU_JAX,2024,13,2024-12-01T13:00-05:00,JAX,HOU,False,-3.0,-2.9076614713230926,-4.313731753172829,-1.761310215058753,1.885784142507859,-5.509760956778134,-5.540951075981562,-6.229906777266182,-5.363659322993971,-5.684027652921589,-6.187937881932661,-6.435702651252043
2024_13_IND_NE,2024,13,2024-12-01T13:00-05:00,NE,IND,False,-1.0,0.20778742802887296,-0.2325355109367837,-1.2231304517630597,1.885784142507859,0.21542324200415353,-1.0169896016745819,-0.5966309293283172,-0.7767562219792165,-0.961629181230532,-0.5039262401632516,-0.7190446541255222
2024_13_LAC_ATL,2024,13,2024-12-01T13:00-05:00,ATL,LAC,False,-4.0,0.8320827114853757,-0.20808449986666178,-2.383347860272478,1.885784142507859,-0.1661886785720028,-0.4637967549290668,-0.8992640348942296,-0.6190042029522485,-0.3543621826826193,-0.9929695170985762,-1.1021633721176625
2024_13_PIT_CIN,2024,13,2024-12-01T13:00-05:00,CIN,PIT,False,-6.0,0.30308776961391715,0.6970677153924538,0.16661222195139702,1.885784142507859,1.8833009898267623,1.9900232918612275,2.3865554860234397,2.4093728328998116,1.9683039474129618,2.402321304088368,2.263816358447527
2024_13_SEA_NYJ,2024,13,2024-12-01T13:00-05:00,NYJ,SEA,False,-5.0,2.0828827895567352,4.8527187070314115,-0.635293287941888,1.885784142507859,1.9580376841112497,2.430375014016798,1.3963171026884158,1.0425840350700397,1.3588353274705178,1.4147050094375535,1.2826529636746127
2024_13_TEN_WAS,2024,13,2024-12-01T13:00-05:00,WAS,TEN,False,23.0,7.383991980233469,8.334127437623001,7.10583948526099,1.885784142507859,6.827666834644267,7.898060913227072,8.325753537794478,7.907290669849652,7.311944361233614,8.304101713683014,8.262491960533616
2024_13_LA_NO,2024,13,2024-12-01T16:05-05:00,NO,LAR,False,-7.0,1.0677717910564015,0.47373170283928934,3.26545520525886,1.885784142507859,1.824973218750197,2.1080342379205943,2.5486087528465307,2.7775950448566284,3.469073818445766,2.489515372307989,2.341684071441416
2024_13_TB_CAR,2024,13,2024-12-01T16:05-05:00,CAR,TB,False,-3.0,-7.603025832406056,-6.907841333642592,-7.955653291361415,1.885784142507859,-8.69967318189137,-8.610812935571026,-8.61754129860441,-8.47109404172264,-7.276048056314008,-8.589775203179645,-8.802236526700277
2024_13_PHI_BAL,2024,13,2024-12-01T16:25-05:00,BAL,PHI,False,-5.0,4.256238438059013,4.27760170808856,3.5582660691668613,1.885784142507859,4.106121613786789,4.466277319493881,3.4716824342145998,4.039257991026808,3.2741347956774476,3.4220182179224774,3.3395997287432873
2024_13_SF_BUF,2024,13,2024-12-01T20:20-05:00,BUF,SF,False,25.0,10.041374712398577,12.026944811760098,8.03866772814105,1.885784142507859,13.252864176464534,13.351903289949293,13.740576178672722,13.293788775557337,14.541799315365317,13.870446695218586,13.6397009696718
2024_13_CLE_DEN,2024,13,2024-12-02T20:15-05:00,DEN,CLE,False,9.0,7.955892292109058,6.57219767888019,8.891146959412367,1.885784142507859,7.312077503996894,6.987981222244095,7.78533886173941,7.390455909425976,7.780069668749375,7.7489207347705555,7.630622952485733
2024_14_GB_DET,2024,14,2024-12-05T20:15-05:00,DET,GB,False,3.0,4.02906286591967,4.074866225277421,6.681709473331051,1.885784142507859,4.625310190434182,4.605461521556148,5.14869022009439,5.302371737967128,4.435505454508524,5.036898908094839,5.005349521487672
2024_14_ATL_MIN,2024,14,2024-12-08T13:00-05:00,MIN,ATL,False,21.0,5.79147528471514,3.7230444340601383,7.6039807416833085,1.885784142507859,5.1231621703501435,5.714319439098607,5.345110227820783,5.265251620875197,5.160454060612803,5.387418904490782,5.201491490079782
2024_14_CAR_PHI,2024,14,2024-12-08T13:00-05:00,PHI,CAR,False,6.0,13.137114994610945,11.927704676101937,16.251759518064894,1.885784142507859,13.728104921439115,13.927597124945287,14.242803156986625,14.468210102205,14.14204021037296,14.303586228582517,14.108912121759374
2024_14_CLE_PIT,2024,14,2024-12-08T13:00-05:00,PIT,CLE,False,13.0,10.208621762285727,9.229927178532677,9.940596077590522,1.885784142507859,8.86851798824437,8.963813127360323,8.842987361485235,8.928506386239494,8.459161330058663,8.756691323934078,8.680518631535314
2024_14_JAX_TEN,2024,14,2024-12-08T13:00-05:00,TEN,JAX,False,-4.0,-0.7731837708421049,-1.6093533520077654,0.544475186259004,1.885784142507859,-0.47179926495558155,-0.6307151702184397,-0.06782529281644134,-0.1224325118624614,1.4895417522949725,0.01016053370274217,-0.23389883128579814
2024_14_LV_TB,2024,14,2024-12-08T13:00-05:00,TB,LV,False,15.0,9.319472252902854,9.573380899449457,9.024625049215683,1.885784142507859,10.698079806090652,6.628483951743033,6.7325235942586525,6.078614080777823,7.1289107705821255,6.68029449503441,8.089357639841928
2024_14_NO_NYG,2024,14,2024-12-08T13:00-05:00,NYG,NO,False,-3.0,-5.592330439439834,-4.076463866386941,-1.9515876242807657,1.885784142507859,-4.857445233733133,-3.894558793098448,-3.5642774510750974,-4.172536346273091,-5.019561741767024,-3.603370847577614,-3.680386774201769
2024_14_NYJ_MIA,2024,14,2024-12-08T13:00-05:00,MIA,NYJ,False,6.0,7.000109115424506,3.835993906455082,6.117903504221956,1.885784142507859,6.643650037561214,6.273115249334548,6.542577398966996,7.143506468304377,7.15489434251834,6.401989893172783,6.327624741416268
2024_14_SEA_ARI,2024,14,2024-12-08T16:05-05:00,ARI,SEA,False,-12.0,4.627643776160253,6.189809070387366,2.4976994344990553,1.885784142507859,5.226011977714523,5.184458159787578,4.89258557917685,4.621332017974345,4.5086908859928485,4.932426250241803,4.784619375602282
2024_14_BUF_LA,2024,14,2024-12-08T16:25-05:00,LAR,BUF,False,2.0,-6.713933274152325,-6.819472727054125,-6.292538291815861,1.885784142507859,-7.795172582660484,-7.5770993256281045,-8.243605274679037,-7.962166448199917,-9.364902650403822,-8.43001741611584,-8.339148819120581
2024_14_CHI_SF,2024,14,2024-12-08T16:25-05:00,SF,CHI,False,25.0,4.748960589413093,5.1350256407134465,2.9581840343616475,1.885784142507859,4.939399141352218,4.824152842470533,4.200491697929638,4.71075076089044,5.601195939044397,4.205622530296602,4.003172793857383
2024_14_LAC_KC,2024,14,2024-12-08T20:20-05:00,KC,LAC,False,2.0,5.651350387292447,5.752513246414707,2.4413374065316065,1.885784142507859,4.394695886875187,3.876012538232228,3.0090134805353808,3.7676747555053995,3.9057788905951583,3.086881732034401,2.8589443452683994
2024_14_CIN_DAL,2024,14,2024-12-09T20:15-05:00,DAL,CIN,False,-7.0,0.2507701363298631,-2.9011722851851958,1.5550676401304266,1.885784142507859,-2.746237672198352,-2.4833178156794,-2.80258001932035,-2.772580569011742,-1.6800276675837333,-2.9033599703514925,-2.9652695540533003
2024_15_LA_SF,2024,15,2024-12-12T20:15-05:00,SF,LAR,False,-6.0,3.85370383529426,4.398102356998387,4.087730351009779,1.885784142507859,4.824488981606478,4.795366437009169,4.957484599252267,5.424292936523337,5.506545736576729,4.9822226604584845,4.7618152841255466
2024_15_BAL_NYG,2024,15,2024-12-15T13:00-05:00,NYG,BAL,False,-21.0,-14.971159800618278,-12.363345512568625,-9.020509772975604,1.885784142507859,-12.759213678019268,-11.028262441781235,-11.168298851007602,-12.023835547655326,-12.64266525157467,-11.254962367414947,-11.260695761966799
2024_15_CIN_TEN,2024,15,2024-12-15T13:00-05:00,TEN,CIN,False,-10.0,-6.384306817288581,-7.369573185542068,-4.685386697397662,1.885784142507859,-7.1183391098859286,-6.912988046855688,-6.4158248446281245,-6.622920587445842,-6.787839634257461,-6.558042814351659,-6.573900854141641
2024_15_DAL_CAR,2024,15,2024-12-15T13:00-05:00,CAR,DAL,False,-16.0,-1.9113510585796212,-1.3196393401988795,-3.5540596738373846,1.885784142507859,-1.1077739331471186,-1.44552628755387,-0.792080739609432,-1.4248239212347549,-2.1302373693872285,-0.6402554908169409,-0.8595664914316516
2024_15_KC_CLE,2024,15,2024-12-15T13:00-05:00,CLE,KC,False,-14.0,-5.519325209588821,-5.379593101494312,-4.183070145049221,1.885784142507859,-5.276557305165038,-5.464102184103657,-5.597858321417075,-6.470615362183787,-5.886199939775889,-5.551052021280292,-5.603794547052106
2024_15_MIA_HOU,2024,15,2024-12-15T13:00-05:00,HOU,MIA,False,8.0,0.750597315454602,2.5684944175406783,3.0985012452163287,1.885784142507859,1.5632457351442648,2.2457151413256646,2.3048964317796083,1.7017010670936856,1.2666249650545751,2.3885144702060708,2.138118171397657
2024_15_NYJ_JAX,2024,15,2024-12-15T13:00-05:00,JAX,NYJ,False,-7.0,0.14209911190071778,-2.2852451213323075,2.592441179974476,1.885784142507859,-1.0134653745614441,-1.399613920028828,-1.0597130118377651,-0.6125751355071969,-0.7078172328394368,-1.1251322974138802,-1.2657607471348247
2024_15_WAS_NO,2024,15,2024-12-15T13:00-05:00,NO,WAS,False,-1.0,-2.0304415671782174,-2.8968822324035277,-0.08192126310522152,1.885784142507859,-3.889396090436655,-3.5504791734173597,-5.112470517457986,-4.312405977804045,-3.483541026667992,-5.126432641035468,-5.2202780183585
2024_15_BUF_DET,2024,15,2024-12-15T16:25-05:00,DET,BUF,False,-6.0,0.8206490626526868,-0.26003818490681363,3.0116348768142522,1.885784142507859,0.18792446958053222,0.21767557127054765,-0.11993316741356752,-0.14105395893094508,-0.6288516917327952,-0.41007069591032697,-0.26535098082497477
2024_15_IND_DEN,2024,15,2024-12-15T16:25-05:00,DEN,IND,False,18.0,6.60440385540128,6.466493381784796,7.2120271616263105,1.885784142507859,7.240718280840341,6.740702086787053,7.099677746580893,6.639250954891725,6.945472304241504,7.090512173230778,6.967829056109412
2024_15_NE_ARI,2024,15,2024-12-15T16:25-05:00,ARI,NE,False,13.0,5.862256255418078,7.72228210910653,7.368956392536683,1.885784142507859,7.612887186602178,7.348944382143424,7.207674748004545,7.133275585091348,6.10172492923043,7.143330471787744,7.111212961870146
2024_15_PIT_PHI,2024,15,2024-12-15T16:25-05:00,PHI,PIT,False,14.0,3.5178664118325,2.7412620377151553,3.585538578116396,1.885784142507859,4.366083769185924,3.1311363008553945,3.9316126058159173,4.028109324693526,4.311593756367715,3.9288903298839104,3.7960054151485427
2024_15_TB_LAC,2024,15,2024-12-15T16:25-05:00,LAC,TB,False,-23.0,1.170601964839058,1.1114687460094914,3.1453072406730187,1.885784142507859,0.7996264288612531,0.1554349380164879,0.8597822499528647,1.1583674528990524,1.56063003236337,0.9538521667770562,0.7475576393395704
2024_15_GB_SEA,2024,15,2024-12-15T20:20-05:00,SEA,GB,False,-17.0,-4.472066789896875,-4.325339454194548,-0.5841509288728446,1.885784142507859,-3.3917945844472275,-3.5624551273479486,-2.7584271669283122,-3.1428398286134422,-3.6960811763192174,-2.778883752518126,-2.8628031128680735
2024_15_CHI_MIN,2024,15,2024-12-16T20:00-05:00,MIN,CHI,False,18.0,8.192399291597624,5.602534748235863,8.193657638569508,1.885784142507859,7.129472390763355,7.112642204485534,7.032349542487075,6.530119379202483,8.458023707879445,6.981924265069761,6.840523076798654
2024_15_ATL_LV,2024,15,2024-12-16T20:30-05:00,LV,ATL,False,-6.0,-1.283855613948389,-1.3769532890629754,0.5974088985888795,1.885784142507859,-1.6378850043309727,-1.9593970945981884,-2.0990340351797947,-2.288785265253103,-1.3415022541359345,-2.0542748679323006,-0.7181318181756414
2024_16_DEN_LAC,2024,16,2024-12-19T20:15-05:00,LAC,DEN,False,7.0,-1.7239671057785522,-0.6866152123394884,0.3619051769381074,1.885784142507859,-0.8024355437339274,-0.45435498548630227,-0.23215196860509346,0.5745280592614741,-1.0881034618452565,-0.28801333274244545,-0.34309336165155147
2024_16_HOU_KC,2024,16,2024-12-21T13:00-05:00,KC,HOU,False,8.0,6.913705092119772,6.585678310089344,4.940338206009354,1.885784142507859,5.3686179789377775,4.001152931348908,3.7673427866598046,4.39628272600467,5.32283725971453,3.9397843065406235,3.6590030734058443
2024_16_PIT_BAL,2024,16,2024-12-21T16:30-05:00,BAL,PIT,False,17.0,6.79900331914792,5.9281641811028685,5.808493074431196,1.885784142507859,7.543969240223358,6.857891095807765,7.328527240736541,7.628735852434951,7.716463415973844,7.303337453288146,7.192660633797579
2024_16_ARI_CAR,2024,16,2024-12-22T13:00-05:00,CAR,ARI,False,6.0,-5.196933580933798,-7.532093043389081,-5.18892269790176,1.885784142507859,-7.265449744225151,-6.885588899660143,-7.3441845713801985,-7.273112378547086,-7.923234966649559,-7.321157830659244,-7.485006249290268
2024_16_CLE_CIN,2024,16,2024-12-22T13:00-05:00,CIN,CLE,False,18.0,9.755602676571051,8.583333614167667,8.688167570256185,1.885784142507859,10.948636720478891,6.310128300560173,6.111786690880448,5.510536152383464,7.028293698179824,6.11387239462138,7.471472732866001
2024_16_DET_CHI,2024,16,2024-12-22T13:00-05:00,CHI,DET,False,-17.0,-8.244162461505491,-6.983418254999031,-7.49034916955582,1.885784142507859,-7.872559132500759,-7.896866811911268,-7.7892321771527815,-7.671942948346825,-9.306193508927585,-7.70275532856377,-7.8747009621985224
2024_16_LA_NYJ,2024,16,2024-12-22T13:00-05:00,NYJ,LAR,False,-10.0,-2.3220497339506383,-0.33151051449226343,-1.0589422336955385,1.885784142507859,-1.5155548162941201,-1.4193782027729065,-1.292794156772428,-1.5977713400026272,-1.0107776774493749,-1.2680515578126927,-1.4602215455168854
2024_16_NYG_ATL,2024,16,2024-12-22T13:00-05:00,ATL,NYG,False,27.0,7.392021060270393,4.34429567302184,6.529609759083689,1.885784142507859,3.5691914089476655,3.087893423285889,3.752325429839594,4.1582660831029825,7.119566824252571,3.8776133176993333,3.5858090413652777
2024_16_PHI_WAS,2024,16,2024-12-22T13:00-05:00,WAS,PHI,False,3.0,-2.428227937507456,-1.5111556730546942,-1.9985596079591943,1.885784142507859,-1.6783445687302625,-1.4639961324879187,-0.860601498477291,-1.0947167636975974,-1.605893759773017,-0.8779664183604048,-0.9963807914518066
2024_16_TEN_IND,2024,16,2024-12-22T13:00-05:00,IND,TEN,False,8.0,4.71464818107924,5.307330271168467,6.146485946830021,1.885784142507859,4.335325814493126,5.036630380972291,4.7545274389426,5.084808753104486,4.018875071609383,4.700593754950567,4.655248499451262
2024_16_MIN_SEA,2024,16,2024-12-22T16:05-05:00,SEA,MIN,False,-3.0,-3.6419319680866966,-2.063806956268403,-1.9431798690059665,1.885784142507859,-2.511984477813564,-3.022770267530032,-2.6518191233016926,-2.683177668985077,-2.580609987209324,-2.6292855637086823,-2.8026795801210325
2024_16_JAX_LV,2024,16,2024-12-22T16:25-05:00,LV,JAX,False,5.0,-0.41679770609694744,-0.11062582656305309,0.9612110103730407,1.885784142507859,0.6461872631000524,0.7126773024489368,0.9801682455949106,0.9792026804088436,0.8089179009189702,0.9854141025540035,0.830567648097573
2024_16_NE_BUF,2024,16,2024-12-22T16:25-05:00,BUF,NE,False,3.0,17.141874063910908,17.533354461146995,16.84608186392329,1.885784142507859,17.66487794185668,18.331506522639156,17.531132892034694,17.565033791286282,17.85528585651208,17.627186872342673,17.3666386761395
2024_16_SF_MIA,2024,16,2024-12-22T16:25-05:00,MIA,SF,False,12.0,-0.678369676407993,-1.5283883707946018,1.3796594514279503,1.885784142507859,-0.595591852118029,-0.21695377166279595,-0.026020228402508838,-0.6872085585620484,-0.21889580086536764,-0.16222048190608995,-0.13766621504335771
2024_16_TB_DAL,2024,16,2024-12-22T20:20-05:00,DAL,TB,False,2.0,-0.4371189361914647,-2.5824839980063414,-1.404071256811577,1.885784142507859,-2.9048651357570034,-3.1878903238392287,-3.856177261412123,-3.880596858446908,-2.9262068484573724,-3.9250370597867343,-4.022342041460442
2024_16_NO_GB,2024,16,2024-12-23T20:15-05:00,GB,NO,False,34.0,11.973899201391191,10.598884889857633,9.548556477365201,1.885784142507859,11.59597364089755,11.116611001093178,11.227667544889263,10.570162907533135,11.238154358535333,11.277900762847583,11.028424787453032
2024_17_KC_PIT,2024,17,2024-12-25T13:00-05:00,PIT,KC,False,-19.0,-1.7360414205877053,-1.991429100600602,1.1302445211731835,1.885784142507859,-2.070006057577057,-1.3848510695041008,-1.6703955827207206,-1.6113684189805224,-2.415681405496326,-1.795702523846617,-1.8301082834883529
2024_17_BAL_HOU,2024,17,2024-12-25T16:30-05:00,HOU,BAL,False,-29.0,-6.6526564805467,-5.283839467123338,-4.01675110954765,1.885784142507859,-5.817536914370838,-5.184362649121744,-4.894748825372973,-5.333663506506241,-6.018928356406017,-4.93562078728505,-5.060582071206861
2024_17_SEA_CHI,2024,17,2024-12-26T20:15-05:00,CHI,SEA,False,-3.0,-1.0271581462042216,0.11843405498441106,-0.8553914262368756,1.885784142507859,-1.0636501350932663,-0.36794318599468767,-1.0146216182637506,0.038874451089170536,-2.3524409816209655,-0.9950745385888405,-1.1345371173090224
2024_17_LAC_NE,2024,17,2024-12-28T13:00-05:00,NE,LAC,False,-33.0,-3.0260447482091153,-4.213003423364174,-4.454420427936189,1.885784142507859,-4.079433476196257,-3.9577850674209856,-4.363031068248684,-4.314274713204221,-3.6129199737864486,-4.297270378195909,-4.5237827669061295
2024_17_DEN_CIN,2024,17,2024-12-28T16:30-05:00,CIN,DEN,False,6.0,1.9124188790722574,2.8196812363646853,1.7021142025360563,1.885784142507859,2.4130726736962558,2.9026221114685917,2.3534361085834794,2.3578406872312527,1.3977653212051573,2.3216654821867566,2.2149505228429645
2024_17_ARI_LA,2024,17,2024-12-28T20:15-05:00,LAR,ARI,False,4.0,6.965009807985812,5.6281767196795425,5.174267077603758,1.885784142507859,4.915845480860143,5.012765785294811,4.307993259423074,3.6459451671175547,4.578952778037818,4.25455807331795,4.17247835989496
2024_17_CAR_TB,2024,17,2024-12-29T13:00-05:00,TB,CAR,False,34.0,11.647478304743332,13.202428789669373,13.230547432969855,1.885784142507859,13.42160765410286,12.317084331176321,12.694829312625862,12.587124841690574,12.96733238796785,12.559159411655287,12.50535762316489
2024_17_DAL_PHI,2024,17,2024-12-29T13:00-05:00,PHI,DAL,False,34.0,5.445702270669552,2.3753299113227486,7.8773776838390415,1.885784142507859,-1.0658605590564503,3.966293624887373,4.33289311722665,4.611689452281822,5.7518274083271805,4.284271974960126,5.606546813959091
2024_17_IND_NYG,2024,17,2024-12-29T13:00-05:00,NYG,IND,False,12.0,-5.53890414332589,-3.0718964359192933,-3.1453368124520296,1.885784142507859,-2.926137910277318,-1.711444704086724,-2.176514600961312,-2.339100570443705,-4.2878708000980925,-2.274835878773706,-2.2369898834595663
2024_17_LV_NO,2024,17,2024-12-29T13:00-05:00,NO,LV,False,-15.0,1.402365944027122,2.0615730924049886,4.998138845292113,1.885784142507859,1.259346073697578,2.272897128810243,2.207679093393967,2.884106251008769,2.9517849042811855,2.204343816405584,2.134984639968414
2024_17_NYJ_BUF,2024,17,2024-12-29T13:00-05:00,BUF,NYJ,False,26.0,12.312136437644941,10.317794169871982,13.159015813852944,1.885784142507859,12.422190659474012,12.116717383329082,12.70212902783781,13.510621149275547,13.678949669884178,12.861259054952562,12.51821355588227
2024_17_TEN_JAX,2024,17,2024-12-29T13:00-05:00,JAX,TEN,False,7.0,3.7527054990721656,4.231098671032563,4.652463380642662,1.885784142507859,3.1196842264740168,3.8721704408830164,2.7227169037515866,3.276490120457857,1.6196170262526663,2.658100508007384,2.6280418345109235
2024_17_MIA_CLE,2024,17,2024-12-29T16:05-05:00,CLE,MIA,False,-17.0,-4.017696299026975,-0.20364566010845042,-3.3764583322222945,1.885784142507859,-2.6865684126285756,-4.324747710831877,-4.726030047178984,-4.609771379866845,-4.988661778850411,-4.739530577971194,-3.4081204241565546
2024_17_GB_MIN,2024,17,2024-12-29T16:25-05:00,MIN,GB,False,2.0,-1.577948989132516,-3.014879690062376,-0.024086910711399234,1.885784142507859,-1.5717083440643087,-1.6026778846118543,-1.5771708765729922,-1.2712252042388839,-2.4120942369111185,-1.645270237404924,-1.7216245270486366
2024_17_ATL_WAS,2024,17,2024-12-29T20:20-05:00,WAS,ATL,False,6.0,2.969379661877381,4.565119912497167,5.50337062755106,1.885784142507859,5.309138216096592,5.789943628905336,6.411762898381827,6.551298440555078,4.458757701950446,6.490614939901363,6.2738646289774405
2024_17_DET_SF,2024,17,2024-12-30T20:15-05:00,SF,DET,False,-6.0,-4.708481973878797,-3.1062429059489176,-5.563018587838837,1.885784142507859,-4.305611992697026,-3.9227013500199215,-4.447501758362692,-3.5981597204443982,-4.316226086562712,-4.321329700053397,-4.571121600430507
2024_18_CLE_BAL,2024,18,2025-01-04T16:30-05:00,BAL,CLE,False,25.0,19.716612274580484,21.24424614309976,17.72270094959495,1.885784142507859,20.846968953237337,19.86765325695906,20.04577560038322,20.199623703139743,20.328283804106853,20.053686354153772,19.90916404786506
2024_18_CIN_PIT,2024,18,2025-01-04T20:00-05:00,PIT,CIN,False,-2.0,-0.34312772562377925,-0.2580446251083845,0.8064323417175534,1.885784142507859,-1.7816051076284705,-1.9515740729028184,-2.4219905126972288,-1.805898936586858,-2.293715890572943,-2.4633464421063236,-2.5607099920770597
2024_18_BUF_NE,2024,18,2025-01-05T13:00-05:00,NE,BUF,False,7.0,-16.16853159171243,-16.013482989198987,-12.232243398295825,1.885784142507859,-15.980218525473179,-14.845230420987384,-14.722331336312891,-14.596864989994044,-11.99419981683,-14.633424278567734,-14.876173976471769
2024_18_CAR_ATL,2024,18,2025-01-05T13:00-05:00,ATL,CAR,False,-6.0,9.444319453826374,9.74273709480001,9.925071051269008,1.885784142507859,9.129383308569189,8.4571229895382,8.916276107067931,8.260886522579174,10.774410005641926,8.796327671318139,8.744158056843204
2024_18_CHI_GB,2024,18,2025-01-05T13:00-05:00,GB,CHI,False,-2.0,12.857797056108017,11.294245991213709,12.990220350332226,1.885784142507859,11.667346103369606,11.856373316641978,11.983400030211406,11.070250694075195,14.341799101466812,12.010126971044745,11.809359080492927
2024_18_HOU_TEN,2024,18,2025-01-05T13:00-05:00,TEN,HOU,False,-9.0,-4.259343086967718,-2.395804753346387,-3.595286705704563,1.885784142507859,-2.1841957377770425,-1.6306403159020726,-1.517426494936073,-2.1275975696541347,-1.5551095819950724,-1.5320121055138776,-1.6761508430392105
2024_18_JAX_IND,2024,18,2025-01-05T13:00-05:00,IND,JAX,False,3.0,2.579277685460853,2.6743395251601383,2.9600841667771522,1.885784142507859,2.6612013147061617,2.8648849435847343,3.0599862993242093,3.016426106304451,3.492494135855205,3.0598137576042483,2.8727862887713407
2024_18_NO_TB,2024,18,2025-01-05T13:00-05:00,TB,NO,False,8.0,12.355144131757669,12.892190741633987,11.859244008849402,1.885784142507859,14.156161617380004,14.117070743432777,14.79441774742951,13.72148368749681,13.938512300492246,14.666976692246937,14.630930736467189
2024_18_NYG_PHI,2024,18,2025-01-05T13:00-05:00,PHI,NYG,False,7.0,13.54924296472658,10.82948308498192,16.645855792466165,1.885784142507859,10.239261103789303,12.652468468282983,13.297055211867912,13.2337628551414,16.07050905134332,13.176551001466372,13.108608867018798
2024_18_WAS_DAL,2024,18,2025-01-05T13:00-05:00,DAL,WAS,False,-4.0,0.026880380862113196,-1.5731972480863692,-0.6658492200073964,1.885784142507859,-3.2109213510111227,-3.58989801776106,-5.011766271048084,-4.8787903084864155,-3.0436837694886165,-5.044384744884577,-5.111703697418917
2024_18_KC_DEN,2024,18,2025-01-05T16:25-05:00,DEN,KC,False,38.0,3.223527475248209,1.3866451787844831,-0.022984892700018023,1.885784142507859,2.9745374181924094,0.20654397104068423,1.062037985153826,0.6082220717098061,0.7725753202497168,1.1171332599824002,0.8836381678308598
2024_18_LAC_LV,2024,18,2025-01-05T16:25-05:00,LV,LAC,False,-14.0,-4.481369668729065,-4.933162035451032,-4.756131724011227,1.885784142507859,-4.828181205007416,-5.0247858537230865,-5.800540204237566,-5.614155006515648,-5.376854067358942,-5.8606148681286685,-5.979692686461599
2024_18_MIA_NYJ,2024,18,2025-01-05T16:25-05:00,NYJ,MIA,False,12.0,0.8441236565923682,8.613376414353139,-3.4651167961418974,1.885784142507859,7.786744254339531,-2.901836098794129,-3.339315150977078,-3.563795016507764,-3.4561585301925004,-3.3679758451254456,-1.9876346973008598
2024_18_SEA_LA,2024,18,2025-01-05T16:25-05:00,LAR,SEA,False,-5.0,5.469418629700522,5.931466563933608,3.642005181451645,1.885784142507859,3.115146770947872,5.623878452180392,4.769543123904834,4.516935406868856,5.898849191693115,4.775784780878004,4.669860900244768
2024_18_SF_ARI,2024,18,2025-01-05T16:25-05:00,ARI,SF,False,23.0,3.9952235791493775,6.642903059556359,1.3391106343860368,1.885784142507859,6.055978572624193,4.389888970829437,5.363690658176733,4.73103009472426,3.889280601220198,5.3267760965885635,5.242087117617101
2024_18_MIN_DET,2024,18,2025-01-05T20:20-05:00,DET,MIN,False,22.0,5.449169886926613,6.342354127385719,5.840669566839233,1.885784142507859,5.718758975779271,5.4080698103554194,5.309415927163718,5.626173067319435,5.545698003838981,5.25881859388355,5.13114169121838
2025_01_DAL_PHI,2025,1,2025-09-04T20:20-04:00,PHI,DAL,False,4.0,7.557568410342214,6.507930996032977,6.451999903951762,1.8842105263157896,7.088510413875062,6.388478766394449,7.3927040924790965,7.162459130950552,7.622290025566833,7.3957062820193755,7.22516207922797
2025_01_KC_LAC,2025,1,2025-09-05T20:00-04:00,LAC,KC,True,6.0,-1.2979888615173376,-1.1575750878764755,0.17513303160316362,1.8842105263157896,0.08770477206279459,-1.368120374650522,0.18460545188210897,-1.004789288752412,-0.8944400720996151,0.06740303049636687,0.7954008163089448
2025_01_ARI_NO,2025,1,2025-09-07T13:00-04:00,NO,ARI,False,-7.0,-0.724039639987893,-4.333207243189589,0.28104620037369,1.8842105263157896,-4.410861426288902,-5.648771640726036,-5.307952504621438,-4.956850689489718,-4.09555310433779,-5.280874354229912,-5.432691735427137
2025_01_CAR_JAX,2025,1,2025-09-07T13:00-04:00,JAX,CAR,False,16.0,5.823764324690413,7.136262198280909,4.142343431761537,1.8842105263157896,6.8926503021796535,4.186454500430902,3.9183410642146925,3.9373654327601,4.386179684446674,3.8837056190174732,3.7758933078356067
2025_01_CIN_CLE,2025,1,2025-09-07T13:00-04:00,CLE,CIN,False,-1.0,-7.3197864596086415,-8.360503773832738,-2.342664674510038,1.8842105263157896,-8.007600610413732,-7.99615146768091,-8.374114253588502,-8.118787796483817,-7.365404605182427,-8.390166113777859,-8.00602994376306
2025_01_LV_NE,2025,1,2025-09-07T13:00-04:00,NE,LV,False,-7.0,1.7488833810634858,0.910708787472847,2.2187098358231916,1.8842105263157896,-0.05238891887193864,-1.4725780178005334,-0.7607401868653265,-0.14686396537060276,-0.20113931099421234,-0.7191013249052527,-0.4072362506065552
2025_01_MIA_IND,2025,1,2025-09-07T13:00-04:00,IND,MIA,False,25.0,-1.31655514915049,-0.9363086394017153,0.40911451973977897,1.8842105263157896,-2.1115968553483175,1.1260494375823442,-1.3876026059547708,-1.5171782223157702,-2.2181421241667882,-1.2607535336675662,-1.5086321794123718
2025_01_NYG_WAS,2025,1,2025-09-07T13:00-04:00,WAS,NYG,False,15.0,5.153691467829294,4.6949716311021215,6.730474726349501,1.8842105263157896,5.759755117354786,6.301221578421925,6.600835378642468,7.632521365592672,6.791979532645016,6.6813287504018035,6.422159712154743
2025_01_PIT_NYJ,2025,1,2025-09-07T13:00-04:00,NYJ,PIT,False,-2.0,1.4036610546784645,-0.6927552003480222,0.5448785676290391,1.8842105263157896,1.2160358993549494,2.656403834710153,0.8845351019506691,0.2122871190168063,-0.1018525103989667,0.8461941295505513,0.779658057711029
2025_01_TB_ATL,2025,1,2025-09-07T13:00-04:00,ATL,TB,False,-3.0,-2.484253126971942,-3.385786226902723,-1.1052067049411587,1.8842105263157896,-4.139545251180795,-4.073780498728238,-3.197776803954679,-3.4116791752031714,-1.7004205539095085,-3.1738155477255674,-3.3450177198563535
2025_01_SF_SEA,2025,1,2025-09-07T16:05-04:00,SEA,SF,False,-4.0,1.312081234281774,0.2806618000727856,3.67169142875323,1.8842105263157896,2.255487511315205,0.539288807948582,1.853959630338152,0.5225912121735256,1.3746129529411077,1.7286770407959344,1.7331010931924546
2025_01_TEN_DEN,2025,1,2025-09-07T16:05-04:00,DEN,TEN,False,8.0,11.383074122684008,12.267487376625407,8.188471392592326,1.8842105263157896,13.528001260853607,13.328153573867388,11.57209084894253,11.441117142208663,8.892535560682091,11.581251527097837,11.950099249502003
2025_01_DET_GB,2025,1,2025-09-07T16:25-04:00,GB,DET,False,14.0,1.055419804318456,1.4057345527056642,0.7717939992517415,1.8842105263157896,0.9365089661708068,-0.34034666445354267,-0.24027265398389153,-0.45824931576031425,0.359243582152986,-0.13722341919249081,0.1324601829984831
2025_01_HOU_LA,2025,1,2025-09-07T16:25-04:00,LAR,HOU,False,5.0,4.978678468490866,3.918546609971288,2.985261871150339,1.8842105263157896,3.3653389197168564,3.981441995693632,2.6063730888994763,2.716992040031516,3.3763059193407656,2.6811681835323546,2.493699406246889
2025_01_BAL_BUF,2025,1,2025-09-07T20:20-04:00,BUF,BAL,False,1.0,0.8433545312348878,0.9569743807908544,1.1645597973872697,1.8842105263157896,0.8281216537307512,1.1508290186460906,1.2642834963133496,1.6624662064261568,1.7872462967781322,1.4765895801116025,1.111873864589295
2025_01_MIN_CHI,2025,1,2025-09-08T20:15-04:00,CHI,MIN,False,-3.0,-0.7020309322300373,2.454761369649232,-0.46676508373278036,1.8842105263157896,3.8994644019232507,4.509114236385284,1.9640210676659302,2.521096924143346,-3.4863356794620226,1.8947981325559216,1.8172246907406149
2025_02_WAS_GB,2025,2,2025-09-11T20:15-04:00,GB,WAS,False,9.0,5.7552468200697104,4.291624901881667,4.81722599309105,1.8842105263157896,4.578017409852677,4.00666226425319,3.6266247924163686,3.6252814320399898,4.983178524677362,3.604318188362834,3.992039950185646
2025_02_BUF_NYJ,2025,2,2025-09-14T13:00-04:00,NYJ,BUF,False,-20.0,-7.355917966569186,-8.36191201492521,-2.6699546213642193,1.8842105263157896,-7.898942380792822,-7.363980254982685,-5.920457479583575,-7.196550530804,-7.249254037412619,-6.11827450549778,-6.049675671206343
2025_02_CHI_DET,2025,2,2025-09-14T13:00-04:00,DET,CHI,False,31.0,10.741423831815837,8.761185501505427,7.546926818303376,1.8842105263157896,9.545482484263303,9.376230417100572,8.093480495140147,8.521253566744162,9.640670818945043,7.984422442238255,7.9124129493675195
2025_02_CLE_BAL,2025,2,2025-09-14T13:00-04:00,BAL,CLE,False,24.0,13.367329724449508,13.859933947772115,10.568790037793647,1.8842105263157896,13.784678496848997,14.203867890854266,14.085413455739591,14.812598347430455,13.824970028888039,14.127807572136858,14.478277539502567
2025_02_JAX_CIN,2025,2,2025-09-14T13:00-04:00,CIN,JAX,False,4.0,6.302388158373397,7.522668809707179,5.023610206715068,1.8842105263157896,7.603599085904738,7.716853807571928,6.080254883792588,6.230964333605915,5.718041579801074,6.062637922972824,5.915188716220766
2025_02_LA_TEN,2025,2,2025-09-14T13:00-04:00,TEN,LAR,False,-14.0,-5.943784592163077,-5.923087972560318,-1.5752287262940783,1.8842105263157896,-5.884643533925997,-5.986195941478203,-4.929261181453883,-5.270073280558458,-4.2823616161512925,-4.886545593953955,-5.113889351552837
2025_02_NE_MIA,2025,2,2025-09-14T13:00-04:00,MIA,NE,False,-6.0,7.255458733046001,7.3113322549860165,4.446350606726685,1.8842105263157896,7.589476828040674,7.02534187177882,6.125129894358655,6.112465933230347,6.055036809571138,5.953411635130668,5.949525878858216
2025_02_NYG_DAL,2025,2,2025-09-14T13:00-04:00,DAL,NYG,False,3.0,3.5118865516939817,3.073031278704936,5.701603196166527,1.8842105263157896,3.7317875032149184,4.014081480877843,5.347313566526841,5.956484272379786,6.188146171933231,5.406060855332813,5.184101752967752
2025_02_SEA_PIT,2025,2,2025-09-14T13:00-04:00,PIT,SEA,False,-14.0,3.8456979645901557,5.626866954160452,3.1606811174853604,1.8842105263157896,2.728701236001266,2.5889230998976576,1.7069992058330192,2.3235198600265883,2.543643554231771,1.8046280738701146,1.5441931040231744
2025_02_SF_NO,2025,2,2025-09-14T13:00-04:00,NO,SF,False,-5.0,0.7149092875841911,-4.144327855984755,0.0791461953821897,1.8842105263157896,-3.702728221407633,-2.6502263797424392,-1.2051650425303646,-1.7986546042937235,-1.1083535099125588,-1.1329571763265267,-1.2835476805903925
2025_02_CAR_ARI,2025,2,2025-09-14T16:05-04:00,ARI,CAR,False,5.0,6.988295865351164,9.159731331148246,7.887539705241713,1.8842105263157896,9.004895570440892,8.318376819970092,8.834113214072087,9.126749054454027,9.266166729265366,8.790306006991903,8.691330027745021
2025_02_DEN_IND,2025,2,2025-09-14T16:05-04:00,IND,DEN,False,1.0,-1.5121357843990118,-1.5211460207383873,0.012176574295741371,1.8842105263157896,-1.6500506921737355,-0.6804422279225752,-0.9418965506704645,-0.6969967414365097,-1.7870244080512077,-0.9224456684482978,-1.0774009036440866
2025_02_PHI_KC,2025,2,2025-09-14T16:25-04:00,KC,PHI,False,-3.0,0.03611944299996461,0.9597794537247464,0.9875428816876799,1.8842105263157896,-0.16623318533409975,-0.16813751026274032,-0.9375984189309905,-0.3562187409670565,-0.5802650933467394,-0.8481282320849984,-1.059443008175816
2025_02_ATL_MIN,2025,2,2025-09-14T20:20-04:00,MIN,ATL,False,-16.0,2.9011957204271,1.3230482519101598,5.884501824631268,1.8842105263157896,1.0805202208373865,1.6361269627770856,1.535284367095761,1.6523768179061524,2.4232385118219217,1.5393706522135893,1.4030417473903736
2025_02_TB_HOU,2025,2,2025-09-15T19:00-04:00,HOU,TB,False,-1.0,-1.729822196329154,-0.7227116850094916,-0.2747133184010022,1.8842105263157896,-1.3788882443709247,-2.8213053403900874,-2.8262637146319824,-2.960500505977063,-3.3898453990017554,-2.820430345746958,-2.4672492468795446
2025_02_LAC_LV,2025,2,2025-09-15T22:00-04:00,LV,LAC,False,-11.0,-5.72075874499148,-6.18831014362838,-1.5668177676477946,1.8842105263157896,-4.942780725927824,-4.614210293396263,-3.5425442811704295,-3.569328344099885,-3.468106344230378,-3.501890644638946,-3.673015198367912
2025_03_MIA_BUF,2025,3,2025-09-18T20:15-04:00,BUF,MIA,False,10.0,10.694161596893824,11.158779227521942,9.23964378933392,1.8842105263157896,10.808358097669643,10.503286407784387,10.630493622620797,10.841984744148306,11.32122446949563,10.973744097689146,10.531375444030385
2025_03_ATL_CAR,2025,3,2025-09-21T13:00-04:00,CAR,ATL,False,30.0,-3.6942501819056695,-4.975123197520611,-2.0488044643846717,1.8842105263157896,-4.43891231905482,-4.313695607741475,-4.556767556856787,-4.204405504744772,-5.662084163943665,-4.472625084259549,-4.697804274026996
2025_03_CIN_MIN,2025,3,2025-09-21T13:00-04:00,MIN,CIN,False,38.0,-2.993862123770097,-0.3700482921183337,1.7820404087003245,1.8842105263157896,-0.5172634356372008,0.46690536908612523,0.41926602597579843,1.0828565399975725,-0.8371374417283507,0.38225285617888977,0.3174401275414417
2025_03_GB_CLE,2025,3,2025-09-21T13:00-04:00,CLE,GB,False,3.0,-9.273457804026917,-8.958066825571919,-6.1237848107083686,1.8842105263157896,-9.746953723627229,-10.300563823780049,-10.459905557536095,-10.953578730446232,-10.731658128871945,-10.460877115458644,-10.611859962115181
2025_03_HOU_JAX,2025,3,2025-09-21T13:00-04:00,JAX,HOU,False,7.0,2.432394687035532,0.36422544581519944,1.672076860544079,1.8842105263157896,0.6883240221904467,1.2394041844500467,1.9136439188546452,1.2598867324488596,2.6690484551816995,1.9418749796145143,1.7581807320418965
2025_03_IND_TEN,2025,3,2025-09-21T13:00-04:00,TEN,IND,False,-21.0,-6.031514396157556,-5.374001932334814,-1.6783218604549823,1.8842105263157896,-5.822152803204182,-5.262849843599907,-4.886833512533618,-4.648482971022661,-4.553748411994886,-4.927466696128731,-5.048117062411018
2025_03_LA_PHI,2025,3,2025-09-21T13:00-04:00,PHI,LAR,False,7.0,3.9001634951900312,3.5493699602313553,4.303399724485022,1.8842105263157896,4.047888725026603,3.5593032686005235,4.099566133224982,4.171451524694891,4.758094464862145,4.2072400186953445,3.9237476867042638
2025_03_LV_WAS,2025,3,2025-09-21T13:00-04:00,WAS,LV,False,17.0,4.904202317469212,4.989555156856141,6.109292828877221,1.8842105263157896,3.671329992332955,5.362360398039911,4.448834726055455,4.969877637083349,5.986141946522542,4.400712247256564,4.300070721645185
2025_03_NYJ_TB,2025,3,2025-09-21T13:00-04:00,TB,NYJ,False,2.0,8.872893441302057,7.937470535770873,8.166897151407944,1.8842105263157896,9.767755232130149,10.411884354631347,8.948700082189504,9.185358990650489,7.434246672565923,8.924237897970043,8.823661339398393
2025_03_PIT_NE,2025,3,2025-09-21T13:00-04:00,NE,PIT,False,-7.0,-1.4073443188640034,-3.314950896501273,0.8008640860063863,1.8842105263157896,-1.1611012227333934,-2.0793128595161035,-0.3491543767819749,-0.5693845315201579,-0.6257767799256888,-0.33791561785781915,0.048991181943327744
2025_03_DEN_LAC,2025,3,2025-09-21T16:05-04:00,LAC,DEN,False,3.0,1.2384226466097745,1.7694546105133602,3.6692012793815945,1.8842105263157896,1.762581303567942,2.4879636212527876,2.6119843444507342,2.6972833829564977,2.065112598030505,2.564581165346192,2.483386801505029
2025_03_NO_SEA,2025,3,2025-09-21T16:05-04:00,SEA,NO,False,31.0,5.1064441476012465,6.861523350069682,6.609778567523122,1.8842105263157896,7.961862248738921,7.981377225363443,7.38037270990199,6.629159577926926,6.911570759746136,7.228531772308282,7.200112402402966
2025_03_ARI_SF,2025,3,2025-09-21T16:25-04:00,SF,ARI,False,1.0,1.1132392357868595,-1.1029060986759265,2.20724451748224,1.8842105263157896,-1.4227989529263074,-0.8733231022273813,-1.958750427538225,-1.32184668245497,-1.078067675033504,-2.019169899821111,-2.134073866871658
2025_03_DAL_CHI,2025,3,2025-09-21T16:25-04:00,CHI,DAL,False,17.0,-2.714322679297986,-2.0679627678286856,0.48619483636673166,1.8842105263157896,-1.7155174175980004,-1.3488226509428596,-1.6128317284095428,-1.1107157123614566,-3.2775106500368865,-1.6227842780956445,-1.7439133383233851
2025_03_KC_NYG,2025,3,2025-09-21T20:20-04:00,NYG,KC,False,-13.0,-4.670011389705684,-4.500335842254666,-2.2716600403741394,1.8842105263157896,-4.350711640028238,-3.9933178584335405,-3.6650677459235723,-4.669653011067803,-4.7428283370239495,-3.826021186587173,-3.2838973210930393
2025_03_DET_BAL,2025,3,2025-09-22T20:15-04:00,BAL,DET,False,-8.0,2.8163673656252817,3.5044919382562605,3.029419671298383,1.8842105263157896,2.945487314670739,3.6048248102238096,3.2599079385345053,3.5476866625574623,3.5994068257722267,3.3850136658083914,3.1368849698656556
2025_04_SEA_ARI,2025,4,2025-09-25T20:15-04:00,ARI,SEA,False,-3.0,1.0258988986860595,2.572146543206463,0.45624598773094505,1.8842105263157896,1.37671977651833,2.1662300739571982,1.610172741391628,2.3626621134917363,1.3854505567193416,1.6927838837894091,1.4844445824609238
2025_04_MIN_PIT,2025,4,2025-09-28T09:30-04:00,PIT,MIN,True,3.0,0.006523085905653092,1.1729917065815902,-2.1729564321672266,1.8842105263157896,-0.0941185250927179,-1.1774868727960925,-1.5934475390682534,-1.8368642924349254,-1.691426593396882,-1.5484787324453047,-1.0196212468131547
2025_04_CAR_NE,2025,4,2025-09-28T13:00-04:00,NE,CAR,False,29.0,0.31421407237905474,1.496125522757514,2.3910843299541424,1.8842105263157896,1.5882617817372258,1.0228403244847712,1.5491349508949899,1.960416024344813,2.257649843049962,1.5026770910788698,1.3848219276233227
2025_04_CLE_DET,2025,4,2025-09-28T13:00-04:00,DET,CLE,False,24.0,13.21711545977439,12.857181146063946,12.196974475370467,1.8842105263157896,14.39151681826596,14.867679126224608,15.252699373486353,15.725631249742053,14.842416993458109,15.139756450930731,15.106719046762453
2025_04_LAC_NYG,2025,4,2025-09-28T13:00-04:00,NYG,LAC,False,3.0,-4.20566769827423,-6.7990438652234335,-5.081512901808139,1.8842105263157896,-8.068238282905092,-8.345438820365377,-9.04039733885709,-9.447876913123046,-4.986261023430696,-9.009048090689358,-9.156447194526049
2025_04_NO_BUF,2025,4,2025-09-28T13:00-04:00,BUF,NO,False,12.0,14.388538054619573,16.620487054026402,11.673290124243621,1.8842105263157896,16.707729664038208,16.3970092003364,15.385004733447069,15.835331640718003,15.969313068743912,15.497656193352645,15.226470761302814
2025_04_PHI_TB,2025,4,2025-09-28T13:00-04:00,TB,PHI,False,-6.0,-0.7856827815090333,-0.47469147822721647,1.1416173520109538,1.8842105263157896,-1.610940273416037,-1.1451916816194248,-1.3385958735384285,-1.4656840012057788,-1.482980360210725,-1.3532259144182284,-1.4385045802334748
2025_04_TEN_HOU,2025,4,2025-09-28T13:00-04:00,HOU,TEN,False,26.0,7.66706968442662,8.629743462910499,7.714749105230991,1.8842105263157896,8.590020178289821,8.359611495589188,8.292030280049012,8.216117231170813,7.794903234886062,8.283953650448272,8.16842007146441
2025_04_WAS_ATL,2025,4,2025-09-28T13:00-04:00,ATL,WAS,False,7.0,2.062761103650787,3.4924666041047603,-1.0265722153507495,1.8842105263157896,5.3429562549761,0.14875100962223842,-0.11580725235367684,-0.46803492165328864,-0.6842273843192075,-0.08865156829181275,0.974555492838434
2025_04_IND_LA,2025,4,2025-09-28T16:05-04:00,LAR,IND,False,7.0,4.241464692738186,4.7849641210268485,2.609251675765484,1.8842105263157896,3.9547490900194813,2.49453121801558,1.5397421070928063,1.8109734543432268,1.487471896832956,1.4180752175237692,1.4247008611644778
2025_04_JAX_SF,2025,4,2025-09-28T16:05-04:00,SF,JAX,False,-5.0,2.941426523681735,3.5325810863466924,3.390318488059525,1.8842105263157896,3.2035733152154,3.2748825740675525,2.421343016612865,3.6317730922053393,3.2321099838344134,2.4611346158631107,2.280605638971197
2025_04_BAL_KC,2025,4,2025-09-28T16:25-04:00,KC,BAL,False,17.0,0.5135432163619345,1.324661933629653,-0.4554120300165816,1.8842105263157896,-0.29797760626705827,-1.0724508872111533,-1.1082789925615104,-1.9485268904780197,-0.8575861830360729,-1.000423373661765,-1.2298192277612547
2025_04_CHI_LV,2025,4,2025-09-28T16:25-04:00,LV,CHI,False,-1.0,1.73181378467441,-0.015222963981436494,1.0073864200742109,1.8842105263157896,1.0013465936543615,-0.700072775814258,-0.08866444388551109,-0.2441457806428029,1.3666613038411706,-0.03633854431345318,-0.22934095999946247
2025_04_GB_DAL,2025,4,2025-09-28T20:20-04:00,DAL,GB,False,0.0,-6.085680399211071,-4.531140599322835,-3.157106131021628,1.8842105263157896,-5.500099457740959,-5.63330361973196,-3.9689007625101387,-4.327347975945362,-4.687922968229204,-3.9436897588473925,-4.1171646166476155
2025_04_NYJ_MIA,2025,4,2025-09-29T19:15-04:00,MIA,NYJ,False,6.0,6.197761354618855,6.397578752226501,3.0102736366701146,1.8842105263157896,6.435013220348898,5.3840955101536725,4.477373485619232,4.429163683662288,5.093844818253154,4.329449699786086,4.3014413908932525
2025_04_CIN_DEN,2025,4,2025-09-29T20:15-04:00,DEN,CIN,False,25.0,4.703801959655568,6.419152061248981,4.860798851781026,1.8842105263157896,7.59810557407673,7.189433386864039,7.7263903850733975,7.366587145875975,6.570662416978759,7.675955197342726,7.630140481395761
2025_05_SF_LA,2025,5,2025-10-02T20:15-04:00,LAR,SF,False,-3.0,10.075541691973598,7.6252544207044615,4.568072343321289,1.8842105263157896,7.395422400356279,6.596553895882225,6.585763686698884,5.820429991791227,6.053401517270244,6.506343775514258,6.482035825222252
2025_05_MIN_CLE,2025,5,2025-10-05T09:30-04:00,CLE,MIN,True,-4.0,-4.2453863041710855,-5.1868109868007775,-6.166846684827248,1.8842105263157896,-4.873571480556148,-7.855534346497606,-7.691287262476932,-8.331018901436327,-6.089673145650741,-7.680771731937694,-7.081983765616291
2025_05_DAL_NYJ,2025,5,2025-10-05T13:00-04:00,NYJ,DAL,False,-15.0,2.2215612845842383,1.0005616363291672,1.465408618372019,1.8842105263157896,1.7555278309278637,-1.0830429074956687,-0.7578206707109998,-0.609613873459789,-1.5154295648229539,-0.7518248879421194,-0.8900027355083702
2025_05_DEN_PHI,2025,5,2025-10-05T13:00-04:00,PHI,DEN,False,-4.0,2.6878605180133284,2.6537463035487834,2.912048595642211,1.8842105263157896,2.5135611877657418,2.4387463753291323,2.3457045015995646,2.8175263629038168,2.23851322674936,2.3966913521525584,2.1988951228344362
2025_05_HOU_BAL,2025,5,2025-10-05T13:00-04:00,BAL,HOU,False,-34.0,-0.6494227682694902,-0.41281603372895104,5.445620154134003,1.8842105263157896,-0.5374738902318184,1.1980528479797985,0.6782412666047106,1.962723446800629,3.2015672969679936,0.5708695594595852,0.4702477778007701
2025_05_LV_IND,2025,5,2025-10-05T13:00-04:00,IND,LV,False,34.0,7.031529401117788,6.57256550007137,6.560120666758473,1.8842105263157896,6.125433817726772,7.202835115784131,6.6393752267653285,6.718551902870685,6.4146377738991225,6.630692372308911,6.499181599206318
2025_05_MIA_CAR,2025,5,2025-10-05T13:00-04:00,CAR,MIA,False,3.0,-3.363956389601425,-4.426606452299747,-0.02274991357208833,1.8842105263157896,-4.622704304364817,-3.921139125294347,-2.7968642053091823,-2.848512479971325,-3.601887557608119,-2.5755180430057982,-2.9081959838832345
2025_05_NYG_NO,2025,5,2025-10-05T13:00-04:00,NO,NYG,False,12.0,0.45470276241271346,-0.7774351665428294,1.848937906932361,1.8842105263157896,-0.16732780013189985,0.4756920559685589,1.5350469007015164,1.8945167693281046,0.3330813059404023,1.697220579256326,1.4052333559746821
2025_05_TB_SEA,2025,5,2025-10-05T16:05-04:00,SEA,TB,False,-3.0,2.079904761998028,0.6874716938524594,3.8534364726673354,1.8842105263157896,1.5178709383307143,1.0327296531800723,1.5617604939878074,0.63766973689874,2.0460480852821195,1.4850657366929023,1.3861394214742795
2025_05_TEN_ARI,2025,5,2025-10-05T16:05-04:00,ARI,TEN,False,-1.0,10.403778785849525,10.799672793912318,10.162350452920933,1.8842105263157896,11.355329109910898,11.660073561389424,11.64662424923733,11.791794294300797,11.803307815898371,11.667600044930863,12.01506323115434
2025_05_DET_CIN,2025,5,2025-10-05T16:25-04:00,CIN,DET,False,-13.0,-6.490751312803647,-8.075574118456354,-6.194650295525431,1.8842105263157896,-10.046895472010046,-10.194601304454375,-11.23925102738226,-10.746534018231923,-9.88634745809226,-11.090807415178407,-11.42143522582369
2025_05_WAS_LAC,2025,5,2025-10-05T16:25-04:00,LAC,WAS,False,-17.0,2.234288979540952,2.031854239691435,3.501388588351272,1.8842105263157896,2.3247871592734675,2.191882158467502,2.1942205984574574,1.8697575426922364,2.429559265005776,2.141649151064708,2.0623672306094174
2025_05_NE_BUF,2025,5,2025-10-05T20:20-04:00,BUF,NE,False,-3.0,11.933917962642887,12.190719454192996,8.785636567983765,1.8842105263157896,12.16677801526863,12.441982195826856,11.269136315602202,12.12249035597491,12.046982281871571,11.411622578170721,11.148456968150747
2025_05_KC_JAX,2025,5,2025-10-06T20:15-04:00,JAX,KC,False,3.0,-3.105228805133919,-4.226403602551927,-0.8793745276606528,1.8842105263157896,-3.107363832493547,-2.6373293816025813,-1.3105474274595654,-2.235059069192287,-2.010378589119712,-1.4077941162928524,-1.4664903732048693
2025_06_PHI_NYG,2025,6,2025-10-09T20:15-04:00,NYG,PHI,False,17.0,-6.468787651868697,-7.908650927173996,-5.561552954647292,1.8842105263157896,-7.959374343389629,-8.429350839890596,-8.390052297877823,-9.347687833209752,-7.621069193735957,-8.421241933535363,-8.534222488202957
2025_06_DEN_NYJ,2025,6,2025-10-12T09:30-04:00,NYJ,DEN,True,-2.0,-10.004268405351128,-9.717295696622847,-8.201356700745219,1.8842105263157896,-9.233500533312217,-9.233896460753186,-8.872915469392467,-8.502147215182976,-10.006505271367091,-8.862557304898521,-8.286674641500092
2025_06_ARI_IND,2025,6,2025-10-12T13:00-04:00,IND,ARI,False,4.0,5.6482737969503045,5.280835984307759,5.2934871052249575,1.8842105263157896,6.781177766947284,6.694040917204972,7.224002766647257,6.420667536843707,6.302779938791702,7.204218864922389,7.101288052378093
2025_06_CLE_PIT,2025,6,2025-10-12T13:00-04:00,PIT,CLE,False,14.0,8.034434054843869,9.37861543841777,7.107320216123061,1.8842105263157896,7.1069822272848295,7.639701032766319,7.157426246494914,7.360497885119571,7.148123423686096,7.200557136165786,6.989845906468689
2025_06_DAL_CAR,2025,6,2025-10-12T13:00-04:00,CAR,DAL,False,3.0,-1.4262560364749506,-3.3888764107245986,-1.1068081068904672,1.8842105263157896,-2.8220330406403766,-2.526841746791993,-3.4553134387527478,-3.326101809535721,-4.345083024178647,-3.3846393745552645,-3.588650568797801
2025_06_LAC_MIA,2025,6,2025-10-12T13:00-04:00,MIA,LAC,False,-2.0,2.588081028488985,1.156147432287269,-0.6787286818812057,1.8842105263157896,1.5105630571710966,0.23308232937900109,-0.5295646938741196,-0.26332084479679585,0.4567106458645249,-0.5966516714751764,-0.6958078728299614
2025_06_LA_BAL,2025,6,2025-10-12T13:00-04:00,BAL,LAR,False,-14.0,-5.626606572096804,-3.8387331271095544,3.584237120751959,1.8842105263157896,-4.182048428311829,-3.4084033503550284,-3.2496329719904598,-2.129807299485627,-1.080114214583838,-3.2199368644561517,-3.4635496211092076
2025_06_NE_NO,2025,6,2025-10-12T13:00-04:00,NO,NE,False,-6.0,1.8646908168104532,-0.056350671644017414,-0.5592531232420228,1.8842105263157896,-0.2220736404775554,-0.752357361827952,-0.9860658373478782,-1.1015548055931852,-0.8083312918908909,-0.9378472828134823,-1.0921034656068231
2025_06_SEA_JAX,2025,6,2025-10-12T13:00-04:00,JAX,SEA,False,-8.0,-0.039658158047425146,0.022708406917564816,0.2671016020805661,1.8842105263157896,-1.339023251422478,-1.1326187919391069,-0.4983142018040693,-0.4772644659529473,-0.5463329288863932,-0.45720870282377024,-0.6453262856070123
2025_06_TEN_LV,2025,6,2025-10-12T16:05-04:00,LV,TEN,False,10.0,3.101372389438684,2.415729728208424,4.221364323449278,1.8842105263157896,3.4971136306353086,3.867253095744681,4.443642220600714,4.411743207310698,5.153883368475548,4.496436042622804,4.297513843980222
2025_06_CIN_GB,2025,6,2025-10-12T16:25-04:00,GB,CIN,False,9.0,8.361341951759385,9.33739519549767,8.141284262918832,1.8842105263157896,11.314012783921523,12.799449276869755,12.351207835460976,12.510182601447417,12.239497506909862,12.373935664110501,12.260242358214061
2025_06_SF_TB,2025,6,2025-10-12T16:25-04:00,TB,SF,False,11.0,6.9691596582947275,4.781177748389958,4.499054345127054,1.8842105263157896,6.046723547222717,6.537159187491149,7.0358132227494465,6.917713383724472,5.289031503082402,7.089776466980203,6.930157776065981
2025_06_DET_KC,2025,6,2025-10-12T20:20-04:00,KC,DET,False,13.0,0.05637339161694954,1.5100977745192075,-1.95783063891907,1.8842105263157896,-0.6593444049695187,-1.619256807715554,-2.3017431788119764,-2.314877188575301,-1.8983696405916202,-2.037093319831683,-2.4139160947957525
2025_06_BUF_ATL,2025,6,2025-10-13T19:15-04:00,ATL,BUF,False,10.0,-4.054145016942372,-4.931858303000399,-2.1420007748031455,1.8842105263157896,-5.470616617119692,-4.632324813129866,-4.3767436564306985,-5.561514296442443,-4.337100377946747,-4.569374587022615,-4.526043281221782
2025_06_CHI_WAS,2025,6,2025-10-13T20:15-04:00,WAS,CHI,False,-1.0,7.032157715502281,6.325914352003787,6.997738426962977,1.8842105263157896,6.360757188604555,6.332503515008541,5.976698996918493,6.181570313350077,6.483970119853375,6.011412165104391,5.847240723058661
2025_07_PIT_CIN,2025,7,2025-10-16T20:15-04:00,CIN,PIT,False,2.0,-1.545471553610826,-4.886101693240633,-0.5888116008530906,1.8842105263157896,-4.551543141623974,-4.7061612106379105,-4.55332250219058,-4.053313306433726,-3.8993554052424884,-4.56855078103234,-4.746630090973291
2025_07_LA_JAX,2025,7,2025-10-19T09:30-04:00,JAX,LAR,True,-28.0,-4.2744566031846425,-4.730464864024008,-2.7801349470606787,1.8842105263157896,-4.3210874247247375,-5.379875023151883,-3.93506878055382,-4.152311410175607,-3.541146316538287,-3.761271676255947,-3.367913600426583
2025_07_CAR_NYJ,2025,7,2025-10-19T13:00-04:00,NYJ,CAR,False,-7.0,-0.8978124151492823,-0.1286110367891493,2.7594965770457893,1.8842105263157896,0.4022825340181571,-0.0162906385869106,0.43706618455530033,1.2185698320291132,0.3197349315165587,0.37631082032218255,0.8057788951334277
2025_07_LV_KC,2025,7,2025-10-19T13:00-04:00,KC,LV,False,31.0,13.30015772294761,13.623173353635185,10.90500259325098,1.8842105263157896,11.963607853001438,12.302299345980686,11.164157932884478,11.445326893333366,11.826134363433493,11.244794495613053,11.02917744737151
2025_07_MIA_CLE,2025,7,2025-10-19T13:00-04:00,CLE,MIA,False,25.0,-3.3395110297866415,-3.212686264148771,-0.17289793184784763,1.8842105263157896,-3.0388859808313144,-2.2907125005540294,-2.5776895833082185,-2.8620257011122665,-3.1387264124860295,-2.516749432337134,-2.6796534497824807
2025_07_NE_TEN,2025,7,2025-10-19T13:00-04:00,TEN,NE,False,-18.0,-6.167519442488842,-5.510801200733644,-4.155901293816139,1.8842105263157896,-6.17015286554437,-5.416660218179609,-6.423908750363621,-6.273726881496399,-7.27165410122022,-6.503497431267249,-6.561936338808536
2025_07_NO_CHI,2025,7,2025-10-19T13:00-04:00,CHI,NO,False,12.0,2.48692686908678,5.664358019287764,5.767777785089308,1.8842105263157896,5.210475632161282,5.827910693462151,5.853568581980937,5.387584772993467,4.4144432332885,5.697743901174414,5.709684420038787
2025_07_PHI_MIN,2025,7,2025-10-19T13:00-04:00,MIN,PHI,False,-6.0,-0.13841718727114882,0.5977365094759448,1.977111372175667,1.8842105263157896,0.320727385192094,0.12422944985185058,-0.12413868968531805,-0.5877758851272152,-0.11778965970661859,-0.19699735894692605,0.2485591212258349
2025_07_IND_LAC,2025,7,2025-10-19T16:05-04:00,LAC,IND,False,-14.0,-0.02782344492742639,1.2521804090575954,1.4288347732434783,1.8842105263157896,0.8930980483684711,0.8181328888123487,0.7458663289436827,0.7809868298668227,0.3401650853640772,0.6873452728142271,0.6026444917870677
2025_07_NYG_DEN,2025,7,2025-10-19T16:05-04:00,DEN,NYG,False,1.0,9.360680337301316,10.409805692004753,9.221209895795521,1.8842105263157896,10.474179342889867,8.960018487168808,9.41808289765098,10.085003943123954,9.024320003752784,9.42647127641041,9.305950167484864
2025_07_GB_ARI,2025,7,2025-10-19T16:25-04:00,ARI,GB,False,-4.0,-3.724640962680625,-3.2834615082514578,-1.3009837075703383,1.8842105263157896,-4.468847878884093,-4.746008179222084,-4.410732698439443,-4.492939014869177,-4.5596643664087635,-4.351282373042777,-4.558221326500937
2025_07_WAS_DAL,2025,7,2025-10-19T16:25-04:00,DAL,WAS,False,22.0,1.0127006429798744,0.47002486982970715,-0.848049639170303,1.8842105263157896,0.32814628790765216,-0.22762673664077387,0.1671273612749431,-0.24580623722154682,1.5699109822315471,0.17850071327418826,0.015453321323539937
2025_07_ATL_SF,2025,7,2025-10-19T20:20-04:00,SF,ATL,False,10.0,-3.169099040751135,-0.45278257665790644,1.960423104509475,1.8842105263157896,-0.25186651782696434,-0.22233854933615893,-0.8877334149927789,-0.053745829128274636,-0.8616824094506768,-0.9052445711614432,-1.0715485782813383
2025_07_TB_DET,2025,7,2025-10-20T19:00-04:00,DET,TB,False,15.0,6.178834424825376,5.1763436764394175,6.238413369244024,1.8842105263157896,5.528336712387895,5.14891919373746,5.080599853735713,4.924235756913246,5.487641275509022,4.88468199702313,4.907295601589626
2025_07_HOU_SEA,2025,7,2025-10-20T22:00-04:00,SEA,HOU,False,8.0,1.2158007739122483,-0.4466031937037769,3.3730295086092807,1.8842105263157896,1.3393349473132883,0.5038452953469799,0.6408516201632986,0.8240430993773176,1.2864095391759771,0.6037628096543437,1.017365900062615
2025_08_MIN_LAC,2025,8,2025-10-23T20:15-04:00,LAC,MIN,False,27.0,1.9996518157123369,2.185394070448363,1.632167390472856,1.8842105263157896,2.6011587154250995,3.051481764816965,3.3341612939507783,2.8540102198045387,2.5799727423618695,3.3641311181669895,3.1822481830772857
2025_08_BUF_CAR,2025,8,2025-10-26T13:00-04:00,CAR,BUF,False,-31.0,-4.164051267987644,1.5230803616395256,-3.6154690024157627,1.8842105263157896,-1.2997352744788988,-4.907314891973241,-4.583748408583487,-6.620426236399416,-4.613592770190589,-4.583585730554779,-2.9861113205886047
2025_08_CHI_BAL,2025,8,2025-10-26T13:00-04:00,BAL,CHI,False,14.0,-1.1475346610437005,-0.07723142429292029,3.6648299110281544,1.8842105263157896,0.14608581082968564,-0.38662627710326447,-1.7751396704125004,0.301293828279939,0.4360054205005188,-1.6921161316965276,-1.9402145527968981
2025_08_CLE_NE,2025,8,2025-10-26T13:00-04:00,NE,CLE,False,19.0,5.717146484207179,5.309997459168732,6.697320101926138,1.8842105263157896,5.402974484701605,5.445733381214006,6.863572548081471,6.903883728581027,7.486541277712844,6.991427974978013,6.706371046838232
2025_08_MIA_ATL,2025,8,2025-10-26T13:00-04:00,ATL,MIA,False,-24.0,4.333516441607525,3.9926567620577798,5.7615308502891525,1.8842105263157896,3.2678671630077005,4.703167447946594,4.784518727226951,4.280263159470749,5.337792397804341,4.80762780424479,4.684802959246525
2025_08_NYG_PHI,2025,8,2025-10-26T13:00-04:00,PHI,NYG,False,18.0,6.315687678894681,6.585433502504865,7.543245565375804,1.8842105263157896,6.951916639497684,7.796659457795996,7.8612293184779825,9.063253034712147,7.583235800212464,7.931458006017072,7.713440406306933
2025_08_NYJ_CIN,2025,8,2025-10-26T13:00-04:00,CIN,NYJ,False,-1.0,10.133401593341194,8.283919236974219,4.708370656960872,1.8842105263157896,6.374835590481703,4.570435735378273,3.563194753872674,2.988439942579188,5.648343374103263,3.548007101735847,3.360737643218007
2025_08_SF_HOU,2025,8,2025-10-26T13:00-04:00,HOU,SF,False,11.0,6.113016199353777,5.21640213933882,4.109058328540429,1.8842105263157896,4.726209616568244,4.584804431688521,5.130913633244862,4.260818655563826,3.9982014281718325,5.23205037639507,5.031940035895955
2025_08_TB_NO,2025,8,2025-10-26T16:05-04:00,NO,TB,False,-20.0,-2.7581465836296974,-5.346361951188728,-3.9986664717712355,1.8842105263157896,-5.265870430295755,-6.3145740062064855,-5.785433052356035,-5.935016512289914,-5.267637229329137,-5.713033927470098,-5.960910359598939
2025_08_DAL_DEN,2025,8,2025-10-26T16:25-04:00,DEN,DAL,False,20.0,4.895295888839024,4.414658573599948,4.923272139637664,1.8842105263157896,4.906481232463765,3.9469558049246474,3.3283534851078906,3.7294056628949956,3.1804130715923127,3.343181859785604,3.2098803978542394
2025_08_TEN_IND,2025,8,2025-10-26T16:25-04:00,IND,TEN,False,24.0,15.90627093356392,15.082361396679328,13.813341144014235,1.8842105263157896,15.718558306986887,15.705721831043546,15.831146335624972,15.273587834319148,16.597604133393133,15.882009515288388,15.688946807765173
2025_08_GB_PIT,2025,8,2025-10-26T20:20-04:00,PIT,GB,False,-10.0,-0.7413009056428257,1.0054237710511167,-0.577867114624123,1.8842105263157896,-1.1823809552841367,-1.3980333867268702,-1.8505026026227154,-2.5442721639995827,-2.2298481103081844,-1.894192825533993,-2.0058945374499646
2025_08_WAS_KC,2025,8,2025-10-27T20:15-04:00,KC,WAS,False,21.0,10.82522894283668,13.141063168157917,7.146770681114609,1.8842105263157896,14.699348356644496,6.412603348171385,5.780658765961152,5.27573771541183,6.646642023614363,5.807052275594332,6.8821922889598195
2025_09_BAL_MIA,2025,9,2025-10-30T20:15-04:00,MIA,BAL,False,-22.0,-1.7743205540189477,-2.6264084688002063,-1.2859117312674337,1.8842105263157896,-2.9601441776721114,-2.2573526965248343,-1.9575400232443971,-3.019319300526683,-1.7855841387411475,-2.1212373343782884,-2.114584006597966
2025_09_ATL_NE,2025,9,2025-11-02T13:00-05:00,NE,ATL,False,1.0,3.5615917765531058,3.406121032899319,6.185592312144678,1.8842105263157896,4.30610309407264,3.8977964909580036,4.95100686461364,4.537229744576132,4.645549263212806,4.981095612196392,4.775383959724518
2025_09_CAR_GB,2025,9,2025-11-02T13:00-05:00,GB,CAR,False,-3.0,14.628656902917893,15.034185490428225,11.488959689202233,1.8842105263157896,14.89852723757801,13.797506504461639,13.633268419701903,13.586431541872305,15.088710013259268,13.596192991485056,13.496892752168574
2025_09_CHI_CIN,2025,9,2025-11-02T13:00-05:00,CIN,CHI,False,-5.0,3.5458123700995117,2.9875918656234295,1.0747394149020777,1.8842105263157896,3.2773475030445556,-2.072868568345703,-3.270373606333122,-2.8875956166537744,-0.6594969104907098,-3.198517204806854,-3.459776599526173
2025_09_DEN_HOU,2025,9,2025-11-02T13:00-05:00,HOU,DEN,False,-3.0,0.3346769077243683,1.5924626431048945,0.6711872926609472,1.8842105263157896,0.8367785025031936,0.5597304586812304,0.20939348765415478,-0.36949589736130073,-0.7437637793473526,0.2491569576928374,0.06701522759302891
2025_09_IND_PIT,2025,9,2025-11-02T13:00-05:00,PIT,IND,False,7.0,-1.813838914110859,0.1619855280881255,-1.8017432131581579,1.8842105263157896,-2.372840838400981,-2.474419665911448,-3.20046751219095,-3.054257411447746,-2.7498942630609733,-3.211822402775832,-3.3471127099995526
2025_09_LAC_TEN,2025,9,2025-11-02T13:00-05:00,TEN,LAC,False,-7.0,-9.870537099393893,-10.52654657733418,-7.691850115470125,1.8842105263157896,-10.640055785274871,-11.102730084630972,-11.38376912022887,-10.838136590072477,-11.78175472801801,-11.44223987508371,-11.521646647727355
2025_09_MIN_DET,2025,9,2025-11-02T13:00-05:00,DET,MIN,False,-3.0,11.690529401634423,13.472540834901931,10.107061400736228,1.8842105263157896,15.048211031567217,14.815675201995774,15.093948199157214,14.67472605744613,13.558192175730166,14.962901391873153,14.938330947183015
2025_09_SF_NYG,2025,9,2025-11-02T13:00-05:00,NYG,SF,False,-10.0,-2.3015255351592243,-1.5395244367215408,-0.43152729695176584,1.8842105263157896,-1.6948290767596943,-1.2939376336296204,-0.7071350767651892,-1.031926738280439,-0.7341130097709135,-0.6602790308716502,-0.8123443362354843
2025_09_JAX_LV,2025,9,2025-11-02T16:05-05:00,LV,JAX,False,-1.0,-2.18870283283425,-1.5644851142311607,-1.3656643266644521,1.8842105263157896,-1.2094088349170624,-2.820164580904485,-2.5660707353363597,-2.7995420623290137,-2.463849675458502,-2.5672063341391302,-2.6982123792996084
2025_09_NO_LA,2025,9,2025-11-02T16:05-05:00,LAR,NO,False,24.0,12.318463342065662,13.65056942944225,12.120939490332058,1.8842105263157896,13.596742636077567,14.20145452558456,13.361331946493484,13.147942584130293,11.907875356814674,13.233287816817768,13.254496102439878
2025_09_KC_BUF,2025,9,2025-11-02T16:25-05:00,BUF,KC,False,7.0,-0.5634856769585106,-0.6315035298142548,0.3228318356359834,1.8842105263157896,0.7360011581612889,0.8955624193469662,0.8533926771768572,2.169343081746839,0.9883701843171134,0.8986461680950059,0.7063337874525574
2025_09_SEA_WAS,2025,9,2025-11-02T20:20-05:00,WAS,SEA,False,-24.0,-0.9738880451832705,1.0242296279293512,-0.9664110385303082,1.8842105263157896,-0.4685506914830566,-0.9443429979095321,-0.9581371230174698,-0.18877059510005986,-1.9908152257828533,-0.9206197038748767,-1.0924407534631797
2025_09_ARI_DAL,2025,9,2025-11-03T20:15-05:00,DAL,ARI,False,-10.0,2.116956831551124,2.83007092803313,2.5516064866870334,1.8842105263157896,3.1919935244467568,2.7863028363739555,3.436828480782144,2.8132322185109864,3.216097527062329,3.421801738765221,3.8083631480950837
2025_10_LV_DEN,2025,10,2025-11-06T20:15-05:00,DEN,LV,False,3.0,11.922950821314771,11.846020436552376,12.712123224580644,1.8842105263157896,11.642512308005374,12.408679338654888,12.105272729178148,12.298032136071642,12.366962520064888,12.153564789104099,11.982237271399432
2025_10_ATL_IND,2025,10,2025-11-09T09:30-05:00,IND,ATL,True,6.0,3.191753553991429,3.4338275144674397,5.0586656138608745,1.8842105263157896,4.15171629375581,3.778899992447098,4.151870420345253,3.758271387295241,3.4652144818732795,4.115790489832056,4.703115798132621
2025_10_BAL_MIN,2025,10,2025-11-09T13:00-05:00,MIN,BAL,False,-8.0,-3.4275457564042733,-6.433217778156921,-0.21529274507930873,1.8842105263157896,-7.466814095488801,-7.190571305452225,-7.188242727624329,-7.387435614337704,-6.122191778001202,-7.237178943452227,-7.303789086728117
2025_10_BUF_MIA,2025,10,2025-11-09T13:00-05:00,MIA,BUF,False,17.0,-6.204294267282942,-6.264445310367907,-6.1859873883609175,1.8842105263157896,-6.520852827634421,-6.214972189063812,-6.464797123270157,-7.499004305285286,-7.219922317087992,-6.7719148148276584,-6.629716608600177
2025_10_CLE_NYJ,2025,10,2025-11-09T13:00-05:00,NYJ,CLE,False,7.0,1.4718496408876083,3.0737784011621767,2.889029587582227,1.8842105263157896,0.5735639375338999,-0.0046181108382894465,1.005359944402906,1.7050354491243345,3.0356357353538543,1.051996327749447,0.8546839709144003
2025_10_JAX_HOU,2025,10,2025-11-09T13:00-05:00,HOU,JAX,False,7.0,3.711675492639704,2.1414042735516543,6.521817745677664,1.8842105263157896,2.1925001807220776,2.777412512843793,2.161394376864714,1.887055882273571,3.5823929359963156,2.1558929015510664,2.013054857709392
2025_10_NE_TB,2025,10,2025-11-09T13:00-05:00,TB,NE,False,-5.0,5.091451037874495,6.088225270141907,4.283895693605893,1.8842105263157896,5.87473541209052,6.2506654078780866,5.238993874505361,5.361735093712795,4.833669352184211,5.289078850697642,5.142953788876104
2025_10_NO_CAR,2025,10,2025-11-09T13:00-05:00,CAR,NO,False,-10.0,6.054201111384186,5.939548609803957,5.604099356909794,1.8842105263157896,6.526704193851929,6.297753620091201,5.625736165527881,5.0185605652117795,4.220391861555044,5.692329736137819,5.489559921339587
2025_10_NYG_CHI,2025,10,2025-11-09T13:00-05:00,CHI,NYG,False,4.0,5.256501035417111,6.64334845441237,5.764504648928804,1.8842105263157896,6.4969431695848865,6.305974230307342,7.147910300691414,6.7218867555607495,5.659679884910373,7.034373312025915,6.994197492736231
2025_10_ARI_SEA,2025,10,2025-11-09T16:05-05:00,SEA,ARI,False,22.0,4.607729593968461,4.330764144575428,7.016459068496888,1.8842105263157896,6.168634228370019,5.8087520934483345,6.813238750967516,5.86270291636525,6.386983465934022,6.77690671436823,6.682526100497725
2025_10_DET_WAS,2025,10,2025-11-09T16:25-05:00,WAS,DET,False,-22.0,-7.917513947705352,-6.579940297378844,-5.074008315363704,1.8842105263157896,-8.980260285253372,-8.303194765669627,-8.15372193296251,-8.153386807392788,-7.1631984743824555,-7.998019507942306,-8.316438343912505
2025_10_LA_SF,2025,10,2025-11-09T16:25-05:00,SF,LAR,False,-16.0,-3.8064734218826244,-5.044509280856971,-1.8263966436891197,1.8842105263157896,-4.694934003095646,-4.203213053123206,-4.395732851051379,-3.842050321115434,-3.471884098172251,-4.276557150501739,-4.5903845051457415
2025_10_PIT_LAC,2025,10,2025-11-09T20:20-05:00,LAC,PIT,False,15.0,0.8755028716596993,0.37079474819684466,3.4402338565690607,1.8842105263157896,2.1097764315557637,1.5195987179525927,2.988353908097901,3.2108175124068397,2.261344344507834,3.022690986737884,2.867486473944297
2025_10_PHI_GB,2025,10,2025-11-10T20:15-05:00,GB,PHI,False,-3.0,3.1018176762046954,3.1826263520983127,2.3807171887495135,1.8842105263157896,3.457913880611254,3.1769171111282026,2.8657893474723357,2.552781310644936,3.301754353326057,2.8522961837791203,2.739681489882541
2025_11_NYJ_NE,2025,11,2025-11-13T20:15-05:00,NE,NYJ,False,13.0,7.184916221847243,5.785340762127032,8.152742471733248,1.8842105263157896,8.361135247294651,9.610867644741639,9.796503093000142,9.286938223541608,8.11875252308807,9.782917115114438,9.636775346227534
2025_11_WAS_MIA,2025,11,2025-11-16T09:30-05:00,MIA,WAS,True,3.0,3.2218292652806833,2.885745584743022,0.6318365148975067,1.8842105263157896,3.9054066282765474,3.29221746188822,2.8473294500808515,1.9841224706867808,1.901372320994713,2.67607101449618,3.4186112832137843
2025_11_CAR_ATL,2025,11,2025-11-16T13:00-05:00,ATL,CAR,False,-3.0,4.305183453740829,4.997350463407484,5.593754896199783,1.8842105263157896,4.595187606969026,5.498069256310684,5.6229305580559465,5.757717126638899,6.401147532658229,5.575979801269887,5.512211999011277
2025_11_CHI_MIN,2025,11,2025-11-16T13:00-05:00,MIN,CHI,False,-2.0,0.30294058935394474,-3.533217843587839,3.0926920277275745,1.8842105263157896,-3.777051553155375,-3.7666696161804096,-4.669623714441564,-3.827833999498125,-2.2578330337838457,-4.634580640891333,-4.823811654367075
2025_11_CIN_PIT,2025,11,2025-11-16T13:00-05:00,PIT,CIN,False,22.0,5.521102531835153,6.237318764430425,5.170711429941199,1.8842105263157896,5.51435809251269,7.07184661344225,6.992701316154376,6.57526676734928,5.799007912983641,6.9415584681319675,6.885093100652485
2025_11_GB_NYG,2025,11,2025-11-16T13:00-05:00,NYG,GB,False,-7.0,-7.707231675664945,-7.682466321678799,-4.1742197342216905,1.8842105263157896,-9.898162346842666,-8.410898358452133,-8.503617784486666,-8.99139146619033,-7.6039606566349,-8.480047729367872,-8.636168625460861
2025_11_HOU_TEN,2025,11,2025-11-16T13:00-05:00,TEN,HOU,False,-3.0,-8.60822837267056,-6.620072676634178,-8.234498650350808,1.8842105263157896,-7.271350800506591,-8.095450987795124,-8.28682393043723,-7.422965105903632,-10.059861923757094,-8.333221618803911,-8.407014089486362
2025_11_LAC_JAX,2025,11,2025-11-16T13:00-05:00,JAX,LAC,False,29.0,-3.318694905735766,-4.630166092264144,-1.8141014923821324,1.8842105263157896,-4.561462505083094,-3.201305264767939,-3.083523049172353,-2.5789107648333482,-2.726893894750901,-3.0810678767517423,-3.242489956408926
2025_11_TB_BUF,2025,11,2025-11-16T13:00-05:00,BUF,TB,False,12.0,3.3801496846363515,3.06256417399569,3.540180132752487,1.8842105263157896,2.942367520079653,2.1213273258598546,2.455035287468816,3.681584974253146,3.5766132614718056,2.5866812962152403,2.26306089528674
2025_11_SEA_LA,2025,11,2025-11-16T16:05-05:00,LAR,SEA,False,2.0,6.257723588903697,6.536838257539021,2.290332742060534,1.8842105263157896,4.925613712903299,4.360086662403015,3.336990587784983,3.572648757248139,3.096630398141828,3.1951704391850737,3.2160337440543563
2025_11_SF_ARI,2025,11,2025-11-16T16:05-05:00,ARI,SF,False,-19.0,-4.335274553498745,-4.49421937546472,2.398114196852862,1.8842105263157896,-3.8504284200898193,-1.481824803924376,-0.8308966431193239,-0.6496490236139947,-1.568253268967164,-0.8208442078537945,-0.9572620075123832
2025_11_BAL_CLE,2025,11,2025-11-16T16:25-05:00,CLE,BAL,False,-7.0,-6.004404806784828,-7.186308145536188,-5.7736864805212065,1.8842105263157896,-7.560155441201562,-8.499145448299883,-8.435845242770323,-9.05377897285571,-9.022156554279313,-8.498114578934711,-8.550948360048414
2025_11_KC_DEN,2025,11,2025-11-16T16:25-05:00,DEN,KC,False,3.0,-3.34485126928729,-3.658470616295471,0.06793162739684666,1.8842105263157896,-2.2804699584142556,-2.019523541520937,-1.2290317328704772,-1.1075186685251712,-1.5880212462361558,-1.316747213299049,-1.343438410634281
2025_11_DET_PHI,2025,11,2025-11-16T20:20-05:00,PHI,DET,False,7.0,-0.4443896443462547,-0.07972885150841824,-0.9862154666250218,1.8842105263157896,-1.2374475597318524,-2.248311135136148,-2.3444497769678048,-1.8409416606672782,-2.0474596059900865,-2.134332486188863,-2.4862902314643005
2025_11_DAL_LV,2025,11,2025-11-17T20:15-05:00,LV,DAL,False,-17.0,-3.1871429288524533,-3.8136364926476753,-1.0822231305939831,1.8842105263157896,-3.0164408231245785,-3.493079161683542,-3.8939503364018324,-4.020301623936318,-4.09923977045317,-3.912942759437478,-4.016046540219488
2025_12_BUF_HOU,2025,12,2025-11-20T20:15-05:00,HOU,BUF,False,4.0,-0.9216259172030694,-3.146939799965807,0.10123278796591517,1.8842105263157896,-2.9106556204206386,-3.066352134801719,-2.864656914220906,-4.437120216945667,-2.689976758756343,-3.1020383314247413,-2.981845058356933
2025_12_IND_KC,2025,12,2025-11-23T13:00-05:00,KC,IND,False,3.0,4.373027082802509,5.384376778791815,4.861959233603783,1.8842105263157896,3.8043202824779634,3.8377853627601586,3.3435745459573267,3.38426672371695,3.972519911792525,3.4600983061053747,3.235438115824828
2025_12_MIN_GB,2025,12,2025-11-23T13:00-05:00,GB,MIN,False,17.0,8.15652549645567,10.460917604588179,6.1755841769175746,1.8842105263157896,11.408124438908043,11.874858227881296,12.014888742599005,12.285541886340066,11.76026010660615,12.060641977040776,11.861862151577588
2025_12_NE_CIN,2025,12,2025-11-23T13:00-05:00,CIN,NE,False,-6.0,-4.838134593023741,-3.6925414788517568,-4.190296607739913,1.8842105263157896,-5.121454058422431,-4.835971107580498,-6.285987811953181,-5.689476484505464,-5.23860625669517,-6.2599421740951176,-6.470649416406852
2025_12_NYG_DET,2025,12,2025-11-23T13:00-05:00,DET,NYG,False,7.0,11.645505050966918,11.385640495037443,13.199792950346122,1.8842105263157896,14.248147095061036,13.886549154741083,14.13647366775048,14.439718038188026,12.494360581922745,13.932363378479062,14.011116098296787
2025_12_NYJ_BAL,2025,12,2025-11-23T13:00-05:00,BAL,NYJ,False,13.0,10.39033433734743,10.305963417691618,10.223529159657229,1.8842105263157896,12.641238211914468,13.439476236051487,12.410994762481815,12.537313937700397,10.766152600056284,12.444862955952242,12.247955910983391
2025_12_PIT_CHI,2025,12,2025-11-23T13:00-05:00,CHI,PIT,False,3.0,-0.028834825830476474,2.836090291047925,1.1531774780475332,1.8842105263157896,1.892405012772788,2.352566664074466,3.802849350093635,3.6714226735618007,0.9006653166579683,3.73873583592721,3.689131333870092
2025_12_SEA_TEN,2025,12,2025-11-23T13:00-05:00,TEN,SEA,False,-6.0,-11.519817542163963,-10.64812410411528,-11.777181611925588,1.8842105263157896,-12.0515079197757,-11.853330949958345,-12.470415831727621,-11.480968292982201,-13.357411529565304,-12.44558895010708,-12.577317563338122
2025_12_CLE_LV,2025,12,2025-11-23T16:05-05:00,LV,CLE,False,-14.0,1.1810114264514566,2.6021325307879177,0.9762691684638103,1.8842105263157896,3.0367072081779467,1.8986693712745328,2.6563078030769818,2.8173727036271217,0.8641292287733746,2.6674781179035927,2.4952742556695764
2025_12_JAX_ARI,2025,12,2025-11-23T16:05-05:00,ARI,JAX,False,-3.0,0.35233163593772693,0.8786637979970564,0.7430502803002099,1.8842105263157896,0.37596041884797227,-0.4705085315182412,-0.054201235236122525,0.21828563174688487,0.4961516263189232,-0.008133639805806503,-0.20596156189892423
2025_12_ATL_NO,2025,12,2025-11-23T16:25-05:00,NO,ATL,False,-14.0,-0.7132795782614836,-1.4990895124603556,-0.7127077323581235,1.8842105263157896,-0.8161694820349183,-0.8596938945432981,-0.8758648030162566,-0.8818774700182042,-0.5885135893414475,-0.8463088544427131,-1.0512651124709187
2025_12_PHI_DAL,2025,12,2025-11-23T16:25-05:00,DAL,PHI,False,3.0,-1.7735832448551294,-1.094642415646776,-2.1435576361604305,1.8842105263157896,-1.5695933836943663,-2.0961875669424876,-1.4531157355739985,-1.977569296224432,-1.1334326664446461,-1.5245933307049602,-1.6243525139035562
2025_12_TB_LA,2025,12,2025-11-23T20:20-05:00,LAR,TB,False,27.0,7.958987583054588,6.831164786708474,6.485026490684384,1.8842105263157896,6.326574026836202,6.127958898531172,5.671532671409183,5.097042837614287,5.921817802442228,5.3876039296606635,5.522543165791161
2025_12_CAR_SF,2025,12,2025-11-24T20:15-05:00,SF,CAR,False,11.0,10.017914240635873,10.927800374599538,7.435058149013271,1.8842105263157896,9.664640765033646,9.23826160049802,8.822321529500469,8.445071169957114,10.391990978993189,8.763115773373197,8.658693413161426
2025_13_GB_DET,2025,13,2025-11-27T13:00-05:00,DET,GB,False,-7.0,-0.35942851456210656,-0.20234822169064914,4.824890518250544,1.8842105263157896,0.5215839775337767,1.9601202457837759,2.081586722453708,2.1894206275856147,1.0374204245145362,1.9165384449794864,1.956470424830624
2025_13_KC_DAL,2025,13,2025-11-27T16:30-05:00,DAL,KC,False,3.0,-3.8614400872853567,-3.927264743220068,-3.165997824519714,1.8842105263157896,-3.2958452489625443,-3.22891092273301,-2.491633509251161,-2.938520061546099,-2.6007123626548045,-2.6217562435593837,-2.6411856033392294
2025_13_CIN_BAL,2025,13,2025-11-27T20:20-05:00,BAL,CIN,False,-18.0,8.38426698969426,7.637438082166433,10.877957733869096,1.8842105263157896,8.032640846101677,7.309156732098996,7.723409727310932,7.6904195723559585,8.721960446572833,7.757317746429931,7.5714348059972325
2025_13_CHI_PHI,2025,13,2025-11-28T15:00-05:00,PHI,CHI,False,-9.0,5.810703842091284,4.297009864193818,6.793516918253962,1.8842105263157896,4.694385034309651,4.57691969820096,4.031983228507062,4.80968766409009,5.347544451731833,4.143630748091342,3.883037906197144
2025_13_ARI_TB,2025,13,2025-11-30T13:00-05:00,TB,ARI,False,3.0,4.443391712380357,5.216157734180233,5.32825027496648,1.8842105263157896,4.1356390772587055,3.0670722790331673,2.937139257585261,2.909823211407863,2.5902657666874296,2.9348410990707077,2.8178464279168303
2025_13_ATL_NYJ,2025,13,2025-11-30T13:00-05:00,NYJ,ATL,False,3.0,-2.5291953347840743,-1.4386483312195928,-0.4018916809332671,1.8842105263157896,-2.457987200495668,-3.1264446760027553,-2.9152154131900083,-2.9426665692059792,-2.035751092009828,-2.8429325415732736,-3.06958795475842
2025_13_HOU_IND,2025,13,2025-11-30T13:00-05:00,IND,HOU,False,-4.0,2.5975775064705284,0.9214846781900994,4.205248701768643,1.8842105263157896,1.8735205984728158,2.0418822164165857,2.144874143546959,2.5644605423368736,2.581985945259027,2.089878522836473,1.9549660544085998
2025_13_JAX_TEN,2025,13,2025-11-30T13:00-05:00,TEN,JAX,False,-22.0,-6.642597383336303,-5.6701400259859565,-5.095806317876578,1.8842105263157896,-5.887865384658927,-5.953678856638055,-6.163453977783856,-6.153968061491113,-6.829706649086022,-6.149751394887776,-6.262350717668403
2025_13_LA_CAR,2025,13,2025-11-30T13:00-05:00,CAR,LAR,False,3.0,-12.184934247887137,-12.993439834152028,-9.133090979318487,1.8842105263157896,-12.61845511450294,-12.08971035255809,-11.025573064594543,-10.547338298315179,-11.145934475218661,-10.755010305714144,-11.189082565180758
2025_13_NO_MIA,2025,13,2025-11-30T13:00-05:00,MIA,NO,False,4.0,8.703524188396992,9.302050738293087,6.951548336289366,1.8842105263157896,9.078970851897584,8.570090050862042,8.1480395914943,7.659553423419624,8.283842399618948,8.150423960255221,7.973945913545684
2025_13_SF_CLE,2025,13,2025-11-30T13:00-05:00,CLE,SF,False,-18.0,-5.354931371987607,-6.376734043347025,-2.2057307350528896,1.8842105263157896,-5.355509617496434,-6.681988755906549,-6.532780576966545,-6.503534211508859,-6.177305354043765,-6.568799953824575,-6.612063845260027
2025_13_MIN_SEA,2025,13,2025-11-30T16:05-05:00,SEA,MIN,False,26.0,10.141992703364716,10.665759959700441,9.523292951345056,1.8842105263157896,12.157052652821841,10.918651651829082,11.699288043438209,10.902063876487079,9.46535290545687,11.652995725585761,11.572272420541598
2025_13_BUF_PIT,2025,13,2025-11-30T16:25-05:00,PIT,BUF,False,-19.0,1.9616240456036962,2.833438913643708,-0.5437296882748268,1.8842105263157896,0.5013515743588829,-0.28532256757695307,-0.920649365722795,-2.850339779723306,-1.381796033251542,-1.1689156481715552,-1.0360454915298836
2025_13_LV_LAC,2025,13,2025-11-30T16:25-05:00,LAC,LV,False,17.0,11.87487223489979,12.628253413588753,10.677696711969432,1.8842105263157896,12.15183631615852,11.915161009096238,11.586468819688966,11.432044237188805,11.18301864461799,11.595365581491691,11.45104608969324
2025_13_DEN_WAS,2025,13,2025-11-30T20:20-05:00,WAS,DEN,False,-1.0,-5.572867367749055,-4.705367612797931,-4.458865859692608,1.8842105263157896,-5.839211524133414,-5.571278442976411,-5.786682468890927,-5.761979211387185,-5.329331872250608,-5.784526707893921,-5.959807903045776
2025_13_NYG_NE,2025,13,2025-12-01T20:15-05:00,NE,NYG,False,18.0,6.240958826869834,5.964483655496847,8.606472070988332,1.8842105263157896,7.0970181771227825,7.996401663500466,8.809180357395396,8.203032672409881,8.573943529267526,8.691406505684714,8.673083013878024
2025_14_DAL_DET,2025,14,2025-12-04T20:15-05:00,DET,DAL,False,14.0,3.9962934046069436,3.2328910054371756,7.231772863095937,1.8842105263157896,4.774940385544279,6.174715413800964,5.422458558860553,6.097373005741941,4.8190100377905845,5.327085383055833,5.308425388048529
2025_14_CIN_BUF,2025,14,2025-12-07T13:00-05:00,BUF,CIN,False,5.0,5.615335722993704,4.627731865313463,10.620270742377304,1.8842105263157896,5.082543918881984,5.777320061626413,6.264272575967669,7.395158400307947,7.743847804975288,6.469730110646577,6.083585601212471
2025_14_IND_JAX,2025,14,2025-12-07T13:00-05:00,JAX,IND,False,17.0,-2.354826996872126,-2.7043986767015964,0.4653230220935165,1.8842105263157896,-3.215863631933791,-1.8410727929625763,-1.6820271029525775,-1.8203415616395202,-1.6561447240330442,-1.6851914143771511,-1.8191200673017058
2025_14_MIA_NYJ,2025,14,2025-12-07T13:00-05:00,NYJ,MIA,False,-24.0,-3.689281256486667,-2.8164574498319146,0.8288695565734696,1.8842105263157896,-4.524397247890349,-3.721159384856196,-3.046931955225399,-2.998268286274136,-1.911838539814372,-2.881914602025292,-3.1465785257542276
2025_14_NO_TB,2025,14,2025-12-07T13:00-05:00,TB,NO,False,-4.0,9.4199804229875,11.862996384690913,8.889271944627357,1.8842105263157896,11.733912612766064,10.88300087952512,10.463093466102265,10.342376741185559,9.852722730826422,10.658656261097713,10.347467477265809
2025_14_PIT_BAL,2025,14,2025-12-07T13:00-05:00,BAL,PIT,False,-5.0,4.466948525237526,3.920939478135097,5.569857226525393,1.8842105263157896,6.076723651677392,5.8813744591135375,5.845762376362213,6.2310398580403685,5.579295972684787,5.886236119055012,5.69701599114471
2025_14_SEA_ATL,2025,14,2025-12-07T13:00-05:00,ATL,SEA,False,-28.0,-3.802251454853936,-3.4868182995433195,-5.875305211724768,1.8842105263157896,-5.426268647445504,-4.872049780677575,-5.226711111982171,-4.210779098918503,-4.7185164836435165,-5.241110523500357,-5.341703025303796
2025_14_TEN_CLE,2025,14,2025-12-07T13:00-05:00,CLE,TEN,False,-2.0,2.6421885129483123,4.048282038380012,6.804897865360749,1.8842105263157896,4.4369618460835785,5.0105216778262545,4.710356687849969,4.525809471661867,6.791611767555941,4.652191022141288,4.552570769184884
2025_14_WAS_MIN,2025,14,2025-12-07T13:00-05:00,MIN,WAS,False,31.0,-1.460448394034867,-4.014940569245171,2.6072636614124503,1.8842105263157896,-3.104572702500085,-2.3862909690999388,-3.006903998104873,-2.791111565369229,-3.3693720174176525,-3.0997738687517717,-3.1514608741139236
2025_14_DEN_LV,2025,14,2025-12-07T16:05-05:00,LV,DEN,False,-7.0,-11.863609592792443,-11.781615700220726,-9.007021128804368,1.8842105263157896,-11.464363158105577,-10.797903875267654,-10.648615835387993,-10.69725802093556,-10.954060460327087,-10.677717338158919,-10.803623595379833
2025_14_CHI_GB,2025,14,2025-12-07T16:25-05:00,GB,CHI,False,7.0,7.594635228791951,5.602714181020656,6.380044918070504,1.8842105263157896,6.218869845822,5.448949888498197,5.009566132452875,5.852315145795018,7.172928808974629,5.082448862479907,4.866420063264287
2025_14_LA_ARI,2025,14,2025-12-07T16:25-05:00,ARI,LAR,False,-28.0,-9.751846543043067,-9.624437664062912,-6.228676171579494,1.8842105263157896,-9.676325835421446,-8.73477360863031,-7.987890412712082,-7.320045164712514,-7.32788943640554,-7.709244280199931,-8.139359876858311
2025_14_HOU_KC,2025,14,2025-12-07T20:20-05:00,KC,HOU,False,-10.0,4.883956374378508,4.1258605328711155,5.210070560860231,1.8842105263157896,3.5986097892286173,4.489127634149899,3.9060321829871887,4.501536351287507,5.089300578025004,3.9835297526973545,3.7146932402500585
2025_14_PHI_LAC,2025,14,2025-12-08T20:15-05:00,LAC,PHI,False,3.0,-0.6717223799240918,-1.444801587292904,0.9854825653527008,1.8842105263157896,-1.846883917429675,-2.8874397320963516,-2.623613969812552,-3.2946777342877174,-2.3837299551881888,-2.6933527200906537,-2.7561941263644725
2025_15_ATL_TB,2025,15,2025-12-11T20:15-05:00,TB,ATL,False,-1.0,2.978078617597779,4.105064404729944,4.693282977567598,1.8842105263157896,5.314579413240766,6.37535449378731,6.07447356017666,5.822782893852797,5.0809079030062385,6.225927319017556,5.958225875206224
2025_15_ARI_HOU,2025,15,2025-12-14T13:00-05:00,HOU,ARI,False,20.0,10.126936040511282,10.987258965826435,10.112573890749246,1.8842105263157896,10.897388832386264,9.504238946740138,9.8690372475703,8.971943740521885,9.314215769053048,9.877372581973349,9.774545419808259
2025_15_BAL_CIN,2025,15,2025-12-14T13:00-05:00,CIN,BAL,False,-24.0,-0.9134716996194969,-0.7751384577605568,-1.6636981362013925,1.8842105263157896,-0.9380286905003792,-0.3022119581451631,-0.3645811309966236,-0.7187602286514849,-0.8263037591177729,-0.3581848592258361,-0.4936241503491995
2025_15_BUF_NE,2025,15,2025-12-14T13:00-05:00,NE,BUF,False,-4.0,0.13690085028580545,-0.8769357109605741,0.9675162745557939,1.8842105263157896,-0.6547561825510186,-0.27361320618085583,0.5119327424375777,-0.8402209548613557,-0.002450490575056863,0.2757693741103602,0.42221303389948417
2025_15_CLE_CHI,2025,15,2025-12-14T13:00-05:00,CHI,CLE,False,28.0,12.49447034717229,11.719053687887149,8.77016720952577,1.8842105263157896,11.321446755573918,9.588130600947851,10.55760129425732,10.218496798989143,8.691843573390027,10.50000113207256,10.397229173598504
2025_15_LAC_KC,2025,15,2025-12-14T13:00-05:00,KC,LAC,False,-3.0,5.966775691841243,6.217151752428897,5.238711100797651,1.8842105263157896,5.181246418514845,5.681703763893315,4.903429353687624,5.3918695070910685,5.647493090475477,5.042771382287015,4.772948229471228
2025_15_LV_PHI,2025,15,2025-12-14T13:00-05:00,PHI,LV,False,31.0,13.417436036051955,14.172505991351805,12.838944247562441,1.8842105263157896,13.997181703774409,13.921446116545834,13.615926413545399,13.501807511343436,11.898431802845455,13.657259954651659,13.48541712071506
2025_15_NYJ_JAX,2025,15,2025-12-14T13:00-05:00,JAX,NYJ,False,28.0,12.166704773856994,12.977626928436479,10.224277359110996,1.8842105263157896,13.18362486872766,12.115108671685087,12.47837538921193,11.791479645744834,10.828892534807068,12.62279865776414,12.360212455210789
2025_15_WAS_NYG,2025,15,2025-12-14T13:00-05:00,NYG,WAS,False,-8.0,3.061618509361009,1.8171972906787404,2.4928151562219742,1.8842105263157896,2.37907710003273,2.349875452892125,2.0756477849420367,2.0152196559250575,1.6750191401131005,2.1405720322020025,1.935255729991613
2025_15_CAR_NO,2025,15,2025-12-14T16:25-05:00,NO,CAR,False,3.0,-2.169398875064309,-2.1090166782101187,0.6408873457824238,1.8842105263157896,-2.0254552159958688,-1.5729477768098028,-1.2990638021958416,-0.9504094400202261,-0.8261400388345804,-1.4746357052310608,-1.432501931667796
2025_15_DET_LA,2025,15,2025-12-14T16:25-05:00,LAR,DET,False,7.0,6.052058696861597,6.0038162794798415,4.548495264512547,1.8842105263157896,5.005864183091492,4.421671585105072,4.0504467994546935,3.2754782875329767,3.7881601210515576,3.9266264192050433,3.902626103612973
2025_15_GB_DEN,2025,15,2025-12-14T16:25-05:00,DEN,GB,False,8.0,-1.5000673285529347,-1.0981093246873879,1.2138827356233777,1.8842105263157896,-1.2193168684532052,-0.7906503085385106,-0.5753315233968381,-0.6139076489482731,-0.9136971521634034,-0.5737326410244384,-0.6989797791994514
2025_15_IND_SEA,2025,15,2025-12-14T16:25-05:00,SEA,IND,False,2.0,4.6845506658618365,4.288049441521962,8.988160350186538,1.8842105263157896,8.430123505450219,7.623911703484995,8.046102957595,6.959982529302551,6.274081082836623,7.972865848756991,8.398047529949228
2025_15_TEN_SF,2025,15,2025-12-14T16:25-05:00,SF,TEN,False,13.0,16.05467556410838,15.194317289849366,13.219401650253648,1.8842105263157896,14.387588186229255,15.04255464514945,14.689244838367134,14.413833288710943,17.339832367062968,14.714103361876548,14.484704843814736
2025_15_MIN_DAL,2025,15,2025-12-14T20:20-05:00,DAL,MIN,False,-8.0,4.234001245394625,6.685147906739147,3.7336334100470694,1.8842105263157896,6.316014935250571,6.152838561813147,7.013183551989387,7.31270530583727,7.222103974854663,7.09950804985569,6.857610218385158
2025_15_MIA_PIT,2025,15,2025-12-15T20:15-05:00,PIT,MIA,False,13.0,0.9966559452610295,2.6252555491186467,3.4366095316761305,1.8842105263157896,0.5233787301298793,1.9825646916176969,1.3143153295691998,1.4123763849225062,1.192413103998341,1.4585724219917526,1.1916932984969533
2025_16_LA_SEA,2025,16,2025-12-18T20:15-05:00,SEA,LAR,False,1.0,-2.1990488238477504,-2.5842769181606475,2.257688519026585,1.8842105263157896,-1.2283222094658326,-0.9460019108194704,-0.0672477406342975,-0.712371933348011,0.5978180140003613,0.10028294723775266,-0.207243124679973
2025_16_PHI_WAS,2025,16,2025-12-20T17:00-05:00,WAS,PHI,False,-11.0,-7.3868157144078985,-6.747680968712629,-4.997603728873287,1.8842105263157896,-7.645738563761881,-6.927043962014817,-6.785617783193677,-6.5683600259430674,-5.779570754295835,-6.8246874063251965,-6.952730462967681
2025_16_GB_CHI,2025,16,2025-12-20T20:20-05:00,CHI,GB,False,6.0,-1.5903630003956133,-0.042433703156369296,0.47815807375388575,1.8842105263157896,-0.5994930567662495,-0.28528992524776875,0.20272725352733773,-0.7405567028626123,-1.7728295700782988,0.09874235698569034,0.08124398586343551
2025_16_BUF_CLE,2025,16,2025-12-21T13:00-05:00,CLE,BUF,False,-3.0,-15.047315241090898,-12.099503901084372,-9.5231800513142,1.8842105263157896,-12.399332846344693,-11.991149164827359,-12.269345145080745,-12.954859032545517,-12.410270726840226,-12.445725089795552,-12.358057394167364
2025_16_CIN_MIA,2025,16,2025-12-21T13:00-05:00,MIA,CIN,False,-24.0,4.99652594034162,0.6216429241281918,5.025455676854388,1.8842105263157896,-0.04977415427041931,-0.3941940080207811,-0.14200196461119718,-0.3829915028220767,3.186837684482861,-0.18475310172569426,-0.2903948637882161
2025_16_KC_TEN,2025,16,2025-12-21T13:00-05:00,TEN,KC,False,17.0,-9.108487785240712,-6.147040782160915,-9.466240424163038,1.8842105263157896,-5.179906516082484,-6.1952236959050575,-5.877210591880532,-6.879921907349799,-8.34291792213445,-5.775745222312354,-5.9649831954637325
2025_16_LAC_DAL,2025,16,2025-12-21T13:00-05:00,DAL,LAC,False,-17.0,0.13552366555200757,-0.3909598178802024,-0.36717463156074803,1.8842105263157896,-0.7615284167328087,-0.7427252097211102,-0.4483601556601131,-0.15858350138651578,0.4775471026694593,-0.46943587584246194,-0.5985559512005094
2025_16_MIN_NYG,2025,16,2025-12-21T13:00-05:00,NYG,MIN,False,-3.0,0.6604930944173917,2.4483872722025404,-2.281432147660655,1.8842105263157896,2.2715641108395768,1.668467068553125,1.5844350209433484,1.454984950901923,1.0691918731302668,1.7189885326458074,1.4574583172801243
2025_16_NYJ_NO,2025,16,2025-12-21T13:00-05:00,NO,NYJ,False,23.0,4.417857786159645,2.7985277727891,4.139122400560614,1.8842105263157896,4.193299734717716,6.984642254903058,7.093935658818564,7.139051178723606,6.111441647748869,7.019217519498355,6.958641044089031
2025_16_TB_CAR,2025,16,2025-12-21T13:00-05:00,CAR,TB,False,3.0,-0.7491363504084977,-3.120132664422898,0.15329427553557284,1.8842105263157896,-2.8883722664593554,-2.0083540561706683,-1.8504482993103069,-2.4990500051054836,-1.707511439031563,-1.8573155933137804,-2.0092732177509025
2025_16_ATL_ARI,2025,16,2025-12-21T16:05-05:00,ARI,ATL,False,-7.0,-1.0370098345670316,-0.9402542114148269,0.5124124581817657,1.8842105263157896,-0.4861500102675884,-0.20445064635902288,-0.46822238914559755,-0.2978128034141436,-0.7797040610098851,-0.35896035144012384,-0.6254350722802635
2025_16_JAX_DEN,2025,16,2025-12-21T16:05-05:00,DEN,JAX,False,-14.0,2.618340061539044,2.974760277278806,2.905862104191263,1.8842105263157896,3.2965760509940463,2.767701046134728,2.400917196991545,3.2919035306262407,2.938602046748985,2.3328441030204234,2.263580550195787
2025_16_LV_HOU,2025,16,2025-12-21T16:25-05:00,HOU,LV,False,2.0,15.226178672351734,16.01767965949624,16.04039169180531,1.8842105263157896,15.213147155594381,16.100285383185888,16.093940303112262,15.444276209575728,15.68450031322473,16.177640138569576,15.971729433081691
2025_16_PIT_DET,2025,16,2025-12-21T16:25-05:00,DET,PIT,False,-5.0,5.724946550911151,3.9822154746469995,7.243897360164855,1.8842105263157896,6.755339259119321,5.627439452708526,6.167537503385379,6.812566228520909,5.8889986265939225,6.11290552594558,6.045239880840104
2025_16_NE_BAL,2025,16,2025-12-21T20:20-05:00,BAL,NE,False,-4.0,2.110509983812405,3.655385574289908,2.791515451216574,1.8842105263157896,2.9934020973229174,2.9857051118137283,1.8930603373753228,2.5764166123043672,1.8498122808463058,1.9501398003459642,1.7264500530288935
2025_16_SF_IND,2025,16,2025-12-22T20:15-05:00,IND,SF,False,-21.0,0.5873820010933439,0.5183326187263566,2.5868097346358976,1.8842105263157896,-1.4249782831645783,-1.3976327142328118,-1.3692066119410962,-0.9372807011046831,-0.9908935573347835,-1.433938850451744,-1.4905910629270358
2025_17_DAL_WAS,2025,17,2025-12-25T13:00-05:00,WAS,DAL,False,-7.0,-2.13723371656301,-3.0574228330206545,0.6233687533090997,1.8842105263157896,-4.273873446939137,-3.6039690688206014,-3.781748634095869,-3.997498417147132,-1.4975791902932885,-3.82965710731107,-3.912879053675934
2025_17_DET_MIN,2025,17,2025-12-25T16:30-05:00,MIN,DET,False,13.0,-5.646667280654944,-8.502134864286655,-2.444570091825712,1.8842105263157896,-9.291946639708137,-7.959211744730306,-8.136191769925468,-8.781803330628877,-6.219617208128988,-8.135838234434752,-8.322627279584486
2025_17_DEN_KC,2025,17,2025-12-25T20:15-05:00,KC,DEN,False,-7.0,2.63883453838378,-0.4668813490423784,1.8004250998524483,1.8842105263157896,-1.4900020023404228,-2.2077970923791606,-2.9108450086891255,-2.9383818317582557,-1.1125481071722918,-2.9853733174241643,-3.0504705628270417
2025_17_HOU_LAC,2025,17,2025-12-27T16:30-05:00,LAC,HOU,False,-4.0,1.0350823213604488,0.8593509399383765,2.3666865298179065,1.8842105263157896,1.137669110898658,1.5206420758273713,1.6970434840130373,1.4341085787845655,1.718393456929451,1.647242520241634,1.5024250511821808
2025_17_BAL_GB,2025,17,2025-12-27T20:00-05:00,GB,BAL,False,-17.0,1.7544640881223303,0.8835144622379407,3.7346252328126033,1.8842105263157896,-0.03627144056821496,0.8110178593711712,0.9444768736226307,1.210393343953643,2.305293829479332,0.9309463585612068,0.8559422448614058
2025_17_ARI_CIN,2025,17,2025-12-28T13:00-05:00,CIN,ARI,False,23.0,5.640167453149981,6.708640855895519,5.160834805518872,1.8842105263157896,6.858052640432349,6.604691701452724,6.475698154295127,6.107556271686477,5.878422980148089,6.463613204308258,6.334904643643559
2025_17_JAX_IND,2025,17,2025-12-28T13:00-05:00,IND,JAX,False,-6.0,0.22169481494197485,0.6836666174991963,-1.5225313983965183,1.8842105263157896,-1.6869062959133485,-2.091017274302155,-2.598024785419253,-1.9635267309476925,-1.33161323520198,-2.7221818509020155,-2.755133873003338
2025_17_NE_NYJ,2025,17,2025-12-28T13:00-05:00,NYJ,NE,False,-32.0,-9.109636161290952,-7.740458125522257,-9.057711843298543,1.8842105263157896,-9.439965606195129,-8.176899217117574,-8.63442911451357,-8.027718158588678,-8.9067797918281,-8.662893904308136,-7.574996826907574
2025_17_NO_TEN,2025,17,2025-12-28T13:00-05:00,TEN,NO,False,-8.0,-0.8048261859307135,0.2826181525212237,-0.6909453432078934,1.8842105263157896,-0.1493882841150539,-0.7198658140400912,-1.1373904534308839,-1.5952737132482313,-2.2116704267912786,-1.0903538928333871,-1.243052268557635
2025_17_PIT_CLE,2025,17,2025-12-28T13:00-05:00,CLE,PIT,False,7.0,-7.500209364457582,-10.334108295540998,-5.699013776644705,1.8842105263157896,-8.421335155572017,-9.316224453398444,-9.249465221757248,-8.959283744781555,-8.797314509520884,-9.166776006490888,-9.361040231052655
2025_17_SEA_CAR,2025,17,2025-12-28T13:00-05:00,CAR,SEA,False,-17.0,-4.678302950112032,-5.169171067183176,-8.623782587413352,1.8842105263157896,-6.042027547013914,-6.764652319658852,-7.251287657399202,-6.934038147278576,-7.8220552679980635,-7.1076284506721,-7.364506002046919
2025_17_TB_MIA,2025,17,2025-12-28T13:00-05:00,MIA,TB,False,3.0,1.6971579193982875,-1.9490998690462842,1.0094844045937665,1.8842105263157896,-2.490807776645711,-2.2523118646501485,-2.5505118241812923,-2.8900399784298,-0.25229179856168527,-2.702290427387588,-2.7393779509504257
2025_17_NYG_LV,2025,17,2025-12-28T16:05-05:00,LV,NYG,False,-24.0,-0.573161066806426,-0.39889260673899585,-0.37746979853261653,1.8842105263157896,0.019075707121330276,-1.713529188731854,-1.5355845268535453,-1.388924075278017,-1.2034852537350038,-1.6297517302526798,-1.6803018685465183
2025_17_PHI_BUF,2025,17,2025-12-28T16:25-05:00,BUF,PHI,False,-1.0,1.1327960590950301,1.3060868876681868,2.6893807728249453,1.8842105263157896,1.7619490366733408,2.0970218485045224,1.8716093816755484,2.7711363601494012,2.893876965482383,2.003529347116127,1.6965792289773385
2025_17_CHI_SF,2025,17,2025-12-28T20:20-05:00,SF,CHI,False,4.0,5.879632976564321,4.137237075617329,3.5922405276481926,1.8842105263157896,3.510916731468652,3.2969607601450956,2.6187380410596193,2.661042451751135,5.38203222796308,2.7358037092640815,2.4294227707023905
2025_17_LA_ATL,2025,17,2025-12-29T20:15-05:00,ATL,LAR,False,3.0,-8.227099842082959,-7.76834326928614,-7.697404147679984,1.8842105263157896,-8.590631298143496,-9.764700069530045,-9.332789946240839,-9.012058655783123,-8.7938595172567,-9.200979141430654,-9.467101541266931
2025_18_CAR_TB,2025,18,2026-01-03T16:30-05:00,TB,CAR,False,2.0,3.219278613821438,5.365169809549446,4.8986275020832935,1.8842105263157896,4.8880225254250975,5.290110906192958,5.081543371523239,5.666787899952321,5.150025175970188,5.12127718641343,4.9447752445296
2025_18_SEA_SF,2025,18,2026-01-03T20:00-05:00,SF,SEA,False,-10.0,2.8068106039961096,2.8801121342368883,-2.0300537388850746,1.8842105263157896,0.8703669500028863,0.7793901780795129,0.11089720801350822,0.4732396551811058,1.4499710915511663,0.32191746029307833,-0.04054833294716276
2025_18_CLE_CIN,2025,18,2026-01-04T13:00-05:00,CIN,CLE,False,-2.0,10.0996242950447,13.173220811095725,6.769659052190974,1.8842105263157896,12.806633153944723,12.322628074863465,12.149596608580662,11.871421393757451,10.900657887686785,12.136200577361395,11.999530849415285
2025_18_DAL_NYG,2025,18,2026-01-04T13:00-05:00,NYG,DAL,False,17.0,-0.8181825530238827,-1.3784483679808441,0.36679611100864706,1.8842105263157896,-1.215515731181597,-0.9084585467448434,-1.181782255447683,-2.047597380625957,-2.0345918656076756,-1.0717075681669548,-0.7717271718296774
2025_18_GB_MIN,2025,18,2026-01-04T13:00-05:00,MIN,GB,False,13.0,-2.5464472344459868,0.8903505561700908,1.0469917918200524,1.8842105263157896,1.621204343219714,2.2399642233576653,2.126798581632763,0.6981175261800631,0.002727072300886979,2.1285312773122675,1.9659858848091143
2025_18_IND_HOU,2025,18,2026-01-04T13:00-05:00,HOU,IND,False,8.0,2.3714250573541227,6.812931692944703,5.8841218588051785,1.8842105263157896,7.051243150942483,7.9064604215517775,7.886152834222818,7.342844172051419,5.492030586485045,7.9505471041347535,7.817196940251692
2025_18_NO_ATL,2025,18,2026-01-04T13:00-05:00,ATL,NO,False,2.0,4.516531939740744,4.6189991762239915,4.415652275839177,1.8842105263157896,3.6968357301871064,3.2580570618036777,2.9120905076139585,2.9224011371725873,3.4590045036297066,2.9145223839967285,2.7683533428208937
2025_18_TEN_JAX,2025,18,2026-01-04T13:00-05:00,JAX,TEN,False,34.0,15.190774653020425,13.852140434576743,15.179821780127686,1.8842105263157896,13.972700332601846,13.39400273895446,13.757481578477204,13.489250166982313,15.007284090688298,13.868998864633276,13.57657270882185
2025_18_ARI_LA,2025,18,2026-01-04T16:25-05:00,LAR,ARI,False,17.0,12.731405673444105,12.186622765216601,16.34748563673557,1.8842105263157896,12.591639427107399,13.953917222477774,13.862695422577257,13.630716917958448,13.574535431398024,13.633167472819597,13.718258340796751
2025_18_DET_CHI,2025,18,2026-01-04T16:25-05:00,CHI,DET,False,-3.0,4.339354422444951,5.354993210026437,1.6009760323925089,1.8842105263157896,3.955500920646414,2.7658952566313273,3.4473660306227467,2.1060300923739206,2.839477417761602,3.5354410401060594,3.315775712383016
2025_18_KC_LV,2025,18,2026-01-04T16:25-05:00,LV,KC,False,2.0,-11.304329737203012,-8.21086491783659,-8.396430118408547,1.8842105263157896,-7.848190899942581,-7.605747701797805,-6.978756330744844,-7.206206733081451,-7.773555034592352,-6.950151466515615,-7.139876019244179
2025_18_LAC_DEN,2025,18,2026-01-04T16:25-05:00,DEN,LAC,False,16.0,4.613420231070865,5.532533176729684,3.092550805417887,1.8842105263157896,6.955717579306427,6.009078961600267,6.009493273698295,6.67713836386684,4.4947880007760315,6.060306285805331,5.888720240619541
2025_18_MIA_NE,2025,18,2026-01-04T16:25-05:00,NE,MIA,False,28.0,7.7270164202358895,8.979491499044682,10.206801997316207,1.8842105263157896,9.88989701196764,9.655974180974837,10.667935979375219,10.07058216107217,9.308477882224524,10.727017733929,10.551887255384848
2025_18_NYJ_BUF,2025,18,2026-01-04T16:25-05:00,BUF,NYJ,False,27.0,17.00037241980926,18.157178623092072,16.56001728927444,1.8842105263157896,17.34248144931687,16.235374874631177,15.768476165213034,16.40301751531863,16.9178699987354,15.763644387822733,15.62916604944662
2025_18_WAS_PHI,2025,18,2026-01-04T16:25-05:00,PHI,WAS,False,-7.0,10.222862614539839,9.494811183748569,11.746419384002346,1.8842105263157896,9.50474399414227,10.3416637890015,10.467131365530232,10.175142950810574,10.442474419273086,10.425242211862876,10.34395758887389
2025_18_BAL_PIT,2025,18,2026-01-04T20:20-05:00,PIT,BAL,False,2.0,0.2398162089174265,0.6901751220954195,-0.7918944298170394,1.8842105263157896,-0.9358487796861199,-1.1849651373975147,-1.5882917341572487,-1.69098197038267,-1.3423893758926342,-1.6263315082374177,-1.69543808777295
