game_id,season,week,kickoff,actual_margin,pgo_v0,raw,constant,starter,starter_recency,starter_recency_roster,without_results_history,without_team_passing,without_other_team_performance,without_qb,without_roster_continuity,without_coaching,without_skill_quality,without_availability
2018_01_ATL_PHI,2018,1,2018-09-06T20:20-04:00,6.0,3.6138365405258286,0.3941885323334433,2.44140625,0.9605301082152615,-0.4177990697489866,-1.0413332553386336,-2.0882745792380373,-1.2825967742585704,-1.9728199077443271,1.251200952497111,-0.249132650589311,-0.6949421755234293,-0.4177990697489866,-1.1783688618181367
2018_01_BUF_BAL,2018,1,2018-09-09T13:00-04:00,44.0,4.759554503649869,9.132508007080526,2.44140625,12.06719201421817,11.257632689476404,11.622017765762887,12.768748522729474,11.723248659786213,10.897358349267556,8.980037994218282,8.602800041699032,10.323747033344274,11.257632689476404,11.82156234339754
2018_01_CIN_IND,2018,1,2018-09-09T13:00-04:00,-11.0,0.7504929105212321,4.583078482202527,2.44140625,5.644583764926505,5.541117806077903,5.946278330211818,5.952808521657389,5.834416000309114,5.376144807177208,5.9953681924874545,5.533998619650716,2.678701917079831,5.541117806077903,6.336682427782327
2018_01_HOU_NE,2018,1,2018-09-09T13:00-04:00,7.0,10.494308457785952,12.67980084976278,2.44140625,12.80703339667076,12.60727821199,12.505957130594444,12.58271610452941,12.361877691083425,11.825655094337883,11.085163084564536,12.97272056620905,12.883108213170196,12.60727821199,12.493973584963696
2018_01_JAX_NYG,2018,1,2018-09-09T13:00-04:00,-5.0,-1.556576324822914,-2.0641120353716165,2.44140625,-0.8642830984001924,-1.1490007372446103,-2.2820751961125554,-1.6301446999607325,-1.8124109046623351,-2.7192171999288437,-3.2076432894318376,2.8500054144413722,-5.674523741951126,-1.1490007372446103,-2.4036267996672223
2018_01_PIT_CLE,2018,1,2018-09-09T13:00-04:00,0.0,-3.9821622988077117,-10.157925376976518,2.44140625,-7.16413203601506,-7.177003810331699,-7.0408873033167785,-5.501317836233964,-6.950431143572427,-6.1445776016632845,-10.14087709808658,-6.62078424608452,-4.616449080158878,-7.177003810331699,-6.780451194762859
2018_01_SF_MIN,2018,1,2018-09-09T13:00-04:00,8.0,6.957203064300311,4.398841695965894,2.44140625,4.338945501904772,4.70660083745623,4.77166473544671,4.6860924210370625,4.850410183422895,4.27108499452536,5.416676250509357,6.304618131128013,4.460600619507432,4.70660083745623,4.827608357117071
2018_01_TB_NO,2018,1,2018-09-09T13:00-04:00,-8.0,5.464856260596324,6.569818852841657,2.44140625,6.951941764952376,7.580342661804032,9.00038690077488,10.863480803841796,9.64291482023495,8.951766844147365,7.018462246531993,8.283658567766457,8.661247002318332,7.580342661804032,9.171210560964093
2018_01_TEN_MIA,2018,1,2018-09-09T13:00-04:00,7.0,1.0125644284673228,-3.2949837362014844,2.44140625,-2.2827604515560953,-2.741510495661932,-4.653984380887886,-4.387315878288534,-4.523124725524655,-3.7684680002545226,-4.830097982974069,-6.681783563244885,0.023973274644174758,-2.741510495661932,-4.903952798293758
2018_01_KC_LAC,2018,1,2018-09-09T16:05-04:00,-10.0,2.6015632300830207,5.715027082669739,2.44140625,7.580102190401899,8.060080117309738,8.282031964683638,9.472757585329123,8.334957245306748,8.44332213547991,4.492808258496936,5.059612846752937,8.6208012761293,8.060080117309738,8.922166910717637
2018_01_DAL_CAR,2018,1,2018-09-09T16:25-04:00,8.0,2.1068101735462887,-0.056262904571018346,2.44140625,0.4128201962992817,0.27603150713749836,-0.5133902398642718,-0.6182216381033498,-0.37913580073509046,0.16682461906865953,-1.001661982216796,2.0408414243159934,0.18089159471857297,0.27603150713749836,-1.3361330939600937
2018_01_SEA_DEN,2018,1,2018-09-09T16:25-04:00,3.0,-0.8684239420805433,0.12771757828052444,2.44140625,-0.10447040865340673,1.2676776630425004,1.8023568760889277,1.9706339240381898,1.7287502432072035,2.541513301667537,0.39714772951553123,-0.82656481724777,1.4209487503117129,1.2676776630425004,1.4162845246136642
2018_01_WAS_ARI,2018,1,2018-09-09T16:25-04:00,-18.0,2.8373365947939733,3.3468384048098883,2.44140625,1.7503843521948956,1.9623758648417005,0.9561896461453707,0.3230576805639833,0.9696870890361593,0.621030320878905,2.238334760290711,4.6362569267752525,-2.596191049160365,1.9623758648417005,1.1469961318354125
2018_01_CHI_GB,2018,1,2018-09-09T20:20-04:00,1.0,2.458884712154749,-4.38868879095277,2.44140625,-0.6525853831675184,-0.8341172179927887,-0.1903530184840978,0.19238387255574274,0.22836288362525847,0.01577906063811141,-3.8166188837032355,-0.08494538752307612,4.6606393912126896,-0.8341172179927887,-0.45127975456650327
2018_01_NYJ_DET,2018,1,2018-09-10T19:10-04:00,-31.0,4.999520857873593,11.551920840146597,2.44140625,16.257754391522788,16.29508280088516,15.83570568488037,16.83184449988184,15.389952333148191,14.625098923764533,12.483267220072788,15.615788459118987,12.813206460474285,16.29508280088516,15.077197676303019
2018_01_LA_OAK,2018,1,2018-09-10T22:20-04:00,-20.0,-0.6971898397819629,1.860312833603266,2.44140625,1.1105925144573143,0.6047463539370456,-0.3584762283247467,0.025806689481056466,-0.541872065002301,0.49329058265162473,-0.151757293542099,1.9053494010220597,-3.82490596126702,0.6047463539370456,-0.34754940826180647
2018_02_BAL_CIN,2018,2,2018-09-13T20:20-04:00,11.0,-0.5823651184926941,-0.5104222083784373,2.44140625,0.22375002402409994,0.16132196320756065,-0.36217269950271,-0.5453834045810217,-0.25963418621142953,0.4218397842877446,-1.0612544778060582,-0.38322945710852374,-0.323917674065903,0.16132196320756065,-0.8816018486382228
2018_02_CAR_ATL,2018,2,2018-09-16T13:00-04:00,7.0,2.832811051802996,3.790281271130984,2.44140625,2.7055084581914683,3.025618713524275,3.382980218165544,4.598146061422029,3.3608877581877126,3.500447522420451,3.899056118830251,3.8867577136774165,3.627783028885511,3.025618713524275,3.7669889883590955
2018_02_CLE_NO,2018,2,2018-09-16T13:00-04:00,3.0,7.704711653141321,11.359734485132995,2.44140625,9.518284304630983,9.818603534620395,10.398608413979353,10.684635913832402,10.117351188482068,11.030752757087807,12.733066068440934,9.655831863950937,10.16093087266895,9.818603534620395,9.895116234035157
2018_02_HOU_TEN,2018,2,2018-09-16T13:00-04:00,3.0,4.746215220897497,3.278059596590417,2.44140625,1.2605420807256063,0.8262407108115188,2.183412412641659,1.3292341682088553,1.90374326821563,2.10015796422667,3.5400630353495246,2.331835367580223,3.3114648036125383,0.8262407108115188,3.4264949573103554
2018_02_IND_WAS,2018,2,2018-09-16T13:00-04:00,-12.0,6.603859981419827,6.220132141569421,2.44140625,6.4898387370989905,6.899692136915802,6.7925142138585715,7.872019857602102,6.887556918466531,7.839693901147619,5.887017724352713,7.8411986331609995,5.377694733444695,6.899692136915802,5.979357480161422
2018_02_KC_PIT,2018,2,2018-09-16T13:00-04:00,-5.0,1.829433249061966,-0.35837472046244057,2.44140625,-0.8211352354133172,-0.7228959325615008,-0.8077560769870824,-0.28796654086217877,-0.9670882817057496,-1.0896916258135982,-1.1295446844193509,-1.1660638081158186,-0.8689287223282283,-0.7228959325615008,0.45883470918738345
2018_02_LAC_BUF,2018,2,2018-09-16T13:00-04:00,-11.0,-0.675240273489838,-3.739743418356918,2.44140625,-4.9845470407424255,-4.9255820954996405,-5.223258712963863,-7.5653556299309095,-4.785087624240239,-5.594547408483878,-3.5983033413026027,-4.342890556373916,-5.190833903335202,-4.9255820954996405,-5.991813979382005
2018_02_MIA_NYJ,2018,2,2018-09-16T13:00-04:00,-8.0,3.566805170231498,3.108389900294606,2.44140625,0.647301148856243,1.463255041056254,0.781887452919924,0.3449655108375085,0.9256631948980021,0.8628118219802992,2.009938006664065,0.8053464746486558,0.6345549635207051,1.463255041056254,0.9798787846329793
2018_02_MIN_GB,2018,2,2018-09-16T13:00-04:00,0.0,-2.6901401587991884,-6.098454591040062,2.44140625,-6.115356380206555,-6.520167489602217,-5.626260767727402,-5.739935296539353,-5.348139347432481,-4.319948821681775,-5.1901523247127805,-4.6651189909530295,-5.984389773666335,-6.520167489602217,-5.574744617095526
2018_02_PHI_TB,2018,2,2018-09-16T13:00-04:00,6.0,-0.3477493708812833,0.8290695384236852,2.44140625,-0.5353256381909949,0.6361483019923173,-0.3641166744469948,-0.13369211287773797,-0.6436441387531744,0.8981220411210107,-0.7451832981509054,-0.07786573626432514,-0.3380456654050641,0.6361483019923173,-0.30677338942223153
2018_02_ARI_LA,2018,2,2018-09-16T16:05-04:00,34.0,7.753137219129222,9.631243513542213,2.44140625,8.02088613719608,8.741916394589225,8.977343370407187,8.358594873201426,8.556012699299313,8.59316841610366,10.993632305856655,8.93395935239647,8.1611322460213,8.741916394589225,8.64350652599399
2018_02_DET_SF,2018,2,2018-09-16T16:05-04:00,3.0,2.4379842561545253,4.485550708639942,2.44140625,1.6124891972466224,1.900169344319198,1.9003148721399608,2.4294031274343757,1.6408252036036388,1.4203408377062245,3.11708784473547,2.0328117792901264,1.019110242454049,1.900169344319198,1.850710233404643
2018_02_NE_JAX,2018,2,2018-09-16T16:25-04:00,11.0,-0.11033103706623404,-2.63643531925094,2.44140625,-3.4916635221688397,-3.662927016668506,-3.4506276625359584,-3.4956932145321167,-3.6937989970672978,-3.923097596109087,-1.259853655371922,-2.455724775435777,-3.3814897615584374,-3.662927016668506,-3.0803352852550034
2018_02_OAK_DEN,2018,2,2018-09-16T16:25-04:00,1.0,3.654281887492895,5.148733959559859,2.44140625,5.027889000546196,6.0361178296588704,6.55928611425959,7.477235597805174,6.705250377275655,5.932225286539296,6.135557002556525,4.723871602997004,5.640650774314785,6.0361178296588704,6.114945292467554
2018_02_NYG_DAL,2018,2,2018-09-16T20:20-04:00,7.0,6.417227883038326,7.084769441284195,2.44140625,6.660305434571959,6.852748102439436,7.63469072842121,7.8428807706329815,7.411243445918258,6.643290638536065,8.014807357878881,6.276780988837464,6.739823975848353,6.852748102439436,8.114635179115343
2018_02_SEA_CHI,2018,2,2018-09-17T20:15-04:00,7.0,0.15187278874438492,1.538580911904864,2.44140625,0.7130365016468251,0.9920600216389202,1.0155730141464263,0.32356318781390936,0.9427973417596083,0.2740350271555052,1.36611877400226,0.5126117883957204,2.163213023434124,0.9920600216389202,-0.5373224334546758
2018_03_NYJ_CLE,2018,3,2018-09-20T20:20-04:00,4.0,0.38866032166598163,-0.23020933724577336,2.44140625,2.106063909026973,1.5015298633245382,1.9736519897508864,2.5285675937258065,2.023098084989598,1.8449634019100192,-0.9955581071229556,2.252007204194166,2.355077421382749,1.5015298633245382,2.2196748028367415
2018_03_BUF_MIN,2018,3,2018-09-23T13:00-04:00,-21.0,8.863934449343366,9.954203735039068,2.44140625,9.734567993146193,9.875362571635872,8.968189869066986,10.644424462160732,8.672597797173445,8.231420193412022,8.82203172601179,9.68709209304792,8.764568953053399,9.875362571635872,9.597273182628951
2018_03_CIN_CAR,2018,3,2018-09-23T13:00-04:00,10.0,2.852861974101559,1.2827431809161285,2.44140625,2.027685619198968,1.8736068082432653,1.8081675771308938,0.8987793566151652,1.981815019078761,2.6132615666040957,1.5234804763742988,1.5944361996078953,1.848297067711493,1.8736068082432653,1.5256786530960902
2018_03_DEN_BAL,2018,3,2018-09-23T13:00-04:00,13.0,6.668835583203411,8.802478227962023,2.44140625,8.073915243908042,7.216103345943519,7.008623379914251,6.643736026058154,6.730507522424745,5.240503779091046,8.408406321561122,6.900737487585925,6.475619523468977,7.216103345943519,7.650594158692964
2018_03_GB_WAS,2018,3,2018-09-23T13:00-04:00,14.0,3.0707205070377688,4.711239165321586,2.44140625,7.454771289871244,7.64642299513797,6.784654178777902,8.63282333966512,6.677478985743301,5.816941117122374,3.482278162116749,6.661758122024699,7.015536733215302,7.64642299513797,7.05892454447309
2018_03_IND_PHI,2018,3,2018-09-23T13:00-04:00,4.0,7.479360964987606,8.401075705734815,2.44140625,7.725951645753787,8.502124185103568,8.327297844230937,7.9969118631105225,8.601746312673772,8.951730389623933,8.038908254095585,8.231026651900194,7.57518462518288,8.502124185103568,6.757214450563516
2018_03_NO_ATL,2018,3,2018-09-23T13:00-04:00,-6.0,3.5962530350278277,2.885998164847795,2.44140625,3.0804455537734605,2.887493113041429,1.6894949883231163,0.700857719972779,2.0369369228942205,1.1679366163716733,2.145878114464363,1.7931892995423753,1.9674667090612021,2.887493113041429,1.6993890183198612
2018_03_NYG_HOU,2018,3,2018-09-23T13:00-04:00,-5.0,2.3879327743870906,2.073545031617762,2.44140625,0.7557004203771802,1.5401600377196016,1.8768625857029024,1.747287052588267,1.8413921470094023,2.5925700556184044,2.822514877416884,1.9493684018799031,0.7947975678472187,1.5401600377196016,1.525985690900483
2018_03_OAK_MIA,2018,3,2018-09-23T13:00-04:00,8.0,4.575013548426981,4.596011856092712,2.44140625,5.021113511821832,4.567802412100147,4.84985260455288,5.078452083994022,4.848064516651867,3.816723729811082,5.7793427372544315,4.5855038345082475,4.004971967131011,4.567802412100147,4.81397789480674
2018_03_SF_KC,2018,3,2018-09-23T13:00-04:00,11.0,6.7562524637007275,8.021222495553678,2.44140625,6.6246081249789786,6.99987391853766,6.670376953344634,6.4281680244163555,6.737439037353306,7.143860076123947,8.664528557442315,6.63525091868175,6.298782623819931,6.99987391853766,6.421591172051002
2018_03_TEN_JAX,2018,3,2018-09-23T13:00-04:00,-3.0,6.077856900501608,6.543901775698225,2.44140625,7.893655511069025,8.166429485063356,6.402457018770822,7.507291698993365,6.248804607190432,6.157737853033227,5.29835371994759,6.409590200014447,5.755235301357295,8.166429485063356,6.6238539013053055
2018_03_LAC_LA,2018,3,2018-09-23T16:05-04:00,12.0,5.409844901465146,3.2246683742645152,2.44140625,3.475128256704647,3.9931070303874416,3.7454459901214,1.4952939921686572,3.8749460273948575,3.573776190616837,4.52891572151944,4.247630968336498,3.4812542443588175,3.9931070303874416,3.150435994501136
2018_03_CHI_ARI,2018,3,2018-09-23T16:25-04:00,-2.0,-0.2684504231644671,-2.0527988784612754,2.44140625,0.3847011750450592,0.059116194904371366,-0.09397517923200532,0.6528992109337687,0.3730800740018221,0.8717698795517931,-1.736045543013268,-0.24329764905696383,-0.054862470543048325,0.059116194904371366,0.23254336467386838
2018_03_DAL_SEA,2018,3,2018-09-23T16:25-04:00,11.0,1.9314763125275216,2.1205697682877016,2.44140625,1.5424604357182998,1.388495619714805,0.5474414891221648,0.5480354432969312,0.5395396983914333,1.7186116304423016,0.49675267682494284,0.012428547076568153,0.4983864558869828,1.388495619714805,1.1328719556565603
2018_03_NE_DET,2018,3,2018-09-23T20:20-04:00,16.0,-1.9558175289266888,-5.828692157437186,2.44140625,-4.159177436796093,-4.856292713065844,-5.318377940835141,-5.676229781004677,-5.222289064850925,-4.621139122407631,-4.428499615040119,-4.467797651808288,-4.490640684374007,-4.856292713065844,-5.3123084324024425
2018_03_PIT_TB,2018,3,2018-09-24T20:15-04:00,-3.0,1.8630345741436347,0.8764343069779437,2.44140625,1.1899502357656173,1.3096417186228524,1.104927916946265,1.2085972843701662,0.4596062141672378,1.2710303459514858,2.8814779348616657,1.3518276069730422,1.389799187141718,1.3096417186228524,0.6771675205731944
2018_04_MIN_LA,2018,4,2018-09-27T20:20-04:00,7.0,5.764126316978254,5.542422991275098,2.44140625,5.6459749617989425,6.210487167094133,6.299928730567397,4.996510312478772,6.089991157287162,6.863771382412629,6.725337366040577,6.171788451543258,6.71001546636008,6.210487167094133,5.930732840848833
2018_04_BUF_GB,2018,4,2018-09-30T13:00-04:00,22.0,1.757619352391889,0.3514816967628267,2.44140625,0.10777028217058882,-0.050749924854800454,0.15474084496485307,1.6488493968763416,0.1313396361453344,0.3642966783632693,0.44381164437718534,1.3369704568840024,-0.16016121820748053,-0.050749924854800454,0.6766109363684866
2018_04_CIN_ATL,2018,4,2018-09-30T13:00-04:00,-1.0,3.6270677424494013,5.36399861907332,2.44140625,4.823310382194803,5.193614366868756,5.7717394568876665,5.75233660010443,5.709769614419777,5.928618685114754,5.953114823795113,5.253537899795572,5.939334491206241,5.193614366868756,5.693384907066653
2018_04_DET_DAL,2018,4,2018-09-30T13:00-04:00,2.0,2.5397816441214593,2.1678962728162543,2.44140625,0.9566548979884044,1.194379540022072,2.1761049767305956,2.370957859884442,2.205542540559203,1.1439646871465028,2.307210238450337,2.119139725278492,1.1084523619320064,1.194379540022072,2.523735236994888
2018_04_HOU_IND,2018,4,2018-09-30T13:00-04:00,-3.0,4.227968638837057,3.7369820375192546,2.44140625,5.170322477447369,4.2043915562317835,3.7711072345670438,3.7901557735260294,3.8535225771823045,1.7500327788255867,2.9452506709151516,3.7566553216234473,4.846717151108647,4.2043915562317835,5.13861169437496
2018_04_MIA_NE,2018,4,2018-09-30T13:00-04:00,31.0,5.00892168993853,7.828155241322782,2.44140625,7.921849771519934,8.40045960531864,7.165893692187324,7.548836691303603,7.339187007618342,6.51562691685918,5.254296362952694,7.162328975879696,7.211156859115594,8.40045960531864,6.672663715791664
2018_04_NYJ_JAX,2018,4,2018-09-30T13:00-04:00,19.0,5.926927420610366,6.781289123008292,2.44140625,7.5933897664817405,7.373730859571683,7.907585198807654,7.872573777366476,7.550643246349852,6.960423053714478,7.526753412899918,7.704830406866348,8.43749029747352,7.373730859571683,7.920845041904641
2018_04_PHI_TEN,2018,4,2018-09-30T13:00-04:00,3.0,-0.4662082956969966,-0.1013046145750543,2.44140625,-0.7581012052684425,-1.2609190365220786,-0.04714478276056655,-0.21435776556949204,-0.11424827855244213,-0.4095087851553263,0.530357562650743,-0.25041188878612175,0.7922327760406473,-1.2609190365220786,-0.15894437511893988
2018_04_TB_CHI,2018,4,2018-09-30T13:00-04:00,38.0,1.2251773123567036,1.530030509215874,2.44140625,0.2878744688885537,0.3016669268752068,0.256995408999805,0.6093820272021996,0.7498756978240966,-1.9427301788312827,-0.6568125360253776,0.0845950584865669,1.0471615894793178,0.3016669268752068,0.8837054256383521
2018_04_CLE_OAK,2018,4,2018-09-30T16:05-04:00,3.0,2.6768172754672355,2.888334640055913,2.44140625,2.962993680403617,2.3338070121931196,1.750303439663352,0.3173582726214599,1.302720047047436,3.5862873474931822,2.517316351140307,1.4616284854848658,2.587988262001204,2.3338070121931196,1.4212379369116124
2018_04_SEA_ARI,2018,4,2018-09-30T16:05-04:00,-3.0,-2.3993640475548403,-5.149531174148457,2.44140625,-7.023660895985177,-6.4966654434515725,-6.856473792048563,-7.5659301319266845,-6.490211184429096,-5.829701598991228,-4.756408798030668,-6.833462227305507,-5.945316552628366,-6.4966654434515725,-7.127391860270424
2018_04_NO_NYG,2018,4,2018-09-30T16:25-04:00,-15.0,-1.6664456467627957,-4.397417434011321,2.44140625,-3.190619838130297,-3.5952362550752794,-6.052397402115724,-7.075090847579823,-5.857154329454794,-7.343503384795973,-6.209102950471181,-5.766130310437222,-5.066751859905824,-3.5952362550752794,-5.584093673413719
2018_04_SF_LAC,2018,4,2018-09-30T16:25-04:00,2.0,5.053750127912241,6.170076790520603,2.44140625,8.855610233767244,9.326700087979606,9.418168255582275,10.65792484145967,9.781441641963399,9.27177311640799,6.301601586717302,9.269382194289683,9.617667139187354,9.326700087979606,9.272332455559955
2018_04_BAL_PIT,2018,4,2018-09-30T20:20-04:00,-12.0,1.780150425339701,3.1509232197568013,2.44140625,2.93255557189618,3.1622001062039855,2.2630404104334056,1.8529142818261481,2.3528097363104403,3.061375892226324,1.7389011727904213,1.8710049648321556,2.4264646797202816,3.1622001062039855,2.102570618327401
2018_04_KC_DEN,2018,4,2018-10-01T20:15-04:00,-4.0,-3.5471958815216027,-7.783985289079871,2.44140625,-6.731529231340959,-6.455669790980551,-6.111126363364602,-5.578450162381089,-5.793096696241488,-5.678078547873466,-8.131590365259989,-6.211389133503758,-5.614657523043785,-6.455669790980551,-5.618762953250602
2018_05_IND_NE,2018,5,2018-10-04T20:20-04:00,14.0,8.527458872256032,11.774690296248458,2.44140625,10.276189678598513,10.505324831145668,9.200388056887592,9.077442424010659,9.297189551415062,9.91755375793429,9.426589978323264,9.368068877854725,8.458323407564416,10.505324831145668,7.505688008243214
2018_05_ATL_PIT,2018,5,2018-10-07T13:00-04:00,24.0,2.3224845155944447,2.01201791121455,2.44140625,1.5998822161599622,1.3436406432458003,0.19932333404634495,-0.4154851264820997,0.38303105943765525,0.26188027487541166,0.1265476319723744,0.004661161833909189,0.09332036264865995,1.3436406432458003,0.1892386597759239
2018_05_BAL_CLE,2018,5,2018-10-07T13:00-04:00,3.0,-4.391253764407763,-5.566898308466855,2.44140625,-5.314616858719148,-4.568807135792827,-5.151529699715198,-3.8635064166670796,-4.754444048847552,-4.834095154395472,-6.590789266117579,-5.039132071314109,-4.887622430724742,-4.568807135792827,-5.5948416483674315
2018_05_DEN_NYJ,2018,5,2018-10-07T13:00-04:00,18.0,2.408125059571144,3.908660504115042,2.44140625,2.767839841494156,2.6291236896586767,1.7712235087855488,1.9518064231849732,1.5980940635830039,0.9380399939894044,3.0958908789989064,1.5939790335320558,1.3210194449578427,2.6291236896586767,1.9591393287372616
2018_05_GB_DET,2018,5,2018-10-07T13:00-04:00,8.0,3.6014875052418285,2.745149209405061,2.44140625,2.57059200977472,2.6540586618328104,1.051444872032771,0.13797690340446378,0.9104689000023898,2.0657702805018983,2.6646435825208155,0.8989749812877963,2.1984748515872656,2.6540586618328104,0.7980531638194699
2018_05_JAX_KC,2018,5,2018-10-07T13:00-04:00,16.0,3.3191031322034066,5.274157128731093,2.44140625,4.642704554991248,4.752165891759468,3.867880051065409,4.481994138220557,4.325390411591736,4.16637153918893,4.602171780085013,4.063415976053908,3.566490135971735,4.752165891759468,3.680086505507235
2018_05_MIA_CIN,2018,5,2018-10-07T13:00-04:00,10.0,5.059072033299946,5.695007861637335,2.44140625,5.566725183660482,6.1198008352098485,5.579647177151852,5.571671842853798,5.487120635195104,5.438938769800907,4.6762371087578565,5.540584729081223,5.38608101394056,6.1198008352098485,5.337757898086501
2018_05_NYG_CAR,2018,5,2018-10-07T13:00-04:00,2.0,7.621142238566162,7.352825028349636,2.44140625,6.8579862315367945,6.743488704988491,6.741461932635368,5.806150434976841,7.044608388597239,6.635786687804128,7.129752069478854,7.826494468084359,6.237667407949688,6.743488704988491,6.629011938548015
2018_05_TEN_BUF,2018,5,2018-10-07T13:00-04:00,1.0,-0.3469210562887848,-2.0767179310943047,2.44140625,-2.3978221741939976,-2.1302863696582377,-4.057906729460899,-3.9560442311397668,-4.007774035763889,-3.8085005361641793,-2.9755515610428085,-2.988128820170532,-4.633800094349207,-2.1302863696582377,-4.6045771052375075
2018_05_OAK_LAC,2018,5,2018-10-07T16:05-04:00,16.0,6.493037708332043,7.849597258704998,2.44140625,7.715009513510585,7.903367473654588,8.036373695479858,9.090326436893566,8.132220376378324,7.8900945765469555,7.96213404774372,7.862855558948054,7.69892740623803,7.903367473654588,8.179924783880917
2018_05_ARI_SF,2018,5,2018-10-07T16:25-04:00,-10.0,5.199225731651192,6.617586202165289,2.44140625,4.109886431381461,3.7230662384362834,2.9675264858775465,2.8706769301505606,2.186474001648261,3.285215162642091,5.071340564354901,3.0497136715122664,2.44131662133504,3.7230662384362834,3.4586337649757652
2018_05_LA_SEA,2018,5,2018-10-07T16:25-04:00,-2.0,-1.5255438520204052,-1.0966631743774835,2.44140625,-0.8353476576101238,-2.0534015751380306,-2.1063135449411097,-0.6974753438842693,-1.8578372385144375,-3.481680543314659,-2.8283019491611365,-2.0537473340000187,-2.4053902094459927,-2.0534015751380306,-1.920246431736027
2018_05_MIN_PHI,2018,5,2018-10-07T16:25-04:00,-2.0,3.0219541845144957,2.2407627012950826,2.44140625,3.5206187032111753,3.668833627754967,3.9419880309179796,3.7803886923414507,4.090641511640241,3.1867595348582265,2.499492805958785,3.848176591023367,4.214324400744206,3.668833627754967,3.739134139987824
2018_05_DAL_HOU,2018,5,2018-10-07T20:20-04:00,3.0,-0.908085336492193,-0.4435068316027586,2.44140625,-1.1679691159789036,-0.33324427801681616,-0.6545071260726655,0.16924065605103888,-0.8022577545622775,-0.053227453470983434,-0.524126868145537,-0.6160364379104439,-0.620449734596476,-0.33324427801681616,-0.668334914319211
2018_05_WAS_NO,2018,5,2018-10-08T20:15-04:00,24.0,5.286725852384552,5.6313430981702055,2.44140625,2.938160196771837,3.204750913111094,5.069056820390702,4.16026830580188,4.914229904311181,6.462661976295074,7.126850766223914,4.8939470684490995,4.999308578694161,3.204750913111094,4.867157021370625
2018_06_PHI_NYG,2018,6,2018-10-11T20:20-04:00,-21.0,-2.406987039890014,-2.240153633653634,2.44140625,-2.193216746928619,-2.759903920124785,-3.582989777480347,-2.400688158324915,-3.8716232008247466,-3.080497726911795,-2.5693094772811786,-3.367309711682519,-3.0251180571471523,-2.759903920124785,-3.79115336993099
2018_06_ARI_MIN,2018,6,2018-10-14T13:00-04:00,10.0,7.302200556975251,7.930246912464619,2.44140625,7.595078293862782,7.671647591167292,7.025203694000812,6.77338353041356,6.6837234963821,7.604756166456803,7.057675175408576,6.900193322231399,6.250433478388828,7.671647591167292,7.670096714899085
2018_06_BUF_HOU,2018,6,2018-10-14T13:00-04:00,7.0,2.6019232396600205,0.9432362185078708,2.44140625,1.8132357082715405,1.767255680316549,1.7210738646960433,3.2310277423276528,1.4447136780114969,2.8182105955539427,3.1223070476403256,1.6166263915000711,1.3730433947731968,1.767255680316549,1.9608004369069014
2018_06_CAR_WAS,2018,6,2018-10-14T13:00-04:00,6.0,-0.22329918438103524,-0.7157521422869315,2.44140625,0.858913286906335,1.1673773339033933,0.9816677694848746,3.391347760539805,0.9286543040515607,0.5355143964963405,-1.2843682401411782,1.072266797331922,1.0832785884445633,1.1673773339033933,1.6307893787597436
2018_06_CHI_MIA,2018,6,2018-10-14T13:00-04:00,3.0,-0.5774017097581563,-3.098805390983481,2.44140625,-2.8935514913185054,-3.2365028415060015,-3.2327364033507355,-3.3271892491608797,-3.253839502835014,-1.7758286298420665,-2.3391490650724136,-3.117327429717488,-4.0958023245067725,-3.2365028415060015,-2.639663106963681
2018_06_IND_NYJ,2018,6,2018-10-14T13:00-04:00,8.0,3.921947878929986,4.804231650263265,2.44140625,2.124582886492373,2.7507337371121574,2.1557815855282603,1.466493079416209,2.2576777446586855,3.9854167442502026,3.789280315242669,0.6821574239814515,0.9757254351533863,2.7507337371121574,0.9431880157293988
2018_06_LAC_CLE,2018,6,2018-10-14T13:00-04:00,-24.0,-1.8770105320237072,-5.083138304375132,2.44140625,-4.952292762638943,-4.7250215239375,-5.081862141901668,-5.2104173470643165,-4.769786618536483,-5.724043833800491,-5.529148264657678,-4.7665688413369205,-5.440940579590443,-4.7250215239375,-5.054063627583374
2018_06_PIT_CIN,2018,6,2018-10-14T13:00-04:00,-7.0,1.1150775008260687,-0.7291395644404488,2.44140625,-0.25258600955634347,-0.29065390234830835,-0.30768405042860225,0.5348338376725601,-0.4040842571966621,-0.5643235872562189,-0.11732279006331292,-0.06884951516017557,-0.32106151410754125,-0.29065390234830835,0.3800504329998884
2018_06_SEA_OAK,2018,6,2018-10-14T13:00-04:00,-24.0,-4.865021769153687,-8.014792702386032,2.44140625,-7.600081947357372,-7.217519537239804,-7.75333123229244,-8.207044709664533,-7.921687190291738,-5.855362016322882,-8.263065360605236,-7.840806317549491,-6.712678062929777,-7.217519537239804,-6.89487375786961
2018_06_TB_ATL,2018,6,2018-10-14T13:00-04:00,5.0,3.010424814482988,5.386586300398438,2.44140625,4.639141986284022,5.03896457862163,5.625841575639794,7.200354814448698,5.9859804482424686,4.360989480835865,4.717707759037596,5.6999781026021,5.554174678100269,5.03896457862163,5.478831420903738
2018_06_LA_DEN,2018,6,2018-10-14T16:05-04:00,-3.0,-6.438125248276744,-7.498210494340122,2.44140625,-7.481908246038204,-7.8753064467793585,-7.960867272153871,-5.866855954576036,-7.585641099787943,-8.018262090857224,-8.763884891886613,-7.79907152742298,-7.886442802554806,-7.8753064467793585,-7.978647874749821
2018_06_BAL_TEN,2018,6,2018-10-14T16:25-04:00,-21.0,-0.8733367030136923,-1.2245281889376816,2.44140625,-0.4054232206642101,-0.4278280230608353,1.1205671111279245,1.2838602601570828,1.1214993152609791,0.5883881851251502,0.05926448232897008,0.5569719865042775,2.156163845842217,-0.4278280230608353,1.369675509004329
2018_06_JAX_DAL,2018,6,2018-10-14T16:25-04:00,33.0,0.6922678769926891,1.3765226920923057,2.44140625,1.967363728733012,1.4891432820512733,1.9164284653135946,2.4205113039782216,2.1235051702749157,0.8247208951348882,1.8919345395601324,1.878524926811905,1.5754956879948658,1.4891432820512733,1.7890663606130897
2018_06_KC_NE,2018,6,2018-10-14T20:20-04:00,3.0,1.9377240782128418,3.2480884863697046,2.44140625,3.996092385812782,3.5005754950313714,2.5541328183898178,2.5646855079716038,2.4985302665949285,1.708336252828862,0.6094074297774299,2.388201243521876,2.7256512370510264,3.5005754950313714,2.304603152089496
2018_06_SF_GB,2018,6,2018-10-15T20:15-04:00,3.0,3.66269911340144,3.896285630138722,2.44140625,8.512388836653596,8.094056791193918,8.805194979267291,9.89187371274562,9.321941918211365,8.156778981375176,4.701773533234628,8.545546539054614,8.557490849277649,8.094056791193918,8.372268777296647
2018_07_DEN_ARI,2018,7,2018-10-18T20:20-04:00,-35.0,3.0672853227624817,2.6843408931522723,2.44140625,1.8285733849038108,1.5509604679522795,1.440004876567209,0.7849780784539367,1.491766438813379,0.5219586620872567,2.7035359417135822,1.313878009825891,1.8700026690751472,1.5509604679522795,1.9028361116222072
2018_07_BUF_IND,2018,7,2018-10-21T13:00-04:00,32.0,2.5661514457990537,1.820973594640934,2.44140625,5.049988852725617,5.093280182326019,4.7754122290921295,4.3769376327170235,4.513739373990187,5.896041546935542,3.683439050966264,3.429159053688887,5.589822213859593,5.093280182326019,5.148381230663043
2018_07_CAR_PHI,2018,7,2018-10-21T13:00-04:00,-4.0,4.9902395479456025,3.992159111119785,2.44140625,3.3815782903647205,4.10110014016553,3.924458790878247,3.3580236663351117,3.919604567997496,3.8616042243093007,3.6174491138997675,3.8290565574149698,4.253125737777214,4.10110014016553,4.703006978858144
2018_07_CLE_TB,2018,7,2018-10-21T13:00-04:00,3.0,5.567910124624718,6.3083221561892735,2.44140625,7.057256456304747,6.716628901948561,5.63630452228079,4.144432011570248,5.06776929574234,6.961357574483465,6.3133407502345085,5.168059691872917,5.808929730614442,6.716628901948561,5.424712094591484
2018_07_DET_MIA,2018,7,2018-10-21T13:00-04:00,-11.0,-0.21911332003745798,-1.7590612764400129,2.44140625,-4.027683281572652,-3.842207268810336,-3.826655308071251,-3.390385758897253,-3.9520336678611656,-3.4500928349385864,-2.12082468280191,-3.6291510758621115,-4.623391198338859,-3.842207268810336,-3.2841734941491865
2018_07_HOU_JAX,2018,7,2018-10-21T13:00-04:00,-13.0,5.299748902000177,5.333181452046886,2.44140625,5.626341440171366,5.215901121211035,4.059682811046181,3.2327046968737108,4.051555729420967,5.256112685922427,3.950732500749435,3.299534843774776,4.645826949113238,5.215901121211035,3.2037393621397277
2018_07_MIN_NYJ,2018,7,2018-10-21T13:00-04:00,-20.0,-0.9792549800964769,-1.813110540072899,2.44140625,-2.0009348513705567,-1.8334278128920138,-2.2727697666843683,-1.6186772575843111,-2.388254681201424,-2.346105860007564,-2.173986737827633,-2.1839602862139293,-2.3694737040028526,-1.8334278128920138,-1.9059109272983576
2018_07_NE_CHI,2018,7,2018-10-21T13:00-04:00,-7.0,-1.0605059846295735,-2.693467068231018,2.44140625,-3.7472435375044224,-3.4958503250284707,-2.792120644247224,-2.462605823427532,-3.093158477029487,-2.6558716149424884,-1.3930763544437912,-2.997561742980694,-2.0344347874416484,-3.4958503250284707,-2.900470512084543
2018_07_NO_BAL,2018,7,2018-10-21T16:05-04:00,-1.0,2.961285483251115,0.4306805595566763,2.44140625,0.5033578068863398,0.232657230572336,-2.00444470087923,-3.6892420486231963,-1.8510549296708996,-2.9926122940422224,-1.466463364855834,-1.687016420768257,-2.00059805478624,0.232657230572336,-2.245950137922595
2018_07_DAL_WAS,2018,7,2018-10-21T16:25-04:00,3.0,0.006168806231367618,0.545513816680248,2.44140625,2.1763991671320473,2.316607367653351,1.4067726799976177,3.0744303149485765,1.7125802999218078,1.3044887298581611,-0.8668106911363341,1.4226358168608826,1.591684615930144,2.316607367653351,1.9753294549472833
2018_07_LA_SF,2018,7,2018-10-21T16:25-04:00,-29.0,-4.683741874637272,-4.335442088514907,2.44140625,-7.300158882484744,-8.17121634877897,-8.909485968334913,-7.749644890661457,-9.339496044847749,-8.79403702625734,-6.404240602507925,-8.620409380717238,-9.006790600818,-8.17121634877897,-8.582811278979143
2018_07_CIN_KC,2018,7,2018-10-21T20:20-04:00,35.0,6.580956683931954,7.34809671955913,2.44140625,7.152960613983419,7.7422885792466065,7.172109018823159,7.367364661208071,7.361723947296634,7.350669956447583,7.809032158633441,6.577289200212605,7.4236764626140115,7.7422885792466065,6.783570395030896
2018_07_TEN_LAC,2018,7,2018-10-21T21:30-04:00,1.0,4.967781535290801,6.4440228370320165,2.44140625,6.034755456759166,6.466134790334489,3.9294354315367244,4.8268023691410935,3.8738588599639447,5.168576887077069,4.40888674469792,4.11097218757417,3.825003920646748,6.466134790334489,3.739631530139455
2018_07_NYG_ATL,2018,7,2018-10-22T20:15-04:00,3.0,6.598355665375097,9.882412559177192,2.44140625,8.679425605334043,9.368267175027604,10.110762632966917,9.933289557931912,10.061800924151854,9.09735539797681,10.059289533909848,9.958202179266367,9.532031502286136,9.368267175027604,9.741205778363536
2018_08_MIA_HOU,2018,8,2018-10-25T20:20-04:00,19.0,4.243963769851259,3.970577156885053,2.44140625,4.187095225508401,4.787213838762582,5.487544572138988,5.7086993508323065,5.546143557112195,3.5619622803125757,4.142950282985286,5.322990145491655,5.308207464416696,4.787213838762582,6.4156661725138955
2018_08_BAL_CAR,2018,8,2018-10-28T13:00-04:00,15.0,-0.3270863348857733,0.4289910469568738,2.44140625,1.2518934728308662,0.803130983554395,0.48766922063004503,1.002430724855592,0.6396802973745868,1.1809259137346722,0.6319964010551322,0.252332649067351,0.5389991341176223,0.803130983554395,-0.44094964231166367
2018_08_CLE_PIT,2018,8,2018-10-28T13:00-04:00,15.0,9.466075146831027,12.744835590013949,2.44140625,12.327832933776484,12.008714687098406,10.797147253366763,9.353561908320044,10.664443875771331,11.611784258525379,11.041969040396136,9.933413069274312,10.72268984919969,12.008714687098406,10.541861882930858
2018_08_DEN_KC,2018,8,2018-10-28T13:00-04:00,7.0,10.39804429715548,11.78265530612647,2.44140625,11.632442929876333,11.716513354325137,10.91962600401442,9.603167948851183,10.833225005072984,11.573744828668913,12.164296153537684,10.954584864003374,10.578666025764672,11.716513354325137,10.182613330727811
2018_08_NYJ_CHI,2018,8,2018-10-28T13:00-04:00,14.0,5.120796788251836,7.09873570991695,2.44140625,7.294515993102508,7.079075150128589,6.960053374394113,6.930029085373394,6.840340236715381,5.69458886253162,6.817737658289504,6.849606591808535,8.051600095785595,7.079075150128589,6.306135964576735
2018_08_SEA_DET,2018,8,2018-10-28T13:00-04:00,-14.0,1.4028151989949196,-2.257305629927435,2.44140625,-0.5757047970086009,-0.4832068844668802,-1.201475867608481,-1.8796275782737075,-1.1647409641392468,0.0009332817726313003,-1.5390358929342933,-0.49236475664502666,-0.17422756169275622,-0.4832068844668802,-1.1196943301465414
2018_08_TB_CIN,2018,8,2018-10-28T13:00-04:00,3.0,2.681167416602176,3.9624289329915205,2.44140625,2.90469889856869,2.778105404748738,2.902240556706056,3.1462235896633786,3.285158723128214,2.3479249711980894,3.1404888546118275,3.070253881790723,2.6459763969117867,2.778105404748738,3.052327382224084
2018_08_WAS_NYG,2018,8,2018-10-28T13:00-04:00,-7.0,-0.8705557938665449,-2.3753326728943884,2.44140625,-3.82932156258188,-3.862676306347939,-4.136018143578582,-4.590817283608333,-4.514033020114275,-2.8389546278652786,-2.081489528473225,-4.138031238545116,-3.495371875276616,-3.862676306347939,-3.8938745301935667
2018_08_IND_OAK,2018,8,2018-10-28T16:05-04:00,-14.0,-0.9778366750329974,0.05012260004328806,2.44140625,-1.9753615755762914,-1.7603080563333162,-2.064203928082242,-2.664561376077943,-2.0888933274237225,0.1546127554967609,-1.535196476817216,-2.08114173785858,-2.038854894946646,-1.7603080563333162,-3.1143193955340682
2018_08_GB_LA,2018,8,2018-10-28T16:25-04:00,2.0,10.12044762824605,8.35544524690319,2.44140625,6.353968635123174,7.90329034311073,7.260361154643456,5.16624139891048,7.056164459853611,7.683986769239571,8.727785153131428,7.273328021953693,7.642075780518349,7.90329034311073,7.5149767693409135
2018_08_SF_ARI,2018,8,2018-10-28T16:25-04:00,3.0,1.8286207363645226,0.4964318444588871,2.44140625,1.223081899013967,1.3581602799195713,1.825693948827202,1.4456512089742364,2.572137815897831,0.7500415873875972,1.371978364539391,1.5478254326530798,2.403774616231688,1.3581602799195713,2.2000420910943337
2018_08_NO_MIN,2018,8,2018-10-28T20:20-04:00,-10.0,1.821731713601407,0.011228612992367992,2.44140625,-0.30297757239688616,-0.3025846429823984,-2.6009058729337395,-2.9372593398175435,-2.2242175818833254,-3.1822297302593316,-2.062965050435922,-3.9955885537308973,-2.6786158566011027,-0.3025846429823984,-1.0818512766991288
2018_08_PHI_JAX,2018,8,2018-10-28T21:30-04:00,-6.0,-3.6766937394476322,-5.943627908438206,2.44140625,-5.735035640287204,-5.82116237309385,-6.6793033953425205,-6.548759663783896,-6.891995748722701,-6.105839699111913,-6.861093013904476,-6.9741137448661465,-6.319617256555755,-5.82116237309385,-5.718838472753365
2018_08_NE_BUF,2018,8,2018-10-29T20:15-04:00,-19.0,-6.7454781415837495,-9.116795260637673,2.44140625,-10.750519205458403,-11.172651153194685,-10.397954438183781,-9.63239660714721,-10.130026796968213,-11.116600931493343,-8.788517047527678,-10.505968922828416,-10.187267109226841,-11.172651153194685,-10.135986710348934
2018_09_OAK_SF,2018,9,2018-11-01T20:20-04:00,31.0,4.844064947026342,2.9254080561994673,2.44140625,-1.1943930476572393,-1.4834588027012678,-2.1417615404825487,-2.1445590768598057,-2.1777522338915114,-2.265142129922449,2.2593793368163793,-1.965560837251689,-2.7102915574760145,-1.4834588027012678,-1.1022526056119197
2018_09_ATL_WAS,2018,9,2018-11-04T13:00-05:00,-24.0,2.771661793757722,-2.087997404127395,2.44140625,-0.09041733707709332,-0.7246346897743456,-1.9844161666502522,-1.4098689302884662,-1.5476093717676391,-2.646783507278464,-3.234793051734905,0.760969117947508,-2.070452125216682,-0.7246346897743456,-1.7724638925460607
2018_09_CHI_BUF,2018,9,2018-11-04T13:00-05:00,-32.0,-3.8790774349109434,-5.080118760829983,2.44140625,-7.981769334753527,-7.1795483418739785,-7.314682846904882,-7.653531626382926,-7.004213789829516,-7.117895441126518,-5.121208270428787,-7.546118659654924,-7.830292911910446,-7.1795483418739785,-7.581179561826598
2018_09_DET_MIN,2018,9,2018-11-04T13:00-05:00,15.0,5.047800787341686,6.9209008228144535,2.44140625,4.389774558684919,4.932597989700659,5.1527701996796,6.045141785885894,5.288215056746235,4.269688651118757,5.706754632507758,3.7332463903649704,4.114159590119502,4.932597989700659,5.9571895265870065
2018_09_KC_CLE,2018,9,2018-11-04T13:00-05:00,-16.0,-7.605038748166152,-4.4392226063205245,2.44140625,-5.0802478455936235,-5.573713029261838,-5.026926049775523,-4.0368521783820395,-5.029402236327318,-5.722531189602661,-4.876504088313565,-4.662041260761926,-9.194942288369015,-5.573713029261838,-4.497203335794275
2018_09_NYJ_MIA,2018,9,2018-11-04T13:00-05:00,7.0,1.7761384087329501,2.466524334457954,2.44140625,2.520003536553741,2.1841950369048124,1.842665113775459,1.8298106917291115,1.7430121121095254,2.1209127096786293,2.6727740392245454,1.9669335820985632,2.265331888374675,2.1841950369048124,1.5617216122105289
2018_09_PIT_BAL,2018,9,2018-11-04T13:00-05:00,-7.0,2.262225043220777,0.28534895738348065,2.44140625,0.4616858178390011,0.5596584816385768,0.9960503307290169,0.5915903543551868,0.8254259752444969,-0.13837819671787233,1.0525012186873097,0.7281027875610077,1.0799218388774419,0.5596584816385768,1.9548250170431356
2018_09_TB_CAR,2018,9,2018-11-04T13:00-05:00,14.0,6.456510007210397,9.118483887401775,2.44140625,8.801043358381678,8.124652705658,8.533837702727327,8.424791151991956,8.876876716007017,6.357566106642227,8.634396243964206,8.396305974192721,8.336629544863808,8.124652705658,8.466700862684993
2018_09_HOU_DEN,2018,9,2018-11-04T16:05-05:00,-2.0,0.8189410104590493,-1.9704060035360247,2.44140625,-2.2266304731465425,-2.325270734452704,-2.9046977660705764,-2.674085717605794,-2.620687857806895,-1.5155665969542917,-2.657064813855633,-1.987314454909226,-2.712931543731407,-2.325270734452704,-2.725871887950611
2018_09_LAC_SEA,2018,9,2018-11-04T16:05-05:00,-8.0,3.3338578394563534,2.282059797549492,2.44140625,2.46655081195747,1.746705272658442,1.314955404095497,0.3794227379555333,1.360434468161534,0.24907426988633552,2.212867352125517,1.3085092935983251,0.9456511237710958,1.746705272658442,1.092966980747447
2018_09_LA_NO,2018,9,2018-11-04T16:25-05:00,10.0,1.9522369486861288,4.148008832938741,2.44140625,3.5928214220522254,2.846352281257805,4.059113755294568,5.107406967529953,3.988947991430478,3.8827195043095117,4.247632214002749,3.406052143234108,3.6979636297133744,2.846352281257805,4.212624880132438
2018_09_GB_NE,2018,9,2018-11-04T20:20-05:00,14.0,8.448668549262758,9.097432452723423,2.44140625,7.344553325970209,7.812480683786143,5.559288055200399,4.626314912083037,5.508018914093226,4.486771250187223,6.3377993917489155,5.871704240829558,5.8006143298833255,7.812480683786143,6.435167531165331
2018_09_TEN_DAL,2018,9,2018-11-05T20:15-05:00,-14.0,5.25679192315346,3.9834383901852366,2.44140625,4.365154996925881,4.120566214523791,2.5517922977223564,2.8406333459059536,2.7086209991449537,2.9301388061537796,3.1592794466370986,1.8316445883563415,2.0142168840210357,4.120566214523791,3.0903066836514688
2018_10_CAR_PIT,2018,10,2018-11-08T20:20-05:00,31.0,3.3947034702144685,4.559768076145187,2.44140625,3.115508451794623,3.429301539713585,2.6004404722167056,2.4344739684939443,2.4938400981576225,3.24355936936269,2.827671052734884,2.605955779394695,2.577907519538756,3.429301539713585,2.4342693636820893
2018_10_ARI_KC,2018,10,2018-11-11T13:00-05:00,12.0,13.117674301221214,15.637226958125385,2.44140625,16.859177511019737,17.431247669479838,16.480612257967866,16.823218033168583,16.39704300962487,17.127931295527375,15.81088709177064,16.654644414573777,15.88673709942139,17.431247669479838,15.420959204598022
2018_10_ATL_CLE,2018,10,2018-11-11T13:00-05:00,12.0,-3.4589677405604844,-8.28619349174626,2.44140625,-8.691493044159444,-9.040582433454517,-9.516981299346948,-9.844995195232404,-9.18511718417365,-9.962895394596496,-8.895156521185855,-7.918270534332143,-8.205661579102348,-9.040582433454517,-8.905988881982333
2018_10_BUF_NYJ,2018,10,2018-11-11T13:00-05:00,-31.0,6.034610545551855,5.234322186746888,2.44140625,7.285793013608057,5.133420007368416,4.8788505956496655,4.232798146041707,4.720562511734035,6.362992250597163,4.941288705175691,4.928879279230678,4.69023695059088,5.133420007368416,5.006614379651573
2018_10_DET_CHI,2018,10,2018-11-11T13:00-05:00,12.0,5.1352159028621065,6.495347734440589,2.44140625,3.94347897018188,4.054610265190773,3.8543420848986605,3.9036236032295695,3.9223265342205216,3.000493279287912,5.215000349939053,4.036823845053243,3.9118450586126987,4.054610265190773,3.112976148801665
2018_10_JAX_IND,2018,10,2018-11-11T13:00-05:00,3.0,3.0281591766518257,4.9292916216663265,2.44140625,5.8726041798528605,5.5986886953659845,5.94277536404808,7.153574098921274,5.859322731938143,3.942810832129884,6.048552407078585,6.186452861600177,6.41186098488976,5.5986886953659845,6.0929324217414145
2018_10_NE_TEN,2018,10,2018-11-11T13:00-05:00,24.0,-3.3643354755159773,-5.648435701271648,2.44140625,-5.474655909710654,-5.243970733250666,-2.472092948791083,-2.253835149905218,-2.9232734951727144,-3.0135794634228557,-2.7455772272037016,-2.928798654784535,-1.8695592283347096,-5.243970733250666,-1.9993698208639616
2018_10_NO_CIN,2018,10,2018-11-11T13:00-05:00,-37.0,-4.528192009473086,-6.710883383887174,2.44140625,-6.141864648920287,-6.561225862182653,-8.599430595222282,-7.78451934815315,-8.170954539842501,-8.850785590291846,-8.095715232199936,-7.627100827206418,-8.813819347284383,-6.561225862182653,-7.509322657951028
2018_10_WAS_TB,2018,10,2018-11-11T13:00-05:00,-13.0,2.4070863362739594,-0.1027281272213425,2.44140625,-1.8448695389134162,-1.1008011585735678,-1.2552087551113518,-3.290126737420465,-1.8367743973118464,0.8451538311614264,0.9094218499778322,-1.2980109587244142,-1.138550236685912,-1.1008011585735678,-1.3142282964448928
2018_10_LAC_OAK,2018,10,2018-11-11T16:05-05:00,-14.0,-8.883323391580653,-9.24269657562386,2.44140625,-9.114044614208872,-9.54867136666282,-9.778766598637548,-9.448814407488852,-9.86435128976549,-9.50268642068463,-9.937840108016045,-9.778711285117648,-9.503796638789195,-9.54867136666282,-9.910473836661767
2018_10_MIA_GB,2018,10,2018-11-11T16:25-05:00,19.0,5.124309819303274,5.0673986218998515,2.44140625,7.0055039454377335,6.517114779712482,7.418967478652364,7.468904445083154,7.570888948270086,8.237268368010294,5.361048702144758,7.096844664397414,7.214288302868522,6.517114779712482,7.328034115231533
2018_10_SEA_LA,2018,10,2018-11-11T16:25-05:00,5.0,4.885941910350729,3.9183615147236894,2.44140625,3.850572910690155,5.090497569038121,5.242257408803583,4.425938753176473,5.170754584542112,6.779919329938688,5.025204832770193,5.103363501120214,5.585284341277703,5.090497569038121,4.971543276388584
2018_10_DAL_PHI,2018,10,2018-11-11T20:20-05:00,-7.0,5.454989398115514,7.588369576787672,2.44140625,7.27131613627669,7.935912542545179,7.19111512092157,6.427029367643951,7.2102527882697895,7.7774858636455235,6.932793248416407,6.104427237761424,7.789843734262847,7.935912542545179,6.818876931915946
2018_10_NYG_SF,2018,10,2018-11-12T20:15-05:00,-4.0,4.801623899278529,4.157832362397802,2.44140625,1.1683616188721022,1.8567551928130148,1.3078394563439413,1.4446554405957257,1.2298392725847411,1.0271063088903034,2.7852916219048227,1.5535810601660216,0.8616429742808132,1.8567551928130148,2.037319112576469
2018_11_GB_SEA,2018,11,2018-11-15T20:20-05:00,3.0,5.279975083339215,6.6027451492943054,2.44140625,4.6506171826897225,4.8242969898262125,3.4488174464881443,1.4469242239691589,3.4325536661334723,2.997840691673387,5.351176531728085,3.5619871148028714,3.648111859567316,4.8242969898262125,2.4694118658141324
2018_11_CAR_DET,2018,11,2018-11-18T13:00-05:00,1.0,-0.1292722509484272,-3.1677729792652762,2.44140625,-2.1413161474861724,-2.012721748486648,-2.7879654422125184,-3.371779095512256,-2.890151613687155,-2.054611050972773,-3.4701142529660762,-2.750579714908217,-2.0692128319429752,-2.012721748486648,-1.8190487968130333
2018_11_CIN_BAL,2018,11,2018-11-18T13:00-05:00,3.0,7.560874209509897,8.26292192788783,2.44140625,5.1559388026223285,5.094241895997829,4.861495168265959,3.6052406181208165,4.727063488085295,3.8525072395557585,7.881760459762021,4.692693319471498,4.871014850497023,5.094241895997829,4.898094850282503
2018_11_DAL_ATL,2018,11,2018-11-18T13:00-05:00,-3.0,1.4940026158347588,5.652742271008595,2.44140625,5.126835927638282,5.88524596778034,5.341878418099318,6.069885120834231,5.267260900617882,5.563226797856843,4.6937502590604145,5.3578121264968255,5.529936395062075,5.88524596778034,4.2901933420973215
2018_11_HOU_WAS,2018,11,2018-11-18T13:00-05:00,-2.0,1.6473582547418393,1.3324492453151,2.44140625,3.82618172000478,3.0605294246762003,1.6541611463582657,2.7430421874468283,2.2022917649124873,2.142927246891926,-0.2351248326751072,1.668629167764744,1.8300515610667525,3.0605294246762003,1.060714688838257
2018_11_PIT_JAX,2018,11,2018-11-18T13:00-05:00,-4.0,-4.317122849776531,-7.493431201089981,2.44140625,-6.332700341172746,-6.3327791583320705,-6.665558032811502,-6.05145732480671,-6.68941967879377,-6.232261587370166,-7.265543880124278,-6.69073415598249,-6.346080941924522,-6.3327791583320705,-6.466757865865968
2018_11_TB_NYG,2018,11,2018-11-18T13:00-05:00,3.0,1.6185945066059144,4.08930925983668,2.44140625,4.037429024940649,3.318729639769698,3.6092602044755333,4.41426824215999,3.8160819565859354,2.655656049435168,3.7910468437886453,3.8289755310735654,4.056914903686896,3.318729639769698,2.226331784947951
2018_11_TEN_IND,2018,11,2018-11-18T13:00-05:00,28.0,0.3241200926684069,1.4272349967580389,2.44140625,2.5542323144906947,2.4472522530047804,0.2704155797209462,1.8057571818402938,0.3934797792267295,-0.8018207719210144,0.4008998029391674,0.5426158740168521,0.38989908230513226,2.4472522530047804,0.7524786874494012
2018_11_DEN_LAC,2018,11,2018-11-18T16:05-05:00,-1.0,8.530387585308826,10.648816843344601,2.44140625,10.289279772322711,10.382388593574769,9.931809574475148,9.791422807174449,9.823282459925611,10.07327258327661,9.856727339800628,9.93059531377067,10.008974035024655,10.382388593574769,9.323532433145214
2018_11_OAK_ARI,2018,11,2018-11-18T16:05-05:00,-2.0,6.315968891159228,3.2604870708074305,2.44140625,1.6631451634039336,1.7663880253531232,1.952083656551685,-0.14786388443676612,2.112944333918591,1.755747221415544,4.2164259881528094,1.6044260727291388,1.9764856076210595,1.7663880253531232,2.3347537167235664
2018_11_PHI_NO,2018,11,2018-11-18T16:25-05:00,41.0,8.068378401054446,11.128868898713854,2.44140625,9.307885295265784,9.52482326686859,10.867887252482422,11.122567888904463,10.328849418498596,10.347758109851977,11.379459788491019,10.937738179533644,10.619711496511517,9.52482326686859,10.645157571592803
2018_11_MIN_CHI,2018,11,2018-11-18T20:20-05:00,5.0,1.6094440409070159,1.471116246134897,2.44140625,1.3811854337979965,1.1833563568473773,0.7842259786710133,1.0109442202377696,0.65538495779136,0.26057150143729024,1.3105120644323272,0.9719631831299549,1.5453927298589207,1.1833563568473773,0.32950141925397314
2018_11_KC_LA,2018,11,2018-11-19T20:15-05:00,3.0,1.5293575206271672,0.470290173940489,2.44140625,0.3509685380501153,0.6659519330916701,0.7940338456993377,-0.47449113473920157,0.728889453448599,1.027503094527384,0.449994609337936,0.6180981547047409,1.1203682314763566,0.6659519330916701,1.0912106804779063
2018_12_CHI_DET,2018,12,2018-11-22T12:30-05:00,-7.0,-1.3345297955436322,-3.1530834500270446,2.44140625,0.1986343718346888,1.9591566543730092,2.0043609168188476,1.0434249320470037,2.224259214156894,3.5039421075374557,-2.6191203370570704,1.4110024792246902,2.081069631420342,1.9591566543730092,2.5754219744881137
2018_12_WAS_DAL,2018,12,2018-11-22T16:30-05:00,8.0,4.529983599938181,1.5616078260608917,2.44140625,2.7153271299379744,3.298206443522374,4.7970874511043196,4.624786566925781,4.414978912781051,5.6996575317618055,3.6011551562508384,4.570715003022127,4.735108861516224,3.298206443522374,6.0003926899902185
2018_12_ATL_NO,2018,12,2018-11-22T20:20-05:00,14.0,11.99816696980548,11.72296513436391,2.44140625,10.12276973232833,10.212717221592506,11.204611576656795,10.03208664840544,10.835730987894374,11.06906655803597,12.398485546631033,11.154238827620707,11.111876470988213,10.212717221592506,11.71699273438114
2018_12_CLE_CIN,2018,12,2018-11-25T13:00-05:00,-15.0,4.1151129093344405,4.203533611704274,2.44140625,4.713041520312286,4.387500944241626,3.9166774275132874,3.9943228047013735,4.094946230579495,4.689940801858791,4.072145248096232,3.583499149521728,2.80643228622945,4.387500944241626,3.96135345533677
2018_12_JAX_BUF,2018,12,2018-11-25T13:00-05:00,3.0,-1.9596398098830985,-0.41648382551913055,2.44140625,-1.9295242025083221,-2.2915264132272433,-2.2529904809492556,-0.34550990279114113,-2.005926609727132,-2.799169758981285,-1.3734729434255089,-2.17649649483781,-2.2679909727504333,-2.2915264132272433,-2.2269866706027073
2018_12_NE_NYJ,2018,12,2018-11-25T13:00-05:00,-14.0,-6.965395733599625,-9.494571426728289,2.44140625,-6.751933513601349,-6.909923915605345,-7.167668218904429,-6.121477436382758,-6.869752086443476,-6.401555203008214,-10.519109363265256,-7.292153274967149,-6.992660302421404,-6.909923915605345,-6.15683434315338
2018_12_NYG_PHI,2018,12,2018-11-25T13:00-05:00,3.0,6.687899218599787,4.182240831761929,2.44140625,4.030214840517899,4.384772653263528,4.322715588410187,1.8026553626631086,4.702379451914449,5.105791657635734,3.987148815696094,3.9003482784515824,4.017281191208726,4.384772653263528,5.180462021629703
2018_12_OAK_BAL,2018,12,2018-11-25T13:00-05:00,17.0,12.013115584970567,9.740129615792847,2.44140625,7.258111685811285,7.086971249277402,6.958688932371423,3.855706398116481,7.078351355670522,6.68829659835613,10.347374963108182,7.076675697440463,6.1635875038270385,7.086971249277402,7.615287361947242
2018_12_SEA_CAR,2018,12,2018-11-25T13:00-05:00,-3.0,1.4052878289716246,-0.047769748474447704,2.44140625,1.6779075448717644,1.8185147187029,2.2883197563826796,3.276898114388172,2.148337459607997,2.345315621948562,1.8964008441689457,2.2406237970488174,2.1892770368038277,1.8185147187029,2.228757140368898
2018_12_SF_TB,2018,12,2018-11-25T13:00-05:00,18.0,2.296419767002779,-1.687382410056684,2.44140625,1.4513161900207632,0.9300852501102823,0.6907980029885268,-0.32279245181363403,0.6818610638577709,2.215400189000789,-0.5029342229257134,0.17011171737411757,0.7064881725525562,0.9300852501102823,1.8004330389671028
2018_12_ARI_LAC,2018,12,2018-11-25T16:05-05:00,35.0,10.743774589623106,14.366315646591875,2.44140625,15.365610331886163,15.750959183281278,15.125728462276575,16.436515555712898,14.932839753379703,15.730431836898969,13.633317923668919,15.473038862657663,15.015989680899402,15.750959183281278,14.270088292465172
2018_12_MIA_IND,2018,12,2018-11-25T16:25-05:00,3.0,7.906139466881303,8.484072613385653,2.44140625,9.256178598552452,9.917364078954702,10.382588122381083,10.214415193597024,9.972181768067166,9.450870525776917,9.657010412449099,10.400809547618852,11.0144053464948,9.917364078954702,10.10842346610924
2018_12_PIT_DEN,2018,12,2018-11-25T16:25-05:00,7.0,-4.2469869506169635,-5.85126410834655,2.44140625,-5.71611178724857,-5.569647395949684,-5.2688830916099185,-3.808160948171611,-5.15446969081351,-4.9532564771788685,-4.840254346470475,-5.121384034436349,-4.872091987516226,-5.569647395949684,-5.570850594644072
2018_12_GB_MIN,2018,12,2018-11-25T20:20-05:00,7.0,5.599887597276464,5.665812276835641,2.44140625,3.6356714086896824,4.273108733265798,2.9859765695941327,1.293997206245919,3.0429149021054522,2.2997878939263674,4.585160915729137,3.0325383446021776,3.183026292752665,4.273108733265798,2.4733129230136126
2018_12_TEN_HOU,2018,12,2018-11-26T20:15-05:00,17.0,3.0092094192579677,4.065520712000692,2.44140625,3.596784049033684,4.179104876666391,2.272233703358469,3.30534125304991,2.309353097079939,0.7717121429389684,2.605958855430556,2.502250424495922,1.635900718633163,4.179104876666391,2.5022725692086403
2018_13_NO_DAL,2018,13,2018-11-29T20:20-05:00,3.0,-5.207955440524978,-8.206359264338491,2.44140625,-6.7402465262476055,-7.576202311536965,-8.486836332437452,-7.480197676117717,-8.278101773931338,-9.143136894720474,-8.549073266579716,-8.625841379256013,-8.572867475406111,-7.576202311536965,-7.72723515459225
2018_13_ARI_GB,2018,13,2018-12-02T13:00-05:00,-3.0,8.986042337410982,9.799914610121654,2.44140625,12.759121821439152,12.153667574137035,12.479101229151093,13.718469918521249,12.355506012576067,13.192892569592543,9.694309815476174,12.305171268181054,11.770554364331375,12.153667574137035,12.891069507603264
2018_13_BAL_ATL,2018,13,2018-12-02T13:00-05:00,-10.0,-0.7129374125208452,2.200565191191531,2.44140625,5.048678332522574,5.432867722181196,5.66214050621768,7.701764480728289,5.498018421443341,6.546108542802156,2.433502439862349,5.339876543501228,6.008632166743842,5.432867722181196,4.43482492960683
2018_13_BUF_MIA,2018,13,2018-12-02T13:00-05:00,4.0,3.549638903697474,2.694055073014223,2.44140625,4.0462651838270265,3.596332036347263,2.9881527430034525,1.8351513575161247,3.0788727304828205,3.476088293093124,3.0610909745476533,2.873558405589616,2.9707285852133536,3.596332036347263,2.9925446631393804
2018_13_CAR_TB,2018,13,2018-12-02T13:00-05:00,7.0,-0.7543098698851463,-2.505706319600627,2.44140625,-3.13829488593748,-2.827200616659673,-3.625616059843476,-3.196403438910408,-3.701705341109759,-3.0046915539765755,-3.855505098596551,-3.835556851785713,-3.3926046833585857,-2.827200616659673,-2.3112884001257865
2018_13_CHI_NYG,2018,13,2018-12-02T13:00-05:00,3.0,-4.459635850094494,-5.269330311848332,2.44140625,-3.087077585006381,-2.647103228498133,-2.3298176385625227,-0.9825961500670228,-2.1940121899560925,-0.7020881367140575,-4.413028912908647,-2.6278691057391477,-2.399432187396471,-2.647103228498133,-2.3513186613925874
2018_13_CLE_HOU,2018,13,2018-12-02T13:00-05:00,16.0,6.468607868716084,6.890378822212714,2.44140625,6.521605319452394,7.048300992731266,6.98072629265842,6.420800287380927,6.74718122989066,6.020589114346063,6.919829310918093,6.478851633276916,6.02439759039255,7.048300992731266,7.188360382873615
2018_13_DEN_CIN,2018,13,2018-12-02T13:00-05:00,-14.0,-0.8523036822051457,0.6326572456473007,2.44140625,-0.41803374700251916,-0.8533086549216964,-1.0706531979193081,-0.08262676782405931,-1.0109956160409685,-0.3044956837702271,0.28388223841030613,-2.0636961377081167,-1.3060419739537197,-0.8533086549216964,-1.3424205375860778
2018_13_IND_JAX,2018,13,2018-12-02T13:00-05:00,6.0,0.4958363878540535,0.1246609999258167,2.44140625,-1.5954090022673664,-2.523060596064535,-3.215936300691857,-3.9284214871620073,-2.9969413823965216,-2.3269370654212373,-1.4154146189490113,-3.226111764940243,-3.6432697201537403,-2.523060596064535,-4.122430718987458
2018_13_LA_DET,2018,13,2018-12-02T13:00-05:00,-14.0,-4.163850790670289,-5.625315310084949,2.44140625,-3.6494280093504887,-4.786565266010996,-5.689526172639894,-4.73249145082287,-5.671311100702199,-6.222463271224161,-6.75363321263683,-5.630134322056348,-5.311364544453505,-4.786565266010996,-5.385495054920403
2018_13_KC_OAK,2018,13,2018-12-02T16:05-05:00,-7.0,-11.406012525534564,-9.57033889003895,2.44140625,-9.539964003367494,-10.25635536717976,-10.512321015983883,-7.46034883279519,-10.698098486252388,-12.402374774338226,-11.48356332358555,-10.357852130574717,-9.962946500712365,-10.25635536717976,-10.432088627112478
2018_13_NYJ_TEN,2018,13,2018-12-02T16:05-05:00,4.0,7.079346284508024,7.845044685655317,2.44140625,7.405269580602336,8.281638692197909,10.515979083135967,9.67249180328203,9.82041994909289,10.071581970791353,10.049169465056647,10.072279364312356,11.11640851225464,8.281638692197909,10.057740732192963
2018_13_MIN_NE,2018,13,2018-12-02T16:25-05:00,14.0,3.8923926645699476,4.329514619246384,2.44140625,4.16440015723017,3.6437409992046526,2.914930572349024,3.2930095598624183,3.067191484760638,3.44203081040249,3.6070687476607297,3.1548211118883156,2.9887094510941323,3.6437409992046526,2.681141664307077
2018_13_SF_SEA,2018,13,2018-12-02T16:25-05:00,27.0,9.661772017211627,10.999506543107168,2.44140625,12.16785135000178,11.434097627894737,10.92793501650931,8.715110321415821,10.926340665938504,10.613488733203523,10.93853209916061,10.728503487539967,10.861586488305472,11.434097627894737,10.499378471164308
2018_13_LAC_PIT,2018,13,2018-12-02T20:20-05:00,-3.0,2.3026334818081873,3.1930518250456474,2.44140625,3.1580360458447254,2.6604083694108978,1.9385685454907922,0.5703689479484205,1.9710163454987388,1.7776732168267544,2.544283815911046,1.6746635179074696,1.6201544967815904,2.6604083694108978,1.0605770569888684
2018_13_WAS_PHI,2018,13,2018-12-03T20:15-05:00,15.0,3.7633331807584134,1.2159871030722689,2.44140625,2.8445298496457516,3.5282133069092025,4.295432594941462,3.4859979855575283,4.2763577720428145,6.37489842466581,2.8791619286362486,4.040131583466836,4.489524292834465,3.5282133069092025,4.711856129878517
2018_14_JAX_TEN,2018,14,2018-12-06T20:20-05:00,21.0,2.3549314436889373,1.5407957844193358,2.44140625,2.2630883642224946,3.09620434336317,4.945863224140249,4.684071183847808,4.963647217106626,5.894223937732365,3.1529620863797443,4.483828555701661,5.3468508697952135,3.09620434336317,4.834464522486281
2018_14_ATL_GB,2018,14,2018-12-09T13:00-05:00,14.0,3.1779979100745095,6.0177166195974054,2.44140625,6.324754339708718,5.238134770884606,5.301360346340969,5.233741538275773,5.163088993500966,5.978490580771312,5.966096045654909,5.461081683252308,1.0821240911494805,5.238134770884606,5.968103876922897
2018_14_BAL_KC,2018,14,2018-12-09T13:00-05:00,3.0,5.117883644833551,6.489459383772876,2.44140625,9.189939021232712,10.060237459837982,9.703237888251088,11.179464533051831,9.81139101868951,11.47069566859246,6.825863445647212,8.770221156083368,10.154647254147564,10.060237459837982,8.788264708592944
2018_14_CAR_CLE,2018,14,2018-12-09T13:00-05:00,6.0,-1.3508824915897875,-2.2910282576826475,2.44140625,-3.491608884156981,-3.1525575232964185,-3.2285138491213408,-2.5918583602586356,-3.133764494953722,-3.4682834194351275,-2.794310237719701,-2.7747553111718135,-2.244925534136965,-3.1525575232964185,-2.7171356865755003
2018_14_IND_HOU,2018,14,2018-12-09T13:00-05:00,-3.0,4.730025760918551,5.839683435833625,2.44140625,3.899163114284988,4.411657570150106,4.3909178439164585,3.4668016284563903,4.376791621951945,4.160983278489043,5.106574782943257,4.288719735888752,3.752709815388794,4.411657570150106,3.4407672859593466
2018_14_NE_MIA,2018,14,2018-12-09T13:00-05:00,1.0,-7.330283177627367,-8.626723079682435,2.44140625,-7.540434499078369,-7.678892096064603,-7.130494802040812,-5.9247092180989585,-7.269721333764333,-8.260932965363105,-7.867955171599663,-7.369303432554623,-7.0679685169329645,-7.678892096064603,-6.054489587581335
2018_14_NO_TB,2018,14,2018-12-09T13:00-05:00,-14.0,-7.357282011778297,-11.459750075764774,2.44140625,-9.842984441388213,-10.305986434667775,-12.490111015124787,-11.26228195883705,-12.506683656174824,-11.3947473028492,-12.318998905270853,-12.620872088766898,-12.34668594107433,-10.305986434667775,-11.168509404812902
2018_14_NYG_WAS,2018,14,2018-12-09T13:00-05:00,-24.0,3.4691584548511996,3.0534278006959625,2.44140625,1.5555220957043583,0.9486849331916987,0.19460265831882495,-0.5063473424205109,0.46873428420685026,-1.1943119660040566,1.1232705631066793,0.1259337522598456,-0.3766784855929046,0.9486849331916987,1.0144397108535943
2018_14_NYJ_BUF,2018,14,2018-12-09T13:00-05:00,-4.0,2.600229706608614,3.7360149076054316,2.44140625,3.4454794579552424,3.0645109451091908,3.5117249714914816,5.832993612015643,3.3345816216400115,2.336752154311914,3.324487827920067,3.4781057852841175,3.9618379348637722,3.0645109451091908,3.908734492330257
2018_14_CIN_LAC,2018,14,2018-12-09T16:05-05:00,5.0,12.493383843391605,14.123023637313398,2.44140625,14.970544886736112,15.821165686081887,15.519601788151368,14.890712723591953,15.091056546105293,14.558969993544238,13.349854386901571,15.482734213712604,16.02034245053995,15.821165686081887,15.400549602748772
2018_14_DEN_SF,2018,14,2018-12-09T16:05-05:00,6.0,-3.5752593275357913,-3.4255828300758204,2.44140625,-4.498075711318139,-4.320544831108449,-4.897032934636183,-3.336247594907622,-5.0766172581010895,-3.8660697125173935,-4.730424186539315,-4.841454521942078,-5.120706128134562,-4.320544831108449,-4.762509134251647
2018_14_DET_ARI,2018,14,2018-12-09T16:25-05:00,-14.0,-0.9128613727792625,0.1030635882032862,2.44140625,-1.8708668030853897,-1.9090083501392003,-1.317277108842925,-1.0724610286455785,-1.3003382836582427,-1.4018547482858459,-0.05677600602707672,-2.1469011665374516,-1.2645533471572565,-1.9090083501392003,-1.6945726340510583
2018_14_PHI_DAL,2018,14,2018-12-09T16:25-05:00,6.0,3.5599995257852943,4.524839908579657,2.44140625,3.9501533261559305,3.6703099800858707,4.0385240129719575,4.993042302558322,3.5835237479798674,2.326122689464827,4.5327112612651534,4.0994397703509655,3.800373962191657,3.6703099800858707,4.194769115417279
2018_14_PIT_OAK,2018,14,2018-12-09T16:25-05:00,3.0,-9.260849509493138,-10.02643004181331,2.44140625,-9.893616400266774,-10.106230454439423,-10.041585511186366,-7.005222101427253,-10.093901834350035,-10.130423052741826,-10.107880028876398,-8.771858690573369,-9.2869766842771,-10.106230454439423,-9.995310966253518
2018_14_LA_CHI,2018,14,2018-12-09T20:20-05:00,9.0,-0.7766843439150168,-0.4041916801885248,2.44140625,-1.193854611847649,-1.9448175589381602,-2.779879558221391,-1.329796244777341,-3.0297161142192763,-4.05339805782928,-2.0919467675111028,-2.645583215340007,-2.3833837501839605,-1.9448175589381602,-2.6451912595632834
2018_14_MIN_SEA,2018,14,2018-12-10T20:15-05:00,14.0,4.121917029396859,4.8773480459971195,2.44140625,4.623335522140485,4.268223624111868,4.159848458947759,3.842068316083828,3.7692198605785667,4.430350286091463,4.857195422908147,4.315399066785584,4.192443138180598,4.268223624111868,3.846503470045235
2018_15_LAC_KC,2018,15,2018-12-13T20:20-05:00,-1.0,3.394662111640053,1.8481442694087042,2.44140625,2.106621007837185,2.207282326125194,1.4472339257664606,0.7750467053074024,1.7779694545564608,2.00587112404296,1.8645848604455506,1.310329747754185,1.2350131066053527,2.207282326125194,1.63307818565145
2018_15_HOU_NYJ,2018,15,2018-12-15T16:30-05:00,-7.0,-4.096308569320952,-5.944825355561489,2.44140625,-6.426912037422049,-6.559097237364648,-7.862027449824027,-7.143975175946849,-7.522316929952705,-6.955341685467642,-7.284774093925645,-7.9048426491591615,-7.974675948244552,-6.559097237364648,-7.152949750277833
2018_15_CLE_DEN,2018,15,2018-12-15T20:20-05:00,-1.0,5.03162065238591,6.558642759892855,2.44140625,5.799948227589567,6.023725267089875,5.508224595538006,5.074048567869593,5.607171823656947,4.26038537040922,6.105565111584022,5.1467468068797375,5.091394329803988,6.023725267089875,5.35882074447669
2018_15_ARI_ATL,2018,15,2018-12-16T13:00-05:00,26.0,6.68002331702197,8.464543998251457,2.44140625,10.592062073916864,11.088577073730889,11.021963110173578,11.691320567713941,10.848414528399559,11.244691692216584,8.08954157254757,11.060204124250188,10.646581164726571,11.088577073730889,11.180995557759314
2018_15_DAL_IND,2018,15,2018-12-16T13:00-05:00,23.0,0.9248038344734306,0.10118799958754032,2.44140625,1.1776913852504283,1.5477305594802067,0.49944405900891664,1.0942646921527124,0.7224402321676211,0.5934243845031033,-0.40010641465188224,0.547084191107811,1.3395425793627806,1.5477305594802067,1.3903443928195096
2018_15_DET_BUF,2018,15,2018-12-16T13:00-05:00,1.0,-2.2894334090693302,0.39952245299121514,2.44140625,-1.1191001204348123,-1.2271488991001742,-0.6061317383825804,1.961283542428455,-0.7593642501738578,-1.328189987248454,-0.556186877941617,-0.6651978126192106,-0.9808055121157095,-1.2271488991001742,-1.1522882299754786
2018_15_GB_CHI,2018,15,2018-12-16T13:00-05:00,7.0,6.00891538318387,6.026278020911084,2.44140625,3.6858396408616088,4.65581447808472,3.2659982148367326,2.352805583089341,3.3168051627702266,2.0156507088389524,4.793489345146835,3.1643331372682395,2.7328502117875844,4.65581447808472,3.201000702807235
2018_15_MIA_MIN,2018,15,2018-12-16T13:00-05:00,24.0,8.056121951625624,8.198604597322841,2.44140625,7.738522731256865,8.225964782648909,7.717918339655385,6.574547736002333,8.020986826103002,7.5207261634592975,7.134515218034058,7.581193128445845,7.62744290714361,8.225964782648909,7.428078850547089
2018_15_OAK_CIN,2018,15,2018-12-16T13:00-05:00,14.0,4.902667281606958,3.804870880714479,2.44140625,2.419991929243726,2.3405496227432785,2.378932525182756,1.5565873785592925,2.782457078055202,2.9537056893100946,4.296272025872851,2.3005178037494627,1.7866662679386331,2.3405496227432785,2.3475207549496013
2018_15_TB_BAL,2018,15,2018-12-16T13:00-05:00,8.0,7.740948974543938,7.457783908998941,2.44140625,3.6721341505955394,3.535743546948448,3.7567078934207947,1.19515260356371,3.8404291880571693,2.914342705878689,6.679062486978591,4.0986906499493,3.4562421428784775,3.535743546948448,4.089173453388646
2018_15_TEN_NYG,2018,15,2018-12-16T13:00-05:00,-17.0,0.9191843626600005,1.4063706144510892,2.44140625,1.9621201569481936,1.9326118346140497,-0.4321822534819122,0.831539653150454,-0.31516312959104664,-0.720487669476554,-0.6623061625062324,-0.07065798351804808,-0.3809595969242674,1.9326118346140497,-0.45838573538370864
2018_15_WAS_JAX,2018,15,2018-12-16T13:00-05:00,-3.0,3.4599654553532035,4.6587062407931805,2.44140625,5.438403997629616,4.012126657859662,4.471304732955769,4.157809790975426,4.002210856540436,4.902623461862092,5.595281867992865,4.3458081405858415,4.817041520995909,4.012126657859662,3.853496553119955
2018_15_SEA_SF,2018,15,2018-12-16T16:05-05:00,3.0,-7.2852179878599355,-7.010484980294615,2.44140625,-7.9198777739826305,-7.170154063518924,-7.402189473518883,-4.573401454898587,-7.576323532102014,-6.739373626583595,-7.331115824749229,-7.40706809959544,-7.2663005507729,-7.170154063518924,-7.457526100774466
2018_15_NE_PIT,2018,15,2018-12-16T16:25-05:00,7.0,0.9075080755825691,0.526351624610722,2.44140625,0.08572966546242389,0.5501001193972843,1.3200769455296602,1.0166526995344698,1.037881637585627,0.9236770609809571,1.0611679344685216,0.9417673221771727,1.1436180687129465,0.5501001193972843,1.6616350764133763
2018_15_PHI_LA,2018,15,2018-12-16T20:20-05:00,-7.0,7.149131867771963,8.235058722262224,2.44140625,8.65417326276108,11.2454524357967,11.034543935309033,10.286840041124202,11.619818715470842,10.497043233490752,7.3932443560848276,10.81026932346441,11.242845300965335,11.2454524357967,10.070750771573568
2018_15_NO_CAR,2018,15,2018-12-17T20:15-05:00,-3.0,-6.3156386583617845,-8.805758884651063,2.44140625,-7.231890279619174,-8.076847512084544,-9.824954668358284,-8.360748464176648,-9.596382180028423,-8.526783127796893,-9.682427174067735,-9.897372376798451,-9.806351850527854,-8.076847512084544,-9.426562497020775
2018_16_WAS_TEN,2018,16,2018-12-22T16:30-05:00,9.0,6.97109860053681,5.489838522890719,2.44140625,6.344088348284306,5.718635968163298,7.577676841900121,5.872187638738981,7.220961320573658,8.890298388842591,7.609351769538388,7.199268046836529,8.222109966631535,5.718635968163298,7.669622086793915
2018_16_BAL_LAC,2018,16,2018-12-22T20:20-05:00,-12.0,4.2157098179322645,5.428057236349049,2.44140625,6.8257789862699205,7.685202345676272,7.495727561853666,8.707645392067503,7.4311579797399,8.487254774825939,4.377322522995263,7.248486155923929,8.110714601257238,7.685202345676272,7.670604304663581
2018_16_ATL_CAR,2018,16,2018-12-23T13:00-05:00,-14.0,3.6732649560092576,0.10124130782009955,2.44140625,-3.558144187596656,-4.4786326633875735,-5.114524195428262,-6.883948515649548,-5.087767080321328,-3.8737597578989567,0.22889896763754125,-4.765663761252217,-5.313829419676395,-4.4786326633875735,-4.5449742522353676
2018_16_BUF_NE,2018,16,2018-12-23T13:00-05:00,12.0,12.614077835432306,13.093477356094873,2.44140625,14.093615858493546,14.104208384744805,12.31238026376462,9.886545380458628,12.618613282272946,13.440753135777733,11.714915225375801,12.391858038291462,12.393930113890963,14.104208384744805,12.06075661316585
2018_16_CIN_CLE,2018,16,2018-12-23T13:00-05:00,8.0,3.782760834718375,2.3999244936743565,2.44140625,3.7314759530045136,3.9743030856339456,4.0485316098340665,3.4710179973022326,3.9652457269849464,4.17567726241386,2.6963980420134392,4.265484255135699,5.0151865551646635,3.9743030856339456,3.8109088444120283
2018_16_GB_NYJ,2018,16,2018-12-23T13:00-05:00,-6.0,-2.6484635444492994,-1.8415654793441636,2.44140625,-4.206659277969356,-3.094972001366481,-4.30760564414209,-3.671695722756888,-4.31798250648724,-4.814663178526208,-2.640380715687584,-4.434315540382422,-5.542501002751175,-3.094972001366481,-4.401227204800117
2018_16_HOU_PHI,2018,16,2018-12-23T13:00-05:00,2.0,2.42208270461027,-0.15922355956728174,2.44140625,0.357914318550417,-1.562970523692279,-2.494529148611539,-3.3464112733917624,-2.6152446391689157,-1.518244027654899,0.5954517646807074,-2.5722485579049663,-2.324868273058195,-1.562970523692279,-1.8430111010556276
2018_16_JAX_MIA,2018,16,2018-12-23T13:00-05:00,-10.0,0.766767812177378,1.3603663235112402,2.44140625,1.960963784057339,2.7611627126806644,2.140802407676837,2.678224652039623,2.2814316497604747,2.141885258931433,1.2402726448316388,2.096527835184886,2.056065052182104,2.7611627126806644,2.0831992996665725
2018_16_MIN_DET,2018,16,2018-12-23T13:00-05:00,-18.0,-1.9461684363251237,-2.9776873911789448,2.44140625,-2.5074230487845224,-2.744930869869531,-3.109962026801485,-2.435884863795303,-3.292955511599409,-3.0577043275650455,-2.4921683005703916,-2.9342802279257723,-2.539002861114704,-2.744930869869531,-2.9449441902756557
2018_16_NYG_IND,2018,16,2018-12-23T13:00-05:00,1.0,7.429733881520178,7.682510256712464,2.44140625,7.887690925788574,8.110727556304052,8.068827754628218,6.721246462909413,7.861710063988722,7.456014624636621,8.648013773825063,8.00002929491491,8.261639135057761,8.110727556304052,7.965268809168938
2018_16_TB_DAL,2018,16,2018-12-23T13:00-05:00,7.0,5.081152598924001,5.159019512804147,2.44140625,3.954124249861125,3.6204500667502346,4.818875724947947,4.37489752588497,4.567778537886854,4.082844735452582,5.501937853690061,4.934010437367557,4.552979491903542,3.6204500667502346,5.086923589687283
2018_16_CHI_SF,2018,16,2018-12-23T16:05-05:00,-5.0,-5.095163189934275,-4.474129290349252,2.44140625,-5.113327110205463,-4.817455675905086,-4.754408824014897,-2.759345161428652,-4.849235572762643,-2.9416467633809296,-4.579639924582462,-4.63600504993687,-5.221185580413229,-4.817455675905086,-5.0428964812576345
2018_16_LA_ARI,2018,16,2018-12-23T16:05-05:00,-22.0,-9.688231977237393,-9.014165025223543,2.44140625,-11.670687189037869,-12.534750575718565,-12.65561596480955,-10.454366144600467,-12.957450473510487,-13.388406290864438,-9.913629823628309,-12.84274712375436,-12.50886573586584,-12.534750575718565,-12.26188309616652
2018_16_PIT_NO,2018,16,2018-12-23T16:25-05:00,3.0,7.351913420711364,6.954515567813665,2.44140625,6.734961302607898,7.125941981536427,9.086361957080936,8.546508951676923,9.221817681104177,8.080931474716873,8.571025290315259,8.966718675470206,9.19160265065933,7.125941981536427,9.312513964788437
2018_16_KC_SEA,2018,16,2018-12-23T20:20-05:00,7.0,1.4847273822699227,-0.11474627681690386,2.44140625,-0.8200935207133738,-1.8640519562736593,-1.0928095113154064,-1.2921073544425097,-1.2679950230323014,-0.9941143043121221,0.19943465343594924,-1.0716557170080137,-1.1290465977924224,-1.8640519562736593,-0.2991482891460371
2018_16_DEN_OAK,2018,16,2018-12-24T20:15-05:00,13.0,-4.176905578612313,-3.37611784256138,2.44140625,-3.256557015485095,-3.5223680348500555,-3.8192193696257375,-1.9462107386695777,-4.092624091847013,-2.8385505903557755,-4.389232293330926,-3.8718431339279347,-3.6584119578227434,-3.5223680348500555,-3.662288041878462
2018_17_ATL_TB,2018,17,2018-12-30T13:00-05:00,-2.0,-0.10229624870824283,-1.293778355829281,2.44140625,-1.165747386966798,-1.4687467645721113,-2.344534115258447,-3.0302184054593058,-2.444509197449383,-1.8963672713168473,-1.082067589203036,-2.531212220367752,-2.229271548826663,-1.4687467645721113,-2.437364313765486
2018_17_CAR_NO,2018,17,2018-12-30T13:00-05:00,-19.0,11.81739422475486,13.041560933421698,2.44140625,12.520191746589088,11.340046939126136,12.903470555839915,10.05356222703513,12.589713628873717,12.950597554352598,13.552762760244164,12.534772479270146,13.053491740161288,11.340046939126136,12.972673574023995
2018_17_DAL_NYG,2018,17,2018-12-30T13:00-05:00,-1.0,-0.6666135610134347,-1.2498346504462203,2.44140625,-0.9482067002122787,-0.8204426230969278,-1.9536149431145273,-1.00798211807467,-1.772852019462243,-0.6903804781466092,-2.5227992129339345,-1.9098804111464782,-1.2720377654073538,-0.8204426230969278,-1.7161220264943196
2018_17_DET_GB,2018,17,2018-12-30T13:00-05:00,-31.0,5.2331681345838374,4.7023977628085865,2.44140625,-1.598490728558403,-1.3792023343508983,-0.4774948936374135,-2.7493917625549393,-1.3839016754794828,0.15130625462432779,5.318948524109519,-0.3890139474708374,-0.19821158390591131,-1.3792023343508983,-0.15715390828255105
2018_17_JAX_HOU,2018,17,2018-12-30T13:00-05:00,17.0,6.6536159242819295,8.192148836326975,2.44140625,7.009186535278246,6.882337102290871,7.102819131905847,6.11483767834946,7.027682677622799,7.665444086022331,8.53473566334543,7.332221558237281,6.923393876373035,6.882337102290871,6.230518094064949
2018_17_MIA_BUF,2018,17,2018-12-30T13:00-05:00,25.0,2.559080248418452,4.068980557504263,2.44140625,2.2732660919149197,2.4218210078840494,2.5721547940455745,3.8036326864909635,2.46932714072084,2.037065996391434,3.3438814452966263,2.625900322183028,2.6270934437328104,2.4218210078840494,2.1406946926609125
2018_17_NYJ_NE,2018,17,2018-12-30T13:00-05:00,35.0,12.394066845539635,14.193319696918353,2.44140625,14.846195428316108,14.379122617680814,12.932777359086183,11.738323172061486,13.414487403377887,13.063662199491777,12.066808952246795,13.123132694755737,13.27649800173008,14.379122617680814,11.617191310222138
2018_17_ARI_SEA,2018,17,2018-12-30T16:25-05:00,3.0,15.997866669037357,17.386030485875914,2.44140625,18.15112198781602,18.21378612792806,17.426137265550388,15.260272069705069,17.408460665860524,18.407553448317486,16.378502485953288,16.25184507701877,16.96600134693717,18.21378612792806,17.594859491302028
2018_17_CHI_MIN,2018,17,2018-12-30T16:25-05:00,-14.0,3.2219994339976,3.3134753681638855,2.44140625,3.1473749854742405,3.1092036908985303,2.849889709685875,3.343412558403263,3.261739862499077,3.2072234316201977,2.9462202536293924,2.6516122042451378,2.3064804646147596,3.1092036908985303,3.0006392222013814
2018_17_CIN_PIT,2018,17,2018-12-30T16:25-05:00,3.0,10.436378185863513,10.112122321356905,2.44140625,10.828772353225085,11.249584439437502,10.379359237658342,8.304415739601387,10.260238920603928,10.667836436138163,8.936706435521211,10.13594338229645,10.554886524992824,11.249584439437502,10.703217329706293
2018_17_CLE_BAL,2018,17,2018-12-30T16:25-05:00,2.0,8.91809061767455,8.92258240463697,2.44140625,7.051322112355583,6.929451685507303,6.362733681626144,3.7061741193008966,6.3940464258446035,5.232165762072869,8.482785731156063,6.107446289908459,5.476542080257017,6.929451685507303,6.5703877691242605
2018_17_LAC_DEN,2018,17,2018-12-30T16:25-05:00,-14.0,-3.1791272641809964,-3.4370122390504774,2.44140625,-3.5198369150715854,-4.1319253768920134,-4.411964638665262,-2.7862715781380145,-4.341037679441361,-5.540700831250197,-2.7377569095838714,-4.3332477643671385,-4.365650858737744,-4.1319253768920134,-4.477310897798082
2018_17_OAK_KC,2018,17,2018-12-30T16:25-05:00,32.0,13.317492590910671,11.560554430268095,2.44140625,11.855523222051536,12.589740670694221,10.95120470598801,8.239534274606283,11.446118367922338,12.222217015688685,10.781480319403867,10.713178141200828,10.708201198077457,12.589740670694221,10.895524330435508
2018_17_PHI_WAS,2018,17,2018-12-30T16:25-05:00,-24.0,-2.4630320511239248,-0.3214902112800049,2.44140625,-1.6474692870431449,0.16122715350254224,0.08251731804900142,2.4412145253570667,0.5743653915176861,-2.27021934192953,-2.7713522417167544,0.022878813045835722,-0.07865498119093384,0.16122715350254224,0.1958872499848585
2018_17_SF_LA,2018,17,2018-12-30T16:25-05:00,16.0,11.686074008380057,10.057569522171212,2.44140625,11.55779471944337,11.9873731288199,12.259763546300723,9.597192677976597,12.55723172965989,11.597234960974841,11.148908680488226,11.834756833338528,12.398666344183265,11.9873731288199,12.411557791305961
2018_17_IND_TEN,2018,17,2018-12-30T20:20-05:00,-16.0,2.4733570562925737,3.1777532412558203,2.44140625,-0.5909415249980512,-0.6686606381527573,0.3923940948874505,-0.4024648801309276,0.06104379250921771,0.3990142553258784,3.231269028649639,0.06066263944515815,0.3079172063588942,-0.6686606381527573,-0.3249035957994466
2019_01_GB_CHI,2019,1,2019-09-05T20:20-04:00,-7.0,5.595362779922368,6.440745758560291,2.4016927083333335,5.0682857325545205,5.92475927257158,5.750690893623511,6.674270423194982,5.530611332187684,4.015928877204501,6.162861615328823,3.813158259410144,6.971667588557166,5.92475927257158,5.708554611917252
2019_01_ATL_MIN,2019,1,2019-09-08T13:00-04:00,16.0,3.695468142970097,2.8075411078495645,2.4016927083333335,1.9711974007634945,1.9998048208898873,2.5404257650150637,1.2742904027542985,2.832036542205056,3.0216945459001923,2.828330949742724,0.6220277131457097,2.4292773833362675,1.9998048208898873,2.700072702041563
2019_01_BAL_MIA,2019,1,2019-09-08T13:00-04:00,-49.0,-3.0765399809939673,-0.9720105220471937,2.4016927083333335,0.8016707176633378,1.1502090449041424,0.25125368786739255,-0.3888899829370889,0.4328463857275895,1.922640422057678,-1.3516482645649788,-4.178050471287998,-0.43827751899487855,1.1502090449041424,-0.26231853331762567
2019_01_BUF_NYJ,2019,1,2019-09-08T13:00-04:00,-1.0,1.0639496572889122,-2.332593774351236,2.4016927083333335,-2.596484842595955,-2.836060882934275,-3.0783654544464385,-5.759892165819804,-3.1950761047844214,0.02671749590111272,-2.3382219907039943,-0.20634403555858216,-4.026560607294392,-2.836060882934275,-3.3011358061688534
2019_01_KC_JAX,2019,1,2019-09-08T13:00-04:00,-14.0,-2.161102595088243,4.30387786384912,2.4016927083333335,4.2461465596278005,4.717486101577334,5.629043416662826,4.288425595066842,5.771416300736175,6.160334267639978,4.47714046801372,-5.656092608456521,5.480940337570626,4.717486101577334,5.337817541579904
2019_01_LA_CAR,2019,1,2019-09-08T13:00-04:00,-3.0,-0.004684562269423154,-1.2382129760252851,2.4016927083333335,-0.7931856036747582,-1.5750383616753778,-0.22388571184707473,0.09163381807766835,-0.25834549921325434,0.0331482678428241,-0.1460121722359583,0.19547946714016717,-0.5170418561376036,-1.5750383616753778,-0.4609291658429262
2019_01_TEN_CLE,2019,1,2019-09-08T13:00-04:00,-30.0,1.74258468700213,1.5507431488129817,2.4016927083333335,1.052257905686948,0.7750590492940992,0.932821905020031,1.1644848211468108,0.5682580151312706,2.0216109729239307,2.222755706643804,1.955099088501582,-0.37980481484424633,0.7750590492940992,0.7396408452954928
2019_01_WAS_PHI,2019,1,2019-09-08T13:00-04:00,5.0,6.481516025561962,2.101502214564314,2.4016927083333335,3.031565993541686,1.8597108501921307,1.5588174820929626,1.6465892910447366,1.2392089462672873,1.829244834964777,2.600278950950949,7.046879847546785,1.8163191840107404,1.8597108501921307,1.493334499196475
2019_01_CIN_SEA,2019,1,2019-09-08T16:05-04:00,1.0,5.967118084074336,5.1084568654477645,2.4016927083333335,4.612340386348222,4.916397352137706,4.311202738978002,6.006387348342534,4.056103639300837,3.1218377327721227,4.850317347450553,5.839424800534258,5.212452740616647,4.916397352137706,4.183491644971962
2019_01_IND_LAC,2019,1,2019-09-08T16:05-04:00,6.0,3.340837746815378,3.233612075580502,2.4016927083333335,3.7944511034044357,5.0778687003491685,5.106403995747245,5.338914667424912,5.360452372819075,5.804304368195882,2.5961086028156393,4.808212833287059,4.808395961775082,5.0778687003491685,4.971749100769179
2019_01_DET_ARI,2019,1,2019-09-08T16:25-04:00,0.0,-0.9113640733296515,-4.318465482084541,2.4016927083333335,-7.3658085106822,-7.513404759936844,-8.674137629454481,-10.167110419555621,-8.496083964536496,-7.5432508144735,-5.560332257659167,-5.521429593654258,-10.108030712010677,-7.513404759936844,-9.186574337753285
2019_01_NYG_DAL,2019,1,2019-09-08T16:25-04:00,18.0,4.10831076343071,5.555759871181005,2.4016927083333335,5.58863449231269,5.139345820188727,5.2231785792650145,5.332554854802757,4.9826159163467265,4.279686164195008,5.310287389265765,5.337533070264492,4.464243500619193,5.139345820188727,5.092498880548288
2019_01_SF_TB,2019,1,2019-09-08T16:25-04:00,-14.0,3.528447269960604,1.4922906147642736,2.4016927083333335,1.7677320818005469,2.5133500335527943,1.952038838334832,2.1650808147930567,1.7532858735984211,0.3239420453128208,2.085199641576668,6.034213395972859,0.8142693065144311,2.5133500335527943,1.831818989060336
2019_01_PIT_NE,2019,1,2019-09-08T20:20-04:00,30.0,3.681948577741902,7.244321131183952,2.4016927083333335,8.182509009371103,8.058325710272744,7.3196442576165675,8.924221273445394,7.320063120077984,5.005678090339286,6.341194485915912,4.243425651556425,7.42430312770482,8.058325710272744,7.3852756359421505
2019_01_HOU_NO,2019,1,2019-09-09T19:10-04:00,2.0,4.598080967493259,8.395593189400836,2.4016927083333335,8.738180703162874,9.083571581865886,9.274465671696618,9.13470375359233,9.603833721126076,9.531290071497018,8.368570363500359,5.316057695435166,9.091457504911546,9.083571581865886,9.09984717992559
2019_01_DEN_OAK,2019,1,2019-09-09T22:20-04:00,8.0,0.15500382884212982,-4.071608946091695,2.4016927083333335,-4.499194838373315,-3.8877408154227826,-3.9630558012213193,-4.6500555293088395,-3.9603768343573327,-3.930433787804427,-4.253942347875226,-1.629921664036137,-2.364087030812878,-3.8877408154227826,-3.99203427667376
2019_02_TB_CAR,2019,2,2019-09-12T20:20-04:00,-6.0,4.973434508748749,6.988034374481668,2.4016927083333335,6.734285540834179,6.919341201621368,9.268055988698471,10.165069851041288,9.227487280412916,9.25454256105711,8.892346107421796,7.954376052160207,7.829952398969433,6.919341201621368,9.355187171700237
2019_02_ARI_BAL,2019,2,2019-09-15T13:00-04:00,6.0,9.867049028226724,11.686613211727606,2.4016927083333335,10.309550256806187,10.241197986807837,11.39378332901054,13.275106587165114,10.843682931775266,10.014758884465094,13.352849689775582,12.547020719063228,10.202009534749562,10.241197986807837,12.102854929212551
2019_02_BUF_NYG,2019,2,2019-09-15T13:00-04:00,-14.0,2.1284872105881756,1.5864771838302103,2.4016927083333335,2.462033640339747,2.52832979649797,2.638807404258925,1.9057783633136172,2.5418152487800416,4.2528398694641,1.7334788140475883,2.5661349815868633,2.92230209973101,2.52832979649797,2.993071468346693
2019_02_DAL_WAS,2019,2,2019-09-15T13:00-04:00,-10.0,-1.1949732402300448,-3.3555698633053814,2.4016927083333335,-4.600488907182387,-3.509184255913349,-4.30593246834786,-4.6871304440912525,-3.9231679033659117,-3.8000744739887953,-4.513764493278877,-3.329708301451002,-4.215615528177868,-3.509184255913349,-4.074248891929214
2019_02_IND_TEN,2019,2,2019-09-15T13:00-04:00,-2.0,2.80061391791319,1.505545999660892,2.4016927083333335,2.630514708555602,3.370067767540524,3.4420061410442684,3.161616971636317,3.8439114813615642,3.989327732129327,1.450422982623829,3.2532244127672802,3.529871504542167,3.370067767540524,2.814438978079721
2019_02_JAX_HOU,2019,2,2019-09-15T13:00-04:00,1.0,6.435560145750196,7.495459264195885,2.4016927083333335,8.519965991520102,8.381312222503263,7.836271286272226,8.133576345154468,7.6823638415473,7.50634849006711,7.063959119492572,7.76729672400629,7.760690679748787,8.381312222503263,7.830205214572496
2019_02_LAC_DET,2019,2,2019-09-15T13:00-04:00,3.0,-0.5987145332625872,-1.2267236525417196,2.4016927083333335,0.8497221807682607,0.08104008132334917,0.010424016132087988,1.0973515913996914,0.11825712501425989,-0.8109202294938944,-0.6862706125355554,0.022364003442934877,0.19654927073336126,0.08104008132334917,-0.15447720973649337
2019_02_MIN_GB,2019,2,2019-09-15T13:00-04:00,5.0,0.3570997798455866,-0.33872794060937883,2.4016927083333335,1.7295637118346763,0.6649916624419125,0.31095549954377555,-0.5420071298901391,0.2956210391383487,1.39463436735674,-0.2832457826250841,0.2399504615157282,1.6540299385302664,0.6649916624419125,0.17104909030062876
2019_02_NE_MIA,2019,2,2019-09-15T13:00-04:00,-43.0,-7.040523204267956,-12.31284010163514,2.4016927083333335,-11.910617956310436,-11.365206078216108,-11.870232257468587,-14.726955659205007,-11.464980963017505,-9.46482750324715,-12.143786712676963,-12.13045776701675,-10.55343933710558,-11.365206078216108,-12.020385935255687
2019_02_SEA_PIT,2019,2,2019-09-15T13:00-04:00,-2.0,1.3158765012232323,1.3533626426921546,2.4016927083333335,1.412288357460156,1.2121688650810443,1.7288903600327277,0.8746228878432547,1.9374525514395222,2.4831364719616253,1.4837695175052683,1.7250953448526682,1.676984413308935,1.2121688650810443,1.4300361161151152
2019_02_SF_CIN,2019,2,2019-09-15T13:00-04:00,-24.0,2.089606199963856,0.9423461734730423,2.4016927083333335,0.7778844795678574,1.4892040305645857,1.5285334221335751,0.6874380561830804,1.703956475019405,1.858830216434658,0.6140139964165012,1.2408964831548384,2.4587571235859644,1.4892040305645857,1.654173292858531
2019_02_KC_OAK,2019,2,2019-09-15T16:05-04:00,-18.0,-4.609476943668577,-6.105162655269913,2.4016927083333335,-7.4601794044487635,-6.817830023603752,-6.331005785157859,-7.361054651088119,-6.457584282119264,-5.754292977158666,-5.872763423490368,-6.297792139547299,-6.036896097941707,-6.817830023603752,-6.87748790907835
2019_02_CHI_DEN,2019,2,2019-09-15T16:25-04:00,-2.0,-0.9258733800598566,-1.4519632805422358,2.4016927083333335,-1.82633143416203,-1.742204286071079,-1.7026609108482575,-1.983914828093231,-1.6586958547486912,-1.6699077690218318,-1.5970655598469392,-1.5900379391556652,-1.00971419860045,-1.742204286071079,-1.3851479876647912
2019_02_NO_LA,2019,2,2019-09-15T16:25-04:00,18.0,2.265492180283781,1.9623914307424133,2.4016927083333335,2.7109023079643957,2.7052569004867775,2.391103348497111,2.406694117613501,2.3296237590970352,0.8696772270563509,2.4095184073803884,2.3822528603889044,2.5996957639361717,2.7052569004867775,2.4891357069890896
2019_02_PHI_ATL,2019,2,2019-09-15T20:20-04:00,4.0,0.39628820550530275,1.5470067923877555,2.4016927083333335,1.5540147651122185,1.7355443059033253,0.7846337197349353,1.5216456156620417,1.0594574735439495,1.269238417977149,-0.12076805777900645,-0.2754839008188785,0.6918905390291405,1.7355443059033253,0.7001461165889205
2019_02_CLE_NYJ,2019,2,2019-09-16T20:15-04:00,-20.0,1.0523420887191857,0.8253848751248911,2.4016927083333335,-0.48863370731311073,-0.8164986515835597,-1.6620744007531851,-2.1432326447692867,-1.746909346760054,-2.4930362170738896,-0.19027405031307376,-0.4592843398889118,-1.609936632006571,-0.8164986515835597,-1.7440610004482135
2019_03_TEN_JAX,2019,3,2019-09-19T20:20-04:00,13.0,-0.7278367550885951,-2.150004502176517,2.4016927083333335,-3.6271045025898845,-3.6416069060301934,-3.6169439938367796,-3.917414851029682,-3.65847392140038,-2.273105172216084,-2.135289251815657,-3.373855967484026,-3.9016507562791984,-3.6416069060301934,-3.6056072839842654
2019_03_ATL_IND,2019,3,2019-09-22T13:00-04:00,3.0,4.467429227810252,3.0847397178827567,2.4016927083333335,1.13272436968699,0.7543667689693367,1.4212058104726109,0.4196996497162162,1.0385192535546601,0.5771567114399212,3.6441274490653477,1.450614908380825,1.8658918548083518,0.7543667689693367,2.5732133465350815
2019_03_BAL_KC,2019,3,2019-09-22T13:00-04:00,5.0,4.302932102789704,4.005031513348859,2.4016927083333335,4.988789471131378,4.727994367870268,3.4549766724422097,3.3120183004125057,3.6513469280638424,4.095970944649663,2.665766273924556,3.4994462186894584,3.596042950908839,4.727994367870268,4.235523760287906
2019_03_CIN_BUF,2019,3,2019-09-22T13:00-04:00,4.0,4.573325135460372,5.813116956449967,2.4016927083333335,4.806755137413721,5.272188389571495,4.86555256098898,6.872225816296034,4.7621267332494845,2.18089009164395,5.913482849389505,4.931893319917991,3.8982464666888195,5.272188389571495,5.003990018412642
2019_03_DEN_GB,2019,3,2019-09-22T13:00-04:00,11.0,5.148592030132935,3.0578665545249595,2.4016927083333335,4.727529104591452,3.9270076533246687,3.6762947770416514,2.6374406571603446,3.918848950685448,4.4581918195018755,2.756770838322619,3.782642347877551,3.831540740300464,3.9270076533246687,4.157151461852046
2019_03_DET_PHI,2019,3,2019-09-22T13:00-04:00,-3.0,4.044870699828552,4.340281105886363,2.4016927083333335,3.261408075047182,3.558310454342879,3.3238154069925905,2.5132744771754165,3.1382218236967026,2.9710515596721314,4.0306193811122295,3.8117818125933223,3.028988887653603,3.558310454342879,3.4679556590193634
2019_03_MIA_DAL,2019,3,2019-09-22T13:00-04:00,25.0,11.16526471499292,15.95850009878108,2.4016927083333335,17.741966417232927,17.39908854689172,17.926756650330024,21.581285818334955,17.430771201085577,15.330381753021367,16.720678943756543,17.47756083406979,16.869118189234186,17.39908854689172,18.859688546237713
2019_03_NYJ_NE,2019,3,2019-09-22T13:00-04:00,16.0,13.601829647066486,18.448584972810504,2.4016927083333335,19.41726535083326,19.36226325935054,18.572573045494288,19.715361252209046,18.392825128426058,16.907367976630006,17.327051485612365,18.242856527585072,17.575678408460647,19.36226325935054,17.58760065103506
2019_03_OAK_MIN,2019,3,2019-09-22T13:00-04:00,20.0,8.687033695477723,7.920694794139683,2.4016927083333335,7.875235753279148,7.657718107097167,7.080889831009722,7.107377332871509,7.4254292862793845,6.573185745321749,7.1768341084163945,7.129611068766868,6.744069075900902,7.657718107097167,6.943584452957236
2019_03_CAR_ARI,2019,3,2019-09-22T16:05-04:00,-18.0,-0.2811290240506379,-1.9158781899020878,2.4016927083333335,-0.4205329463831561,0.24369993990129263,-1.9355907821828864,-3.0405219265273056,-1.6712819962537422,-1.104603292149125,-4.699923979234905,-1.812147774728793,-0.7992607054801419,0.24369993990129263,-2.468642700270373
2019_03_NYG_TB,2019,3,2019-09-22T16:05-04:00,-1.0,4.350042303198492,3.505395053778237,2.4016927083333335,5.8720543926270405,5.974878449106832,4.926618054843674,4.0847832846685,4.92652050134023,5.036853052879401,2.5236764002792085,4.6179892009567745,5.747277407010598,5.974878449106832,5.044309956332249
2019_03_HOU_LAC,2019,3,2019-09-22T16:25-04:00,-7.0,3.636851251929605,3.6266653141513316,2.4016927083333335,3.248949712998722,3.337395827477004,4.087079790307354,3.800741609453691,4.163513369882363,4.948048038997073,4.107995159271445,3.9104266478704743,4.287577478596944,3.337395827477004,4.03866398498938
2019_03_NO_SEA,2019,3,2019-09-22T16:25-04:00,-6.0,2.179331009637009,4.988672794338808,2.4016927083333335,3.428690096938685,4.535358608446796,4.151375668200617,5.552938423645902,4.03021728340356,4.450059710485625,1.8450054962040003,4.267841959772011,4.260014704054752,4.535358608446796,3.8749927827277406
2019_03_PIT_SF,2019,3,2019-09-22T16:25-04:00,4.0,3.1211576649414683,1.71394082882478,2.4016927083333335,5.167903067267518,4.798515176064167,3.6216040869439015,3.7421811547204817,3.6516353858097643,4.149124845395379,0.9679533598786527,2.1042015171545176,3.974061393456363,4.798515176064167,4.638131822412656
2019_03_LA_CLE,2019,3,2019-09-22T20:20-04:00,-7.0,-2.3513747380164842,-6.56015362887325,2.4016927083333335,-7.0904660395629415,-7.625257251171043,-7.292869832534931,-7.895686543176501,-7.219149803865417,-4.5337027914061,-7.055839058999919,-7.391818023201566,-6.453182218301246,-7.625257251171043,-6.2839415053852035
2019_03_CHI_WAS,2019,3,2019-09-23T20:15-04:00,-16.0,-2.0008193950154105,-0.3352618141397209,2.4016927083333335,-1.336299067271797,-0.45775496248948844,-0.41076297065861667,-0.28711112307742437,-0.4223604840158628,-0.40686483043691624,-0.2498079201328428,-0.33821459363669826,-0.9586222992876284,-0.45775496248948844,-0.890147520865034
2019_04_PHI_GB,2019,4,2019-09-26T20:20-04:00,-7.0,2.880252708201326,2.4244174024906915,2.4016927083333335,2.826714458793866,2.2953944284563472,1.9357547112318256,1.644330279178717,2.255584836390466,1.8270869530903557,1.5485214970991708,2.0415602327769276,2.939090293332674,2.2953944284563472,1.8463267446659835
2019_04_CAR_HOU,2019,4,2019-09-29T13:00-04:00,-6.0,3.864309973199368,4.879274055504657,2.4016927083333335,5.500674648506326,5.654742688527075,3.438622650361459,3.166499918352666,3.2508623125780227,4.232402523114926,2.874994254192685,3.37691150874129,3.697885740345731,5.654742688527075,2.4884176172017054
2019_04_CLE_BAL,2019,4,2019-09-29T13:00-04:00,-15.0,6.6965266377526715,8.999388062539456,2.4016927083333335,8.089964305565442,8.454306054426098,7.703148542465038,8.335762154982941,7.430150296602908,6.441158226825966,8.498089775290403,7.995375376990802,6.782782931041554,8.454306054426098,7.602671126369216
2019_04_KC_DET,2019,4,2019-09-29T13:00-04:00,-4.0,-2.3593041913781567,-4.291666209944459,2.4016927083333335,-4.40384906535088,-4.976840792248241,-4.806951172697447,-4.1868967057942506,-4.8345711433878416,-5.418438460083656,-3.179499202843702,-4.87516602212211,-4.426740274416559,-4.976840792248241,-5.0568170745085474
2019_04_LAC_MIA,2019,4,2019-09-29T13:00-04:00,-20.0,-6.552802660846153,-8.94870507298949,2.4016927083333335,-10.611349424850355,-10.773651895264361,-11.592172373022876,-13.86336428506291,-11.516025509579599,-10.747053878629053,-9.17857768015601,-11.782605044752021,-10.950019156102128,-10.773651895264361,-12.488091916897819
2019_04_NE_BUF,2019,4,2019-09-29T13:00-04:00,-6.0,-4.369412476597489,-5.2770075424151885,2.4016927083333335,-6.065225548002703,-5.637597260452273,-5.599714072143388,-6.1246001858519605,-5.421236343742975,-6.220983827732818,-5.033328282337963,-5.711766199191924,-5.374594358859543,-5.637597260452273,-5.271285281361523
2019_04_OAK_IND,2019,4,2019-09-29T13:00-04:00,-7.0,8.970226183615477,8.662587802685348,2.4016927083333335,7.9679997868792265,7.44112377759419,7.349104529391291,7.196058198405768,7.174833482401858,6.090439005732676,8.533396359257814,7.12881936697467,7.50026795581077,7.44112377759419,8.735463426287312
2019_04_TEN_ATL,2019,4,2019-09-29T13:00-04:00,-14.0,2.09169389068095,3.75163447315453,2.4016927083333335,3.8164408546353332,3.4198867729765374,2.063044890805467,2.80799541870884,2.025057355009399,2.178298250322846,2.520045433485869,2.1338560292592454,1.7056229537572853,3.4198867729765374,1.9617273084572453
2019_04_WAS_NYG,2019,4,2019-09-29T13:00-04:00,21.0,3.404841275616306,2.1009921035149524,2.4016927083333335,2.217620850539017,1.2893963497013132,1.050301586214577,1.0098975659659073,1.2075825348480458,1.6975830644637542,2.444612412132792,1.016188475391007,1.6292157747088218,1.2893963497013132,1.2034258325851246
2019_04_SEA_ARI,2019,4,2019-09-29T16:05-04:00,-17.0,-3.507334730483742,-6.629649716237583,2.4016927083333335,-6.089902220544901,-5.720748452505461,-6.5363639009919146,-8.156940456464607,-6.2511958911037615,-6.28792595461864,-7.846054870548442,-6.473825434085253,-5.69116233447601,-5.720748452505461,-6.403717112926767
2019_04_TB_LA,2019,4,2019-09-29T16:05-04:00,-15.0,9.034396952388969,10.102452425904582,2.4016927083333335,9.550941042541234,10.190745472204814,11.155859298161792,10.628090694418635,11.174613632040472,10.108682423601087,11.32029419111261,11.027384170216365,10.377990811720762,10.190745472204814,10.938807347079134
2019_04_JAX_DEN,2019,4,2019-09-29T16:25-04:00,-2.0,1.0390371458421694,2.4611649310728243,2.4016927083333335,2.87082376183693,2.6971851883046325,1.9748313854116022,2.668689040107232,1.741264685007697,0.8544463604082984,1.5617896301436152,1.8262606034619897,2.648599164232098,2.6971851883046325,2.0637932003764146
2019_04_MIN_CHI,2019,4,2019-09-29T16:25-04:00,10.0,2.193401228321365,2.797430404422603,2.4016927083333335,3.104638389560434,3.072033772974865,3.3215564476654618,4.0620186284977375,2.975032617096392,2.3471917213988553,3.11108225033901,3.138352687700427,3.800692373459798,3.072033772974865,3.628365041230202
2019_04_DAL_NO,2019,4,2019-09-29T20:20-04:00,2.0,2.02263781761188,-0.6817436365583793,2.4016927083333335,0.18358963442431642,-0.5126488210700473,-0.4614056414362664,-1.3642606949186848,-0.2932805821144395,0.2648448247976094,1.507275466574562,-0.5201054022442713,-0.5092875420030034,-0.5126488210700473,-0.5022954443435221
2019_04_CIN_PIT,2019,4,2019-09-30T20:15-04:00,24.0,5.180323574805758,7.913885581969884,2.4016927083333335,4.140315679428056,4.308383987111625,5.017335525303247,5.689049779660918,4.855773325246895,3.543427370221374,8.027277747926401,4.677027531487346,3.9980468694711675,4.308383987111625,5.321205557702406
2019_05_LA_SEA,2019,5,2019-10-03T20:20-04:00,1.0,1.603515831237976,3.0840608900697926,2.4016927083333335,1.895925426819658,1.6864216572988986,1.4851607728680958,2.8182317994494,1.2631068681638302,2.1304857611107404,1.8287212971412115,1.7871338569579305,1.3312087412277633,1.6864216572988986,1.2142232043392323
2019_05_ARI_CIN,2019,5,2019-10-06T13:00-04:00,-3.0,4.293516995635269,4.738553956216349,2.4016927083333335,4.68430390729301,3.9927265284866227,4.387882400354906,3.712772181055607,4.352280261289971,5.227166793632286,5.436652103066465,4.2365697637833915,4.523297289853504,3.9927265284866227,3.5346342816441734
2019_05_ATL_HOU,2019,5,2019-10-06T13:00-04:00,21.0,5.095100872455605,3.206253031373845,2.4016927083333335,2.389183088012761,2.867301737776153,2.4201891563959053,1.5934440886700507,2.3656634936466565,1.7886349690916206,2.6345304312793036,3.849502393001875,2.552370836553693,2.867301737776153,2.1863543171558866
2019_05_BAL_PIT,2019,5,2019-10-06T13:00-04:00,-3.0,2.221215234108298,3.031799514273674,2.4016927083333335,0.6303534853958466,0.3655695963041685,0.6040609982242278,0.8156636024968256,0.599023971249137,0.7096139513206934,2.474088018906884,0.6970856788335886,0.6619141691801449,0.3655695963041685,0.4486699057144907
2019_05_BUF_TEN,2019,5,2019-10-06T13:00-04:00,-7.0,4.7323305829208,4.766056760472827,2.4016927083333335,5.8303102438358785,6.2384040683650035,6.578037081134827,6.474466836252298,6.5024106064222,7.62488919771174,4.902806404556892,6.258594146036194,6.893995149575293,6.2384040683650035,5.958189598961329
2019_05_CHI_OAK,2019,5,2019-10-06T13:00-04:00,3.0,-6.965107813582165,-8.20284610378383,2.4016927083333335,-7.146449377315452,-6.591558063282921,-6.524777591880222,-7.12921828160909,-6.572646714776393,-5.091253721175394,-8.006908261117998,-6.64519095458646,-6.523331586652164,-6.591558063282921,-7.164991575678841
2019_05_JAX_CAR,2019,5,2019-10-06T13:00-04:00,7.0,4.535987700003163,3.854379165942527,2.4016927083333335,2.9266577234512976,2.8739737629539066,3.219125859738212,3.3108992318547,3.288351774552684,1.7510594025464787,3.7493372120473216,3.1107235613555724,2.8943840111610073,2.8739737629539066,4.77940542181267
2019_05_MIN_NYG,2019,5,2019-10-06T13:00-04:00,-18.0,-1.5973221696207522,-2.3639116431907268,2.4016927083333335,-2.170604756792589,-2.4148307242789446,-2.4231147361807963,-1.5271137179097822,-2.5324188315171825,-2.424200865776311,-1.6130803452557971,-2.538303013981417,-1.9853149562976382,-2.4148307242789446,-1.7346744480181642
2019_05_NE_WAS,2019,5,2019-10-06T13:00-04:00,-26.0,-9.062718033898395,-11.370810351455237,2.4016927083333335,-11.78590558807306,-12.275912860676602,-12.59150116934914,-12.665311723529312,-12.643354808867109,-12.34737403700472,-11.320095070889186,-12.54315047904214,-12.724963258274785,-12.275912860676602,-11.773438865774278
2019_05_NYJ_PHI,2019,5,2019-10-06T13:00-04:00,25.0,9.252747574817196,11.41553961316296,2.4016927083333335,13.419052787453554,13.598602360964916,12.153394334980534,12.409300319053713,12.013689983793746,11.044851543885489,10.753585489826584,11.924174453132707,11.392912863971,13.598602360964916,11.880015005716633
2019_05_TB_NO,2019,5,2019-10-06T13:00-04:00,7.0,5.6718336939008775,4.4117250809231,2.4016927083333335,4.4434333968435045,3.9103715908016716,5.604370774422188,4.7187651319859905,5.605553330075834,5.748546017774018,7.891020442753534,5.450738007795118,4.598360810074962,3.9103715908016716,5.344384074277414
2019_05_DEN_LAC,2019,5,2019-10-06T16:05-04:00,-7.0,7.627156215823438,8.026982438926767,2.4016927083333335,7.6632550110730495,7.984272046429014,8.171022480790517,7.950642640774479,8.185114544554443,8.327744267627871,7.704395868261437,8.157149213691813,7.605395607810612,7.984272046429014,8.69942498150209
2019_05_GB_DAL,2019,5,2019-10-06T16:25-04:00,-10.0,5.294774540169562,6.16136281758853,2.4016927083333335,4.888110174226702,5.575298383015507,5.719250404558412,6.0226114411083245,5.343742568880349,5.4797580276994555,6.602776994093585,5.15092530062107,4.719893375371751,5.575298383015507,5.301548520823456
2019_05_IND_KC,2019,5,2019-10-06T20:20-04:00,-6.0,7.369400933050555,8.41149389177994,2.4016927083333335,9.653623215136298,9.84849487646513,9.098321545447583,9.125988774641366,9.380874939795147,10.746892012660824,7.809395364767827,9.264043216861998,8.834819166218423,9.84849487646513,7.719143254254185
2019_05_CLE_SF,2019,5,2019-10-07T20:15-04:00,28.0,2.759250155171649,3.405780749360228,2.4016927083333335,2.406307800951074,1.8199647860701746,0.4504260943571232,0.6659045451400902,0.29669305646432376,0.8896254639560406,1.2865040738996294,0.8164804208666208,-0.014325091098965514,1.8199647860701746,1.1126670763789912
2019_06_NYG_NE,2019,6,2019-10-10T20:20-04:00,21.0,13.0190999343606,14.698252821843912,2.4016927083333335,15.668552598392045,15.577807023975422,15.833744337713496,16.230206011572086,15.847917209117933,14.996580568073465,14.705974698476584,15.87322401602292,15.491931169471005,15.577807023975422,15.22978499396211
2019_06_CAR_TB,2019,6,2019-10-13T09:30-04:00,-11.0,-2.0818244718196746,-5.6332343725847664,2.4016927083333335,-3.415607223250574,-3.6580789693379536,-5.846151430024856,-6.123262023850282,-6.026658112188462,-5.194588941002535,-7.006910908081271,-5.895539416241934,-4.680197184371193,-3.6580789693379536,-4.864418936450088
2019_06_CIN_BAL,2019,6,2019-10-13T13:00-04:00,6.0,9.220664721707363,9.82234799356708,2.4016927083333335,8.794465153017681,9.429913057122127,9.537795780474157,9.119252225840803,9.419316439931631,8.59459249404436,10.464891141536723,9.623454338601313,8.673293934631548,9.429913057122127,9.277913654355814
2019_06_HOU_KC,2019,6,2019-10-13T13:00-04:00,-7.0,4.335152477718953,3.871927545251866,2.4016927083333335,4.4831897338237745,4.1855061109634635,4.538915782818545,4.80933988702595,4.715891073975653,4.986509354584803,4.282265479982606,4.566977280203236,4.510022020120494,4.1855061109634635,5.483765309412593
2019_06_NO_JAX,2019,6,2019-10-13T13:00-04:00,-7.0,-1.1948237129987596,-0.9766613080144486,2.4016927083333335,-2.7373595024517554,-1.9058405060289587,-2.0563489025351194,-1.9326101771762243,-1.8853351296912708,-0.8342610687252461,-3.3881104078630404,-1.855280689025871,-1.7715854047407982,-1.9058405060289587,-2.46336076508512
2019_06_PHI_MIN,2019,6,2019-10-13T13:00-04:00,18.0,3.458977814830454,1.56793587745989,2.4016927083333335,-0.4251930912062798,-0.16702128084616663,-0.7931478867767683,-1.571237178169611,-0.6576105136468444,0.5898351928664598,0.35277928977399586,-0.4469460428644028,-0.8835510398595445,-0.16702128084616663,-0.7376877746575023
2019_06_SEA_CLE,2019,6,2019-10-13T13:00-04:00,-4.0,-0.6069206712091395,-3.790603961946144,2.4016927083333335,-3.029729630825197,-3.177233400569615,-2.833102966026435,-4.4577097430941155,-2.4153863708856576,-1.912697185206377,-3.091486187476506,-3.2309778561798668,-2.0834546263684635,-3.177233400569615,-3.603949890649047
2019_06_WAS_MIA,2019,6,2019-10-13T13:00-04:00,-1.0,0.444189189550789,-1.8226510958944422,2.4016927083333335,-3.789233898121001,-4.25620891582224,-4.2845864249692385,-6.389333862858388,-4.293328508441277,-3.3355789625571335,-2.111039008897251,-4.15501949506926,-2.5409239955019727,-4.25620891582224,-4.331403494617962
2019_06_ATL_ARI,2019,6,2019-10-13T16:05-04:00,1.0,-0.24041420917209777,-2.4908585472335245,2.4016927083333335,-2.676823361263976,-2.3897208558511154,-2.6768151680859127,-3.2030613354879836,-2.6388904451554747,-3.0507516102310768,-3.3151470633660476,-2.411979529889411,-2.0052396114493027,-2.3897208558511154,-2.4191441411562047
2019_06_SF_LA,2019,6,2019-10-13T16:05-04:00,-13.0,3.3346820594852105,3.506610565196145,2.4016927083333335,4.517745664839372,5.055080454437432,5.225935027452958,4.157025314692976,5.528571712478347,5.6475869210020475,5.123555797684285,4.67834972299104,5.175038395582451,5.055080454437432,4.705380125267541
2019_06_DAL_NYJ,2019,6,2019-10-13T16:25-04:00,2.0,-5.979672758333878,-7.867960863230005,2.4016927083333335,-8.173406949663583,-7.61813649900164,-6.949888776785261,-7.232069154810937,-6.546689406390071,-6.3933040436690565,-7.947321256088787,-7.001035047785709,-6.146422687243895,-7.61813649900164,-6.936590750050019
2019_06_TEN_DEN,2019,6,2019-10-13T16:25-04:00,16.0,0.41253258618344724,-0.6644231082310192,2.4016927083333335,-1.6152057889300813,-1.9344083676726946,-2.531944646926318,-2.4348624514884443,-2.6305897963078793,-2.764298245413154,-1.1323187196569866,-0.7955600953207149,-2.1089670719255076,-1.9344083676726946,-2.6235608876437153
2019_06_PIT_LAC,2019,6,2019-10-13T20:20-04:00,-7.0,2.8628452955840338,3.259509975838957,2.4016927083333335,6.330027231697461,6.97760781059904,6.790060554124271,6.3265867694827715,6.9963216754220445,7.590703341025011,3.1910996887830905,6.4625374858649725,7.094962517257971,6.97760781059904,5.610567094839929
2019_06_DET_GB,2019,6,2019-10-14T20:15-04:00,1.0,3.8975341260998517,2.7966579990512344,2.4016927083333335,2.067888103103434,1.8487351178078666,1.8013369882287802,1.231638233727566,1.8627762408921258,1.260936952942906,1.9522425589601986,1.985201323412349,2.2951145500503864,1.8487351178078666,2.227852581184628
2019_07_KC_DEN,2019,7,2019-10-17T20:20-04:00,-24.0,-1.2492563074896452,-1.5523687362694425,2.4016927083333335,-2.876965270982268,-2.781331523015788,-2.2455574334728725,-2.1537243602410885,-2.4231158556757952,-2.700658038234794,-0.8511464434930476,-2.3436854650221917,-1.5037447949318603,-2.781331523015788,-3.574970866918205
2019_07_ARI_NYG,2019,7,2019-10-20T13:00-04:00,-6.0,4.196609501332343,3.390413033955208,2.4016927083333335,0.8053245273991418,0.6747455027781748,0.7046235785117276,-0.06803009583624142,0.6903287181565694,0.8300595732989475,3.5414942278697596,0.5151452290015346,0.4461575866019376,0.6747455027781748,0.9139390816623352
2019_07_HOU_IND,2019,7,2019-10-20T13:00-04:00,7.0,0.6210252487970604,0.6092956986068361,2.4016927083333335,-0.5147971101149058,-1.1506530796337615,-0.4147759311983914,-0.9001393193787943,-0.42103937976491407,-0.7114240578734313,1.2780648107456813,-0.6044079825249701,-0.044812273485644205,-1.1506530796337615,0.3266284834862603
2019_07_JAX_CIN,2019,7,2019-10-20T13:00-04:00,-10.0,-0.546502894528019,-0.6079579066272465,2.4016927083333335,0.21239685506585648,-0.48136356673943037,-1.4929600965490533,-1.4040243868276794,-1.4299813397993706,-1.9238449762875212,-2.0106024135536344,-1.7647790620000658,-0.8558876647393708,-0.48136356673943037,-0.3005447057967393
2019_07_LA_ATL,2019,7,2019-10-20T13:00-04:00,-27.0,-2.053484304397827,0.41396004980859624,2.4016927083333335,-0.051649494189676126,-0.2666728869777353,-1.0859285372752003,0.7819187086539299,-1.2666018406797543,-0.2771015042441438,-1.1884331417744791,-1.2914466979268675,-1.1805815482905355,-0.2666728869777353,-1.368653325427214
2019_07_MIA_BUF,2019,7,2019-10-20T13:00-04:00,10.0,11.26306336963273,13.971782056650577,2.4016927083333335,11.460562411925642,11.91162033437047,11.469866048925788,11.852046500205915,11.194957900973755,10.300973389702408,13.715759481471865,11.574829652585114,10.995482041140543,11.91162033437047,10.80114460772643
2019_07_MIN_DET,2019,7,2019-10-20T13:00-04:00,-12.0,-1.8654945847653979,-1.5504989877056183,2.4016927083333335,1.05320752895973,0.36900668278331294,0.8244561530141817,2.4271325536273913,0.9765279696110889,0.10910520914232177,-0.17232858825253838,0.5772515736936434,1.1872198259188957,0.36900668278331294,0.9577693889431141
2019_07_OAK_GB,2019,7,2019-10-20T13:00-04:00,18.0,6.771520607075978,3.6783647409438007,2.4016927083333335,5.333206519337036,3.9074722756589284,4.055471173603536,3.2731311950871866,4.399981541187113,4.976262725177469,4.205613403497944,4.6124087899160235,4.589359841110499,3.9074722756589284,3.8934970461922545
2019_07_SF_WAS,2019,7,2019-10-20T13:00-04:00,-9.0,-7.404075830613111,-7.49164370106862,2.4016927083333335,-6.867827168226317,-5.787625601739873,-6.060058625975063,-5.1311939183793775,-5.779476777935348,-5.810200403798598,-7.201388187745458,-6.255421691714597,-5.23550232769386,-5.787625601739873,-6.851138008738105
2019_07_LAC_TEN,2019,7,2019-10-20T16:05-04:00,3.0,1.2250379714991917,-0.8979408495609406,2.4016927083333335,-1.1231069059582712,-2.2058423696020744,-2.5657887615530353,-2.770834153817244,-2.700906866210417,-2.469071348724751,-0.6952049005695806,-2.5327724411759283,-2.3524305726423487,-2.2058423696020744,-2.7359483822441755
2019_07_BAL_SEA,2019,7,2019-10-20T16:25-04:00,-14.0,3.0148336946857124,5.787852899704938,2.4016927083333335,5.601759245496935,5.462834896084223,5.491065817677613,6.49425960933938,5.329075652202502,5.757765138602659,5.466260592991906,3.9802881773751446,5.502746999414593,5.462834896084223,5.82231165203278
2019_07_NO_CHI,2019,7,2019-10-20T16:25-04:00,-11.0,1.7795966859019043,5.042834357753174,2.4016927083333335,2.792198240591311,2.5809946705844977,1.0910841174396455,1.2370285328552701,1.0612624043903565,0.5612958550274862,1.5388225626506409,1.3840466140043635,1.7075520988213935,2.5809946705844977,0.4685674092191663
2019_07_PHI_DAL,2019,7,2019-10-20T20:20-04:00,27.0,2.3569385267519367,2.390914797603172,2.4016927083333335,1.5790982594952732,1.490742989332924,2.1888213216122554,2.5147571191790146,2.073376737845139,2.3057759451588504,2.6997620782331313,2.2134724437008266,2.0503488068961797,1.490742989332924,2.2774190165819856
2019_07_NE_NYJ,2019,7,2019-10-21T20:15-04:00,-33.0,-11.535281391655946,-14.074990163061386,2.4016927083333335,-14.19708301642693,-13.455425603675588,-12.421192449260934,-12.25744943137223,-12.469302387883339,-11.149675913840543,-12.953865984572833,-12.625902413816025,-11.747653930003688,-13.455425603675588,-12.176445903442971
2019_08_WAS_MIN,2019,8,2019-10-24T20:20-04:00,10.0,14.503978932148694,15.115286011096945,2.4016927083333335,13.445757723978712,13.064400204226166,12.672316090707856,10.652196911000548,12.39812373913985,13.33156997208048,14.765480437017894,12.840603714185562,11.747463429238872,13.064400204226166,12.461892722267516
2019_08_ARI_NO,2019,8,2019-10-27T13:00-04:00,22.0,11.153835324149806,11.829785478227688,2.4016927083333335,8.729810026233043,8.213394086656812,9.102126991678588,9.362317817510123,9.064730092068677,8.226416010624241,12.837108605415631,9.095592506159093,8.414801117051667,8.213394086656812,9.085954007132228
2019_08_CIN_LA,2019,8,2019-10-27T13:00-04:00,14.0,8.468840430374385,7.443364972461659,2.4016927083333335,7.942782961708609,8.788390447610965,9.016313224264028,8.403749297536494,9.020896946188735,7.321628535975558,8.753981775436387,8.844746249507734,8.682682431845802,8.788390447610965,9.3414023380842
2019_08_DEN_IND,2019,8,2019-10-27T13:00-04:00,2.0,6.213825056565815,6.970296457015279,2.4016927083333335,6.4345872445350345,6.169877951673915,5.502797623223311,4.59814610370499,5.316688986324097,4.93207786245145,6.438237167690379,5.491552216866464,5.229307269067904,6.169877951673915,5.95026431873684
2019_08_LAC_CHI,2019,8,2019-10-27T13:00-04:00,-1.0,3.5260724221871906,3.002919982147847,2.4016927083333335,3.006555846580712,2.6717552084382,1.674907687016783,1.1181082279926773,1.538253339956253,1.0368729020262601,2.799399871217674,1.8733928656728813,1.9241161453506321,2.6717552084382,0.96603060572714
2019_08_NYG_DET,2019,8,2019-10-27T13:00-04:00,5.0,6.386031234680242,6.347456954826574,2.4016927083333335,9.071704641825097,8.770121944023085,8.807315933119582,9.510667051841054,8.815018374628055,8.295174724192496,7.663090816893403,10.226467007720943,8.888263235190292,8.770121944023085,8.78130080732662
2019_08_NYJ_JAX,2019,8,2019-10-27T13:00-04:00,14.0,9.225960358285633,9.438345794300515,2.4016927083333335,8.361026798392022,8.398450991258272,7.772310637379542,7.898480856093015,7.681072683816653,8.038394444284616,9.342401032775104,8.758702457159727,7.467627713000996,8.398450991258272,7.784080002425064
2019_08_PHI_BUF,2019,8,2019-10-27T13:00-04:00,-18.0,2.41182885733225,2.339227919415083,2.4016927083333335,-0.23103548337858726,-0.1972868218624817,-0.04549138554182175,-0.3374624207079069,0.10083768525499892,-0.46723367482976075,2.1041929890556226,0.06405934251927481,0.11981238701960129,-0.1972868218624817,-0.3549167761856906
2019_08_SEA_ATL,2019,8,2019-10-27T13:00-04:00,-7.0,-2.7699423379693835,-3.4867654765656186,2.4016927083333335,-6.379690064858824,-5.8265748932928645,-7.264751059251099,-7.051800934424037,-7.409467476487978,-6.503799622937238,-4.139632673225534,-7.917975383878552,-7.26401767488268,-5.8265748932928645,-7.029999528443822
2019_08_TB_TEN,2019,8,2019-10-27T13:00-04:00,4.0,3.2616468140007466,4.276646002156447,2.4016927083333335,2.9623809041258204,2.3759651083943156,3.905237755186235,4.284253487472306,3.784719964029207,3.585486868876629,5.359725862748274,3.8805130024807304,3.459773565414528,2.3759651083943156,2.8716823337135837
2019_08_CAR_SF,2019,8,2019-10-27T16:05-04:00,38.0,3.9386988839362496,2.884392842514286,2.4016927083333335,3.2535752738387407,2.606552041972898,1.545922627229043,1.4199822815366845,1.3529681804879854,2.040914289689541,1.4351189108369136,0.9944740437229849,2.0130201229133,2.606552041972898,1.7887007346691246
2019_08_CLE_NE,2019,8,2019-10-27T16:25-04:00,14.0,13.428320073199526,16.118503495587746,2.4016927083333335,16.086248497957754,15.987287177557679,14.925399617223894,16.234558409997575,14.941152827488743,11.793946376921724,14.823702364079876,14.613764017959943,14.244998718885661,15.987287177557679,15.206146075313319
2019_08_OAK_HOU,2019,8,2019-10-27T16:25-04:00,3.0,9.072701839365305,5.7990432114157695,2.4016927083333335,6.628627236179096,6.357814691445883,5.411545836864701,5.160608788499217,5.603135167029184,4.952202811841094,4.808803350688069,6.795985771176257,5.286639868070486,6.357814691445883,6.454684582231092
2019_08_GB_KC,2019,8,2019-10-27T20:20-04:00,-7.0,5.230212035752055,1.5322787296843048,2.4016927083333335,0.717345528480104,1.0673007722693848,-0.031933121491132255,-0.1882218567554439,-0.34980930094483975,-0.4503134373879485,4.418637913027627,-0.02225072289913088,-0.829896324065464,1.0673007722693848,0.9950071581951425
2019_08_MIA_PIT,2019,8,2019-10-28T20:15-04:00,13.0,12.863298083611095,18.07899143117907,2.4016927083333335,14.386759569142427,14.719056552667217,14.858858343329578,15.125796712747283,14.548591976859056,13.482682306622511,17.49174895913343,15.04565883897547,14.190028606065383,14.719056552667217,14.115346299923266
2019_09_SF_ARI,2019,9,2019-10-31T20:20-04:00,-3.0,-7.891767582424539,-7.5730902076509645,2.4016927083333335,-5.831462470416946,-5.453085252725657,-5.989733473605718,-4.719108209877956,-5.818115255386063,-5.667251745097694,-8.14962191134714,-6.532600260380145,-5.780038867345871,-5.453085252725657,-5.622098229680339
2019_09_HOU_JAX,2019,9,2019-11-03T09:30-05:00,-23.0,-2.5829031913106384,-5.965513077405431,2.4016927083333335,-5.8091005951403245,-5.883336292318274,-4.352694315151542,-4.216580704069155,-4.243526775156064,-3.7179262118067187,-3.39741914805213,-4.3455154309801,-4.054561604166302,-5.883336292318274,-4.793296146931813
2019_09_CHI_PHI,2019,9,2019-11-03T13:00-05:00,8.0,2.8615635836124573,2.2972075205044766,2.4016927083333335,3.291910858604685,3.542190882010453,3.028243906582185,3.488230787843086,2.997736981743108,3.353636366780369,2.127455260675814,2.991363447503926,2.735335896560653,3.542190882010453,3.1816715893392713
2019_09_IND_PIT,2019,9,2019-11-03T13:00-05:00,2.0,2.7533552954042384,4.5792365971620255,2.4016927083333335,2.7859427128030507,3.144138731227549,3.483121670939286,4.71448744442384,3.59283661956304,2.3862973963383247,4.1845796595397315,3.5996736023376883,3.0515535245478196,3.144138731227549,3.535062269634342
2019_09_MIN_KC,2019,9,2019-11-03T13:00-05:00,3.0,1.3302020237279866,-0.14993322131494957,2.4016927083333335,-1.0039060248399532,-1.4609254747990899,-1.894805210840678,-1.838978560267037,-1.844219976788394,-1.7203272766152828,0.3351205779188462,-1.947153079243514,-1.9302557121336872,-1.4609254747990899,-1.1498562814430897
2019_09_NYJ_MIA,2019,9,2019-11-03T13:00-05:00,8.0,1.611808640375699,2.7341495787545753,2.4016927083333335,3.613759899817964,3.063618030593946,1.789502573270512,1.8691677123847712,1.779533697318601,1.6053441743445716,2.0489706297534847,1.7996889857622111,1.892284226668058,3.063618030593946,1.1333026981886638
2019_09_TEN_CAR,2019,9,2019-11-03T13:00-05:00,10.0,3.602527498096033,3.798077674608165,2.4016927083333335,2.9687903307328214,3.720306202210927,3.9518743587562435,3.2828791587124355,4.291225274693931,3.6622210391814303,4.347487761763383,3.9146648734242078,3.5254563602661046,3.720306202210927,3.1651097421749324
2019_09_WAS_BUF,2019,9,2019-11-03T13:00-05:00,15.0,7.177790320821311,8.1962737702486,2.4016927083333335,9.462487160987594,9.833549212503682,10.008702122612831,10.905129724549463,9.998684607632166,9.699482547904852,8.704908208517686,10.009863185357847,9.250094054363428,9.833549212503682,9.532807072863346
2019_09_DET_OAK,2019,9,2019-11-03T16:05-05:00,7.0,-0.33125966766439374,1.1371247402585938,2.4016927083333335,-1.317133946210201,-0.3868229034080921,-0.8292769828464617,-0.7778751437335888,-1.0364622717239014,-1.1518593067143432,-0.3971144161472549,-0.5328171288056329,-0.8619169012839147,-0.3868229034080921,-0.9845863630132966
2019_09_TB_SEA,2019,9,2019-11-03T16:05-05:00,6.0,5.212123970015182,9.550049079578272,2.4016927083333335,8.06310360997935,8.352020345970486,9.867743722715897,10.887460938159878,9.900069726266489,9.017862265149112,10.235042503194371,9.699519493698762,9.02089350896523,8.352020345970486,9.350727672053505
2019_09_CLE_DEN,2019,9,2019-11-03T16:25-05:00,5.0,2.2383671208849867,5.011485919971653,2.4016927083333335,2.249695202626462,1.7559500135368802,0.6920629412915194,2.7987328579191573,0.657267910926088,-1.6781664743481692,4.296773673565703,1.2701590226058554,0.654716387040343,1.7559500135368802,0.03835373938767073
2019_09_GB_LAC,2019,9,2019-11-03T16:25-05:00,15.0,0.2943324353523633,0.9713135684150691,2.4016927083333335,-0.10376692650182306,0.6807478205280277,0.5643092733625128,1.732287878891817,0.7389772286856465,-0.01033482200482827,0.28731903482507937,0.30257124098019417,0.019519968714529545,0.6807478205280277,1.082595703173542
2019_09_NE_BAL,2019,9,2019-11-03T20:20-05:00,17.0,-4.094034664766078,-3.7823766652032083,2.4016927083333335,-4.007939542914067,-3.4620278567326794,-3.3247903235802547,-3.7402236577780172,-3.502644344933212,-2.0191799052935946,-3.402824566777313,-3.5648541607198823,-3.3702337660633535,-3.4620278567326794,-3.3799727373123156
2019_09_DAL_NYG,2019,9,2019-11-04T20:15-05:00,-19.0,-4.624468767133268,-6.785165576363644,2.4016927083333335,-8.524150876191193,-8.61109737446315,-9.2514344589967,-9.865363151450001,-8.989689322065022,-8.149269501151515,-7.835085710941985,-8.566744263057014,-8.81908803259278,-8.61109737446315,-10.087334331311826
2019_10_LAC_OAK,2019,10,2019-11-07T20:20-05:00,2.0,-2.2650188083696934,-2.135985389967146,2.4016927083333335,-3.1822240518685536,-2.7950572214747424,-3.4290633626360596,-3.0952074649109713,-3.7420906346684677,-2.7588717619950502,-2.26315673988381,-3.2431161815513914,-3.3375021459955607,-2.7950572214747424,-3.6139357667083543
2019_10_ARI_TB,2019,10,2019-11-10T13:00-05:00,3.0,6.052168137560918,4.941611838247171,2.4016927083333335,4.747989048854864,4.5845793662533465,3.2464181530841376,1.999874292386532,3.066018679810913,3.091672962266397,4.492566685370656,2.9865298880594677,3.4716136638030624,4.5845793662533465,2.972116163301024
2019_10_ATL_NO,2019,10,2019-11-10T13:00-05:00,-17.0,11.99494563429451,12.338842099446934,2.4016927083333335,11.388687094987906,11.753327812996385,11.84595822989316,10.511846304046792,12.101016212353336,11.242550911850286,11.777390622785472,11.878230707090232,11.920979840431194,11.753327812996385,11.519974404606392
2019_10_BAL_CIN,2019,10,2019-11-10T13:00-05:00,-36.0,-7.637526791185007,-7.917824446745981,2.4016927083333335,-9.195299287761744,-9.934870587481974,-11.050923691679017,-10.470620080314765,-10.741776223913831,-8.98055758897225,-9.231523340095887,-11.003971959938271,-10.244516340373643,-9.934870587481974,-11.293025060518719
2019_10_BUF_CLE,2019,10,2019-11-10T13:00-05:00,3.0,1.9326849569102458,-0.619162263809087,2.4016927083333335,0.4539865273340943,0.1389283903722569,0.8558795598898761,-0.6465484668882562,1.0050559274985857,2.6126497011247136,-0.29492585670904137,0.3808698240781646,1.3597408081959248,0.1389283903722569,1.4765910428143663
2019_10_DET_CHI,2019,10,2019-11-10T13:00-05:00,7.0,4.392301851136432,5.3663396228760885,2.4016927083333335,6.66490039129203,7.502248990723421,7.248553364289337,6.95612753041412,7.573325161853259,5.797563268762977,4.125164230469969,6.99561834360739,7.281372541907539,7.502248990723421,6.5358972573528735
2019_10_KC_TEN,2019,10,2019-11-10T13:00-05:00,3.0,-2.499189747839866,-4.269950486281498,2.4016927083333335,-5.515828823103998,-6.03631134862516,-4.859871504692631,-4.3981071391682205,-5.244951434141658,-5.245281856646457,-3.291478332487105,-4.994787015421688,-4.542520752712689,-6.03631134862516,-4.464920920212819
2019_10_NYG_NYJ,2019,10,2019-11-10T13:00-05:00,7.0,-0.4172555600859251,-1.209480356875645,2.4016927083333335,0.026588054974778064,0.2600276786711294,0.7800305603825488,1.512736501133521,0.7979749546995827,1.2662398240291846,-0.448530678711783,1.1368460182363096,1.0341495071467455,0.2600276786711294,0.34905558590613395
2019_10_MIA_IND,2019,10,2019-11-10T16:05-05:00,-4.0,12.207835370848686,11.561764223430227,2.4016927083333335,9.67057364417847,8.73679338151732,8.408915787894461,7.1485451360613546,8.244160474019921,8.015312877711688,10.91685832048,8.568333668443232,8.197209666855606,8.73679338151732,9.347191715443916
2019_10_CAR_GB,2019,10,2019-11-10T16:25-05:00,8.0,3.3132012285000156,4.044945740278164,2.4016927083333335,5.749682787571815,4.951421538275837,4.08201557770273,3.8895847123285083,3.928320903742936,5.074843543910202,2.6867531256559487,4.328641857661351,4.961345662357775,4.951421538275837,4.1094759029999075
2019_10_LA_PIT,2019,10,2019-11-10T16:25-05:00,5.0,0.4359470951281095,1.8885244607747738,2.4016927083333335,-1.0440493881683741,-0.727782200228211,-0.4090010816690426,0.620024549897613,-0.5456110487854406,-2.2260956752547085,0.5290365530328817,-0.11615458867956874,-0.6670834109549479,-0.727782200228211,-0.25483325401318324
2019_10_MIN_DAL,2019,10,2019-11-10T20:20-05:00,-4.0,1.4979175886000142,1.8551167511113569,2.4016927083333335,3.7183859307678895,3.3213014674700743,3.8684661789758463,5.1154362806710925,3.8419949917335843,2.3482068300484857,2.7148758784515117,3.2508505264231657,3.763153524383552,3.3213014674700743,4.0930926526735965
2019_10_SEA_SF,2019,10,2019-11-11T20:15-05:00,-3.0,5.775528932987033,3.6580715488973667,2.4016927083333335,2.8478927996396566,2.5354137955038807,2.1358042501148793,1.6391358892962793,2.1353722863402353,2.3898873105369467,3.0622285095197945,2.286589124316906,2.669696835731486,2.5354137955038807,2.5161979334665516
2019_11_PIT_CLE,2019,11,2019-11-14T20:20-05:00,14.0,-0.9863498727821356,-5.117568301511742,2.4016927083333335,-2.9127563167998964,-3.6215428067458255,-2.71902951364195,-3.949692939170951,-2.5363093560236427,-0.025669405783869115,-3.811935730124159,-3.155461463710011,-1.98899272979418,-3.6215428067458255,-2.497039637551001
2019_11_ATL_CAR,2019,11,2019-11-17T13:00-05:00,-26.0,6.295554837035761,4.366742844150703,2.4016927083333335,2.6903118736067837,3.4531081178228202,4.876847819791337,2.558097984938814,5.128645559748671,4.379565754611645,6.0915955634147565,4.773850994555788,4.824464740559694,3.4531081178228202,4.9138833105708075
2019_11_BUF_MIA,2019,11,2019-11-17T13:00-05:00,-17.0,-3.3957716008381844,-4.019381034036627,2.4016927083333335,-2.4523147479697878,-2.7819398155049018,-3.152569763860675,-2.7808617066768537,-3.3055154336754846,-3.1681362724404654,-4.246850235497788,-3.26372973385409,-2.7854984672977348,-2.7819398155049018,-3.167498612279667
2019_11_DAL_DET,2019,11,2019-11-17T13:00-05:00,-8.0,-2.3575850772146634,-3.479741819405482,2.4016927083333335,-5.021308530162995,-5.8886616516683326,-6.782755916815734,-7.129496943460296,-6.852757183633045,-5.064602322921356,-3.5206370258764528,-6.75930910935757,-6.358873606504689,-5.8886616516683326,-7.1617035081295075
2019_11_DEN_MIN,2019,11,2019-11-17T13:00-05:00,4.0,9.265738006828792,9.205505884204584,2.4016927083333335,8.28437632753002,8.993253562012233,8.253137339401176,6.584000076576205,7.918564058963789,8.644412790291188,8.074555825858708,8.278547520950186,7.708402686892722,8.993253562012233,9.009232945167916
2019_11_HOU_BAL,2019,11,2019-11-17T13:00-05:00,34.0,4.817206198675054,4.1216037370034275,2.4016927083333335,3.5823167860314435,3.5713278232184757,4.726609611968257,4.209684031403155,4.672163388991829,4.49897558641987,5.638979311412433,4.196714770396476,4.521724557236859,3.5713278232184757,4.656079183619674
2019_11_JAX_IND,2019,11,2019-11-17T13:00-05:00,20.0,4.641104405839768,3.604562892846671,2.4016927083333335,4.080981468567297,4.418933916531862,3.6885217214190233,3.3397216105265675,3.6578266291964394,2.6357163529519525,2.4722562415608533,3.9361877937281364,3.8156689257691827,4.418933916531862,4.244728765779908
2019_11_NO_TB,2019,11,2019-11-17T13:00-05:00,-17.0,-2.590621929601644,-4.263891637511714,2.4016927083333335,-3.1891193268278495,-3.382882541993665,-4.402776488540011,-4.998733091983306,-4.741302506163103,-3.690388744028076,-3.979447227125898,-4.485298638138906,-3.6113723180946686,-3.382882541993665,-5.055463283744086
2019_11_NYJ_WAS,2019,11,2019-11-17T13:00-05:00,-17.0,3.3540292864983536,4.2625176768890345,2.4016927083333335,2.1884518701525906,1.8551300369227406,0.42017548189602394,-0.6913443575207887,0.4816662292172941,0.35125907294679903,2.9202835331170722,0.5097517685277875,0.8120549995943707,1.8551300369227406,0.06693574298703986
2019_11_ARI_SF,2019,11,2019-11-17T16:05-05:00,10.0,11.27092516476976,9.971452242872745,2.4016927083333335,8.132563406519914,7.948583081408154,8.067902837307495,6.469317977088376,8.126701175708952,7.3519641563534215,9.809978846373152,8.105216246511084,7.8987547576977235,7.948583081408154,8.329020031258702
2019_11_CIN_OAK,2019,11,2019-11-17T16:25-05:00,7.0,7.028244914752001,9.802770718951399,2.4016927083333335,10.690981517782845,11.922347311879587,11.994376442926079,13.718445230998292,11.549745712310084,10.606794023198173,9.745067655152013,12.532437718662708,11.768144902454255,11.922347311879587,12.12599090933208
2019_11_NE_PHI,2019,11,2019-11-17T16:25-05:00,-7.0,-3.766991337105056,-5.7880027586611575,2.4016927083333335,-5.050749968076799,-4.483146868060157,-5.092493148878818,-4.717353669747943,-5.397076008626145,-3.9655025890099234,-5.620405014974582,-5.283553330448806,-5.043597296899655,-4.483146868060157,-4.527844623134289
2019_11_CHI_LA,2019,11,2019-11-17T20:20-05:00,10.0,4.9283919640126275,3.052100957883049,2.4016927083333335,3.9208449397150034,3.992226393360718,3.9102322491042,3.6965200819139277,4.136244464556036,4.206042581365492,3.550966833137308,3.9314551648947,3.7154232966112897,3.992226393360718,4.786323408918535
2019_11_KC_LAC,2019,11,2019-11-18T20:15-05:00,-7.0,-2.03109475544845,-4.229792481782426,2.4016927083333335,-4.894524982332439,-4.696713831190509,-3.824055370701115,-4.180831869062281,-3.886366714675203,-4.223266564179309,-4.037162977974659,-4.064671431811314,-3.4609126559283645,-4.696713831190509,-3.6436102844378704
2019_12_IND_HOU,2019,12,2019-11-21T20:20-05:00,3.0,3.289881615908853,4.835849169402968,2.4016927083333335,5.00688394851646,5.06717859660526,4.145342678062956,3.7470859700832215,4.198724128475808,4.472055487144669,3.963368008170743,4.051730188850847,3.950997587808121,5.06717859660526,3.435914858254896
2019_12_CAR_NO,2019,12,2019-11-24T13:00-05:00,3.0,7.7800941525386245,10.415562102804774,2.4016927083333335,11.149720778356876,10.77353992982107,9.35712097910174,10.712195120259835,9.418621019195044,8.427751088772705,8.015387724923139,9.4636060635708,9.481937329518814,10.77353992982107,9.787913346647878
2019_12_DEN_BUF,2019,12,2019-11-24T13:00-05:00,17.0,3.460041141530761,4.826345694252582,2.4016927083333335,4.717689997422027,4.99312261069322,4.666921546234243,5.2303843311258795,4.543790760225248,4.314439050560704,4.517207723833899,4.599362971207274,4.234260240673227,4.99312261069322,4.4938191356921084
2019_12_DET_WAS,2019,12,2019-11-24T13:00-05:00,3.0,-4.094620543075839,-2.7157221185726748,2.4016927083333335,-3.498321672556355,-2.822730968061574,-2.997210251460464,-2.3382930917919538,-2.7608265135252896,-4.592474237029092,-4.163604990395008,-3.238494475838192,-2.5920372821645605,-2.822730968061574,-3.866741965831965
2019_12_MIA_CLE,2019,12,2019-11-24T13:00-05:00,17.0,10.13284718460769,9.273844060812166,2.4016927083333335,8.66383205424107,8.596823464008148,9.966590774656055,8.94134007332883,10.175195152746806,10.443984202595088,10.71241190674402,9.790212102438627,10.156709272201716,8.596823464008148,10.493337427339775
2019_12_NYG_CHI,2019,12,2019-11-24T13:00-05:00,5.0,8.970249693476973,9.33483542694763,2.4016927083333335,10.459274904445394,10.426407125088495,9.831433756575704,9.192087137915397,9.963846223800935,9.115314118684774,9.253272374031074,9.800838829946052,9.911268792196827,10.426407125088495,9.110765919234725
2019_12_OAK_NYJ,2019,12,2019-11-24T13:00-05:00,31.0,-1.1535956344544536,-3.590813811585469,2.4016927083333335,-2.706243542459036,-3.1877147431384154,-2.4751680316472915,-2.5962260566866,-2.3071295118311568,-2.5539210002090975,-3.187629869810999,-3.4241330700928643,-2.2961499600117348,-3.1877147431384154,-1.704083539018285
2019_12_PIT_CIN,2019,12,2019-11-24T13:00-05:00,-6.0,-5.450670819746669,-7.397376562904377,2.4016927083333335,-7.500430424139534,-8.375995188239566,-9.185644696774784,-9.783013130437773,-9.085287098995668,-7.143552517070345,-7.489426950365459,-9.347560929844867,-8.457583554668233,-8.375995188239566,-9.850535478355269
2019_12_SEA_PHI,2019,12,2019-11-24T13:00-05:00,-8.0,2.0874493405858607,-1.0280101714299297,2.4016927083333335,0.08254162994321179,-0.006794977901766197,-1.2136822578195376,-1.7218462106069001,-1.1102653357705936,-1.132557874462428,-1.4744896962729108,-1.2108344615715874,-1.0736247601265707,-0.006794977901766197,-0.8468032196312352
2019_12_TB_ATL,2019,12,2019-11-24T13:00-05:00,-13.0,3.6763796505870125,5.695321344006515,2.4016927083333335,4.924687751913774,5.14807501400541,5.264743097802405,7.366456984003128,5.144310600816456,4.560454807031331,4.992799690837204,5.3223173309137675,4.672913278954814,5.14807501400541,6.043215936610885
2019_12_JAX_TEN,2019,12,2019-11-24T16:05-05:00,22.0,4.924794140013507,4.601670534137615,2.4016927083333335,4.382401728708691,4.169757773958523,3.7908052171342788,2.8490869742515184,3.5601176051967216,4.297711113389894,4.164978809005527,3.603947773460756,4.068932757877604,4.169757773958523,4.046493189504102
2019_12_DAL_NE,2019,12,2019-11-24T16:25-05:00,4.0,6.948909048770403,6.038655530971901,2.4016927083333335,4.796352811432,4.317437703105113,3.6259232948348847,3.9817446953918103,3.9530911485840368,1.4101477640499045,5.598837639220115,3.808920682285339,3.5911784544200884,4.317437703105113,3.9075687462731685
2019_12_GB_SF,2019,12,2019-11-24T20:20-05:00,29.0,4.173810683917337,2.2010595966918807,2.4016927083333335,0.5235210738364171,0.7829139988484943,0.8413906649802474,0.7337088038958121,0.9000169937455902,0.531316774125723,1.852376974893403,0.9261984148459694,0.43281597718782905,0.7829139988484943,1.2105943303988353
2019_12_BAL_LA,2019,12,2019-11-25T20:15-05:00,-39.0,-1.300945790533118,-4.1755865892598605,2.4016927083333335,-3.001717735721427,-3.2712941372068443,-3.533685130187573,-3.841309289986109,-3.1025398122258867,-2.2419920296710862,-4.106129236884263,-3.720064132736204,-3.336978498731473,-3.2712941372068443,-2.9065061583860454
2019_13_CHI_DET,2019,13,2019-11-28T12:30-05:00,-4.0,-0.06059490369572984,-0.12963966284179318,2.4016927083333335,-3.0813292590444568,-4.218554521454793,-5.050431791445197,-4.612552984473772,-5.301249536351875,-3.5154025200152903,0.6286177095971719,-4.717574483356559,-4.991149639598801,-4.218554521454793,-5.784838256182214
2019_13_BUF_DAL,2019,13,2019-11-28T16:30-05:00,-11.0,5.712848848577371,5.392422511153709,2.4016927083333335,6.4840412569775445,6.341078939356289,6.396330533409312,5.495549671788656,6.345688402589637,7.0811927336363185,5.6095360673190156,6.281679185693721,6.260962235059629,6.341078939356289,6.391334700202865
2019_13_NO_ATL,2019,13,2019-11-28T20:20-05:00,-8.0,-4.467870401928014,-3.5505564449622162,2.4016927083333335,-2.4674521201776543,-2.7807834113475502,-4.089915878389421,-2.932401816136811,-4.342093897999982,-3.727764981865173,-4.526675914670657,-4.177636822500783,-4.033106750791004,-2.7807834113475502,-5.015179366607977
2019_13_CLE_PIT,2019,13,2019-12-01T13:00-05:00,7.0,3.2645606192293917,4.592521950833953,2.4016927083333335,1.9702730634439471,2.322078859207074,0.6989153661439562,0.719603325399647,0.8854649218897424,-0.2736873931932928,1.7302874270472692,1.0801182535812406,0.11044751446271106,2.322078859207074,0.5626199714317759
2019_13_GB_NYG,2019,13,2019-12-01T13:00-05:00,-18.0,-3.849747785532001,-6.246432088607779,2.4016927083333335,-8.935352405377857,-8.439083516213474,-8.498242131801527,-7.38541125693583,-8.585224922199357,-8.6928577482952,-6.9458522429168035,-7.592289829050581,-8.964159767935346,-8.439083516213474,-7.289452323566408
2019_13_NYJ_CIN,2019,13,2019-12-01T13:00-05:00,16.0,0.0883877683962524,0.1308531837218393,2.4016927083333335,1.1294853252632777,0.5104111836394751,-0.6471444134719264,-1.8698652261025823,-0.13613443561561356,0.5526677385202853,-1.0097173306969598,-0.7214899197232985,-0.4981058772780762,0.5104111836394751,-1.779694293830287
2019_13_PHI_MIA,2019,13,2019-12-01T13:00-05:00,6.0,-6.8990276178588275,-5.762773076087012,2.4016927083333335,-6.406666079039479,-6.771824745917015,-6.914662824837724,-5.429931184350574,-7.03373742247735,-7.260097243977658,-6.232170979322831,-6.986266102176864,-6.5604780162844945,-6.771824745917015,-7.044792553174306
2019_13_SF_BAL,2019,13,2019-12-01T13:00-05:00,3.0,6.139001456960713,7.943446545884002,2.4016927083333335,8.066733529440189,8.618157804847705,8.689452656846155,9.331529902083924,8.201341200550294,7.2443389932935025,8.4789617585606,8.663414596318862,8.321232802672238,8.618157804847705,8.875780896485395
2019_13_TB_JAX,2019,13,2019-12-01T13:00-05:00,-17.0,-0.28242780011488566,0.3819816680756276,2.4016927083333335,-1.4290782734139325,-1.094505531755425,0.5130969997194936,2.012336853010421,0.5964448081262341,-0.15269123733679069,1.3093069172349434,1.532476575873083,0.08735427001065066,-1.094505531755425,0.6732295550529992
2019_13_TEN_IND,2019,13,2019-12-01T13:00-05:00,-14.0,3.2612452866444728,4.760846140321348,2.4016927083333335,4.843788202444019,5.539206033702225,4.812086546768009,4.891079089967733,4.9340323416732685,3.075891189613912,3.4882388783900087,4.151425248707227,4.739258673225532,5.539206033702225,5.465347886699404
2019_13_WAS_CAR,2019,13,2019-12-01T13:00-05:00,-8.0,9.908343928602152,8.513986421393335,2.4016927083333335,9.321204350799402,9.825402391647053,11.00421147636263,9.929240714723374,10.938023415974303,11.49092158203429,10.233974141896686,11.48309296336408,10.1815006897756,9.825402391647053,11.136038883051167
2019_13_LA_ARI,2019,13,2019-12-01T16:05-05:00,-27.0,-4.41834205648189,-2.010899612024234,2.4016927083333335,-2.7889696387279095,-3.1226349502387922,-3.444849798129376,-0.9184906756894622,-3.870570938632881,-3.760915764955402,-2.3806250889448943,-3.1718936903839543,-3.0025966839243816,-3.1226349502387922,-3.836084774071631
2019_13_LAC_DEN,2019,13,2019-12-01T16:25-05:00,3.0,-0.7384305918478073,-2.8951340953451967,2.4016927083333335,-5.131399449701225,-5.978560811151055,-6.203982693177048,-5.934148609802767,-6.073508015551882,-6.4651502425958345,-2.3505524065650443,-5.809001961799593,-5.818359376517431,-5.978560811151055,-6.482021296077373
2019_13_OAK_KC,2019,13,2019-12-01T16:25-05:00,31.0,10.531147004510455,10.065194266994745,2.4016927083333335,11.611442656692482,10.793852201044132,9.748268505119084,8.330939392371775,10.15677662943787,9.99485551037403,9.70055221016356,10.1033484030682,9.608755477121745,10.793852201044132,9.857932333699312
2019_13_NE_HOU,2019,13,2019-12-01T20:20-05:00,6.0,-3.4542894556936368,-3.4335937910662997,2.4016927083333335,-3.4164671710388665,-2.6798839715512113,-3.690415247309269,-3.4513638883523114,-3.951044095101572,-2.6553735659674826,-4.1294082554836375,-3.8615267522408976,-3.638271244978316,-2.6798839715512113,-3.8395466427299887
2019_13_MIN_SEA,2019,13,2019-12-02T20:15-05:00,7.0,0.3574171922202547,-0.10978832763319768,2.4016927083333335,1.626509230146011,1.3062036078050627,1.8171465095214487,3.3937480466198933,2.0422599251765714,0.6193016283761494,0.2229378481705082,1.7301092248312833,1.6479339043419339,1.3062036078050627,2.1542813997415786
2019_14_DAL_CHI,2019,14,2019-12-05T20:20-05:00,7.0,0.15230191454092168,-0.28007344019472225,2.4016927083333335,-0.8073272953965129,-0.8941201886693473,-1.3531896997470618,-0.8592421065079008,-1.4277732051461913,-2.553663334440565,-1.1366292784267973,-1.3351567071589352,-1.1259831346861486,-0.8941201886693473,-0.37809002567873096
2019_14_BAL_BUF,2019,14,2019-12-08T13:00-05:00,-7.0,-4.115190631291438,-5.288302622785711,2.4016927083333335,-6.077305047406639,-6.311543769059678,-6.6638175787102005,-5.6911633301398155,-6.414371297374496,-5.5265269571319315,-5.439127253737375,-6.755398129516395,-6.393963568920905,-6.311543769059678,-6.571569864387427
2019_14_CAR_ATL,2019,14,2019-12-08T13:00-05:00,20.0,1.1734257025195782,3.334135159668153,2.4016927083333335,4.878127582223173,4.301053558277751,2.24108257606918,3.8636257335318325,2.2443644587051654,2.035856995063955,0.5609693998001491,2.280729217260113,2.393367463261014,4.301053558277751,2.37235404565003
2019_14_CIN_CLE,2019,14,2019-12-08T13:00-05:00,8.0,8.2949807066272,7.952704619957354,2.4016927083333335,7.195464120129995,7.4692983440281795,9.454544814695355,8.91164773869928,9.21361684233947,9.074389690586939,10.399265540791415,9.35344894126741,9.406345424109926,7.4692983440281795,9.738791497184542
2019_14_DEN_HOU,2019,14,2019-12-08T13:00-05:00,-14.0,7.18485646942816,8.862316835288329,2.4016927083333335,10.23178282267435,10.439150202620798,9.39955878843417,8.757380408491997,9.124576614623727,9.92417918091278,7.835771983193073,9.251365368191742,8.954941735263006,10.439150202620798,8.9450355034389
2019_14_DET_MIN,2019,14,2019-12-08T13:00-05:00,13.0,9.54196410797142,9.343794563824984,2.4016927083333335,8.97247710031429,10.086778067527726,10.113687448238114,8.163663966397412,10.156380324544216,10.087028450282478,7.858592964640976,10.192271925155534,9.908432419480167,10.086778067527726,10.108393171094662
2019_14_IND_TB,2019,14,2019-12-08T13:00-05:00,3.0,2.0835188059486507,0.11276991438145156,2.4016927083333335,1.284800009654775,0.7191077868541156,-0.17432322978199633,-0.18498130703077048,-0.0456793411540356,0.7459405262588472,-0.11941152748636785,-0.18799905715095094,0.15929798242255977,0.7191077868541156,0.06589481349888038
2019_14_MIA_NYJ,2019,14,2019-12-08T13:00-05:00,1.0,4.145224772255314,2.3455359948281207,2.4016927083333335,1.563089866309253,2.135784104020919,2.722659374364845,3.933581221633461,2.7751036220947674,2.054958388848089,2.4170763388186405,2.917590155104069,2.7783748112912483,2.135784104020919,4.6599612857573876
2019_14_SF_NO,2019,14,2019-12-08T13:00-05:00,-2.0,1.261039973539221,3.687650765211564,2.4016927083333335,4.372007453087112,4.6392325583740135,5.232948792719393,7.466691810392924,5.45093640203296,4.285427934188011,4.332754923199996,4.972546515648138,4.933504716442378,4.6392325583740135,5.36148119709223
2019_14_WAS_GB,2019,14,2019-12-08T13:00-05:00,5.0,10.784201032826708,12.048130260710131,2.4016927083333335,14.742569160047243,14.149159403295766,14.171848305556928,13.286930417048763,14.09741289179119,14.286565795001774,12.407757647986044,14.346161750448577,14.183180164577585,14.149159403295766,14.043797194400113
2019_14_LAC_JAX,2019,14,2019-12-08T16:05-05:00,-35.0,-3.949418836989362,-4.8712562450169745,2.4016927083333335,-5.213386458136231,-4.900370553185528,-4.81708872965303,-3.885307880507005,-4.729771754402584,-4.932792040316758,-4.237642324303395,-4.738859316923166,-4.838827696957003,-4.900370553185528,-4.913235933279605
2019_14_KC_NE,2019,14,2019-12-08T16:25-05:00,-7.0,4.486523667177347,3.3591413451425174,2.4016927083333335,2.3466657433419824,1.8452692111626305,2.3715108461738676,2.039589854991334,2.448030330537246,2.3328678565102843,2.868919178347437,2.4779962417037513,2.340413248072945,1.8452692111626305,2.51648142328958
2019_14_PIT_ARI,2019,14,2019-12-08T16:25-05:00,-6.0,-4.855907886259865,-6.492972634143675,2.4016927083333335,-3.196560503612484,-3.5666303453904877,-3.692379015732617,-2.7392192255202965,-3.900516764810576,-2.0351016596729314,-5.965663749019743,-3.781410561742825,-3.1490345518520195,-3.5666303453904877,-3.34272489810777
2019_14_TEN_OAK,2019,14,2019-12-08T16:25-05:00,-21.0,-5.059401661502527,-1.7447174339823208,2.4016927083333335,-1.5863658334407926,-0.40368803040161627,-1.0524868858756793,2.482792366193693,-1.172495701915984,-2.647190104759087,-2.8944685731505913,-1.0124456489546922,-1.3121583805907457,-0.40368803040161627,-0.7626497850216303
2019_14_SEA_LA,2019,14,2019-12-08T20:20-05:00,16.0,2.94718346098142,0.2326013259382993,2.4016927083333335,0.8573844969848028,0.5704258967421416,0.4317020618976706,-0.36626119377661936,0.6489369741889237,2.0038979356109112,1.224141320268732,0.2763654971978838,0.6902007455721422,0.5704258967421416,0.6943266273561108
2019_14_NYG_PHI,2019,14,2019-12-09T20:15-05:00,6.0,9.084410748555701,9.170110729400813,2.4016927083333335,9.403931186481339,9.37903399054282,8.687384899731086,7.069361439637319,8.60355473490133,8.53439618608208,9.215392758318988,8.670096972727645,8.615716876038611,9.37903399054282,8.050255328930042
2019_15_NYJ_BAL,2019,15,2019-12-12T20:20-05:00,21.0,17.67519424816438,18.097467738479246,2.4016927083333335,16.331690031022045,15.691419375273512,15.081499854315805,12.326182568816959,14.883307876405254,14.651443873594664,18.392624862993568,15.340733105692347,14.624969156640365,15.691419375273512,13.573653046776535
2019_15_CHI_GB,2019,15,2019-12-15T13:00-05:00,8.0,2.7934566460674204,4.060842089177729,2.4016927083333335,5.08428557368549,4.7282023334696035,4.458552749081714,5.014308928156127,4.571707742098152,4.081087401582312,3.875599176990785,4.611116209954753,4.861213886503893,4.7282023334696035,3.8178535318529514
2019_15_DEN_KC,2019,15,2019-12-15T13:00-05:00,20.0,9.095968114628706,10.856269305084005,2.4016927083333335,12.69270781252541,12.620996313826668,11.359720925144664,10.935964882193517,11.30437448667944,11.34414930208951,10.175103979637548,11.406905847021394,10.930123064113992,12.620996313826668,10.795135064189912
2019_15_HOU_TEN,2019,15,2019-12-15T13:00-05:00,-3.0,4.273421902541625,1.6734233076914404,2.4016927083333335,0.21586413293032258,-0.15092957251724393,0.7542836176579177,-0.04131187436403938,0.5964574067257783,1.8822778307422787,2.8713198317442523,0.6722568067601207,1.1831458484731079,-0.15092957251724393,1.2860591033327309
2019_15_MIA_NYG,2019,15,2019-12-15T13:00-05:00,16.0,3.3752016748468323,1.8359356994017257,2.4016927083333335,1.9337609594367309,2.33863051404456,2.371676023961028,2.940253799082853,2.5624482043109604,2.693997557666735,1.2476098205301198,2.4573069732470145,2.1029455213968675,2.33863051404456,3.3718766694058786
2019_15_NE_CIN,2019,15,2019-12-15T13:00-05:00,-21.0,-10.005894792340381,-10.090112498238064,2.4016927083333335,-9.644558713740421,-9.353238134240158,-9.980424460534776,-7.5236329340837464,-10.18451708603223,-9.363755114064048,-10.238167922342656,-10.243016249194058,-9.461955876347407,-9.353238134240158,-10.321322978213777
2019_15_PHI_WAS,2019,15,2019-12-15T13:00-05:00,-10.0,-3.2311802800765266,-3.679459414901096,2.4016927083333335,-6.788244002386732,-6.828156600693244,-7.111120366484046,-6.998150418579576,-6.987346258284906,-7.4517351061469155,-4.440949228446728,-7.14878001692417,-6.458046823813652,-6.828156600693244,-6.88214225375722
2019_15_SEA_CAR,2019,15,2019-12-15T13:00-05:00,-6.0,-2.998554498677928,-5.3499338524505955,2.4016927083333335,-6.215341324341341,-6.018697318173073,-4.898402995676648,-4.822979975933171,-5.11741309600373,-4.416564370578946,-3.6511746130554794,-5.042319042731396,-5.016697031120977,-6.018697318173073,-4.6237779139490165
2019_15_TB_DET,2019,15,2019-12-15T13:00-05:00,-21.0,-0.17556547038874148,1.0542742756777719,2.4016927083333335,-0.2113693297380241,0.06628020654883893,0.7406161021858431,0.8132674133490725,0.6191418150532657,0.8131489856174388,1.8679115998315916,0.6719407977452951,0.3845891740519789,0.06628020654883893,0.5900824987433708
2019_15_CLE_ARI,2019,15,2019-12-15T16:05-05:00,14.0,-3.594714715448352,-3.0118497035682155,2.4016927083333335,-2.2847198442224492,-2.0128721291038576,-3.864990493929767,-2.985962861650959,-3.956747419464982,-3.887120399407965,-5.562503327339758,-3.5988562611013584,-3.888438232749767,-2.0128721291038576,-3.7966207562600367
2019_15_JAX_OAK,2019,15,2019-12-15T16:05-05:00,-4.0,2.779539793611364,4.293244137298336,2.4016927083333335,4.104492805430977,4.631711845494116,3.941118776432674,4.976964173150881,3.578349673452638,3.7785803376959586,3.364311145173317,3.9746312512314588,4.0471329879924145,4.631711845494116,4.117111771512294
2019_15_MIN_LAC,2019,15,2019-12-15T16:05-05:00,-29.0,0.20551509595089223,0.827564721813528,2.4016927083333335,1.6869913186943994,1.168117285134529,1.3844441127370959,3.259886194193857,1.418633094131218,1.3561025725427416,0.9578295439708087,1.1017251111526671,1.5303722550966254,1.168117285134529,1.406063496419286
2019_15_ATL_SF,2019,15,2019-12-15T16:25-05:00,-7.0,10.069234793804,7.756900541602722,2.4016927083333335,5.392402834694152,5.366361333996663,5.384072781882552,2.7420757261084967,5.4375269922838285,7.101654157892144,7.594988983003906,4.932506005468106,5.864178440370813,5.366361333996663,5.944621919342389
2019_15_LA_DAL,2019,15,2019-12-15T16:25-05:00,23.0,0.163712974424568,1.668900322178775,2.4016927083333335,1.4273220734655774,1.480226620582994,1.533098552459318,2.3230898026429614,1.3972401825813705,1.1155715860096638,1.1743679048162698,1.5455334409380472,1.413121251454648,1.480226620582994,1.299591770841437
2019_15_BUF_PIT,2019,15,2019-12-15T20:20-05:00,-7.0,1.7894033909920002,3.291911521724889,2.4016927083333335,2.4672962526783233,2.82440353777843,2.7875481093765395,3.7856270101781124,2.804248823535036,1.3999928275038052,2.0798599885295874,2.921419774753768,2.549214212953504,2.82440353777843,3.0537444366139224
2019_15_IND_NO,2019,15,2019-12-16T20:15-05:00,27.0,6.561561807278051,7.534310823400303,2.4016927083333335,7.15964399277189,6.9587591117768985,7.897479918523535,8.112124644024123,8.265655216222934,8.937270951398286,8.194898080978493,7.7540537274591586,7.6713892810874,6.9587591117768985,7.6798415386245535
2019_16_HOU_TB,2019,16,2019-12-21T13:00-05:00,-3.0,1.8566837736139963,-0.8465780932025848,2.4016927083333335,-1.696886763726325,-2.590773613976221,-2.933103163032679,-1.8758693472187966,-3.104959600461579,-2.5314306135494267,-0.22282808782997598,-2.7317344713801046,-2.377147092639475,-2.590773613976221,-2.175810950378693
2019_16_BUF_NE,2019,16,2019-12-21T16:30-05:00,7.0,7.277110231076801,7.769486967244859,2.4016927083333335,8.861607493523868,8.029294207533644,7.772496304554446,7.104025352454926,8.151585818947398,7.230465439931814,6.7758750843151745,7.829623954368365,7.613153120240366,8.029294207533644,8.121235160027734
2019_16_LA_SF,2019,16,2019-12-21T20:15-05:00,3.0,3.882793590898207,5.062999257757703,2.4016927083333335,3.2980624178034397,3.1086436225100704,2.374630513700991,2.078045441165272,2.1294584110288497,2.2274930811466005,3.084199951856899,2.719269429946455,2.6024297748466125,3.1086436225100704,1.9718514928985706
2019_16_BAL_CLE,2019,16,2019-12-22T13:00-05:00,-16.0,-8.260279668524554,-9.8326358232929,2.4016927083333335,-9.045459798935859,-9.512411366842183,-8.032049615926882,-6.576909419498829,-7.797630487926341,-7.26527798610141,-7.97851039694541,-8.387539958061181,-7.58013068706731,-9.512411366842183,-8.024923487425788
2019_16_CAR_IND,2019,16,2019-12-22T13:00-05:00,32.0,4.502077223775085,5.376383654212065,2.4016927083333335,7.469594364630787,8.142614364380393,6.392544596515086,6.278720145903465,6.6088411689087,5.631814837796966,3.0147068291081194,6.282562715759067,6.951061417900644,8.142614364380393,6.584200563992914
2019_16_CIN_MIA,2019,16,2019-12-22T13:00-05:00,3.0,0.9711119457179649,2.9491466769560826,2.4016927083333335,2.2011360811539737,2.557932792809555,3.148314821956342,4.050805700067628,2.8177357452844003,2.673625231393713,4.050773596773267,3.0871726790200955,3.0815699278911133,2.557932792809555,2.7112372340932915
2019_16_JAX_ATL,2019,16,2019-12-22T13:00-05:00,12.0,8.629978895575311,9.631176449784038,2.4016927083333335,10.453771960930775,10.05306837692552,9.058560669719355,8.63830752949169,8.927078141404575,8.133219698313845,8.227793877367224,9.00793942461024,8.972158441452832,10.05306837692552,9.249395953897286
2019_16_NO_TEN,2019,16,2019-12-22T13:00-05:00,-10.0,-0.5148459786753126,-0.2888890717718442,2.4016927083333335,-0.26204682505308086,-0.47783518191261265,-1.2132755478876445,-2.5614667901041615,-1.4052628753580847,-0.6157789331989827,-0.5901471831501617,-3.526070007467082,-0.8974907682222009,-0.47783518191261265,-1.8118309764212968
2019_16_NYG_WAS,2019,16,2019-12-22T13:00-05:00,-6.0,1.4360475028150708,1.4268091830022742,2.4016927083333335,1.0124784879900144,1.3077229097837604,0.410963405567911,0.5823700318156997,0.480168792700282,-0.4171688325210783,0.5666956925488373,0.28551973746372306,0.8486808747516195,1.3077229097837604,0.8350320174954107
2019_16_PIT_NYJ,2019,16,2019-12-22T13:00-05:00,6.0,-4.506840779621928,-5.885663310678668,2.4016927083333335,-3.5977660884041263,-3.8290010631056917,-3.634790741970318,-1.1598239377948043,-3.8330928526344272,-3.2678117379046383,-4.957983551216349,-3.7089940961877828,-3.1629316388983204,-3.8290010631056917,-2.15360796628733
2019_16_DET_DEN,2019,16,2019-12-22T16:05-05:00,10.0,5.770716193253116,5.304152246935561,2.4016927083333335,6.017236114112363,6.401036531796486,6.658472733132381,6.258977592072039,7.132608164390831,5.7409878275537025,4.837518685848093,6.68441318617728,6.946838947258402,6.401036531796486,6.835398174156054
2019_16_OAK_LAC,2019,16,2019-12-22T16:05-05:00,-7.0,10.67834452789885,9.437432250381056,2.4016927083333335,9.693351296814399,8.853259271239992,8.883691660602846,6.52989656366771,9.010233420905033,9.870934937020236,9.38735946145984,8.671220577677481,8.863354328243535,8.853259271239992,8.216998110894092
2019_16_ARI_SEA,2019,16,2019-12-22T16:25-05:00,-14.0,9.983509072545116,11.389389429361142,2.4016927083333335,10.010746737533575,10.31352847890618,10.022920944953581,9.826249662843633,10.070653571984595,8.982748420071342,10.825674232856471,9.89910453863386,9.560378899839863,10.31352847890618,10.368910750973534
2019_16_DAL_PHI,2019,16,2019-12-22T16:25-05:00,8.0,-1.2048158454047107,-1.102832384378292,2.4016927083333335,-0.2571918942972688,0.033684896334846615,-0.4755505791469864,0.03921628264985122,-0.6428010780881686,-0.8618337467264283,-1.9417858631090281,-0.05018907863547106,-0.45269025093605764,0.033684896334846615,-0.5104510928386419
2019_16_KC_CHI,2019,16,2019-12-22T20:20-05:00,-23.0,-3.968344125779515,-3.887240596331866,2.4016927083333335,-4.73535886191927,-4.961416173485549,-4.500697627771139,-4.040436947207935,-4.718182710659945,-3.6119137402622377,-3.668043441282602,-5.665933994590974,-4.2979591106544195,-4.961416173485549,-5.038907314887159
2019_16_GB_MIN,2019,16,2019-12-23T20:15-05:00,-13.0,6.952286377710399,7.392508578635978,2.4016927083333335,4.533999009073131,5.847843261309208,5.405504312165937,4.1418439973145915,5.145262476638384,4.788733961456657,6.403479765952191,5.480556790867287,4.85019367075847,5.847843261309208,5.662876735823599
2019_17_ATL_TB,2019,17,2019-12-29T13:00-05:00,-6.0,3.60335247370244,-0.8321429561364875,2.4016927083333335,-1.61928050738637,-2.1298899885560707,-2.96777476845322,-3.7389100414575007,-3.016413854302785,-1.4830460077679204,-0.4284692507037303,-2.803880794555779,-2.381518839269794,-2.1298899885560707,-2.4282260737990646
2019_17_CHI_MIN,2019,17,2019-12-29T13:00-05:00,-2.0,7.957677239105962,8.902370325878637,2.4016927083333335,4.177360646552064,4.594347334828606,3.9488135839254053,2.5884875225732813,3.885367067665343,3.081563154661364,7.993313677515931,4.286147961375901,3.765216772957943,4.594347334828606,3.8214637026257012
2019_17_CLE_CIN,2019,17,2019-12-29T13:00-05:00,10.0,-2.3273754667594595,-2.101010366047322,2.4016927083333335,-1.6882203840832082,-2.0808468849996116,-4.560217559088314,-3.503650633957477,-4.527750083311579,-4.3826377952903774,-4.9659154918469035,-4.48584630531282,-4.466132167844268,-2.0808468849996116,-4.728825112245399
2019_17_GB_DET,2019,17,2019-12-29T13:00-05:00,-3.0,-5.422000877899605,-4.7805557928375,2.4016927083333335,-8.024555505577773,-7.883561376399823,-8.328572960398272,-7.771598239175318,-8.623074145995313,-7.4827945515581415,-4.974150194893065,-8.494523601466852,-8.731467139593928,-7.883561376399823,-8.404374415823261
2019_17_LAC_KC,2019,17,2019-12-29T13:00-05:00,10.0,11.489354533119867,11.209318344574305,2.4016927083333335,11.780115552834399,11.659959096524831,10.657356870512574,8.496386235063149,10.886935598886058,10.270295631678346,11.201060367064924,10.876284632642484,10.676895673331128,11.659959096524831,10.272213164088845
2019_17_MIA_NE,2019,17,2019-12-29T13:00-05:00,-3.0,18.010948756369448,16.843916422272734,2.4016927083333335,16.17895393747063,15.651294005729776,14.851370828226983,10.833448785892863,15.419761914199057,14.842267280401312,15.15822208934079,15.105876059296175,14.561172395919538,15.651294005729776,14.900377152144731
2019_17_NO_CAR,2019,17,2019-12-29T13:00-05:00,-32.0,-8.775025582652486,-10.416326540850775,2.4016927083333335,-10.872321800511148,-10.750399762173785,-10.05940374281035,-8.61122835913249,-10.526359994471749,-11.263358163622765,-8.973977086072173,-10.027264504106332,-10.495480232105075,-10.750399762173785,-9.944681597814592
2019_17_NYJ_BUF,2019,17,2019-12-29T13:00-05:00,-7.0,10.768618106137843,11.455581542251345,2.4016927083333335,7.6997741291134885,8.781555710298605,7.6051875246285014,4.800824017584009,7.816306610140671,8.016302998156005,10.905931433951128,7.85137312815932,7.448382548833587,8.781555710298605,5.9948313239979525
2019_17_ARI_LA,2019,17,2019-12-29T16:25-05:00,7.0,9.229716121097534,7.773745431632058,2.4016927083333335,8.34880609929336,8.5302181931937,8.360790604495543,7.549335187830635,8.758543395169397,9.055868147550516,8.523082652858701,7.890113500982368,8.121593203714129,8.5302181931937,8.809438175656965
2019_17_IND_JAX,2019,17,2019-12-29T16:25-05:00,18.0,-4.382094832906151,-4.785870276799605,2.4016927083333335,-5.368032037371314,-5.49468769949753,-4.7745445473998505,-3.987452164401442,-4.793597154412664,-3.864254488177795,-3.879635312558536,-4.609999878802915,-4.940056718141509,-5.49468769949753,-4.507039828542888
2019_17_OAK_DEN,2019,17,2019-12-29T16:25-05:00,1.0,7.674196579338969,5.670695827979914,2.4016927083333335,5.3058536553655555,4.5429447662300255,4.592005986124583,2.1156624402217385,5.132067430605646,4.559293913805661,6.0028923644285666,4.215511405316506,4.906104100229793,4.5429447662300255,4.417542337930877
2019_17_PHI_NYG,2019,17,2019-12-29T16:25-05:00,-17.0,-3.3152083665743417,-3.850888790869062,2.4016927083333335,-6.204425564200967,-6.4893007212405855,-6.304974726979974,-5.502296376304873,-6.364353760368575,-5.742204265643658,-3.9422475095666014,-6.32611324302025,-6.115876423667148,-6.4893007212405855,-5.771993364117758
2019_17_PIT_BAL,2019,17,2019-12-29T16:25-05:00,18.0,12.535566414650097,12.670877443115751,2.4016927083333335,13.221870562018932,11.488564452537318,10.889256454841442,9.791520748231953,10.348690102612025,11.140552381292492,13.136887020142265,10.870683389975259,10.958729148202362,11.488564452537318,11.130882110944864
2019_17_TEN_HOU,2019,17,2019-12-29T16:25-05:00,-21.0,2.89322921746002,2.644000067483123,2.4016927083333335,1.8167483819954198,0.06218850758331973,-1.7917246940331082,-1.843452094008586,-1.9122234447510755,-2.6382180723899253,1.1133744136415173,-1.5520180384573474,-2.20384104077512,0.06218850758331973,-1.025728948730956
2019_17_WAS_DAL,2019,17,2019-12-29T16:25-05:00,31.0,12.818661457775535,12.66465683570426,2.4016927083333335,13.3618576291717,12.60413139807679,13.10220063314637,11.216879926460294,13.24074503670129,13.501332402963437,13.544946217479565,13.090859981695868,12.564735652142431,12.60413139807679,12.068797538859378
2019_17_SF_SEA,2019,17,2019-12-29T20:20-05:00,-5.0,-0.9965816008158934,0.6965165271958976,2.4016927083333335,1.6753749234782478,2.2842121863281157,2.9159736177035764,5.516455222227971,2.8118302011937186,1.043962471499146,1.3680830733814344,2.7744151410750817,2.439520793343215,2.2842121863281157,3.6682081088170095
2020_01_HOU_KC,2020,1,2020-09-10T20:20-04:00,14.0,6.317414355737133,9.39180952179789,2.0385044642857144,9.811724844060231,9.248468367445353,8.747621380540794,10.149023876607417,8.687777705463969,7.424032845804244,8.77583499042137,7.344036931459783,8.760247042934205,9.248468367445353,8.928525963882434
2020_01_CHI_DET,2020,1,2020-09-13T13:00-04:00,-4.0,0.25552860653102094,-1.645693040671788,2.0385044642857144,0.3389009677345416,0.6216129072124548,0.8001997230486526,1.0662050388058597,0.9724827857041678,1.2248858323391323,-1.2743153241508103,0.8347222537460661,0.7486335677268465,0.6216129072124548,0.9853847290309676
2020_01_CLE_BAL,2020,1,2020-09-13T13:00-04:00,32.0,9.127811698577037,14.627580493312223,2.0385044642857144,15.045974928280796,15.08585547074593,14.342412585264098,15.789568520411928,14.24213289062858,11.513649759988706,13.254036935025153,12.32100183512342,13.957388283679315,15.08585547074593,14.613000149561163
2020_01_GB_MIN,2020,1,2020-09-13T13:00-04:00,-9.0,2.947133846981681,1.4691465887412942,2.0385044642857144,-1.0833740747235447,0.6971922456290525,-0.48244599218512807,-1.0575692054872592,-0.43180905293615357,-0.7423576453590477,-0.01254435002904944,1.2790216073597258,-1.2302410000527066,0.6971922456290525,-0.8338846226378123
2020_01_IND_JAX,2020,1,2020-09-13T13:00-04:00,7.0,0.5589525835469247,-4.993462563691502,2.0385044642857144,-5.957404621383486,-6.089611211823358,-6.795229804778739,-7.715301869756333,-7.023915226990806,-4.499541402917931,-3.6758682090558588,-4.526120002829203,-6.74093373434849,-6.089611211823358,-6.85864810771567
2020_01_LV_CAR,2020,1,2020-09-13T13:00-04:00,-4.0,2.019108309343359,1.0854451489161754,2.0385044642857144,2.635312743837408,1.6219596428892515,2.9634350572346437,1.280811448809254,2.929514337689439,4.855972588729063,1.984886032248621,-1.4943940001289313,2.8748324777576157,1.6219596428892515,3.090687612161098
2020_01_MIA_NE,2020,1,2020-09-13T13:00-04:00,10.0,8.755474378184724,8.681741524959094,2.0385044642857144,10.118913749684975,9.263325411952883,9.308337089962663,8.707634717407744,9.527426210693399,8.639723676075375,7.943330454125473,9.097586728964869,8.571465807304923,9.263325411952883,9.544189184805571
2020_01_NYJ_BUF,2020,1,2020-09-13T13:00-04:00,10.0,5.3016626951085835,3.571426659768664,2.0385044642857144,3.4593792442954,3.4004110797323683,3.6403563266307706,3.3235695618368783,3.7505962200216034,4.335626573946566,3.7268414897573168,4.535706861812558,3.2519794898530394,3.4004110797323683,3.8190286293126343
2020_01_PHI_WAS,2020,1,2020-09-13T13:00-04:00,10.0,-2.6922638761776456,-3.7777398228385666,2.0385044642857144,-5.872963524523669,-5.271051390909808,-6.581432059281132,-7.886671409631733,-6.540952557330933,-5.452997355711114,-4.86007417231707,-9.63322986503187,-6.4107276952960515,-5.271051390909808,-6.531279798711212
2020_01_SEA_ATL,2020,1,2020-09-13T13:00-04:00,-13.0,2.4136004718491004,-0.38993261009611513,2.0385044642857144,-0.034864799559018333,-0.39620110749879056,-0.2816297933481402,-0.3714622926949541,-0.24412006109580897,-0.4371183893942374,-0.24628252466192846,1.1793532689593298,0.020962400509773715,-0.39620110749879056,-0.17087417545782557
2020_01_LAC_CIN,2020,1,2020-09-13T16:05-04:00,-3.0,-0.3310223243559043,-3.660018112124315,2.0385044642857144,-5.827594207139072,-5.227421129265414,-6.056337349406921,-6.0970071055518655,-5.720946046823047,-6.157754257084399,-6.043760304416641,-3.8015935489561885,-5.819185042220535,-5.227421129265414,-5.7969516646530375
2020_01_ARI_SF,2020,1,2020-09-13T16:25-04:00,-4.0,6.55655917210875,7.6324171006240045,2.0385044642857144,5.549658693670045,5.102207487276527,4.609122387962165,4.505513713585799,4.606255811538311,4.228959752487997,6.847952106426277,4.945297170510911,4.521242725305407,5.102207487276527,4.845042523356071
2020_01_TB_NO,2020,1,2020-09-13T16:25-04:00,11.0,6.31823004618489,7.667963436999557,2.0385044642857144,5.530396706116574,6.752507126043119,7.093288877962202,7.386241959024394,7.198156341598818,4.117807621688023,7.650436747616032,9.778651029223806,6.464388107581868,6.752507126043119,7.286038737973888
2020_01_DAL_LA,2020,1,2020-09-13T20:20-04:00,3.0,1.7810143167745003,2.6169218468980366,2.0385044642857144,3.0797257007529284,3.0286831315800855,1.1964010397392477,0.8837846556602265,1.4376747984996414,1.783589245030803,-0.38101275222868525,0.7468573814826036,0.510756488201211,3.0286831315800855,0.9714012394338685
2020_01_PIT_NYG,2020,1,2020-09-14T19:15-04:00,-10.0,-0.18983504392042994,-3.444068652523595,2.0385044642857144,-5.337159625918878,-5.070944259174855,-5.091924079668881,-6.246148297974003,-5.221694889997178,-4.934636448228554,-2.6523599557048447,-2.352881055226021,-4.159880033489074,-5.070944259174855,-4.928247262935027
2020_01_TEN_DEN,2020,1,2020-09-14T22:10-04:00,-2.0,0.14872198648646728,-0.37446322972274526,2.0385044642857144,-0.16928951028374328,-0.5259518809366228,-0.5403440100590462,-0.627470713962345,-0.4201768471528271,-1.8900779842225441,-1.4300107176372636,-0.6198826689787347,-0.46225724201872964,-0.5259518809366228,-0.5190561266823543
2020_02_CIN_CLE,2020,2,2020-09-17T20:20-04:00,5.0,2.689307899046078,0.8399213699877128,2.0385044642857144,0.5814174231205249,0.49341165209532745,1.179399429295402,1.0168339175657237,1.1859634026888173,2.0767383483923987,1.3105824622642344,1.415642071876029,2.2257230272065645,0.49341165209532745,1.4645050547651288
2020_02_ATL_DAL,2020,2,2020-09-20T13:00-04:00,1.0,5.559598680227625,3.6771159141465186,2.0385044642857144,3.576213698658088,3.6198502901266805,3.1892565673397417,2.274658272377849,3.2463574536570707,2.8624951898236657,4.591773460612095,3.364265307535552,4.9970150569162195,3.6198502901266805,2.748947248845042
2020_02_BUF_MIA,2020,2,2020-09-20T13:00-04:00,-3.0,-1.9170940704999158,-2.5542581088938037,2.0385044642857144,-2.3549771994500626,-3.015058419878378,-3.413145800433462,-3.8766213257630584,-3.4512927912642546,-3.572102562278505,-2.503776985519511,-2.6732570501570776,-3.135345198735764,-3.015058419878378,-3.678602042125087
2020_02_CAR_TB,2020,2,2020-09-20T13:00-04:00,14.0,5.919583121805971,6.030706117210334,2.0385044642857144,7.0785518583366285,5.427140236696056,3.110242722384103,4.630416201483623,3.080973686245563,4.569510877952791,3.7853638680093726,3.2496520900294703,2.4864423811771594,5.427140236696056,2.747140010215328
2020_02_DEN_PIT,2020,2,2020-09-20T13:00-04:00,5.0,3.7375560434647968,3.2836266871984767,2.0385044642857144,4.3758209718821135,4.139317527785886,3.865106383333641,4.919967717839645,3.819188836969196,4.62104920530124,1.5321008785180685,3.846218024130113,3.0738595960485595,4.139317527785886,4.016064456997663
2020_02_DET_GB,2020,2,2020-09-20T13:00-04:00,21.0,7.494550057120785,8.644151365233474,2.0385044642857144,8.069745332762675,7.181189139345621,7.100070843735377,7.511078083639178,6.943667960211214,7.079102152266813,9.038680704226376,6.172626549878446,7.817351113619262,7.181189139345621,7.051951340174583
2020_02_JAX_TEN,2020,2,2020-09-20T13:00-04:00,3.0,6.536787647707273,5.473508978801756,2.0385044642857144,5.296041060483816,5.5403455801934385,5.7474805632374855,6.304152613978913,5.677339556380235,5.41615098358975,6.561286698893683,5.824342006781765,6.168525360961177,5.5403455801934385,6.219851475242564
2020_02_LA_PHI,2020,2,2020-09-20T13:00-04:00,-18.0,0.8449747228933062,-0.3768230030844345,2.0385044642857144,-0.10499625666168,-0.07279414458885713,1.2054705445472378,1.647963283759083,1.0644078080810149,1.0468573832118278,1.1417873659741054,1.275920352663917,1.2196375446267143,-0.07279414458885713,1.3690878810443279
2020_02_MIN_IND,2020,2,2020-09-20T13:00-04:00,17.0,0.23153261469859965,0.7897996935325765,2.0385044642857144,1.4866084531401975,0.9996116927665937,1.5512680758255688,2.4808783875254905,1.658141811554248,-0.0070050700551286815,-0.7035670613953982,1.6138429487204717,1.7119795502514163,0.9996116927665937,2.1298373417938503
2020_02_NYG_CHI,2020,2,2020-09-20T13:00-04:00,4.0,6.537146954326731,9.015568709530204,2.0385044642857144,9.601704595881827,9.509534244148576,8.742617132273766,9.182316385647606,8.76745904557598,7.3880661133303605,7.484911198548651,8.894477822989431,7.369752711446357,9.509534244148576,8.470833124363082
2020_02_SF_NYJ,2020,2,2020-09-20T13:00-04:00,-18.0,-1.6195411455346518,-3.929610784937051,2.0385044642857144,-3.6030945580126192,-2.8691103316773914,-3.7121493902599063,-3.7025941825790296,-3.6666797158134505,-4.6368270548913255,-4.431064413634872,-2.8235269007287327,-3.5613274937608588,-2.8691103316773914,-3.707857905741008
2020_02_WAS_ARI,2020,2,2020-09-20T16:05-04:00,15.0,4.946138232057485,5.553177583641691,2.0385044642857144,7.499049294205616,6.945463107962112,7.409081196385611,8.367760658586386,7.330858232635073,7.410680971682853,5.477393637282609,7.912375093466161,6.474986565866124,6.945463107962112,7.557243100564684
2020_02_BAL_HOU,2020,2,2020-09-20T16:25-04:00,-17.0,-4.296556550074808,-6.21401096202564,2.0385044642857144,-5.524662577764815,-5.58596040104995,-6.737836541537018,-8.012802201917554,-6.485304188261674,-5.649788303801923,-7.367229382798969,-6.912414110331467,-6.921300475025077,-5.58596040104995,-6.7856028728740725
2020_02_KC_LAC,2020,2,2020-09-20T16:25-04:00,-3.0,-2.2589962742223513,-5.2716036333798275,2.0385044642857144,-8.000027000592224,-8.581373330902702,-7.917254564814038,-7.824048590201928,-8.137385417140536,-7.052648151217061,-2.8692645922566395,-7.806838352312129,-7.731189902186371,-8.581373330902702,-8.45559938987551
2020_02_NE_SEA,2020,2,2020-09-20T20:20-04:00,5.0,0.987283496685341,0.9178008699232094,2.0385044642857144,-0.07439699515204223,0.6803840224252098,-0.015824410728403127,-0.10610488346871083,-0.11276752105369914,1.6418451826390141,-0.40500291193977833,0.01023866500389925,-0.013026883399655187,0.6803840224252098,-0.1317772153384893
2020_02_NO_LV,2020,2,2020-09-21T20:15-04:00,10.0,-4.0563207240049834,-4.847179441133316,2.0385044642857144,-5.499925712136193,-4.036451802880701,-3.9182155777418046,-3.3325425856727344,-4.0566580769008,-4.597566527279453,-4.006153426107523,-4.004196997235821,-3.645841214819091,-4.036451802880701,-3.699490230971358
2020_03_MIA_JAX,2020,3,2020-09-24T20:20-04:00,-18.0,4.088705980743958,3.7704330505392605,2.0385044642857144,3.342810897885698,3.9027339054874344,3.237664339094962,3.625310052060608,3.2024561038190154,2.956711102586077,2.864147733236195,3.3309807943491148,2.8780646206809277,3.9027339054874344,3.5194698811302567
2020_03_CHI_ATL,2020,3,2020-09-27T13:00-04:00,-4.0,1.8444795326723291,1.3132711312022982,2.0385044642857144,1.8640658294189412,1.6481372327939705,1.9802383790526268,2.7136843117409333,2.0394764531436067,2.383336569521401,1.446355075164441,1.9998376690471322,1.7972810335076825,1.6481372327939705,2.721803227575018
2020_03_CIN_PHI,2020,3,2020-09-27T13:00-04:00,0.0,4.441641395911711,4.004698516782852,2.0385044642857144,4.614790802100146,4.301842987116448,4.671861322943542,5.400493902551609,4.689712171516954,4.228091113803019,4.666088817994376,4.722321972155547,4.307084779379972,4.301842987116448,4.867731597866433
2020_03_HOU_PIT,2020,3,2020-09-27T13:00-04:00,7.0,4.152144751039014,3.638141973907964,2.0385044642857144,3.073335270267627,2.8213130303975174,3.368187639646572,4.4010174569650795,3.3536914858436995,3.7351794607120476,3.3058797743052133,3.5069613601302234,3.2300857273533716,2.8213130303975174,3.140399172495875
2020_03_LA_BUF,2020,3,2020-09-27T13:00-04:00,3.0,0.5304809422953831,-1.4619771966658928,2.0385044642857144,-2.59533954786585,-1.9723441226692973,-1.0571049615921708,-1.020236472736891,-1.1855316084772658,-0.1862214514325938,-0.44263183199913003,-1.0008113923355595,-0.9916891822287965,-1.9723441226692973,-0.7248524229587425
2020_03_LV_NE,2020,3,2020-09-27T13:00-04:00,16.0,6.455491404765691,5.841540845773922,2.0385044642857144,7.677651016103342,6.014045875207845,5.545810522905799,5.245286992388914,5.683105871517719,4.828783198592088,4.931617995171186,5.537752819081074,5.085237281637332,6.014045875207845,5.523410281405777
2020_03_SF_NYG,2020,3,2020-09-27T13:00-04:00,-27.0,-3.88684376289606,-4.0192606555493136,2.0385044642857144,-2.619942642044439,-2.1825697066669236,-2.897531998114049,-3.0618337218405425,-2.7315869075774155,-2.636272975355908,-4.77598761958148,-3.7047993411772926,-1.7772926566644838,-2.1825697066669236,-4.2922440846311325
2020_03_TEN_MIN,2020,3,2020-09-27T13:00-04:00,-1.0,0.714194061259682,-1.4640534086128305,2.0385044642857144,-1.0298863698169811,-1.2751501842821211,-2.238744763052251,-2.56374725847307,-1.9764298066814288,-1.8232716345237203,-3.213058607121903,-1.3029706165500257,-2.727688891350035,-1.2751501842821211,-2.337608151454241
2020_03_WAS_CLE,2020,3,2020-09-27T13:00-04:00,14.0,3.723361141407144,4.523365913231009,2.0385044642857144,5.615927552041365,4.983572849822156,5.9967446598514815,6.888876832927467,5.937227746926412,5.860521162662337,5.299993715626737,5.994004868571262,6.10865823855757,4.983572849822156,6.271524457784391
2020_03_CAR_LAC,2020,3,2020-09-27T16:05-04:00,-5.0,6.751818973585724,7.317586663931414,2.0385044642857144,5.966396150575288,5.716986680274406,4.497479211258298,5.264506014415554,4.455961639706428,3.452273480052345,7.252792155041048,4.696614578572668,3.5514504851505553,5.716986680274406,5.4259659358146
2020_03_NYJ_IND,2020,3,2020-09-27T16:05-04:00,29.0,6.292607954763406,8.427032448741905,2.0385044642857144,8.246169054692261,8.221215047158893,8.134108883390969,8.285670521297297,8.294847736200573,7.460221308021311,6.827126386967656,7.931535077521525,7.9461053385321305,8.221215047158893,7.784432123022161
2020_03_DAL_SEA,2020,3,2020-09-27T16:25-04:00,7.0,2.481764557466311,5.1310765368375275,2.0385044642857144,4.0636745222913015,4.535204469335605,3.8568450037325426,4.494280954499792,3.7747373104934856,3.558780893953858,3.1170230327565216,3.87216098293651,2.1517472904510573,4.535204469335605,3.725918088872379
2020_03_DET_ARI,2020,3,2020-09-27T16:25-04:00,-3.0,5.988122182526756,4.427176990696742,2.0385044642857144,3.2925298037040602,3.3617837780848836,3.4957047254245452,3.2535195867827365,3.333324148268182,3.956936754428363,4.160904924689179,3.440382851342935,3.966315810043651,3.3617837780848836,3.9172402404316875
2020_03_TB_DEN,2020,3,2020-09-27T16:25-04:00,-18.0,1.237406526679306,2.4685692257659886,2.0385044642857144,0.14432241973504834,1.645896507443637,2.5903261647603966,1.3025735949601707,2.7132014585826285,0.2764130330515606,3.236017837736285,1.82280141255772,2.4221754042672865,1.645896507443637,2.7810640119323873
2020_03_GB_NO,2020,3,2020-09-27T20:20-04:00,-7.0,2.2901490668255287,4.140746906010516,2.0385044642857144,2.571383708063282,3.0044318016375473,2.64460383133409,3.4630600342405007,2.689819855072562,2.263715496486121,2.9036384933376436,2.7065161518157774,1.9019675968118994,3.0044318016375473,2.4943713434837003
2020_03_KC_BAL,2020,3,2020-09-28T20:15-04:00,-14.0,5.223937327009311,3.631549025055235,2.0385044642857144,2.209306429180001,3.0769964595100014,4.07185955684209,4.176848823096609,3.870951848405702,4.448009849978953,4.621522088013689,4.08811154103683,4.200623548418584,3.0769964595100014,4.241903189488004
2020_04_DEN_NYJ,2020,4,2020-10-01T20:20-04:00,-9.0,-0.3857951468603691,0.4697847592821669,2.0385044642857144,2.091026075546937,2.350602646093185,1.6147835088204867,2.8242357111087792,1.598989942465709,0.8159373177999141,-0.5811512946521101,1.2200700124548973,1.517932241885156,2.350602646093185,1.5856706198016342
2020_04_ARI_CAR,2020,4,2020-10-04T13:00-04:00,10.0,-0.11399585306743187,-0.010647617165882695,2.0385044642857144,-0.6407664446042618,-0.5161183612180036,0.0776075287995579,-0.09381536756316167,0.0074670096168651945,-0.05709213984135997,0.8203992285700634,-0.1400162305325494,0.6929973767125512,-0.5161183612180036,-0.6441213148097044
2020_04_BAL_WAS,2020,4,2020-10-04T13:00-04:00,-14.0,-8.459581806025792,-13.357141542470217,2.0385044642857144,-14.358999929947352,-13.865397903530994,-14.705892925046237,-14.664367921443931,-14.678127927200947,-13.72472769687851,-13.72531541769846,-14.853390106937386,-13.7807986186647,-13.865397903530994,-14.12827019968934
2020_04_CLE_DAL,2020,4,2020-10-04T13:00-04:00,-11.0,6.058680420186349,5.002221705738872,2.0385044642857144,5.523295552015652,5.287499633836381,4.185227241437912,3.2324385652233483,4.275869242873432,4.952237686475902,4.5785141747448215,4.248259475283784,4.503854732490527,5.287499633836381,3.8696817789695306
2020_04_JAX_CIN,2020,4,2020-10-04T13:00-04:00,8.0,2.8700532601265656,1.104052999734522,2.0385044642857144,2.8461488240031674,2.5064980845185056,2.773933552984021,2.9888444963644574,2.8046289565968476,3.212585306918492,1.255024538688952,2.7318379760318443,3.1498510973930642,2.5064980845185056,2.7305354293603727
2020_04_LAC_TB,2020,4,2020-10-04T13:00-04:00,7.0,5.20401859246923,3.864638847964679,2.0385044642857144,5.600011646011951,4.357799252182601,2.639131615422569,2.8027248965357456,2.744459470390308,4.3547297677174175,1.4651539424466724,2.833147550649284,3.241114654134231,4.357799252182601,2.088856719921516
2020_04_MIN_HOU,2020,4,2020-10-04T13:00-04:00,-8.0,1.472548700920186,1.2890095639503758,2.0385044642857144,2.3051749234494014,1.7120369040314622,0.26469224896844445,-0.25021981050799447,0.2635920442930533,1.040633378139859,-0.7633530924266443,0.4838509642990667,0.21484747128384152,1.7120369040314622,-0.07470698475942439
2020_04_NO_DET,2020,4,2020-10-04T13:00-04:00,-6.0,-2.939646271676774,-5.0301627400850855,2.0385044642857144,-3.108512207183109,-2.9653049717705056,-3.419120180585259,-4.191756231304445,-3.2585163346384003,-2.7571845855553203,-4.55110140363467,-3.4235350935498796,-3.358241831323445,-2.9653049717705056,-4.542092696656646
2020_04_SEA_MIA,2020,4,2020-10-04T13:00-04:00,-8.0,-1.6504760587934886,-1.386061913311704,2.0385044642857144,-1.6594535523335359,-1.9745852681261928,-1.5171342788313669,-1.7781348034921745,-1.5121001285152313,-1.977888441289878,-0.3423035301103452,-2.470917201235513,-1.042314082933,-1.9745852681261928,-2.1999442688189648
2020_04_NYG_LA,2020,4,2020-10-04T16:05-04:00,8.0,10.41070456720808,12.495077266944566,2.0385044642857144,13.84250033113685,13.859436270338758,12.928496783924121,14.081664430637609,12.943016753137545,12.161269108536793,11.545774790026877,12.957422091083814,11.826445512750794,13.859436270338758,12.779708175257609
2020_04_BUF_LV,2020,4,2020-10-04T16:25-04:00,-7.0,-0.7136560102401166,0.05369307160240577,2.0385044642857144,-0.4468557318704962,0.273666523732978,0.3788402415777415,1.7331027536861705,0.334552832351491,-1.0248143787805248,0.13597710921127149,0.1733431775220815,0.5458060837788281,0.273666523732978,1.030988344503783
2020_04_IND_CHI,2020,4,2020-10-04T16:25-04:00,-8.0,1.492069132173134,-0.7332488720162867,2.0385044642857144,-2.034189465976794,-2.594135704958417,-3.3489361591049844,-4.698329162465937,-3.481882800923537,-1.3875157641543359,0.09398653117221051,-3.173900999243113,-3.2603852019308017,-2.594135704958417,-4.238530979798192
2020_04_PHI_SF,2020,4,2020-10-04T20:20-04:00,-5.0,8.605819856594202,9.069940775976619,2.0385044642857144,4.732655378958508,5.297269909496323,4.601341719861818,3.438961207414512,4.423531474146999,4.9319237739190145,7.75961960914938,4.693393554446611,4.945041439903467,5.297269909496323,4.955160803571321
2020_04_NE_KC,2020,4,2020-10-05T19:05-04:00,16.0,5.348418299569086,6.440413391735074,2.0385044642857144,9.169347862297528,9.495417205649556,8.809369975308297,9.231923082144705,8.863009548785586,9.86747541636726,5.405013143488082,8.755137748401703,8.999371335981468,9.495417205649556,8.419381164245342
2020_04_ATL_GB,2020,4,2020-10-05T21:00-04:00,14.0,7.605561752252608,5.869303461920281,2.0385044642857144,6.012791100109393,5.738087293499733,5.80031056075625,4.79355963816464,5.736846977102055,5.946645494213545,6.541493685762511,5.850872168720257,6.634921332317781,5.738087293499733,6.112230523571924
2020_05_TB_CHI,2020,5,2020-10-08T20:20-04:00,1.0,0.4040736972757881,1.5759157408703754,2.0385044642857144,-0.8423749525444723,-0.09303907687877522,0.01800375916896796,-0.7658266559698645,0.09945867970998779,-1.2324216329515096,1.5694846167734995,0.03067183843990895,-0.4916003809317232,-0.09303907687877522,-0.6921616552611913
2020_05_ARI_NYJ,2020,5,2020-10-11T13:00-04:00,-20.0,-1.842446407238711,-1.8082725850645516,2.0385044642857144,-3.0182812299870037,-2.706815527466242,-2.941579964843587,-1.4730268315187498,-2.85749140856773,-4.106084420557783,-2.275856705767403,-2.7302836013443605,-3.0018253043167107,-2.706815527466242,-2.345467349086483
2020_05_CAR_ATL,2020,5,2020-10-11T13:00-04:00,-7.0,3.673417252981044,4.945532281217624,2.0385044642857144,5.343723628427202,4.9564723522457745,4.382965674558848,5.143611659085446,4.444602264930294,3.986537637142465,3.9526200011792882,4.283177034148149,3.3157281392030082,4.9564723522457745,4.8736809535263514
2020_05_CIN_BAL,2020,5,2020-10-11T13:00-04:00,24.0,11.699046718777529,10.567289269897664,2.0385044642857144,8.350404564449184,8.062053265947846,7.844922902838322,7.671704995589548,7.7542485247465915,7.280686199577745,10.78102033059224,7.893401377788726,7.446366138255177,8.062053265947846,8.780212015235502
2020_05_JAX_HOU,2020,5,2020-10-11T13:00-04:00,16.0,4.238752561058067,2.362760054184565,2.0385044642857144,3.717902538635513,3.074269675046394,1.9851923804521312,1.0581609223900919,1.9798249292514836,3.6551265332415017,1.245000994496656,1.5846333743880219,2.4663222418217527,3.074269675046394,1.8570139091692994
2020_05_LA_WAS,2020,5,2020-10-11T13:00-04:00,-20.0,-5.431124815744456,-8.824071747957914,2.0385044642857144,-9.974346791635996,-9.703648983229595,-8.971223403596936,-9.56839990827213,-8.900112534030724,-8.658175579881293,-8.009300773711484,-8.926816573139245,-8.031666211956546,-9.703648983229595,-8.8282168890542
2020_05_LV_KC,2020,5,2020-10-11T13:00-04:00,-8.0,12.005930420384232,13.010384408528369,2.0385044642857144,14.635143277589439,12.686821972644289,11.257582096544407,10.430098833300516,11.401158432945724,11.135948560745817,11.206786690704925,11.20543531618528,11.158472596699141,12.686821972644289,10.891086281703489
2020_05_PHI_PIT,2020,5,2020-10-11T13:00-04:00,9.0,3.977885810623651,5.429833753908521,2.0385044642857144,3.611498798928721,3.982362312249842,3.3397026238657794,3.7140308053950815,3.30263538543194,4.1818139374978,3.03196926388235,3.481657779126529,3.086077289077645,3.982362312249842,2.941974091897553
2020_05_MIA_SF,2020,5,2020-10-11T16:05-04:00,-26.0,8.295752090335602,8.047583302640943,2.0385044642857144,7.273980533487094,7.054360685936049,6.120056040629697,5.918650082657769,6.147683391368432,6.6785439996648766,6.154063061261629,6.196188711684565,6.073203816009138,7.054360685936049,6.402051423077987
2020_05_IND_CLE,2020,5,2020-10-11T16:25-04:00,9.0,-0.556180653686865,-2.6227608370293356,2.0385044642857144,-2.3303101081733724,-2.424649404459884,-1.6298590248024702,-1.9420103166543878,-1.8046610159277476,0.03655343316738202,-0.046843533114626856,-1.6763046302385343,-0.6846892994543333,-2.424649404459884,-2.4496678041334565
2020_05_NYG_DAL,2020,5,2020-10-11T16:25-04:00,3.0,7.577641789798923,6.527767342218809,2.0385044642857144,8.486850740253704,8.182448391350322,9.040528087786656,9.448161651062685,9.025505994637445,9.464232765495595,7.940764815997676,9.10356663383613,9.243889316287364,8.182448391350322,9.32904836493074
2020_05_MIN_SEA,2020,5,2020-10-11T20:20-04:00,1.0,4.735644213854616,5.2742362695713005,2.0385044642857144,5.572117072540097,5.303948300444796,4.662026718283524,4.551560630296131,4.629521408718217,4.242717785384311,3.7175331960167144,5.171363693965793,4.637706279086812,5.303948300444796,4.979807921372332
2020_05_LAC_NO,2020,5,2020-10-12T20:15-04:00,3.0,6.288917277237648,8.214321565637919,2.0385044642857144,7.800533479646044,7.90058189635895,7.742254145363958,8.68585243687661,7.857302239929363,6.970887226372586,6.700992961511162,7.978102725269446,7.575821631754211,7.90058189635895,8.175628397972698
2020_05_BUF_TEN,2020,5,2020-10-13T19:00-04:00,26.0,2.4873203474048498,3.735908246072593,2.0385044642857144,3.3211153596540566,3.2921920768664603,3.24712444475555,3.6367412679509767,3.279958403188758,2.3431192174080024,4.068459279747358,3.2637432388937966,3.610475614266958,3.2921920768664603,2.6470882963310944
2020_06_ATL_MIN,2020,6,2020-10-18T13:00-04:00,-17.0,5.435459619129843,3.6327555992584126,2.0385044642857144,2.0660651972247726,3.4374686170174344,3.4224823023902724,3.171736052859216,3.3538282997868434,3.999207274975907,3.995117275449635,2.934357610943475,2.8962668422143762,3.4374686170174344,4.030331440826457
2020_06_BAL_PHI,2020,6,2020-10-18T13:00-04:00,-2.0,-6.087191108793428,-8.377623749603366,2.0385044642857144,-7.124780377634006,-7.516903133321998,-7.291140300599858,-5.855936915350748,-7.3693376062814835,-6.865221501666137,-7.538328733643073,-7.279749468640712,-7.446078904713893,-7.516903133321998,-6.802133370818526
2020_06_CHI_CAR,2020,6,2020-10-18T13:00-04:00,-7.0,0.782524487391629,-0.40963975881575565,2.0385044642857144,0.9362132598125594,1.6651726644405782,2.0608442407811562,2.762574375525857,2.005179528842924,2.212072329431324,-0.04296348874708572,2.043514767673036,2.8081745810563055,1.6651726644405782,2.1750125278731147
2020_06_CIN_IND,2020,6,2020-10-18T13:00-04:00,4.0,7.630230150665756,9.507163899981185,2.0385044642857144,8.233443540199508,8.002544938569374,7.401745506219224,7.715607685673836,7.604074391613727,5.053645072761126,7.203395025508873,7.5004944027721265,7.241989458962239,8.002544938569374,8.18008848825474
2020_06_CLE_PIT,2020,6,2020-10-18T13:00-04:00,31.0,3.680724946165654,5.759186658536751,2.0385044642857144,5.226400182337464,5.216138703012481,4.3776490550274625,4.884882056936115,4.386193173024697,5.670239080621178,3.0560972570179223,4.495357287342638,3.1924704971364655,5.216138703012481,3.411127986088431
2020_06_DEN_NE,2020,6,2020-10-18T13:00-04:00,-6.0,6.8441621244001105,9.056601573305253,2.0385044642857144,11.379886148688414,11.034863586591523,10.457663924649804,10.859079773063101,10.550589305865724,8.910365242609512,8.190808244002817,9.365639766930629,9.840428365616553,11.034863586591523,10.345242828095888
2020_06_DET_JAX,2020,6,2020-10-18T13:00-04:00,-18.0,0.9730017595862686,0.1938475670708762,2.0385044642857144,-2.0780317326671325,-1.5765165839204038,-1.7386347390751768,-1.2998958773038956,-1.9273420679693123,-1.9236594933121722,-0.224985186731692,-0.9205575892008332,-1.7205208376163081,-1.5765165839204038,-1.9049121352173595
2020_06_HOU_TEN,2020,6,2020-10-18T13:00-04:00,6.0,6.8987339416574525,9.509701222274233,2.0385044642857144,7.574941487627458,8.60144791878834,9.99903519296292,10.769169835159401,9.897401592446624,7.766318192094696,11.449446653087573,9.937699175742665,8.783252130157853,8.60144791878834,9.893206489455961
2020_06_WAS_NYG,2020,6,2020-10-18T13:00-04:00,1.0,4.318014706671672,4.096217883940447,2.0385044642857144,3.35686008783704,3.090632386732113,2.2965621832593097,1.85310598845361,2.1848025228355494,2.05555287558043,3.0340172666182426,2.7471752843535264,2.3861554183549276,3.090632386732113,2.526799812332365
2020_06_NYJ_MIA,2020,6,2020-10-18T16:05-04:00,24.0,8.768303277566854,8.194958031186115,2.0385044642857144,7.6994037447590955,7.936748352584074,8.429381679165592,7.089023794206596,8.224127061879395,8.84680156341405,9.54660836830081,8.438160130741771,8.649260740445408,7.936748352584074,8.134323982341929
2020_06_GB_TB,2020,6,2020-10-18T16:25-04:00,28.0,-0.21362557849823194,-1.6398875276689946,2.0385044642857144,-1.7178917357288737,-2.311840750187427,-3.650959543021071,-2.7820450229028144,-3.6471687938216086,-3.0648834961424325,-3.4339168216343907,-3.4950010227785766,-3.696676608359568,-2.311840750187427,-3.757596800849598
2020_06_LA_SF,2020,6,2020-10-18T20:20-04:00,8.0,0.5438399101648548,-0.4924380244046157,2.0385044642857144,-1.9444333867335324,-2.3462135753249447,-1.6528414688332886,-3.0415177633755905,-1.5780900831805202,-1.416809987350919,-1.0512117971234987,-1.5816139988441589,-1.4468143473953128,-2.3462135753249447,-1.3122414736271983
2020_06_KC_BUF,2020,6,2020-10-19T17:00-04:00,-9.0,-2.849322811680133,-5.29591149008947,2.0385044642857144,-6.672089953025386,-5.262777197501546,-4.490292704204229,-4.427396937344633,-4.582782964753441,-4.731043130836529,-4.5476345189445055,-4.461579158957166,-4.55199098396398,-5.262777197501546,-4.071954518443084
2020_06_ARI_DAL,2020,6,2020-10-19T20:15-04:00,-28.0,2.546690146202668,2.1593194437132457,2.0385044642857144,1.3775340012384825,0.6946155610260354,0.4759625487334248,0.15332892662220277,0.32637016845845945,0.7682791020358827,2.8651927236094004,0.18402501444200237,1.0973644613775604,0.6946155610260354,0.10140265998266162
2020_07_NYG_PHI,2020,7,2020-10-22T20:20-04:00,1.0,6.456066290727556,4.153239953530761,2.0385044642857144,6.441111405466667,6.024325238453654,7.444609668153673,7.54393226979523,7.4518161898401765,8.548302235891288,5.902946658758148,7.480507373429774,6.5614290996877305,6.024325238453654,8.095626685827662
2020_07_BUF_NYJ,2020,7,2020-10-25T13:00-04:00,-8.0,-5.661813726700606,-4.600939578406112,2.0385044642857144,-4.693619876096153,-5.657385051904069,-6.231903726367,-4.834730550031206,-6.042807662016111,-7.310755080530225,-5.650417678957433,-6.016812845582277,-5.898933662973114,-5.657385051904069,-6.979582534555673
2020_07_CAR_NO,2020,7,2020-10-25T13:00-04:00,3.0,7.421229357028618,10.454226687747253,2.0385044642857144,9.83626287056193,9.623098294687125,9.719310933247154,10.514765030149306,9.728239521519974,9.224626536492435,9.832083410959129,9.6886219697815,8.862400653084077,9.623098294687125,9.868167816393232
2020_07_CLE_CIN,2020,7,2020-10-25T13:00-04:00,-3.0,0.7647906662680106,1.4323628094569627,2.0385044642857144,1.2885843213078463,1.4532343040970788,0.3800407161244592,0.8402784014437688,0.3086419347486624,0.7569185212362056,-0.5111392691642234,0.6280098337145816,-0.17882588594341708,1.4532343040970788,0.24549904139870282
2020_07_DAL_WAS,2020,7,2020-10-25T13:00-04:00,22.0,-1.9601591250003816,-1.938154110374682,2.0385044642857144,-2.9462516002720065,-1.6368490785209753,-2.3968967341064897,-1.8627898006533765,-2.1849601531370793,-3.305907177665026,-3.0642924635335476,-2.388668016620138,-2.429034064611948,-1.6368490785209753,-2.6671623509781854
2020_07_DET_ATL,2020,7,2020-10-25T13:00-04:00,-1.0,3.4639200477231054,2.347308392937609,2.0385044642857144,1.116131769541806,0.785624672918311,0.892284985112162,0.48119848555826406,0.7804136719000294,1.4616350356458476,1.7135117777670854,0.9469802034231725,2.519438774474936,0.785624672918311,1.1206256030591488
2020_07_GB_HOU,2020,7,2020-10-25T13:00-04:00,-15.0,-1.7087824809704362,-1.1108680792537227,2.0385044642857144,-1.6372712364958832,-1.0608070069733087,-2.817943794973626,-3.002046529263117,-2.8566516777131943,-2.000633047222437,-2.7757129801499922,-3.358734764738238,-1.9592706075498856,-1.0608070069733087,-4.179623829733083
2020_07_PIT_TEN,2020,7,2020-10-25T13:00-04:00,-3.0,3.0469996987983867,3.2691210069761105,2.0385044642857144,2.625624112136021,3.4041333517946413,3.2179477191697767,2.2889430218325324,3.1683520361124673,2.419331898590934,4.705708102192193,3.050467861374118,3.7717460844721558,3.4041333517946413,2.784193635310918
2020_07_TB_LV,2020,7,2020-10-25T16:05-04:00,-25.0,-1.8077559625480086,-1.4819438580940625,2.0385044642857144,-3.2844468650028795,-0.7182445991563173,0.44642850783835697,0.7093042116821173,0.3693363238928553,0.3038637458568987,-0.19472502280314058,-0.0885568418020386,0.004069876671648043,-0.7182445991563173,1.208249930617339
2020_07_JAX_LAC,2020,7,2020-10-25T16:25-04:00,10.0,7.806424221863135,7.872993433617008,2.0385044642857144,7.960824058334486,7.50622333602117,7.649214340468473,6.853322206445456,7.567889480499899,8.387041425936488,8.407163297019038,7.2340282225840395,7.872800502812495,7.50622333602117,7.115673431864062
2020_07_KC_DEN,2020,7,2020-10-25T16:25-04:00,-27.0,-4.2883063088278135,-8.142523646736876,2.0385044642857144,-10.54726703242477,-9.990695733860154,-9.25469249442456,-10.207661342437634,-9.165087203572504,-8.004207158850637,-7.4959953174803555,-9.14954362322302,-8.869941511959468,-9.990695733860154,-9.790157406002882
2020_07_SF_NE,2020,7,2020-10-25T16:25-04:00,-27.0,1.7973249847184192,1.15365856345865,2.0385044642857144,3.214016377688445,2.955579391058169,2.995751934524024,3.7240445866420915,3.0602825174805535,2.75206364858624,2.0005434117980503,3.083105895711464,2.452239425721263,2.955579391058169,1.946658705089987
2020_07_SEA_ARI,2020,7,2020-10-25T20:20-04:00,3.0,1.4750448346506806,-1.1246617041702252,2.0385044642857144,-0.2190809963470386,-0.7095457198813446,-0.7476046192474652,-0.547272593578849,-0.6759529995384074,-1.1916519994209465,-0.8461244753197263,-0.572868239086401,-0.2658824186997708,-0.7095457198813446,-0.747241521848844
2020_07_CHI_LA,2020,7,2020-10-26T20:15-04:00,14.0,5.251965856275154,5.056218086946586,2.0385044642857144,7.114272052098595,7.67812453423774,7.146269584315676,7.904766815814369,7.166122509358354,7.335177846353903,4.633395499956418,6.928112415947228,6.9622802856066865,7.67812453423774,7.432398057920245
2020_08_ATL_CAR,2020,8,2020-10-29T20:20-04:00,-8.0,1.51029220376812,-0.2278551266731762,2.0385044642857144,-0.7504607218820076,-0.07433947805732233,-0.3676761773062607,-0.3228393621375494,-0.3491218736643771,-0.3494404906886533,-0.5016836317530526,-0.21640682811532985,-1.0756465725423203,-0.07433947805732233,0.0076034882670162895
2020_08_IND_DET,2020,8,2020-11-01T13:00-05:00,-20.0,-0.17226284634042965,-2.449992808059134,2.0385044642857144,-0.6873846446035708,-0.6628274082477766,-1.0390862712845979,-1.06758100077138,-1.0486267492178962,-0.20589878015604235,-0.7642927616210536,-0.7330221409853901,-1.0997386816426287,-0.6628274082477766,-1.5588470434530066
2020_08_LA_MIA,2020,8,2020-11-01T13:00-05:00,11.0,-1.206425480029989,-1.6443461007489883,2.0385044642857144,-4.361298470880273,-5.353553423547114,-4.4047612346549005,-4.471376307064378,-4.597916707887219,-4.314373440272741,-0.3827693134444657,-4.3610944043759545,-4.060478296289599,-5.353553423547114,-4.405908257321631
2020_08_LV_CLE,2020,8,2020-11-01T13:00-05:00,-10.0,3.6311575654906996,1.4158897015227905,2.0385044642857144,2.847721679591571,1.7172271286519933,2.3472589459421083,2.0830697245504535,2.35780314284428,1.7681443950632008,2.4657658299078817,2.2792530579423245,2.953581917238494,1.7172271286519933,2.619260206213183
2020_08_MIN_GB,2020,8,2020-11-01T13:00-05:00,-6.0,7.42661547818567,6.495729310142672,2.0385044642857144,8.149594152445403,6.890333944163779,7.416894380367898,6.708521170322693,7.452938336855888,7.226350922758105,6.607049356379184,7.381842456821072,8.141297960940644,6.890333944163779,7.6576618859792625
2020_08_NE_BUF,2020,8,2020-11-01T13:00-05:00,3.0,2.274208083657062,3.6411631951920977,2.0385044642857144,1.8784892101350437,3.332970281716774,3.2964530003755437,4.205487604301641,3.0988495956894035,3.1532330344518273,3.710716171958956,3.2553339377847372,3.6080910456727757,3.332970281716774,3.1824899016400665
2020_08_NYJ_KC,2020,8,2020-11-01T13:00-05:00,26.0,18.60910208712617,19.445912354608822,2.0385044642857144,20.23093122562775,19.699775490753225,18.22383491197131,16.14534806953929,18.079045142633547,19.915279302194236,18.5549965521875,18.265002585984664,18.13196945862795,19.699775490753225,17.584122408907575
2020_08_PIT_BAL,2020,8,2020-11-01T13:00-05:00,-4.0,6.595923859193939,4.5302947280747095,2.0385044642857144,4.757173523400064,4.7882658206685,4.555406902161613,3.3772692597605736,4.6893323809680565,4.698012174801342,5.003956251071532,5.268442547077125,4.8800201778538215,4.7882658206685,4.980327497426768
2020_08_TEN_CIN,2020,8,2020-11-01T13:00-05:00,11.0,-3.7917683012562513,-7.518003282970095,2.0385044642857144,-5.548727826241017,-6.302712562465155,-6.362646548636262,-5.925243736273037,-6.380920881965549,-5.258275236978216,-8.943752301819904,-6.2863817569159615,-6.528108737363281,-6.302712562465155,-4.989759739076932
2020_08_LAC_DEN,2020,8,2020-11-01T16:05-05:00,1.0,0.8887032898738392,-2.2244011883970183,2.0385044642857144,-4.0884280381200995,-3.9117272443232762,-4.066222871298541,-5.4991769501290015,-3.8944171279639614,-2.8143405622812447,-2.9531179116025603,-3.9360541649607157,-3.8625200230787646,-3.9117272443232762,-4.307520274594263
2020_08_NO_CHI,2020,8,2020-11-01T16:25-05:00,-3.0,0.13911446968628027,-3.612964082984762,2.0385044642857144,-4.653522610317592,-5.198969449777072,-6.4131392824941456,-7.708052000248291,-6.332672156700494,-6.525595383876801,-4.351657927620042,-6.309788554110048,-6.114416689619576,-5.198969449777072,-6.1071293279943735
2020_08_SF_SEA,2020,8,2020-11-01T16:25-05:00,10.0,0.8533955994609315,0.3529046913688826,2.0385044642857144,1.0328413312887164,1.4234691247469622,1.3015445486793271,1.477367296476542,1.3740463562256846,1.5054824767209907,0.5076429347316577,2.0402990743613114,0.9278884569301296,1.4234691247469622,1.1395716708219659
2020_08_DAL_PHI,2020,8,2020-11-01T20:20-05:00,14.0,4.407014694593528,4.145004391055571,2.0385044642857144,6.057686213585278,6.332234925017764,6.788249295322183,7.0931214562220335,6.844033966134481,6.749185667517694,4.211990019548799,6.7266096851122725,5.947927728997703,6.332234925017764,7.4163051909442395
2020_08_TB_NYG,2020,8,2020-11-02T20:15-05:00,-2.0,-6.749757675655342,-7.91382777849338,2.0385044642857144,-9.399205650485518,-8.085617786955718,-8.292464688393359,-8.4189755460453,-8.256147953990965,-9.297417625328304,-8.298331543524,-8.274486808016322,-8.269596761003179,-8.085617786955718,-8.04785049322618
2020_09_GB_SF,2020,9,2020-11-05T20:20-05:00,-17.0,2.601915697552119,0.4959269094244645,2.0385044642857144,-2.623359449649935,-1.4481482887619241,-2.3026450117992066,-2.336834709787383,-2.3801051708917447,-2.9220990115673775,-0.9493448098831649,-2.173623956590187,-2.74650684618394,-1.4481482887619241,-1.005170067454817
2020_09_BAL_IND,2020,9,2020-11-08T13:00-05:00,-14.0,-1.097912912471556,1.5398460772315723,2.0385044642857144,0.4533023833982974,0.6283738919467532,0.11889754366294913,1.9057128114342392,0.02312021662870367,-1.7224785019346556,-0.23097851089682475,0.18213829929468695,0.17861486712416963,0.6283738919467532,0.09459977205317815
2020_09_CAR_KC,2020,9,2020-11-08T13:00-05:00,2.0,13.403174510409535,15.563035075978185,2.0385044642857144,15.955717976203257,15.09725177118873,13.936173865246289,13.670325561997064,13.868336002535319,13.927943845711404,14.448777721799257,14.304413245823095,13.317094985818034,15.09725177118873,13.58262246765521
2020_09_CHI_TEN,2020,9,2020-11-08T13:00-05:00,7.0,4.520243514699575,5.935455375068878,2.0385044642857144,6.482155575817351,7.953292875451971,8.503328206988803,9.720694732359153,8.458868212646792,7.184584214908166,7.333516137032956,9.04660444556159,8.670456689398225,7.953292875451971,8.344259915498561
2020_09_DEN_ATL,2020,9,2020-11-08T13:00-05:00,7.0,4.347353515421451,4.718816493867501,2.0385044642857144,6.428933842227565,6.008106395929019,5.511810833252559,5.752390772208996,5.437382134286781,4.826738151731378,4.336391417949063,6.183828645937991,6.598065906778894,6.008106395929019,5.851286483163357
2020_09_DET_MIN,2020,9,2020-11-08T13:00-05:00,14.0,5.558662110662109,6.227241940139569,2.0385044642857144,3.372951467040156,4.139642297580251,4.153882809921366,3.666343006243178,3.9724418256027207,4.385353798270366,6.1327334952539605,4.1347083620648135,4.159651558113576,4.139642297580251,3.5283036448580978
2020_09_HOU_JAX,2020,9,2020-11-08T13:00-05:00,-2.0,-1.6609967239256846,-1.4727371247615717,2.0385044642857144,-4.263279608166735,-5.092443769909864,-4.612821821236159,-2.9775294226207207,-4.652327987430971,-5.532417224866702,-0.7310971301453741,-4.2407257842084345,-6.136049550564598,-5.092443769909864,-4.362223560844297
2020_09_NYG_WAS,2020,9,2020-11-08T13:00-05:00,-3.0,1.9142507018503618,0.8736558868923657,2.0385044642857144,1.3029885092634979,1.7242149547985783,1.9308679979857069,2.777925562913244,2.049672830437668,2.15776769313168,1.379589430868005,1.9694062104380199,1.966069814239022,1.7242149547985783,2.007632114710294
2020_09_SEA_BUF,2020,9,2020-11-08T13:00-05:00,10.0,-0.4134234674001602,-2.0890728427147582,2.0385044642857144,-2.1060216876612534,-1.7104757867838385,-1.809223593149848,-0.8852256698469646,-1.8430410225380907,-1.8158005766238556,-1.826909792323385,-1.5656276284493222,-1.798904635586148,-1.7104757867838385,-1.920491617502726
2020_09_LV_LAC,2020,9,2020-11-08T16:05-05:00,-5.0,3.2595375401353035,2.626951256163921,2.0385044642857144,3.693060659364829,2.3602375708626098,1.667423229288651,2.281295265256333,1.6590013434598512,2.0948576805437753,1.9273383455593638,1.6613364028013138,1.5454876975164311,2.3602375708626098,1.3908441495444355
2020_09_MIA_ARI,2020,9,2020-11-08T16:25-05:00,-3.0,2.8542886408025128,2.593731615882715,2.0385044642857144,4.674890723943189,5.081201851222088,4.691879158277501,5.438339430871548,4.899525750776426,4.5498080843924225,1.5888427370186646,4.994002170320683,4.828212399959252,5.081201851222088,5.29062107917056
2020_09_PIT_DAL,2020,9,2020-11-08T16:25-05:00,-5.0,-5.208576437023601,-5.861738856122236,2.0385044642857144,-6.307049034454383,-7.239549234288476,-7.490525766581167,-6.371660769452639,-7.471540328097711,-7.817587314377985,-4.85567615350439,-8.757160732762163,-6.678441781753318,-7.239549234288476,-7.706768084381571
2020_09_NO_TB,2020,9,2020-11-08T20:20-05:00,-35.0,4.62639964032623,0.8795935913018396,2.0385044642857144,1.349169833859506,0.4524292111210002,-0.7952990720816824,-1.6614805870293026,-0.8526291007215275,0.1995415288654896,0.19164625034026872,-0.6980860981133832,-0.03803329784513032,0.4524292111210002,-0.2590934638150153
2020_09_NE_NYJ,2020,9,2020-11-09T20:15-05:00,-3.0,-6.738216533778269,-4.756362903191593,2.0385044642857144,-6.365822838386488,-5.9369981282384945,-5.960824748118605,-3.636227061199407,-6.01047820534614,-6.601151774455105,-5.172523864908487,-5.663756057431347,-5.520328368671494,-5.9369981282384945,-6.483208147797523
2020_10_IND_TEN,2020,10,2020-11-12T20:20-05:00,-17.0,2.480888732063737,1.3469568215413474,2.0385044642857144,0.7837644914718005,1.885396719616169,1.8059302375477184,1.914076090363057,1.6989822795756881,2.0522377930032283,3.4448171299391346,1.941412131205274,2.0320674239222365,1.885396719616169,1.7621971994785817
2020_10_HOU_CLE,2020,10,2020-11-15T13:00-05:00,3.0,2.2676377562247363,2.341558048387411,2.0385044642857144,2.272871292145253,2.3424393414899574,4.305444083640639,4.956158379320657,4.3274661673700106,3.4498646361645484,5.334287306674012,4.202989978127961,3.9121840374291046,2.3424393414899574,4.047225071625878
2020_10_JAX_GB,2020,10,2020-11-15T13:00-05:00,4.0,13.352034594908613,13.893041176154785,2.0385044642857144,14.235432896256263,14.001873949427265,14.262509108449576,12.117639123831454,14.257950515233187,14.84988100613974,13.396972364876795,14.215621236958292,15.09850698219178,14.001873949427265,13.821906202889227
2020_10_PHI_NYG,2020,10,2020-11-15T13:00-05:00,10.0,-0.63232961671098,0.1683552742847263,2.0385044642857144,-2.4599220540656406,-1.7583162447466827,-3.187075112768313,-3.3674832589030603,-3.2406496011317563,-4.309440920186309,-1.6751951542689854,-3.300488866411122,-2.419401551095902,-1.7583162447466827,-3.3095541053418946
2020_10_TB_CAR,2020,10,2020-11-15T13:00-05:00,-23.0,-2.4779120060289195,-2.6320352798868103,2.0385044642857144,-3.5102867300316536,-1.860951207199542,-1.0471880240459868,-0.3830578897763388,-1.1176006580950006,-2.0721969755370924,-1.92814486493295,-1.0549185202159854,-0.916451691973297,-1.860951207199542,-0.7067914388468624
2020_10_WAS_DET,2020,10,2020-11-15T13:00-05:00,3.0,3.9469290735108613,5.297250250511041,2.0385044642857144,3.9620315532770087,5.633306695031807,5.5939648739172565,4.725043636923449,5.758095085700679,4.912611937478715,5.170996837950777,5.551809359967542,4.933821133813549,5.633306695031807,5.496241343577568
2020_10_BUF_ARI,2020,10,2020-11-15T16:05-05:00,2.0,2.711137838697608,1.0841519349135025,2.0385044642857144,1.9290851990931472,1.0326132315238117,0.889199991133903,0.8998258352230228,0.9338654136232625,-0.24254006286182905,0.46104344629336613,1.631875713737727,1.2343905426329222,1.0326132315238117,1.7523590152321153
2020_10_DEN_LV,2020,10,2020-11-15T16:05-05:00,25.0,4.153478465325472,5.326564474393136,2.0385044642857144,5.773619477801585,7.010701509974591,6.93249290105941,7.125895585377429,6.867685845530361,5.701255366041092,5.760824177089757,6.942802812682898,6.887165577882268,7.010701509974591,7.152379389389666
2020_10_LAC_MIA,2020,10,2020-11-15T16:05-05:00,8.0,5.2786953958368095,3.7530159467449278,2.0385044642857144,2.4751523136504257,2.192307007823069,2.2689719402837154,0.3640889482923103,2.186154468616132,1.888515667805247,4.002402389540319,2.302517061403155,2.546515161071972,2.192307007823069,2.074998994075527
2020_10_CIN_PIT,2020,10,2020-11-15T16:25-05:00,26.0,8.82148699134618,9.157339977082273,2.0385044642857144,7.872637210531064,7.679187927418332,8.030022665333764,7.891197319707476,8.067484738092393,8.46011843202776,9.450979958833518,8.193856221043768,7.701075268266153,7.679187927418332,6.734020967272798
2020_10_SEA_LA,2020,10,2020-11-15T16:25-05:00,7.0,3.3199725566906384,3.973410551147243,2.0385044642857144,5.164491131295118,4.702165701014058,3.351488771582939,4.4842654500700085,3.4747895412250727,1.7379662030633307,3.0908217645856872,3.4538501296012325,3.421830211544355,4.702165701014058,2.7143676978446987
2020_10_SF_NO,2020,10,2020-11-15T16:25-05:00,14.0,4.682125782202386,5.231050591919255,2.0385044642857144,7.4469175736699,7.06855301886354,7.46509873172357,9.600569654576265,7.4336915039028195,7.17997819268927,6.10851209427627,7.453648464285681,7.218624036117619,7.06855301886354,7.228837468356059
2020_10_BAL_NE,2020,10,2020-11-15T20:20-05:00,6.0,-4.990272217753748,-4.007917805806684,2.0385044642857144,-3.086503320659784,-3.517071064577981,-3.959713682095958,-2.3828009154853382,-3.9222799785866367,-4.636306354038652,-4.3972160251524635,-4.94736433915023,-4.361256069170202,-3.517071064577981,-3.808874643044786
2020_10_MIN_CHI,2020,10,2020-11-16T20:15-05:00,-6.0,1.075686180031379,-1.7470644110707778,2.0385044642857144,-2.0187254152219487,-2.971617562752386,-3.8708782539206466,-4.689570059878185,-3.7899259119051463,-3.131897489732564,-3.170587787331649,-3.6014709881309703,-3.624826959002744,-2.971617562752386,-3.6101689688708376
2020_11_ARI_SEA,2020,11,2020-11-19T20:20-05:00,7.0,3.4176053882466464,1.8952891294535084,2.0385044642857144,1.2070286998266724,1.6909505537965501,1.2412844446175275,-0.06397808647633108,1.2695984337177553,2.7220337894158737,0.8597887301258222,0.9754799014730413,0.8114723297045041,1.6909505537965501,1.5629205355546718
2020_11_ATL_NO,2020,11,2020-11-22T13:00-05:00,15.0,7.290390907177737,7.667602475829545,2.0385044642857144,3.45642546696991,2.6905052184736933,2.1458543068476077,2.014056449671572,2.0057397969519233,0.9834305121407771,7.627255650274778,2.2588343866069236,0.903791630475844,2.6905052184736933,1.967510391496714
2020_11_CIN_WAS,2020,11,2020-11-22T13:00-05:00,11.0,1.3787079135280265,-1.2458529888633736,2.0385044642857144,0.05540021956637542,-1.449012020061448,-1.4781118423246755,-0.3787450120397713,-1.5009973616716143,-0.8191384915721409,-0.5025020667720044,-1.4556428399232293,-1.0056799093054434,-1.449012020061448,-0.9397016657677792
2020_11_DET_CAR,2020,11,2020-11-22T13:00-05:00,20.0,2.6377907260689892,1.8381231719297368,2.0385044642857144,-1.6269931902395591,-2.0612684934237144,-2.288050738875155,-3.613374782883944,-2.370938816298283,-1.5005275908278173,0.9461288485665375,-2.1272998407733428,-1.5837160851261527,-2.0612684934237144,-2.383365163568575
2020_11_NE_HOU,2020,11,2020-11-22T13:00-05:00,7.0,-0.29967666542192584,-0.09663774671907799,2.0385044642857144,-0.11286586363083861,0.3008542496325983,-0.2637263788769446,0.1795711786117371,-0.38714578006899014,0.17943233979697482,-0.8135835443455781,-0.5345001385320733,1.1715185422804741,0.3008542496325983,-0.6058459207099134
2020_11_PHI_CLE,2020,11,2020-11-22T13:00-05:00,5.0,1.5460441056987904,2.0133267741838745,2.0385044642857144,1.370074542569086,1.80618248677133,2.341998226657637,2.613057272822526,2.3494176227811554,1.2489296328790294,2.9910470328503083,2.2769237268095157,3.18974693049237,1.80618248677133,2.4896206736161
2020_11_PIT_JAX,2020,11,2020-11-22T13:00-05:00,-24.0,-8.219749350272469,-10.23401001878508,2.0385044642857144,-9.732322103659586,-10.263701598808815,-10.866630252580547,-9.568297218219111,-10.884837557159589,-10.99107425079465,-9.196766791379638,-10.856394304350406,-10.841854176865365,-10.263701598808815,-10.27843022123076
2020_11_TEN_BAL,2020,11,2020-11-22T13:00-05:00,-6.0,8.689133482110334,6.594557058836798,2.0385044642857144,7.251945264250353,6.2167458665214905,6.096844923448373,4.140455904238573,6.076724614016881,7.896538462115789,5.804463024701485,6.170513285267049,5.8884381122730085,6.2167458665214905,5.2579640323018015
2020_11_MIA_DEN,2020,11,2020-11-22T16:05-05:00,7.0,-3.1568786155895285,-5.3037296702526096,2.0385044642857144,-6.385850222662415,-6.1254981543412015,-6.148627522909216,-6.081304465853211,-5.920209815379534,-4.535812197956128,-6.212610067922303,-6.0655040821396105,-6.107530748632964,-6.1254981543412015,-5.962242712842247
2020_11_NYJ_LAC,2020,11,2020-11-22T16:05-05:00,6.0,9.874133177774837,9.191484867862144,2.0385044642857144,10.14132860887133,10.197264983543763,9.278108642535848,8.38504653221269,9.214781922503093,9.262162818144109,8.871945588283532,9.267045437803182,9.16271782850135,10.197264983543763,8.942717749877872
2020_11_DAL_MIN,2020,11,2020-11-22T16:25-05:00,-3.0,7.6775710685655625,9.02262080086892,2.0385044642857144,7.13886348089095,8.727197476436439,8.398762505527468,8.43882905391583,8.288093011452666,7.634168946616031,8.891834596984836,8.377720772080856,7.740091381657629,8.727197476436439,8.331817948618692
2020_11_GB_IND,2020,11,2020-11-22T16:25-05:00,3.0,1.8998071929113207,2.658295211328452,2.0385044642857144,0.8848866550534953,1.5300775429323095,0.8256856485861854,0.808480964446091,1.005114659887914,-0.6608105650213499,-0.01460464584838772,0.8288348727889845,0.306237387468721,1.5300775429323095,1.351998549228214
2020_11_KC_LV,2020,11,2020-11-22T20:20-05:00,-4.0,-4.024508331771093,-4.569028637944571,2.0385044642857144,-6.075602711236163,-4.342271499549921,-3.3125672619503455,-2.500963845120943,-3.2894604580613813,-4.992517123273564,-3.1398341501355924,-3.876194318522396,-3.074671495300165,-4.342271499549921,-3.568300420008592
2020_11_LA_TB,2020,11,2020-11-23T20:15-05:00,-3.0,3.798027630786586,2.4586508299545238,2.0385044642857144,1.3479550608818345,0.4030320393461512,0.12841869548398765,-0.7223260580965698,0.022115087201431516,2.1764446094440117,2.2776819685246834,0.2072002552043668,0.7704645374916188,0.4030320393461512,0.20925291450619798
2020_12_HOU_DET,2020,12,2020-11-26T12:30-05:00,-16.0,-0.8000758642465371,-2.16883608005152,2.0385044642857144,-1.2974617985707684,-1.2132483804121468,-1.4765883325259277,-0.6307933700653088,-1.3769380957043102,-1.9373625231695624,-2.144523833325079,-1.4898372828108069,-2.72511969307007,-1.2132483804121468,-0.7565551710274376
2020_12_WAS_DAL,2020,12,2020-11-26T16:30-05:00,-25.0,3.6330985056541483,3.081215044989182,2.0385044642857144,0.8493173423939961,1.567060973268925,1.8469289434434402,0.5440298212709794,1.9577893454161903,2.081048305649142,3.3165855038173206,1.856273342517395,1.9276782260343246,1.567060973268925,1.3998117954650855
2020_12_ARI_NE,2020,12,2020-11-29T13:00-05:00,3.0,1.9432218903142155,1.8470176153661095,2.0385044642857144,1.1684244606282366,0.8442189093749948,0.44112726370848176,0.17106870957658282,0.5280327485998044,0.6036360246104167,0.8897029223747092,0.15890483696346244,-0.17259788953676458,0.8442189093749948,0.6822594025041412
2020_12_CAR_MIN,2020,12,2020-11-29T13:00-05:00,1.0,5.185784686322228,6.237748187644201,2.0385044642857144,5.144089422248174,5.536369135047799,5.474133076756246,6.694302467124018,5.291357634759153,4.880701757744101,6.885502626470506,5.383841107895686,4.726074878176834,5.536369135047799,5.61498033160157
2020_12_CLE_JAX,2020,12,2020-11-29T13:00-05:00,-2.0,-2.275575036028722,-3.069816005383034,2.0385044642857144,-4.211406366707015,-4.157729385331233,-5.777716993486287,-4.9879063394751775,-5.679150260150171,-5.758181820250665,-5.117008049832068,-5.509856996871736,-6.669164860344249,-4.157729385331233,-5.385689028900773
2020_12_LAC_BUF,2020,12,2020-11-29T13:00-05:00,10.0,5.09169607336901,3.230759924874115,2.0385044642857144,2.2397902097449487,2.996150473777011,4.285488322780066,3.0483281690750648,4.388213469750617,5.415764280731766,4.611836543173002,4.248659904203967,4.384077970405101,2.996150473777011,4.099356672806528
2020_12_LV_ATL,2020,12,2020-11-29T13:00-05:00,37.0,1.0117132159382605,-2.6051055132708427,2.0385044642857144,-1.1816900134710178,-2.6608498054458822,-3.0853286587323074,-3.4235500296103423,-3.0718602528743215,-0.8988340175440332,-3.6696388691423216,-3.0631743748962936,-2.228356071979226,-2.6608498054458822,-2.7830905286765892
2020_12_MIA_NYJ,2020,12,2020-11-29T13:00-05:00,-17.0,-7.008698379733797,-5.082165098126983,2.0385044642857144,-4.960445834477647,-5.206052459753753,-5.677699077765935,-3.062309523479073,-5.583425902928104,-6.5729441908385935,-6.172071529977286,-5.665850307589623,-5.898024783610785,-5.206052459753753,-5.888221891285218
2020_12_NYG_CIN,2020,12,2020-11-29T13:00-05:00,-2.0,0.8504032358193738,0.7235802669955721,2.0385044642857144,-0.07634759459402163,-0.7735259214990079,-1.1442851583090932,-0.5597014662329667,-1.2873313890057596,-0.6148246247152455,0.034107096622597366,-1.0242581623671807,-1.6340548390379739,-0.7735259214990079,-1.2628249471291957
2020_12_TEN_IND,2020,12,2020-11-29T13:00-05:00,-19.0,4.4220740271192,2.9263451147543136,2.0385044642857144,2.3757336386854018,1.2806937126536195,0.8510357295424047,1.4153784654039312,0.8352229475066735,0.2469421915262049,1.2238780756600844,0.9275234531159594,0.6995412355256203,1.2806937126536195,1.5882659534120056
2020_12_NO_DEN,2020,12,2020-11-29T16:05-05:00,-28.0,-5.852096181078426,-9.297419734597979,2.0385044642857144,-6.238881618117702,-6.0397153813644975,-5.6364315063498625,-4.908419237380809,-5.308534504884725,-4.667620442157622,-8.849562500842243,-5.543405392578337,-5.323332234640434,-6.0397153813644975,-5.671556481272541
2020_12_SF_LA,2020,12,2020-11-29T16:05-05:00,-3.0,5.219190430385844,4.275520734889931,2.0385044642857144,7.727595723456154,7.383275784939836,6.689272312602475,7.83860775224664,6.808659431028311,5.3562159448749895,4.470922826867061,6.839082705574945,6.565422431136371,7.383275784939836,6.5172872772912624
2020_12_KC_TB,2020,12,2020-11-29T16:25-05:00,-3.0,-0.7228002752453468,-4.590408296706455,2.0385044642857144,-4.931685283520814,-5.517601634235124,-5.860165879189303,-5.844968384513051,-5.791750802501696,-5.793755313945591,-4.921113769952134,-5.781060061091106,-5.3010700349694275,-5.517601634235124,-5.037615000660521
2020_12_CHI_GB,2020,12,2020-11-29T20:20-05:00,16.0,7.420739720395064,7.212576940639186,2.0385044642857144,7.948456894862333,7.493487561593913,8.412678096701224,8.498668382265109,8.239799095984674,9.18743917594951,8.691854435232848,8.406514172434726,8.917702894103952,7.493487561593913,8.17667184114935
2020_12_SEA_PHI,2020,12,2020-11-30T20:15-05:00,-6.0,-1.1915423101910703,-2.9461642454206207,2.0385044642857144,-1.764777323678019,-2.5171024680800462,-1.8095011640063885,-0.3940596712544595,-1.8350489320334504,-2.002174642410968,-1.6514351400180072,-1.7896923944046415,-1.8393514172594339,-2.5171024680800462,-2.13635530777363
2020_12_BAL_PIT,2020,12,2020-12-02T15:40-05:00,5.0,3.4080276572121555,4.7448594508686135,2.0385044642857144,5.8332099477432555,6.901367667616766,7.0827084190962575,8.306258364942497,7.190241766702826,6.949225720223285,4.4288569318213975,6.415441231833902,7.10549846263438,6.901367667616766,6.915687244039829
2020_13_CIN_MIA,2020,13,2020-12-06T13:00-05:00,12.0,8.915937378944918,6.001804723262505,2.0385044642857144,8.061741856387867,8.318918687172525,9.045705339370285,7.597365014790081,9.094211680522692,9.661814569318505,7.578918883496588,9.53287699457482,9.289355597681539,8.318918687172525,9.05552756062514
2020_13_CLE_TEN,2020,13,2020-12-06T13:00-05:00,-6.0,7.438088922399089,8.620510173964327,2.0385044642857144,6.9811346592714525,7.717237807965442,6.59457302931037,5.178658971631638,6.697759366334925,6.332876024836443,7.319164485641025,6.669141942319348,6.305876168539471,7.717237807965442,6.279125017417577
2020_13_DET_CHI,2020,13,2020-12-06T13:00-05:00,-4.0,6.739607675861098,4.974436740747958,2.0385044642857144,4.270609502432491,4.489800995678346,3.766698782584937,2.11275031339325,3.9390832771354587,3.4058510960157578,3.0729053976666574,4.404674954203253,3.619279355075829,4.489800995678346,4.110294825085297
2020_13_IND_HOU,2020,13,2020-12-06T13:00-05:00,-6.0,0.21143645340840234,-0.11932509175931072,2.0385044642857144,1.0436194341815215,0.9287526378260353,0.7122091926984713,1.438229355284855,0.5105597602622083,2.1182987216206133,1.3021454872053786,0.7359122061911587,1.8319743098563883,0.9287526378260353,-0.5258890842244879
2020_13_JAX_MIN,2020,13,2020-12-06T13:00-05:00,3.0,9.47974096112976,10.135037291415486,2.0385044642857144,9.55223491420842,9.964681321797666,10.09253657195822,9.17288614600189,9.863387695477927,10.236304162574545,10.21390806485273,10.01135063551848,10.213045381324914,9.964681321797666,9.583496308868146
2020_13_LV_NYJ,2020,13,2020-12-06T13:00-05:00,-3.0,-6.018249872041752,-4.812161257634361,2.0385044642857144,-4.721371252759513,-5.935538874068836,-6.362047952943158,-4.13121751051969,-6.445688303294599,-7.123566524026033,-5.808722987227405,-6.326065440881747,-6.468042646807081,-5.935538874068836,-6.84648390760179
2020_13_NO_ATL,2020,13,2020-12-06T13:00-05:00,-5.0,-3.4468322711010764,-5.585687528303953,2.0385044642857144,-0.40608650137246505,0.25616478587359914,0.8886545689493532,1.5465327049759745,1.0366549017507896,1.4689840360207578,-5.360023618867443,0.902891371270039,1.892542062974754,0.25616478587359914,0.9629181832310729
2020_13_LA_ARI,2020,13,2020-12-06T16:05-05:00,-10.0,-0.03093280557167999,0.07133865532803307,2.0385044642857144,0.08390370185439489,0.2692440547390702,1.1026003530281638,1.5349001908296627,0.9808745713096405,0.9866789688391426,1.4428418932840963,1.0460822045203995,1.3854970764087098,0.2692440547390702,1.175292075930165
2020_13_NYG_SEA,2020,13,2020-12-06T16:05-05:00,-5.0,7.616829876372029,5.824684589736595,2.0385044642857144,6.968372103213735,8.55940025666337,8.220752988444099,6.512040277326195,8.44308288893458,10.007386807340211,4.313671300439625,8.16034586616626,7.440720939397413,8.55940025666337,8.630422113248304
2020_13_NE_LAC,2020,13,2020-12-06T16:25-05:00,-45.0,0.18191331658155097,1.2565075148406035,2.0385044642857144,2.1764888434445107,2.76356839966426,1.287206104341009,3.266645548388991,1.1389614739991243,1.1986841555583356,-0.4305273953223189,1.3227868432153813,1.504418412315451,2.76356839966426,0.971316625536252
2020_13_PHI_GB,2020,13,2020-12-06T16:25-05:00,14.0,8.842875045391525,9.590205588380009,2.0385044642857144,9.43631232170663,9.308147562049422,8.809658206711738,8.15936107427223,8.733407865472268,8.609885452922818,9.446123876502242,8.854706173103411,9.546603266253783,9.308147562049422,9.077458818019
2020_13_DEN_KC,2020,13,2020-12-06T20:20-05:00,6.0,14.585172755401118,18.53933705115498,2.0385044642857144,20.015488524009083,19.66058159734225,18.262811669520943,16.954201808778922,18.21942933483775,17.297645938920976,17.223125944855546,18.04509822974488,18.194998104062314,19.66058159734225,18.07784849721979
2020_13_WAS_PIT,2020,13,2020-12-07T17:00-05:00,-6.0,11.600875847069481,10.965366237381247,2.0385044642857144,7.52540494980988,8.953814418489596,9.44192934022734,8.209783808493322,9.55302733867243,9.044425292534656,11.28246750459629,9.437318784894838,8.80997100143453,8.953814418489596,9.429197279626067
2020_13_BUF_SF,2020,13,2020-12-07T20:15-05:00,-10.0,0.43302735403141956,-1.631553203867878,2.0385044642857144,-3.4481915328210926,-4.142025895145907,-4.563140480639412,-5.7651548994919075,-4.579572785688804,-4.767163276525178,-2.9814010382922387,-4.470041166253665,-4.3698463849817575,-4.142025895145907,-4.404920199396603
2020_13_DAL_BAL,2020,13,2020-12-08T20:05-05:00,17.0,12.320953832785001,13.00953940726293,2.0385044642857144,12.534610948337708,13.445503651129455,13.215314080975872,11.01804845842491,13.297355922305739,13.247100681804397,12.221664401268036,13.233887969904794,12.703711598596307,13.445503651129455,12.552790031311455
2020_14_NE_LA,2020,14,2020-12-10T20:20-05:00,21.0,4.67687423838672,4.264415818409613,2.0385044642857144,5.689798255782662,6.18697842146891,5.400257031725945,5.967656398144104,5.388151447893282,5.494061326743189,3.412547501262357,5.448063552354502,5.654082719694482,6.18697842146891,4.716048014696463
2020_14_ARI_NYG,2020,14,2020-12-13T13:00-05:00,-19.0,0.9719696689097499,0.5875906964214527,2.0385044642857144,-1.68800119246637,-1.6563921505024486,-2.5930515948582915,-2.741016414975749,-2.687735787366586,-2.7342135491035067,-0.0367677712929666,-2.4906793812142096,-2.1015845249490543,-1.6563921505024486,-2.8912815169078834
2020_14_DAL_CIN,2020,14,2020-12-13T13:00-05:00,-23.0,2.4508432911225704,3.6463943516993855,2.0385044642857144,0.24763060269653048,1.0870003113052351,-0.05628470226001969,-1.0755384713206695,-0.2618610685315639,-0.3571599143927793,1.7327548074071104,0.030818238650489292,-0.40990958458002924,1.0870003113052351,-0.2426053115346476
2020_14_DEN_CAR,2020,14,2020-12-13T13:00-05:00,-5.0,4.695734157443154,6.772335648691753,2.0385044642857144,7.822683308232101,8.205794984346928,7.620788436652438,7.769663898493381,7.672126611838628,5.433558846549804,6.085975952306743,7.676628293863024,8.168021891789895,8.205794984346928,7.969841832820562
2020_14_HOU_CHI,2020,14,2020-12-13T13:00-05:00,29.0,0.8199303495675889,-0.05363639269292397,2.0385044642857144,-0.7287774077944609,-0.8337167537993158,-1.8678349251533755,-2.4656812919989375,-1.7477000229299344,-2.616982772789997,-1.0857444888362158,-1.8470612240922164,-2.8653398357219775,-0.8337167537993158,-1.7396477831845045
2020_14_KC_MIA,2020,14,2020-12-13T13:00-05:00,-6.0,-2.327285657395837,-6.512615081148252,2.0385044642857144,-7.298502970211175,-6.888028991051488,-6.054998093016362,-5.874677176444174,-6.306301001892908,-6.301721039657913,-5.079261840829735,-6.002877748961861,-5.843003849699418,-6.888028991051488,-5.624970660540723
2020_14_MIN_TB,2020,14,2020-12-13T13:00-05:00,12.0,6.609233996055172,5.161735077188656,2.0385044642857144,6.0920166366218105,4.117071353794366,2.538036885899306,0.5885623886913591,2.6979881463969697,4.3886685358233875,3.2608658972201705,2.342250862671469,3.2799764777166063,4.117071353794366,2.367835648992045
2020_14_TEN_JAX,2020,14,2020-12-13T13:00-05:00,-21.0,-5.678490461758839,-7.355755395218704,2.0385044642857144,-6.763614361756558,-7.231613773314732,-7.884262323339965,-5.520526362021279,-7.839174203773666,-7.9875418431151175,-7.913290659624943,-7.68509890664833,-8.408108272235639,-7.231613773314732,-7.9087459409054635
2020_14_IND_LV,2020,14,2020-12-13T16:05-05:00,-17.0,-0.8108756468547469,-3.1676448717057024,2.0385044642857144,-2.9135245327624073,-1.9379926145610389,-1.8876844235723729,-1.3834844715007264,-1.9112286632431474,-1.4792596285331077,-1.377425727079173,-1.842121368904737,-1.7687878177956655,-1.9379926145610389,-1.7791033385670867
2020_14_NYJ_SEA,2020,14,2020-12-13T16:05-05:00,37.0,13.112812388623338,12.628027027523483,2.0385044642857144,13.21637681308408,13.511775477076092,12.483804221689873,9.666780334573254,12.618551778656052,14.742654672412364,11.130037549417596,12.5638434128023,12.238988825990187,13.511775477076092,11.011103732080151
2020_14_ATL_LAC,2020,14,2020-12-13T16:25-05:00,3.0,-1.739237480181341,0.8704607524837691,2.0385044642857144,1.1936896816106521,1.486368787907315,0.28654530955615903,2.09440992254941,0.1669724408181259,-0.5553034468620123,0.5570944594029112,0.3091369328308895,-0.8549086957171333,1.486368787907315,-0.8020937080833689
2020_14_GB_DET,2020,14,2020-12-13T16:25-05:00,-7.0,-7.528550234102955,-9.82351321903623,2.0385044642857144,-9.770138101488781,-9.735520969881133,-10.349570945752228,-9.315121780612513,-10.295712082998849,-10.767802760153984,-10.302413863330758,-10.260732449321445,-9.67597479435328,-9.735520969881133,-9.96704178861237
2020_14_NO_PHI,2020,14,2020-12-13T16:25-05:00,3.0,-6.607434904252184,-9.639806879898899,2.0385044642857144,-6.311119016116417,-5.375137016683272,-4.348446600396351,-3.7057298673192465,-4.17533347148356,-3.2298315076278676,-8.711763002958389,-4.345842296703303,-4.589117877508347,-5.375137016683272,-3.8457741269831693
2020_14_WAS_SF,2020,14,2020-12-13T16:25-05:00,-8.0,2.205526091429678,0.24600528453963566,2.0385044642857144,-4.332860437683058,-2.7182275905795397,-2.6641688960462346,-4.915702455017401,-2.66339115820028,-1.8010498965487232,-0.7633088016557958,-2.560230953774856,-2.919544881281487,-2.7182275905795397,-2.312113109032391
2020_14_PIT_BUF,2020,14,2020-12-13T20:20-05:00,11.0,-0.6232916295060882,-2.2251583062965787,2.0385044642857144,-1.7894882083328716,-0.6563715431221637,-0.9305549465891609,-0.974685686392492,-1.0874816195350854,0.10372256693866733,-0.6412901644183796,-1.090931846324235,-0.6926484190612403,-0.6563715431221637,-1.4645748887126442
2020_14_BAL_CLE,2020,14,2020-12-14T20:15-05:00,-5.0,-4.147526249844979,-3.0043629774995253,2.0385044642857144,-3.3707481547140934,-2.927654089664804,-2.464061636631711,0.5790033871231182,-2.8853126429216984,-3.1545903729633604,-1.4791823092874785,-3.161441536880705,-1.8045261320458073,-2.927654089664804,-2.266594786789101
2020_15_LAC_LV,2020,15,2020-12-17T20:20-05:00,-3.0,3.5480159660078736,1.797005534406174,2.0385044642857144,0.3853793287670272,1.1663035726724877,1.3563790584435398,0.017640647896078443,1.4530957608323691,2.6286448561551023,1.7465019680749927,1.3497353972919544,1.6629241475601435,1.1663035726724877,1.3576183049730142
2020_15_BUF_DEN,2020,15,2020-12-19T16:30-05:00,-29.0,-3.6606364177942403,-5.383873498468638,2.0385044642857144,-7.328639409294334,-7.9901013522651105,-8.000790763856372,-7.374934046029088,-7.960328833162634,-6.494551758541152,-6.409059690208551,-7.979408579128216,-7.942974640002582,-7.9901013522651105,-7.865043685648182
2020_15_CAR_GB,2020,15,2020-12-19T20:15-05:00,8.0,9.825509325228735,9.69660420444545,2.0385044642857144,10.27981681295596,9.69384559203235,9.866211284719913,9.488066329343248,9.668517535140339,10.708859019015737,10.614289207512561,9.763846484915721,9.8925266880242,9.69384559203235,9.773667348225196
2020_15_CHI_MIN,2020,15,2020-12-20T13:00-05:00,-6.0,2.929542139636102,3.7984032773150385,2.0385044642857144,2.6366794581950073,3.4338905314416577,4.189821800857807,5.229726905036809,4.045962862454607,3.7812376535974206,4.906855254840973,4.15514589905317,3.9512530127064167,3.4338905314416577,4.199076594066435
2020_15_DET_TEN,2020,15,2020-12-20T13:00-05:00,21.0,10.742698707022807,12.85668777518573,2.0385044642857144,11.568999081467148,13.055184626402099,13.137777320588635,12.087773051399958,13.154715825344422,12.912945047443053,12.91492181589954,12.302151955454438,12.324453659502463,13.055184626402099,12.737783579976501
2020_15_HOU_IND,2020,15,2020-12-20T13:00-05:00,7.0,8.434463341088751,9.641588876753307,2.0385044642857144,7.5867775098257955,7.54732592556123,7.001795663684976,6.193388698542522,7.1770322050418995,5.329035067294919,8.18930790293895,6.968622100186662,6.194930065212488,7.54732592556123,7.578301693860972
2020_15_JAX_BAL,2020,15,2020-12-20T13:00-05:00,26.0,15.616689874194305,13.700609043436273,2.0385044642857144,12.604352270128688,12.153608033914862,12.127850023595395,8.210155275139366,12.228899614406195,13.368719150946882,12.757935989914266,12.157389630164548,12.19051451632304,12.153608033914862,12.556616451576993
2020_15_NE_MIA,2020,15,2020-12-20T13:00-05:00,10.0,3.695154464228841,1.984590534160909,2.0385044642857144,1.056565190578525,1.828944558020421,1.7426267302947558,1.3365809410176182,1.4242109906692977,2.2307796937863085,2.4498685535332942,1.8447931131891697,2.407693250529232,1.828944558020421,1.8269013427596215
2020_15_SEA_WAS,2020,15,2020-12-20T13:00-05:00,-5.0,-1.1265627706249468,-2.9059842905323943,2.0385044642857144,-4.532575156507553,-4.363244331429629,-4.392264033405019,-3.3627602388572955,-4.4671727641153955,-6.221460548443169,-1.9786961002555368,-4.420986888647651,-3.6863558342731384,-4.363244331429629,-3.5417961523887214
2020_15_SF_DAL,2020,15,2020-12-20T13:00-05:00,8.0,-0.9780072799896398,-1.8028869351704153,2.0385044642857144,0.8174277278303499,-0.09738007081368205,-0.08003039424273739,1.438005852258052,-0.1007223847222698,-0.34804435046869253,-0.49724148613952135,-0.10233144893188095,0.5009951308091818,-0.09738007081368205,-0.23140724372008192
2020_15_TB_ATL,2020,15,2020-12-20T13:00-05:00,-4.0,-1.4917664524421044,-3.091018934745178,2.0385044642857144,-2.553266071361218,-1.9252811647033177,-0.9718160637052919,0.35536071818472403,-0.9249810622138503,-1.7473126835553947,-2.644517618274739,-1.0043898602088723,-0.5439265424844133,-1.9252811647033177,-0.18353193842621784
2020_15_NYJ_LA,2020,15,2020-12-20T16:05-05:00,-3.0,18.167064641654285,15.776596598849949,2.0385044642857144,17.09533785562691,17.081351575039058,16.28070555669783,13.93589972300792,16.399963593250806,17.148781033330174,15.530390450007411,15.871252729872126,16.414796309202362,17.081351575039058,16.423948167950485
2020_15_PHI_ARI,2020,15,2020-12-20T16:05-05:00,7.0,5.434398138053487,7.297010300852625,2.0385044642857144,8.648945352414545,8.51434115466272,7.826362489484813,8.07959918597188,7.842860265976757,6.1207112380765,6.095715597396045,7.778316142323348,8.248029778116539,8.51434115466272,7.479603109612961
2020_15_KC_NO,2020,15,2020-12-20T16:25-05:00,-3.0,1.5312877684855861,0.4112890089111374,2.0385044642857144,-0.8924206125111276,-0.3361630623306642,0.021488797628619993,1.2741981174945685,-0.06720537162047513,-0.6890848945419528,0.5819464999936452,0.14121140462287973,-0.07174976525008825,-0.3361630623306642,0.1481319020641707
2020_15_CLE_NYG,2020,15,2020-12-20T20:20-05:00,-14.0,0.3963207760542593,-0.334421139748143,2.0385044642857144,-2.248211263479657,-3.5679867388953403,-5.328561340448873,-5.779191589964907,-5.310011655451355,-5.021420500511233,-2.6213766629380064,-5.09419860419825,-5.3034083685437095,-3.5679867388953403,-6.120600926381408
2020_15_PIT_CIN,2020,15,2020-12-21T20:15-05:00,10.0,-8.17604995209072,-9.66264908583198,2.0385044642857144,-13.705854175320585,-12.636115028101237,-13.239866342216018,-12.993625618208068,-13.684937375754338,-12.974752397609343,-9.772987434542387,-13.354052461734552,-12.89635945595656,-12.636115028101237,-12.727762086029331
2020_16_MIN_NO,2020,16,2020-12-25T16:30-05:00,19.0,9.570644145671682,7.051014925446485,2.0385044642857144,7.724099385034306,6.773797193866092,6.00712386636682,4.740816983464358,6.204232184169189,7.861258665558726,5.7382099987902135,6.1739122857582025,6.122348154720909,6.773797193866092,6.070331154883235
2020_16_TB_DET,2020,16,2020-12-26T13:00-05:00,-40.0,-7.89383140624734,-8.392153487539877,2.0385044642857144,-7.781900210938631,-7.243098966217161,-6.334455448849456,-4.005617599421106,-6.482776560142181,-7.402384604027359,-7.029850025958757,-6.346571838437186,-5.931289306975444,-7.243098966217161,-6.134936400790234
2020_16_SF_ARI,2020,16,2020-12-26T16:30-05:00,-8.0,4.544258939897189,4.384697773093306,2.0385044642857144,8.437003675811038,7.709976413724409,7.56545161732729,7.605112015342582,7.691702019708757,7.631402598762524,5.2543386190903405,7.555928515629606,7.853850073618514,7.709976413724409,6.346651798686974
2020_16_MIA_LV,2020,16,2020-12-26T20:15-05:00,-1.0,-2.349512551138247,-0.7145128481992356,2.0385044642857144,-0.8860168415409178,-0.2882886980309707,-0.5338952449867849,0.813078825260571,-0.35872885698790924,-0.4893557493697742,-0.8336009097126844,-0.46535162160489385,-0.629860307593918,-0.2882886980309707,-1.043946001178078
2020_16_ATL_KC,2020,16,2020-12-27T13:00-05:00,3.0,9.811368953848277,10.991301400258399,2.0385044642857144,10.862239663738253,10.948069843846264,9.787307829888816,8.729424976356942,9.807492530004536,10.89517145375987,10.039314911356573,9.779640763686889,8.949334181592551,10.948069843846264,9.23388022911205
2020_16_CHI_JAX,2020,16,2020-12-27T13:00-05:00,-24.0,-5.271507362304553,-4.582455524997181,2.0385044642857144,-4.838146961424205,-5.048130465424505,-4.971440007639753,-2.454735495993477,-4.967878068553697,-4.842314392202154,-3.6617003696876638,-4.673708575555087,-5.448099740571437,-5.048130465424505,-5.751650895743499
2020_16_CIN_HOU,2020,16,2020-12-27T13:00-05:00,-6.0,5.266707220815684,4.3207806208122435,2.0385044642857144,6.934435957798949,7.333171316004683,7.696104698070356,7.693753782932314,7.810414887694633,8.890093888813825,4.405250460087054,7.721835174370058,8.455936701978333,7.333171316004683,7.496191831931869
2020_16_CLE_NYJ,2020,16,2020-12-27T13:00-05:00,7.0,-6.574012550688693,-5.570528372609767,2.0385044642857144,-6.323294478553901,-6.81356099208179,-8.211346005450068,-6.4991835945295,-8.088628002257497,-9.182947427889523,-7.883718446478806,-8.11431580968911,-8.721087146928445,-6.81356099208179,-8.560612586637461
2020_16_IND_PIT,2020,16,2020-12-27T13:00-05:00,4.0,1.963641398535989,0.625780145773891,2.0385044642857144,2.0146261547640476,0.9770310259502857,0.480645322496148,0.705926939727289,0.5596970044707357,1.3601040371899162,0.4749971229359113,0.6550425227059711,0.09775318579052783,0.9770310259502857,-0.6348996745559812
2020_16_NYG_BAL,2020,16,2020-12-27T13:00-05:00,14.0,13.23754885395347,12.3408636937183,2.0385044642857144,13.423551461956208,13.511213023500677,13.884073635295959,12.059357106277577,14.052739758387698,14.26755667254863,12.330764318668406,13.824522950958233,13.31170023468648,13.511213023500677,14.122014972651304
2020_16_CAR_WAS,2020,16,2020-12-27T16:05-05:00,-7.0,4.048056136513573,2.890569599721019,2.0385044642857144,1.686669082316007,1.7206868455337738,0.9330472307790165,0.8043329304483896,0.818346105025226,-0.4484335186545181,2.63555833330413,0.7929559794789791,0.8713511789358832,1.7206868455337738,1.1914323362759522
2020_16_DEN_LAC,2020,16,2020-12-27T16:05-05:00,3.0,4.52501484012946,7.028284104987254,2.0385044642857144,9.366013601000937,9.334584207231586,8.738999038183962,10.541655525941607,8.615305940496896,6.305029681729109,7.153910965996911,8.717872114898665,8.632761640108738,9.334584207231586,9.166636728909568
2020_16_LA_SEA,2020,16,2020-12-27T16:25-05:00,11.0,2.23625553917218,4.060297722163774,2.0385044642857144,2.9198895136805003,3.3903115953460343,3.24116231472148,2.546305420040291,3.2127587670004223,3.123296352459336,2.9375340277676214,2.409140271550621,3.119836132958013,3.3903115953460343,3.011309537348308
2020_16_PHI_DAL,2020,16,2020-12-27T16:25-05:00,20.0,1.4936732894570801,1.5647218980732216,2.0385044642857144,1.7961181886281228,0.941964080568896,0.327138564350937,0.9694838927457521,0.3052056710989828,-1.208077139344279,0.9287693661492582,0.25856465932914685,0.9657709025356709,0.941964080568896,0.9023922860565041
2020_16_TEN_GB,2020,16,2020-12-27T20:20-05:00,26.0,3.300358195599262,1.2685456943951372,2.0385044642857144,2.923424548388939,1.5462790836076417,1.4663635996553908,1.6026110019648159,1.5363297827247213,2.5873647144897065,0.7824287778323789,1.5262565919134061,1.709820350431614,1.5462790836076417,1.68906687763614
2020_16_BUF_NE,2020,16,2020-12-28T20:15-05:00,-29.0,-1.861176750014356,-2.7953461530496764,2.0385044642857144,-2.336015519095021,-3.6646939162956014,-3.91982249415259,-3.587006853758791,-3.6992231043287216,-4.283021471772465,-4.1475170310955605,-3.9300193603148577,-4.499935830026129,-3.6646939162956014,-3.1678540297680007
2020_17_ATL_TB,2020,17,2021-01-03T13:00-05:00,17.0,7.857148813037168,7.874746747659422,2.0385044642857144,6.692996160265848,6.311518741975648,4.874637568416536,4.287408709955484,4.821226813186705,5.613222503092228,6.903816886102673,4.894003440774363,4.635129056465621,6.311518741975648,4.861602072810819
2020_17_BAL_CIN,2020,17,2021-01-03T13:00-05:00,-35.0,-8.263628305427243,-7.108733585638344,2.0385044642857144,-8.6621997426656,-8.84059040209321,-9.328682227919757,-7.0989425212862685,-9.608782553483717,-8.897910641859186,-7.677039665318053,-9.98101313667123,-9.175731210513172,-8.84059040209321,-9.788144132788542
2020_17_DAL_NYG,2020,17,2021-01-03T13:00-05:00,4.0,-0.4905631906325967,-0.2765369398138325,2.0385044642857144,-1.4501632164732172,-0.3107598354174176,-1.1283489212823117,-1.2647580549627129,-1.1484896327334748,-1.5292974830141466,-1.7433748108090097,-1.0530958483958615,-1.2792107565488804,-0.3107598354174176,-1.3297572320879596
2020_17_MIA_BUF,2020,17,2021-01-03T13:00-05:00,30.0,6.321508896755209,5.671851184016131,2.0385044642857144,6.123394484951623,6.796127017260295,6.599423886106302,6.820728183157352,6.653041540306425,6.835891616202588,6.093783237956913,6.6581803070309205,6.476746209835609,6.796127017260295,6.603465930719411
2020_17_MIN_DET,2020,17,2021-01-03T13:00-05:00,-2.0,-2.9109476439862716,-5.546982666432238,2.0385044642857144,-3.584070561513055,-4.935534112495166,-5.39568499515862,-5.7733816998870715,-5.3339049664683245,-3.562262637364351,-5.690851760547615,-5.2379356437912605,-4.339134378294168,-4.935534112495166,-6.468651998081611
2020_17_NYJ_NE,2020,17,2021-01-03T13:00-05:00,14.0,9.050807182541085,4.974953665460052,2.0385044642857144,6.339997627804743,5.797693483267477,5.915203434307518,3.1209982048519063,6.241825676623625,7.906627696133129,5.127701149565622,5.934276875259635,5.338692803151301,5.797693483267477,6.7521653798035945
2020_17_PIT_CLE,2020,17,2021-01-03T13:00-05:00,2.0,-1.543394298253224,1.7579261779703508,2.0385044642857144,1.9864246812625699,1.8104133765518968,2.665105036995125,4.369214808277826,2.4548222754022624,2.8117156802492014,1.034063325298511,2.8208862771522245,3.393771646391696,1.8104133765518968,1.987991747366801
2020_17_ARI_LA,2020,17,2021-01-03T16:25-05:00,11.0,4.9187480379729065,3.970004421526146,2.0385044642857144,4.145012813097994,4.115250851403858,3.1887563948328257,3.3580817277366886,3.1839119156939777,2.4303325955365036,3.669637851381385,3.277079475995673,3.0078726848304362,4.115250851403858,3.4211106595792984
2020_17_GB_CHI,2020,17,2021-01-03T16:25-05:00,-19.0,-2.64897663437128,-2.8088128468283244,2.0385044642857144,-3.554696103651686,-3.235120477004572,-4.435949442565423,-4.338913908802824,-4.403260096065575,-4.971040224524715,-4.494023357027965,-4.7892890931299394,-4.863435555689623,-3.235120477004572,-4.607592447054369
2020_17_JAX_IND,2020,17,2021-01-03T16:25-05:00,14.0,15.36064999548871,14.99037448080724,2.0385044642857144,13.921192017751451,14.33925216465999,14.19981097633876,11.003764813966747,14.33494330542701,14.41553971846016,12.848625052529389,14.12444693089131,14.733316433398302,14.33925216465999,14.849345445026808
2020_17_LAC_KC,2020,17,2021-01-03T16:25-05:00,-17.0,12.264025539956073,9.638919103046858,2.0385044642857144,4.195931590091222,3.8762962539743855,2.5995595297691683,-1.5226296934714438,2.5946110453578464,4.56483276329222,7.740749739519448,2.755223817125345,2.74848698699,3.8762962539743855,2.74536104153817
2020_17_LV_DEN,2020,17,2021-01-03T16:25-05:00,-1.0,0.4223342604381881,-1.5534321576950973,2.0385044642857144,-3.023056113197442,-3.8111010190456756,-3.80810261146972,-4.043049765378335,-3.865760836897249,-2.879281136798168,-2.4286947393579243,-3.837196892891981,-3.9083569393994106,-3.8111010190456756,-3.626567983999617
2020_17_NO_CAR,2020,17,2021-01-03T16:25-05:00,-26.0,-5.537421787444462,-6.789707382108519,2.0385044642857144,-6.41088785062024,-6.015401152301349,-5.977312299325818,-4.9872363213521105,-5.998750935461166,-7.176168276012326,-6.7236326238798,-5.975496551577788,-5.407802920569039,-6.015401152301349,-5.669644921797089
2020_17_SEA_SF,2020,17,2021-01-03T16:25-05:00,-3.0,-3.6321853451818704,-8.537225775435772,2.0385044642857144,-11.773777699692303,-11.240007252622059,-10.956343454910021,-10.393242399216053,-11.079680280677527,-10.108118989041506,-8.35769869950451,-10.791813989078584,-10.603740185234187,-11.240007252622059,-9.102319778384189
2020_17_TEN_HOU,2020,17,2021-01-03T16:25-05:00,-3.0,-2.9803196876189926,-5.151122836102773,2.0385044642857144,-3.6241070319836917,-4.540851936397417,-5.356821002525033,-4.452479472766702,-5.333750281794716,-3.5135684444195174,-7.367506320981897,-5.1748686803384025,-4.846645861369437,-4.540851936397417,-5.1577742656752275
2020_17_WAS_PHI,2020,17,2021-01-03T20:20-05:00,-6.0,1.107504653418657,-2.0178296535940126,2.0385044642857144,-3.7484752850763368,-2.1131270979158665,-0.9735623510301583,-1.1671490811691148,-0.9657270360635564,0.5464685436343701,-1.1822842919258338,-1.108404107815082,-1.5711968230918802,-2.1131270979158665,0.9634409839209814
2021_01_DAL_TB,2021,1,2021-09-09T20:20-04:00,2.0,6.644894719355273,11.607577004696783,1.79052734375,10.282244578774122,9.938847057753751,8.59957116474217,8.742315527473936,8.36830174581322,8.908875211124396,10.202922881159232,4.681996257863849,8.326155403878209,9.938847057753751,8.921771810741648
2021_01_ARI_TEN,2021,1,2021-09-12T13:00-04:00,-25.0,3.6327722857940827,4.095081771697807,1.79052734375,1.3312516774047127,2.392281876438869,2.1807402403043903,2.5278440326101643,1.9408115153848255,2.244038040300162,3.4585235972568324,3.239441741156301,2.0737417120947423,2.392281876438869,2.61399296004374
2021_01_JAX_HOU,2021,1,2021-09-12T13:00-04:00,16.0,5.672777618010834,0.8576082198224548,1.79052734375,2.106009669425728,1.2228476699110473,0.5257119953480983,0.5483159653144232,0.08475169548933326,1.7426221547129523,1.6697137795913939,3.8624965511284106,0.9134529312860153,1.2228476699110473,0.3378764107074259
2021_01_LAC_WAS,2021,1,2021-09-12T13:00-04:00,-4.0,2.61008164069027,-3.222437729065118,1.79052734375,-3.3074621577142347,-2.3314961823054423,-2.8669680800601474,-2.5883791391400344,-2.5557526994794406,-3.906804737798412,-5.048189491776577,1.022278360069408,-2.0365251692877635,-2.3314961823054423,-2.820240251212143
2021_01_MIN_CIN,2021,1,2021-09-12T13:00-04:00,3.0,0.6908232524848799,-0.3265921882548972,1.79052734375,2.9120488913530216,1.921934318512989,1.6729073699018342,0.2191379826062776,1.9554088372049776,2.542084846486854,-0.6934153623222954,-0.8184443496993768,1.7351524627875081,1.921934318512989,1.7298095041139017
2021_01_NYJ_CAR,2021,1,2021-09-12T13:00-04:00,5.0,5.164714209763986,3.095669131817548,1.79052734375,3.584037569545282,4.789012759228227,5.1701054881870565,3.0597951254161,5.362603985889815,6.588872672321864,3.1411388107385223,3.2895708110793582,5.954075345392948,4.789012759228227,5.226322908117239
2021_01_PHI_ATL,2021,1,2021-09-12T13:00-04:00,-26.0,4.263552926688213,9.13615430298108,1.79052734375,9.522926691136494,9.145864531984381,8.62551211121042,9.040461559892883,8.507748864665565,8.189006116133761,7.97503629179309,5.040356078641554,8.747282056612585,9.145864531984381,8.526075114535269
2021_01_PIT_BUF,2021,1,2021-09-12T13:00-04:00,-7.0,4.79821676929291,4.936726116061686,1.79052734375,5.132631794957147,6.133440533917696,6.668903054288445,6.792834931806544,6.355784877198919,7.144942037727895,8.096250067850105,4.476298148232473,6.832718611181441,6.133440533917696,6.906687928473376
2021_01_SEA_IND,2021,1,2021-09-12T13:00-04:00,-12.0,2.1075124273615535,2.401624147015248,1.79052734375,2.5661890110763754,1.9011185502359584,2.3597866013819973,2.6732034030289498,2.20673486639905,2.4638755082073684,4.1583138443419525,-1.178296226333019,2.7024749899896086,1.9011185502359584,3.1559600509592447
2021_01_SF_DET,2021,1,2021-09-12T13:00-04:00,-8.0,-1.3948959893194433,-1.624521994902212,1.79052734375,-0.5879991109520135,-0.26741593723201773,-0.1960881582565912,-1.332947997341889,-0.3134389974698266,1.651028520056319,0.23998967737095223,-2.5691070833404193,-0.847387895607884,-0.26741593723201773,-0.38625497442265644
2021_01_CLE_KC,2021,1,2021-09-12T16:25-04:00,4.0,5.561173270691322,12.574877849423387,1.79052734375,13.93015930247908,12.855528190115304,11.88209460389923,11.64091770196021,12.036411168817025,12.730778525822462,10.173599496758504,4.840437958123201,11.285413203787543,12.855528190115304,11.809176419646999
2021_01_DEN_NYG,2021,1,2021-09-12T16:25-04:00,-14.0,2.9066970570695347,3.9150034439424193,1.79052734375,2.571983188413186,3.0208833315749986,3.1457521192181646,3.5669391678269577,2.871209351360497,1.9672375704609077,4.21838403908719,1.925612416582542,3.240857153405276,3.0208833315749986,3.2380407152022883
2021_01_GB_NO,2021,1,2021-09-12T16:25-04:00,35.0,0.29400815940820024,-4.416991202628498,1.79052734375,-5.381770510901898,-5.562841454726669,-5.458366808149404,-6.61673955978854,-5.1542181939905385,-5.285751502318175,-5.620853747958289,-5.336452863481625,-5.971966686896366,-5.562841454726669,-5.09698127904378
2021_01_MIA_NE,2021,1,2021-09-12T16:25-04:00,-1.0,1.6657608040251364,1.2874901573474893,1.79052734375,0.2654317725293267,-0.5107218141230039,-0.8373361131122352,-0.2570821034934727,-0.7528445684934801,-1.2757330729551883,1.9816109063030902,-1.1999957428991346,-1.3526239867923775,-0.5107218141230039,-0.9727193627600907
2021_01_CHI_LA,2021,1,2021-09-12T20:20-04:00,20.0,4.320906237655777,3.7031835512596043,1.79052734375,6.19208174101211,6.858078033196721,5.9301566571567825,6.8469693853560925,6.210619955848821,5.860052998778702,2.909487853905164,4.905492109502675,5.859368884250641,6.858078033196721,5.962302824262757
2021_01_BAL_LV,2021,1,2021-09-13T20:15-04:00,6.0,-2.7687512610372673,-7.807710512939675,1.79052734375,-8.544566368004716,-7.2798867746875775,-7.945655824425201,-8.615807562766875,-7.944562049306979,-6.1442559617770165,-7.529076039830363,-6.448043346784005,-7.536945593121832,-7.2798867746875775,-8.252282183489452
2021_02_NYG_WAS,2021,2,2021-09-16T20:20-04:00,1.0,4.677099581670633,5.2625775567548985,1.79052734375,4.260750419739321,5.041179859913059,4.475024174403696,5.343176743010952,4.55691744140165,3.523587535028834,4.801895754554615,4.6611683741316075,4.697938945182004,5.041179859913059,3.5254555997160937
2021_02_BUF_MIA,2021,2,2021-09-19T13:00-04:00,-35.0,0.17404386962124896,-0.6476896637022271,1.79052734375,-1.9788510840565798,-2.2352461712911844,-2.653099591481382,-3.828466674939395,-2.53540410303516,-2.1435744903395415,-2.0503268689129617,-2.6009774631964726,-2.348927473737288,-2.2352461712911844,-3.285283784080152
2021_02_CIN_CHI,2021,2,2021-09-19T13:00-04:00,3.0,3.8919175288196253,5.083252460301752,1.79052734375,3.332985594773367,2.8943110261098495,2.43412310838668,2.069333588251151,2.2433977594687597,0.6936941344480005,4.43146408861945,2.529856677469164,2.445346064518726,2.8943110261098495,2.3400942611228723
2021_02_DEN_JAX,2021,2,2021-09-19T13:00-04:00,-10.0,-1.8952639711704435,-3.908656195918539,1.79052734375,-3.505608927319875,-4.309103103936363,-5.084465149631013,-5.578354580965173,-4.968814419470348,-5.039606766902007,-3.58253168483715,-5.223039839414493,-4.258511679697259,-4.309103103936363,-5.1155074896344965
2021_02_HOU_CLE,2021,2,2021-09-19T13:00-04:00,10.0,3.0447970529910364,5.48624969710548,1.79052734375,5.112644066761122,6.924861693727327,7.697404529273877,8.320735880521546,7.746210233327303,5.890930801489657,6.201064003104542,6.635425101757163,6.763122437132122,6.924861693727327,7.7213481704077145
2021_02_LA_IND,2021,2,2021-09-19T13:00-04:00,-3.0,0.14717166826146055,-2.4141842427060034,1.79052734375,-3.8537951758498568,-4.989976534626896,-4.190460073647635,-4.605221613587628,-4.321040942057439,-3.585069926281471,-1.33033684535227,-3.931747526764049,-4.196366909733585,-4.989976534626896,-2.6539220266981576
2021_02_LV_PIT,2021,2,2021-09-19T13:00-04:00,-9.0,5.359952891671191,7.538954423566375,1.79052734375,7.724184749593018,6.283800682751738,6.124727209327682,6.028988410718596,6.261657481597437,4.913676207849361,5.33817017611075,6.2253565908118045,5.585194164461128,6.283800682751738,5.83167349384987
2021_02_NE_NYJ,2021,2,2021-09-19T13:00-04:00,-19.0,-0.9343074265457765,-2.5745506786460037,1.79052734375,-2.5897102297292696,-2.9459962517543503,-3.05126165853312,-3.311190848604268,-3.0491234854061275,-3.5641703401833063,-3.653089617793849,-2.584431434710385,-1.586055136882104,-2.9459962517543503,-3.1723904579630497
2021_02_NO_CAR,2021,2,2021-09-19T13:00-04:00,19.0,-4.531064459454529,-9.103028616734546,1.79052734375,-8.664566522039765,-8.30863536424431,-8.578143418881092,-10.07836085033814,-8.391161096695317,-6.3117477377433495,-8.386946009484362,-7.2908991377279975,-8.124295485512782,-8.30863536424431,-9.780772073197488
2021_02_SF_PHI,2021,2,2021-09-19T13:00-04:00,-6.0,1.4874921236357976,-1.2370943221084683,1.79052734375,-0.7886027984527234,-0.3421155847679658,-0.09614229660776463,-1.5791779704324198,-0.004616535430868707,-0.14118475760163873,0.23952480028360945,-0.5073206265558177,0.9669880412251473,-0.3421155847679658,-0.3433595436959185
2021_02_ATL_TB,2021,2,2021-09-19T16:05-04:00,23.0,7.015921141589151,7.842650899488207,1.79052734375,7.075852522445211,6.8615672431113905,5.751007144322335,6.672979778399401,5.551572791302887,5.878394417792296,7.426280609627931,5.358636058273713,4.868965729419774,6.8615672431113905,6.3166290316716065
2021_02_MIN_ARI,2021,2,2021-09-19T16:05-04:00,1.0,5.260487647124881,0.9668029615694493,1.79052734375,3.90673734923356,3.1818587685118342,2.963781970609297,1.987811970607971,3.1690038752640737,2.567733484576232,1.334618657444579,3.0583211134720396,3.4562328989096787,3.1818587685118342,3.502574919138861
2021_02_DAL_LAC,2021,2,2021-09-19T16:25-04:00,-3.0,2.783671447833189,2.4677793646692403,1.79052734375,1.7104354148611196,1.822888896340677,1.566880344086294,1.557854242682927,1.370337008067926,1.0718903688660542,2.417208900684653,1.4006672193499807,2.435606638362537,1.822888896340677,1.6683688461561854
2021_02_TEN_SEA,2021,2,2021-09-19T16:25-04:00,-3.0,5.8644137675243595,6.218463037315271,1.79052734375,6.4464283846831805,5.8281560682377,5.311570416079355,5.597179665874005,5.347599964620707,3.8098201498729107,4.906460293355918,5.349803835993852,5.045817027039202,5.8281560682377,5.852364257692091
2021_02_KC_BAL,2021,2,2021-09-19T20:20-04:00,1.0,3.2902092392756024,0.8684539070497015,1.79052734375,-0.00010921019989407199,0.328312604635022,0.8032772690756738,1.179506782516138,0.7847035534064725,-0.05014956509923474,1.311257066312911,0.7974817319679642,0.8253878917256678,0.328312604635022,1.427782383395579
2021_02_DET_GB,2021,2,2021-09-20T20:15-04:00,18.0,8.865211688646957,12.488984773605425,1.79052734375,12.514487545367487,12.491445235633252,12.233791274075642,14.442964381888611,11.973829707248152,9.434426598919337,11.994595961478531,12.116120292307736,11.48184516036628,12.491445235633252,12.316227511654255
2021_03_CAR_HOU,2021,3,2021-09-23T20:20-04:00,-15.0,1.2357174281353522,-0.38652414373126587,1.79052734375,-1.2605684451772665,-2.4280971903928594,-3.5820244355031603,-3.467049548578692,-3.8256595086998604,-2.256280210726111,-0.374340031643124,-3.6111591574290984,-2.9390713401817434,-2.4280971903928594,-3.05868214510976
2021_03_ARI_JAX,2021,3,2021-09-26T13:00-04:00,-12.0,-4.844501506731861,-4.58032229998352,1.79052734375,-7.012930143576721,-7.772971999967449,-8.366435479873537,-9.009817171570576,-8.312278377888124,-7.3509827700697405,-6.515870324523176,-8.153006239072273,-7.765107031730628,-7.772971999967449,-9.19037615523691
2021_03_ATL_NYG,2021,3,2021-09-26T13:00-04:00,-3.0,2.267490273892566,2.588354748956903,1.79052734375,0.7226999347651115,2.071297838595049,2.15787947834859,2.8171598928680464,2.013885938874069,1.7025574233509841,3.3908732306089524,2.129125987859938,1.3394379724230019,2.071297838595049,1.8566233006672477
2021_03_BAL_DET,2021,3,2021-09-26T13:00-04:00,-2.0,-5.560860040521721,-7.601423826662161,1.79052734375,-5.999293059838161,-6.086509013868351,-5.981189533404484,-7.619408507162998,-5.872440150992464,-4.368187544936867,-7.585295791930846,-5.929552573513178,-4.872579470829172,-6.086509013868351,-6.349486754892959
2021_03_CHI_CLE,2021,3,2021-09-26T13:00-04:00,20.0,4.130379539576486,4.646317105849354,1.79052734375,5.157418898909739,5.707102977253934,5.898512420379175,6.165117563588507,5.734263014214821,7.488712878644849,4.927929181579291,5.772274267698174,6.257029093583824,5.707102977253934,5.177213767917285
2021_03_CIN_PIT,2021,3,2021-09-26T13:00-04:00,-14.0,6.313593590324896,8.549883130052123,1.79052734375,6.464725748613604,6.049299179540961,5.4512820900544146,5.642135225653024,5.538618284557398,4.895644302486115,6.507927715032022,5.499041964943574,5.131234502503885,6.049299179540961,5.373676664670146
2021_03_IND_TEN,2021,3,2021-09-26T13:00-04:00,9.0,2.5450695769022564,2.1064114356746826,1.79052734375,1.5248266261206862,2.591006581730476,2.2555388225343336,2.420839326086159,2.263933626213337,3.4149480797273313,1.3610648151193268,2.2727380020482744,2.2245233185096445,2.591006581730476,1.7110991792229977
2021_03_LAC_KC,2021,3,2021-09-26T13:00-04:00,-6.0,5.874709703157576,6.358642449006074,1.79052734375,7.1700699257560885,6.744685151201132,5.937938023795973,6.1057936041467205,6.0136550845751735,7.44693896104261,4.982930544730024,5.875805861142199,4.728984809768088,6.744685151201132,5.944803126523465
2021_03_NO_NE,2021,3,2021-09-26T13:00-04:00,-15.0,-0.8818371681990742,-3.3925791828943206,1.79052734375,-2.646174000186523,-1.9766248159893618,-2.9269807896566125,-2.514201506898714,-2.858180697240777,-1.81401411767172,-1.952376053079747,-2.777528424287795,-3.0605893304494325,-1.9766248159893618,-3.262868400970162
2021_03_WAS_BUF,2021,3,2021-09-26T13:00-04:00,22.0,8.151589538627075,6.772603054434793,1.79052734375,9.191835845530905,8.409821910819062,7.946599289360984,7.725193972391653,7.764207876795398,7.980075641090674,7.937205335182754,7.360430260426593,7.630815891790368,8.409821910819062,8.534095638499412
2021_03_MIA_LV,2021,3,2021-09-26T16:05-04:00,3.0,4.014515451683926,3.0610206527036152,1.79052734375,2.383169595267457,3.8314048552758764,3.4307587161712156,3.9206727568358546,3.49504500667412,4.472244074516296,3.2694239855717337,4.046379395913343,3.4631440375223708,3.8314048552758764,3.2380315946973965
2021_03_NYJ_DEN,2021,3,2021-09-26T16:05-04:00,26.0,7.533549868492932,7.345689649286811,1.79052734375,8.497355962900969,9.608106076445472,9.64948150638914,10.065233782761606,9.588521292823318,10.098492683595932,7.685878075058749,9.749298332761128,8.865020993201115,9.608106076445472,9.52032172832389
2021_03_SEA_MIN,2021,3,2021-09-26T16:25-04:00,13.0,-0.7733060943446297,-0.6064801885053612,1.79052734375,-1.9244727988557295,-1.1160003710488204,-1.3149654494001672,-0.38399013801420945,-1.4534647955202304,-0.7742808233428344,0.0015119124792473126,-1.3676898873414964,-1.249219103776864,-1.1160003710488204,-1.9911812198042635
2021_03_TB_LA,2021,3,2021-09-26T16:25-04:00,10.0,1.4458390667748642,0.366192727826108,1.79052734375,2.254497623600331,3.612111251705648,4.5642211112306015,5.683006303314919,4.628556738840629,2.825825087553066,1.5459009328791775,4.615464748274891,4.294380580287456,3.612111251705648,4.373769002331695
2021_03_GB_SF,2021,3,2021-09-26T20:20-04:00,-2.0,0.896902688195776,-0.9257058479804876,1.79052734375,-2.159094481433321,-2.060069842419928,-2.7515073882174077,-2.917963587458474,-2.5921078452237856,-1.784929656196162,-2.922627971731093,-2.7415779917957876,-2.988586846409885,-2.060069842419928,-2.753411202859638
2021_03_PHI_DAL,2021,3,2021-09-27T20:15-04:00,20.0,3.3266508246855553,4.3644159493800245,1.79052734375,4.713611764632999,4.133810946625835,3.568184432588085,4.14498538493897,3.670831498356111,3.48738750977044,3.669361990876876,3.367576077203701,3.1074204834211265,4.133810946625835,3.398802323246457
2021_04_JAX_CIN,2021,4,2021-09-30T20:20-04:00,3.0,8.044306399410075,5.873554788555371,1.79052734375,8.739493957289895,8.853489412401009,8.728045428679176,9.210549992816613,8.66401745316202,8.515656221133327,5.994631438887669,9.14771332391247,8.083047076709931,8.853489412401009,9.81167225471778
2021_04_CAR_DAL,2021,4,2021-10-03T13:00-04:00,8.0,2.5429096224079992,2.6705353423621387,1.79052734375,4.17964297101168,3.213940187233643,2.171646569793686,2.397658332983551,2.3131622576800566,2.22466519203447,1.30578324993042,1.8995676473169087,2.3011731098150987,3.213940187233643,1.9340561985249463
2021_04_CLE_MIN,2021,4,2021-10-03T13:00-04:00,-7.0,1.1697099777316624,2.1997554083696547,1.79052734375,0.5336967367515394,0.8441498488238284,0.5337853518258151,1.3185745222425806,0.5628623759080582,0.735023080347756,0.9977996494594714,0.6129121439956953,-0.05650612049039905,0.8441498488238284,0.5393015906650348
2021_04_DET_CHI,2021,4,2021-10-03T13:00-04:00,10.0,4.54939385798246,4.9338726222180025,1.79052734375,2.7411289807148114,3.2639752531824087,3.114536275312996,3.6369087469875803,2.909319370649877,0.5613793854893387,4.429544369638402,3.071320502623467,2.1106159344525905,3.2639752531824087,3.507819004323621
2021_04_HOU_BUF,2021,4,2021-10-03T13:00-04:00,40.0,10.374951958781542,10.262378208456443,1.79052734375,12.587971326143425,13.378325722738818,13.286727047311185,13.933842661462464,13.39540009960299,10.431630959797474,10.315268529280058,13.284557766513874,12.452972676227454,13.378325722738818,14.5930075966537
2021_04_IND_MIA,2021,4,2021-10-03T13:00-04:00,-10.0,1.7443988120216682,1.0154831332280754,1.79052734375,0.47111110097878184,0.13617940147668728,-0.892925189556601,-1.3777503776598983,-1.0036806972259145,0.7182799931481046,-0.3793272949255475,-0.6552177864726156,-0.8118012459358679,0.13617940147668728,-2.5549148427597337
2021_04_KC_PHI,2021,4,2021-10-03T13:00-04:00,-12.0,-1.477379218913108,-5.74217878792394,1.79052734375,-6.833345341834215,-5.968144537906416,-5.448454318442382,-6.077293775145588,-5.2935546698707725,-6.517299634685316,-4.588530206451502,-5.274756250422062,-4.489175699353777,-5.968144537906416,-5.246482784766392
2021_04_NYG_NO,2021,4,2021-10-03T13:00-04:00,-6.0,10.90775283022488,12.666710102114536,1.79052734375,11.911625411614793,11.062495673853892,11.45642112453986,10.750772644054102,11.570175372834736,11.055454262883467,11.372715937164312,11.377038588838488,11.099950664162206,11.062495673853892,10.412163434540265
2021_04_TEN_NYJ,2021,4,2021-10-03T13:00-04:00,3.0,-5.253320433218051,-6.405971134875061,1.79052734375,-8.089235277230264,-9.156273146772461,-9.801303258278175,-9.386963589592133,-9.65370706110161,-10.393333562407797,-8.140599527594656,-9.817199022355002,-9.030214529801363,-9.156273146772461,-9.966975888461697
2021_04_WAS_ATL,2021,4,2021-10-03T13:00-04:00,-4.0,2.540667636832308,1.3887639221534243,1.79052734375,3.9506247069505034,1.8981724252896917,1.0627605393788369,-0.11966384539465735,1.1819233920948076,2.0793512953885305,0.3426877976307823,0.7904100336898482,1.7195207077501184,1.8981724252896917,1.1446448572394359
2021_04_ARI_LA,2021,4,2021-10-03T16:05-04:00,-17.0,4.501874079965052,4.964390872367822,1.79052734375,4.592783526314809,5.030998179388277,4.853504416932835,4.752348598433392,4.829494779840047,5.000643998659262,4.033430974911771,5.128911839580615,4.736342189009552,5.030998179388277,4.322500700417722
2021_04_SEA_SF,2021,4,2021-10-03T16:05-04:00,-7.0,2.210763794344806,0.9413187210196182,1.79052734375,0.20678499294941033,-0.2039203994795793,-0.6250356884211412,-0.712894639050233,-0.7675264637642742,-0.013238977493380988,-0.40162929770868533,-0.5446287189480697,-0.26036717260703846,-0.2039203994795793,-0.653655624798035
2021_04_BAL_DEN,2021,4,2021-10-03T16:25-04:00,-16.0,0.4430685815170192,-0.5558843228824693,1.79052734375,-0.061125002617284374,1.088569948880055,1.7302623111230233,1.3921420759973233,1.682393680097639,2.2264821566134563,-0.24613230179395806,1.8216018386497912,2.0497081050650756,1.088569948880055,1.2698571154838791
2021_04_PIT_GB,2021,4,2021-10-03T16:25-04:00,10.0,5.89055405058303,6.079334141838642,1.79052734375,6.633032124087153,7.015727609805424,6.949542066089931,7.674033953695712,6.697600214630903,5.750916231682281,7.4468977143913015,6.872594617038625,7.722555004210884,7.015727609805424,7.3511215974575315
2021_04_TB_NE,2021,4,2021-10-03T20:20-04:00,-2.0,-1.491351159752603,-2.453262962048637,1.79052734375,-3.3985141236160485,-2.3435421637700316,-1.8704530879506114,-1.5245107692239317,-1.6817949904837903,-2.656348895688359,-1.3323112912360433,-2.3255663971222837,-2.5672965903951694,-2.3435421637700316,-2.185720885011884
2021_04_LV_LAC,2021,4,2021-10-04T20:15-04:00,14.0,2.349980742131942,3.1279807907042514,1.79052734375,3.914969583869379,2.6768267558511383,2.656590164918312,2.7785123539529413,2.578184157182849,0.6991576491876024,2.813045691955089,3.043308574788271,3.5737823162339746,2.6768267558511383,2.778349121095743
2021_05_LA_SEA,2021,5,2021-10-07T20:20-04:00,-9.0,2.2711644548283316,2.544155527623195,1.79052734375,0.8704794607835871,0.49655960080989153,0.08655084111876787,-0.29428720584722656,0.21907642499862678,-0.1525769608132927,1.4716571464200212,0.05115579559921335,-0.15863601659994803,0.49655960080989153,0.4591439166129958
2021_05_NYJ_ATL,2021,5,2021-10-10T09:30-04:00,7.0,3.475175784723745,1.6708979538800461,1.79052734375,4.786930232844355,3.891976082733606,3.633255569807638,2.9057169251565265,3.6325110945441352,3.818124280536823,1.4842896892306374,3.80838090774125,3.8864780186214043,3.891976082733606,3.4689899776986053
2021_05_DEN_PIT,2021,5,2021-10-10T13:00-04:00,8.0,2.250301164789458,4.856252737701063,1.79052734375,5.616281969266642,4.345853405199369,4.119337778435887,3.658265509812793,4.243338800155305,3.8402645702779328,3.107023675617623,3.3809615247617097,3.634948203546371,4.345853405199369,3.8268931649663482
2021_05_DET_MIN,2021,5,2021-10-10T13:00-04:00,2.0,7.025993656675577,9.57703324538842,1.79052734375,7.492538638972543,8.755932445449462,8.70770579420654,10.252538705676214,8.602282446846672,6.86644609701616,9.472412922492431,8.721108129094675,7.755154854294078,8.755932445449462,8.54287980164748
2021_05_GB_CIN,2021,5,2021-10-10T13:00-04:00,-3.0,-2.3906790670699545,-4.743170095912121,1.79052734375,-4.286539299010443,-3.990940084845269,-4.349171289298436,-4.7893348353248895,-4.280506519827629,-3.1181748214869183,-5.295939340945946,-5.016302371072788,-4.685556237295434,-3.990940084845269,-4.424285864531651
2021_05_MIA_TB,2021,5,2021-10-10T13:00-04:00,28.0,7.896202488841851,8.856004665018494,1.79052734375,8.644758373929122,8.458248450005525,7.619114078799209,8.409997352327405,7.715946832674434,7.011652206201078,7.486016274565871,7.484376490822867,7.830759456759252,8.458248450005525,8.593161931911625
2021_05_NE_HOU,2021,5,2021-10-10T13:00-04:00,-3.0,-1.03417779482663,-3.319149449412948,1.79052734375,-5.339788224304968,-5.668408643893921,-5.897424769622912,-6.675261479907345,-6.199916757216216,-4.807720642152263,-3.323604196837626,-6.255345606154597,-4.828983653969326,-5.668408643893921,-5.663777653606868
2021_05_NO_WAS,2021,5,2021-10-10T13:00-04:00,-11.0,-3.1671556648365797,-6.354586560708976,1.79052734375,-6.399211478063204,-5.122384829779643,-5.479059259626303,-4.799241459317442,-5.445102353597442,-5.301681765579292,-5.61930574901035,-5.229858332556409,-5.069330195780949,-5.122384829779643,-4.544693242695622
2021_05_PHI_CAR,2021,5,2021-10-10T13:00-04:00,-3.0,6.16465835883684,3.964514287247208,1.79052734375,2.279974055003042,2.871395391551201,3.202822586428024,2.4367587372765667,3.0806481295964736,3.9530211263118424,4.2581365068437345,3.0834854970706354,2.795059180134373,2.871395391551201,3.7045740719781057
2021_05_TEN_JAX,2021,5,2021-10-10T13:00-04:00,-18.0,-3.9851015549049684,-3.2387110547208207,1.79052734375,-4.476865358852591,-5.42411173660186,-6.099032113322696,-6.619787361412587,-5.926057500888018,-5.865900171666777,-4.223684156832837,-7.180371565185943,-5.475528822565367,-5.42411173660186,-6.990384974516593
2021_05_CHI_LV,2021,5,2021-10-10T16:05-04:00,-11.0,4.181089703571751,2.768892479380505,1.79052734375,3.4730692351816215,4.150275389571183,3.637735810914247,3.841366501487488,3.7365099989825037,5.840875598032531,2.946849745717678,3.6796641496759728,3.866188250030462,4.150275389571183,3.219750400011151
2021_05_CLE_LAC,2021,5,2021-10-10T16:05-04:00,5.0,1.5638179380653296,3.146911913989859,1.79052734375,2.9783284838732857,2.058815837913992,1.54794523195454,1.6491637709715883,1.6045448685005896,0.9853387645759003,1.8433855541930506,1.7520260406466854,2.163574215672901,2.058815837913992,0.5822317280256423
2021_05_NYG_DAL,2021,5,2021-10-10T16:25-04:00,24.0,6.219614903955966,5.9879884650541895,1.79052734375,6.975348797670367,6.184679315086276,5.998683356603605,5.429761927492675,6.165929905559769,6.5475585421443885,5.379572730084494,6.0495454272120135,6.235536196741942,6.184679315086276,4.9233994700097
2021_05_SF_ARI,2021,5,2021-10-10T16:25-04:00,7.0,5.397812240013531,4.991725968451334,1.79052734375,5.634537101184449,6.220841547668476,6.367385659898696,5.673637966963436,6.580036139648172,5.485837021017119,4.891570414606629,6.0426462921821615,6.643752486165022,6.220841547668476,6.707541799146907
2021_05_BUF_KC,2021,5,2021-10-10T20:20-04:00,-18.0,-1.6934795737766901,-0.3277902780461135,1.79052734375,0.19094637373877354,-0.9718796883556458,-1.5674051407379754,-1.4866783046770566,-1.634509402901128,0.8621333686439157,-2.494503247474099,-1.5970236397277748,-1.7877424023455983,-0.9718796883556458,-2.2083885604866804
2021_05_IND_BAL,2021,5,2021-10-11T20:15-04:00,6.0,5.972837746562989,5.232972223812421,1.79052734375,4.613020020206609,4.723488883483791,3.489302367334524,3.2192964007548466,3.528899272616739,4.381935991454648,3.06207180323592,3.6231672482463884,3.3090189560192806,4.723488883483791,3.6437842477009417
2021_06_TB_PHI,2021,6,2021-10-14T20:20-04:00,-6.0,-4.78877685477487,-7.083650403761838,1.79052734375,-6.103673193313247,-5.458061860414626,-4.6049840601071015,-4.0768555035878915,-4.512466652930045,-5.64474338510308,-5.744081149487455,-4.379890595237967,-4.311478168994535,-5.458061860414626,-5.081260281252193
2021_06_MIA_JAX,2021,6,2021-10-17T09:30-04:00,3.0,-4.005477731531574,-5.8009181357290505,1.79052734375,-5.857691468493784,-6.104261878415165,-5.891141434921966,-5.6751008004312,-5.820053133696564,-6.242751624489083,-5.775523766972382,-5.990457936863924,-5.261104925890947,-6.104261878415165,-6.514251525479948
2021_06_CIN_DET,2021,6,2021-10-17T13:00-04:00,-23.0,-0.58930937949268,-1.5116350602980368,1.79052734375,-1.8176480378563196,-2.0741442371751977,-2.4271406993349545,-3.022733723087583,-2.2918286851299507,-1.5196062972677273,-1.6658832857731185,-2.991808555233395,-1.8066260905963638,-2.0741442371751977,-2.534872337965078
2021_06_GB_CHI,2021,6,2021-10-17T13:00-04:00,-10.0,-1.9427696036998379,-4.439642375373577,1.79052734375,-6.543301476217625,-5.835306812910817,-6.271108909810022,-7.016016437912688,-6.33806540508758,-6.995408872803512,-5.353964549294053,-6.316268648078963,-6.708264442988188,-5.835306812910817,-5.874397142693135
2021_06_HOU_IND,2021,6,2021-10-17T13:00-04:00,28.0,7.3682842979363,9.214125686730043,1.79052734375,11.665097623799301,11.216698018757807,11.610544872858824,11.674638810363527,11.86473886804436,10.057358888648462,9.548510006841695,11.477160761427655,11.037834094157276,11.216698018757807,11.043359106563239
2021_06_KC_WAS,2021,6,2021-10-17T13:00-04:00,-18.0,-1.409295754464409,-3.704849567354345,1.79052734375,-6.691921713198781,-4.96254535745074,-4.170944971920054,-3.3315004190845987,-4.118033658736696,-5.872985383658906,-2.9756488643776176,-3.9554391414930707,-3.87077264991127,-4.96254535745074,-3.490283042275488
2021_06_LAC_BAL,2021,6,2021-10-17T13:00-04:00,28.0,5.267522039402238,3.942732701227176,1.79052734375,3.7459218401483723,3.541502331716921,2.9724031392909227,2.971537571018874,2.917018431443386,3.8195655055820827,2.7195255453145264,2.98970768893921,1.9314916771481114,3.541502331716921,3.369779147849126
2021_06_LA_NYG,2021,6,2021-10-17T13:00-04:00,-27.0,-4.0392903578154655,-5.638212672040045,1.79052734375,-7.464187228499677,-7.337903200203401,-7.7611487808696795,-7.1962545707282715,-7.843170323283331,-8.464765484217718,-6.051174142259351,-7.72280886883318,-7.6729400847861715,-7.337903200203401,-6.492984863576533
2021_06_MIN_CAR,2021,6,2021-10-17T13:00-04:00,-6.0,3.426998989017372,-0.43189646337052306,1.79052734375,-0.8280248526780289,-1.2171820173963965,-1.261990398241463,-3.275768534949659,-1.1769336181066214,-0.8022883760890993,-0.8460198118221167,-0.7022874389716109,-0.7101530935480178,-1.2171820173963965,-1.295496516984882
2021_06_ARI_CLE,2021,6,2021-10-17T16:05-04:00,-23.0,0.9400616039787146,0.14957094065467963,1.79052734375,-1.0578374648864237,-0.5465361321824692,-0.6093399264974428,-0.7260057291696402,-0.6152789580188815,0.049341775031559953,0.06681455339776332,-0.7540225523515984,-0.4857704051076547,-0.5465361321824692,-0.22964677951844575
2021_06_DAL_NE,2021,6,2021-10-17T16:25-04:00,-6.0,-0.8037460088010198,-2.8083826747837586,1.79052734375,-3.0314363063597187,-2.604525432708497,-2.5862798076141704,-2.3029728500395796,-2.512560588764365,-1.8892046277034964,-1.4408614676442175,-2.5862486881408087,-3.348348005115162,-2.604525432708497,-2.7222617964858116
2021_06_LV_DEN,2021,6,2021-10-17T16:25-04:00,-10.0,3.3046447652682707,1.3095954450007867,1.79052734375,1.775710884451742,1.814390717836949,2.0291108804305877,2.3345852918751477,2.070911830321559,2.026734607694149,0.9673149115855382,2.509921726049888,2.5164134813180556,1.814390717836949,2.1253690309764983
2021_06_SEA_PIT,2021,6,2021-10-17T20:20-04:00,3.0,1.1353914747661487,3.30509774815071,1.79052734375,5.3861619495203295,3.7287125134901857,3.7028263034456588,4.350955147358807,3.775819890292288,3.3448595196479713,0.7107184256553398,3.518174833733273,3.6681675213974874,3.7287125134901857,2.9063163470800397
2021_06_BUF_TEN,2021,6,2021-10-18T20:15-04:00,3.0,-4.31045860883615,-6.734990665868068,1.79052734375,-7.647025615787113,-7.2096358029972185,-6.599936303346664,-6.6726918755802185,-6.593714041387015,-4.498325704399147,-7.501416721052691,-5.780966404444692,-6.631500569047646,-7.2096358029972185,-6.735134702189003
2021_07_DEN_CLE,2021,7,2021-10-21T20:20-04:00,3.0,4.607737357996452,3.511036769954135,1.79052734375,1.584051508716114,1.4769701077444979,1.394859201095727,0.2237640436617494,1.2690847032691945,1.2736177518208485,3.3638771818665676,1.3857958265081751,1.661391311758117,1.4769701077444979,2.6853572404233095
2021_07_ATL_MIA,2021,7,2021-10-24T13:00-04:00,-2.0,1.2196327307454902,-2.0587786712476785,1.79052734375,-2.9509003840600823,-2.4305255268316643,-2.484100940077367,-2.781243168764905,-2.361134941090073,-1.3656702525554965,-1.3523492505827248,-2.4615674976715187,-3.142862429760184,-2.4305255268316643,-2.3656042561557684
2021_07_CAR_NYG,2021,7,2021-10-24T13:00-04:00,22.0,-1.7972963060234033,-0.6012811693819577,1.79052734375,0.13969013449927734,0.2154415581540311,-0.1223907021740594,1.7572005369847084,-0.20964714500920234,-1.7088967865920792,-0.901060276411649,0.027575967397568846,-0.2671472001144804,0.2154415581540311,0.45523339445849387
2021_07_CIN_BAL,2021,7,2021-10-24T13:00-04:00,-24.0,8.204534903972984,6.832800780400233,1.79052734375,5.576967889769217,5.522184351580663,4.566434388610019,3.7987403348863533,4.583618888389034,4.616040467122241,5.457114053532298,4.423785130955167,4.454251944269134,5.522184351580663,5.7459084512091145
2021_07_KC_TEN,2021,7,2021-10-24T13:00-04:00,24.0,1.6329806061215772,-0.6624555143912698,1.79052734375,-2.521680556720023,-0.798279209680023,0.21772501272232292,0.19601025428382757,0.23747992551878605,-0.5078486184455095,0.7352383570530505,0.47012837268971586,0.4199400952542045,-0.798279209680023,0.4240940739014997
2021_07_NYJ_NE,2021,7,2021-10-24T13:00-04:00,41.0,8.33521459672576,5.091210671154543,1.79052734375,6.606064147581879,6.937944282801308,6.948075477519742,6.08575647246357,7.072835099007973,8.457476263668072,6.956368437738965,6.906800727919912,6.080807728250999,6.937944282801308,6.895881362752453
2021_07_WAS_GB,2021,7,2021-10-24T13:00-04:00,14.0,10.274709519727303,9.966149901892525,1.79052734375,11.98008109154803,10.860947631173277,10.69432739328219,10.268985327056248,10.678153799757759,11.351874570960598,10.601318337444127,11.104343474918918,10.939680335282418,10.860947631173277,10.259766829733342
2021_07_DET_LA,2021,7,2021-10-24T16:05-04:00,9.0,13.234062724807373,13.546241380464151,1.79052734375,13.504909124228336,14.610084911379705,14.484280054709188,14.446499527574524,14.344976217957026,13.318862259149952,13.66167854253981,14.568033188473947,14.001041065701934,14.610084911379705,14.37960439113525
2021_07_PHI_LV,2021,7,2021-10-24T16:05-04:00,11.0,4.212099331945,3.962152592064387,1.79052734375,2.9255128620831563,3.68546885360352,2.9975083974227243,3.041102984733098,2.968109846490922,3.6043314925963226,3.3894028626392294,2.253639996682842,3.7326041543849824,3.68546885360352,2.8565866527451025
2021_07_CHI_TB,2021,7,2021-10-24T16:25-04:00,35.0,9.264427879767261,9.529898323844662,1.79052734375,9.847224466979496,9.124884539325308,7.832977380956483,7.619955809533348,7.836436355174174,9.331740000436938,8.230993960832599,7.834858499396228,8.30320093293938,9.124884539325308,8.184316966042559
2021_07_HOU_ARI,2021,7,2021-10-24T16:25-04:00,26.0,13.058367491778359,13.65975103556839,1.79052734375,16.549535985134934,16.878288608649108,17.126498322834212,16.84402796912675,17.281182931692232,15.512627593278163,14.143625981713338,16.640349812854485,16.797680000621988,16.878288608649108,17.097445705870523
2021_07_IND_SF,2021,7,2021-10-24T20:20-04:00,-12.0,0.5519427898305567,1.1531408734324258,1.79052734375,0.04082583758001701,-0.03902592311132247,-0.8507832338198956,-0.43215171689938225,-0.8093202323714124,-0.4184151523442974,-1.929853819046071,-1.1042871790084565,-0.9203475247219192,-0.03902592311132247,-0.34190121237345217
2021_07_NO_SEA,2021,7,2021-10-25T20:15-04:00,-3.0,-0.8126476080046974,-3.859968465447774,1.79052734375,-6.302002058100106,-5.299181297728978,-6.430161785336901,-7.220933339625579,-6.283118495484173,-5.256838569096325,-4.015642063574653,-5.432622315530341,-6.573270162490056,-5.299181297728978,-6.554383303117444
2021_08_GB_ARI,2021,8,2021-10-28T20:20-04:00,-3.0,4.0225621786006975,0.941655829138828,1.79052734375,1.0627932564876308,1.7767909799807295,1.7234450596547188,0.9334628737672278,1.6476019633269405,0.9949563234843661,1.2545908778748396,1.6613494164384202,1.5710679315359268,1.7767909799807295,2.3864615438146837
2021_08_CAR_ATL,2021,8,2021-10-31T13:00-04:00,-6.0,2.30606857929356,4.78133896069422,1.79052734375,6.098466164989414,5.147960360759589,4.198211365429023,5.263154131857963,4.014144151393449,3.602584885584411,3.911745026359367,4.268718053468554,4.743233204547337,5.147960360759589,3.7883584716323906
2021_08_CIN_NYJ,2021,8,2021-10-31T13:00-04:00,3.0,-7.0365439990049055,-9.045392289175089,1.79052734375,-10.664165939093913,-10.50569876547791,-11.042996637031656,-9.830647475862392,-10.903520606921512,-11.97167795927265,-9.758896875578575,-10.897227359115067,-10.551821496832314,-10.50569876547791,-9.836117023705775
2021_08_LA_HOU,2021,8,2021-10-31T13:00-04:00,-16.0,-8.43848255761262,-9.763181703452215,1.79052734375,-13.271544061827168,-13.742365295457969,-14.554946253568687,-14.618627225122605,-14.659373247605867,-13.570971393548234,-10.418035453352868,-14.547711126948375,-14.086601860302213,-13.742365295457969,-15.312029076874651
2021_08_MIA_BUF,2021,8,2021-10-31T13:00-04:00,15.0,14.110916087981867,13.035333199542627,1.79052734375,13.547671482061233,14.06906236409884,13.881916264015466,12.97039345673694,13.890744298792619,12.55271045678115,14.054850901215385,13.915065718028455,13.861691805959303,14.06906236409884,14.99467329878225
2021_08_PHI_DET,2021,8,2021-10-31T13:00-04:00,-38.0,-0.49164500182373505,-1.273880181011569,1.79052734375,-0.0034444744320263343,-0.6115061518380009,-0.6908950091324068,-0.4200280907666043,-0.672949652208138,0.17539940459255415,-1.0806635758949004,-0.8589881675649682,-0.7268244760729714,-0.6115061518380009,-1.0798949457743037
2021_08_PIT_CLE,2021,8,2021-10-31T13:00-04:00,-5.0,2.7367070692880193,-0.26667274376222727,1.79052734375,0.355767427488354,1.8719699886035537,2.000808884555551,1.9871514781813286,1.9519983445557183,1.4751829623497605,2.066710737403485,1.7885551840023908,2.6818063110015786,1.8719699886035537,2.6422844505072995
2021_08_SF_CHI,2021,8,2021-10-31T13:00-04:00,-11.0,0.09684542359940451,-1.5029331134446378,1.79052734375,-3.738096184284205,-2.6212952550837136,-2.5597196313630852,-3.9249365426934815,-2.5285101935519565,-2.689098700534045,-0.5138300365268915,-2.577080356683309,-2.750741169502099,-2.6212952550837136,-3.430279736560308
2021_08_TEN_IND,2021,8,2021-10-31T13:00-04:00,-3.0,2.3264765642107386,1.4180528358989708,1.79052734375,2.520195377360949,1.2332066457295765,1.0644582148712582,1.511149083380031,1.1080996275843402,0.3407150666968679,1.842695371928858,1.4882612908594501,1.0927675644962997,1.2332066457295765,0.6427830821429854
2021_08_JAX_SEA,2021,8,2021-10-31T16:05-04:00,24.0,10.189013986172657,9.73175209912173,1.79052734375,6.896140359977402,8.32025236292399,7.5427283741627535,6.9032002218085005,7.5292379872388615,6.743835146001569,8.633652637166122,7.638584696879339,6.696996433318654,8.32025236292399,8.099333075472376
2021_08_NE_LAC,2021,8,2021-10-31T16:05-04:00,-3.0,1.6383422668498908,4.5648141851757345,1.79052734375,5.08568505435244,4.787755376408452,4.293014602777909,4.523459784004624,4.247615215026788,3.143556226688376,2.9330342073937135,3.538035509317549,5.366895686222704,4.787755376408452,3.9048520376529687
2021_08_TB_NO,2021,8,2021-10-31T16:25-04:00,9.0,0.36265332657620863,-0.6857607208767429,1.79052734375,-1.274766544187957,-0.9371096536683801,0.4003414228596407,0.5697458240533645,0.4357580750709479,-0.33006804763736786,-0.5537074806318336,-0.02876149045397769,-0.16049384475383466,-0.9371096536683801,0.9033625963411754
2021_08_WAS_DEN,2021,8,2021-10-31T16:25-04:00,7.0,4.8383473800842784,2.1663958352262456,1.79052734375,3.7082103073323527,3.5894396272367945,3.282798267881545,2.6715837209602937,3.207117399239393,4.876288944273158,2.3414652218028915,4.055236165598399,3.2087051404256917,3.5894396272367945,3.0681042650185417
2021_08_DAL_MIN,2021,8,2021-10-31T20:20-04:00,-4.0,-0.9920445523438581,0.9906044497507291,1.79052734375,2.919738421171826,4.892982415760991,5.035007951425167,7.753199526739956,5.163517908592916,4.028713582149949,0.9233290262550731,4.90141548220403,4.3785144495608055,4.892982415760991,4.946610884169854
2021_08_NYG_KC,2021,8,2021-11-01T20:15-04:00,3.0,7.104098370800192,6.996035834897664,1.79052734375,8.792180155608248,7.535098019886753,6.27525264177879,5.376758759265564,6.306491568655057,8.08186065868141,5.674416664142594,6.2749635164742,6.0678217036223145,7.535098019886753,6.021287220640088
2021_09_NYJ_IND,2021,9,2021-11-04T20:20-04:00,15.0,12.553335985395467,12.750804716509931,1.79052734375,14.448835185969589,13.779247480694078,14.254614481283166,12.525071454859832,14.327978711848791,13.38089432188999,14.144294871903313,14.121242472961587,13.811068811312687,13.779247480694078,13.687896598461764
2021_09_ATL_NO,2021,9,2021-11-07T13:00-05:00,-2.0,10.624024801068192,8.889603931262638,1.79052734375,4.429928917547306,5.350358252620174,5.757171333934895,4.474745242260954,5.767986662861448,6.223444722249462,8.85249348355477,5.755635044501087,5.051930245241286,5.350358252620174,6.403092052870238
2021_09_BUF_JAX,2021,9,2021-11-07T13:00-05:00,3.0,-12.926604949416205,-11.58123927636396,1.79052734375,-12.784757239033272,-13.430033757502617,-13.513537838837745,-12.015194106171048,-13.519361696015508,-11.978638808405398,-12.974565264368183,-13.636270055538892,-13.098782322771706,-13.430033757502617,-15.672440584920295
2021_09_CLE_CIN,2021,9,2021-11-07T13:00-05:00,-25.0,3.590324914905753,2.872383835396132,1.79052734375,3.2734457656131797,2.3317893932164164,1.9568547277086195,2.035981408972703,1.9739652322509553,2.851608967208298,2.1081573702074676,2.462541705608158,1.866779405946291,2.3317893932164164,1.1862438319726603
2021_09_DEN_DAL,2021,9,2021-11-07T13:00-05:00,-14.0,7.5747168562137555,6.2740088639772775,1.79052734375,6.4189574711821145,5.481938273282709,5.090136613512013,4.184903301577869,5.184288538125225,5.089790613653243,5.954213403912685,5.131993538839826,5.471255344279053,5.481938273282709,5.3693951022562665
2021_09_HOU_MIA,2021,9,2021-11-07T13:00-05:00,8.0,5.55723212538603,7.114650442883834,1.79052734375,4.773974338286342,4.953417669506703,4.9789743967810365,4.076232392065415,4.751655028393506,4.4792958006115935,6.849316111257448,4.3801531224682835,4.481713719986132,4.953417669506703,4.553685467139804
2021_09_LV_NYG,2021,9,2021-11-07T13:00-05:00,7.0,-0.5369043935356173,-0.686499777487029,1.79052734375,-0.18988846499162726,-0.6561539869312457,0.12017047450553053,0.900242072726885,0.08196208858722476,-1.2757701342797423,-1.0928064496471497,0.062052235573594405,-1.091500373151299,-0.6561539869312457,0.4913183352199605
2021_09_MIN_BAL,2021,9,2021-11-07T13:00-05:00,3.0,7.040321409689331,3.745423475353241,1.79052734375,4.3726394608958525,3.305969862837961,2.25017850802401,-0.509930397802175,2.3356761812014746,3.8675377678371747,1.8455263191876803,2.0827837194408576,2.3517653940141128,3.305969862837961,3.2341088771779662
2021_09_NE_CAR,2021,9,2021-11-07T13:00-05:00,-18.0,-0.12083183076494919,0.28446367267514644,1.79052734375,-0.4390149889659958,-0.21803552189511066,-0.17228272303627928,-1.1830857738735021,-0.1458490950321351,-1.0510647891473959,-1.8324690982014924,-0.0162610171717954,0.3345646719378931,-0.21803552189511066,-0.47918402732656773
2021_09_LAC_PHI,2021,9,2021-11-07T16:05-05:00,-3.0,1.6307531321346052,1.4182410652805466,1.79052734375,0.344107745001471,0.6709878615608162,0.6495257439498409,0.4920618076516632,0.6163194546398572,0.6246480128813521,0.7990167348385273,0.8059904680369969,0.5020372091517236,0.6709878615608162,0.02221694899096127
2021_09_ARI_SF,2021,9,2021-11-07T16:25-05:00,-14.0,-2.6912029812004077,-1.5570221442443695,1.79052734375,-0.5482844160266045,-0.8436160497890621,-1.336506584707092,0.6614474232473104,-1.0187021071665705,-1.3855077325057419,-4.503078127608593,-0.7347863699332411,-1.4591070965870563,-0.8436160497890621,-1.3672314257838267
2021_09_GB_KC,2021,9,2021-11-07T16:25-05:00,6.0,-1.4907044556580744,-2.513159654243049,1.79052734375,3.0389666638401787,2.8053575224346106,1.666507730054351,2.607613645071842,1.763106836768161,2.285014543548434,-4.541375651443184,1.8661299236772586,1.1682465398532575,2.8053575224346106,1.7496141652867037
2021_09_TEN_LA,2021,9,2021-11-07T20:20-05:00,-12.0,3.6522847423963913,2.878670369287028,1.79052734375,3.7422906781156726,3.2709316061574545,2.669935866721012,3.888104611419086,2.7138118369731727,2.595496623225987,2.390672351163613,3.6711725127186114,2.7040530963656773,3.2709316061574545,1.883190148346014
2021_09_CHI_PIT,2021,9,2021-11-08T20:15-05:00,2.0,6.977981359456907,9.079876435399774,1.79052734375,10.71581944069695,9.778398240874207,9.049694007742296,9.717784362829036,9.10422922142985,8.984361970358826,7.438412804487507,9.253731543666118,8.875181213916097,9.778398240874207,8.569984134881054
2021_10_BAL_MIA,2021,10,2021-11-11T20:20-05:00,12.0,-5.33946880710174,-5.0334929229473335,1.79052734375,-5.293824027685996,-5.604364549305491,-5.14721317177407,-3.1268928162038176,-5.56518898063074,-6.361293041685606,-4.088157738846211,-5.045979051193368,-4.958303709488096,-5.604364549305491,-5.442575920826434
2021_10_ATL_DAL,2021,10,2021-11-14T13:00-05:00,40.0,6.5747767743266445,3.0291873599765986,1.79052734375,2.9529730002106787,3.378777657639501,3.3222560204784735,2.3610431544132897,3.5204195660315944,4.609660676817902,3.5958050606864407,3.3744114749945635,3.115567694075507,3.378777657639501,3.5219081291195993
2021_10_BUF_NYJ,2021,10,2021-11-14T13:00-05:00,-28.0,-11.395920704301744,-11.398016895412525,1.79052734375,-12.926644184350096,-13.404410162226613,-13.341358814921655,-11.567685776309293,-13.49150345495798,-11.767015525381074,-12.848806891682145,-13.246005128608289,-12.949523819601536,-13.404410162226613,-13.941574404559391
2021_10_CLE_NE,2021,10,2021-11-14T13:00-05:00,38.0,3.8305495952583453,0.9788161354306211,1.79052734375,0.635994438972697,-0.08892234839400137,-0.22569400926307814,-0.8981339604252432,-0.1282406404781416,0.45045203232043973,1.5290949075022346,0.10780670202128395,-0.7039469843906425,-0.08892234839400137,0.04469049535804959
2021_10_DET_PIT,2021,10,2021-11-14T13:00-05:00,0.0,9.979139349446921,9.929870020917303,1.79052734375,5.236116123407991,6.674382246714234,6.000116375392286,5.225274614000941,6.015098105813447,5.343687477466131,8.06799887873882,6.268120196169433,5.321124400870964,6.674382246714234,6.122988168634811
2021_10_JAX_IND,2021,10,2021-11-14T13:00-05:00,6.0,12.062029090288174,11.556107280016045,1.79052734375,12.872609586673823,12.660346871972871,13.034015959120653,11.9285095689987,13.110645945230072,11.966214788663123,13.109624822144802,12.97658100462995,12.75317239768227,12.660346871972871,13.446046588057069
2021_10_NO_TEN,2021,10,2021-11-14T13:00-05:00,2.0,3.1528533920592796,1.502437669863787,1.79052734375,3.803943602646588,3.6380065337217657,3.4152160090833568,3.797874999597475,3.373807539457192,3.3516829497926213,2.7644870066865925,3.373952802186822,3.698083290191173,3.6380065337217657,3.0154728812069767
2021_10_TB_WAS,2021,10,2021-11-14T13:00-05:00,10.0,-7.681502968357048,-8.339128206808008,1.79052734375,-9.796389401476155,-8.542445682997613,-7.6932579296899455,-6.168026031781362,-7.678149447306813,-9.081947886291662,-7.761444483913863,-7.461055787177457,-7.868287961030819,-8.542445682997613,-7.697080025909033
2021_10_CAR_ARI,2021,10,2021-11-14T16:05-05:00,-24.0,11.525019240091021,8.515531262454555,1.79052734375,9.350951683723972,8.728319717333537,8.859501667336614,7.329335280295826,8.490676420677014,9.564570578696511,9.9214769403585,9.639537116431578,8.867130573083305,8.728319717333537,9.998406939496888
2021_10_MIN_LAC,2021,10,2021-11-14T16:05-05:00,-7.0,2.4692060794567463,0.9627342033477475,1.79052734375,2.0383022398561534,1.090575055794517,0.2033795048412944,-1.0064582357631544,0.07301412567119211,-0.006862852327740754,0.2260653198749923,0.27856128109236367,1.174585211817998,1.090575055794517,0.31127311414764347
2021_10_PHI_DEN,2021,10,2021-11-14T16:25-05:00,-17.0,4.160150665780663,-0.1510671941236399,1.79052734375,-0.22781528258991013,0.7150673180700872,0.8799783068897948,0.9660706075240288,0.7784301973275498,2.497548342326137,-0.1064677257764679,0.8708858185364856,0.3145445021248947,0.7150673180700872,2.4477015050601976
2021_10_SEA_GB,2021,10,2021-11-14T16:25-05:00,17.0,4.873485587809485,4.452884502089487,1.79052734375,5.290868172751738,5.219938812346497,5.659820484791608,6.35780282450583,5.529536990805336,5.504512258182906,5.485437843143917,5.703323182986443,6.282622581723558,5.219938812346497,5.186837443980347
2021_10_KC_LV,2021,10,2021-11-14T20:20-05:00,-27.0,0.4213501146659273,-1.833137545668355,1.79052734375,-4.06938615557791,-2.376976195815704,-2.499395462427972,-2.092809311237428,-2.4965606610354922,-2.553752418057059,-0.7470911993401417,-2.525804252006022,-1.187024059319796,-2.376976195815704,-2.9155409058213384
2021_10_LA_SF,2021,10,2021-11-15T20:15-05:00,21.0,-1.89811756310577,-1.9946957269172796,1.79052734375,-3.815039508203733,-4.920797517320791,-5.183507014121842,-5.137386895820776,-5.320946761104427,-4.184906710639504,-3.554182972347379,-4.879295380986672,-5.322787510573058,-4.920797517320791,-5.312322129746688
2021_11_NE_ATL,2021,11,2021-11-18T20:20-05:00,-25.0,-4.954809290977938,-3.6099909591697146,1.79052734375,-2.604506376502321,-3.307726433338312,-3.69235731602443,-3.19788121561489,-3.6300719456336425,-4.408726450441533,-6.409941166518981,-3.5427368290507046,-3.0008752469897724,-3.307726433338312,-3.8321523418974017
2021_11_BAL_CHI,2021,11,2021-11-21T13:00-05:00,-3.0,-3.624950118937229,-3.3598667529591606,1.79052734375,-2.217681366146528,-1.8377798755863148,-0.4177531278895097,0.7415087140365109,-0.35162173566541144,-1.9186519935197055,-2.5167234105936322,-0.5600782588986957,-0.41048912146447103,-1.8377798755863148,-0.5028332436911842
2021_11_DET_CLE,2021,11,2021-11-21T13:00-05:00,3.0,8.680253509092488,8.30166768424415,1.79052734375,9.85996468504906,11.461979600261103,11.065072341949666,10.081223720459468,10.983527474570336,11.458896757491356,8.574950385645739,10.810319501672826,10.815558770512933,11.461979600261103,10.597850361647946
2021_11_GB_MIN,2021,11,2021-11-21T13:00-05:00,3.0,-2.0627161269178034,-1.674608355870736,1.79052734375,-2.9176218420896904,-1.7101947882951913,-2.1096549159361877,-1.13550053536065,-2.0730736038150743,-1.9734760123595785,-2.0054639826535476,-2.246030133171785,-2.6169849198375017,-1.7101947882951913,-2.4082158909923024
2021_11_HOU_TEN,2021,11,2021-11-21T13:00-05:00,-9.0,14.691090373445666,12.051588903438763,1.79052734375,9.113430198432345,11.446798639136977,11.55877767525891,8.581111555328071,11.551469446438787,11.56669675050911,12.157240525396922,11.368996718355621,11.215136888461158,11.446798639136977,13.201157321184507
2021_11_IND_BUF,2021,11,2021-11-21T13:00-05:00,-26.0,7.675543245664581,6.085898118330837,1.79052734375,5.48133969086809,6.451043606046317,5.396459586101822,5.006623081977836,5.286360964933003,5.66340995767483,5.393253179831406,5.191667886856875,5.474940347333514,6.451043606046317,5.822081346982464
2021_11_MIA_NYJ,2021,11,2021-11-21T13:00-05:00,-7.0,-3.57511109902942,-4.5212377896746645,1.79052734375,-4.543438995280674,-4.490434901715537,-4.552936603090516,-3.585700092397398,-4.626304090144268,-3.6910763319025945,-5.006769256361197,-4.605380947979903,-4.2049398180090645,-4.490434901715537,-4.6068862574634935
2021_11_NO_PHI,2021,11,2021-11-21T13:00-05:00,11.0,-1.9769758329801839,-1.4255457611990359,1.79052734375,1.3669469118480881,0.857335365795993,0.2764699682180436,0.9881264315506757,0.3832399467776222,-0.29610230168571283,-1.1175068304506,0.28198650670803005,1.1189336538961843,0.857335365795993,-1.2584340672498036
2021_11_SF_JAX,2021,11,2021-11-21T13:00-05:00,-20.0,-4.4766178514529855,-5.568426220760859,1.79052734375,-5.895731116543395,-5.641429497735356,-6.091219752691277,-5.59900798788028,-5.9928953856231235,-6.32172228863995,-5.167910068770722,-6.1801030532121395,-5.688945672432671,-5.641429497735356,-6.490016608314833
2021_11_WAS_CAR,2021,11,2021-11-21T13:00-05:00,-6.0,3.9885248671597,2.8112067747992135,1.79052734375,7.08679884528847,5.817474678858851,5.9187185757601295,6.32458597878358,6.120665374504117,5.019450269025439,3.325536841100031,5.968733278537666,5.958980031505345,5.817474678858851,5.190870102544304
2021_11_CIN_LV,2021,11,2021-11-21T16:05-05:00,-19.0,1.1376477292550546,0.7506949300736414,1.79052734375,-0.6572728140547532,0.17006884687486623,-0.6317359163145897,-0.09356343817714463,-0.5694903904606128,-1.4777953151230938,0.20965564463936748,-0.6087207161734103,0.3461658590031689,0.17006884687486623,-0.6717894018182844
2021_11_ARI_SEA,2021,11,2021-11-21T16:25-05:00,-10.0,-1.1621146311186905,0.8815012330594532,1.79052734375,1.4285528742408244,0.9768332357394947,-0.09123121795837297,1.8396347555181087,0.2715807421140144,-0.2687944270577749,-1.8052950447675138,-0.11330137961635423,-0.5056990036768099,0.9768332357394947,-0.6815214722062053
2021_11_DAL_KC,2021,11,2021-11-21T16:25-05:00,10.0,1.8561054508878279,3.2590728409509904,1.79052734375,4.241263581295652,3.415196012336943,2.5196983776435435,2.7376310430585105,2.5854243801423706,2.375531841756555,1.869648441804097,2.4305624555629497,2.0343832753952693,3.415196012336943,2.596074194725185
2021_11_PIT_LAC,2021,11,2021-11-21T20:20-05:00,4.0,2.2673040004015665,1.9012761163281364,1.79052734375,2.752586281126458,2.9413546087252733,2.6321673381365764,2.2754959188692143,2.61681310487266,2.0969669129309327,3.472809925557161,2.605764439399056,3.685496379528168,2.9413546087252733,1.8038351188637503
2021_11_NYG_TB,2021,11,2021-11-22T20:15-05:00,20.0,9.746991285396398,9.468927539722657,1.79052734375,9.8265951040783,8.906235077178053,7.279195846596826,6.4016947849912285,7.354519953466858,8.328682591467551,8.070487808478063,7.318846423275853,7.600240068782383,8.906235077178053,6.736984772334531
2021_12_CHI_DET,2021,12,2021-11-25T12:30-05:00,-2.0,-0.12027198843838738,-0.5035870509303428,1.79052734375,-0.3139007357771556,-0.12633883861743178,-0.32414487143133885,-0.17879650597004138,-0.06559995243507316,-1.1443536070776867,-0.8341727279421453,-0.3655028679057367,0.21213513009347884,-0.12633883861743178,-0.10414943743005867
2021_12_LV_DAL,2021,12,2021-11-25T16:30-05:00,-3.0,9.111752343262832,7.47084990380894,1.79052734375,7.841396041125915,7.076423683582426,7.334871443253302,5.892277667043765,7.210047657167381,7.852904583384158,7.4169091978598605,7.367168749178121,6.796033980580737,7.076423683582426,7.396570142091751
2021_12_BUF_NO,2021,12,2021-11-25T20:20-05:00,-25.0,-0.2976371640160549,-1.2757922554872705,1.79052734375,-5.214703798246308,-5.619232669930112,-5.549325637828428,-5.621829531362632,-5.577650803657839,-4.686974825957402,-3.1800049032483755,-5.595355931356295,-5.742606106607613,-5.619232669930112,-4.344401559735384
2021_12_ATL_JAX,2021,12,2021-11-28T13:00-05:00,-7.0,0.14872742830439378,-0.9012155280364492,1.79052734375,-2.881843507661659,-2.317675952685267,-2.5203950049156814,-1.7089885812635601,-2.678762803789196,-2.0725833041526154,-0.4343043525685669,-2.655078453593588,-2.619604093355857,-2.317675952685267,-2.4994801136913445
2021_12_CAR_MIA,2021,12,2021-11-28T13:00-05:00,23.0,2.1837313600099266,0.16729538042413394,1.79052734375,-1.8138603879169954,-1.308813585869861,-2.3928836703620866,-2.863033897184449,-2.653142946720907,-0.6395873817608236,0.04749748756929251,-2.538702770232602,-2.46955910328868,-1.308813585869861,-1.998891690313586
2021_12_NYJ_HOU,2021,12,2021-11-28T13:00-05:00,-7.0,5.6078702994914575,4.954713803877495,1.79052734375,8.606553808527947,7.305960001702301,7.00344683243317,7.676347672225891,7.223709728506128,5.840440853605569,5.028161331286504,7.24078865982322,7.199723445824372,7.305960001702301,6.802714363855944
2021_12_PHI_NYG,2021,12,2021-11-28T13:00-05:00,6.0,-1.636294488025885,-2.592896960122074,1.79052734375,-2.480815331577398,-2.2068189684166217,-1.9542250899006994,-1.0518530288332655,-1.8947241202477456,-2.5793992856494747,-2.9955064862081486,-2.0017988772150845,-2.5701403999952386,-2.2068189684166217,-1.4997482417600536
2021_12_PIT_CIN,2021,12,2021-11-28T13:00-05:00,31.0,3.9182621769382386,0.352574969170683,1.79052734375,1.6048567232855107,1.9404335960259709,2.0652027734098204,1.1719390915334928,2.03903108093974,2.9981159014098493,1.996097586065177,1.917244898460109,2.5564311306175065,1.9404335960259709,1.9321221438267497
2021_12_TB_IND,2021,12,2021-11-28T13:00-05:00,-7.0,1.0038752718235764,0.4074513486021291,1.79052734375,1.0949855025396835,1.305212577451642,2.626501626064404,2.5392626010096597,2.7027641013315566,1.3811396001274239,2.8868821399099778,2.513224564676995,2.423732535708188,1.305212577451642,2.3548936742614277
2021_12_TEN_NE,2021,12,2021-11-28T13:00-05:00,23.0,4.6579988224151405,4.3356970831773936,1.79052734375,3.4706514130409722,3.2209593048108522,3.2755202721457484,4.177953649254677,3.2112260022110375,3.567480593995767,5.467274333445094,3.7778470283582952,2.9751806992713665,3.2209593048108522,2.5011683719881597
2021_12_LAC_DEN,2021,12,2021-11-28T16:05-05:00,15.0,1.6765290840844513,-0.6067400924514463,1.79052734375,-1.575801920690251,-0.5562123680952,-0.5631935241801601,-0.6695140621558873,-0.4989718887050496,0.9706386923811311,-1.294066017759214,-0.5455364385803658,-1.1402488959451795,-0.5562123680952,-0.32283497829230956
2021_12_LA_GB,2021,12,2021-11-28T16:25-05:00,8.0,5.140049379915114,4.825485266056374,1.79052734375,2.0515251315064122,0.9491123562484433,1.2799500156460226,2.083288098302903,1.0068277315771024,1.1681248607976986,5.757495440576439,1.3712719219391558,1.4434277019050756,0.9491123562484433,1.1669696799487759
2021_12_MIN_SF,2021,12,2021-11-28T16:25-05:00,8.0,3.429395426000276,2.852767693875353,1.79052734375,3.048156100928402,1.8789538203112413,1.2205643680686806,0.7585500724279527,1.0881803123811147,1.1344626002114508,0.6897437584920834,1.3510141948895233,1.537124184375109,1.8789538203112413,1.1146328431248615
2021_12_CLE_BAL,2021,12,2021-11-28T20:20-05:00,6.0,5.823264106806418,3.9470141666844105,1.79052734375,3.502504040282348,2.566340174658924,1.046193897528266,-0.6520419041192824,1.1436415499982173,2.2770525959979038,1.1469515109895891,1.13422823282881,0.8206092634918452,2.566340174658924,1.3654884760628043
2021_12_SEA_WAS,2021,12,2021-11-29T20:15-05:00,2.0,0.060551291571044885,0.40309779435791987,1.79052734375,-1.7165505662311624,-0.4808807234194626,-0.298897594991628,0.6033483937404487,-0.7137172428948284,-0.4279980737302859,1.0495799893421913,-0.22513924451478462,0.19421329167598916,-0.4808807234194626,-1.2442246956701632
2021_13_DAL_NO,2021,13,2021-12-02T20:20-05:00,-10.0,2.288008640440376,3.5721818352076964,1.79052734375,-0.5954850535255956,-1.3615514582620825,-1.6891262445934672,-1.866169118629761,-1.5899945073078863,-2.246331940669923,2.4461391101391956,-1.7245274045547394,-2.064365017107841,-1.3615514582620825,-1.9097432071389067
2021_13_ARI_CHI,2021,13,2021-12-05T13:00-05:00,-11.0,-6.2086860884703,-6.532388065530391,1.79052734375,-6.4380214184444915,-6.334284541138074,-6.901841406142135,-4.9435211558512,-6.992082679868514,-6.671464004429491,-7.862048397492327,-6.8596404546869945,-7.230579464028793,-6.334284541138074,-6.439335637361584
2021_13_IND_HOU,2021,13,2021-12-05T13:00-05:00,-31.0,-7.70528534814833,-9.953058624168566,1.79052734375,-8.34347441875463,-9.671357872308144,-10.351064026173294,-7.624761450192011,-10.32177425037696,-10.353561009009454,-11.240269405815333,-10.16262227390468,-10.00769231045436,-9.671357872308144,-9.452177737023858
2021_13_LAC_CIN,2021,13,2021-12-05T13:00-05:00,-19.0,6.390314095290574,2.8128884077172183,1.79052734375,2.707685415242479,2.9385064687622466,3.034502182013455,1.6353347676576064,3.1591285865751164,4.296887201485153,2.5759283340777523,2.9696493941080755,2.5900471284063054,2.9385064687622466,3.430979982059271
2021_13_MIN_DET,2021,13,2021-12-05T13:00-05:00,2.0,-4.452616234047256,-4.6055435644874985,1.79052734375,-2.485514928083104,-3.7837487352325203,-4.261596154355788,-3.329013431811206,-4.207236778812449,-5.511560995672591,-5.800550037094554,-4.218610545799693,-3.7394436321726383,-3.7837487352325203,-4.667251528607782
2021_13_NYG_MIA,2021,13,2021-12-05T13:00-05:00,11.0,4.337084191418884,3.365118039372643,1.79052734375,5.1199026945166395,5.4276547853748065,4.822554342031902,4.730401634037795,4.644832170886507,5.720931153236083,3.891104035541076,4.789126441740423,5.001014934699958,5.4276547853748065,3.9702830582762596
2021_13_PHI_NYJ,2021,13,2021-12-05T13:00-05:00,-15.0,-5.797020285116266,-6.051783162938233,1.79052734375,-7.067172727995099,-7.3726202087191215,-7.659136292240631,-5.613769124975253,-8.006936971856367,-7.020925799677075,-6.29864905944744,-7.882585834952565,-7.898228550414073,-7.3726202087191215,-7.495436866697186
2021_13_TB_ATL,2021,13,2021-12-05T13:00-05:00,-13.0,-8.02596663263073,-8.30737995522793,1.79052734375,-6.9013349649711575,-7.04469964096087,-6.2601554408742945,-4.832891630520458,-6.32721317638974,-6.632855345925282,-8.256568089974357,-6.149423077726253,-6.222148492300195,-7.04469964096087,-6.923064874595607
2021_13_JAX_LA,2021,13,2021-12-05T16:05-05:00,30.0,12.360647336316244,10.054508200501123,1.79052734375,12.108893168135014,12.55038930475483,12.565433119076053,10.638608769186435,12.864321781479005,12.935402327957405,10.182798631882243,12.669459625033848,12.288209463431713,12.55038930475483,12.580392686064203
2021_13_WAS_LV,2021,13,2021-12-05T16:05-05:00,-2.0,1.7024383797879317,0.2225917287057615,1.79052734375,1.4687296741034268,1.2325651921771101,0.2909296466146756,0.35503243512209426,0.61555751227108,1.543785680502779,-0.16889788663323269,0.2736505010240755,0.9589247854480315,1.2325651921771101,-0.16817704369259467
2021_13_BAL_PIT,2021,13,2021-12-05T16:25-05:00,1.0,-2.2384375476464857,0.5642490011753459,1.79052734375,-0.17413080874934594,-0.360709608895285,0.07709596080469394,2.0417854171014107,-0.027972781107776123,-0.6157788817462152,0.10597975490504197,0.20553173270007186,-0.27263514624880913,-0.360709608895285,-0.6072143636726252
2021_13_SF_SEA,2021,13,2021-12-05T16:25-05:00,7.0,0.41005884291238104,-0.7833549425118593,1.79052734375,0.5619598464160078,0.3459975254071981,0.08577928663175305,-0.4519737496709588,0.37283202402919535,-0.3172015429823236,-0.5166236816194041,-0.0819935376960475,-0.37994484952423346,0.3459975254071981,0.1016240659227658
2021_13_DEN_KC,2021,13,2021-12-05T20:20-05:00,13.0,6.54235407959133,8.087287662708828,1.79052734375,9.4394577562747,7.6539703628219335,6.518159481958655,6.205331593780153,6.641513060547094,6.388249323943695,6.832442435607696,6.405079134208449,6.39567746780261,7.6539703628219335,6.435022640297554
2021_13_NE_BUF,2021,13,2021-12-06T20:15-05:00,-4.0,3.3107896825581484,2.2101996882941726,1.79052734375,3.254771851005375,3.5252250481097946,3.252069520296297,2.5834470537267,3.2828384592444646,3.18197174284768,1.831743896412986,3.338187642492842,3.474378522463979,3.5252250481097946,3.5765115445568
2021_14_PIT_MIN,2021,14,2021-12-09T20:20-05:00,8.0,4.65851036567504,1.8463556992967498,1.79052734375,1.1276538250547947,2.616869645596834,3.024009542137783,3.1379766836897307,3.031492663812735,3.395636684142096,3.828637881592422,2.952826249856527,3.213678741858943,2.616869645596834,4.149300640366031
2021_14_ATL_CAR,2021,14,2021-12-12T13:00-05:00,-8.0,3.7398608152206188,1.6677920671666244,1.79052734375,3.106713242410569,2.9965013537125507,3.592413798288393,3.891846395960965,3.683038509403826,2.796756206011395,3.3616533473729504,3.6003473137158535,3.317465622749708,2.9965013537125507,4.030807675139759
2021_14_BAL_CLE,2021,14,2021-12-12T13:00-05:00,2.0,-0.606891674711969,0.13310704715073118,1.79052734375,0.5125019726557194,1.5138857831063501,2.2688277638129977,4.51733950651991,2.3068726462054068,1.0782371781944438,2.135940720561838,2.117929945625855,2.5637750699099766,1.5138857831063501,2.3172431029741825
2021_14_DAL_WAS,2021,14,2021-12-12T13:00-05:00,-7.0,-2.141345641110272,-0.5543665945815685,1.79052734375,-2.7797769239639396,-1.6681944388565286,-1.6073468658183165,-0.42173994803109827,-1.9036007459961435,-3.3521094520725354,-0.7757600723150183,-1.4220422469260634,-1.7506117699371408,-1.6681944388565286,-1.4953713630131038
2021_14_JAX_TEN,2021,14,2021-12-12T13:00-05:00,20.0,13.63153895883865,10.244994998606002,1.79052734375,10.22357715236311,10.98200489835697,10.174037046582455,7.241857939132235,10.388240837999154,10.05514917730124,9.69609967951182,11.15518489187478,10.257695660356177,10.98200489835697,10.807795339712854
2021_14_LV_KC,2021,14,2021-12-12T13:00-05:00,39.0,9.543066873287518,10.684226638072074,1.79052734375,12.324833970188152,10.746245749940673,10.408732625019772,9.610109151469558,10.357778609429102,10.197733431754616,9.779986877966977,10.412525127331037,9.522096585233173,10.746245749940673,10.0229560474626
2021_14_NO_NYJ,2021,14,2021-12-12T13:00-05:00,-21.0,-7.1687946603346155,-7.987572251612394,1.79052734375,-6.541284127529324,-5.727314483197571,-6.505288041324628,-4.420381021546446,-6.991187823213773,-7.601151845876689,-8.108645980040158,-6.678930550672941,-6.051530083931869,-5.727314483197571,-5.429991757226572
2021_14_SEA_HOU,2021,14,2021-12-12T13:00-05:00,-20.0,-6.540822552128091,-6.732488200691247,1.79052734375,-8.60058585314972,-7.774406224388904,-7.813865252720332,-5.5599229217530866,-7.971337758909199,-8.447610928052011,-5.919529660831984,-7.774601777639281,-7.210485368752996,-7.774406224388904,-9.059453108149377
2021_14_DET_DEN,2021,14,2021-12-12T16:05-05:00,28.0,7.30200497628044,7.713532580500976,1.79052734375,6.596760341560815,7.71114912257045,7.206130622890682,6.372324547739813,7.1616565705445,7.701947956086325,7.322362628936608,7.412815332021113,7.0441382534681125,7.71114912257045,5.610342402478103
2021_14_NYG_LAC,2021,14,2021-12-12T16:05-05:00,16.0,5.574379162596559,5.430520070782979,1.79052734375,7.475290153945998,7.585500499004753,7.242512243059371,7.506946059451992,7.078273357660015,8.158703889506153,5.8081269409922855,7.137349677812074,7.952629238407496,7.585500499004753,6.425840450199297
2021_14_BUF_TB,2021,14,2021-12-12T16:25-05:00,6.0,1.8422338566431664,3.235587979472551,1.79052734375,2.2145608758025923,1.2888285459445254,0.07311198118058765,0.8641104430671973,0.07653831282862122,-0.027914843863726613,0.6365071461679913,0.0014384256548378715,0.40533272657788977,1.2888285459445254,0.3877337111634097
2021_14_SF_CIN,2021,14,2021-12-12T16:25-05:00,-3.0,1.412182252317505,-2.4942745152464934,1.79052734375,-0.8441334769453718,-0.5660787248328816,-0.5033842475849917,-1.544967560803813,-0.41948420043238854,0.3783562637650908,-1.0950987806548107,-0.48417098185810914,-0.5096969637379382,-0.5660787248328816,-0.5275224010817952
2021_14_CHI_GB,2021,14,2021-12-12T20:20-05:00,15.0,11.270333934675833,13.46603631365138,1.79052734375,14.44342726637844,13.902606512461045,14.08889113710491,14.723178918090388,14.091571555144018,14.219459176860214,13.460613601716155,14.184845713799373,14.564881672264821,13.902606512461045,14.027722015534664
2021_14_LA_ARI,2021,14,2021-12-13T20:15-05:00,-7.0,4.903139763675487,3.5693341800607454,1.79052734375,2.8449090338596714,2.683762869047452,3.0638446578875924,2.10538737959273,2.9272906400348537,3.425773696841736,4.5407893451984265,3.0469926198641053,3.1506750973675164,2.683762869047452,2.6768522832857693
2021_15_KC_LAC,2021,15,2021-12-16T20:20-05:00,-6.0,-2.419805682288505,-3.581001469201101,1.79052734375,-4.184548652312099,-3.3896052206175096,-3.0878963344104116,-2.0140742780092644,-3.3819267341977683,-3.164027358524276,-2.530197907858462,-3.0042168927966526,-2.4386415880699492,-3.3896052206175096,-3.485618249519261
2021_15_NE_IND,2021,15,2021-12-18T20:20-05:00,10.0,-0.013353434685063448,0.8327383180687127,1.79052734375,2.3820280663815927,1.8085223908889414,2.2555205692210825,2.6822890327720814,2.29405304845592,1.220689556315363,0.7492019167497135,2.255454263130007,2.4964909040031897,1.8085223908889414,2.0213894131126784
2021_15_ARI_DET,2021,15,2021-12-19T13:00-05:00,18.0,-9.593584122178452,-8.142289395230131,1.79052734375,-7.901355185966535,-8.634980328288266,-9.328820649477983,-6.2180240385365915,-9.313385932988055,-10.106352518337548,-9.932654329869138,-9.290394368683355,-9.298305751865161,-8.634980328288266,-9.258142021383758
2021_15_CAR_BUF,2021,15,2021-12-19T13:00-05:00,17.0,13.758634066262118,11.01186976939389,1.79052734375,8.553826802056568,9.93902199760012,8.924740503105685,5.517530999669417,9.084873096211412,11.014052903910581,10.859378036095997,8.882787560724328,8.965141958886184,9.93902199760012,9.200591957560512
2021_15_DAL_NYG,2021,15,2021-12-19T13:00-05:00,-15.0,-4.873633192415323,-2.6071387351732755,1.79052734375,-4.942822219318829,-4.843163459607185,-5.2072340501175995,-3.8954103203537356,-5.367575388585605,-7.402652849876297,-3.143419279986116,-5.157449265265589,-5.54943877375596,-4.843163459607185,-5.193514763782798
2021_15_HOU_JAX,2021,15,2021-12-19T13:00-05:00,-14.0,2.161295329253303,1.8724700121921816,1.79052734375,3.6379855044679967,2.995488461426608,3.1510616610955493,2.7182968380587735,2.9187134799909646,4.18629453692416,2.453576131348758,2.754891632483157,2.0515763760046855,2.995488461426608,3.001056175707775
2021_15_NYJ_MIA,2021,15,2021-12-19T13:00-05:00,7.0,11.870536726447916,11.04820981035535,1.79052734375,12.141531868835893,12.529010231237093,12.22716631237445,11.14889759928024,12.243055480261788,12.161410980867277,11.70831973850742,12.286059517354111,12.203538296106256,12.529010231237093,11.978403459566941
2021_15_TEN_PIT,2021,15,2021-12-19T13:00-05:00,6.0,-2.110201431144813,0.3536411134916445,1.79052734375,-0.2412714536215289,-1.3564047026017099,-1.6720272929914475,0.2359485098104095,-1.604893941545365,-0.8901651284979584,-1.1855177998077044,-1.6290429116460015,-2.244632051869846,-1.3564047026017099,-2.6108979034361313
2021_15_ATL_SF,2021,15,2021-12-19T16:05-05:00,18.0,8.58972441151997,6.942633617841752,1.79052734375,5.091836902753975,5.469650867058571,5.284100081525372,4.199376346121692,5.335450562737481,6.948603189568721,6.693913948198999,5.207169334718129,5.111039288677032,5.469650867058571,5.261617078691809
2021_15_CIN_DEN,2021,15,2021-12-19T16:05-05:00,-5.0,2.631325851074373,4.926401054380683,1.79052734375,4.018665631623237,4.903477935813676,4.53272965013702,5.498453142475466,4.565471850230936,2.392614734206183,3.8353716548457393,4.641444967689808,4.555585395534718,4.903477935813676,4.38275665547715
2021_15_GB_BAL,2021,15,2021-12-19T16:25-05:00,-1.0,-0.7256268456682604,-4.592526512080582,1.79052734375,-6.486203899896074,-5.396355613238136,-7.1591784744455715,-10.206729680363562,-7.062311194547355,-5.292280665692711,-7.101209600780038,-7.215871115492908,-7.513264153191482,-5.396355613238136,-6.6620939051916706
2021_15_NO_TB,2021,15,2021-12-19T20:20-05:00,-9.0,7.287654502777247,6.920295686499574,1.79052734375,9.728355036477943,10.15578124731892,8.75761666088552,8.073466437983027,8.727971783005943,8.946158167209852,6.373509066264246,8.623868744777413,9.37846580055865,10.15578124731892,8.941424981367813
2021_15_LV_CLE,2021,15,2021-12-20T17:00-05:00,-2.0,6.397571479010518,4.752589935243583,1.79052734375,3.418873107600083,2.8409174155240873,3.315760262147536,3.0886886496457833,3.3400035208619627,2.4304132225997095,5.9777218913349275,3.648909382015482,2.829870393202951,2.8409174155240873,3.7769572971744907
2021_15_MIN_CHI,2021,15,2021-12-20T20:15-05:00,-8.0,-1.956124047159494,-5.705657684016302,1.79052734375,-7.091071975969823,-7.69610128093731,-7.876564909314791,-9.298658405966131,-7.949832726589339,-8.2912538180417,-6.423872407249867,-7.901950245707279,-7.8893510119273955,-7.69610128093731,-6.841444869282898
2021_15_SEA_LA,2021,15,2021-12-21T19:00-05:00,10.0,4.978516456175996,3.7046991109033525,1.79052734375,4.595059478178412,5.480764374776244,5.672281895038407,5.642454835870227,5.61482109913669,5.666943991306606,4.46391160964024,5.594874417212292,6.05968476156383,5.480764374776244,5.33381083127938
2021_15_WAS_PHI,2021,15,2021-12-21T19:00-05:00,10.0,5.459224644415533,5.654405004237487,1.79052734375,5.808072467345381,6.014668365732103,5.49037536235761,4.219325324350035,5.571565965999627,5.8058571682323485,5.407988893409973,4.675701025716386,5.876436028502877,6.014668365732103,5.6662489239463
2021_16_SF_TEN,2021,16,2021-12-23T20:20-05:00,3.0,1.4514431546275182,-1.6919830419353772,1.79052734375,-0.4437909377332627,0.20468490079129387,0.1686805059840666,-0.8006731307346694,0.1426146978910032,-0.7143015282016888,-1.0571313657055992,0.3372542778996246,0.03915220405356101,0.20468490079129387,0.7285577092454958
2021_16_CLE_GB,2021,16,2021-12-25T16:30-05:00,2.0,9.091880616674104,8.773601601552365,1.79052734375,5.94910723898957,4.856253943793233,5.131209218252576,5.061346251597971,4.777642899180175,6.218698882828099,8.981962035564322,5.417648558738975,5.107988417360616,4.856253943793233,4.915183969694036
2021_16_IND_ARI,2021,16,2021-12-25T20:15-05:00,-6.0,0.1901592602689366,-1.7403313752998042,1.79052734375,-0.8311803343796642,-0.3628141727362264,-0.41926574449234444,-0.4362368285952639,-0.2754449351289834,0.49573269997804115,-1.7710479202669283,-0.4937956379145887,-0.4635526702175615,-0.3628141727362264,-0.5003015011426817
2021_16_BAL_CIN,2021,16,2021-12-26T13:00-05:00,20.0,1.380238077450282,0.9394031032719867,1.79052734375,3.6079495231427887,3.2431434408107744,4.008834501131659,4.701901653121647,4.018183574857282,4.521556943741373,2.225235946871382,3.8125973700906965,4.33855332090863,3.2431434408107744,2.788801178720397
2021_16_BUF_NE,2021,16,2021-12-26T13:00-05:00,-12.0,2.103557277945616,1.0247007612407504,1.79052734375,-0.04330798159344562,-0.25429777348945715,-0.43016313713704424,0.5282103766418805,-0.529648985167984,-1.1973471168095675,0.9527876439697833,-0.45745979401965575,-0.633766474726843,-0.25429777348945715,0.5293128238642315
2021_16_DET_ATL,2021,16,2021-12-26T13:00-05:00,4.0,3.6248291300802142,4.532685622949541,1.79052734375,8.003082757452951,7.804352887871761,7.533342631177949,7.469509497024303,7.690012334788647,7.005278710020597,3.5891614559194265,6.769635623066991,7.567133418857501,7.804352887871761,7.395788166410478
2021_16_JAX_NYJ,2021,16,2021-12-26T13:00-05:00,5.0,3.9812767498557573,1.5342940093763051,1.79052734375,0.9689255359862068,1.1896066143987472,0.6639860426460573,0.3873155752993185,0.705014610840369,0.8513766264497493,1.572229788147447,0.5557114118979793,0.03962156240674619,1.1896066143987472,1.5820990435271036
2021_16_LAC_HOU,2021,16,2021-12-26T13:00-05:00,12.0,-5.974888840552792,-7.581302706038006,1.79052734375,-9.78036503714683,-9.285407934711225,-9.317148195562936,-7.90366585215377,-9.239862244385636,-9.512364965045341,-7.726443668013713,-8.81780283369155,-9.651660185951911,-9.285407934711225,-9.629804555855884
2021_16_LA_MIN,2021,16,2021-12-26T13:00-05:00,-7.0,-1.1639003708635096,-0.6444923655676732,1.79052734375,-2.5970045160555086,-2.217227599186875,-2.6852083804587488,-1.624295671883418,-2.6779410531586225,-2.8682288957908613,-1.3056298740330075,-2.6697798005067748,-2.905688786734217,-2.217227599186875,-2.7176962755001575
2021_16_NYG_PHI,2021,16,2021-12-26T13:00-05:00,24.0,8.56274970412481,6.655930507597348,1.79052734375,5.596220391773921,5.812086927490331,5.727047277567901,3.7849518930385653,5.45733324569119,7.542301116152219,6.7752126615485855,5.622977651632741,6.2477581056355636,5.812086927490331,5.753625806902112
2021_16_TB_CAR,2021,16,2021-12-26T13:00-05:00,-26.0,-7.746061201730857,-8.173583572234259,1.79052734375,-7.894310380555623,-7.325800192483909,-5.953212592551744,-4.337892523001831,-6.032343155570178,-7.451102595294524,-6.2716109476556845,-5.666544111785621,-6.228217714421986,-7.325800192483909,-7.050873000341461
2021_16_CHI_SEA,2021,16,2021-12-26T16:05-05:00,-1.0,8.294866823199484,10.101971299325509,1.79052734375,10.903589713015315,10.300445258367283,9.946791347657946,9.409327730364696,10.248253201885895,9.472366431782595,9.109251613565124,9.782622724767142,9.914920819327815,10.300445258367283,9.261965310510874
2021_16_DEN_LV,2021,16,2021-12-26T16:25-05:00,4.0,-1.3298986058785212,-1.5398542018329673,1.79052734375,0.7139145847415223,1.1209520779147912,0.30942728381752693,1.1200487347851082,0.48057458840355194,0.3461008780417061,-2.2859091172613075,0.35314709499801644,1.0855088750892727,1.1209520779147912,-0.2787533092481349
2021_16_PIT_KC,2021,16,2021-12-26T16:25-05:00,26.0,9.897653699734816,9.435606404820795,1.79052734375,10.690641036415661,10.329989309977627,9.526479854535381,8.371447561624285,9.583490645785975,9.601051007711531,9.893819084313547,9.428734582278436,9.916250400793045,10.329989309977627,9.334084570968233
2021_16_WAS_DAL,2021,16,2021-12-26T20:20-05:00,42.0,8.970179457181416,6.862604427669703,1.79052734375,8.992171443304112,7.816028987008693,7.131547068361346,6.2348125509429195,7.228042876643276,7.738185624703584,6.572555171998536,7.2988049173741985,7.26617921540193,7.816028987008693,6.8537976362267345
2021_16_MIA_NO,2021,16,2021-12-27T20:15-05:00,-17.0,6.459803077028394,6.267488845571016,1.79052734375,2.29251869533916,0.9501220567571385,1.5673610273526104,-0.13191357976003792,1.9560910771600761,2.380480443075918,4.494470573063984,1.5905149376916783,1.2133115577390448,0.9501220567571385,1.6697443080222611
2021_17_ATL_BUF,2021,17,2022-01-02T13:00-05:00,14.0,15.216017853967925,11.92924028373638,1.79052734375,11.123794690860798,12.226312243365818,12.102571165521274,8.929193483817402,12.231924125883175,13.087091909092589,13.634497885590449,11.990027439057911,11.861616025998055,12.226312243365818,12.115793020962482
2021_17_JAX_NE,2021,17,2022-01-02T13:00-05:00,40.0,19.046514852177996,15.315304635805647,1.79052734375,15.333072736180847,15.748311913224459,15.282638895691488,11.11872165495674,15.550228482827388,16.048724595135145,16.695368421521607,14.945114929028028,14.439281354595003,15.748311913224459,15.80218707722911
2021_17_KC_CIN,2021,17,2022-01-02T13:00-05:00,3.0,-2.1496857820534476,-5.9317320381133385,1.79052734375,-6.2840327712633375,-5.322917758648983,-4.850302347475064,-5.195271884742942,-4.953979523214982,-3.3040526690737626,-5.02358829258117,-4.990967547367674,-4.655567759557873,-5.322917758648983,-4.750306211612467
2021_17_LA_BAL,2021,17,2022-01-02T13:00-05:00,-1.0,-1.8239257186311901,-3.4222492664239783,1.79052734375,-7.863847628882141,-7.9021523451559865,-9.445768548647768,-10.02393871913191,-9.696090148036216,-8.24017500700798,-5.4023840867889845,-9.442926152267074,-9.720988671480201,-7.9021523451559865,-8.361845110524815
2021_17_LV_IND,2021,17,2022-01-02T13:00-05:00,-3.0,12.068187479417455,10.428877343010875,1.79052734375,10.526705917869023,9.586509947235342,10.834147090844636,8.933041111302447,10.904678103128868,10.739338753675138,12.261266637319482,10.753237598915513,10.245435116786531,9.586509947235342,11.604846368892359
2021_17_MIA_TEN,2021,17,2022-01-02T13:00-05:00,31.0,3.685548953437439,3.6250887024008223,1.79052734375,3.479100790800883,3.572440533646893,3.597140076484317,2.2225791448320633,3.7488095390851175,3.7345108826009024,2.4618105131919803,3.594250343901685,3.545086122041064,3.572440533646893,3.6419388363598344
2021_17_NYG_CHI,2021,17,2022-01-02T13:00-05:00,26.0,4.685329098953969,2.886634891602267,1.79052734375,4.2824607856861805,4.383884772971525,4.4699825892907175,3.8036888157985995,4.346700363244241,6.867495397152652,3.057400608838532,4.457691649425993,4.441108665406805,4.383884772971525,3.8529266608634343
2021_17_PHI_WAS,2021,17,2022-01-02T13:00-05:00,-4.0,-3.7981347199438424,-4.963370001086299,1.79052734375,-5.9211378868415006,-5.101783984386403,-4.841953281053586,-4.263821181491515,-4.708042700060835,-4.265695022310841,-5.264315440225552,-4.934285052646052,-5.222906010262097,-5.101783984386403,-4.7063098546214786
2021_17_TB_NYJ,2021,17,2022-01-02T13:00-05:00,-4.0,-13.736906787979152,-12.574860268777147,1.79052734375,-11.938982381513286,-11.63332926923864,-10.78388156210325,-8.06095787628847,-11.018263974409434,-11.18346924419944,-12.384730666170524,-10.835573546737116,-10.937262833676424,-11.63332926923864,-11.302008347717017
2021_17_DEN_LAC,2021,17,2022-01-02T16:05-05:00,21.0,1.9466558827657703,2.758741852048461,1.79052734375,5.87863155536374,5.472884274497332,5.073290128168183,5.682612488405157,5.048594647024264,5.374301440655134,2.919388951513473,4.89456345699829,5.708179851932501,5.472884274497332,4.008963829298164
2021_17_HOU_SF,2021,17,2022-01-02T16:05-05:00,16.0,12.012039606164382,8.768215969500591,1.79052734375,9.280023633158473,8.40252470630582,7.860674381211689,5.552501279296321,7.715501334483816,9.832999159770763,9.02420068214918,7.820400709845049,7.736600429138844,8.40252470630582,8.430692502603588
2021_17_ARI_DAL,2021,17,2022-01-02T16:25-05:00,-3.0,5.258766498763381,5.562911806350712,1.79052734375,4.071874562129029,3.7053488076186585,2.7590437102669623,3.297050125039564,2.489422662391913,3.2810148376736654,4.188294799692807,2.954207257051641,3.0162375712656746,3.7053488076186585,1.7354514595990382
2021_17_CAR_NO,2021,17,2022-01-02T16:25-05:00,8.0,10.270600284240384,7.893460732511723,1.79052734375,5.222741503922948,4.367146981098182,4.572370436652254,2.8951446437322286,4.782806688673151,6.303468494679249,7.357537446980448,4.761876681250671,4.322295071512517,4.367146981098182,4.740689178371762
2021_17_DET_SEA,2021,17,2022-01-02T16:25-05:00,22.0,8.951810404595513,8.60946550302195,1.79052734375,11.244113112167819,10.983210254354145,10.815797668045683,9.813635494270757,11.167561480102957,11.105745191548177,7.959969837574593,10.741413366091411,10.261257999111296,10.983210254354145,10.605911457799575
2021_17_MIN_GB,2021,17,2022-01-02T20:20-05:00,27.0,6.846763513361486,7.03399812749576,1.79052734375,11.224967420667808,9.837908544427883,10.301032767183141,10.667777737707068,10.288754538047657,10.267400199375391,7.73363295581513,10.322073143103234,10.730556971479725,9.837908544427883,10.160044183932888
2021_17_CLE_PIT,2021,17,2022-01-03T20:15-05:00,12.0,0.40660711052588905,1.9408427503656014,1.79052734375,0.905896817627262,-0.19479162758944502,-0.6261959035593881,-0.4649718581715353,-0.6198801393000738,-0.35101449003683693,-0.8031390294433299,-0.3669062364627025,-1.2045963477969233,-0.19479162758944502,-1.0283719383314749
2021_18_KC_DEN,2021,18,2022-01-08T16:30-05:00,-4.0,-6.002057723410907,-8.524870293486682,1.79052734375,-11.666135811989049,-10.524417856644511,-10.215651365570626,-9.160316248121124,-10.365618495778886,-10.305559747519467,-8.32800319958139,-10.260247034651428,-10.274639001074222,-10.524417856644511,-9.584519622291964
2021_18_DAL_PHI,2021,18,2022-01-08T20:15-05:00,-25.0,-0.037497353826109414,0.2808983263825504,1.79052734375,-0.8288753826827227,-0.3624377981096638,-0.6371352675166189,0.015464926735942797,-0.6112749242459423,-2.1866947517032074,-0.07707774486339436,-0.6143925644805289,-0.4502221059275925,-0.3624377981096638,-0.2732028879938957
2021_18_CHI_MIN,2021,18,2022-01-09T13:00-05:00,14.0,3.727882956160373,4.506552472077868,1.79052734375,3.264084428801913,4.419914436949353,4.460350136155978,4.921437425956174,4.784202369853287,4.144953553587916,4.554928316961305,4.388377108209488,4.347232092198086,4.419914436949353,4.554113864161685
2021_18_CIN_CLE,2021,18,2022-01-09T13:00-05:00,5.0,-1.8256578736116014,-1.098688003976629,1.79052734375,0.4065790730009172,1.1649266661754005,1.0508100339831579,3.808442976969662,1.4380678994164642,-1.0502454773572871,-2.1022467199225936,1.2820201373139333,1.0566323427848265,1.1649266661754005,0.960788283659862
2021_18_GB_DET,2021,18,2022-01-09T13:00-05:00,7.0,-10.604434294053146,-12.802333339040437,1.79052734375,-12.117321521923424,-12.342454089500844,-13.209600661735728,-11.846716695950818,-13.284883917288694,-13.056782471679801,-14.036819166516327,-13.191199455742879,-13.270730939206963,-12.342454089500844,-12.644110269622288
2021_18_IND_JAX,2021,18,2022-01-09T13:00-05:00,15.0,-14.927079112105474,-14.149891118584332,1.79052734375,-15.252593361385841,-15.010568262707132,-15.925998998756452,-12.059297715994251,-16.174022751186172,-15.943242400061935,-16.550622502985878,-15.85144459086127,-15.564155768845461,-15.010568262707132,-15.788549598489002
2021_18_PIT_BAL,2021,18,2022-01-09T13:00-05:00,-3.0,5.182407459075187,1.4204766162237803,1.79052734375,-1.2160011681593572,-0.2551818542501214,-1.204419089144716,-3.683396896612547,-1.43625168651915,0.46485539275698695,2.0210761396671764,-1.3664713626707425,-0.9318840179358969,-0.2551818542501214,-0.5885135490761526
2021_18_TEN_HOU,2021,18,2022-01-09T13:00-05:00,-3.0,-7.9948633171354455,-7.500572803755677,1.79052734375,-9.02808528983364,-9.074431164278899,-8.96674797460813,-6.283400665669397,-8.969933361194741,-9.522368819889738,-7.080761177759896,-8.988573515065838,-8.882280634966468,-9.074431164278899,-9.049967271133244
2021_18_WAS_NYG,2021,18,2022-01-09T13:00-05:00,-15.0,-1.0650626325580346,-1.326855441373352,1.79052734375,0.427629514848596,-0.29822136879841254,-0.8835079652378257,0.952805345292062,-0.6681012944902727,-2.621370103495001,-2.146861313961363,-0.7107084837990904,-1.1161922741765946,-0.29822136879841254,-0.7824210252458657
2021_18_CAR_TB,2021,18,2022-01-09T16:25-05:00,24.0,14.583588991054764,14.401238007983507,1.79052734375,14.598659845715733,14.031656510182382,12.498230993902958,11.16223308515547,12.54010656418879,13.565891796409698,13.027095126428215,12.521538670111084,12.866394371956261,14.031656510182382,12.767091651154203
2021_18_NE_MIA,2021,18,2022-01-09T16:25-05:00,9.0,-5.3488776410806915,-6.474203254077385,1.79052734375,-5.43692398232572,-5.224059499123516,-5.9657207663135825,-4.151862646134265,-6.036774232808934,-5.5285090875191365,-7.230388260563457,-5.832956733450886,-5.717642341450805,-5.224059499123516,-6.893097335798806
2021_18_NO_ATL,2021,18,2022-01-09T16:25-05:00,-10.0,-3.5534706158037785,-2.771700398209388,1.79052734375,1.2436807714287172,1.554060452147751,0.7107335849409027,2.213408700097734,0.4336204829846926,-0.4599575939418261,-3.248171440080947,0.7317142951782261,1.1484853576983656,1.554060452147751,0.895188586565643
2021_18_NYJ_BUF,2021,18,2022-01-09T16:25-05:00,17.0,19.102936580400797,16.312635887690465,1.79052734375,17.236574410786478,18.050978205856623,17.681414213285866,13.820730020939072,17.89189949385417,17.774040709099314,16.937400853214456,17.772158649473575,17.61163489175411,18.050978205856623,17.828451972258396
2021_18_SEA_ARI,2021,18,2022-01-09T16:25-05:00,-8.0,4.346442856058668,0.29133043152463545,1.79052734375,1.3888522452016039,1.8491420115178192,2.4959805985240147,0.7420509410248282,2.5605271009497437,2.569863728911792,1.7208213583111787,3.239837720884597,2.872367120242567,1.8491420115178192,2.786713153794729
2021_18_SF_LA,2021,18,2022-01-09T16:25-05:00,-3.0,4.419389486122061,3.10319863307816,1.79052734375,5.638829709217658,6.150541053248267,6.623022036585976,4.774061526392105,6.836663817949809,6.403499804797228,3.8026093342695777,6.638161062555644,6.594563769481784,6.150541053248267,6.249188476239522
2021_18_LAC_LV,2021,18,2022-01-09T20:20-05:00,3.0,-0.2759564455987711,-2.2753929598420037,1.79052734375,-3.2512366153238172,-2.438842757399448,-3.185150693418418,-3.351404490039581,-3.040593337931795,-3.02791072418843,-3.48687387946926,-3.0875820643253045,-3.087700797673647,-2.438842757399448,-3.075538340641881
2022_01_BUF_LA,2022,1,2022-09-08T20:20-04:00,-21.0,0.7759611019776811,-1.4862591933748714,1.7814655172413794,-0.6023836242439893,-1.2205292328600588,-0.9916368305577128,-1.7844333232334773,-1.0267216038707434,0.5913725150880241,-1.4644774639287683,-1.0286967540064955,-1.509509131196649,-1.2205292328600588,-0.3730369023367809
2022_01_BAL_NYJ,2022,1,2022-09-11T13:00-04:00,-15.0,-1.7909275442440222,-4.4015458923108,1.7814655172413794,-5.791504590165941,-4.901523515163547,-4.035401894531619,-2.8945183244536716,-4.1125043868322635,-3.100614746644284,-2.898454465026771,-4.106340906717252,-3.1666570766097983,-4.901523515163547,-4.376335613738858
2022_01_CLE_CAR,2022,1,2022-09-11T13:00-04:00,-2.0,-0.27530288794539937,-3.651020161044065,1.7814655172413794,-0.8377821850238267,0.2610063823773924,0.05819902707529001,-0.6971685849105547,0.287244282747125,-0.43545633525274463,-4.082803800013916,0.640749549202619,-0.08510602203014139,0.2610063823773924,0.019653482880003903
2022_01_IND_HOU,2022,1,2022-09-11T13:00-04:00,0.0,-2.5820707579605093,-5.146891811888832,1.7814655172413794,-7.506327562046163,-6.559946157470848,-7.589748352587412,-7.9452295724386435,-7.697929213696424,-7.070549482831688,-5.233531000004952,-6.466786897886793,-7.819778402458455,-6.559946157470848,-7.956156386081259
2022_01_JAX_WAS,2022,1,2022-09-11T13:00-04:00,6.0,6.568697996213141,5.697899574807849,1.7814655172413794,7.771982585881521,7.380656960421769,6.94308099856134,6.417642713543664,7.166524980105933,6.628285221186438,5.236805189246478,5.779783165378907,7.778304687642086,7.380656960421769,6.733642402143038
2022_01_NE_MIA,2022,1,2022-09-11T13:00-04:00,13.0,-0.34827299745929396,-3.262308079446501,1.7814655172413794,-2.6979097677285333,-2.571408917984698,-3.011486077416686,-3.000015990944239,-2.962198100030993,-2.7265447851265696,-3.7694745883754037,-2.573995658091513,-2.562579231290422,-2.571408917984698,-3.3425360433434115
2022_01_NO_ATL,2022,1,2022-09-11T13:00-04:00,-1.0,-1.0102250117166056,-3.3873078276691606,1.7814655172413794,-3.189317325175907,-3.9514398225969845,-4.087641540943631,-4.127647283027159,-4.257122938969258,-4.038920712606533,-3.1670992034981746,-2.611776087704576,-3.372814043184991,-3.9514398225969845,-4.285983836280823
2022_01_PHI_DET,2022,1,2022-09-11T13:00-04:00,-3.0,-0.7088016490168165,-0.6524902665719804,1.7814655172413794,0.6034013479634287,0.26660756801593377,-0.062021196173419835,0.03784631224119117,-0.040193594937349086,0.2986969561939714,-1.2129608067218498,-1.632562283464123,-0.5971685733514314,0.26660756801593377,1.016096137351461
2022_01_PIT_CIN,2022,1,2022-09-11T13:00-04:00,-3.0,4.277218464856544,5.746233509733635,1.7814655172413794,5.372547878489579,5.378453551231726,5.152871909811884,4.543010129111918,4.960454866158447,7.082049687281893,5.986250856750766,2.189349137327471,5.611972624485725,5.378453551231726,5.258349460701373
2022_01_SF_CHI,2022,1,2022-09-11T13:00-04:00,9.0,-0.8064386730610416,-4.46120406942654,1.7814655172413794,-4.099129181813469,-2.565108997212007,-2.2799423998603983,-3.4528594389096416,-2.1553535390358043,-2.4987590769223216,-3.1905910281793997,-3.211942639151305,-2.263825550821896,-2.565108997212007,-2.395179855047752
2022_01_GB_MIN,2022,1,2022-09-11T16:25-04:00,16.0,-0.1280110815097637,-3.22888184747275,1.7814655172413794,-4.904930908130153,-4.096801014282898,-4.193976908182208,-4.608346744531577,-4.041070362691592,-4.0106152017347565,-3.9240504849448916,-3.45165895152772,-4.445140102008528,-4.096801014282898,-4.381129187432665
2022_01_KC_ARI,2022,1,2022-09-11T16:25-04:00,-23.0,0.53496536174482,-3.6157894404545114,1.7814655172413794,-3.378247730305275,-2.285362597201406,-1.4522557401038627,-2.7099696511234326,-1.3092066304135854,-0.1068793693340866,-1.7251932646328534,-2.9922833269328004,-1.160412237571088,-2.285362597201406,-0.9008056692356694
2022_01_LV_LAC,2022,1,2022-09-11T16:25-04:00,5.0,3.642281489379478,3.0400376032931486,1.7814655172413794,4.000536888136137,3.002158742189282,3.1178366668786506,4.119461787489214,2.9757307754527758,3.337345628838836,2.7407303560277008,3.433762538091332,3.7353469398652104,3.002158742189282,3.4698931996701057
2022_01_NYG_TEN,2022,1,2022-09-11T16:25-04:00,-1.0,8.263239330498816,9.04155973645043,1.7814655172413794,8.75979940512491,8.176377548424936,9.300001135585644,10.197355695826115,8.96381394347114,10.413005699247723,10.806179915139174,9.071973171712175,9.600721424048174,8.176377548424936,9.104048373654596
2022_01_TB_DAL,2022,1,2022-09-11T20:20-04:00,-16.0,2.3056163568587533,-0.23409270825096495,1.7814655172413794,-0.052799726004462144,0.11752646592804239,0.5804390810550171,0.5625212710809393,0.5242467400912867,0.8363243847267063,0.5892713295807979,1.1117154737909578,0.8854876027464178,0.11752646592804239,0.5697292928162487
2022_01_DEN_SEA,2022,1,2022-09-12T20:15-04:00,1.0,4.638601680369522,1.7205941865183814,1.7814655172413794,-0.8812501699852779,1.2364427902317336,1.8208708657925365,2.3331155641011416,1.7507758546176977,2.233197086112774,4.539285433033506,2.3503072840943937,1.565086984389907,1.2364427902317336,1.6607149618408747
2022_02_LAC_KC,2022,2,2022-09-15T20:15-04:00,3.0,7.044642425315507,9.07279342736248,1.7814655172413794,8.920712618759897,8.421392748550433,8.38645877243876,8.009567220460244,8.480502303333248,8.050964198161761,8.134833412930343,8.442800864427733,7.647634042045167,8.421392748550433,7.946927426273154
2022_02_CAR_NYG,2022,2,2022-09-18T13:00-04:00,3.0,2.3896895108012566,-0.0659264987465682,1.7814655172413794,-1.5924224622907834,-1.1057254310942541,-2.0547229027660494,-3.3859639000510247,-1.941702915113269,-3.009293524407415,-1.194817916032538,-1.9555989659276576,-0.3024159423678865,-1.1057254310942541,-1.5438862482216038
2022_02_IND_JAX,2022,2,2022-09-18T13:00-04:00,24.0,-4.4772318994897145,-6.26721312208899,1.7814655172413794,-7.7640715533119025,-7.192104363215801,-7.65721784922604,-7.694373072992441,-7.765327557380566,-7.0659757782420005,-6.49393844714046,-7.394944567377926,-6.353980630898222,-7.192104363215801,-8.495436338903163
2022_02_MIA_BAL,2022,2,2022-09-18T13:00-04:00,-4.0,2.40462273153004,3.718120483784845,1.7814655172413794,5.009562943570109,3.911163216974302,2.9829604971304233,2.198816921963914,3.084936858372237,3.099946628747447,1.9922926981021487,3.1082470038212797,0.8147280097634783,3.911163216974302,2.838517013617173
2022_02_NE_PIT,2022,2,2022-09-18T13:00-04:00,-3.0,0.3861784642652277,-1.051160401487972,1.7814655172413794,0.6305606366204433,0.2760305308933213,-0.4108722272563239,-0.012510446890044657,-0.10862710026808248,-0.8335276098737843,-2.0958582599273727,-0.4889551938017366,-0.38675065990808144,0.2760305308933213,-0.5941734456441905
2022_02_NYJ_CLE,2022,2,2022-09-18T13:00-04:00,-1.0,7.3097509602944735,9.603749125053554,1.7814655172413794,8.501942272470925,7.937007000152611,7.718803879322216,7.6946608930826805,7.719558093837069,7.266912347980496,9.007452104523693,7.541935068646376,7.758769584265077,7.937007000152611,6.255984802263833
2022_02_TB_NO,2022,2,2022-09-18T13:00-04:00,-10.0,-1.3118480382964592,-3.3539472712542135,1.7814655172413794,-2.9987159882286316,-3.0856122090543403,-2.974917865371406,-2.439985197761022,-2.8333047144249193,-2.8143263018625095,-2.4601808992455894,-3.2888734873187264,-3.1668270865091053,-3.0856122090543403,-4.010991583095604
2022_02_WAS_DET,2022,2,2022-09-18T13:00-04:00,9.0,1.0536579290724892,0.9154058739801989,1.7814655172413794,0.0847505555790724,0.048166591907616185,-0.41894733928222094,-0.10460761419704578,-0.5073567183017135,-0.48674203863880816,0.671325266372819,-0.3619976345066961,-0.42396050848759836,0.048166591907616185,0.08406406131495503
2022_02_ATL_LA,2022,2,2022-09-18T16:05-04:00,4.0,5.704886544177632,4.216373622135343,1.7814655172413794,4.886366894137407,5.428568847641657,4.773062190122527,5.163975333840892,4.798549275825877,4.07190049345239,3.5375208750728397,4.628842560903229,4.203828381592459,5.428568847641657,6.232017731690256
2022_02_SEA_SF,2022,2,2022-09-18T16:05-04:00,20.0,2.5560293926755424,2.631094616590422,1.7814655172413794,2.2009854823204957,-0.25517613640318304,-1.4422840794874003,-1.334134650464306,-1.640107078574465,-1.4608232263750918,-0.47860614909400734,-1.9291591466372628,-1.087667358611454,-0.25517613640318304,-0.48478463839157193
2022_02_ARI_LV,2022,2,2022-09-18T16:25-04:00,-6.0,1.5744529469671167,-1.308690966314603,1.7814655172413794,-2.9916266025291876,-2.5745533130073874,-4.328425545862913,-5.1023454536327,-4.421360732574909,-4.547432387133929,-3.010042081678761,-4.71536222960516,-2.4940709371983885,-2.5745533130073874,-3.765909964892945
2022_02_CIN_DAL,2022,2,2022-09-18T16:25-04:00,3.0,3.800304351926533,1.8666895870286306,1.7814655172413794,0.22495158698540818,0.4066290469925504,0.33806495765220124,1.3619501157638076,0.21435975163502807,-1.3474671004267669,3.3941139304495733,0.44390796591313375,0.7452574260560323,0.4066290469925504,1.340294719465055
2022_02_HOU_DEN,2022,2,2022-09-18T16:25-04:00,7.0,5.068057535640609,5.730844024467029,1.7814655172413794,8.349194959716488,7.150247656357775,6.852466069024429,7.615640377115435,6.865540050518719,6.273770339399567,4.342200243607778,6.913214276694867,7.241606982316576,7.150247656357775,6.648233748521903
2022_02_CHI_GB,2022,2,2022-09-18T20:20-04:00,17.0,4.567277606285112,8.689134699080332,1.7814655172413794,11.590031280447445,10.626661604818128,11.415602627719654,14.038528594041672,11.408355025659226,11.358092502222071,8.553320512292835,11.531384554019272,9.891920218415677,10.626661604818128,11.524853297031868
2022_02_TEN_BUF,2022,2,2022-09-19T19:15-04:00,34.0,7.095242033585904,6.544591016503158,1.7814655172413794,6.603110755431705,6.644494226581713,5.235942618277195,4.844956904884948,5.243909764464027,4.1533716368218165,5.657008271179627,5.242513591101687,5.481489460631483,6.644494226581713,5.381486511311526
2022_02_MIN_PHI,2022,2,2022-09-19T20:30-04:00,17.0,2.0671672007644997,2.1919405246435018,1.7814655172413794,2.667807362097189,1.8358311263276548,1.7120109924021443,2.1293413831943058,1.5376653258905355,1.6482181813451815,3.4435348867902937,1.6346782473769679,0.5468723357337758,1.8358311263276548,1.6011637446247589
2022_03_PIT_CLE,2022,3,2022-09-22T20:15-04:00,12.0,1.8406068299092737,1.5026055988840872,1.7814655172413794,-0.7104988353702095,-0.7971741211809824,-0.8624593495882868,-0.7676713039505583,-1.0100675173989457,-0.23786068668174998,1.0633623239540906,-0.8052296350954264,-0.11435548263032314,-0.7971741211809824,-0.5252149522178374
2022_03_BAL_NE,2022,3,2022-09-25T13:00-04:00,-11.0,4.175719405995005,4.365708574692818,1.7814655172413794,2.719194952591859,3.5850870328779396,3.9265021310008867,5.344052189363467,3.751852096161678,3.0923582565983865,5.458191037267589,3.727078141714471,3.882285269159004,3.5850870328779396,3.92825004186898
2022_03_BUF_MIA,2022,3,2022-09-25T13:00-04:00,2.0,-2.7864160949099066,-4.210714994952956,1.7814655172413794,-5.338055461493792,-5.526453900127711,-4.845678021150921,-5.213247400734223,-4.871406189780135,-3.4436831838141586,-3.7598388052319867,-4.901029681214295,-3.5750669412485645,-5.526453900127711,-6.047097800917207
2022_03_CIN_NYJ,2022,3,2022-09-25T13:00-04:00,-15.0,-2.7223033926834734,-3.091377348389905,1.7814655172413794,-4.6122891785975195,-4.029297780568393,-3.9236124276227047,-2.985426026137099,-3.9542205270121515,-4.424568995721735,-3.0446172341873963,-3.729641228471409,-3.70083700294642,-4.029297780568393,-3.846695053632553
2022_03_DET_MIN,2022,3,2022-09-25T13:00-04:00,4.0,4.769376085637569,4.129570686675645,1.7814655172413794,3.2031911234564787,3.967020526216773,3.9093862419272747,3.4312420189989528,4.09095410140503,3.556360743330955,3.432955501354114,3.8748788790452373,5.378731866059101,3.967020526216773,2.8706844706190684
2022_03_HOU_CHI,2022,3,2022-09-25T13:00-04:00,3.0,4.093866989826697,2.2147453274765394,1.7814655172413794,2.0877524044910265,2.2112713541595914,1.871572378736388,1.196525367321343,1.8265665506052562,1.8813566370053276,2.033053616362591,1.706601220964134,2.0934864890067564,2.2112713541595914,1.351221101822612
2022_03_KC_IND,2022,3,2022-09-25T13:00-04:00,3.0,-1.8979286158974347,-5.844767559918337,1.7814655172413794,-5.550715897710697,-5.3857836051212935,-4.652553382603067,-5.057288590444065,-4.458699816544752,-4.46587724966666,-4.789214225060281,-4.711267202007533,-4.548732527245303,-5.3857836051212935,-4.4969141366293135
2022_03_LV_TEN,2022,3,2022-09-25T13:00-04:00,2.0,3.547047373396181,3.564999397103012,1.7814655172413794,4.704260422977272,4.651064378579081,5.871617122241689,6.9525116150832815,5.806685766510413,5.860503256798344,4.516980112509122,6.098856879253316,4.448492072746342,4.651064378579081,5.904950504960152
2022_03_NO_CAR,2022,3,2022-09-25T13:00-04:00,8.0,-1.3326126826324574,0.05925320839450787,1.7814655172413794,0.9150238699419952,2.092206584977011,2.9720339161970437,3.688902178087262,3.018261037221971,3.098222360593015,0.16056840206847423,2.9531379499463486,1.3578529713096232,2.092206584977011,2.4923229777971767
2022_03_PHI_WAS,2022,3,2022-09-25T13:00-04:00,-16.0,-1.3220774459990094,-3.028636304790293,1.7814655172413794,-1.5555635188482726,-1.8730056912593736,-1.9061325429102598,-1.7267657982509468,-1.8056165435281135,-1.1225001728176922,-3.898293082606126,-1.9168191389646354,-2.3322009445078145,-1.8730056912593736,-1.9846986071663573
2022_03_JAX_LAC,2022,3,2022-09-25T16:05-04:00,-28.0,6.937214453868967,5.507425124995967,1.7814655172413794,5.730600993256247,4.673291769738787,3.993107138321607,4.591774195680224,3.9486407995089285,4.054572856831514,5.509488575148579,3.923770322416693,3.3506413192092346,4.673291769738787,4.987984533304761
2022_03_ATL_SEA,2022,3,2022-09-25T16:25-04:00,-4.0,4.573969433057979,4.417705023182128,1.7814655172413794,2.049812685319185,4.837048096824534,5.279835092020477,6.483928540605234,5.376929443070193,5.0360173842618305,6.088813209337221,5.238042485992095,4.570678145934657,4.837048096824534,5.051560113550474
2022_03_GB_TB,2022,3,2022-09-25T16:25-04:00,-2.0,5.741728669575318,3.3967334320366467,1.7814655172413794,2.106791992919584,1.6464600508274776,0.8228788173831765,-0.3294050360111207,0.8774973239391959,0.1492572633285305,1.975777931028674,0.49347377162195316,2.3915618963928464,1.6464600508274776,1.4115314847004328
2022_03_LA_ARI,2022,3,2022-09-25T16:25-04:00,-8.0,2.271330976931508,0.2941519707517676,1.7814655172413794,-0.4327666076823352,-0.3104858778226883,0.5008023187490072,-0.5446341461099544,0.7590810377214281,1.4475904954742589,0.965091292603911,1.0695985024141648,0.6791032794597033,-0.3104858778226883,0.7314809650984964
2022_03_SF_DEN,2022,3,2022-09-25T20:20-04:00,1.0,-0.31224293171201545,-2.75014555388477,1.7814655172413794,-1.9098825922760592,-2.4258886001676667,-2.5366054924851142,-3.5848715572166494,-2.5027688964999255,-1.659308884032542,-3.252058718286556,-2.4492542042249563,-1.061071495408294,-2.4258886001676667,-3.1027153875434945
2022_03_DAL_NYG,2022,3,2022-09-26T20:15-04:00,-7.0,-2.8145871108110647,-4.745484688241386,1.7814655172413794,-4.315688400511597,-3.466047081448575,-4.195682904928601,-5.919058962130556,-3.829594607288878,-4.27633423188498,-7.347055742606251,-4.087620634152526,-3.1617601557555473,-3.466047081448575,-4.772974384168456
2022_04_MIA_CIN,2022,4,2022-09-29T20:15-04:00,12.0,2.0593683671939234,2.5979633662414927,1.7814655172413794,3.986692477258468,3.4846471574126827,2.8896530390310162,3.4346714639389377,2.8964333272933547,3.306242368892712,1.5977084197057254,2.8415715668091037,1.491084190632453,3.4846471574126827,2.5191930912373084
2022_04_MIN_NO,2022,4,2022-10-02T09:30-04:00,-3.0,-0.25435884899671035,-7.312950235853658,1.7814655172413794,-5.476095657531502,-7.148468120487015,-7.3983434603619225,-7.7699661941395535,-7.603510983746231,-6.823776317844025,-6.659972470835751,-7.287430703740089,-7.264527358732421,-7.148468120487015,-5.032845955249762
2022_04_BUF_BAL,2022,4,2022-10-02T13:00-04:00,-3.0,-2.3453266105415045,-1.7934517710117235,1.7814655172413794,-1.8726456116579675,-3.044537424001254,-2.972834935632108,-3.7421342638666806,-2.8701664879984956,-1.579500003561867,-2.7918925922328683,-3.348729878035597,-3.609648310943246,-3.044537424001254,-3.81970080738253
2022_04_CHI_NYG,2022,4,2022-10-02T13:00-04:00,8.0,0.47560126146211523,1.3972675400114762,1.7814655172413794,2.971467818562881,3.0977303415755397,2.4059743134952765,2.7510636783150777,2.58468879432405,1.8549868760093033,-0.1569883210195161,2.604948138164606,2.313991615204862,3.0977303415755397,1.995723060760231
2022_04_CLE_ATL,2022,4,2022-10-02T13:00-04:00,3.0,1.027943110915565,-1.4005586023387644,1.7814655172413794,0.8609952521104798,0.48714829215853983,0.21980613849608077,-0.677804915271734,0.1452100346648031,0.7549209921342939,-0.9166621902192784,-0.19017646402618915,0.2514924018234944,0.48714829215853983,-0.06514089744954354
2022_04_JAX_PHI,2022,4,2022-10-02T13:00-04:00,8.0,7.810339279010689,6.37583822457534,1.7814655172413794,6.5878941063381,6.407968511711535,6.091800032251039,5.631699901166615,6.134875524075331,6.732254267691805,6.744617981583828,5.9753349672212055,5.735830109207354,6.407968511711535,6.268850269806066
2022_04_LAC_HOU,2022,4,2022-10-02T13:00-04:00,-10.0,0.28240164076436125,-3.3822804746545687,1.7814655172413794,-6.0716574185150485,-5.022676342454161,-4.764217083234728,-5.769613171146403,-4.5999668702337635,-4.695164279152177,-3.045055412470726,-4.692641739865588,-4.024825881201528,-5.022676342454161,-4.306988918385726
2022_04_NYJ_PIT,2022,4,2022-10-02T13:00-04:00,-4.0,6.881554244132964,7.566955555519482,1.7814655172413794,8.39825442015536,8.042523222499916,7.597665458582853,9.886655035496807,7.716535705230557,6.340850917296784,7.08680801720339,7.495716117883335,6.8118072259719415,8.042523222499916,7.550594390865937
2022_04_SEA_DET,2022,4,2022-10-02T13:00-04:00,-3.0,1.1987348714467385,-1.0316234915349527,1.7814655172413794,0.49243301473259066,-1.8669302385638848,-2.871775076311242,-3.143351774993422,-2.9014498758228258,-2.8400097953531946,-3.5145598988441344,-2.7924329785176,-2.361762522018299,-1.8669302385638848,-0.9318555195972595
2022_04_TEN_IND,2022,4,2022-10-02T13:00-04:00,-7.0,3.6937146903153395,3.886316897331973,1.7814655172413794,3.795035482720338,2.7724150380196995,2.976159130412456,1.7547540454509882,3.1817133550462597,3.1853228843644423,3.110413771395036,2.6745656521132486,2.755605703500361,2.7724150380196995,2.311763420221786
2022_04_WAS_DAL,2022,4,2022-10-02T13:00-04:00,15.0,7.780829891726011,7.418496931761249,1.7814655172413794,5.368753496896427,5.890703068143356,5.50858671360592,5.821006786637519,5.402237968006025,4.45254425346325,8.112507188838213,5.556629100316927,5.784430686445224,5.890703068143356,5.866693428693385
2022_04_ARI_CAR,2022,4,2022-10-02T16:05-04:00,-10.0,0.14641192437037098,-0.5236152148598576,1.7814655172413794,-0.6720436114037304,-0.3268878536916975,0.14445315298438943,0.4118320146258905,0.14466608526037894,0.5187993585775088,-1.0903507435767128,0.15589797539917316,0.09352553764646587,-0.3268878536916975,-1.1636954786345002
2022_04_DEN_LV,2022,4,2022-10-02T16:25-04:00,9.0,1.2420283924106825,-0.418608355224529,1.7814655172413794,-1.807078542246991,-0.6714499632771317,-1.4253914797522955,-1.5354581032126386,-1.5144012685620134,-1.2428424512204028,0.028357870751499203,-1.4721791794645755,-1.5116063622738267,-0.6714499632771317,-0.8716871349251253
2022_04_NE_GB,2022,4,2022-10-02T16:25-04:00,3.0,4.187072556390211,5.4098137867602984,1.7814655172413794,7.216162841845965,7.062997374167465,7.2848505045724945,6.9728897946645825,7.389591372265851,7.87533801116063,4.535098959859992,7.375072436825606,7.964990830135789,7.062997374167465,6.22020013992293
2022_04_KC_TB,2022,4,2022-10-02T20:20-04:00,-10.0,3.3169121757276976,-1.085883701670363,1.7814655172413794,-1.956356717117558,-1.819231013057752,-1.6385337705464968,-2.847477993350636,-1.5853399632343848,-1.3445555138809273,-0.812049496180719,-1.6555400484516387,0.14390856422302223,-1.819231013057752,-1.2426557616952576
2022_04_LA_SF,2022,4,2022-10-03T20:15-04:00,15.0,3.4286728111329388,3.296329056635072,1.7814655172413794,1.4850458721265258,1.4348261581053228,1.1697713351788395,1.5555397894551057,1.2730467561082213,1.0495416604712937,2.3755118876710632,1.218954971356745,1.559110417572192,1.4348261581053228,1.152684883964545
2022_05_IND_DEN,2022,5,2022-10-06T20:15-04:00,-3.0,1.969447381091676,0.9089436354516807,1.7814655172413794,0.8209139289680178,1.0080018342045578,-0.28672122035115044,-0.28872354664216526,-0.2230808834688741,-0.44224667593032585,-0.5127604453587633,-0.3948119626749377,1.2282841160764342,1.0080018342045578,-0.947025564810341
2022_05_NYG_GB,2022,5,2022-10-09T09:30-04:00,-5.0,5.9658940312157736,6.659879020562451,1.7814655172413794,8.786602857020371,7.464097531652056,8.50787875405443,9.527880400229522,8.357713230639002,9.551692732135788,8.378515784536432,8.434265672223265,7.806521496902565,7.464097531652056,8.491695729235644
2022_05_ATL_TB,2022,5,2022-10-09T13:00-04:00,6.0,7.97393416701161,7.35788489721116,1.7814655172413794,6.596288649592088,6.79579532557079,7.036865569211294,6.821640555603941,7.05048465634337,6.521223168337663,6.188902379535393,7.0664598201652975,8.123423606308883,6.79579532557079,7.928877016668041
2022_05_CHI_MIN,2022,5,2022-10-09T13:00-04:00,7.0,4.965549716117539,7.377209403117899,1.7814655172413794,8.441074025517395,8.25383478558025,7.633637704826718,8.297653409313938,7.791464819077631,7.037705591861161,6.407793744104594,7.665580583322109,7.904187395599601,8.25383478558025,7.540970841677809
2022_05_DET_NE,2022,5,2022-10-09T13:00-04:00,29.0,6.270391588885039,5.121192942927982,1.7814655172413794,3.519236229599175,3.526115921162063,3.8639142052331197,3.4858330606399477,3.858213670538899,3.5547118609194985,6.205353142715933,3.802202439790584,3.3631741830409223,3.526115921162063,3.162430204304015
2022_05_HOU_JAX,2022,5,2022-10-09T13:00-04:00,-7.0,4.0373394743498,5.039937125314608,1.7814655172413794,5.97377632208416,5.5821493573669,5.454726518614429,6.5588143470856926,5.169575197135792,5.114736330116389,4.679229090854639,5.422706515177609,5.279474143637289,5.5821493573669,5.002748463671329
2022_05_LAC_CLE,2022,5,2022-10-09T13:00-04:00,-2.0,2.319879243526826,2.5302810570661602,1.7814655172413794,0.3734989823735948,0.5579798086291728,0.7710374798062052,1.0609474976527737,0.8333168030550283,0.4799440954569587,2.2773612354963415,0.5078192832965113,0.631338047821814,0.5579798086291728,0.5510801776015096
2022_05_MIA_NYJ,2022,5,2022-10-09T13:00-04:00,23.0,-3.4429255758166004,-2.6100435841366942,1.7814655172413794,-3.5092400119593283,-3.6570871880054976,-4.0870130882993045,-3.405301468906593,-4.096588419455108,-4.530742510655961,-3.4370648221270534,-4.015662321345662,-5.3841215967572795,-3.6570871880054976,-4.5071690703697
2022_05_PIT_BUF,2022,5,2022-10-09T13:00-04:00,35.0,11.056706025646845,8.320125525716627,1.7814655172413794,10.299576724443348,10.949882320020844,10.447975104141484,9.161003024497582,10.276953204378689,10.47989630082731,8.26311930907604,10.554575950583999,11.134263135539094,10.949882320020844,12.086429688646593
2022_05_SEA_NO,2022,5,2022-10-09T13:00-04:00,7.0,2.5775174935582097,-2.7431982002406463,1.7814655172413794,-0.9321534266182572,-4.356397664056925,-5.588464823421438,-6.895928711775895,-5.69348333870113,-5.649607608857483,-5.1858229913103155,-5.528256124580017,-3.9142324567860522,-4.356397664056925,-3.7883882858851012
2022_05_TEN_WAS,2022,5,2022-10-09T13:00-04:00,-4.0,-1.2077547653493501,-3.6436497568700155,1.7814655172413794,-2.80040421124286,-3.7308484067766456,-4.368729985618592,-4.28188731033039,-4.252873395200578,-4.077770515350447,-4.855640810096807,-4.305418922816978,-4.4299437128099,-3.7308484067766456,-3.8785239317482634
2022_05_SF_CAR,2022,5,2022-10-09T16:05-04:00,-22.0,-4.180459989863594,-6.810395529519754,1.7814655172413794,-5.360410936041848,-5.069502376499531,-3.5520539426453777,-4.13551894531753,-3.4165415256463763,-2.5066721145113666,-5.78247994174345,-3.562709560071949,-3.791005560827291,-5.069502376499531,-4.181590987776014
2022_05_DAL_LA,2022,5,2022-10-09T16:25-04:00,-12.0,0.3038862374683995,-0.7410874595522978,1.7814655172413794,1.5403313456373846,1.2222896086349448,0.6798068374403539,0.22402762546511668,0.6925415079200099,0.8109609690038332,-2.1484713520633143,0.5442296524434184,0.09289994611820573,1.2222896086349448,1.0943904309156838
2022_05_PHI_ARI,2022,5,2022-10-09T16:25-04:00,-3.0,-0.05237473197380771,-0.9542843685046107,1.7814655172413794,0.6821538130559425,0.4677347610868665,0.9854581530905268,0.7898899203846166,1.1352462338527838,1.0396356597608902,-0.9803160011982002,0.9877035199933905,0.34602731935306896,0.4677347610868665,1.3673707441124634
2022_05_CIN_BAL,2022,5,2022-10-09T20:20-04:00,2.0,1.86911082626815,1.2806818753329594,1.7814655172413794,0.9821985916821876,0.661803554049467,0.8268846614030588,0.05683162662180097,0.9918089184120147,0.021592450261510354,0.523931566376048,0.9932146610194812,0.42921701791310896,0.661803554049467,1.2785726754922389
2022_05_LV_KC,2022,5,2022-10-10T20:15-04:00,1.0,8.588864823825292,11.311038699086279,1.7814655172413794,12.315182678987814,11.197283417036463,11.755449861534808,12.293612763360693,11.648213810461614,11.276240042905679,10.350353844070515,11.795989023253881,10.19436203881193,11.197283417036463,12.255301780740657
2022_06_WAS_CHI,2022,6,2022-10-13T20:15-04:00,-5.0,3.896772060112312,3.506643194348557,1.7814655172413794,0.34644089920698845,1.3548927071485921,0.996323284603503,-1.011793000498751,0.8943923924993795,1.0676009477694217,3.631651668142387,0.9332638726246151,1.9346314917332808,1.3548927071485921,-1.0159155505988524
2022_06_BAL_NYG,2022,6,2022-10-16T13:00-04:00,4.0,-1.606764552938392,-3.7506336271148326,1.7814655172413794,-4.946462146406578,-3.4719830198096355,-4.473217885907376,-4.361033564442694,-4.502492163535361,-4.866477491473758,-4.556187583646545,-4.333441764136969,-3.060547768825213,-3.4719830198096355,-5.0080668507675385
2022_06_CIN_NO,2022,6,2022-10-16T13:00-04:00,-4.0,-0.013692592740976117,-2.762068676034804,1.7814655172413794,-3.5097443210999133,-4.1447380471168325,-4.479591127199564,-4.428603521202673,-4.592600937362324,-5.189129148588881,-2.903773546800545,-4.572559827774199,-3.248700126605331,-4.1447380471168325,-3.8552468998201723
2022_06_JAX_IND,2022,6,2022-10-16T13:00-04:00,7.0,5.757281512140681,5.165990029416593,1.7814655172413794,6.374886275551946,5.436035427995394,6.2950054607031545,5.239750227325404,6.4404580722478,7.127066838297896,5.176429391559948,6.511829345606757,5.356483539226669,5.436035427995394,6.115072587506091
2022_06_MIN_MIA,2022,6,2022-10-16T13:00-04:00,-8.0,1.9859435637007758,-1.7527175308450054,1.7814655172413794,-1.1651648652862985,-2.0074280060917316,-1.5461069205361528,-1.0509197546516127,-1.5337114200632362,-1.0507236274198861,-0.8009172297564064,-1.6520323447190974,-1.5283686831584047,-2.0074280060917316,-0.5910229518442902
2022_06_NE_CLE,2022,6,2022-10-16T13:00-04:00,-23.0,-0.9419336839339634,0.042970700445433385,1.7814655172413794,0.5176532728920711,0.23302110628133654,-0.1327077603498652,0.42790875717591903,-0.07683189893884812,0.18411163317027648,-1.034574729092586,-0.13508501599752254,0.44705613003410116,0.23302110628133654,-0.6047016652985111
2022_06_NYJ_GB,2022,6,2022-10-16T13:00-04:00,-17.0,7.58656157582449,7.725189695158016,1.7814655172413794,9.692195950474925,9.37251845590995,9.540549319792847,9.757585495667014,9.637789137921054,9.931045803448953,7.802369378884453,9.597806819360306,9.59549841101912,9.37251845590995,9.851660626011988
2022_06_SF_ATL,2022,6,2022-10-16T13:00-04:00,14.0,-3.4134942001924973,-6.07153312971566,1.7814655172413794,-5.267921157362832,-5.783735321167236,-5.607224444819133,-6.710990487103282,-5.556772066285207,-4.433126929993004,-5.500578509646987,-5.654486354131864,-5.531738022954324,-5.783735321167236,-5.901198437119307
2022_06_TB_PIT,2022,6,2022-10-16T13:00-04:00,2.0,-4.682368855815492,-6.509118791059054,1.7814655172413794,-7.376776659700392,-6.548456203177051,-6.93906578651554,-5.032100270557386,-6.811034856022674,-7.411839287951523,-5.866294713422532,-7.180373899410311,-8.664968394240123,-6.548456203177051,-6.071777664653945
2022_06_ARI_SEA,2022,6,2022-10-16T16:05-04:00,10.0,1.424096937515556,0.017438417533424677,1.7814655172413794,-2.5487688726494495,0.22082770063277812,0.06459394808437957,1.4746694527793445,-0.04894529584454066,0.5100337615141222,1.2965711553896329,0.49038800975686403,-0.31710948540799044,0.22082770063277812,0.13807015636203035
2022_06_CAR_LA,2022,6,2022-10-16T16:05-04:00,14.0,6.929762133350696,6.511917407922465,1.7814655172413794,11.246531663836603,9.162458693087876,7.760298216687649,7.814070695256472,7.655062581574054,7.8128363529796765,5.618845761007072,7.909450031661644,7.754644420730053,9.162458693087876,7.4077612383073355
2022_06_BUF_KC,2022,6,2022-10-16T16:25-04:00,-4.0,-1.1148323184609232,1.254191331688197,1.7814655172413794,1.3319485670654538,0.12707122123710013,0.2725137071298407,1.39146128157727,0.23781841535713566,0.45233223653757226,-0.5644587474470367,0.296396513569789,-0.15398197226533772,0.12707122123710013,0.17676844175420148
2022_06_DAL_PHI,2022,6,2022-10-16T20:20-04:00,9.0,2.0140031606186306,1.770200045807586,1.7814655172413794,2.640229362902889,2.682372251226342,2.2461872359815516,2.5374973419746665,2.2865483823438537,1.7378938228703253,1.7875677996910386,2.1535963915218717,2.590999991328033,2.682372251226342,2.268638272653476
2022_06_DEN_LAC,2022,6,2022-10-17T20:15-04:00,3.0,3.893098748772635,5.168591205845688,1.7814655172413794,4.453830460629137,5.023640661075495,4.468344733243535,4.864350796830957,4.28357506042958,4.613839086920611,5.832346332863343,4.478036582163572,3.6672781721250263,5.023640661075495,3.9930290252365004
2022_07_NO_ARI,2022,7,2022-10-20T20:15-04:00,8.0,2.4907935188180588,2.548152003093797,1.7814655172413794,3.837784648312414,4.665413214411307,5.827100481004902,6.61701948401286,5.992120827850909,5.8510384970435325,3.0137659310635185,5.4282746351429045,4.66112385363815,4.665413214411307,6.321071889971875
2022_07_ATL_CIN,2022,7,2022-10-23T13:00-04:00,18.0,5.222687069062894,4.375111782063714,1.7814655172413794,4.791960392164601,5.002741852273033,4.521893116138401,4.890114878043583,4.512893842029534,4.812136077912703,3.832303661425356,4.3961374778493445,4.347167538866067,5.002741852273033,5.0394601365941725
2022_07_CLE_BAL,2022,7,2022-10-23T13:00-04:00,3.0,5.993750589459065,5.631405989152678,1.7814655172413794,7.35524370929596,7.211384087731337,7.018876720689248,6.149916214195604,7.1016867948981375,5.284985272703706,5.1498330557159155,7.065477350304577,6.545551848656424,7.211384087731337,7.439472978159519
2022_07_DET_DAL,2022,7,2022-10-23T13:00-04:00,18.0,9.631857832377085,9.829805572852369,1.7814655172413794,9.910587263141952,10.00790933932345,10.09177698885698,9.495631559421561,10.132074965853597,8.803542044288262,9.395524617765663,10.081914890337679,10.388395511265594,10.00790933932345,8.983360684721097
2022_07_GB_WAS,2022,7,2022-10-23T13:00-04:00,2.0,-1.1298109780124612,-3.47884030084717,1.7814655172413794,-6.3045560933871965,-4.773289040770073,-5.148369249049232,-5.06236191346022,-5.184170307703853,-5.2516169609563175,-4.25979908982043,-5.500436074756416,-5.0480168787318,-4.773289040770073,-4.581615774196062
2022_07_IND_TEN,2022,7,2022-10-23T13:00-04:00,9.0,2.6538484656594354,0.755497845143612,1.7814655172413794,0.27780199393368,1.5451012893069471,2.011683915129712,2.607837986846331,1.9325934885453164,2.216803493202437,1.6914837793514597,1.9906426170803861,2.1789506289016534,1.5451012893069471,2.989721590702999
2022_07_NYG_JAX,2022,7,2022-10-23T13:00-04:00,-6.0,1.1324875021100773,0.900033729409544,1.7814655172413794,0.8832967640983933,0.21707492111622462,0.5790115829429354,2.14307653376278,0.516140011735522,1.1724635722186365,1.5689051105909646,0.5076913173137318,0.31437459579603866,0.21707492111622462,0.7432140468011034
2022_07_TB_CAR,2022,7,2022-10-23T13:00-04:00,18.0,-6.146831008963961,-10.483458791383743,1.7814655172413794,-13.29105135798616,-11.323903088308455,-11.839735415523014,-11.894238624603439,-11.698763801216117,-11.923232534725557,-11.034617099428939,-11.831258632180633,-11.560794560384299,-11.323903088308455,-11.43641028177363
2022_07_HOU_LV,2022,7,2022-10-23T16:05-04:00,18.0,5.210647888183788,4.988091706850155,1.7814655172413794,6.156858055955581,6.144855375981988,5.153762714298198,5.159842085013214,5.09039941376394,4.6626798312017,3.910179776229681,4.9392461623086295,5.421860576691815,6.144855375981988,5.726205632735185
2022_07_NYJ_DEN,2022,7,2022-10-23T16:05-04:00,-7.0,2.96004457168754,1.599612659362734,1.7814655172413794,-0.9635514272015957,-0.6834006324805313,-0.8361343293685108,-0.8503505700705989,-0.7259123891722976,0.10410983920829153,0.6950899081349249,-0.9453214508582051,0.004032279003651329,-0.6834006324805313,-1.266667982661565
2022_07_KC_SF,2022,7,2022-10-23T16:25-04:00,-21.0,1.3865208179631914,-0.14195731780595944,1.7814655172413794,-0.8909437508395002,-0.3691944669453995,-0.6459523929819269,0.32111537418451397,-0.7048554411214454,-1.2484850224428883,0.7258295367889073,-1.0050257126272213,-0.19598339829959377,-0.3691944669453995,-0.9409322492096117
2022_07_SEA_LAC,2022,7,2022-10-23T16:25-04:00,-14.0,2.846996240821854,2.976142939107069,1.7814655172413794,4.643948264358983,1.7385958459336723,0.6417758266918001,0.13364261495481067,0.6727439496397832,0.023785075938250078,0.270994651385402,0.6220102943097068,1.4746675660175217,1.7385958459336723,0.9687891589580317
2022_07_PIT_MIA,2022,7,2022-10-23T20:20-04:00,6.0,4.443481036839861,1.146992140446438,1.7814655172413794,1.9232294533764938,2.5511266217537427,2.590612602971821,2.370361377451901,2.556114508227598,2.870698213534239,0.8192619578484823,2.600469123406068,4.2823598660766,2.5511266217537427,3.6467540919109296
2022_07_CHI_NE,2022,7,2022-10-24T20:15-04:00,-19.0,9.8809851063265,10.799033752925988,1.7814655172413794,10.763400621148445,10.438228966200638,10.378867325254305,11.166478356893549,10.400317700857848,10.274131276639139,11.01205141398504,10.38264874909192,9.310455434812159,10.438228966200638,11.067774378941879
2022_08_BAL_TB,2022,8,2022-10-27T20:15-04:00,-5.0,3.203234732592684,0.040364414428717854,1.7814655172413794,-0.8581707127641804,-0.9443677323629076,-1.1216645744630416,-0.46361427688785506,-1.186294083528654,-0.21883043170285155,-0.09970211806163154,-1.103469190615406,0.2518149865824397,-0.9443677323629076,0.08793199391065576
2022_08_DEN_JAX,2022,8,2022-10-30T09:30-04:00,-4.0,-1.9294312985976914,-2.5858343008916744,1.7814655172413794,-4.0946250213030915,-3.2861059249987217,-3.4463883966095907,-3.3795430045468526,-3.7370406864403574,-2.67529256967883,-1.1183404548063534,-3.432986286472895,-3.77031636467333,-3.2861059249987217,-4.0653385495854835
2022_08_ARI_MIN,2022,8,2022-10-30T13:00-04:00,8.0,3.631037422870534,3.530844105926875,1.7814655172413794,1.2645686255928614,1.74636839908936,0.8067612882077742,-0.38357976624753287,0.8423639772841164,1.0379573491809047,2.633687598040651,0.8816983656441908,2.1748165531840575,1.74636839908936,-0.1103721590357094
2022_08_CAR_ATL,2022,8,2022-10-30T13:00-04:00,3.0,5.317878226384408,5.864525556496269,1.7814655172413794,8.664853362320667,7.055559365298629,7.019268682786278,7.102542114875878,6.840072001775679,7.525187614599681,6.5680936807505965,6.928543643472189,6.075789462015645,7.055559365298629,7.208401045802122
2022_08_CHI_DAL,2022,8,2022-10-30T13:00-04:00,20.0,7.870062012390265,10.13059053929808,1.7814655172413794,12.095538036451753,11.360193166765917,11.172990249971287,12.316893671110412,11.262081268837584,10.115965070061641,9.575879207702945,11.358776239574548,10.830621279974984,11.360193166765917,11.180351619779426
2022_08_LV_NO,2022,8,2022-10-30T13:00-04:00,24.0,1.0578547426938378,0.3702401725348674,1.7814655172413794,2.1633463611286383,1.1088549277991222,1.0623722293449327,1.9173274762918444,1.05890372843499,0.2836141996907948,0.3562841052452468,1.0146474301893846,0.9260633739885935,1.1088549277991222,1.0496438830871804
2022_08_MIA_DET,2022,8,2022-10-30T13:00-04:00,-4.0,-1.3087290269988174,-1.882273948940304,1.7814655172413794,-1.2579148612734454,-2.3377240790865974,-2.653496469948454,-2.7849215293862932,-2.683604976007972,-1.9456629519243425,-2.2829496230066533,-2.539903034033601,-3.555803122153995,-2.3377240790865974,-2.5229451350349477
2022_08_NE_NYJ,2022,8,2022-10-30T13:00-04:00,-5.0,-1.1529886123574276,-1.3529339356399537,1.7814655172413794,-1.67266789553843,-1.767509874998291,-2.2395799001702716,-2.138814793774905,-2.241742520380096,-2.8792409791335087,-2.1026563365314233,-2.3236709182239688,-1.7178513037112424,-1.767509874998291,-2.644951012782883
2022_08_PIT_PHI,2022,8,2022-10-30T13:00-04:00,22.0,9.189601035789705,8.89101159805139,1.7814655172413794,9.188780304228882,9.08057060571387,8.553329511709626,8.265860050808993,8.485795385788425,7.820523742629766,8.435479459178785,9.051043171127233,9.698732716792408,9.08057060571387,8.854660770769076
2022_08_TEN_HOU,2022,8,2022-10-30T16:05-04:00,-7.0,-2.321235191048653,-4.524955519114705,1.7814655172413794,-3.8781761899652594,-2.427266948922124,-3.1285494254160304,-3.312244060157312,-2.8227148616871816,-3.5626355814026915,-5.422030261176879,-3.005623604876104,-2.2143888616107525,-2.427266948922124,-2.687160612051283
2022_08_NYG_SEA,2022,8,2022-10-30T16:25-04:00,14.0,4.9147114319643475,5.72324613596872,1.7814655172413794,5.465704711648254,7.251321758439275,7.7010047787993905,9.482410585195545,7.692581536873623,8.599470795357487,8.220241536430713,7.562616563753273,6.490521122259226,7.251321758439275,6.095909667833693
2022_08_SF_LA,2022,8,2022-10-30T16:25-04:00,-17.0,0.9126510469797773,0.36912980148882724,1.7814655172413794,1.9933830130800916,1.6305447699666396,1.255278292535218,1.446717957747478,1.2530967427172532,1.2831034134551507,0.14285889999842635,1.151363128753868,0.8777222759318284,1.6305447699666396,0.37021432083010586
2022_08_WAS_IND,2022,8,2022-10-30T16:25-04:00,-1.0,5.094787991952611,3.509856870651025,1.7814655172413794,3.7196817983793284,1.9367037802136697,1.5511872236955297,0.9369105640448907,1.4262441700829627,1.679083204085318,4.417449884786034,1.551495798101246,1.337070825834981,1.9367037802136697,1.4790964736328802
2022_08_GB_BUF,2022,8,2022-10-30T20:20-04:00,10.0,10.67058895680174,9.783035243092229,1.7814655172413794,8.326850474963956,9.573486149531318,8.64787205667703,6.530623892646658,8.553290354769887,8.734118586387137,9.484274474646924,8.470490256178653,8.821290250649426,9.573486149531318,8.354175792246538
2022_08_CIN_CLE,2022,8,2022-10-31T20:15-04:00,19.0,-3.0582539597567973,-3.3595664532543306,1.7814655172413794,-5.207041725559581,-5.4443278730963085,-5.1410960085156105,-4.015846839847633,-5.128407028981309,-5.382479289486203,-3.7216065952078043,-5.039995447006131,-5.072665166829104,-5.4443278730963085,-5.016779543122844
2022_09_PHI_HOU,2022,9,2022-11-03T20:15-04:00,-12.0,-6.564237750361556,-9.516252035195462,1.7814655172413794,-10.686085297632275,-10.393681222849263,-10.371212798367967,-10.205481267719211,-10.179585939128025,-9.652926192167815,-9.991426801921211,-10.23816634159591,-10.213233220307888,-10.393681222849263,-10.05561928497012
2022_09_BUF_NYJ,2022,9,2022-11-06T13:00-05:00,3.0,-7.013643048711792,-7.206660174831672,1.7814655172413794,-8.369934864933953,-8.901103755352157,-8.861495416977306,-7.136694377974676,-8.913065680396045,-9.574988560124893,-7.889802399711934,-8.799115764976357,-8.945544133153852,-8.901103755352157,-9.165858582775218
2022_09_CAR_CIN,2022,9,2022-11-06T13:00-05:00,21.0,8.283321368109037,7.597397072414264,1.7814655172413794,11.04413344297059,9.6424996799628,9.23856767255138,9.130854512282385,9.119265737522989,10.102522430476164,7.628713941676866,9.107957862396326,8.151939325752966,9.6424996799628,10.329999711730494
2022_09_GB_DET,2022,9,2022-11-06T13:00-05:00,6.0,-2.6019755434315393,-3.658314171670969,1.7814655172413794,-4.394332319772438,-4.191786427592228,-4.611718826219223,-5.00492391742025,-4.767989288547225,-4.096728724850278,-3.918057153406655,-4.673418670635693,-4.769825016981431,-4.191786427592228,-4.669583592616491
2022_09_IND_NE,2022,9,2022-11-06T13:00-05:00,23.0,6.359352495588057,5.0439890998091865,1.7814655172413794,4.581498362566723,5.027860940310686,5.197223515147832,4.728304351010639,5.262068549237516,5.440139974878424,4.328961614257554,5.179704611528395,4.944018184619043,5.027860940310686,6.187001751046841
2022_09_LAC_ATL,2022,9,2022-11-06T13:00-05:00,-3.0,2.472064859501325,-0.0687203635456537,1.7814655172413794,-0.6947247441805209,-0.5975966796796912,-0.39557899475958536,-1.486837433724488,-0.49933066160911743,0.567809825131139,0.4054044191553273,-0.08913134826600475,-0.4661968639797694,-0.5975966796796912,-1.035193090934489
2022_09_LV_JAX,2022,9,2022-11-06T13:00-05:00,7.0,-0.571543845225551,-0.70171475912484,1.7814655172413794,-0.6220384195186008,-0.8950494845282893,-0.22479841342689943,1.4358867044254517,-0.34292155202529634,-0.41394136540436055,-0.2837316743889075,-0.11096326577524973,-0.7754953070884828,-0.8950494845282893,-0.1810815607699141
2022_09_MIA_CHI,2022,9,2022-11-06T13:00-05:00,-3.0,0.5966974460856211,-0.7043175189153249,1.7814655172413794,-2.1866011376691614,-2.197798200630018,-2.5515559344188627,-4.071052546231172,-2.5309321790298007,-2.8440868807454462,-0.9981907906925542,-3.155796822428068,-2.736335237197828,-2.197798200630018,-3.1175360368271487
2022_09_MIN_WAS,2022,9,2022-11-06T13:00-05:00,-3.0,-1.3850044521186842,-3.505807535002468,1.7814655172413794,-4.250927375441004,-4.076709792714491,-3.8403324334917532,-2.5538274109674313,-3.853207660129513,-3.029762323009377,-3.1108240195515884,-3.4838926184180163,-4.845813431170054,-4.076709792714491,-3.7308539881522353
2022_09_SEA_ARI,2022,9,2022-11-06T16:05-05:00,-10.0,0.43011453525139975,0.015869443877925882,1.7814655172413794,2.231744554760261,-0.6225902925132538,-0.6623661266475648,-0.6314176309210309,-0.599924770242052,-0.8819722347083019,-1.5972102385985347,-0.17636489365366367,-0.42740607994970503,-0.6225902925132538,-0.6659320002674027
2022_09_LA_TB,2022,9,2022-11-06T16:25-05:00,3.0,4.884739419194901,2.8657791538772024,1.7814655172413794,0.9599187885657561,1.0017541472512415,0.9848948081233277,0.6443099275057915,1.029399749583965,1.3536560974500338,1.9529167839214394,1.1055823949094352,2.3124588110259263,1.0017541472512415,2.8314831092767117
2022_09_TEN_KC,2022,9,2022-11-06T20:20-05:00,3.0,7.231854268986066,10.062055495268968,1.7814655172413794,12.99519650690419,12.812504961910893,11.980954675245052,11.659514144966975,12.082738473390211,11.670167637919466,7.767241643696382,12.054450725665395,11.842509618691249,12.812504961910893,12.002609256883762
2022_09_BAL_NO,2022,9,2022-11-07T20:15-05:00,-14.0,1.4151956940333825,1.23073412783861,1.7814655172413794,0.6372520367298458,0.24493983004368886,-0.6811988128622604,-0.023960434792754004,-0.9210732738326407,-0.8188918670099552,1.4813254315607614,-1.3151991834811643,0.6858926290870822,0.24493983004368886,-2.0140077921196022
2022_10_ATL_CAR,2022,10,2022-11-10T20:15-05:00,10.0,-0.5135425253559696,-2.6459975997545615,1.7814655172413794,-6.277760641224603,-5.088491913017583,-5.20157106674791,-5.490640992056756,-5.053803725157564,-5.477690022874832,-3.402155246803554,-5.162952435043035,-4.450183635997919,-5.088491913017583,-4.848089854580755
2022_10_SEA_TB,2022,10,2022-11-13T09:30-05:00,5.0,-1.4254479803723137,-3.036948074578093,1.7814655172413794,-1.1441586616308899,-4.591575959020778,-4.67873360704665,-5.32976894102333,-4.601986045849081,-3.744624908710306,-5.196118014836455,-4.698044639557274,-3.369001802900389,-4.591575959020778,-4.014248964663636
2022_10_CLE_MIA,2022,10,2022-11-13T13:00-05:00,22.0,2.5997267966981035,1.62583298089672,1.7814655172413794,2.599103731846813,3.2966026626314933,3.1725731793838916,3.432985853073964,3.170102256895537,2.9519575073246296,1.702141717187631,2.984470037097432,3.6947308774412915,3.2966026626314933,3.0397418983190665
2022_10_DEN_TEN,2022,10,2022-11-13T13:00-05:00,7.0,5.692008158355253,3.9946643881555395,1.7814655172413794,2.1902674008782146,2.8505099244337684,3.2114911245031488,2.3679075210493443,3.1102525671270893,4.4419470945471575,5.7923086805511055,3.1488105910660837,2.294721518531137,2.8505099244337684,2.688619126260704
2022_10_DET_CHI,2022,10,2022-11-13T13:00-05:00,-1.0,3.894216644820829,1.7594496656919363,1.7814655172413794,-0.5688442460320441,0.6241872799783741,0.26393309194385095,-1.0611205347003203,0.22552800561397035,-0.4028252917151036,1.3174405120103776,0.13563731084586217,1.0251550028074363,0.6241872799783741,0.10713496847372439
2022_10_HOU_NYG,2022,10,2022-11-13T13:00-05:00,8.0,5.227378022333835,5.030596603898607,1.7814655172413794,5.859383984634728,6.214528879427878,5.678922795171774,5.4641837928463275,5.461388602517159,4.587311191654997,3.7671685758665365,5.704399604909835,5.763364088617955,6.214528879427878,6.524483329922383
2022_10_JAX_KC,2022,10,2022-11-13T13:00-05:00,10.0,11.46123510240953,11.874815409920679,1.7814655172413794,13.062678924740698,12.278257954009707,11.888481737817347,10.434825102901298,12.019146305535585,12.379308654749611,10.248913316001616,11.896697744244754,11.258751270640387,12.278257954009707,12.19389978066095
2022_10_MIN_BUF,2022,10,2022-11-13T13:00-05:00,-3.0,8.566372670092589,5.478143195666295,1.7814655172413794,4.736301620842785,5.221089297910998,4.741522265890931,4.464141370376347,4.6997502442758154,5.248754946672641,6.476363436441552,4.683767230306302,3.7409727538243804,5.221089297910998,5.391650456630806
2022_10_NO_PIT,2022,10,2022-11-13T13:00-05:00,10.0,-0.9285962613285967,-0.33241333872071877,1.7814655172413794,-2.0102201837970206,-0.8050691798445342,-0.26687549795075044,0.04430525727331777,-0.10964537198485869,0.9167643980951435,0.19578198749733278,-0.3588606136063226,-1.758217447938054,-0.8050691798445342,-1.5665172983926303
2022_10_IND_LV,2022,10,2022-11-13T16:05-05:00,-5.0,3.0508785835535113,2.962549884678377,1.7814655172413794,1.1217682786567251,2.2866857624683847,1.096721315217354,0.5744899058955426,1.106443368305687,0.7926007105199249,2.710453577893192,1.4178389555947657,2.2052629701702737,2.2866857624683847,0.5572824700476524
2022_10_ARI_LA,2022,10,2022-11-13T16:25-05:00,-10.0,2.60692615834833,1.1057894554195808,1.7814655172413794,0.24686568230227834,-0.5262389452460088,-0.7025313661993597,-0.9658343302607607,-0.8006197471781454,0.2771724841401185,0.9881343780329156,-0.7356170776301684,-0.8930113854764545,-0.5262389452460088,-0.6546759856619067
2022_10_DAL_GB,2022,10,2022-11-13T16:25-05:00,3.0,-2.541842451892168,-5.844075182285344,1.7814655172413794,-4.269403619640343,-5.028603462890681,-4.739786795343586,-3.7036180799552083,-4.5520224412011805,-4.168246198171055,-5.7288961832560705,-4.21019302383175,-4.9785437030823685,-5.028603462890681,-3.5306034490217786
2022_10_LAC_SF,2022,10,2022-11-13T20:20-05:00,6.0,6.338718230524945,7.008511370030245,1.7814655172413794,5.2667438735854555,5.5507290773503115,5.601284610890795,5.209954570453339,5.445423599656694,6.21984431639386,6.972092995734874,5.55610604664571,5.447756495159336,5.5507290773503115,4.905167384991445
2022_10_WAS_PHI,2022,10,2022-11-14T20:15-05:00,-11.0,10.16435212182222,10.252768764273249,1.7814655172413794,10.913367808584626,10.576164326155983,10.145083082066499,9.536163069768985,10.001843891422265,10.106143137635893,10.561189209731126,10.073295186388586,10.640418807450438,10.576164326155983,10.170716132910856
2022_11_TEN_GB,2022,11,2022-11-17T20:15-05:00,-10.0,1.0141685144734758,1.6582905477684613,1.7814655172413794,2.63677032927105,1.1122745393699869,0.6004580355221423,1.707171344303676,0.673876918569291,-0.05690200348780064,0.8874076828951889,0.7440847838327285,0.7026855521360656,1.1122745393699869,0.5176534082487699
2022_11_CAR_BAL,2022,11,2022-11-20T13:00-05:00,10.0,9.206372899379524,10.751190289977046,1.7814655172413794,9.082909672149755,9.335606125189392,8.816511401723082,10.239673345657925,8.678701298119671,7.649033517974851,10.707546546180694,8.878848095274538,7.098704982728333,9.335606125189392,8.565218757634725
2022_11_CHI_ATL,2022,11,2022-11-20T13:00-05:00,3.0,3.2563551527008903,3.803297876223805,1.7814655172413794,5.600010719504791,4.867406833072916,4.593423902787887,5.701143063257682,4.5954588269755074,5.50077167105356,3.6520289369212247,4.613413983900424,4.1475182763786735,4.867406833072916,4.046753313156618
2022_11_CLE_BUF,2022,11,2022-11-20T13:00-05:00,8.0,8.62605028334302,4.442834947990461,1.7814655172413794,6.117177329149246,6.638265203207515,6.034864288093477,3.71865660599146,6.151586112137166,6.214986425751007,5.2386789583848845,6.077577180633139,6.233737951900747,6.638265203207515,6.015596919486924
2022_11_DET_NYG,2022,11,2022-11-20T13:00-05:00,-13.0,4.43518676422093,2.7700324907082887,1.7814655172413794,1.3481588702215788,2.786552481944531,2.1500706739803395,1.018115133539903,2.0672734007259814,1.2248864042045111,1.6092172038915078,2.3495129654982723,2.9399370243398506,2.786552481944531,2.1645919002000777
2022_11_LA_NO,2022,11,2022-11-20T13:00-05:00,7.0,3.155565199308861,1.247033299693379,1.7814655172413794,-0.8083871064395167,-1.2102955474058301,-1.9465724439416656,-2.561328478417806,-2.13407897625172,-2.3989484150184928,1.073670827803062,-1.8821742510827988,-0.5211903355024916,-1.2102955474058301,-1.431277381416071
2022_11_NYJ_NE,2022,11,2022-11-20T13:00-05:00,7.0,7.227065654681326,6.365119265098542,1.7814655172413794,6.148832971948885,6.365531770926985,6.554098408206484,5.98261950573337,6.597800087917336,7.639440404488829,6.466891731685328,6.454523470108473,6.128420474161585,6.365531770926985,6.111472861900143
2022_11_PHI_IND,2022,11,2022-11-20T13:00-05:00,-1.0,-2.506890331635784,-5.013801236361573,1.7814655172413794,-7.457846464139088,-8.071035957661175,-7.04578098538105,-8.055793883820671,-6.898487273162752,-6.087430332337613,-5.434015474334963,-7.735488063173845,-5.884934547860807,-8.071035957661175,-6.789310298948455
2022_11_WAS_HOU,2022,11,2022-11-20T13:00-05:00,-13.0,-1.4231966143100645,-3.020794964596194,1.7814655172413794,-2.9416913483562097,-3.0632686681357884,-3.3434623148694698,-3.1192814550404933,-3.3561010668646967,-2.307230961257069,-2.674752104779994,-3.6744501596979364,-2.7884781475699443,-3.0632686681357884,-3.5015214162945543
2022_11_LV_DEN,2022,11,2022-11-20T16:05-05:00,-6.0,2.7420550526175607,0.6915633647760557,1.7814655172413794,2.602712888559891,1.3056685892439746,2.1015864328616116,3.450923321444986,2.1667811998374518,1.3657714557753495,-0.18852722667393618,1.9842534252681439,2.1582806557023755,1.3056685892439746,3.46735285208401
2022_11_CIN_PIT,2022,11,2022-11-20T16:25-05:00,-7.0,-3.701969775912036,-5.249770980602377,1.7814655172413794,-6.993610608641388,-6.689195036338306,-6.406422168822569,-6.041400280607469,-6.349031709047971,-6.475593770250934,-4.451364143946213,-6.410400350272186,-7.01012724485849,-6.689195036338306,-7.166583195257486
2022_11_DAL_MIN,2022,11,2022-11-20T16:25-05:00,-37.0,0.6390265625495606,-0.9753365134371017,1.7814655172413794,-2.3251792513327145,-1.7262057042223922,-2.310276988265466,-2.9231491189644636,-2.2916469514160784,-1.6249040543437656,-1.5640358684058002,-2.2763659035213637,-1.6730670709051825,-1.7262057042223922,-2.394754009575194
2022_11_KC_LAC,2022,11,2022-11-20T20:20-05:00,-3.0,-3.6563630138942305,-5.649172288737871,1.7814655172413794,-5.494660581532708,-5.417281679544169,-5.519250386390755,-4.7540498000637195,-5.372674513229246,-5.731112279423887,-4.696795837454385,-5.565410289717569,-4.9958237606205245,-5.417281679544169,-6.023772085852306
2022_11_SF_ARI,2022,11,2022-11-21T20:15-05:00,-28.0,-3.2688939828104067,-7.76593174031663,1.7814655172413794,-7.592484655744098,-7.162252371775241,-7.17424187813078,-6.958232262745999,-7.045609216765612,-8.034560711631418,-7.314043009095749,-7.180872089587425,-7.125079854619765,-7.162252371775241,-5.40665920390201
2022_12_BUF_DET,2022,12,2022-11-24T12:30-05:00,-3.0,-6.686667785116466,-6.587558463376981,1.7814655172413794,-6.176971812145744,-7.132094237771671,-7.065702319156573,-4.3462333981744194,-7.195009013003905,-8.06045790304773,-7.284161011374984,-7.0084442623849075,-7.224353636466825,-7.132094237771671,-5.458118897740418
2022_12_NYG_DAL,2022,12,2022-11-24T16:30-05:00,8.0,11.443269474651139,13.918556333290208,1.7814655172413794,14.488699794116691,13.554831881308335,14.014898477248435,13.43584701773337,14.20830690055709,13.696976318147485,14.567119691209793,13.861830707737331,13.942833158972851,13.554831881308335,11.826170213569988
2022_12_NE_MIN,2022,12,2022-11-24T20:20-05:00,7.0,-0.8973338590108466,-1.212792208062933,1.7814655172413794,-0.9496587477347838,-0.9929133120338081,-1.6256876629364467,-2.1925360127179987,-1.5559866851407484,-2.279344371552861,-2.126661384129747,-1.5631547648454687,-0.46059307124144216,-0.9929133120338081,-1.3386333283954899
2022_12_ATL_WAS,2022,12,2022-11-27T13:00-05:00,6.0,4.686159649127953,4.4114245929908416,1.7814655172413794,1.7226443052680747,2.555783086371102,2.3576183851242587,2.299338415663172,2.4490903812669416,1.3424188193217779,3.8113498583668153,2.09733575398779,2.3816848952695304,2.555783086371102,2.668977822980145
2022_12_BAL_JAX,2022,12,2022-11-27T13:00-05:00,1.0,-3.7524061824124146,-3.1649248320238415,1.7814655172413794,-4.622845840335126,-3.7554793659191636,-3.5022016612450173,-1.9299996574540916,-3.7259213000257803,-2.5276528005999124,-2.4243175050612016,-3.7547052556862153,-2.8088569040673512,-3.7554793659191636,-4.573801285260304
2022_12_CHI_NYJ,2022,12,2022-11-27T13:00-05:00,21.0,5.234861062086511,4.199272178017484,1.7814655172413794,3.448831821723574,3.7774685013224856,3.890062204225428,3.3827566489512817,4.221773590091038,3.868050717245711,3.7737519539449274,3.9254919127504904,3.737869742842207,3.7774685013224856,3.5068120385342207
2022_12_CIN_TEN,2022,12,2022-11-27T13:00-05:00,-4.0,1.5425573770155911,0.1646078968742768,1.7814655172413794,-0.6514335118843937,-0.014857073728512082,0.8362566313543836,1.0377310399208983,0.7998528971966914,1.1447774481648862,1.232052383049018,0.8654304995642712,0.8054780470418634,-0.014857073728512082,0.8289643955055749
2022_12_DEN_CAR,2022,12,2022-11-27T13:00-05:00,13.0,1.118184552274085,-1.9707094868922028,1.7814655172413794,-4.025911813509695,-3.0057200321392883,-3.1880555053311737,-4.2193227906474995,-3.1901142865462155,-3.1349873555813277,-1.5548608083829811,-3.197894028018765,-3.08741250424123,-3.0057200321392883,-2.4500275900874278
2022_12_HOU_MIA,2022,12,2022-11-27T13:00-05:00,15.0,9.501322866223706,10.925316682902983,1.7814655172413794,10.382739688029954,10.932228197012218,10.686923663644528,11.257389507672768,10.404368483116372,10.413315775113631,10.480738032950134,10.418986373392652,10.881943396842571,10.932228197012218,11.420834857581575
2022_12_TB_CLE,2022,12,2022-11-27T13:00-05:00,6.0,-0.8812999897736598,-1.6189459278161151,1.7814655172413794,-2.9056627862189477,-2.4258564771987947,-2.1056812667484377,-1.429521361288026,-2.1888278859165733,-1.3192975932302153,-0.8266072266225555,-2.16902449758184,-2.874976116649439,-2.4258564771987947,-2.7556317948453497
2022_12_LAC_ARI,2022,12,2022-11-27T16:05-05:00,-1.0,1.4697892870937301,-0.2006220034766253,1.7814655172413794,0.6213986797428117,0.8779028107241951,1.199986472949285,2.3557869724913143,1.1679237191600818,0.3986178682210675,0.5739646101044116,1.124516925923762,0.682777209547929,0.8779028107241951,2.195608004081371
2022_12_LV_SEA,2022,12,2022-11-27T16:05-05:00,-6.0,5.933620049981123,4.956238489113287,1.7814655172413794,4.422097320229028,6.601216437521912,7.418560961677214,7.988689072667917,7.34115366911248,6.953293561778352,6.84317304971775,7.480626647658653,6.360403475641554,6.601216437521912,7.684440553078414
2022_12_LA_KC,2022,12,2022-11-27T16:25-05:00,16.0,10.16056465017212,13.672157270217628,1.7814655172413794,15.027364608057463,14.940616877015026,15.58519381998859,14.459003319657654,15.598752645709332,16.311740627399757,12.440198959789061,15.619748700704083,15.694145488182453,14.940616877015026,14.07496500974004
2022_12_NO_SF,2022,12,2022-11-27T16:25-05:00,13.0,8.10910893885363,10.059358131994122,1.7814655172413794,9.56200105500806,10.246685514441642,10.681058837579208,11.167160830593648,10.743142110810464,10.498655366903094,10.189270349031332,10.695340669112353,9.989003079456019,10.246685514441642,10.384680487975821
2022_12_GB_PHI,2022,12,2022-11-27T20:20-05:00,7.0,6.732258897635124,4.829050152464791,1.7814655172413794,2.6451834147025535,4.066320234661189,3.2188966690745726,2.4522556467220853,2.9733661948329626,3.024047607974824,4.889656257143671,2.879602310914609,3.702509476590511,4.066320234661189,3.093954691930741
2022_12_PIT_IND,2022,12,2022-11-28T20:15-05:00,-7.0,4.552677039587984,2.4210283942083985,1.7814655172413794,4.077260869938183,3.0192205714847673,3.8262667430397954,3.318252235153912,3.815122515274556,4.314566235726624,1.726730804492865,3.890925360652569,5.843743114830034,3.0192205714847673,3.88051743861116
2022_13_BUF_NE,2022,13,2022-12-01T20:15-05:00,-14.0,-0.20292909485920596,-0.8444858843523935,1.7814655172413794,-2.402189173021213,-2.4848383640264373,-1.9338149129133133,-0.5241131173959395,-1.9838830323267933,-1.4936861586535577,-0.9861693376761083,-1.927558483626549,-2.37682969071426,-2.4848383640264373,-2.191872821162204
2022_13_CLE_HOU,2022,13,2022-12-04T13:00-05:00,-13.0,-2.4670071445472903,-5.598724857822489,1.7814655172413794,-7.229689687391657,-6.393114282816402,-6.839354767908004,-7.332029365464448,-6.800252538806379,-6.843458856927375,-5.502663441351148,-6.720940855394234,-6.348452802497147,-6.393114282816402,-7.022463275056925
2022_13_DEN_BAL,2022,13,2022-12-04T13:00-05:00,1.0,8.478307211645193,8.947081171548719,1.7814655172413794,7.926655065183069,8.451654804178645,7.837376266064666,6.308162583661625,7.733458407008038,6.897217707423419,8.990860020118658,7.843453124628972,6.909258705136903,8.451654804178645,8.064882214115107
2022_13_GB_CHI,2022,13,2022-12-04T13:00-05:00,-9.0,-1.0171825619775219,-2.393771235480957,1.7814655172413794,-5.302910437657934,-3.659981713869022,-4.342873987208511,-5.466746257648839,-4.415494758451923,-5.285774102597886,-3.2241297385106735,-4.580746647609513,-3.7717285964359433,-3.659981713869022,-4.7233808543794815
2022_13_JAX_DET,2022,13,2022-12-04T13:00-05:00,26.0,3.234291723759708,2.7769032932254105,1.7814655172413794,3.5691836577816027,2.92477057686414,2.3208171299282885,2.4955170002409477,2.407054076461879,2.3214803508687067,2.314029846115932,2.375435085444138,1.988361803875647,2.92477057686414,2.3635534978156167
2022_13_NYJ_MIN,2022,13,2022-12-04T13:00-05:00,5.0,3.205586566550582,3.1431523785712567,1.7814655172413794,4.064922547185906,3.4199365360673277,3.1776248038205566,1.8373776570080291,3.111444808387035,3.9105442305788958,3.2566813960687764,3.12173067474038,3.7114661146686463,3.4199365360673277,2.473818979919115
2022_13_PIT_ATL,2022,13,2022-12-04T13:00-05:00,-3.0,2.499310275043154,1.1341080221115496,1.7814655172413794,2.696500806135596,1.9657791516185268,1.6280981688129652,1.0680691590930498,1.6200595560927633,2.1884580117982666,0.449828626729544,1.715068903583696,2.307088569151868,1.9657791516185268,1.650937768637735
2022_13_TEN_PHI,2022,13,2022-12-04T13:00-05:00,25.0,4.030074520891114,3.6941716220677097,1.7814655172413794,3.372695356306757,3.325363858658192,2.021079717344556,2.2431343381529256,1.9774612019196909,0.5586601531753443,2.7403213218548,1.9957335443821158,2.6438600549940943,3.325363858658192,2.3579518906502868
2022_13_WAS_NYG,2022,13,2022-12-04T13:00-05:00,0.0,-0.2961173722861874,-1.7482692579899048,1.7814655172413794,-0.6440899396321078,-0.5247692571218492,-0.8868589870978143,-0.8829315860169562,-1.0096857543748203,-0.4863644831518959,-2.30772894442345,-0.797757287300753,-0.47951336632488045,-0.5247692571218492,-0.24619889810261752
2022_13_MIA_SF,2022,13,2022-12-04T16:05-05:00,16.0,5.896452209878365,6.073394768670624,1.7814655172413794,5.8917532990637715,5.10108312269138,4.857558238300743,4.2905873402467325,4.873253652020104,3.9484898518613623,5.828548835259717,5.401524354105756,4.261470662758916,5.10108312269138,5.063702886309472
2022_13_SEA_LA,2022,13,2022-12-04T16:05-05:00,-4.0,-1.3223561075765233,-3.186580503472745,1.7814655172413794,-3.7679751112357778,-6.422056229126466,-7.411575050039299,-7.416301625469448,-7.470063106807843,-7.629529197661811,-4.871036732151045,-7.476871714828247,-7.30587583759557,-6.422056229126466,-6.474963346623354
2022_13_KC_CIN,2022,13,2022-12-04T16:25-05:00,3.0,0.4210825318169804,-2.4577728679035404,1.7814655172413794,-2.7445935732839346,-2.3492324763539782,-2.589844302112343,-2.607327450426814,-2.503775418630742,-1.669516648977948,-1.5380798392808623,-2.8961754864569573,-2.349791943565047,-2.3492324763539782,-2.7139442842173174
2022_13_LAC_LV,2022,13,2022-12-04T16:25-05:00,7.0,2.4529311289614237,2.7154746260078095,1.7814655172413794,1.0525598255538762,1.7979161285277097,0.7350685987451147,0.7360292826468291,0.7263578149483781,0.8210811102285831,2.1864503605961487,0.6498038086875011,1.2704455251482514,1.7979161285277097,-0.6288458128046857
2022_13_IND_DAL,2022,13,2022-12-04T20:20-05:00,35.0,10.193432174319408,12.401255991555988,1.7814655172413794,11.407559339726376,11.898179894801297,10.940722972970935,10.68377458051673,10.890606802164172,9.865965338468115,12.353056277266422,10.922849137350141,10.185832695636346,11.898179894801297,10.353809163659651
2022_13_NO_TB,2022,13,2022-12-05T20:15-05:00,1.0,4.936278087711971,5.040876598024544,1.7814655172413794,5.177972048158301,5.411705447521976,5.242089505781549,5.624509563188399,5.503206278622953,5.321594886317011,4.0133534610800226,5.234525702886498,5.378785595062097,5.411705447521976,5.935101423405609
2022_14_LV_LA,2022,14,2022-12-08T20:15-05:00,1.0,-0.22063252235222297,-0.5819835196762307,1.7814655172413794,0.5741141071537343,-0.14363352466402968,0.12222489885775656,0.8058787677511189,0.06928511440613838,0.0193228228644845,-0.9106655031278048,-0.06374680729222909,-1.160871171323787,-0.14363352466402968,0.05941665174899491
2022_14_BAL_PIT,2022,14,2022-12-11T13:00-05:00,-2.0,-1.6167069480020526,-0.10965734608966038,1.7814655172413794,0.8349267202581246,0.5518050156644154,0.557597345827018,2.4946532147814002,0.620009854570552,0.6928860581279692,-0.1934125212383726,0.38593868087894867,0.2526768301485376,0.5518050156644154,-0.7395537231577463
2022_14_CLE_CIN,2022,14,2022-12-11T13:00-05:00,13.0,6.97046249295005,6.648755425799678,1.7814655172413794,5.4055040189235335,6.565098309122469,5.89009593348662,4.147844981406063,5.81029406944436,6.612899720289977,6.197906653869673,5.720150914463798,5.786905770085877,6.565098309122469,5.499162522345969
2022_14_HOU_DAL,2022,14,2022-12-11T13:00-05:00,4.0,16.591292078838414,20.003800497560178,1.7814655172413794,20.265622554728797,19.5111724086711,19.423260004824275,18.583973374324387,19.391965955135028,18.343423413660012,19.70492195116592,19.269546517324926,19.53573725522034,19.5111724086711,18.1983959309876
2022_14_JAX_TEN,2022,14,2022-12-11T13:00-05:00,-14.0,7.406606100842426,4.506309273181261,1.7814655172413794,5.382548260555565,6.393662024352606,6.975520136164858,6.202791962729001,7.175086778661047,8.429713187446568,4.953847805803658,6.835139076724999,6.611280235805447,6.393662024352606,7.207109950736806
2022_14_MIN_DET,2022,14,2022-12-11T13:00-05:00,11.0,0.14741425016072407,0.6809607299539129,1.7814655172413794,1.387990996419144,0.9355832877863071,0.719359644735361,2.605269934879152,0.46008221889090173,0.19129042868593316,0.9758842812463455,0.7129777509070605,-0.11801394457681469,0.9355832877863071,1.2638730898555388
2022_14_NYJ_BUF,2022,14,2022-12-11T13:00-05:00,8.0,9.290610766963272,8.266044751669506,1.7814655172413794,9.597602228764625,9.485025327887382,9.084636550035782,7.221185547666054,9.01012397431526,9.474916147002677,8.274721845565628,8.957347583625106,8.916178700981593,9.485025327887382,9.84232127006792
2022_14_PHI_NYG,2022,14,2022-12-11T13:00-05:00,-26.0,-5.378526218749477,-6.801956488094113,1.7814655172413794,-7.256334156621719,-6.960115628218938,-7.365927362477017,-7.279302299359511,-7.347846260893059,-7.191885916082523,-7.938804010656992,-7.231823971717665,-7.351812402592018,-6.960115628218938,-7.211411879721014
2022_14_KC_DEN,2022,14,2022-12-11T16:05-05:00,-6.0,-5.958819904169719,-10.381096111751102,1.7814655172413794,-9.81122867765682,-10.452489720364172,-10.253564661238354,-8.354701764529544,-10.078694999830716,-10.196453288999217,-10.026461290967665,-10.323770024447539,-9.366023079913408,-10.452489720364172,-9.452746082003635
2022_14_CAR_SEA,2022,14,2022-12-11T16:25-05:00,-6.0,6.799354332585844,6.336003146574651,1.7814655172413794,6.069880556194747,8.410500887566293,8.491698241843228,8.607068326695845,8.413811423087623,9.109244272291049,8.167618588347125,8.527853405262151,7.3274699163196555,8.410500887566293,8.334406333332417
2022_14_TB_SF,2022,14,2022-12-11T16:25-05:00,28.0,7.459451451151134,5.139723253730786,1.7814655172413794,3.4052899875361113,3.4049574438892707,3.3416197107394447,2.5599066812309546,3.145121853571828,2.9394044003139213,8.293159295801125,3.295689488882555,2.717415775307082,3.4049574438892707,3.2136398730900666
2022_14_MIA_LAC,2022,14,2022-12-11T20:20-05:00,6.0,0.8929222258515099,0.4334351293525706,1.7814655172413794,1.156451259529817,0.11346797066019781,-0.10492070438094936,-0.48548613458982387,-0.0672586536477644,0.002071842404502422,0.05714944113637388,0.131730257186783,-0.5784866816848093,0.11346797066019781,0.1356123267475038
2022_14_NE_ARI,2022,14,2022-12-12T20:15-05:00,-14.0,-2.0672112522872306,-1.8011690682213608,1.7814655172413794,0.7343911046506177,0.25337861433474596,0.1539354295750548,1.6079419095045244,0.05526513923659171,-0.5368431502429454,-1.308717239822662,0.15883732162699893,0.36371256491051285,0.25337861433474596,0.05819687919579078
2022_15_SF_SEA,2022,15,2022-12-15T20:15-05:00,-8.0,-4.340652098784006,-3.002644623201257,1.7814655172413794,-3.4549301468476807,-0.8233095431412005,-0.8987236178841496,0.587599122080495,-0.7977068305123378,-0.10025983988633547,-4.5336340708721465,-1.1699338736663947,-1.5693866672324335,-0.8233095431412005,-2.1015261316006186
2022_15_IND_MIN,2022,15,2022-12-17T13:00-05:00,3.0,7.003641063164379,5.741490770602172,1.7814655172413794,3.6746378420464074,4.879105229998841,3.673197184130767,1.9765099546279943,3.7061712453548585,4.273442087451064,5.277438942547293,3.880875012405434,3.3104014492253793,4.879105229998841,3.772301688015034
2022_15_BAL_CLE,2022,15,2022-12-17T16:30-05:00,10.0,-0.5412458585629052,0.628204957639632,1.7814655172413794,3.5344197833945445,1.4152838796966036,1.7309936959878378,3.541840894844518,1.9117621471995505,2.573592723717677,-0.6551050094999389,1.6390102746124244,2.1453836240206963,1.4152838796966036,0.7995630297714527
2022_15_MIA_BUF,2022,15,2022-12-17T20:15-05:00,3.0,9.45920929366552,7.247918312361946,1.7814655172413794,7.33084700291761,6.98697998206353,6.724035349437253,3.9399869688102878,6.7980979792800795,7.148249478287746,7.455152782579608,6.7271175757039545,6.120383702084807,6.98697998206353,7.376719074872689
2022_15_ATL_NO,2022,15,2022-12-18T13:00-05:00,3.0,4.300082943596143,2.5281059971265334,1.7814655172413794,4.619297629571351,4.964561814243983,4.9484871452215895,4.650571501172928,4.805750385543885,4.9853629162376585,2.3680732602109824,4.909138494511162,5.398133630533687,4.964561814243983,5.363622018731352
2022_15_DAL_JAX,2022,15,2022-12-18T13:00-05:00,6.0,-6.518377747603186,-7.444687797769031,1.7814655172413794,-8.76360358629369,-8.937109011236348,-8.958745527878937,-7.746646405998015,-9.14427955584624,-7.897939507044451,-7.286349658551281,-8.88060815638152,-9.143567386794022,-8.937109011236348,-8.655115300792266
2022_15_DET_NYJ,2022,15,2022-12-18T13:00-05:00,-3.0,3.160689044555581,-1.670414706718561,1.7814655172413794,-1.4905070373118425,-1.5490440632694977,-1.7278390232375571,-3.01515307653682,-1.5596263673240387,-1.4866086210658565,-1.0463576876620229,-1.6744803785999605,-1.5924335320987895,-1.5490440632694977,-1.463333604593302
2022_15_KC_HOU,2022,15,2022-12-18T13:00-05:00,-6.0,-9.268240015045203,-17.188939180446432,1.7814655172413794,-18.567197999883014,-17.678393049947154,-17.751382879780316,-16.80505949003619,-17.642689076231196,-17.355448683180562,-15.798294167627398,-17.715883362608075,-17.104616138466092,-17.678393049947154,-15.356370439620951
2022_15_PHI_CHI,2022,15,2022-12-18T13:00-05:00,-5.0,-8.888313932819063,-10.169838058859032,1.7814655172413794,-11.117177134009852,-11.378679687144526,-11.533429571464765,-10.700092369445981,-11.468562634013669,-11.695954017653015,-10.656874750906894,-11.566635872495677,-11.692656702830888,-11.378679687144526,-11.068851046979947
2022_15_PIT_CAR,2022,15,2022-12-18T13:00-05:00,-8.0,2.588428200507006,0.9021772040876322,1.7814655172413794,-1.2681571425598444,-1.3012000872230436,-1.545440208268219,-1.4702320902460793,-1.4639410660369836,-2.1612118018534074,-0.5396151469591767,-1.484170824768327,-0.21825147435851244,-1.3012000872230436,-1.6492490191433242
2022_15_ARI_DEN,2022,15,2022-12-18T16:05-05:00,9.0,2.4509430570932276,-2.209963303000119,1.7814655172413794,-3.921265568343424,-3.428907415959849,-3.677817670171745,-3.9600390502991862,-3.674046312611353,-2.8395929289542776,-2.322430541818179,-3.679881413455315,-3.1560176780418527,-3.428907415959849,-1.8702311304481776
2022_15_NE_LV,2022,15,2022-12-18T16:05-05:00,6.0,-1.3590774472824587,-1.66948467390106,1.7814655172413794,-1.1741204562768068,-1.0532307312051645,-2.4097744064720183,-1.5889080707077252,-2.486974536341479,-3.3122589802751814,-2.7337642614726754,-2.474221048783674,-1.2631729170068267,-1.0532307312051645,-1.889119383257736
2022_15_CIN_TB,2022,15,2022-12-18T16:25-05:00,-11.0,-2.658768135408537,-2.5812883631402572,1.7814655172413794,-2.578206494179945,-3.1854451703428133,-3.5790735315274045,-2.2643434972415393,-3.568746845084731,-4.160718230276656,-3.5006843326837274,-3.483285185443325,-2.8205601281363135,-3.1854451703428133,-3.748034459629308
2022_15_TEN_LAC,2022,15,2022-12-18T16:25-05:00,3.0,3.099112348937854,4.553264101099428,1.7814655172413794,4.478718114077027,3.6166346861762575,2.2007391481996046,2.2738832241135087,2.1778230352533896,1.1028319246835097,3.0018973189662694,2.227251759664458,2.603537894439094,3.6166346861762575,1.5882529307624387
2022_15_NYG_WAS,2022,15,2022-12-18T20:20-05:00,-8.0,6.751699766443259,7.123185669928661,1.7814655172413794,5.548928062060856,5.353252666208517,5.39238443445211,5.543986393005092,5.485972906736951,4.523989533807557,7.22033765566718,5.280558885611315,5.106601214050678,5.353252666208517,5.352269862307707
2022_15_LA_GB,2022,15,2022-12-19T20:15-05:00,12.0,5.134377873434823,5.153592891843044,1.7814655172413794,6.042003231926374,5.172425254940272,5.776597808083033,6.098186128881563,5.897138663679618,5.945321818217782,5.796712405992721,5.921629086248581,6.358230783718142,5.172425254940272,6.212047798124802
2022_16_JAX_NYJ,2022,16,2022-12-22T20:15-05:00,-16.0,4.807994690141328,1.5433315053446965,1.7814655172413794,2.3476218467948478,2.5545864275432075,2.2574562357503885,0.701252770377133,2.4304928878566563,3.032892370529692,2.1415450413821095,2.2587025303151798,2.0346663347266256,2.5545864275432075,1.5470272461525736
2022_16_ATL_BAL,2022,16,2022-12-24T13:00-05:00,8.0,6.582940532953289,3.6317816111940315,1.7814655172413794,4.1153558172390365,4.991440650327057,5.281247404483409,4.25517322533672,5.314830334463723,5.021362428955528,4.747060504690648,5.092245512595408,4.933684705645559,4.991440650327057,6.5606220146918846
2022_16_BUF_CHI,2022,16,2022-12-24T13:00-05:00,-22.0,-8.981512920571197,-10.692288267802974,1.7814655172413794,-11.898615412751203,-11.705531615263016,-11.91686944616869,-9.48990170411996,-12.020009967584752,-13.1567210451394,-11.168751575631616,-11.947894300256145,-11.572851967101844,-11.705531615263016,-10.920096828215971
2022_16_CIN_NE,2022,16,2022-12-24T13:00-05:00,-4.0,0.5066194325302051,-1.8991284908785597,1.7814655172413794,-3.4134554100411396,-3.105076546879529,-2.7268836296162813,-2.087261271598499,-2.613694905581201,-2.3790047764216142,-1.7072949265988977,-2.6187032229654377,-3.1813171209510926,-3.105076546879529,-2.276292263110009
2022_16_DET_CAR,2022,16,2022-12-24T13:00-05:00,14.0,-0.8827729605950783,-2.204360998556514,1.7814655172413794,-3.334050338572287,-2.8982511518526906,-3.1029688798867516,-2.926498893753186,-2.9769758014363132,-3.4092458258947635,-3.2089738891298407,-3.1548798638657276,-2.594127598656691,-2.8982511518526906,-4.003245750443053
2022_16_NO_CLE,2022,16,2022-12-24T13:00-05:00,-7.0,3.5178110511180987,4.9225476119917335,1.7814655172413794,6.482579115233134,5.820428364425986,6.156231730017065,6.979344077316521,6.518859246704489,5.9418910545312045,4.696237675345815,6.0571797752560705,5.874054185401539,5.820428364425986,5.018412513637338
2022_16_NYG_MIN,2022,16,2022-12-24T13:00-05:00,3.0,6.308128577156403,3.6796510459011325,1.7814655172413794,3.468700254597739,2.8529729664182346,3.461460311493835,2.060836448535056,3.5401629745146996,5.2614254362169,4.0924774475091095,3.416745531957452,3.5679431178884338,2.8529729664182346,3.8745274096240885
2022_16_SEA_KC,2022,16,2022-12-24T13:00-05:00,14.0,7.8122549166183095,11.581121539860014,1.7814655172413794,13.34285373347144,10.670908989119397,10.509716221573829,10.146304813654787,10.380390109792547,9.56225953811315,8.961189972254605,10.582697979865156,10.754886682453295,10.670908989119397,9.470064120264102
2022_16_HOU_TEN,2022,16,2022-12-24T14:00-05:00,-5.0,7.35314204529384,3.4898580956878678,1.7814655172413794,3.202653942828853,2.543893573110035,3.000566065822212,3.0376638386670187,2.8046790623043223,4.261225374747545,5.35302392655964,2.896418123847213,2.3183784183371894,2.543893573110035,4.789372683314182
2022_16_WAS_SF,2022,16,2022-12-24T16:05-05:00,17.0,11.212724174911365,8.66172980131678,1.7814655172413794,9.377812559105074,8.388885239343642,8.267100844318245,6.942856238331757,8.162546758888837,8.782756181334848,10.857508573834789,8.290026417924768,8.347603917284319,8.388885239343642,9.159327367549741
2022_16_PHI_DAL,2022,16,2022-12-24T16:25-05:00,6.0,1.434442339760838,4.455009359613736,1.7814655172413794,5.811402204272231,5.356385229678255,5.634078918124777,5.603477450972831,5.833952161265111,5.104943889485763,2.4284503872144096,5.599171045631579,5.62373481440664,5.356385229678255,4.914198488915608
2022_16_LV_PIT,2022,16,2022-12-24T20:15-05:00,3.0,0.9092879566071681,1.2886556379834033,1.7814655172413794,0.6092801611638399,0.5575646456582066,1.0203733048737744,1.9120242163426198,0.8489743575991113,0.45785006113343385,2.1929381608984877,0.9716546127239669,-0.17838273039602953,0.5575646456582066,0.9916777249683779
2022_16_GB_MIA,2022,16,2022-12-25T13:00-05:00,-6.0,3.0532817287436522,0.8086340183362548,1.7814655172413794,-1.03268572716344,0.8361027079165774,0.33436029628182773,0.30978433387156823,0.3743186667050165,0.43814465233341915,0.23745718820213124,0.1399393664930586,1.0015114429489635,0.8361027079165774,0.5735312701424025
2022_16_DEN_LA,2022,16,2022-12-25T16:30-05:00,37.0,1.5034704858586743,1.2154673032189867,1.7814655172413794,0.4907153685799117,1.1842506321926989,0.217727035105302,-0.12800473226397768,0.12439425504302751,0.3282747886398829,1.2219182467343366,0.12016394169387762,-0.9537967352483148,1.1842506321926989,0.09481844055590294
2022_16_TB_ARI,2022,16,2022-12-25T20:20-05:00,-3.0,0.6201943210114922,-0.5401031717022475,1.7814655172413794,-3.2465165722935465,-2.9536706184338186,-2.608327786995415,-2.4282887380546416,-2.5974554531552885,-2.790779023894623,0.6206633708887945,-2.6697656164245838,-3.3175291681056143,-2.9536706184338186,-3.175014296324676
2022_16_LAC_IND,2022,16,2022-12-26T20:15-05:00,-17.0,-0.4287194646759529,-2.7800362442050917,1.7814655172413794,-5.131118224407452,-4.743163510554066,-3.494775642496328,-3.202974646111657,-3.5473665549702558,-2.9676328632955853,-2.4131100734421533,-3.506257684816407,-2.6202740926450607,-4.743163510554066,-3.283400764116369
2022_17_DAL_TEN,2022,17,2022-12-29T20:15-05:00,-14.0,-4.934362367435158,-11.09537320985308,1.7814655172413794,-12.127145456715322,-11.80996954759376,-11.683231888126262,-10.141718096283244,-11.794472705060455,-10.161280966604759,-9.309236865900923,-11.649468912772733,-12.32061430148027,-11.80996954759376,-9.764313490784213
2022_17_ARI_ATL,2022,17,2023-01-01T13:00-05:00,1.0,3.122220085498618,3.3229710895355162,1.7814655172413794,4.0407984692615715,3.3165337705415316,2.5652730660407457,1.6881271219156102,2.430331693483927,3.115374204119326,2.5685975522714197,2.6171116135249988,2.7216348772593664,3.3165337705415316,1.9579778416627684
2022_17_CAR_TB,2022,17,2023-01-01T13:00-05:00,6.0,3.0844981575557364,4.066324271304599,1.7814655172413794,6.459570965582664,4.938338104455297,4.699376617085725,5.1717835626243875,4.764697190040071,4.694407083217006,3.357060028535576,4.318807438196377,4.621413716477862,4.938338104455297,4.660338092782965
2022_17_CHI_DET,2022,17,2023-01-01T13:00-05:00,31.0,7.530475658375947,8.219010360859212,1.7814655172413794,8.685261085646003,8.299266185240747,8.416783165145212,8.577396517947822,8.20704759420081,9.177631499970634,8.107349445269485,8.485540477170595,8.109517227401957,8.299266185240747,8.707663167652429
2022_17_CLE_WAS,2022,17,2023-01-01T13:00-05:00,-14.0,1.8015000549899667,0.5185260064776758,1.7814655172413794,-0.2896425077162257,0.5250228974914539,0.20700072868210562,-0.1302969878840109,0.012770312230927588,0.3893709870170572,0.3866141270827198,0.18126197386047416,0.01831428546038394,0.5250228974914539,0.16511451632482843
2022_17_DEN_KC,2022,17,2023-01-01T13:00-05:00,3.0,12.192780527951488,14.717048514476538,1.7814655172413794,14.037056305981663,14.555240387945428,14.19839028955668,12.978486703209523,14.135569318343775,14.09079428647043,14.16788957069653,14.499912455871929,14.311743067562407,14.555240387945428,12.957438306124226
2022_17_IND_NYG,2022,17,2023-01-01T13:00-05:00,28.0,4.085922009969353,5.09824237064787,1.7814655172413794,5.750343169553498,7.231928835866471,6.058857542295664,6.499643887407348,6.005370859403223,5.311142269942345,4.850122538040561,6.2168287438086365,5.657731875851062,7.231928835866471,5.998519369990135
2022_17_JAX_HOU,2022,17,2023-01-01T13:00-05:00,-28.0,-1.9514951959542755,-4.80945267266305,1.7814655172413794,-4.528741996170094,-3.8649078288688115,-4.3604469359684845,-4.456167112450046,-4.191110407237377,-4.233017189978996,-5.211528745038594,-4.313418008553375,-4.343178602827097,-3.8649078288688115,-4.31088142968243
2022_17_MIA_NE,2022,17,2023-01-01T13:00-05:00,2.0,4.983102693280809,5.183248720281659,1.7814655172413794,3.2281760201111034,3.561881105914985,3.698159169839603,2.914246154801119,3.826850200172462,4.019904365728198,4.280792667688356,3.713265408601961,2.5036600023293394,3.561881105914985,3.8979833165609383
2022_17_NO_PHI,2022,17,2023-01-01T13:00-05:00,-10.0,8.774848700632091,6.364927983141065,1.7814655172413794,5.683320125990094,6.633008482014381,6.7404403128180155,5.60757059371878,6.817436604547391,7.179930007478367,7.283581299229747,6.670318433038471,6.768995621361162,6.633008482014381,7.1624204974269245
2022_17_NYJ_SEA,2022,17,2023-01-01T16:05-05:00,17.0,3.3156926754238443,1.7802937799426497,1.7814655172413794,2.2866186593381705,3.9318537852290127,3.457212525365148,3.641924159261179,3.513482682558459,3.1330983396492194,2.4916929476070995,3.3564195253376794,2.845788892539206,3.9318537852290127,4.083616845230764
2022_17_SF_LV,2022,17,2023-01-01T16:05-05:00,-3.0,-5.288987506285432,-6.318896358265904,1.7814655172413794,-8.676830410497134,-7.424709299041467,-8.685623726754095,-7.913352646695353,-8.633902084039509,-8.446964195320495,-8.751053524393484,-8.756610195293927,-8.15706926208216,-7.424709299041467,-8.848648808943034
2022_17_LA_LAC,2022,17,2023-01-01T16:25-05:00,21.0,5.127458730091085,4.901069590278228,1.7814655172413794,5.123950989422426,5.087098562642576,4.96920511611794,4.104268779097442,5.062909201189794,5.518460575822285,4.998786927835814,5.030098759066162,5.83304118559633,5.087098562642576,3.5990483807378775
2022_17_MIN_GB,2022,17,2023-01-01T16:25-05:00,24.0,3.232338836406553,4.039999315549386,1.7814655172413794,6.354627628761458,4.805366559086993,4.749979415148188,5.96790615386701,4.842683512553183,3.577729454290003,4.24493445328947,4.805608532362387,4.288165251658432,4.805366559086993,5.031132419993899
2022_17_PIT_BAL,2022,17,2023-01-01T20:20-05:00,-3.0,5.038951408145542,1.3600398438199726,1.7814655172413794,0.8970534237974859,1.220955974110236,1.2556372640828353,-0.25862570490411274,1.3769404872208826,1.6441905174789526,1.7728068277480338,1.3845026698620293,1.416793362032888,1.220955974110236,2.285784936060018
2022_18_KC_LV,2022,18,2023-01-07T16:30-05:00,-18.0,-2.380590730741546,-5.987519547867111,1.7814655172413794,-10.771837765836418,-9.260856829682279,-10.46463928740096,-11.472602113986994,-10.36936067225435,-9.59577481615138,-5.270169692314251,-10.626846533021626,-9.504218895366078,-9.260856829682279,-11.061167112742456
2022_18_TEN_JAX,2022,18,2023-01-07T20:15-05:00,4.0,6.131247279896875,5.146075387521372,1.7814655172413794,6.8646796017279605,6.049289670393369,5.47953840175424,5.349665813168767,5.4025437298571415,4.2556272509843085,4.779718609648693,5.710047092992202,6.242787678593472,6.049289670393369,5.978782517284084
2022_18_BAL_CIN,2022,18,2023-01-08T13:00-05:00,11.0,7.084471442703394,8.131527404431768,1.7814655172413794,9.61356696588857,10.150768711550441,9.431134449272179,8.518288950484562,9.4418613639541,9.931585018917781,6.262170567009194,9.29166828897905,10.021217152961967,10.150768711550441,8.572375435487329
2022_18_CAR_NO,2022,18,2023-01-08T13:00-05:00,-3.0,5.4108454975639315,3.08001509842487,1.7814655172413794,3.860371947257016,2.78560557702676,2.2027142990657156,1.6175504013684168,2.089229410566051,2.3595473721481013,2.771942600754582,2.267621802911841,2.2308017611374416,2.78560557702676,3.0967013677393704
2022_18_CLE_PIT,2022,18,2023-01-08T13:00-05:00,14.0,1.734031711981956,3.229013938671791,1.7814655172413794,0.8984160522309756,2.549555035490579,1.984052227214467,1.851040447354276,1.7798002315967676,1.2158384938239064,3.722824018285829,1.905018114136904,1.3789946961805257,2.549555035490579,0.7083735079932936
2022_18_HOU_IND,2022,18,2023-01-08T13:00-05:00,-1.0,2.839336383668721,3.221611958548335,1.7814655172413794,2.0142761911228932,1.7157713498745626,1.3366215800797872,1.3113140125070588,1.1861708094925154,1.4607890501488177,1.5714204865740653,1.1900468575135614,1.870805502669949,1.7157713498745626,0.8518622767437423
2022_18_MIN_CHI,2022,18,2023-01-08T13:00-05:00,-16.0,-3.3609471164182345,-6.213337291960926,1.7814655172413794,-10.952530918508508,-7.552719843496239,-8.258752389691285,-6.88194406062161,-8.148172665270383,-7.821002800988816,-6.299045773609905,-8.32766473638657,-8.563196895718674,-7.552719843496239,-7.727484269652295
2022_18_NE_BUF,2022,18,2023-01-08T13:00-05:00,12.0,7.8863405689438775,6.474356728098596,1.7814655172413794,7.46181041797626,7.646839604029321,6.940046291325601,5.775848659779378,6.820773701048924,6.828604783962619,6.466327674166081,6.9199821097524605,7.569308934818961,7.646839604029321,6.911638512198952
2022_18_NYJ_MIA,2022,18,2023-01-08T13:00-05:00,5.0,5.155361855303342,6.142717745727577,1.7814655172413794,2.6869286725010437,3.3606817370256543,2.7856337680060665,2.579654923611959,2.5890588727501354,2.58768710324673,6.208889851616238,2.2666962579237335,3.391180717773285,3.3606817370256543,1.9672398235881454
2022_18_TB_ATL,2022,18,2023-01-08T13:00-05:00,13.0,0.32155611376267057,-0.2789211543836422,1.7814655172413794,2.842974164888239,1.9159814396195307,1.6135867597599072,1.4245718941951426,1.6075353353325417,1.8732953587278338,0.25336571880404446,1.7967862331658848,0.9616447664661258,1.9159814396195307,0.7560624022101625
2022_18_ARI_SF,2022,18,2023-01-08T16:25-05:00,25.0,13.614020304148907,13.01523182423773,1.7814655172413794,12.831386304588868,11.781692742960281,11.536528025164944,8.692570020590558,11.474623722621928,12.717555199165599,13.93475951530862,11.49640477312461,11.811364412740616,11.781692742960281,10.353704230348848
2022_18_DAL_WAS,2022,18,2023-01-08T16:25-05:00,20.0,-6.517520567555065,-7.867390859440691,1.7814655172413794,-9.758447872989413,-10.37682236517063,-10.950266754994166,-8.69981586219492,-10.986899313002219,-10.902627170937862,-8.374779614851336,-10.993315630710184,-11.295251171044416,-10.37682236517063,-10.860667879505101
2022_18_LAC_DEN,2022,18,2023-01-08T16:25-05:00,3.0,-2.6319112715965662,-5.979426624159414,1.7814655172413794,-5.203599929720022,-6.323600265002702,-5.398034445959662,-5.791490842048301,-5.221455958440287,-4.986451250469186,-6.7599868982301805,-5.392793204885885,-4.159687855776364,-6.323600265002702,-4.720076706600406
2022_18_LA_SEA,2022,18,2023-01-08T16:25-05:00,3.0,6.165657007553631,3.04442761422083,1.7814655172413794,2.018693056253774,4.197984839703204,5.036992190975732,4.022862051314287,5.193999057383991,5.986874548376398,5.099882140971065,5.1352817379022735,5.1589830256305085,4.197984839703204,5.104410976219382
2022_18_NYG_PHI,2022,18,2023-01-08T16:25-05:00,6.0,8.481885070952728,4.824862487241621,1.7814655172413794,7.3644689076900365,8.99093225299886,9.521542877189148,8.717082701634878,9.688319975303076,10.260122749217356,5.777994622203742,9.373516222527122,9.558906836314641,8.99093225299886,10.596358548484893
2022_18_DET_GB,2022,18,2023-01-08T20:20-05:00,-4.0,4.062810294448841,4.381802112094399,1.7814655172413794,6.029875548642667,4.690188682843571,4.8308245318121985,4.582637054892718,5.079055070450625,3.6599699739279306,4.157462251581172,4.9306093813400045,4.9531031278722555,4.690188682843571,4.662812336158778
2023_01_DET_KC,2023,1,2023-09-07T20:20-04:00,-1.0,4.89309469899032,5.280799539034099,1.8020069471246623,6.697440995985261,5.97236935263723,5.897636893715102,6.997190869745049,6.030105107590702,4.825008381535273,4.001128170196115,6.948434730694223,5.733118129455736,5.97236935263723,6.072725990486855
2023_01_ARI_WAS,2023,1,2023-09-10T13:00-04:00,4.0,3.9368573957551196,1.5328371045902038,1.8020069471246623,2.916480173880501,1.4434467115531597,0.6357733392398499,1.112717922200389,0.6164340076424661,1.244035645444798,1.6958223994591157,0.5275568440408342,2.1092104660165467,1.4434467115531597,-0.04199286459105189
2023_01_CAR_ATL,2023,1,2023-09-10T13:00-04:00,14.0,2.0817247134177754,0.6581793423913003,1.8020069471246623,0.7738500537656154,2.017507824418213,1.9240298807109513,2.1173744413637605,1.8899549875548347,1.2099921769330497,0.5906942795377388,2.4013400985538125,3.630954337195177,2.017507824418213,1.8434830570540983
2023_01_CIN_CLE,2023,1,2023-09-10T13:00-04:00,21.0,-0.6826120575038295,-3.0666582767484027,1.8020069471246623,-3.1008036614748398,-4.47491908707125,-3.743607513487111,-2.8669861946752513,-3.7806259695983195,-2.934598423757652,-3.2136575611303884,-2.9452206987216245,-3.141082870931969,-4.47491908707125,-3.9870401367199153
2023_01_HOU_BAL,2023,1,2023-09-10T13:00-04:00,16.0,5.825592926207008,3.6595340971204338,1.8020069471246623,4.9581951845857155,5.666354322818709,5.760246309673201,5.347520269628282,5.80500156687702,5.724155235383309,2.7612984510646745,6.845345334711492,6.7092605015517,5.666354322818709,6.11047881221091
2023_01_JAX_IND,2023,1,2023-09-10T13:00-04:00,-10.0,-1.120132747534221,-1.7030061299696984,1.8020069471246623,-2.3523710859484384,-3.980929493956041,-4.65809744379507,-5.222131681292158,-4.483083980465227,-4.615293811512485,-3.0039747769059852,-4.402763362081269,-6.516066495155038,-3.980929493956041,-5.139409127022693
2023_01_SF_PIT,2023,1,2023-09-10T13:00-04:00,-23.0,-1.6127490900872479,-3.305678643439238,1.8020069471246623,-2.9401544910721285,-2.189054976078845,-2.4553530239798933,-2.4862913795182946,-2.439019417103382,-3.0163811858740353,-3.331827307780756,-1.0949331628840402,-2.5455224457716525,-2.189054976078845,-2.7010717369325463
2023_01_TB_MIN,2023,1,2023-09-10T13:00-04:00,-3.0,3.28823996827274,1.538941670456745,1.8020069471246623,0.04261428288495517,0.6699305018366777,0.6787881965903859,0.27778744927611454,0.5697951590934118,2.451433441658338,0.7263408030476111,1.3766632087086512,0.6337347051296389,0.6699305018366777,0.3829129754938807
2023_01_TEN_NO,2023,1,2023-09-10T13:00-04:00,1.0,3.9188085973432814,4.227567165043831,1.8020069471246623,3.027683121589613,2.7971422227627034,1.865244925041183,2.42610422757254,1.5589788679996595,1.3602536994751326,3.851768710897794,1.1063802054250709,2.272824720177864,2.7971422227627034,1.7512122473401694
2023_01_GB_CHI,2023,1,2023-09-10T16:25-04:00,-18.0,-2.4682520735048783,-5.892286855112307,1.8020069471246623,-5.326668274587968,-4.598393339614688,-4.56744048353527,-5.474402739736163,-4.240162590041121,-3.8268677750111015,-6.979085044985539,-4.61290592003226,-3.0592532878250354,-4.598393339614688,-5.137784484954825
2023_01_LA_SEA,2023,1,2023-09-10T16:25-04:00,-17.0,4.095404228210294,2.081533175036106,1.8020069471246623,-0.3959878592965038,1.527343596938215,1.6869707337710156,1.2244408951993866,1.7780694759620665,1.8222526709397333,2.342174218347063,2.9781337499298686,1.530397803092424,1.527343596938215,1.4350278521349473
2023_01_LV_DEN,2023,1,2023-09-10T16:25-04:00,-1.0,1.5802881612734534,3.4392971588304047,1.8020069471246623,4.522565473968161,3.584079313436545,3.7350857759335447,4.344023955255763,3.4555068419684716,3.0986308403731697,4.174545043918156,2.1156707571775835,1.5992164214424904,3.584079313436545,3.412648652731679
2023_01_MIA_LAC,2023,1,2023-09-10T16:25-04:00,-2.0,3.072459312804362,3.5215388080745518,1.8020069471246623,3.981758200614081,3.315605846577453,3.0501621498037257,3.145062637151282,2.694205284461882,3.0851750847126187,3.341175527259078,2.90502920931764,2.4278578118553513,3.315605846577453,2.819429111856487
2023_01_PHI_NE,2023,1,2023-09-10T16:25-04:00,-5.0,1.4473197198729322,2.5356612389298894,1.8020069471246623,1.2339720124623548,1.259691114775332,1.2708199125572306,0.7687398864090831,1.490120300108766,1.2698699687506991,1.73970358576131,-0.6166035511729027,0.010416553224794622,1.259691114775332,1.8912608129734096
2023_01_DAL_NYG,2023,1,2023-09-10T20:20-04:00,-40.0,-0.5015280772088784,-1.1467805829556408,1.8020069471246623,-2.316380139186093,-0.9151036651308696,-1.764989318746109,-0.9142835791000314,-1.9248722364820332,-2.9501398980448887,-2.0761494704666807,-1.153954293931322,-1.1428129173434725,-0.9151036651308696,-1.9849638949499515
2023_01_BUF_NYJ,2023,1,2023-09-11T20:15-04:00,6.0,-2.6871060158586833,-4.192467211067521,1.8020069471246623,-2.7815837451144487,-4.091664424495355,-4.48046993757952,-4.130980206791261,-4.075878052156926,-4.1282427987693655,-5.501150091982281,-5.021392359485672,-4.149306144334835,-4.091664424495355,-4.375879555753231
2023_02_MIN_PHI,2023,2,2023-09-14T20:15-04:00,6.0,5.7231196935007755,3.893201517720467,1.8020069471246623,4.567287183885501,4.8301911819480114,4.4451585216674925,4.761857878925383,4.6346540835434755,3.679005553806337,3.9517797906989114,4.82384946917459,4.779048012496409,4.8301911819480114,5.090779257269035
2023_02_BAL_CIN,2023,2,2023-09-17T13:00-04:00,-3.0,2.822819832614468,5.476848630768832,1.8020069471246623,5.659751819712428,5.996328156961613,5.419398786763125,6.10183653159795,5.434951228911714,5.012562421188365,5.930102045781169,5.01646570859061,5.654723905681272,5.996328156961613,3.630185750040332
2023_02_CHI_TB,2023,2,2023-09-17T13:00-04:00,10.0,7.226661648312599,8.097672019886028,1.8020069471246623,10.219506846800103,9.326848874068085,8.784913981513345,10.613058858519405,8.374964454156304,7.00967864812614,8.964156810239261,8.742936505520921,8.7934446894542,9.326848874068085,9.095368652899287
2023_02_GB_ATL,2023,2,2023-09-17T13:00-04:00,1.0,0.21256138305579864,-1.3619532727086523,1.8020069471246623,-0.7593981802453789,-1.1252023709948904,-1.6145665933824997,-1.5593582437367943,-1.6220733507387641,-1.6308046483741956,-1.8620926229570136,-1.626688121765219,-1.3772516828819514,-1.1252023709948904,-1.695690807773787
2023_02_IND_HOU,2023,2,2023-09-17T13:00-04:00,-11.0,2.5211915503412525,0.5759133872745066,1.8020069471246623,0.6802582231637628,0.8438470869544392,1.005229646114274,1.125191604743668,1.1191503939925531,0.8072976549717776,1.0983332635850531,1.4922623117447893,1.1343705505890016,0.8438470869544392,1.6163240143112843
2023_02_KC_JAX,2023,2,2023-09-17T13:00-04:00,-8.0,0.854999773218696,-3.3435936538099336,1.8020069471246623,-4.641360559379829,-3.385519772811623,-3.4747880176591344,-4.434649293621975,-3.581832373268857,-3.1447379735800136,-2.2863231164839033,-3.458741205136446,-2.8428885391988286,-3.385519772811623,-3.4742397250736428
2023_02_LAC_TEN,2023,2,2023-09-17T13:00-04:00,3.0,1.078493235027553,-1.7816218592399131,1.8020069471246623,-1.4139891348325198,-1.0803285614736358,-0.847001937764569,-1.3885818696817656,-0.5722966444267246,-0.4422945658105628,-1.7810217639012467,-0.8004142306672715,-1.129854626417909,-1.0803285614736358,-0.9716271590563366
2023_02_LV_BUF,2023,2,2023-09-17T13:00-04:00,28.0,6.177413802967484,5.285533517449908,1.8020069471246623,5.917431554141565,6.216873896938283,6.1710580654421285,6.412231336069292,5.81161305326401,6.215231603732898,6.643296681021169,6.072904276274189,5.6255686884416765,6.216873896938283,5.503015842860068
2023_02_SEA_DET,2023,2,2023-09-17T13:00-04:00,-6.0,5.015644933907401,6.515087958179574,1.8020069471246623,6.498344781334386,5.123010119924046,4.652108523408723,5.241722039854382,4.2207039092220695,4.394388481302598,5.462325631443989,4.7310179801700745,5.113497882909537,5.123010119924046,4.713613548551683
2023_02_NYG_ARI,2023,2,2023-09-17T16:05-04:00,-3.0,2.55117470235786,-0.33247337781278397,1.8020069471246623,-2.404869202762442,-2.0828508225924356,-1.9791669504821725,-3.0824425524839274,-1.8308005686944768,-2.206901891206439,-0.257366766636846,-1.9114423269322276,-0.8273735530313147,-2.0828508225924356,-1.8808240965855578
2023_02_SF_LA,2023,2,2023-09-17T16:05-04:00,-7.0,-3.1859324744815014,-5.495704522345385,1.8020069471246623,-3.173543417097606,-2.9904200370076803,-3.464704667861413,-3.3436870883957273,-3.242829891325535,-3.054997341181525,-5.909726125552217,-3.4216812106007213,-3.9441095961356094,-2.9904200370076803,-3.056810741903298
2023_02_NYJ_DAL,2023,2,2023-09-17T16:25-04:00,20.0,6.783285525049171,5.970651150485253,1.8020069471246623,7.945664452374294,7.548589982809938,8.176059464056577,9.089325752189442,8.081792037328658,7.389463482919524,6.799022719168054,8.182265497314859,8.411695481020136,7.548589982809938,9.02343420153208
2023_02_WAS_DEN,2023,2,2023-09-17T16:25-04:00,-2.0,1.6206103110048278,0.9882048977798055,1.8020069471246623,2.4259137643562987,1.4879378477272078,1.6317127681887909,1.157778689170812,1.8713219339337637,1.619708787870185,-0.4523337128018232,1.645156957856616,3.194219224244492,1.4879378477272078,1.8518199277651923
2023_02_MIA_NE,2023,2,2023-09-17T20:20-04:00,-7.0,2.5053990581028174,1.8184067220834148,1.8020069471246623,1.0292827423069615,0.7902474389849923,0.6324845648176907,0.14910453119427824,0.7069597267004389,-0.2575685807103828,1.096112714965745,0.7300149766001126,-0.20603080541505836,0.7902474389849923,1.2693760812800252
2023_02_NO_CAR,2023,2,2023-09-18T19:15-04:00,-3.0,1.0004306618424081,-1.2843618323659807,1.8020069471246623,-1.7130764244435648,-2.373272455397868,-2.084422268218492,-3.6992382008836717,-1.8203008272808607,-1.91741592345149,-1.6552569799610362,-2.0894440980837743,-1.1213634775912096,-2.373272455397868,-1.8842207237353803
2023_02_CLE_PIT,2023,2,2023-09-18T20:15-04:00,4.0,0.036963477592331095,-0.08541316314160241,1.8020069471246623,-1.7028997094005367,0.18220979521475011,-0.5632468093588137,-0.22702198027734777,-0.6932041579944179,-1.6852520936736146,0.6969526459682764,-0.12188788742893308,-1.2515373783154136,0.18220979521475011,-0.1538633935275422
2023_03_NYG_SF,2023,3,2023-09-21T20:15-04:00,18.0,10.33658598867656,12.53081272321864,1.8020069471246623,11.553709231297148,10.31723652232146,10.42301195525592,10.480059952196292,10.379191908248043,10.396552747768007,12.981169579266476,10.407553089244722,10.157813626805748,10.31723652232146,9.367163561042574
2023_03_ATL_DET,2023,3,2023-09-24T13:00-04:00,14.0,3.002613983426714,0.8824378783165219,1.8020069471246623,1.2249728078003512,1.7137814686659179,1.320707850791643,1.8028895954099888,1.1677519478337017,2.09148182752254,0.5009403617261545,1.3020636887256933,1.202798036749056,1.7137814686659179,2.8617015762806766
2023_03_BUF_WAS,2023,3,2023-09-24T13:00-04:00,-34.0,-2.833233403564515,-5.95731210026545,1.8020069471246623,-6.031535767635953,-6.3565487249547985,-6.698235382810946,-6.305156699234201,-6.53820902797755,-6.791935667540156,-5.737301651261138,-6.660401683547094,-6.681155111119341,-6.3565487249547985,-6.283109075947005
2023_03_DEN_MIA,2023,3,2023-09-24T13:00-04:00,50.0,5.629509740863089,6.88504864997892,1.8020069471246623,5.784650877779571,7.406293320671365,7.1930883718941825,8.41421332939311,7.147142963802494,6.704237897051967,7.28484260512733,7.222261335905104,6.20046918114453,7.406293320671365,7.438597248661947
2023_03_HOU_JAX,2023,3,2023-09-24T13:00-04:00,-20.0,7.780885668347028,8.458150878507931,1.8020069471246623,7.886528917292658,8.562789986344233,8.487234125070707,8.333133586207678,8.32203147307546,8.265037822608999,9.06230713596321,8.436284650885861,7.823611702060505,8.562789986344233,8.2504625323825
2023_03_IND_BAL,2023,3,2023-09-24T13:00-04:00,-3.0,6.7955676587877,7.8261103316790885,1.8020069471246623,8.256580443128783,7.454856747626733,7.857915072676833,8.35201731306335,7.846084643469956,7.535946434827082,7.541299761824986,7.7479426816269985,6.17135010926904,7.454856747626733,8.936540208033335
2023_03_LAC_MIN,2023,3,2023-09-24T13:00-04:00,-4.0,1.6138141712118341,0.5264880440602684,1.8020069471246623,-0.4127995384179579,-0.17916121035535637,-0.20283279538707477,-0.7266265286978012,-0.36097728478284835,0.4342713557031188,0.6036225798951051,-0.7047848888613637,-0.044322667027203,-0.17916121035535637,-0.6593242724467353
2023_03_NE_NYJ,2023,3,2023-09-24T13:00-04:00,-5.0,1.1713219998587352,-1.9005575797012497,1.8020069471246623,-2.633238917590536,-3.150582303109592,-3.3722134600443887,-4.468424705597229,-3.2576237638175387,-2.395694455987589,-2.4738764857929567,-3.446883106519818,-2.9285851840882424,-3.150582303109592,-3.289702459097467
2023_03_NO_GB,2023,3,2023-09-24T13:00-04:00,1.0,4.298245089282723,4.935598003596869,1.8020069471246623,4.350904100626606,4.192980543545714,4.793517975561085,4.179942292219209,4.919119860756146,4.381298079981004,5.240339588457693,4.824887015431264,4.296201182881504,4.192980543545714,5.296095721938125
2023_03_TEN_CLE,2023,3,2023-09-24T13:00-04:00,24.0,4.22255922386061,3.8679593165095465,1.8020069471246623,4.411588420930261,2.1978468885222306,1.9422347430123392,2.278939400800682,1.8993025716043754,1.6402977073116964,2.967541254420329,1.9156109950975604,2.099060590413293,2.1978468885222306,1.8379018005196532
2023_03_CAR_SEA,2023,3,2023-09-24T16:05-04:00,10.0,3.867871991919527,4.410921395983041,1.8020069471246623,3.3696387415895837,5.294897636695726,4.9359525392748,6.20145640036919,4.9133139708601234,4.405097182889424,4.927067843295383,4.966026720461901,3.4123094648269583,5.294897636695726,5.715393222869356
2023_03_CHI_KC,2023,3,2023-09-24T16:25-04:00,31.0,11.27967674878526,15.409629123052989,1.8020069471246623,17.97879944552161,16.933490745905413,16.44260975045203,19.646085565928505,16.054651520014435,14.356014117951997,14.811884440073568,16.434764064292885,15.981416994880757,16.933490745905413,16.968692707513682
2023_03_DAL_ARI,2023,3,2023-09-24T16:25-04:00,12.0,-4.85794506314917,-6.933518305326766,1.8020069471246623,-9.381457328554085,-8.111728672117165,-8.437175573039918,-8.98931241473803,-8.34490441258751,-8.019123147948227,-7.450538113197505,-8.183798877299994,-7.362138110869521,-8.111728672117165,-9.194971650831087
2023_03_PIT_LV,2023,3,2023-09-24T20:20-04:00,-5.0,1.7735211866392648,1.2684523902069473,1.8020069471246623,1.6479717608812137,1.0810936671082463,0.8659040183937414,0.1048319354213254,1.0590350433765774,1.8404613302530413,-0.9317830020294311,0.9901547659937502,1.7223749562183408,1.0810936671082463,0.9779092275643211
2023_03_PHI_TB,2023,3,2023-09-25T19:15-04:00,-14.0,-0.3808893131434914,-0.6653870938411947,1.8020069471246623,-0.026141640532148624,-0.6588454525465415,-0.7790086535444818,0.15657127336766274,-0.8430258923475034,-1.8021058616019197,-0.577360947160344,-0.835498857807619,-0.8958833066076521,-0.6588454525465415,-0.6444714378677858
2023_03_LA_CIN,2023,3,2023-09-25T20:15-04:00,3.0,3.568175541273554,2.5791766676313355,1.8020069471246623,1.1526149309552436,0.9467678436579257,0.7729331410201343,1.1149306104486127,0.8416904077153717,0.020861637091917684,2.9830300254436812,0.7540928291612076,1.1026837047675224,0.9467678436579257,0.9977677643925547
2023_04_DET_GB,2023,4,2023-09-28T20:15-04:00,-14.0,3.0945365080366565,1.9392835267740982,1.8020069471246623,1.3293970267654869,1.2780158870713016,1.621455185145304,1.1762217302365605,1.7944293274021537,1.2218627303190686,2.2939663457762025,1.6397117139105215,1.442178148315867,1.2780158870713016,1.984488765512944
2023_04_ATL_JAX,2023,4,2023-10-01T09:30-04:00,16.0,-0.146403410918168,-2.9095486642981445,1.8020069471246623,-1.7302868527788418,-1.020782252914942,-1.2371381790544609,-0.7701785882706651,-1.1584281289390357,-1.9541373774036486,-2.8693369709421255,-1.2912908738903992,-0.8539989836139172,-1.020782252914942,-0.214080291853757
2023_04_BAL_CLE,2023,4,2023-10-01T13:00-04:00,-25.0,4.12424418110351,2.0396973270325782,1.8020069471246623,-1.0939791585758634,-1.7310051969752707,-2.100296361640714,-2.5741942624358405,-2.3011401631837622,-0.5295712803908574,2.537947809268846,-2.482170465175495,-1.5393045556015794,-1.7310051969752707,-3.0600036262912766
2023_04_CIN_TEN,2023,4,2023-10-01T13:00-04:00,24.0,-0.7063824257138664,-4.222595831718154,1.8020069471246623,-4.766857644759538,-4.1481727170013105,-3.649587130580512,-3.858560376791861,-3.6545086363681096,-2.036626476215726,-3.8953561461742034,-3.8202414764300023,-3.582069575686987,-4.1481727170013105,-3.4040852679850553
2023_04_DEN_CHI,2023,4,2023-10-01T13:00-04:00,-3.0,-1.0400278273466617,-1.7701978452943272,1.8020069471246623,-4.0278708479521965,-2.554451962990366,-2.40428205618247,-2.56681794163783,-2.204251305909779,-2.6954282372075586,-1.8317537903019514,-2.3861074675945093,-3.368050206074857,-2.554451962990366,-2.448699928237709
2023_04_LA_IND,2023,4,2023-10-01T13:00-04:00,-6.0,0.5152654335771178,-3.5965700651325436,1.8020069471246623,-4.714311055922987,-4.335271684543894,-4.673328213418912,-5.377195799758569,-4.632776138035149,-5.065716614488385,-4.160622836931136,-4.641067932570671,-3.146337609535804,-4.335271684543894,-3.477386548367064
2023_04_MIA_BUF,2023,4,2023-10-01T13:00-04:00,28.0,6.126204898347323,4.535018233885346,1.8020069471246623,5.460499587773443,5.113505771856169,5.102495329977191,4.27209450360727,5.127278989942231,5.026539668600643,4.857995826218003,5.097197532263053,4.83715590420033,5.113505771856169,4.70324004753447
2023_04_MIN_CAR,2023,4,2023-10-01T13:00-04:00,-8.0,1.251304203369521,-0.9639468955583997,1.8020069471246623,-1.7307997221538312,-2.2768359878715065,-2.265962244024678,-2.535010001570475,-1.9861969332541949,-2.7703009955697486,-1.4202237381048923,-2.2885772656843293,-1.5419122160992307,-2.2768359878715065,-1.5773115360380565
2023_04_PIT_HOU,2023,4,2023-10-01T13:00-04:00,24.0,-0.3482564344330399,-3.352897656182285,1.8020069471246623,-2.5536956156722277,-2.8557322858938,-3.020448885477964,-3.651633376543362,-2.784712199940957,-2.4793456545472727,-5.088538807349722,-2.911632104306865,-1.6104985063381794,-2.8557322858938,-2.245972820094826
2023_04_TB_NO,2023,4,2023-10-01T13:00-04:00,-17.0,4.274850935446897,1.411185882734145,1.8020069471246623,0.43455746255441874,0.1828127500365926,-0.2506408642470843,-0.4502716504488662,-0.2229394361550412,1.003757358751494,0.5658075576100683,-0.21081260665639912,-0.2711097638425215,0.1828127500365926,0.43293080859089195
2023_04_WAS_PHI,2023,4,2023-10-01T13:00-04:00,3.0,8.061500196571986,9.342076406692282,1.8020069471246623,10.146885041400594,10.39463216454898,10.119602359360211,10.467387706525685,10.164729571150762,8.924878627108065,8.994980600270559,10.150567922363479,10.737474800167401,10.39463216454898,10.439690091692082
2023_04_LV_LAC,2023,4,2023-10-01T16:05-04:00,7.0,5.434831535612057,4.893367159674951,1.8020069471246623,7.353626386557349,8.910681464515623,8.831575150829872,10.18513754060031,8.764006405339277,8.793034841673666,4.934833078264527,8.737541517333213,8.686767411309832,8.910681464515623,9.734978339074235
2023_04_ARI_SF,2023,4,2023-10-01T16:25-04:00,19.0,10.42849766278545,13.108714081616942,1.8020069471246623,13.537850473008401,12.248344532260827,12.151571272926892,13.151773401963283,11.802341111181219,11.941100325943925,12.95995135045731,12.094138034956845,10.966249148046153,12.248344532260827,12.405347488737016
2023_04_NE_DAL,2023,4,2023-10-01T16:25-04:00,35.0,5.709919666424938,3.767035740770034,1.8020069471246623,5.067120812682708,4.508252956802776,4.922466405169667,5.266914007546597,5.011708404691606,4.5956308807487725,4.099884987484879,4.379527678707506,5.739160058209594,4.508252956802776,5.761443707329506
2023_04_KC_NYJ,2023,4,2023-10-01T20:20-04:00,-3.0,-4.280125619000995,-8.92782235596116,1.8020069471246623,-11.772674579730491,-11.520420249644602,-11.729128195694496,-14.004388233963903,-11.41452894597306,-9.98355334068944,-9.141221652839352,-11.748290593987202,-11.714231774143734,-11.520420249644602,-12.063683834693197
2023_04_SEA_NYG,2023,4,2023-10-02T20:15-04:00,-21.0,0.17915830051018755,0.31971370778612584,1.8020069471246623,0.7388322329698283,-0.34802063176578646,-0.36422375837159016,-0.6211006524252898,-0.4794316298233767,-0.5578794984303868,-0.7090612801422211,-0.4180966246161618,0.35923860405676566,-0.34802063176578646,-1.0894541541517293
2023_05_CHI_WAS,2023,5,2023-10-05T20:15-04:00,-20.0,7.989119490684457,7.284125587564217,1.8020069471246623,8.263801828617007,8.053024363764079,7.50287565369935,7.682391142095444,7.266667697080603,7.415673050104941,8.099556565994167,7.479331834853364,7.342286893813692,8.053024363764079,6.583740442202716
2023_05_JAX_BUF,2023,5,2023-10-08T09:30-04:00,-5.0,7.799311410875954,5.235436779719095,1.8020069471246623,5.5361291334480045,5.580430493670898,5.565343234310692,4.70445844118648,5.433090907084488,5.899915027713657,5.387999637968598,5.437158473176484,5.545059422558167,5.580430493670898,5.808485933321334
2023_05_BAL_PIT,2023,5,2023-10-08T13:00-04:00,7.0,-1.7196308321555183,-4.597250332160192,1.8020069471246623,-5.5345656684264615,-4.7183144725157256,-4.8212410292867505,-4.5623215752856785,-4.74760487593575,-4.834797660636342,-3.400829901676921,-4.743463294574042,-5.0454268388760255,-4.7183144725157256,-3.2800999177909724
2023_05_CAR_DET,2023,5,2023-10-08T13:00-04:00,18.0,7.991821790945314,7.872198280066182,1.8020069471246623,8.699719219052142,9.18325010551781,8.750519603917049,9.499502918694883,8.562034356504306,8.538470246381834,7.933647367032169,8.781670524801878,7.928446089221451,9.18325010551781,9.938136753921405
2023_05_HOU_ATL,2023,5,2023-10-08T13:00-04:00,2.0,2.216308823446333,2.4944327178518177,1.8020069471246623,0.5694214841868344,0.6519622888191781,0.7176825828353137,0.10442396949859223,0.5965060547160219,1.1357168113633045,2.91039792598259,0.6467103344363561,-0.1912842718800576,0.6519622888191781,-0.5887632148540838
2023_05_NO_NE,2023,5,2023-10-08T13:00-04:00,-34.0,2.336871638747077,3.7105790359893325,1.8020069471246623,2.569725536740777,3.1997432072677516,3.4059415380510005,3.26708253863638,3.5016786133685827,3.1704488669363493,3.4486200530205124,3.5418978217677326,2.6110610512519004,3.1997432072677516,2.928981066141908
2023_05_NYG_MIA,2023,5,2023-10-08T13:00-04:00,15.0,7.634495715464684,10.272167138824774,1.8020069471246623,10.03325428831445,10.148404279920177,10.01307803705998,10.850596439640526,9.941606227736004,9.546242595863767,10.518287856310883,9.859616764794403,10.158742779010815,10.148404279920177,9.383215963020179
2023_05_TEN_IND,2023,5,2023-10-08T13:00-04:00,7.0,0.7500537416901794,-1.0048021964087073,1.8020069471246623,-1.0099336980295472,-1.602004315028219,-2.3494830075957136,-2.4810018974520016,-2.315723617314069,-2.6487503394588527,-1.9268743097925078,-2.3310051665672153,-1.3674261384836577,-1.602004315028219,-1.8232394466579924
2023_05_CIN_ARI,2023,5,2023-10-08T16:05-04:00,-14.0,1.235875940403956,-0.9866263702619684,1.8020069471246623,-4.18693854213137,-2.8109711997178746,-2.5640970184880505,-3.5017366894489133,-2.60129072821361,-2.1796614269628156,-0.9491682290654466,-2.478371581137824,-1.3645435714698602,-2.8109711997178746,-2.691382326594355
2023_05_PHI_LA,2023,5,2023-10-08T16:05-04:00,-9.0,-0.42479738274623724,-0.5432724392836796,1.8020069471246623,0.3400717445871275,-0.5229780605969936,-0.5070492728908905,0.2691473293782946,-0.511428850294245,0.28777489204296514,-1.3030443704616776,-0.7504973168233322,-1.6230131860684485,-0.5229780605969936,-0.6487516302480624
2023_05_KC_MIN,2023,5,2023-10-08T16:25-04:00,-7.0,-2.630979844055922,-7.21769629763441,1.8020069471246623,-8.65972279447033,-7.806685175808764,-8.132977827984694,-8.952739863235987,-8.259536332073985,-6.834280608480178,-6.655333795618276,-8.126920477082209,-7.6553444961179835,-7.806685175808764,-7.942472148367587
2023_05_NYJ_DEN,2023,5,2023-10-08T16:25-04:00,-10.0,1.1334167014041125,0.5111288387334043,1.8020069471246623,2.889556057977303,1.9917375311786332,1.9144240645000292,2.630414754042419,1.7345435277549526,1.9552021781415088,0.533713775305633,1.8860638262814695,3.117626949015777,1.9917375311786332,1.5752736323328527
2023_05_DAL_SF,2023,5,2023-10-08T20:20-04:00,32.0,4.742107034399746,6.225306516936459,1.8020069471246623,4.376928666751073,4.483596496706283,4.291241228129036,4.283910998587969,3.9909052631805806,4.533150276642878,5.62076050732331,4.503362152259149,4.0655492958131525,4.483596496706283,4.316502017542607
2023_05_GB_LV,2023,5,2023-10-09T20:15-04:00,4.0,-0.40359542686449057,-1.653948100608038,1.8020069471246623,-0.3748433057000602,-1.0560552276212212,-1.6668549661442176,-1.6042435319161918,-1.5697861808596318,-1.4101423737086312,-3.5449906259728756,-1.654032226708975,-1.1841417539126002,-1.0560552276212212,-1.518947796871903
2023_06_DEN_KC,2023,6,2023-10-12T20:15-04:00,11.0,11.617372839047848,14.731596742293828,1.8020069471246623,14.419699914551863,14.920784935160066,14.80463587287475,15.081246005214005,14.681464777561025,13.425746654842293,14.328679988017777,14.837925106063711,13.660064221947447,14.920784935160066,15.06347511512011
2023_06_BAL_TEN,2023,6,2023-10-15T09:30-04:00,-8.0,-2.879704816139581,-6.809297921882051,1.8020069471246623,-6.797177439712666,-5.850368596971591,-5.5904939699063725,-5.869146125366107,-5.564789278483669,-4.625112540367468,-5.816433739602167,-5.605918541080116,-5.3230965529568905,-5.850368596971591,-4.99052308348524
2023_06_CAR_MIA,2023,6,2023-10-15T13:00-04:00,21.0,8.098219211378435,10.530300322101047,1.8020069471246623,11.29005613481008,11.975598983773983,11.672516541362388,12.701945980607656,11.665565212344113,10.962511005367872,10.469766710163015,11.434795627625283,11.379454165233547,11.975598983773983,10.809169109019832
2023_06_IND_JAX,2023,6,2023-10-15T13:00-04:00,17.0,5.730058461507621,6.021290739825352,1.8020069471246623,5.990877884798037,6.411425489283319,6.612894546622073,6.501974064017409,6.49679912419,6.536541192499941,6.6832209285583595,6.56404303407519,6.019610370962249,6.411425489283319,6.63480208125799
2023_06_MIN_CHI,2023,6,2023-10-15T13:00-04:00,-6.0,-2.3300573722396685,-5.0408415865719105,1.8020069471246623,-6.1677029116271935,-5.973739242752392,-5.697319517467229,-5.563805627943129,-5.391429514400059,-5.51896343139828,-5.425296821222716,-5.726414102156442,-5.788997020778012,-5.973739242752392,-4.373653614305987
2023_06_NO_HOU,2023,6,2023-10-15T13:00-04:00,7.0,0.1456840144342304,0.10283292047400105,1.8020069471246623,1.2622363607285783,0.546568391484324,0.738283765795781,0.2757454301044251,0.9795159141650714,0.8281131448497308,-0.40400728854362455,0.8799773439161145,1.2170129995574195,0.546568391484324,0.7009279095543877
2023_06_SEA_CIN,2023,6,2023-10-15T13:00-04:00,4.0,1.5007108079350635,1.758912088247855,1.8020069471246623,4.547893641972711,2.5171723037355864,2.4676924513206586,2.72734168924116,2.3980371220491787,2.0692693501910338,1.5017327166406584,2.3799222808268676,2.655883156124765,2.5171723037355864,1.9419200647873718
2023_06_SF_CLE,2023,6,2023-10-15T13:00-04:00,2.0,-5.4673060392039385,-16.219477214711176,1.8020069471246623,-14.584268126679156,-13.07292040476157,-13.61043965873399,-14.271025152304105,-13.349859262724186,-12.209649323071726,-12.772587987779854,-13.566909713989398,-13.746518171538721,-13.07292040476157,-12.358162081675939
2023_06_WAS_ATL,2023,6,2023-10-15T13:00-04:00,-8.0,3.3625292154676294,4.3576668375317125,1.8020069471246623,3.647267940207161,3.3107533934119227,3.402005569758167,4.014011373005925,3.318887057493562,2.749758288661673,3.79278399161087,3.079747545008656,3.4318622781372685,3.3107533934119227,3.5354109523183883
2023_06_NE_LV,2023,6,2023-10-15T16:05-04:00,4.0,3.1112206791908346,4.021132452868444,1.8020069471246623,4.177669846532441,3.543981824211209,3.4226312931428957,3.7881120340644463,3.2721233545938513,3.627969644166003,2.869278703484917,3.7404112317228866,4.507792813342982,3.543981824211209,2.3396884852911297
2023_06_ARI_LA,2023,6,2023-10-15T16:25-04:00,17.0,5.269370256268072,5.662228072683981,1.8020069471246623,8.17166535878272,6.7911140260039655,6.633016507119489,7.3262724786899165,6.565288041465325,7.863093869064186,5.215039331105174,6.759285956752292,5.187250994193501,6.7911140260039655,6.502556912103721
2023_06_DET_TB,2023,6,2023-10-15T16:25-04:00,-14.0,-0.5165263570824052,-0.2218406753404718,1.8020069471246623,0.583129986323805,-0.086888534172954,-0.25616215760657246,0.2043190471514711,-0.2986896908913008,-1.1699418621269015,0.005638145463961575,-0.2336154049917225,-0.06516946708819704,-0.086888534172954,-1.2124564985805946
2023_06_PHI_NYJ,2023,6,2023-10-15T16:25-04:00,6.0,-2.398921649618819,-3.7323892004012156,1.8020069471246623,-5.501323505735534,-5.862644820352786,-5.791846697209885,-5.85410529805984,-5.730585426085179,-4.990089878100682,-5.154631306202456,-5.805360668682476,-6.428262614317781,-5.862644820352786,-6.020047420609377
2023_06_NYG_BUF,2023,6,2023-10-15T20:20-04:00,5.0,13.85316507933646,16.256655182512787,1.8020069471246623,15.41226534296872,17.986783855850565,17.948807536053188,17.183200401580343,17.800925159542807,16.867644398543167,17.030776297117637,18.073359147225283,17.948462581166343,17.986783855850565,16.735006444211304
2023_06_DAL_LAC,2023,6,2023-10-16T20:15-04:00,-3.0,-0.2593618389786916,1.2843461864310202,1.8020069471246623,1.1176179600036829,1.5821164887973271,0.6589086050425624,2.0450682192134355,0.38033385239498174,0.5685611492280391,0.7302237207290885,0.4119361810646205,0.5275841035958624,1.5821164887973271,0.5247309898013046
2023_07_JAX_NO,2023,7,2023-10-19T20:15-04:00,-7.0,0.5594055530382969,-0.6860962119468909,1.8020069471246623,-0.43816406571463956,0.5149827420103753,-0.13313661438062518,1.2687363781988115,-0.251814688378158,-0.3862815302851469,-1.3298819460534883,-0.12064303576670943,-0.24160490617243335,0.5149827420103753,0.2818808181904626
2023_07_ATL_TB,2023,7,2023-10-22T13:00-04:00,-3.0,4.736531718130743,3.9421274073978534,1.8020069471246623,5.620581700429669,5.3467764283534,4.868646513252246,4.970264235585596,4.9504071266271925,3.978208557190511,4.076739501725067,4.830161543919449,5.265263043259328,5.3467764283534,5.097581562786489
2023_07_BUF_NE,2023,7,2023-10-22T13:00-04:00,4.0,-6.526489261265279,-8.704937685674736,1.8020069471246623,-9.384262551455947,-9.794736372280013,-10.192363187439945,-9.815692497279331,-9.868234209673933,-9.937027342895469,-9.595825408142652,-10.257908006475107,-10.964264109051882,-9.794736372280013,-9.435067709193738
2023_07_CLE_IND,2023,7,2023-10-22T13:00-04:00,-1.0,-1.8756691975453261,-1.5955298231670376,1.8020069471246623,-1.141469285874104,-1.0999979105151896,-1.2948594149137806,-1.0619116195227092,-1.4725984756298738,-1.7466275768148287,-2.608355729159408,-1.2173986789473537,-0.7462514372499147,-1.0999979105151896,-0.39832266357730955
2023_07_DET_BAL,2023,7,2023-10-22T13:00-04:00,32.0,0.17446200078785346,0.5107644102028898,1.8020069471246623,1.7150748263732827,0.4154973874290382,0.4787154864041262,0.9461659640354432,0.6484844642928043,-0.17985719049770665,-0.4196651540621017,0.6115805454162913,0.12223522750159987,0.4154973874290382,-0.7854596299569103
2023_07_LV_CHI,2023,7,2023-10-22T13:00-04:00,18.0,-1.3120986558690975,-2.5423287788909734,1.8020069471246623,-5.323326711264796,-5.159703502844462,-4.922003929711268,-4.921120758647701,-4.671486604636618,-3.939058161743124,-4.66180258647349,-5.035439486178092,-4.917820365483234,-5.159703502844462,-3.912541062850908
2023_07_WAS_NYG,2023,7,2023-10-22T13:00-04:00,7.0,0.9523051434596224,0.34342997955671006,1.8020069471246623,0.828837625459881,-1.3500779015459958,-1.4731853344818397,-1.1997685747166553,-1.3592277856935846,-0.9566055761048852,-0.7970219786095899,-1.4382938793590494,-1.2027763350073097,-1.3500779015459958,-1.0994281878063545
2023_07_ARI_SEA,2023,7,2023-10-22T16:05-04:00,10.0,7.741145184096599,7.834286981066097,1.8020069471246623,8.536310476422596,9.334676826486664,8.882385827874709,9.559117171424644,8.825673534416179,8.98853809972439,7.909038182739455,8.916887477146558,7.730692908583718,9.334676826486664,8.717476827155473
2023_07_PIT_LA,2023,7,2023-10-22T16:05-04:00,-7.0,4.449462518201338,2.9687302056827445,1.8020069471246623,4.184313183312254,3.7154479045335895,3.3934423988546634,3.3215274728673987,3.4441637332904955,4.002029816170622,1.6398900741864173,3.402053420348253,3.512360103214136,3.7154479045335895,3.731171926775538
2023_07_GB_DEN,2023,7,2023-10-22T16:25-04:00,2.0,-1.6679302589932599,-3.434015787722208,1.8020069471246623,-0.6258320546124558,-1.9458829726311075,-2.4552421212014703,-1.9373781632651639,-2.4180894483707602,-2.151049989404462,-4.546609568154358,-2.4704084256120744,-1.395904875395808,-1.9458829726311075,-3.013886941995797
2023_07_LAC_KC,2023,7,2023-10-22T16:25-04:00,14.0,6.966103480853415,8.472584089802352,1.8020069471246623,8.595259990281242,8.05024507728423,8.321245121807921,8.304071484890919,8.368564441070856,7.688644801958846,7.704693958878139,8.295833316675132,7.918129233494692,8.05024507728423,8.402252005643732
2023_07_MIA_PHI,2023,7,2023-10-22T20:20-04:00,14.0,2.9680338686977494,1.1568005175486076,1.8020069471246623,1.6773861796693494,1.1417782242929897,0.8452035351003857,-0.1214742968662671,0.834901532556038,0.6303295870793177,1.690440704330025,0.8147852007758273,0.9998605389117655,1.1417782242929897,0.9082251251235486
2023_07_SF_MIN,2023,7,2023-10-23T20:15-04:00,5.0,-6.145649509098247,-8.125799006376575,1.8020069471246623,-7.175299802415697,-6.860958142455603,-7.407442313558152,-6.817578593883482,-7.431566514322693,-7.414363310701229,-8.051314105711064,-7.399805587726934,-7.173185322771997,-6.860958142455603,-7.9921384621261655
2023_08_TB_BUF,2023,8,2023-10-26T20:15-04:00,6.0,9.373567093882293,9.940159966080682,1.8020069471246623,9.8358399257953,10.741094420408576,10.941934452546949,10.162488000712258,10.840608243960322,11.497138433315666,9.6912175800131,10.877801531045936,10.768195381459282,10.741094420408576,10.528444280416672
2023_08_ATL_TEN,2023,8,2023-10-29T13:00-04:00,5.0,3.222052149860191,-0.030732767689185536,1.8020069471246623,-1.200326811619097,-2.8272543174644857,-3.070683482383365,-3.302730898101681,-2.982047344494874,-1.5692553445583446,-0.2666371343837939,-2.3424486591907843,-2.9581089509334983,-2.8272543174644857,-2.3207280878629724
2023_08_HOU_CAR,2023,8,2023-10-29T13:00-04:00,2.0,-0.8787643731662889,-2.2972518519636766,1.8020069471246623,-4.154572021168734,-3.753970862951004,-3.8111568706551893,-3.520207734582367,-3.9145023358076396,-3.3634918585447835,-2.3955497828296717,-3.926758374791363,-3.795587281791178,-3.753970862951004,-3.9169061021889098
2023_08_JAX_PIT,2023,8,2023-10-29T13:00-04:00,-10.0,-0.5030768761365829,-1.2177445404816636,1.8020069471246623,-0.9141797608397629,-0.15396231852608788,-0.25275273140997356,0.6468656226208562,-0.14315808765898863,0.21768579062276194,-0.7492220382048205,-0.3571013049353182,-1.0823144964164464,-0.15396231852608788,-0.5146207142345017
2023_08_LA_DAL,2023,8,2023-10-29T13:00-04:00,23.0,6.5298967383919155,5.698689253669523,1.8020069471246623,4.6412868814365345,4.664887362099369,5.131842819936571,3.8314184055092957,5.057349671296896,5.064936861078488,5.878704455913461,4.964575093600512,5.863451888539231,4.664887362099369,4.88483499336115
2023_08_MIN_GB,2023,8,2023-10-29T13:00-04:00,-14.0,1.996929070632646,1.1206861824409167,1.8020069471246623,-0.08028410847081746,-0.15630066854680225,0.1419029487177279,-0.07769860463629463,0.23873981586176285,0.6819904523646045,1.4364835873249955,0.14711385478914035,-0.40809206988030755,-0.15630066854680225,0.41402462907193627
2023_08_NE_MIA,2023,8,2023-10-29T13:00-04:00,14.0,6.4273823257280895,5.489513240602653,1.8020069471246623,5.667301726365416,6.419222546823141,6.294047439005073,6.934034865883617,6.350450799283788,6.294603270701554,5.097481978514118,6.21294149247209,7.391663667645168,6.419222546823141,6.429122296275589
2023_08_NO_IND,2023,8,2023-10-29T13:00-04:00,-11.0,0.1526753609739977,-2.4697974045964264,1.8020069471246623,-2.4957236269016314,-3.2510893187658847,-2.9284776968883084,-3.4971169757579132,-2.8731797918712036,-1.7167020494212668,-2.7295510079423493,-2.908081496680101,-2.5048886147162577,-3.2510893187658847,-2.800114856088659
2023_08_NYJ_NYG,2023,8,2023-10-29T13:00-04:00,-3.0,-0.418340888622589,-1.9070829867321515,1.8020069471246623,0.8876310286719868,-0.6422682798397492,-0.9075482067488738,0.7411652291811635,-1.0572325656334938,-0.2784460296050475,-1.425652517642162,-0.8584659886603754,-0.6315335020531077,-0.6422682798397492,-1.290972469008212
2023_08_PHI_WAS,2023,8,2023-10-29T13:00-04:00,-7.0,-4.2442811225869335,-6.754418898783331,1.8020069471246623,-6.758868399951746,-6.663351415705229,-6.598760246180409,-5.493706144906762,-6.698508162444854,-6.184936917456773,-6.903138406688048,-7.0258494004152166,-7.337834258376779,-6.663351415705229,-5.674077805284153
2023_08_CLE_SEA,2023,8,2023-10-29T16:05-04:00,4.0,2.646781631691071,7.100498438826229,1.8020069471246623,5.968769165712842,6.429451055437848,6.30449121425448,7.76854721717001,6.285487800666905,5.6882367058912715,4.239334227997536,6.398479842822232,5.9336573473285315,6.429451055437848,6.21843990315418
2023_08_BAL_ARI,2023,8,2023-10-29T16:25-04:00,-7.0,-5.044624656941,-7.564924855796388,1.8020069471246623,-10.100307291325194,-8.686268263200246,-8.864813463605547,-9.586310000868945,-8.579292918919371,-9.32318840600264,-7.661000319076559,-8.791522179320895,-7.765686240501623,-8.686268263200246,-8.352486904516475
2023_08_CIN_SF,2023,8,2023-10-29T16:25-04:00,-14.0,9.22398990271376,6.392030317534282,1.8020069471246623,2.256279872998415,2.4569275443465615,2.756629234089161,2.9341417429258527,2.471184757785114,3.1553851276254443,7.999035383801919,2.7990040546525505,2.835254521113161,2.4569275443465615,3.3223361801155087
2023_08_KC_DEN,2023,8,2023-10-29T16:25-04:00,15.0,-6.777214382702171,-10.378361951581347,1.8020069471246623,-10.163289002077507,-10.772410632210313,-10.97947598140762,-11.040323152101607,-10.819235611563327,-10.643155604950124,-10.520204054381846,-11.115804793241008,-10.061267349538566,-10.772410632210313,-11.138212955535082
2023_08_CHI_LAC,2023,8,2023-10-29T20:20-04:00,17.0,6.903279854861047,8.075293110348184,1.8020069471246623,9.775457689274749,9.777743543556248,9.367235097760599,9.006818719817979,9.363514315485524,9.655389643144565,7.470294368722372,9.293533020260277,9.311769821084063,9.777743543556248,8.681294953013579
2023_08_LV_DET,2023,8,2023-10-30T20:15-04:00,12.0,8.68659257704591,4.8660041822535165,1.8020069471246623,4.251931997745468,5.371406259090625,5.215809071030471,4.1299711014181355,5.19598612286007,6.613134912460444,6.127218133968792,5.178192920600772,5.146203196356707,5.371406259090625,6.146997172405296
2023_09_TEN_PIT,2023,9,2023-11-02T20:15-04:00,4.0,2.86513511341178,3.128808770601247,1.8020069471246623,3.9384706084020356,4.515242108533196,4.234652248738702,4.467581172196345,4.394545838211004,2.8783558915615965,3.90104937259831,4.208623267189913,3.9329250979348416,4.515242108533196,3.766337332423855
2023_09_MIA_KC,2023,9,2023-11-05T09:30-05:00,7.0,1.5204987883263663,2.1134586793956474,1.8020069471246623,4.2253404928466445,2.771585358490812,2.769567809542642,2.7675175465819466,2.6651348427486066,2.3013823168122842,1.6889323909668987,2.7879050478823615,2.3698149685186896,2.771585358490812,1.854133656996478
2023_09_ARI_CLE,2023,9,2023-11-05T13:00-05:00,27.0,7.978353547897294,6.29667456578567,1.8020069471246623,8.630047372671854,8.02754886678072,7.940386125808695,7.119513964541953,7.921963423975001,9.098587858837952,5.49675308984705,7.812518428974609,7.370224933460438,8.02754886678072,8.008130226234687
2023_09_CHI_NO,2023,9,2023-11-05T13:00-05:00,7.0,7.861616037243482,9.00652280231987,1.8020069471246623,9.632191812383219,9.880487325107792,8.996539108691318,8.919566346672799,8.961818118455799,8.304311207770567,8.024960893635903,8.753992195037078,8.933137103502329,9.880487325107792,8.388821398050666
2023_09_LA_GB,2023,9,2023-11-05T13:00-05:00,17.0,2.729099296814695,3.1247345492643914,1.8020069471246623,5.395972907979312,4.704708690198196,5.358207576814678,4.777889094030002,5.347936083962615,5.156057828521895,3.4658758487571886,5.351392645670899,5.596757035048751,4.704708690198196,4.809579554229892
2023_09_MIN_ATL,2023,9,2023-11-05T13:00-05:00,-3.0,-1.6946436577101753,-4.3769451706730464,1.8020069471246623,-3.7868767904354224,-1.9010949354433828,-1.7924674139037617,-1.1790466917070201,-1.6210525296569243,-0.9176642144115981,-4.46081901473004,-1.2346723826758275,-2.2935935476248335,-1.9010949354433828,-1.1906173272365392
2023_09_SEA_BAL,2023,9,2023-11-05T13:00-05:00,34.0,4.509813023565147,5.097533744014854,1.8020069471246623,6.339912882476808,4.359554125343472,4.55458867748886,4.810068831046401,4.472783657646923,4.37307711676112,3.999609354814714,4.1826389422658945,4.475051404571603,4.359554125343472,4.703073622547847
2023_09_TB_HOU,2023,9,2023-11-05T13:00-05:00,2.0,2.0571841908485413,1.6302108292275763,1.8020069471246623,1.804755274550924,1.7486729988787988,1.7955143484000107,1.8790477826754834,1.821090640222312,1.9438518689063393,0.7656754940708193,1.8116883422341976,2.2975026583872236,1.7486729988787988,1.5835200528444735
2023_09_WAS_NE,2023,9,2023-11-05T13:00-05:00,-3.0,2.8328025987013437,3.0907975216959827,1.8020069471246623,2.2715539127739923,2.063026862876403,1.8690291683844322,1.797742522545699,1.9592884755769855,1.8756973857918093,1.9942319151617642,1.9285482007617762,1.1588615610810549,2.063026862876403,2.3378116002732274
2023_09_IND_CAR,2023,9,2023-11-05T16:05-05:00,-14.0,1.7617050746672032,0.6511316809916479,1.8020069471246623,0.11460444430278693,0.6677962661590042,0.7453924340355775,0.4311684730902219,0.7227912266859873,1.379304689456843,0.6753302232590505,0.7327655513837299,0.735984200924179,0.6677962661590042,0.6047195340331386
2023_09_DAL_PHI,2023,9,2023-11-05T16:25-05:00,5.0,1.8289930023392218,1.9859010300332498,1.8020069471246623,1.8095059769358797,2.4234631370643758,1.6872300334617512,1.6586351697648873,1.5881902428475767,0.9960583735709685,2.1281937282220516,1.696903913552606,1.9541842874001858,2.4234631370643758,1.4197751174199305
2023_09_NYG_LV,2023,9,2023-11-05T16:25-05:00,24.0,2.286372996683959,6.786204636878185,1.8020069471246623,4.041999397842289,3.397447206917904,3.1083430709923476,2.3776986883107574,3.0090267658770458,1.794037012219877,5.227506288411591,3.11626154906221,1.1094906632454156,3.397447206917904,2.9281331011743985
2023_09_BUF_CIN,2023,9,2023-11-05T20:20-05:00,6.0,-0.5852614535802614,-1.6438669610544325,1.8020069471246623,-0.9863648830786105,-1.7521169070833926,-2.0480149330168267,-1.8169398097895233,-1.8663032376557642,-1.8222976906246178,-2.4042066253933703,-2.2431016212021735,-2.40578366293664,-1.7521169070833926,-1.9862788617710359
2023_09_LAC_NYJ,2023,9,2023-11-06T20:15-05:00,-21.0,1.5254611936659495,-0.1730656874355747,1.8020069471246623,-2.6208742201852613,-2.450934211886678,-2.5272799105570454,-3.6130942965945083,-2.3165839303401734,-2.311077767359857,-1.1273901713202539,-2.9743910658241353,-2.6611182118686507,-2.450934211886678,-3.192708800182155
2023_10_CAR_CHI,2023,10,2023-11-09T20:15-05:00,3.0,3.1436539146547187,2.9383944669561526,1.8020069471246623,2.7608120013939335,2.6457777090611287,2.649258531705129,2.9822165226201363,2.48074902462575,2.459987562655667,4.2876094025287745,2.6603409436304615,2.3016338146095165,2.6457777090611287,1.9297816413510487
2023_10_IND_NE,2023,10,2023-11-12T09:30-05:00,-4.0,-0.3630301102973923,-1.7018868858564886,1.8020069471246623,-1.5067860577937031,-0.9742853025385285,-1.0097721069733758,-1.0077205719396667,-0.8780853487472733,-1.278340475343323,-1.6679633668649059,-1.0934194732776708,-2.1756311116045635,-0.9742853025385285,-0.4610362808338738
2023_10_CLE_BAL,2023,10,2023-11-12T13:00-05:00,-2.0,4.932953926594854,6.914593362096847,1.8020069471246623,5.589607729035073,6.53495504969739,6.479992164900714,6.957762953666718,6.190868065504482,6.296152689639639,7.230290813097113,6.454395762893432,6.0171262185328995,6.53495504969739,5.7317799458675465
2023_10_GB_PIT,2023,10,2023-11-12T13:00-05:00,4.0,1.5766433868002365,1.4349947802222733,1.8020069471246623,2.396888722318501,2.3793887170155132,1.8348899239895995,2.667455486230537,1.9859100592742887,1.2763076265095992,1.6713465427775815,1.7939413801177302,1.5734247530144472,2.3793887170155132,1.4188950508148128
2023_10_HOU_CIN,2023,10,2023-11-12T13:00-05:00,-3.0,6.723269808703307,6.996899270917356,1.8020069471246623,6.605220505839075,6.617770707363081,6.241431687592421,5.3185292112112075,6.35122634096173,6.140060803867412,7.2717242736204835,6.1421035570992615,5.522344247464369,6.617770707363081,5.220966708280875
2023_10_NO_MIN,2023,10,2023-11-12T13:00-05:00,8.0,4.025995662800289,1.910970049677175,1.8020069471246623,-1.4682343468848167,-1.45929612040687,-1.0116951560786502,-2.6146168062543538,-1.4160345552535047,0.9568705024485757,1.7316987126151773,-1.0781577442392054,-0.9688877278534191,-1.45929612040687,-0.8462289635651119
2023_10_SF_JAX,2023,10,2023-11-12T13:00-05:00,-31.0,-0.18718127463719902,-1.1730790930175958,1.8020069471246623,-0.5456738924639359,0.05769059483285255,-0.31415332009789,-0.01283118122482474,-0.4923718831566455,-0.6274209118378087,-0.6668911081402658,-0.5765335924956598,-0.2228296784703918,0.05769059483285255,-1.0800519137903133
2023_10_TEN_TB,2023,10,2023-11-12T13:00-05:00,14.0,3.063074934639384,3.8287715569146386,1.8020069471246623,5.291532451127452,5.273360206423795,4.729439663890668,4.7164650742841,4.692999046796971,3.1655170984785603,3.903922707376567,4.683206330224841,5.194839478461849,5.273360206423795,4.1933168708794435
2023_10_ATL_ARI,2023,10,2023-11-12T16:05-05:00,2.0,-0.5168522335670716,-3.3192240618832014,1.8020069471246623,0.7873663276921599,0.36883712462962354,-0.034168129848444584,0.12322024254557906,0.5709159144516145,-0.7416141273864864,-4.179568171721863,0.09620191662291566,0.5950377093368897,0.36883712462962354,0.5321933649471565
2023_10_DET_LAC,2023,10,2023-11-12T16:05-05:00,-3.0,1.810151874490268,1.190375312019925,1.8020069471246623,1.8792377077638363,1.3613400567327425,1.4727749351374877,1.5561535675976403,1.4135293340914712,1.3361322848251054,1.0302860257811177,1.7820376554715558,1.4755760579005184,1.3613400567327425,1.2238108653553914
2023_10_NYG_DAL,2023,10,2023-11-12T16:25-05:00,32.0,12.21830657264176,12.435220770776498,1.8020069471246623,13.819148349241052,14.08852396568287,14.579724792306834,12.758644163102014,14.530049717481727,15.318821301766821,13.128012921867288,14.609136368285501,14.71032587385217,14.08852396568287,14.019896268276906
2023_10_WAS_SEA,2023,10,2023-11-12T16:25-05:00,3.0,4.96782691789431,3.125019931543296,1.8020069471246623,2.423782218709544,3.458079819793653,3.1916797609590537,2.8856875094532892,3.364738638628975,3.5903487929262843,3.0698489025026405,3.2173357791777835,2.8078507917426556,3.458079819793653,3.6162046067477176
2023_10_NYJ_LV,2023,10,2023-11-12T20:20-05:00,4.0,1.9807832413547581,1.9494133701525176,1.8020069471246623,1.4890274017066574,1.2946676034838076,0.7836801669360626,1.0942669049270122,0.7952449690773784,-0.7696808422953787,1.135820184847059,0.6263861370318825,2.320732555582012,1.2946676034838076,1.5674329924487964
2023_10_DEN_BUF,2023,10,2023-11-13T20:15-05:00,-2.0,9.461990674093117,9.150462166876428,1.8020069471246623,8.763761277247808,10.443226143890966,10.377991299763469,10.17073906927957,10.232319395975534,9.992759343906854,10.097283655361412,10.278611004317277,9.643156132963993,10.443226143890966,11.055793700213918
2023_11_CIN_BAL,2023,11,2023-11-16T20:15-05:00,14.0,5.120493407775882,3.378302098262445,1.8020069471246623,2.9337537144043555,2.619981047396925,2.6057285899681464,2.5426761099934296,2.630235808175541,2.0980073752654658,2.7991877025832292,2.612660283747804,2.4378851850011767,2.619981047396925,3.0922556407502473
2023_11_ARI_HOU,2023,11,2023-11-19T13:00-05:00,5.0,7.170546235121716,8.278391901617587,1.8020069471246623,6.672935792933796,6.451055003576332,6.5999702206064494,6.459680291488265,6.165908563534565,7.196750021457168,8.116161548715048,6.749744409762337,6.724728449562132,6.451055003576332,6.577167848087169
2023_11_CHI_DET,2023,11,2023-11-19T13:00-05:00,5.0,10.914550233534234,10.67604927144973,1.8020069471246623,9.841699515884955,9.838320618367428,9.307936239447509,8.129947509379834,9.348571071342823,12.116859393644317,9.636990010221554,9.178196616281683,9.394077792030089,9.838320618367428,9.001227595069452
2023_11_DAL_CAR,2023,11,2023-11-19T13:00-05:00,-23.0,-9.40785156292462,-9.214842265133441,1.8020069471246623,-10.05069261452626,-10.038945865059567,-10.561154538142127,-8.618238661366789,-10.573342132703262,-12.170109527600712,-10.314917375142695,-10.56941375671097,-10.380209171436775,-10.038945865059567,-10.025929695132994
2023_11_LAC_GB,2023,11,2023-11-19T13:00-05:00,3.0,0.1540178023203187,-1.0240429352305809,1.8020069471246623,-2.6243103732694086,-2.403412131909827,-2.175561863453797,-1.7019335152799655,-2.160618200910596,-2.201526709788317,-0.7459208693317858,-2.0914682596800374,-2.590305091037261,-2.403412131909827,-2.1024420298836954
2023_11_LV_MIA,2023,11,2023-11-19T13:00-05:00,7.0,6.674786876718992,6.422943120593564,1.8020069471246623,8.146117347179489,9.052436285112927,9.007948088498948,10.067008772506021,9.018231416724358,9.525410977378641,7.194776995946622,8.766653062522265,7.986998633167058,9.052436285112927,9.843703083196623
2023_11_NYG_WAS,2023,11,2023-11-19T13:00-05:00,-12.0,6.6961603664031895,6.575339974817114,1.8020069471246623,8.534322984270988,9.209963779291403,9.124528442285179,9.13976709899753,8.963298117256686,7.883973237972908,7.5446768305548595,9.143226505211434,8.999089247234897,9.209963779291403,9.683384331343873
2023_11_PIT_CLE,2023,11,2023-11-19T13:00-05:00,3.0,6.616072047691464,4.346058786484995,1.8020069471246623,1.1430401959326475,0.7316861615559289,0.2431978650581721,-1.039065477792812,0.15048903626230192,0.4319040653947117,2.438932746580215,0.2193230444322234,0.9510409077821915,0.7316861615559289,0.4763875087348768
2023_11_TEN_JAX,2023,11,2023-11-19T13:00-05:00,20.0,6.698134704524039,5.110325506818438,1.8020069471246623,5.775861810301104,6.260810964390265,6.01986468190992,4.562115184419671,5.994289836193008,5.969833320593249,5.022439852933976,6.538576125178466,6.371555437390619,6.260810964390265,5.7602904068029215
2023_11_TB_SF,2023,11,2023-11-19T16:05-05:00,13.0,10.181702284717762,10.673197932637567,1.8020069471246623,8.992635082572493,8.971371031729074,9.295847206071766,8.514129067259006,9.440306236412315,9.72454442339507,9.721234159354411,9.315883195744906,9.168769026484611,8.971371031729074,9.410841400642846
2023_11_NYJ_BUF,2023,11,2023-11-19T16:25-05:00,26.0,8.215041001906389,9.717312786115063,1.8020069471246623,11.964065510888826,12.346365015520544,11.841024548586997,11.755964393677793,11.713411765071505,10.576133024865856,10.567498044746152,11.804426111264904,12.041756406296726,12.346365015520544,11.593823368545863
2023_11_SEA_LA,2023,11,2023-11-19T16:25-05:00,1.0,0.0002160775328063913,0.05370338643296457,1.8020069471246623,1.932154227541322,0.14289912565462531,0.09479926625317145,0.8858804802585247,0.2665387558549557,0.7452306923471035,-1.3449127565132322,-0.03446267280624027,-0.005492024926742389,0.14289912565462531,0.2872082938333749
2023_11_MIN_DEN,2023,11,2023-11-19T20:20-05:00,1.0,-0.8568840802138045,-1.8952804462405735,1.8020069471246623,2.1851046563573933,0.9623880194704086,0.7848091832453958,1.2774877431238072,1.1497665949067049,0.3348171742898838,-2.680536201763595,0.4770592890851608,1.188167738225395,0.9623880194704086,0.6036476703601898
2023_11_PHI_KC,2023,11,2023-11-20T20:15-05:00,-4.0,2.4320744757486574,5.092216901204792,1.8020069471246623,6.406546357309443,5.356627716939601,5.362396206316672,6.747602047847176,5.419863532474704,4.482091436474938,3.566085929251038,5.348553720358183,4.683605126042033,5.356627716939601,4.929030714139394
2023_12_GB_DET,2023,12,2023-11-23T12:30-05:00,-7.0,5.6003131720219095,6.550937810829506,1.8020069471246623,7.247953912409733,7.462228847246541,6.5438498009494435,6.220067407261348,6.559785376299228,5.672210186432828,5.693757407817292,6.534544625843267,6.936913637531687,7.462228847246541,5.607778683223253
2023_12_WAS_DAL,2023,12,2023-11-23T16:30-05:00,35.0,13.411023380603199,12.711992877800313,1.8020069471246623,11.82142422115212,11.536285583076486,11.695136893656501,9.896899973450198,11.956094139946522,12.195117034700107,12.098279929260816,11.724277248843999,12.113427403053358,11.536285583076486,11.846072617564019
2023_12_SF_SEA,2023,12,2023-11-23T20:20-05:00,-18.0,-5.262631742315919,-7.374991882141114,1.8020069471246623,-7.24546680476976,-6.850186135208315,-7.536689045868444,-6.2378454181774305,-7.437680923018249,-8.467504667895945,-6.64160319623762,-7.4572589891984595,-8.138167607883794,-6.850186135208315,-7.618633326780336
2023_12_MIA_NYJ,2023,12,2023-11-24T15:00-05:00,-21.0,-2.8167155409736324,-3.960041058432454,1.8020069471246623,-7.425204199128682,-7.666666890795098,-7.311636599352227,-7.661253010249602,-7.2342596726197606,-5.956635024164923,-4.46755452465972,-7.266913780343511,-7.667284141842946,-7.666666890795098,-8.25464815512046
2023_12_CAR_TEN,2023,12,2023-11-26T13:00-05:00,7.0,5.703835098735907,4.85931394647353,1.8020069471246623,5.243621848916336,5.241344473882922,5.201799932495478,5.153811484132937,5.142956049816003,6.341754496730081,5.559941958460786,5.204828884497896,4.543318075645422,5.241344473882922,4.8278052257603505
2023_12_JAX_HOU,2023,12,2023-11-26T13:00-05:00,-3.0,-1.1973694569034263,-1.0880983814055973,1.8020069471246623,-0.17966359589603864,-0.8080297181937524,-0.9349386856722173,0.9273680981008146,-0.8609079162005253,-1.6083282008118929,-2.254073779128285,-0.8876434230590327,-0.5679075010875398,-0.8080297181937524,-0.26524036638770165
2023_12_NE_NYG,2023,12,2023-11-26T13:00-05:00,3.0,0.668529212750677,-3.9914213576100117,1.8020069471246623,-3.913628788396549,-4.371778108435645,-4.560408898453194,-4.508974713117251,-4.467617731662608,-2.9902358964871176,-4.091052335321217,-4.614369323647304,-3.8577336780667038,-4.371778108435645,-4.496781795576188
2023_12_NO_ATL,2023,12,2023-11-26T13:00-05:00,9.0,-0.2551650384809112,-1.3385630759713507,1.8020069471246623,-2.036048922951548,-2.147635816830665,-1.5095605974970754,-1.3500943854591774,-1.6146271370772618,-0.69942400224281,-1.3495273704370079,-1.74120937942565,-1.9144601832316814,-2.147635816830665,-1.5067927558815635
2023_12_PIT_CIN,2023,12,2023-11-26T13:00-05:00,-6.0,4.45142107952754,1.589859533164701,1.8020069471246623,0.610851482365238,-0.6224692080591896,-1.1490573388734369,-2.179051530586075,-1.4818986067354976,-0.32042110268719703,1.9038559745196622,-1.1614230074044354,-0.7175352139477837,-0.6224692080591896,-0.47499191492754056
2023_12_TB_IND,2023,12,2023-11-26T13:00-05:00,7.0,0.6902441557482095,0.7598602824631184,1.8020069471246623,-0.5371924057506416,-0.9656091405116922,-0.9905260471674195,-0.13042023387169444,-0.9665664055717142,-1.6629080247700259,-0.3481921028601227,-0.9025238137944993,-0.7554746030568754,-0.9656091405116922,-0.776044237659638
2023_12_CLE_DEN,2023,12,2023-11-26T16:05-05:00,17.0,-1.592634762917525,-0.8098042067861507,1.8020069471246623,2.994643165578923,2.017468095992829,2.1350210364471174,3.030097436441059,2.1241439085669604,1.6974283982993148,-0.6776687460446551,2.1107389989558007,2.7292296041115423,2.017468095992829,1.503428664428636
2023_12_LA_ARI,2023,12,2023-11-26T16:05-05:00,-23.0,-0.33079938646652085,-2.9955761195916044,1.8020069471246623,-2.3342383356704675,-1.7538741772792041,-1.9626564415254255,-1.6737754666622635,-1.9078022458115864,-2.9506203082612346,-3.282403637152576,-1.9396503551244026,-0.850023608273935,-1.7538741772792041,-1.3737169362494261
2023_12_BUF_PHI,2023,12,2023-11-26T16:25-05:00,3.0,2.30229478511703,-1.584811437996784,1.8020069471246623,-2.4469059404142826,-2.4796563901494757,-2.843953257670607,-4.136936963833934,-2.7682692056270586,-1.0867984616785908,-1.6249981447268413,-2.7479140097478205,-2.4356296102912265,-2.4796563901494757,-2.4233237665504386
2023_12_KC_LV,2023,12,2023-11-26T16:25-05:00,-14.0,-3.5591962453613295,-6.796357756179022,1.8020069471246623,-11.111399011056236,-10.455242493978743,-10.793693099901425,-11.526469680293992,-10.760099453084056,-10.57856137515213,-7.479462934395282,-10.795886520288125,-9.514616692240988,-10.455242493978743,-10.718451066824034
2023_12_BAL_LAC,2023,12,2023-11-26T20:20-05:00,-10.0,-0.9826592256403952,-0.9125286205945352,1.8020069471246623,-0.5606196007425883,-0.10114630617913678,-0.13663869542067297,0.2583635871293537,-0.2675313847253502,0.7960323859874692,-0.34075337639013803,-0.14653682924825207,0.31220777638738717,-0.10114630617913678,-0.9303289663273625
2023_12_CHI_MIN,2023,12,2023-11-27T20:15-05:00,-2.0,8.984336089815228,8.513837260580678,1.8020069471246623,4.613671233429048,4.310072967684838,4.006413302167767,2.1175096409710523,3.646105189747679,7.123419431937312,7.300550263362895,4.006348816412734,4.137939637004067,4.310072967684838,3.38347471919969
2023_13_SEA_DAL,2023,13,2023-11-30T20:15-05:00,6.0,12.36644488642414,12.053064434051658,1.8020069471246623,12.266234561074793,11.020581158300837,11.30158183253515,9.685520284715462,11.259730512548032,11.977872925264295,11.875024972158709,11.226385263704575,12.168219025931704,11.020581158300837,10.786453079194137
2023_13_ARI_PIT,2023,13,2023-12-03T13:00-05:00,-14.0,9.439007111905616,9.597455088391404,1.8020069471246623,6.970280717058009,7.4688778883113205,7.433173924468901,6.4839701118050215,7.122080481528743,8.198580933788914,10.645494447161864,7.431546050638985,6.468940045625471,7.4688778883113205,6.8604164679619934
2023_13_ATL_NYJ,2023,13,2023-12-03T13:00-05:00,-5.0,0.15627270555004857,-4.8272439585735185,1.8020069471246623,-3.80346882546215,-3.1745965213925356,-3.002993737532356,-2.9578495285458097,-2.9382015896271443,-1.8611319034036926,-2.1419097186497296,-3.010171031209281,-3.1176052064550888,-3.1745965213925356,-3.147847978354904
2023_13_DEN_HOU,2023,13,2023-12-03T13:00-05:00,5.0,1.1791423933411305,-0.893428219599964,1.8020069471246623,-0.534109284335933,0.39750298246780336,0.5334771500419491,1.2301599834111658,0.6260937574375025,1.5380880086490012,-0.7946326361397906,0.6180038295985617,0.32595900346302775,0.39750298246780336,1.7765418322861066
2023_13_DET_NO,2023,13,2023-12-03T13:00-05:00,-5.0,-0.274975506037507,-1.3558065565937893,1.8020069471246623,-1.5073478088098944,-1.6450451323135324,-2.1760520824078595,-0.7793839375417866,-2.185937681873962,-3.8944142341513297,-1.7395601641969742,-2.200537240655648,-2.00028227224337,-1.6450451323135324,-1.2669571923357237
2023_13_IND_TEN,2023,13,2023-12-03T13:00-05:00,-3.0,0.9438552605697073,0.27024918084388827,1.8020069471246623,0.11458278427940385,0.619376414662991,0.7431651191741859,1.1557023429408406,0.6892260470835101,2.203342728857196,0.8471256233957277,0.719089174800305,-0.10786304180312445,0.619376414662991,0.22125054270054867
2023_13_LAC_NE,2023,13,2023-12-03T13:00-05:00,-6.0,-1.95442244953954,-1.0544010242260957,1.8020069471246623,-3.6753478174482392,-3.4656698433868742,-3.783735107629856,-2.450340663113387,-3.7472293447954597,-6.146331232287045,-1.971958401773013,-3.7633179409300173,-4.517128349604352,-3.4656698433868742,-3.5588481304357398
2023_13_MIA_WAS,2023,13,2023-12-03T13:00-05:00,-30.0,-6.1904171171033155,-7.686857151097998,1.8020069471246623,-6.555733052464406,-7.172685253761462,-7.245888526775259,-6.784970309037603,-7.299960694098809,-6.307259155997121,-6.647437068491916,-7.462863069563346,-7.786778678749499,-7.172685253761462,-7.74042310112359
2023_13_CAR_TB,2023,13,2023-12-03T16:05-05:00,3.0,8.317697040969836,4.460219468196449,1.8020069471246623,6.0636442673348565,6.105614669002769,5.593629588511895,4.658738763021146,5.726485691173695,5.576585987385165,5.035974994024935,5.772945231699877,7.846103187264198,6.105614669002769,5.730108997004413
2023_13_CLE_LA,2023,13,2023-12-03T16:25-05:00,17.0,-0.0035647777934597613,0.7338069119885546,1.8020069471246623,3.473236770586057,3.2586465386505203,3.146030729178197,4.399711073807845,3.278050868214231,3.1833458213034524,1.2521078698158599,3.1324590416640135,2.5535245376744395,3.2586465386505203,3.1215119776424647
2023_13_SF_PHI,2023,13,2023-12-03T16:25-05:00,-23.0,-0.9704527055912013,-4.526457586891382,1.8020069471246623,-3.773053262514731,-3.5361165979901394,-4.023265936883064,-5.260439034533713,-4.084466401901041,-3.262090064868144,-3.8396247261033913,-3.980994201340482,-3.821882103001113,-3.5361165979901394,-3.934752554637572
2023_13_KC_GB,2023,13,2023-12-03T20:20-05:00,8.0,-1.5238226701710866,-5.109117092653282,1.8020069471246623,-7.036378330167533,-6.165657659844015,-5.759004765683777,-5.282924925647773,-5.844209382005484,-4.431066913051717,-3.5782537347524364,-5.679123646480397,-5.899162114087746,-6.165657659844015,-5.13225043024306
2023_13_CIN_JAX,2023,13,2023-12-04T20:15-05:00,-3.0,4.854816017985103,2.3907701273570217,1.8020069471246623,4.5100525899738155,5.685749028718308,5.939530096886335,5.337972497167413,6.01455536119355,6.431060537756659,3.080022209013297,5.967166751487943,6.210571712882279,5.685749028718308,6.2645451967588945
2023_14_NE_PIT,2023,14,2023-12-07T20:15-05:00,-3.0,4.796816654368966,3.7985017657887674,1.8020069471246623,5.988993856284518,5.246531253586775,5.394036523890944,6.083178786031327,5.446266048109222,5.882663531771271,5.138786669368551,5.332348838694069,5.4444721498199184,5.246531253586775,5.370251580711161
2023_14_CAR_NO,2023,14,2023-12-10T13:00-05:00,22.0,7.736485184792063,8.218397565167914,1.8020069471246623,9.393158977356226,8.305964543649186,7.5645676025371715,8.097423381055677,7.639115687108845,6.797211056225047,8.490639625238666,7.670244065556382,6.661400099753516,8.305964543649186,7.691223780542613
2023_14_DET_CHI,2023,14,2023-12-10T13:00-05:00,15.0,-3.6128958409135006,-3.5728495108828784,1.8020069471246623,-3.185231713300043,-3.051848563128927,-2.931336837142326,-0.7741974019274995,-3.041863028444232,-6.121878454879452,-2.791059614295311,-3.064106908799821,-2.84868799830216,-3.051848563128927,-2.93050067561958
2023_14_HOU_NYJ,2023,14,2023-12-10T13:00-05:00,24.0,-1.5561082682028848,-5.991973618253505,1.8020069471246623,-4.373220073013233,-4.11520935917596,-3.996963972804888,-4.167060505793046,-4.155275972669651,-4.121010075615406,-2.768046018023772,-4.076886278540387,-4.900732730423394,-4.11520935917596,-4.761382104191021
2023_14_IND_CIN,2023,14,2023-12-10T13:00-05:00,20.0,5.1137607213736285,5.026257933072294,1.8020069471246623,4.083565133226609,3.982460631408175,3.7565879152694257,2.820100348962102,3.800693568134207,5.316269144260935,5.151964292710724,3.7125462806325187,3.304963382947771,3.982460631408175,2.8308145124901847
2023_14_JAX_CLE,2023,14,2023-12-10T13:00-05:00,4.0,0.4706769597852265,1.4884779979090932,1.8020069471246623,0.9331709770047122,1.1503171361237214,0.600217286496979,1.4914722311099124,0.8024577463918217,-0.3931564662373026,-0.25305094391664595,0.5792687562732548,0.3827403805773625,1.1503171361237214,-0.3324627513082121
2023_14_LA_BAL,2023,14,2023-12-10T13:00-05:00,6.0,8.12922482035403,7.882632749168263,1.8020069471246623,6.45395567076492,6.404993665316765,6.504378976233106,5.068740199222599,6.435306295017118,6.4143062942902365,7.445726856183358,6.471849371138261,6.68257673052368,6.404993665316765,6.038508760108547
2023_14_TB_ATL,2023,14,2023-12-10T13:00-05:00,-4.0,2.0906497072223686,0.8073093113497691,1.8020069471246623,-1.2135917222330055,-0.9659738462738854,-0.7271009907902548,-0.11804239106742442,-0.797894784556487,-1.3853761028844336,0.12116402532072934,-0.7229932764789551,-0.896040884675279,-0.9659738462738854,0.41396143186400836
2023_14_MIN_LV,2023,14,2023-12-10T16:05-05:00,-3.0,-1.389927007081297,-1.8269036406137373,1.8020069471246623,-1.0168481434324699,-1.3802441341193135,-1.6438015529769787,-1.0982579222367148,-1.3313331151504832,-2.3265903395102625,-3.086981844903913,-1.6280601588925285,-0.9377310085152388,-1.3802441341193135,-1.239827429225893
2023_14_SEA_SF,2023,14,2023-12-10T16:05-05:00,12.0,13.19575361448672,13.218307451641829,1.8020069471246623,13.271150463672885,13.559879106966168,13.821844197761857,12.662538565665232,13.935619962404484,13.612465472831419,11.70402276090607,14.044523905326677,14.723585413734975,13.559879106966168,14.235003895410184
2023_14_BUF_KC,2023,14,2023-12-10T16:25-05:00,-3.0,1.3906595619546804,-0.7939986256120904,1.8020069471246623,-0.20946581901593503,-1.1540046069546834,-1.215926681170933,-1.2138322230961727,-1.1147906250323798,-0.4940027627817847,-2.194443428286773,-1.1649592921333167,-1.3608758812921047,-1.1540046069546834,0.19784170926749234
2023_14_DEN_LAC,2023,14,2023-12-10T16:25-05:00,-17.0,3.959389244364589,2.7141999869595606,1.8020069471246623,2.74427858157952,3.7800065977397943,3.836903766240856,4.0782509793860955,3.8412885276278157,5.2254144828469435,3.382814623747321,3.8227614243429353,3.1383402939964484,3.7800065977397943,4.453311558694232
2023_14_PHI_DAL,2023,14,2023-12-10T20:20-05:00,20.0,7.186177244565002,6.739536115743132,1.8020069471246623,6.3853163769554095,6.355342445770846,6.5217818168520925,7.26988541993807,6.455254120083225,6.102681962200534,6.510932800605534,6.271849283560412,6.530039757335653,6.355342445770846,7.053181778916878
2023_14_GB_NYG,2023,14,2023-12-11T20:15-05:00,2.0,-3.8526984969151803,-5.938996835437853,1.8020069471246623,-5.685812075193663,-6.27198620546048,-6.943248906670157,-5.806207928825826,-6.836750818404699,-6.993997476997224,-7.116788885067033,-7.020561970143664,-6.849328660780605,-6.27198620546048,-7.326929068827373
2023_14_TEN_MIA,2023,14,2023-12-11T20:15-05:00,-1.0,11.220809243198056,11.473845079827163,1.8020069471246623,10.754164112679874,11.529860986747607,11.158186601652956,10.169816520056774,11.21619003157748,10.485796549474008,10.632209982976141,11.203428284099253,11.899674027183082,11.529860986747607,10.743056903133102
2023_15_LAC_LV,2023,15,2023-12-14T20:15-05:00,42.0,-0.3234287511885965,-0.0014209309189803232,1.8020069471246623,-1.1424852521531845,-0.31467704387486173,-0.6823609014369452,-0.5878694330289763,-0.6908071811115728,-1.6730942158889528,-2.0252227685919646,-0.6405875414937681,0.2145525615490096,-0.31467704387486173,-0.4948116886660163
2023_15_MIN_CIN,2023,15,2023-12-16T13:00-05:00,3.0,3.51683543227412,4.412951992949066,1.8020069471246623,4.757656877270924,4.254625857077997,3.9214315435618006,3.0467449829458833,3.930852937588285,4.821045015061014,4.677728630348892,3.8838470755392813,3.71146524419684,4.254625857077997,2.90448937572331
2023_15_PIT_IND,2023,15,2023-12-16T16:30-05:00,17.0,1.8273517007543583,1.367589603079331,1.8020069471246623,-0.0011449466461179725,0.6638925459503776,0.10264890281349015,-0.27584966615486795,-0.24337275704799843,-0.525083910301841,-0.18933283353017832,0.16052151908261403,1.1428697893006807,0.6638925459503776,0.03950227904955572
2023_15_DEN_DET,2023,15,2023-12-16T20:15-05:00,25.0,2.0268859512282367,1.8599742920252536,1.8020069471246623,1.0747517175188632,2.605088489234549,2.4235808477718495,2.832274087162131,2.3566382876147305,3.2570539241887015,2.243008912596906,2.4836772527199527,1.530467772748183,2.605088489234549,2.876040809893606
2023_15_ATL_CAR,2023,15,2023-12-17T13:00-05:00,2.0,-2.7236570751456464,-3.8613891396898747,1.8020069471246623,-3.6528449896773574,-3.9017614071940603,-4.09949060625623,-3.992412240328413,-4.009145397142769,-3.627439389478357,-4.6485588453749624,-4.091932718100797,-3.153884817625621,-3.9017614071940603,-4.814850413231826
2023_15_CHI_CLE,2023,15,2023-12-17T13:00-05:00,3.0,5.373811252209148,4.236857946644697,1.8020069471246623,2.522482852114551,1.1918822505834048,0.6321756480440777,-0.4699829218017254,0.7543783098187388,2.984205273784273,2.042555283914554,0.6202778763381205,0.40186322981517364,1.1918822505834048,0.7783584777075463
2023_15_HOU_TEN,2023,15,2023-12-17T13:00-05:00,-3.0,2.070571844582754,3.9395504646341326,1.8020069471246623,3.9663680100025664,4.97795832105516,4.938715869673974,5.970706324385352,4.775392969971321,4.266411642214931,2.9101676083486265,4.992424914552109,4.192732052320851,4.97795832105516,4.75615229332758
2023_15_KC_NE,2023,15,2023-12-17T13:00-05:00,-10.0,-4.355555197458941,-7.1842247289473065,1.8020069471246623,-9.327349171206182,-8.522716562025929,-8.845725516072342,-7.462495428110441,-8.942203860845975,-9.232724893034717,-6.414078192928414,-8.766589932000748,-9.317923045491117,-8.522716562025929,-8.669658214443599
2023_15_NYG_NO,2023,15,2023-12-17T13:00-05:00,18.0,6.8501368736582355,7.3915385215409914,1.8020069471246623,7.315546472828343,7.657423922469561,7.270007159886738,6.808060247829339,7.3337463464965555,6.214335482290804,7.235668589995749,7.315334979132825,7.461002790363381,7.657423922469561,7.3559408655162875
2023_15_NYJ_MIA,2023,15,2023-12-17T13:00-05:00,30.0,10.014367969503986,15.000340748230968,1.8020069471246623,11.578642585944872,12.277029378544922,11.67428503594465,11.472629932623034,11.845423118380948,10.565588406808933,11.187963501328362,11.133773231989627,12.542747817638181,12.277029378544922,11.77742061917636
2023_15_TB_GB,2023,15,2023-12-17T13:00-05:00,-14.0,4.454064431786288,4.311651416259066,1.8020069471246623,2.712639208718537,3.10710642724052,3.5678378141169613,3.497818200835559,3.4283542627740324,4.242209026089473,4.326686559067066,3.6404747226156413,3.206166031538511,3.10710642724052,3.7012094326209457
2023_15_SF_ARI,2023,15,2023-12-17T16:05-05:00,-16.0,-12.808868561119356,-13.477538779656486,1.8020069471246623,-10.333495317864031,-10.781377318160796,-11.016678423280045,-8.815358980068583,-10.760668709911805,-12.532320989876805,-13.145489419398,-10.963422461960475,-10.8695383705996,-10.781377318160796,-11.872095982906592
2023_15_WAS_LA,2023,15,2023-12-17T16:05-05:00,8.0,9.58502399926931,9.833994432795151,1.8020069471246623,10.478529986973168,9.692151810018807,9.315225976236517,8.947514468109862,9.57005516772817,9.052292374577979,8.92442630990094,9.350172629514105,9.073151674658213,9.692151810018807,9.246640123769641
2023_15_DAL_BUF,2023,15,2023-12-17T16:25-05:00,21.0,-1.2248650514255006,0.3740508462386176,1.8020069471246623,1.288297684867548,1.341374674942128,0.8586211703948036,2.384446713482821,0.8264996255855394,-0.6383325378680751,0.05824306626322151,0.7910624297557629,0.468499666631754,1.341374674942128,0.4786381668273312
2023_15_BAL_JAX,2023,15,2023-12-17T20:20-05:00,-16.0,-1.2518790855043718,-4.03407180049126,1.8020069471246623,-4.268906764971984,-3.138227106670586,-3.1310519569228323,-3.1501824047726936,-3.2865804776519996,-2.2520274023978137,-3.279859872441882,-3.1004115636583625,-2.5682462342963355,-3.138227106670586,-2.5376581828533857
2023_15_PHI_SEA,2023,15,2023-12-18T20:15-05:00,3.0,-0.67458268115139,-0.9428460555985634,1.8020069471246623,-1.2280525919607654,-0.4526267054348257,-0.6883768204233308,-0.35816470827410657,-0.5386263040464813,-0.04620075839243565,-0.7158057683344258,-0.6884543362095421,-1.3805779104341989,-0.4526267054348257,-1.6681681962903772
2023_16_NO_LA,2023,16,2023-12-21T20:15-05:00,8.0,2.057694206320618,2.3535556824586643,1.8020069471246623,3.7127379688970352,2.937071367947517,2.8677238750953733,2.984340712101165,3.0136758739055303,4.016087697264201,2.2761567011218253,2.8496845587331947,2.1611826710364674,2.937071367947517,2.3183000263752147
2023_16_CIN_PIT,2023,16,2023-12-23T16:30-05:00,23.0,-2.7732342789448055,-4.410102714552099,1.8020069471246623,-4.398641003116957,-4.275221530481398,-4.0764060858091264,-2.0946615217431543,-4.032566412101653,-4.2341788527502215,-3.552706023341855,-4.126820273223455,-4.741383354053116,-4.275221530481398,-3.9744118724115305
2023_16_BUF_LAC,2023,16,2023-12-23T20:00-05:00,-2.0,-6.146996736766527,-8.083992842265909,1.8020069471246623,-10.653811964908884,-11.60748436774733,-11.653469113326931,-11.650004458074273,-11.855420859396387,-9.459696261540401,-8.412343634424117,-11.64380006948619,-13.455858700863764,-11.60748436774733,-11.408119578768293
2023_16_CLE_HOU,2023,16,2023-12-24T13:00-05:00,-14.0,0.23086402793844396,-3.572071145648439,1.8020069471246623,-2.1441749399749908,-1.4943052561944885,-1.3970583544973716,-1.0549687036051747,-1.5633731213796094,-0.5604203645751631,-1.1279425830755816,-1.411629885066397,-0.8043640912210275,-1.4943052561944885,-1.1057416976976935
2023_16_DET_MIN,2023,16,2023-12-24T13:00-05:00,-6.0,1.2792751553874173,0.23968811244917054,1.8020069471246623,-1.533288100410091,-1.453208243568837,-1.4546204733762809,-1.1522581894448078,-1.4164335183759904,-2.2698186858647533,-0.27562493948968864,-1.4947437728063888,-1.1347183504136695,-1.453208243568837,-1.4889396508773693
2023_16_GB_CAR,2023,16,2023-12-24T13:00-05:00,-3.0,-4.262340142773025,-4.878861975606602,1.8020069471246623,-5.076691516425944,-5.570640079049525,-5.979862132091052,-4.97125095966107,-5.893735836063669,-7.117277858927876,-6.14622733441197,-5.980585897877829,-5.096668255899257,-5.570640079049525,-6.8857653772115
2023_16_IND_ATL,2023,16,2023-12-24T13:00-05:00,19.0,1.4267720669968784,0.25639030721327916,1.8020069471246623,-0.8327677067653216,-0.2587510384859968,0.1477925548970782,0.48642300297883734,0.16785996049717444,1.2920724232697238,0.7067818831603341,0.10652524368608329,-0.3783814144181977,-0.2587510384859968,-0.17194806198667933
2023_16_SEA_TEN,2023,16,2023-12-24T13:00-05:00,-3.0,-0.3814614040323199,-2.104710005993079,1.8020069471246623,-0.6343123569448726,-1.9013875191015162,-1.690805177058057,0.3261121406915297,-1.9144707530391334,-1.8968028955234368,-2.759224919557493,-1.7677255424497094,-1.5078305728283854,-1.9013875191015162,-0.4568345637642047
2023_16_WAS_NYJ,2023,16,2023-12-24T13:00-05:00,2.0,4.141689252127075,-0.5863610878944683,1.8020069471246623,1.475546583372707,0.36372991340828476,0.6685342563675247,0.5031665071197202,0.5774627577798164,1.8684810441553241,1.9641201770316445,0.6999419429164562,0.6273672440550766,0.36372991340828476,-0.2371597683737101
2023_16_JAX_TB,2023,16,2023-12-24T16:05-05:00,18.0,2.08998356536652,1.7154136016160695,1.8020069471246623,2.324017409145821,2.9702115875787456,2.4570667704474554,3.124173581755398,2.3505365822414523,2.681187308818502,1.76275464821665,2.4093534714271754,2.4201854263627642,2.9702115875787456,2.0792958385535414
2023_16_ARI_CHI,2023,16,2023-12-24T16:25-05:00,11.0,5.8673554835641655,4.855322454014854,1.8020069471246623,3.332979830503019,4.27187154045812,4.119578294241531,4.665627652105689,3.84033030020855,2.0616825081453634,5.610539261840431,4.131015259044653,3.8891767080267083,4.27187154045812,4.357106733039525
2023_16_DAL_MIA,2023,16,2023-12-24T16:25-05:00,2.0,0.3782021053716482,1.6404325409305414,1.8020069471246623,1.0006795003860833,1.7367106991525945,1.1746117777484013,3.7227248456995237,0.9200934510791021,-0.349441669925207,0.6345938237460967,1.1172503340490065,1.302401912999423,1.7367106991525945,0.8296867914202235
2023_16_NE_DEN,2023,16,2023-12-24T20:15-05:00,-3.0,5.940441948856927,5.4060374244003455,1.8020069471246623,7.717150695062752,6.174010041867935,6.056369063925535,4.592312792758317,6.1469598859278225,6.72665823665583,5.132586711664478,6.022942446984553,7.375454870482081,6.174010041867935,4.593895709695515
2023_16_LV_KC,2023,16,2023-12-25T13:00-05:00,-6.0,8.12581947580718,8.459703887932868,1.8020069471246623,11.87663253555856,11.060503307557862,11.2651583213199,10.690398141917095,11.397553477697455,12.412207953962731,8.972096438260222,11.18936414261938,10.177169544669894,11.060503307557862,10.665321779214846
2023_16_NYG_PHI,2023,16,2023-12-25T16:30-05:00,8.0,10.124895711418414,9.38284916690918,1.8020069471246623,9.399631213125849,9.992983635147496,9.988035610280612,7.7228630306003545,9.930948027637513,10.146168076329804,9.809756483795967,10.020902824216376,10.34863316275057,9.992983635147496,10.795955111778397
2023_16_BAL_SF,2023,16,2023-12-25T20:15-05:00,-14.0,5.866494646819724,6.351884169888261,1.8020069471246623,5.003703972451333,5.7006842032060066,5.752090398514927,6.264689222801664,5.647359585897334,6.258376258613456,6.012725498760042,5.742394060183392,6.349132185212515,5.7006842032060066,6.202109976518673
2023_17_NYJ_CLE,2023,17,2023-12-28T20:15-05:00,17.0,8.932401026900262,12.885109705159085,1.8020069471246623,8.713574528294224,9.031013787694649,8.390109048806075,7.468261552907311,8.543746520848456,7.786235576368172,8.72403978913381,8.356996992557336,8.746025579777214,9.031013787694649,8.195102164285721
2023_17_DET_DAL,2023,17,2023-12-30T20:15-05:00,1.0,7.136784602577196,4.6012842391688835,1.8020069471246623,4.359028422442806,4.089250868879012,4.466844810268025,2.4350064283432586,4.725929632130953,5.445490389500401,4.692847697913549,4.467705126072326,4.590513355811815,4.089250868879012,4.723525476804747
2023_17_ARI_PHI,2023,17,2023-12-31T13:00-05:00,-4.0,10.656382987163035,11.518755996164195,1.8020069471246623,10.422490658822948,10.120155456517677,9.845832484735872,8.353187401987505,9.446046510909847,10.381613583320668,11.310932877050135,9.841998557131397,9.765851337817459,10.120155456517677,9.291721687765882
2023_17_ATL_CHI,2023,17,2023-12-31T13:00-05:00,20.0,1.9486586163829678,-1.0242312847565092,1.8020069471246623,1.0643049378140972,1.041843131404132,0.8815712917939386,1.0038556084968415,1.0951209553068995,-1.0392842544330096,-0.3263969855203148,0.9103421179241659,1.121655985888986,1.041843131404132,1.9033651065202788
2023_17_CAR_JAX,2023,17,2023-12-31T13:00-05:00,26.0,9.198475067082672,7.44696776097809,1.8020069471246623,6.298961144209597,6.678561766865506,6.522256223597056,4.608050821499339,6.4244328869470415,6.943411848181186,8.031120146730679,6.602242165282387,5.998868888408287,6.678561766865506,6.514240538466174
2023_17_LA_NYG,2023,17,2023-12-31T13:00-05:00,-1.0,-3.366616305099691,-5.363534001203577,1.8020069471246623,-5.255899018197606,-6.814766808816133,-6.9836297342592175,-6.458605190416119,-6.919079025223487,-6.5000769199240604,-5.816979371634721,-6.997009097043004,-6.489808669031685,-6.814766808816133,-7.603688193464521
2023_17_LV_IND,2023,17,2023-12-31T13:00-05:00,3.0,0.062096841908290124,-0.043522562136339316,1.8020069471246623,2.0745044486281716,1.6917988747778354,1.636105450818084,2.7178093685244282,1.4170512984737724,1.9522116696068492,0.8455076840589839,1.6092316926405372,1.1721232991553445,1.6917988747778354,1.1156988194262576
2023_17_MIA_BAL,2023,17,2023-12-31T13:00-05:00,37.0,5.096547595421099,3.58600227007275,1.8020069471246623,4.349464704658039,2.742851304014449,2.7254734364232496,0.8778025872013062,2.9342413480121206,3.9425034096993237,3.7094939090089767,2.745746422286784,2.0111211542718967,2.742851304014449,2.0178165653493414
2023_17_NE_BUF,2023,17,2023-12-31T13:00-05:00,6.0,12.065270028566284,12.496920316929934,1.8020069471246623,14.233633874086092,14.2643092315158,14.2384481208078,12.348235694772399,14.209623883884525,14.522910438644026,13.043780672362477,14.190176723303974,14.817033459197654,14.2643092315158,13.397713423127566
2023_17_NO_TB,2023,17,2023-12-31T13:00-05:00,-10.0,3.8573316819651833,2.458772670374417,1.8020069471246623,2.8712191902106925,2.7820899997520243,2.7458927313805184,2.1292545031044536,2.61393205359409,3.717311843398638,2.9150151295954734,2.6916994044173617,2.7451613030925417,2.7820899997520243,2.536159775075575
2023_17_SF_WAS,2023,17,2023-12-31T13:00-05:00,-17.0,-12.597978219610926,-13.912146214528756,1.8020069471246623,-12.040881559560159,-12.159161199640597,-12.761754103518234,-9.352050388150214,-13.071920824001992,-14.869590462700714,-12.632233271938357,-13.006633232150367,-13.328718635966418,-12.159161199640597,-12.129811474209832
2023_17_TEN_HOU,2023,17,2023-12-31T13:00-05:00,23.0,2.8190895247068517,1.3476237051119608,1.8020069471246623,3.0189775417474527,2.857917698579053,2.6386234766299177,1.9696739201377227,3.097653599399947,2.2546393993499323,0.2237032676919015,2.6482647566010216,3.396819657295995,2.857917698579053,3.0340748423192716
2023_17_PIT_SEA,2023,17,2023-12-31T16:05-05:00,-7.0,4.048164844205054,2.2828169837979693,1.8020069471246623,2.2941484357002953,2.971081236171906,2.4600487725088076,0.9050565134003574,2.5360093629548297,3.362741659481986,1.6084065937447185,2.5040909627694563,2.494996213386411,2.971081236171906,2.83848358575187
2023_17_CIN_KC,2023,17,2023-12-31T16:25-05:00,8.0,4.956872284248977,4.607184920745364,1.8020069471246623,7.469490477871392,6.61916872245162,6.796818076620845,7.687439083860195,6.9026243993916525,6.679702093862707,3.796230523572498,6.797141710059237,6.6289570931576005,6.61916872245162,7.006212070921701
2023_17_LAC_DEN,2023,17,2023-12-31T16:25-05:00,7.0,3.059052854213652,4.571222784395885,1.8020069471246623,2.863438543576998,4.142377320550489,3.8673730544027,5.47685813732171,3.6941435656495782,3.3440844993115335,3.8703393076204726,3.8308101256520155,3.017131153443362,4.142377320550489,3.6042913765019624
2023_17_GB_MIN,2023,17,2023-12-31T20:20-05:00,-23.0,3.605401394028415,1.6132280438071245,1.8020069471246623,0.5097610476044698,-0.8511378138883252,-1.641445682803477,-2.3347915475653966,-1.6558542994372702,-2.129169766956885,0.7288476245158173,-1.6486196484219908,-1.3039564469844427,-0.8511378138883252,-1.7714115685204033
2023_18_PIT_BAL,2023,18,2024-01-06T16:30-05:00,-7.0,13.12678626702726,7.841157056186281,1.8020069471246623,6.802440222810435,6.035397929019201,5.6776887478095315,2.2446354159812802,5.367037271545868,6.4828539866196,7.835572743321682,5.618989398954726,5.858220590116212,6.035397929019201,7.7587888064153665
2023_18_HOU_IND,2023,18,2024-01-06T20:15-05:00,-4.0,1.4125874120384152,2.241970735901073,1.8020069471246623,0.1865767883051798,-0.12669950544153713,-0.3039750416089291,-0.03696107813302052,-0.6504358796871124,-0.549364903153333,2.553549998930423,-0.34170134184429934,-0.49474694912951933,-0.12669950544153713,-0.858707420443841
2023_18_ATL_NO,2023,18,2024-01-07T13:00-05:00,31.0,6.472354797456641,5.784627456489392,1.8020069471246623,6.166865249298944,6.2862600491841,5.704919515683366,4.80364543575806,5.772960865640917,5.624109907204267,5.605686772370129,5.74983499833888,6.016068420994257,6.2862600491841,5.678256701335249
2023_18_CLE_CIN,2023,18,2024-01-07T13:00-05:00,17.0,0.9431520255442427,1.3768701612939962,1.8020069471246623,1.0321694237982344,2.0901597471592726,2.004599499390075,0.9676216357500347,1.9699134812724353,3.345707715143274,1.6795950422798087,1.9904644253507668,1.8982017849898147,2.0901597471592726,1.104191513225024
2023_18_JAX_TEN,2023,18,2024-01-07T13:00-05:00,8.0,-3.294254795746152,-3.633461641166847,1.8020069471246623,-2.677260010166231,-1.976982303730711,-1.988286767308875,0.3127671832126451,-1.9641613502285233,-1.8024219926739804,-3.9663189550977833,-2.026132032380462,-2.4900733969056525,-1.976982303730711,-1.8308422845360548
2023_18_MIN_DET,2023,18,2024-01-07T13:00-05:00,10.0,6.772874963113985,7.0314361486193375,1.8020069471246623,8.389269952687915,8.404870478348709,8.258254362673782,7.90013066835604,8.035676653587883,8.477568247077595,7.224249923210395,8.291125258051535,8.189681550259753,8.404870478348709,8.006846761044402
2023_18_NYJ_NE,2023,18,2024-01-07T13:00-05:00,-14.0,5.75344270249195,9.128416714701359,1.8020069471246623,4.298223801751368,5.86330578264875,5.30299992135407,4.098796121944597,5.39670332640107,4.425578179290582,5.056891520598236,5.297026100182473,5.136560321002084,5.86330578264875,5.363314066529905
2023_18_TB_CAR,2023,18,2024-01-07T13:00-05:00,-9.0,-6.395775591465625,-6.394505441702789,1.8020069471246623,-6.592064140247617,-5.87908888038285,-5.723828492762156,-4.250651739367404,-5.480602979239752,-6.721534282282662,-8.007816499282065,-5.745131658309909,-5.212451692256096,-5.87908888038285,-5.51931403634462
2023_18_CHI_GB,2023,18,2024-01-07T16:25-05:00,8.0,4.03205480306177,6.019216519987811,1.8020069471246623,4.864889420468421,4.707043979520732,4.910602237436657,4.733201086626748,4.630167742679676,7.234039696179975,5.151075656531814,4.915049500539816,4.501408506271197,4.707043979520732,4.302696508658409
2023_18_DAL_WAS,2023,18,2024-01-07T16:25-05:00,-28.0,-11.36333117316305,-10.123363903618491,1.8020069471246623,-9.607840755978597,-9.848321512866278,-10.618020970315774,-7.109080628024261,-10.6523876846964,-12.894933694742399,-10.26993161120673,-10.683304761557167,-11.114788983563802,-9.848321512866278,-10.957536983208165
2023_18_DEN_LV,2023,18,2024-01-07T16:25-05:00,13.0,2.350016327234946,2.9410942465836376,1.8020069471246623,3.453897949529639,2.587452568168053,2.076056792308088,2.118053391471212,2.1941579676066256,0.8293709782482893,1.9326985754148955,2.1337115965359827,2.3459663277709244,2.587452568168053,2.292643722524419
2023_18_KC_LAC,2023,18,2024-01-07T16:25-05:00,-1.0,-2.455735123290858,-2.323001968218728,1.8020069471246623,-2.3357528517735693,-2.872114829758287,-2.8423085911916317,-3.328858884980929,-2.77828922991016,-2.0443967632667195,-4.53633676272298,-2.978994861994632,-1.3751302346040286,-2.872114829758287,-3.593279181896516
2023_18_LA_SF,2023,18,2024-01-07T16:25-05:00,-1.0,10.973309436027245,11.1857590463966,1.8020069471246623,6.008570777849114,7.177154741961884,7.333472243451387,4.515758191441121,7.35344202945098,8.478827587432898,10.089265805248063,7.274722124757461,7.876103575643103,7.177154741961884,6.576835130915235
2023_18_PHI_NYG,2023,18,2024-01-07T16:25-05:00,17.0,-3.5294364077859477,-5.64888743056739,1.8020069471246623,-5.077386519658845,-6.827375729992722,-7.168301955990486,-5.499214445522946,-6.944409598409504,-6.514402142584584,-6.505809917718533,-7.218063509707724,-7.33481792299236,-6.827375729992722,-7.418904310112305
2023_18_SEA_ARI,2023,18,2024-01-07T16:25-05:00,-1.0,-1.4609041938857033,-2.0467580330010566,1.8020069471246623,0.5463640469691418,-1.0877240981493168,-0.9909197901294666,0.016668427054896184,-0.8554654583544294,-2.5903371543396267,-2.621497846881847,-1.0328559764268068,-0.09305729838467236,-1.0877240981493168,-0.5575141356516962
2023_18_BUF_MIA,2023,18,2024-01-07T20:20-05:00,-7.0,0.49062200629423547,-1.2422596562969246,1.8020069471246623,-2.5922845097408986,-2.034181564617571,-2.2279840179098604,-2.0384504804614956,-2.2361568273079886,-1.447456720580385,-2.2633643625954085,-2.2568973998806907,-1.8233856926229581,-2.034181564617571,-1.9314886454382907
2024_01_BAL_KC,2024,1,2024-09-05T20:20-04:00,7.0,-0.05311881135717167,-0.042997647375130676,1.885784142507859,1.5889653975270392,1.2561986234083502,1.04396567481178,1.453128827899742,1.268657686289881,1.1957204430553976,-0.8889901570428297,0.061156201873742155,0.8620516841772794,1.2561986234083502,1.2806310443183475
2024_01_GB_PHI,2024,1,2024-09-06T20:15-04:00,5.0,-0.8817995972535747,-4.889308579722437,1.885784142507859,-3.274906451600079,-3.182829500014849,-3.130756075911464,-4.0932199537165594,-3.107626919754068,-3.5213799754170134,-4.575831086897218,-3.3905157872487357,-2.2991553228116786,-3.182829500014849,-2.977641436966075
2024_01_ARI_BUF,2024,1,2024-09-08T13:00-04:00,6.0,8.318404788776986,7.904437668350138,1.885784142507859,7.3448404352134675,7.874032416174567,7.515135662966476,7.97040877466606,7.339874801358178,5.986493777947883,7.516224750476587,9.14719743831514,7.010122901182282,7.874032416174567,7.712272052211252
2024_01_CAR_NO,2024,1,2024-09-08T13:00-04:00,37.0,8.156180246217648,9.15366578035866,1.885784142507859,10.250633371401232,10.070171606832941,9.595992697461757,10.535224692524423,9.527036990544836,7.841222751933417,9.848084225849751,8.04987777377361,11.341563355360794,10.070171606832941,9.911076999853265
2024_01_HOU_IND,2024,1,2024-09-08T13:00-04:00,-2.0,1.5503496501163263,2.8599793991640405,1.885784142507859,1.8029333786966713,1.1549284787645404,0.9155302548711389,0.4052910574033266,0.8435689007092297,0.7945507265869803,2.823407795808805,-1.1492840046848387,0.1539679287591028,1.1549284787645404,1.2955769286044057
2024_01_JAX_MIA,2024,1,2024-09-08T13:00-04:00,3.0,4.28797302380335,4.262062628635669,1.885784142507859,3.671166496665911,3.9489736090368472,4.2029697823299905,4.863039158544442,4.2579778004983355,3.1556566934940515,3.062866556363989,5.31675097714898,4.54862181354462,3.9489736090368472,4.382409126409684
2024_01_MIN_NYG,2024,1,2024-09-08T13:00-04:00,-22.0,1.3205966356076533,2.839475083809619,1.885784142507859,4.160672857926782,3.9523242536508354,3.504854531876007,4.91942653397977,3.422827742191235,2.447164605237596,3.1218016799259836,1.3900803180911097,3.6585910752641757,3.9523242536508354,3.3317101495610917
2024_01_NE_CIN,2024,1,2024-09-08T13:00-04:00,-6.0,5.259010998344297,3.269429444360337,1.885784142507859,2.8731530975547406,2.051656069685148,1.275607160748407,0.896549011123903,1.179223173068506,2.0845576072486676,2.6002040694582553,2.7621941336920237,2.2385972314746843,2.051656069685148,1.5530640370575286
2024_01_PIT_ATL,2024,1,2024-09-08T13:00-04:00,-8.0,0.08277507026333009,1.374244333002129,1.885784142507859,3.0942743617350095,2.981111979994812,2.6779363943850116,2.7980556886273273,2.7290039238007147,3.8980789025542952,0.15014539854950937,2.316553453022446,-0.04024778382485694,2.981111979994812,2.8329770218145174
2024_01_TEN_CHI,2024,1,2024-09-08T13:00-04:00,7.0,4.115967338769326,3.848791629418847,1.885784142507859,2.6990806944891377,1.1830084430804444,0.6201447781002756,0.783797887891815,0.8398593567189554,-0.3790399897400982,2.9039544133115047,0.11109565411397582,1.850650393148721,1.1830084430804444,0.512724628851355
2024_01_DEN_SEA,2024,1,2024-09-08T16:05-04:00,6.0,2.665466248569885,3.932496751674914,1.885784142507859,5.520250111168231,7.986260997724209,8.118976468993912,8.135370753252694,8.196156397594653,8.441503500201197,4.629218594516701,7.203569230806778,6.192654966348394,7.986260997724209,8.581007835057676
2024_01_LV_LAC,2024,1,2024-09-08T16:05-04:00,12.0,1.6551100527364424,0.12043931373488714,1.885784142507859,1.7196916977404304,1.4754796334240976,1.701042861766167,1.0292705893143328,1.8029974214754352,3.060237196302474,0.2868643351779179,3.2562216017540506,-0.4295952609805799,1.4754796334240976,1.7818483758335284
2024_01_DAL_CLE,2024,1,2024-09-08T16:25-04:00,-16.0,-1.3136432427700329,-3.047122923509136,1.885784142507859,-0.9179839255101141,-3.3371646066197864,-3.3156757948044975,-3.3735693415013626,-3.1096640312219685,-3.268385980338532,-4.381100274586569,-3.6685679909135773,-3.7387677741404812,-3.3371646066197864,-3.309232854763196
2024_01_WAS_TB,2024,1,2024-09-08T16:25-04:00,17.0,6.887263498311318,5.424189833247468,1.885784142507859,7.056040409130563,8.24051481631789,8.208985864872224,8.327953208283565,8.174299726753839,8.880053191974515,6.011014914390577,7.317928612520544,9.182842716740328,8.24051481631789,8.61147016344353
2024_01_LA_DET,2024,1,2024-09-08T20:20-04:00,6.0,3.6030641901974,1.6916429410263356,1.885784142507859,1.9066215100982542,2.7356114782918866,2.3500748584268796,2.0693300086676443,2.4022129836861854,1.9056312767542565,2.5811748777491434,1.9454907903068144,2.7619711848139588,2.7356114782918866,2.51009121598159
2024_01_NYJ_SF,2024,1,2024-09-09T20:15-04:00,13.0,8.666628750712816,8.759665146847915,1.885784142507859,5.114571627640523,6.083723209013401,5.356736187667638,4.829445801461309,5.1471649540607824,5.384353307289214,8.625578246400014,7.201795359032831,5.201142033019174,6.083723209013401,6.051245524003267
2024_02_BUF_MIA,2024,2,2024-09-12T20:15-04:00,-21.0,1.0107967350480727,0.19152842674320647,1.885784142507859,-0.7927622106765024,-0.2058635741711352,-0.020286956236615028,0.07345023373906645,0.0735313570361893,0.5679961149594805,-0.8511191952242478,-0.060602119628870854,0.35176067831731983,-0.2058635741711352,-0.3339711416059894
2024_02_CLE_JAX,2024,2,2024-09-15T13:00-04:00,-5.0,3.359836863681357,1.698593345034902,1.885784142507859,-0.6143583209827534,2.4746262662705294,2.5583716511772847,1.7199999896983815,2.447741369341715,4.098615801424719,3.1822336552199415,2.3473183349531075,2.7907653892730604,2.4746262662705294,2.581540205091414
2024_02_IND_GB,2024,2,2024-09-15T13:00-04:00,6.0,4.515399998454573,5.849085463440002,1.885784142507859,2.5930992071397507,3.222771986683851,2.720413060931774,3.310651878170102,2.5453867189843162,1.8802348343968123,5.877561724234802,2.7691577218767653,2.2506931034275945,3.222771986683851,2.644889237008205
2024_02_LAC_CAR,2024,2,2024-09-15T13:00-04:00,-23.0,-3.254681418028608,-4.331703111483323,1.885784142507859,-7.351810391517118,-6.718512614139593,-7.548970052364558,-7.220646770635162,-7.671762232385989,-7.032428235210188,-5.979961980922615,-7.466526956268597,-8.11592708367665,-6.718512614139593,-7.568836779526486
2024_02_LV_BAL,2024,2,2024-09-15T13:00-04:00,-3.0,6.823799126685207,9.455881399349893,1.885784142507859,9.702504358592504,9.057559298010352,9.229463966421866,9.792926849303043,9.221128288025616,8.64829284915153,9.093111555995836,9.04767970144726,8.337439276019628,9.057559298010352,9.270212185514325
2024_02_NO_DAL,2024,2,2024-09-15T13:00-04:00,-25.0,4.880653387230467,3.6865554587194156,1.885784142507859,4.3457148175936595,4.164338821061909,4.1135841201094925,3.1692194652495003,4.201310432210295,5.257793948490836,3.5342666829174196,4.095715157298694,3.9092925617265237,4.164338821061909,3.957747952485515
2024_02_NYG_WAS,2024,2,2024-09-15T13:00-04:00,3.0,0.9809955857133108,-0.26650494707827854,1.885784142507859,-0.7099319623856982,-0.8887187537891341,-0.9902169244032247,-2.0964887111162014,-0.9792562371201681,-1.1460672381495252,-0.8722428337582084,-0.7476803862413259,0.2889195914669471,-0.8887187537891341,-1.003164624599351
2024_02_NYJ_TEN,2024,2,2024-09-15T13:00-04:00,-7.0,2.698788772063055,0.018765435077138237,1.885784142507859,-4.006874749325479,-2.464761583480391,-2.7185720446558275,-4.114460122594028,-2.88081046533711,-2.312516468063248,1.1226478442930574,-2.725608313267205,-1.2178537851925841,-2.464761583480391,-2.756468542785989
2024_02_SEA_NE,2024,2,2024-09-15T13:00-04:00,-3.0,1.6174641111739738,0.7826298911771528,1.885784142507859,2.007497687513352,1.3201862446651793,1.5268626684264668,1.4699045578353669,1.6294613118868342,0.39848499406558924,-0.39971628571767104,1.5010961536458571,1.7189940525978677,1.3201862446651793,1.7142595993594287
2024_02_SF_MIN,2024,2,2024-09-15T13:00-04:00,6.0,-0.9390670231341613,-5.627824064413636,1.885784142507859,-6.887980125759374,-5.837396218823381,-5.566591094008148,-6.416126265905149,-5.5787892752995685,-4.7221030661676675,-5.035338357538521,-5.545299644863647,-5.433266518902592,-5.837396218823381,-5.012564059403623
2024_02_TB_DET,2024,2,2024-09-15T13:00-04:00,-4.0,3.3524758501730534,4.798527824683542,1.885784142507859,4.588262487510171,4.553043674717989,4.322226674356662,4.901302239003281,4.430882655635674,3.7916781159062025,3.8089505837898807,4.237603788365809,4.306582234279551,4.553043674717989,3.5520742884599112
2024_02_LA_ARI,2024,2,2024-09-15T16:05-04:00,31.0,-0.2981211470055234,-3.082267030186876,1.885784142507859,-2.012408593626496,-1.8689442611923992,-1.927752186408879,-3.073783987237382,-1.7588579665926558,-2.220194806018098,-1.297210384741227,-1.779867709109193,-1.0156570230037865,-1.8689442611923992,-2.3510074964791023
2024_02_CIN_KC,2024,2,2024-09-15T16:25-04:00,1.0,4.673358590367927,5.370382468541289,1.885784142507859,5.923143244116785,5.145870729009437,5.324854526117653,5.827636263174839,5.487938171202716,5.555687342351934,4.868004491377553,5.245940979979541,5.199310524389443,5.145870729009437,5.084542237900221
2024_02_PIT_DEN,2024,2,2024-09-15T16:25-04:00,-7.0,0.6564217413195408,-2.896593767481961,1.885784142507859,-3.075965378551094,-3.8071910953207317,-4.148026615373435,-5.307637652529363,-4.174461767882022,-2.202821388970878,-2.200555759878763,-4.265983139300307,-3.332122682844221,-3.8071910953207317,-4.503242622422515
2024_02_CHI_HOU,2024,2,2024-09-15T20:20-04:00,6.0,2.372988670861484,1.999437468314555,1.885784142507859,3.6290807947094774,4.053483279642235,3.9285365780566006,4.310043030990258,3.918606123697656,4.47417161360752,1.6762742029100917,3.8000883794338565,4.39182448078372,4.053483279642235,3.7762991187515267
2024_02_ATL_PHI,2024,2,2024-09-16T20:15-04:00,-1.0,5.4085487611890235,7.289969460874545,1.885784142507859,6.90765707278907,7.007625578966804,6.486455916629419,6.270905745264606,6.3097355128253,6.904603465096239,7.896177480290843,6.451960164202609,4.938581246190111,7.007625578966804,6.080794508852856
2024_03_NE_NYJ,2024,3,2024-09-19T20:15-04:00,21.0,2.2590771491113375,4.542692400598629,1.885784142507859,6.564791478887093,4.731747977768071,4.813896662589682,6.238413958497119,4.833496471201733,5.4544093295651725,4.011129402942329,4.731557436283851,3.249255089595219,4.731747977768071,3.715944241370786
2024_03_CHI_IND,2024,3,2024-09-22T13:00-04:00,5.0,1.0514667230298431,0.5164014166634188,1.885784142507859,1.5962733721796796,0.9097933902931662,0.7439240174708025,0.7475268903184964,0.7210956614878783,1.0529580286932718,0.6764770857177425,0.7054154190001578,0.9999815186844825,0.9097933902931662,0.922011619248781
2024_03_DEN_TB,2024,3,2024-09-22T13:00-04:00,-19.0,5.677469534546198,4.681306590013438,1.885784142507859,6.523610178834054,7.0831105922114626,7.146796721771048,7.565885605621755,7.077972452437284,7.339063107817778,4.49134029286859,7.13353593015176,6.827197666322045,7.0831105922114626,8.359186723289653
2024_03_GB_TEN,2024,3,2024-09-22T13:00-04:00,-16.0,-0.793512267889497,-4.987828234634621,1.885784142507859,-3.8147807093423904,-3.727731387343252,-3.2370567925779143,-4.547084448012209,-3.053017096499201,-1.4791361847125686,-5.34826728156319,-3.271921343536846,-1.882747313563296,-3.727731387343252,-3.9645292575280786
2024_03_HOU_MIN,2024,3,2024-09-22T13:00-04:00,27.0,4.005621911142939,1.9786094900275524,1.885784142507859,-0.9730794135749083,0.011223976962447146,0.28911400991494185,-1.2491084661502039,0.2821952460187658,0.8780856705762106,2.2815134977767357,0.29558991359455744,0.07212173297181312,0.011223976962447146,0.5611755176681583
2024_03_LAC_PIT,2024,3,2024-09-22T13:00-04:00,10.0,2.5320872264182506,5.594044242330092,1.885784142507859,5.028310369865157,4.849215172336215,4.3619854056418195,5.330341033392647,4.195085876729997,3.3970337133191504,4.534552145072653,4.26952794922011,2.3733556681219317,4.849215172336215,4.280016570189976
2024_03_NYG_CLE,2024,3,2024-09-22T13:00-04:00,-6.0,5.782159668219581,5.398310854670198,1.885784142507859,6.948005546013467,4.591784614949246,4.256961818949526,4.04101427671152,4.31454791285193,4.26601207062641,3.5469264978841304,4.23200739179569,4.1061544402727,4.591784614949246,4.171190322206721
2024_03_PHI_NO,2024,3,2024-09-22T13:00-04:00,-3.0,7.1644779248982235,7.7433507862348225,1.885784142507859,6.298790157977683,6.736914229013585,6.533251440062141,7.694542145652209,6.41919194546484,4.766649846535602,7.710832965619257,6.580774015826082,6.802155106159308,6.736914229013585,6.499418657727329
2024_03_CAR_LV,2024,3,2024-09-22T16:05-04:00,-14.0,9.765521701351876,8.197894637166481,1.885784142507859,6.894707353820638,6.878153242161071,6.69876692598774,5.323835253978077,6.474421818785773,7.358517116493295,9.268339263235635,6.722488727975554,6.4056463890092665,6.878153242161071,6.950145309826879
2024_03_MIA_SEA,2024,3,2024-09-22T16:05-04:00,21.0,2.3869629574299456,-2.246836077975121,1.885784142507859,1.4932318163129632,1.842779007190012,1.2985797105743009,1.2725281035464056,1.4168563023101295,1.8764182402625176,-1.128610217767129,1.2922377507153024,2.44160165504815,1.842779007190012,1.7971966616879218
2024_03_BAL_DAL,2024,3,2024-09-22T16:25-04:00,-3.0,3.4019815680616667,1.7460478316136567,1.885784142507859,1.3451646334051204,2.205962594086348,1.574803317360831,0.5314677109929664,1.6314985857358208,1.8706976599433016,1.5748846103428698,1.5612334149915923,1.8156933110862152,2.205962594086348,1.6372399575371248
2024_03_DET_ARI,2024,3,2024-09-22T16:25-04:00,-7.0,0.290709980089666,-1.8978833427247315,1.885784142507859,-1.4252891560571506,-1.5520794977725598,-1.1899170926182867,-1.6485457068381513,-1.2258754529725346,-0.22304548931550255,-0.8342896203088418,-1.0247084752964941,-0.8679387783811983,-1.5520794977725598,-1.405100803678441
2024_03_SF_LA,2024,3,2024-09-22T16:25-04:00,3.0,-2.3229995130082504,-3.135982894719611,1.885784142507859,-2.602914235964221,-3.119002982453904,-2.8736719607816075,-2.5352122970587363,-2.909904100398132,-1.6061514707252615,-3.6349245356672975,-2.9270780638060128,-3.419123368792454,-3.119002982453904,-3.2885838199498
2024_03_KC_ATL,2024,3,2024-09-22T20:20-04:00,-5.0,-1.5565482416478948,-5.0747814291775395,1.885784142507859,-6.470740868553362,-5.098219834515248,-5.3639665448551,-5.784172495187966,-5.451430288569997,-5.701136648606273,-5.014965644560503,-5.198648830674448,-3.7382292252661733,-5.098219834515248,-5.28671346367974
2024_03_JAX_BUF,2024,3,2024-09-23T19:30-04:00,37.0,7.710968099960876,10.432739910896421,1.885784142507859,10.534937047556728,10.269935791208542,10.24596613192861,10.93809810956692,10.14009948384501,7.963238640662116,10.49203747788152,10.243398127930622,10.087151490497124,10.269935791208542,10.41762978829311
2024_03_WAS_CIN,2024,3,2024-09-23T20:15-04:00,-5.0,7.3297180926374885,7.956336758659253,1.885784142507859,8.131217931286454,7.976033197858989,7.555987509575297,8.339163702672769,7.443934407063141,8.02156138777891,7.136178933227004,7.659395103234423,6.096241235102348,7.976033197858989,7.837036823903354
2024_04_DAL_NYG,2024,4,2024-09-26T20:15-04:00,-5.0,-3.307958067076914,-5.353065772105661,1.885784142507859,-5.12886053521135,-5.058291626676274,-5.1136611844427495,-3.4827359678145493,-5.206223296052066,-5.60321427395197,-4.713120509727131,-5.113488565875903,-5.074135130221679,-5.058291626676274,-5.041241003760078
2024_04_CIN_CAR,2024,4,2024-09-29T13:00-04:00,-10.0,-2.5347993508439535,-6.551914267829586,1.885784142507859,-6.409667092228618,-5.904146919062335,-5.917730181647947,-5.548255768213151,-5.644148252873531,-5.755658994733295,-7.001981610757589,-5.966838623196503,-4.72941514446494,-5.904146919062335,-5.614983000879702
2024_04_DEN_NYJ,2024,4,2024-09-29T13:00-04:00,-1.0,2.1756786076472805,2.966527015212188,1.885784142507859,6.72249304062252,5.632554444665132,6.042543262292954,8.241290561505101,6.106843758871003,5.206239834780181,1.238373931463437,6.328284480140215,5.7086372347539704,5.632554444665132,6.7051178800411
2024_04_JAX_HOU,2024,4,2024-09-29T13:00-04:00,4.0,2.957615808707235,3.286058558996304,1.885784142507859,4.154833234991411,3.5028735423365305,3.2725166646871418,4.801896007409577,3.172319167222758,2.534814806666308,2.4466236436527726,3.236329800633012,3.5865221424408564,3.5028735423365305,3.3023671947036037
2024_04_LA_CHI,2024,4,2024-09-29T13:00-04:00,6.0,2.3067653027206316,-0.5103766307176532,1.885784142507859,-1.941238323214444,-1.4358510390293544,-1.9098435251632369,-2.1210847991855246,-1.8960139909836067,-3.4464040590624796,0.5076081129620671,-1.7819894339967837,-1.2323206238940534,-1.4358510390293544,-2.067900700310242
2024_04_MIN_GB,2024,4,2024-09-29T13:00-04:00,-2.0,1.0073810202493165,2.8630040171730906,1.885784142507859,3.0580371471848,0.6751371303958236,-0.13118596497029933,2.673340643165486,-0.27945385952964785,-1.3831281410381562,3.132210842800152,-0.09528700544252544,-0.479231963964438,0.6751371303958236,-0.12470245722744622
2024_04_NO_ATL,2024,4,2024-09-29T13:00-04:00,2.0,-3.6076674094179344,-5.623795782402472,1.885784142507859,-4.653175480617741,-5.121679157331579,-4.922284194365047,-5.409907373977415,-4.7427816417009945,-3.957110389465358,-6.484364249834908,-4.908331418242527,-4.133774368769632,-5.121679157331579,-5.202574895470739
2024_04_PHI_TB,2024,4,2024-09-29T13:00-04:00,17.0,2.199057387075729,-0.6286247160172969,1.885784142507859,-0.5275601746745426,-0.24087387894503598,0.013606734959084932,0.2477281088743809,-0.018927128412289773,0.8299414165980423,0.10737546172936807,0.047994240103887975,-0.1324898375883401,-0.24087387894503598,0.5988966952920611
2024_04_PIT_IND,2024,4,2024-09-29T13:00-04:00,3.0,-1.1864928628369222,-2.7772216960475147,1.885784142507859,-2.1640700064629077,-3.5853411124529346,-3.9335826102748106,-4.158234738899953,-3.791138095107252,-3.5480805115477327,-3.3763291574379,-3.9957502929667887,-3.203052780069153,-3.5853411124529346,-3.5973363942286545
2024_04_NE_SF,2024,4,2024-09-29T16:05-04:00,17.0,8.834216652918471,12.40453539241605,1.885784142507859,11.333143281707853,10.930187541144413,10.828436133849245,11.942898829806932,10.71282894597859,10.923888967843917,12.150321888921829,10.714141661901053,9.437231036662645,10.930187541144413,10.83981121013314
2024_04_WAS_ARI,2024,4,2024-09-29T16:05-04:00,-28.0,4.872966678538323,3.111812668995918,1.885784142507859,3.714289396257523,3.5046571097025243,3.6531273092494176,3.8154180133495395,3.7027473608953247,4.581816776041084,4.290629666943976,3.614748904452548,2.939677499818039,3.5046571097025243,3.7276045906512048
2024_04_CLE_LV,2024,4,2024-09-29T16:25-04:00,4.0,2.0210601409508016,-0.8867012318911063,1.885784142507859,-3.0244859578964043,-0.7320171585890818,-0.6695910685865039,-1.0871665115829048,-0.7497635652780994,-0.008606429627745493,0.05373254351178414,-0.6062351953671483,0.05233103995597288,-0.7320171585890818,0.34233216312609804
2024_04_KC_LAC,2024,4,2024-09-29T16:25-04:00,-7.0,1.3162438558247738,-5.582980085493753,1.885784142507859,-8.000880907483529,-5.9967697267812206,-5.675626849382562,-6.571597268916216,-5.6849078427929856,-5.050723393755765,-3.787209698681697,-5.546684508004708,-4.0091745912336245,-5.9967697267812206,-4.872190202492573
2024_04_BUF_BAL,2024,4,2024-09-29T20:20-04:00,25.0,-0.3490533929686461,-1.5367222487933379,1.885784142507859,-1.0860100802864112,-2.223624694178249,-2.1765645443370385,-1.9212294471040778,-2.0747819822405695,-1.6401538594989475,-2.4625010136253676,-2.221025391640864,-2.268135306371488,-2.223624694178249,-1.9200124667287854
2024_04_TEN_MIA,2024,4,2024-09-30T19:30-04:00,-19.0,5.429653744422776,8.08570796593362,1.885784142507859,6.703776634513166,7.132998268195052,7.020176352295008,7.602727678069915,7.052306234749205,5.872091854628378,7.1300138957190935,7.010586398429288,6.023845111644911,7.132998268195052,7.47726723610789
2024_04_SEA_DET,2024,4,2024-09-30T20:15-04:00,13.0,2.9917117272858484,5.960500327179046,1.885784142507859,6.868821847678388,5.853688674773103,5.626711288325117,6.991133304502649,5.657047090705399,4.4242520034785855,4.765848236528149,5.596442745935087,4.336876013655915,5.853688674773103,5.679903695607481
2024_05_TB_ATL,2024,5,2024-10-03T20:15-04:00,6.0,-0.8564142005931492,-0.2257934367693336,1.885784142507859,-0.6006392617300712,-1.1612508488964246,-1.3160183860775005,-0.9772542044652466,-1.2224179813303189,-2.2152189374062927,-1.791286301215642,-1.3318285145557185,-0.37461536139874213,-1.1612508488964246,-1.7212569018098998
2024_05_NYJ_MIN,2024,5,2024-10-06T09:30-04:00,6.0,3.72874854207766,0.6455047278259114,1.885784142507859,-3.4283467258276357,-0.8828183635642635,-0.8079292989391802,-3.1918271496505097,-0.8990682435143854,-0.17366419679916456,1.6667848019806755,-0.8767910544889339,-0.3181804275854141,-0.8828183635642635,-1.0990563671010918
2024_05_BAL_CIN,2024,5,2024-10-06T13:00-04:00,-3.0,-2.5012101771082715,-2.338229206091567,1.885784142507859,-2.0181063893862894,-1.6929615421586948,-2.2330285329857595,-1.6106340712644196,-2.2797357907021247,-2.471066332006843,-2.9793557282737586,-2.209987680955252,-2.4622628969057736,-1.6929615421586948,-2.1323628062212654
2024_05_BUF_HOU,2024,5,2024-10-06T13:00-04:00,3.0,-3.675173476906684,-5.279419598230908,1.885784142507859,-4.347535182304901,-4.858443928465663,-5.349321609370375,-4.2309328228985486,-5.334077983824193,-4.349329266680934,-6.505580745613324,-5.412329125158742,-4.960079083375645,-4.858443928465663,-5.7926504830664705
2024_05_CAR_CHI,2024,5,2024-10-06T13:00-04:00,26.0,8.315302963331566,7.795273970895213,1.885784142507859,5.442015652183187,5.506187777738997,5.560826750592527,4.127726273061401,5.442752591185245,5.786640450940409,8.472031399046577,5.76456188746251,4.875958176607269,5.506187777738997,4.859454944915168
2024_05_CLE_WAS,2024,5,2024-10-06T13:00-04:00,21.0,1.4584979011297021,3.0084334707344214,1.885784142507859,1.0529997840413716,3.767493980109761,4.1300530561386175,4.125619049730506,4.040533219839029,3.1409057925275494,3.2911871560618433,4.266511262433595,5.386618299295237,3.767493980109761,4.046039298340909
2024_05_IND_JAX,2024,5,2024-10-06T13:00-04:00,3.0,1.7196520636626949,1.4607062662316639,1.885784142507859,2.259374660727339,2.7495517564980503,2.503091674463838,1.735872546968319,2.6169163333210994,3.7270166986720676,1.4625643731269304,2.507474926747882,2.167908755086566,2.7495517564980503,1.3456637481105838
2024_05_MIA_NE,2024,5,2024-10-06T13:00-04:00,-5.0,1.6897822652728136,-3.0528525104550077,1.885784142507859,0.06783600026266945,-0.3130788355780031,-0.7201439337620805,-2.2085071672122174,-0.6253851924117146,-0.24239174886432835,-3.151005606322091,-0.6877177019873641,0.38430417449808674,-0.3130788355780031,-0.3266937040912118
2024_05_ARI_SF,2024,5,2024-10-06T16:05-04:00,-1.0,9.381132696075994,11.219200043725438,1.885784142507859,9.755077799534778,9.813154636688113,9.400800302497078,10.279269687037601,9.378476982527104,8.619588701040145,9.654265354642694,9.266611768908534,9.187361816133524,9.813154636688113,9.514597189706556
2024_05_LV_DEN,2024,5,2024-10-06T16:05-04:00,16.0,4.080758616657156,4.857130484570572,1.885784142507859,2.9458835174504676,3.1766684597212644,2.9505458645974176,2.7666166861615737,2.9706889267011873,2.8778313735859853,5.31742242280769,2.889892712543696,2.8362035883487264,3.1766684597212644,1.4875189784682785
2024_05_GB_LA,2024,5,2024-10-06T16:25-04:00,-5.0,0.415612374104835,0.5367495128625996,1.885784142507859,0.7704125804600841,0.04526570585257583,0.5830484315573448,-0.11442631715676255,0.6120409532833966,2.5033117455476783,-1.0762470597566247,0.45790852237990065,0.05191536200759117,0.04526570585257583,-0.11699729123472946
2024_05_NYG_SEA,2024,5,2024-10-06T16:25-04:00,-9.0,5.885346122379586,3.813196855963628,1.885784142507859,2.733460726679068,3.7490920220454647,3.5855887856265705,2.403761666780152,3.6331836559712842,4.501359211486042,3.7849762702812244,3.52298131375294,4.851057254145141,3.7490920220454647,3.0140999487039473
2024_05_DAL_PIT,2024,5,2024-10-06T20:20-04:00,-3.0,0.8301858705878531,-0.45705919511944204,1.885784142507859,-1.6731912890403609,-1.1925920100511884,-1.0511473462496423,-0.4689984333809426,-1.1393161423055793,-1.4183877621100835,-0.10394749512103163,-0.9949514232100933,-1.4025527935075404,-1.1925920100511884,-1.6275219785973278
2024_05_NO_KC,2024,5,2024-10-07T20:15-04:00,13.0,2.0096919408759795,2.7464724216583227,1.885784142507859,4.964894469319589,3.0433443845829,3.3171808253366457,2.9070697897350106,3.5529319864620925,4.741881431747331,1.8176758749381152,3.251067940537768,2.77242510079752,3.0433443845829,2.27117282684734
2024_06_SF_SEA,2024,6,2024-10-10T20:15-04:00,-12.0,-1.15838553386439,-5.999362799104309,1.885784142507859,-6.29706306499392,-4.866051463901465,-5.12797342607117,-5.912010766852439,-5.177053015434396,-4.334502749263529,-4.823740451807255,-5.150071248120887,-3.9572768918215537,-4.866051463901465,-5.155333686597875
2024_06_JAX_CHI,2024,6,2024-10-13T09:30-04:00,19.0,2.829933041869957,0.08919206965098248,1.885784142507859,-0.5793942156013738,-0.9634301856161773,-0.8133872133367923,-0.5244212019995524,-0.8276789298251658,-1.934600603162877,-0.10740079958649407,-0.7713624492645668,-0.547955065548285,-0.9634301856161773,-0.30793339811664433
2024_06_ARI_GB,2024,6,2024-10-13T13:00-04:00,21.0,6.1791303584392425,6.400503491957563,1.885784142507859,4.890004242762048,5.261977206578237,4.511716985926933,5.172251250570875,4.424291556050737,3.9179851259984946,5.6531784292098655,4.489419594845845,4.164828125606963,5.261977206578237,4.765107882513063
2024_06_CLE_PHI,2024,6,2024-10-13T13:00-04:00,4.0,4.494437949808212,6.8202941096423055,1.885784142507859,4.744223710658567,7.270207844803895,7.064805086223091,6.304989010861818,6.994100114812291,7.430421543077168,7.246237291990221,7.071084568614205,7.358481601505914,7.270207844803895,5.803187833681994
2024_06_HOU_NE,2024,6,2024-10-13T13:00-04:00,-20.0,-0.5225969816286464,-2.749665856305606,1.885784142507859,-4.244890375389495,-4.527969014250451,-4.233792097003826,-5.249378929672549,-4.041999219087638,-5.071558791786796,-2.79132473317428,-4.143800442581317,-3.4929057056274786,-4.527969014250451,-4.293661674332787
2024_06_IND_TEN,2024,6,2024-10-13T13:00-04:00,-3.0,1.289990285628369,-1.136543472288992,1.885784142507859,-1.7624111794085846,-1.9494082091517944,-1.635976039296969,-2.5550524193831707,-1.5896581481925707,-0.6477364427555123,-1.1781381105324704,-1.9347122692291168,-0.6986051721201626,-1.9494082091517944,-2.4248873972138467
2024_06_TB_NO,2024,6,2024-10-13T13:00-04:00,-24.0,4.10006105802228,3.942671416637032,1.885784142507859,1.3468282863405316,-0.7226487311441794,-1.2868528080681751,-1.0275783084851713,-1.3411967853873734,-3.083144925082701,3.723098694954792,-1.3213438263203376,-1.1165236191537238,-0.7226487311441794,-1.4033971854956473
2024_06_WAS_BAL,2024,6,2024-10-13T13:00-04:00,7.0,8.113157183838448,8.389462887378638,1.885784142507859,8.047385137291357,7.393208360573356,7.277916306683246,7.292509706580115,7.163972367714744,7.922959367866191,8.839437049030925,7.138468569030202,6.030352540488689,7.393208360573356,7.248860788385603
2024_06_LAC_DEN,2024,6,2024-10-13T16:05-04:00,-7.0,3.355976453069608,1.7736474223315004,1.885784142507859,-0.7838970529133418,-0.186835568476174,-1.0666537323754604,-1.0104931424062598,-1.1669455370794917,-1.3601587017983263,2.1422082653480516,-1.0822727625779909,-1.9722647968151563,-0.186835568476174,-1.0888414702101392
2024_06_PIT_LV,2024,6,2024-10-13T16:05-04:00,-19.0,-1.187409897724487,-5.311483351643657,1.885784142507859,-4.067842704591708,-4.4735160359616355,-4.917443715144922,-4.843183472284678,-4.86005300986254,-3.7316792005898822,-5.203862194727545,-4.516984484979552,-4.0464166653243625,-4.4735160359616355,-4.67590026675596
2024_06_ATL_CAR,2024,6,2024-10-13T16:25-04:00,-18.0,-3.588124333267868,-6.417152230028808,1.885784142507859,-5.032622625866196,-5.283162521093194,-5.4753898005322625,-3.8977844081414275,-5.328116065270054,-5.994825972397027,-7.18029639478488,-5.351782508321342,-5.752604848026827,-5.283162521093194,-4.136511014603116
2024_06_DET_DAL,2024,6,2024-10-13T16:25-04:00,-38.0,3.470727206736909,1.275958140786918,1.885784142507859,1.7452985564991512,1.7030057248043518,1.6069723493443457,0.7139189416093634,1.61481371673721,1.539595576158911,1.3284654000058018,1.6319776558866237,1.5493553074402087,1.7030057248043518,2.1596689641427154
2024_06_CIN_NYG,2024,6,2024-10-13T20:20-04:00,-10.0,1.1618434938098916,-4.022876080775951,1.885784142507859,-4.0282813090101035,-3.5530035455601077,-3.499276026753843,-3.6904095359425666,-3.3810340020307637,-2.9476645801489183,-2.8543845911740076,-3.526712732966599,-3.0760725366885038,-3.5530035455601077,-2.927121263288223
2024_06_BUF_NYJ,2024,6,2024-10-14T20:15-04:00,-3.0,-2.4206311942458374,-4.888893558373966,1.885784142507859,-2.764243701902753,-4.8328523735277935,-4.749381757884612,-3.7241460501839496,-4.7196041291104756,-3.829107290020172,-6.239007382521638,-4.7534868979556615,-4.644740669056329,-4.8328523735277935,-5.000165110628686
2024_07_DEN_NO,2024,7,2024-10-17T20:15-04:00,-23.0,3.0179494581492734,2.9245709741733563,1.885784142507859,2.8898553822106727,2.2166479675362933,2.1323140131965497,2.145565506987489,2.0264248932159465,0.9319069911955172,2.483014933832594,2.081866469185567,1.846331154736565,2.2166479675362933,3.009941479826638
2024_07_NE_JAX,2024,7,2024-10-20T09:30-04:00,16.0,2.252061833202892,2.0508010083006005,1.885784142507859,3.062106462553297,3.8328227331700173,3.3842052670116205,3.698509161201756,3.2238444634771146,3.7417893750385227,2.5726505086649816,3.2966490645136166,2.5881262947625743,3.8328227331700173,3.2467938164292
2024_07_CIN_CLE,2024,7,2024-10-20T13:00-04:00,-7.0,-0.7269071650567898,-5.040864627408181,1.885784142507859,-3.4793398180746626,-5.6687104192257785,-5.626940149028575,-5.839848706175114,-5.479268295541818,-5.089434780677205,-5.640942092517905,-5.729057123691728,-5.488457823579587,-5.6687104192257785,-5.245245544936546
2024_07_DET_MIN,2024,7,2024-10-20T13:00-04:00,-2.0,1.6120962373419903,-1.7245381378135396,1.885784142507859,-3.294388919924941,-2.610941711585599,-2.225843993588026,-3.675608302506433,-2.1329108750311137,-1.4011891284614617,-1.7750829848849201,-2.28299193965216,-1.9974516342767803,-2.610941711585599,-1.6221274745752237
2024_07_HOU_GB,2024,7,2024-10-20T13:00-04:00,2.0,4.765563454555667,7.214374510930148,1.885784142507859,5.5283676820310435,5.8209743585268665,6.123678552255021,5.966652526758714,6.0333457939075075,4.870429010719706,8.395937166312416,6.295052963390436,5.779194126686267,5.8209743585268665,5.233174819802597
2024_07_MIA_IND,2024,7,2024-10-20T13:00-04:00,6.0,3.6003715714755216,1.730933438484004,1.885784142507859,5.881625579610892,3.69425033449833,3.032041360128596,3.032640868432837,3.0516647549407163,2.132001004634336,2.4527647134735,3.0021930018371763,3.2537643699156997,3.69425033449833,3.3979595611905378
2024_07_PHI_NYG,2024,7,2024-10-20T13:00-04:00,-25.0,0.7942018774582174,-0.33289933088978607,1.885784142507859,-0.36606137525908755,-0.34343655750279023,-0.30661325990875854,0.19746460313516412,-0.30167367522180943,-0.4774076530092519,0.5854478038183267,-0.3055316993466384,-0.3378327681996325,-0.34343655750279023,-0.8363335139155059
2024_07_SEA_ATL,2024,7,2024-10-20T13:00-04:00,-20.0,3.2242259061497966,5.910309166401538,1.885784142507859,5.847083486561294,4.949573234376449,4.792203766165916,5.474954101939055,4.749112959441829,3.2626206251131453,4.696140889843461,4.257784415818993,4.509902234276205,4.949573234376449,4.538527117478108
2024_07_TEN_BUF,2024,7,2024-10-20T13:00-04:00,24.0,9.679398708653146,13.503084216721579,1.885784142507859,14.579623168004987,13.792080761688934,13.600095349391587,13.227600377912939,13.516576490699617,12.727717844813,13.965827217324295,13.381012808698085,12.570348358496508,13.792080761688934,13.02014521851309
2024_07_CAR_WAS,2024,7,2024-10-20T16:05-04:00,33.0,10.57077141974699,10.554706050778918,1.885784142507859,9.754290853908913,10.517971798670636,10.562692971603875,8.89810762737682,10.4853504124736,10.753213934559568,10.69706939914032,10.949754288484481,11.139152002708045,10.517971798670636,9.841813652740576
2024_07_LV_LA,2024,7,2024-10-20T16:05-04:00,5.0,4.804436649915273,8.922099274693934,1.885784142507859,9.237843157701207,8.350242079820884,8.791658243359752,9.284726663864546,8.858852714830363,8.816859510750907,7.485150024618772,8.672253811200857,7.951937784551263,8.350242079820884,8.218059095928005
2024_07_KC_SF,2024,7,2024-10-20T16:25-04:00,-10.0,3.0550411943688065,3.427926640991098,1.885784142507859,1.7575191534864494,3.033578685696572,2.8512590200281833,3.8619962872268703,2.804255439863107,2.097494963471079,3.706027432368092,2.8928230622779676,3.080997708754933,3.033578685696572,2.8909234707141103
2024_07_NYJ_PIT,2024,7,2024-10-20T20:20-04:00,22.0,6.06312213826283,6.353236668219867,1.885784142507859,4.500802822091426,4.527764061638459,4.182560075391489,3.0336424553495993,4.077343592768487,3.1116065232862837,6.336867233276991,4.178102467328982,3.969585147204201,4.527764061638459,4.522379241768017
2024_07_BAL_TB,2024,7,2024-10-21T20:15-04:00,-10.0,-0.019987947232714465,-3.4646558779342223,1.885784142507859,-3.143493946467872,-2.241888966108436,-2.600493583213294,-2.5647313634033444,-2.5468077456095637,-2.82748396965545,-3.249591418533115,-2.488521613998706,-2.2596534913512736,-2.241888966108436,-1.8869915725432682
2024_07_LAC_ARI,2024,7,2024-10-21T21:00-04:00,2.0,-1.7148403123699953,1.2040798958765482,1.885784142507859,1.5894589056564525,1.645079852364812,1.3362284972699054,2.7047573570664807,1.2244593494535772,0.22383932204040757,1.8003817250900847,0.7566753554632029,0.3409971510946176,1.645079852364812,1.0008995528049496
2024_08_MIN_LA,2024,8,2024-10-24T20:15-04:00,10.0,-1.8190540770282801,0.3484606448194937,1.885784142507859,2.6304946337469373,0.7262364060807438,0.6503427284800012,2.70558563068614,0.6711018086535625,0.3345265642915698,-1.5079698853684986,0.5768426659104791,-0.2827626929949487,0.7262364060807438,1.1408954355043281
2024_08_ARI_MIA,2024,8,2024-10-27T13:00-04:00,-1.0,3.008395061062215,0.18354531946678287,1.885784142507859,-4.584478911723398,-3.2571051508265683,-3.2356441287365056,-3.3921799950705687,-3.2840267840020387,-1.7072960081936006,-0.04131543755964029,-3.387101650375192,-3.4536841571761605,-3.2571051508265683,-3.1045806203857644
2024_08_ATL_TB,2024,8,2024-10-27T13:00-04:00,-5.0,5.9985604915417206,4.138030270450021,1.885784142507859,4.582139494794921,4.97572050971333,4.77352757699048,3.936566355231208,4.774338793865603,5.538904656414806,4.953265176306007,4.723506423490082,4.114908070059827,4.97572050971333,4.865236829477242
2024_08_BAL_CLE,2024,8,2024-10-27T13:00-04:00,5.0,-6.101293631353482,-8.836521731382128,1.885784142507859,-7.685253181834567,-8.15385497212067,-8.376847872446703,-7.098570322556363,-8.091444546298284,-7.956164705539678,-9.952271389073665,-8.476687056122854,-8.517107577988952,-8.15385497212067,-8.706550435537935
2024_08_GB_JAX,2024,8,2024-10-27T13:00-04:00,-3.0,-2.2191964341356663,-3.8082577232537167,1.885784142507859,-3.372957506930553,-3.016428226479251,-3.215903265525986,-3.3461450380311244,-3.201060107751003,-2.1643545680751544,-3.991820712882212,-3.3242201237148645,-3.2000372563244324,-3.016428226479251,-3.284680584425291
2024_08_IND_HOU,2024,8,2024-10-27T13:00-04:00,3.0,4.096790688965207,2.8854113666265433,1.885784142507859,4.602309259353493,4.301619385053298,3.9689179110007853,4.084063460178072,3.9652459885601443,4.425560774442333,1.8390761112952392,3.921620709539913,4.006362699541623,4.301619385053298,3.948678047559386
2024_08_NYJ_NE,2024,8,2024-10-27T13:00-04:00,3.0,-2.029045331579276,-3.1696710187494346,1.885784142507859,-5.678220613743972,-3.9657611321274007,-4.310447965080362,-4.642644458172489,-4.268666693276425,-4.687502673760339,-2.976324658095529,-4.327813506987441,-3.399899790066554,-3.9657611321274007,-4.707520001127783
2024_08_PHI_CIN,2024,8,2024-10-27T13:00-04:00,-20.0,2.77711687034055,4.090302011716682,1.885784142507859,4.246254075834886,3.8679674996936795,3.845879028196386,4.204602918571123,3.7843611411088913,3.848541707558204,3.9929475533461996,3.9190526792900697,3.332781529495724,3.8679674996936795,3.570263893333908
2024_08_TEN_DET,2024,8,2024-10-27T13:00-04:00,38.0,11.017607192051429,14.299855232456714,1.885784142507859,14.482814496130471,14.011441181635247,13.49192687975928,13.443821331169037,13.332335244477619,13.363802425231475,14.061189594332115,12.886022969715903,12.538973668674217,14.011441181635247,13.054448578318976
2024_08_BUF_SEA,2024,8,2024-10-27T16:05-04:00,-21.0,-2.5032659404360036,-6.653504004756517,1.885784142507859,-7.2957148745124325,-6.55546250796413,-6.733572296025967,-7.0546832593895274,-6.742365854455811,-5.495411964023976,-6.581625993160054,-6.270076063751175,-5.600955709500942,-6.55546250796413,-7.152072571428771
2024_08_NO_LAC,2024,8,2024-10-27T16:05-04:00,18.0,3.9008575333138102,2.4106546201866803,1.885784142507859,5.760113587290106,5.90697979936207,6.343429318926903,7.120993162404039,6.379433511450886,6.971289809614827,2.437131914942386,6.559335300781859,7.243130381275098,5.90697979936207,6.190490988765054
2024_08_CAR_DEN,2024,8,2024-10-27T16:25-04:00,14.0,14.579078678649962,12.686843890065656,1.885784142507859,12.406847257920642,12.463130294838857,12.073672486437637,10.457738632926274,12.07019258920336,13.454853229272207,14.238191691866707,12.181059601423238,12.074597435199141,12.463130294838857,10.99529520205407
2024_08_CHI_WAS,2024,8,2024-10-27T16:25-04:00,3.0,1.3091182040504954,0.49746104232092336,1.885784142507859,-0.5736875521666336,-1.6585076800022893,-1.83495173617551,-0.7850902354963267,-1.9112454559623715,-2.5719116600352145,0.21714336639401177,-1.7595095205309967,-1.1056772259476637,-1.6585076800022893,-1.956035989919172
2024_08_KC_LV,2024,8,2024-10-27T16:25-04:00,-7.0,-5.597873796576895,-9.148799202085153,1.885784142507859,-10.645729844261254,-8.763258542952403,-9.241188399747003,-8.573897742419303,-9.373237053011911,-8.896879941900288,-8.646450485216356,-9.032177659754455,-8.810927654532478,-8.763258542952403,-9.193060344011064
2024_08_DAL_SF,2024,8,2024-10-27T20:20-04:00,6.0,3.412295395138552,4.409276509376999,1.885784142507859,3.912658226748846,3.7625337731800594,3.678340358442422,5.87865981815464,3.7460001637538154,2.043236623117746,3.7765893230252545,3.541454091455482,3.688394776763422,3.7625337731800594,4.172267975828236
2024_08_NYG_PIT,2024,8,2024-10-28T20:15-04:00,8.0,10.356633687467365,11.842796187475669,1.885784142507859,11.504314570601379,9.710948343118503,9.748969496920754,8.789851249780643,9.703870833429836,8.705469885908514,10.772074544754583,9.788452402148188,9.460435004192519,9.710948343118503,10.09604966244671
2024_09_HOU_NYJ,2024,9,2024-10-31T20:15-04:00,8.0,-0.4485938226025876,-1.6660605539493347,1.885784142507859,-0.29633306327744247,-2.0468386644802727,-1.8091860455143114,-0.8290489337572047,-1.7860528144706986,-1.5678656864807707,-1.9016036013785922,-1.7914588412903525,-2.345447908634923,-2.0468386644802727,-0.8501688707439272
2024_09_DAL_ATL,2024,9,2024-11-03T13:00-05:00,6.0,-0.6500084306884855,0.4315592449938555,1.885784142507859,-0.6864435936639125,-0.29303806560459084,-0.38721819641985145,1.9753906411012183,-0.546683727686793,-2.4442768372077373,-0.14496023844825512,-0.36110791301408507,0.4306341103395057,-0.29303806560459084,-0.07091673636067297
2024_09_DEN_BAL,2024,9,2024-11-03T13:00-05:00,31.0,5.39721112986449,8.344109452260493,1.885784142507859,8.508356433270185,8.211006355926823,8.654381137673942,8.700608875673439,8.609627834179564,9.043472424735285,7.15666369863469,8.376294945284155,8.192782885707855,8.211006355926823,8.507522453839199
2024_09_LAC_CLE,2024,9,2024-11-03T13:00-05:00,-17.0,-1.5585620341492632,-1.5061778111869342,1.885784142507859,-1.4463342502709455,-1.5585278698360565,-1.5393192563668632,-0.19278936808321,-1.4733066482150694,-1.562940950865154,-2.2923213728822676,-1.7384314387893838,-2.8294454890150957,-1.5585278698360565,-1.27978765403455
2024_09_LV_CIN,2024,9,2024-11-03T13:00-05:00,17.0,5.800672274624157,8.280692639985642,1.885784142507859,8.652362288189453,9.035970564882572,8.886536429795463,9.799617913822535,8.821713118743755,8.796823343228766,8.128226167185645,8.900051714374401,8.153029427832436,9.035970564882572,8.837742750531904
2024_09_MIA_BUF,2024,9,2024-11-03T13:00-05:00,3.0,11.868163935950097,12.416892349097758,1.885784142507859,12.22136751615903,12.088925808515452,11.463104122340189,10.053075471651907,11.340314119946711,10.625210920877844,13.541291905719351,11.558196607103849,11.52294941662757,12.088925808515452,10.63827483750391
2024_09_NE_TEN,2024,9,2024-11-03T13:00-05:00,3.0,3.10122548094592,0.3133443033178167,1.885784142507859,-0.18957769878023223,0.9202720094930111,0.9091142171683857,1.4387616449933673,0.8738390414288697,1.313961118906477,0.8596854466271171,0.9276650619637518,0.9197958165702844,0.9202720094930111,1.4130011026161924
2024_09_NO_CAR,2024,9,2024-11-03T13:00-05:00,1.0,-5.996161550899025,-4.589504556078101,1.885784142507859,-5.755749605181213,-5.987014371284433,-6.114064083960814,-5.4454018170911285,-6.230261827860524,-7.481318657051758,-5.399092599333121,-6.307288779463226,-5.843057892526666,-5.987014371284433,-6.344963126489345
2024_09_WAS_NYG,2024,9,2024-11-03T13:00-05:00,-5.0,-2.171721631853477,-4.760099808106078,1.885784142507859,-3.142351204688466,-1.885464092910372,-2.099031950447064,-1.617996561342685,-1.9706447380270546,-1.158471241970652,-3.636652240744996,-2.1930784825757343,-2.982196767304433,-1.885464092910372,-2.653486814306368
2024_09_CHI_ARI,2024,9,2024-11-03T16:05-05:00,20.0,-1.993936046822066,0.723084615493025,1.885784142507859,2.331853646515359,1.9552077804512855,2.186712627808239,3.776589083570146,2.0740818431298,1.4409062318384471,1.33844577509019,2.1593878126410466,2.1744416066855523,1.9552077804512855,1.4492721589872128
2024_09_JAX_PHI,2024,9,2024-11-03T16:05-05:00,5.0,7.0761712933944665,7.432548719371201,1.885784142507859,7.202614208216005,6.860377914902554,6.797000701555639,6.298538116515372,6.783933127762771,6.287673440115642,7.439830930977395,6.799354794179072,7.066349992029281,6.860377914902554,5.92160987537401
2024_09_DET_GB,2024,9,2024-11-03T16:25-05:00,-10.0,-0.9040018130678455,-2.1933880201215654,1.885784142507859,-2.951809879057553,-4.564095600669143,-4.815568289405048,-4.034156755893479,-4.807618642343987,-5.770256230447563,-1.8821264083341611,-4.59570632723295,-4.957961667235727,-4.564095600669143,-4.1701012503272725
2024_09_LA_SEA,2024,9,2024-11-03T16:25-05:00,-6.0,1.7817039349109076,-3.4312044046654124,1.885784142507859,-3.9412093663403196,-2.043816052993453,-2.570811097612032,-3.5941587862724558,-2.5817807711010827,-2.1899834002859326,-1.4517881413776648,-2.5211048534498626,-1.1981318472106768,-2.043816052993453,-2.2881001027239685
2024_09_IND_MIN,2024,9,2024-11-03T20:20-05:00,8.0,5.511675150136375,4.930353097995932,1.885784142507859,3.5148664806323033,4.495446608470211,4.990791208597093,4.318220061740578,4.921289530685764,5.728574817808821,5.085334322584451,4.811140723198071,5.027461203985492,4.495446608470211,4.653168584375681
2024_09_TB_KC,2024,9,2024-11-04T20:15-05:00,6.0,6.415979703424431,8.093029012652835,1.885784142507859,8.756018539054665,6.855037197374046,6.781761755570569,6.712932576599173,6.927791440248477,6.401137861858562,6.534469065333007,6.639823730422915,6.453397316274683,6.855037197374046,6.236116817194246
2024_10_CIN_BAL,2024,10,2024-11-07T20:15-05:00,1.0,8.26087593930051,7.192616905293274,1.885784142507859,5.997176436323435,6.090132037345301,6.328647905785942,5.526021474081467,6.288560075549259,7.383434159833321,7.605869150639937,6.257302754653678,6.492434929176936,6.090132037345301,6.1611501537289275
2024_10_NYG_CAR,2024,10,2024-11-10T09:30-05:00,3.0,-5.745602027762564,-5.8372131561956495,1.885784142507859,-4.810156020835915,-6.215441505537701,-6.433045575824487,-5.382448182195484,-6.3189067559662,-7.287865695421204,-7.245593514828752,-6.505682426571298,-6.083901892070871,-6.215441505537701,-6.558768220558218
2024_10_ATL_NO,2024,10,2024-11-10T13:00-05:00,3.0,0.9413319830353901,-0.6194007251747113,1.885784142507859,-0.10541892880637427,0.28887710407111344,0.08850067605946688,0.7978422417793338,0.32205601646909,0.36748981090034505,-0.8133576326076482,0.04710595975835638,-0.5855344923962128,0.28887710407111344,0.3762458067287121
2024_10_BUF_IND,2024,10,2024-11-10T13:00-05:00,-10.0,-4.546471237487363,-7.719752262756032,1.885784142507859,-8.312662345062034,-8.525966030124678,-8.775526131559548,-8.00468126132723,-8.696788945384355,-8.049093389931052,-8.451894592186694,-8.830227625414757,-8.466456566892678,-8.525966030124678,-8.76532832838372
2024_10_DEN_KC,2024,10,2024-11-10T13:00-05:00,2.0,6.772707585870164,9.631292670382152,1.885784142507859,11.437681402379962,9.939358834976591,10.117190784397314,9.943986060121597,10.122694229463482,9.011354286259728,7.764016846756993,10.066146182856777,9.585696550126574,9.939358834976591,10.253588568699227
2024_10_MIN_JAX,2024,10,2024-11-10T13:00-05:00,-5.0,-1.9550830447819196,-2.880006182451545,1.885784142507859,-1.9772651903924845,-3.5460991892684017,-4.747148818258966,-4.768527826788536,-4.858185765574716,-4.454096956905504,-3.635318478884815,-4.75482641927,-5.139864831727474,-3.5460991892684017,-4.259272614281665
2024_10_NE_CHI,2024,10,2024-11-10T13:00-05:00,-16.0,9.027013835666537,7.739866838269473,1.885784142507859,8.052384616535626,8.32274228497749,8.191356649259038,7.2936343794933345,8.165080568756228,8.318840634213291,8.10106129230377,8.327400669029565,7.486074314523398,8.32274228497749,8.404573061392991
2024_10_PIT_WAS,2024,10,2024-11-10T13:00-05:00,-1.0,-0.11929612488279329,-2.052796864816174,1.885784142507859,-3.478334359459164,-3.13636831125801,-3.4700660324205925,-2.832584375564811,-3.5564092972379138,-3.9187691034358205,-2.8525272218705098,-3.0767672836369835,-2.4669211609539854,-3.13636831125801,-2.6798727858938625
2024_10_SF_TB,2024,10,2024-11-10T13:00-05:00,-3.0,-0.07048462098896024,-2.5075142216724764,1.885784142507859,-2.3728641821564116,-2.090043078806637,-2.1505713732601346,-3.1805036178582298,-2.3811467858519837,-1.7755023857936378,-1.6152416076815512,-2.26494822005336,-2.096190779248465,-2.090043078806637,-2.896397455767341
2024_10_TEN_LAC,2024,10,2024-11-10T16:05-05:00,10.0,11.019564298415537,9.264338812807281,1.885784142507859,10.27438714101033,9.57179825136221,9.601607107570093,7.586003872338302,9.647897024018995,10.992611116676072,8.863187250814388,9.645431499389765,9.924033470673248,9.57179825136221,9.525903868499393
2024_10_NYJ_ARI,2024,10,2024-11-10T16:25-05:00,25.0,3.132336631377835,2.8302209907657128,1.885784142507859,1.7168009675130724,3.369161674199484,3.1776236441510415,2.349474624733732,3.077024238380973,2.188363151876983,4.160880315541942,3.4946691288759655,3.6168314039183285,3.369161674199484,2.7686726471879335
2024_10_PHI_DAL,2024,10,2024-11-10T16:25-05:00,-28.0,1.8268518469632957,-1.9299482364852747,1.885784142507859,-2.6320666504935235,-3.061058057430686,-2.777047411131001,-4.42826350413787,-2.781589658508872,-1.7389989828204904,-0.32420739692545164,-2.9345298508204407,-2.9814418107748812,-3.061058057430686,-2.179725404875363
2024_10_DET_HOU,2024,10,2024-11-10T20:20-05:00,-3.0,-4.211394719267483,-4.699921266447008,1.885784142507859,-2.629977623884324,-3.3753155243574424,-3.489558169453802,-2.1872874870693515,-3.368933643575689,-4.0678526101168995,-5.328445912868526,-3.7932967816439147,-3.3188378025372107,-3.3753155243574424,-3.4246543379094687
2024_10_MIA_LA,2024,10,2024-11-11T20:15-05:00,-8.0,4.727199451590647,4.0947370820100915,1.885784142507859,4.640541320996826,3.1620295084293013,2.9457233626193036,2.7065568951352517,2.9662475667802206,3.3095672921107733,3.1120603026759244,2.9199823655819483,2.5779536417287483,3.1620295084293013,2.8554180254285475
2024_11_WAS_PHI,2024,11,2024-11-14T20:15-05:00,8.0,5.055548030146469,4.172530990027937,1.885784142507859,4.911410415123741,6.257775027164049,5.777667404810538,6.06218863235398,5.78861094892216,5.852661472051889,4.529848948429508,5.68771954488406,5.21949702569275,6.257775027164049,5.362060176241411
2024_11_BAL_PIT,2024,11,2024-11-17T13:00-05:00,2.0,0.7067641354026097,-2.0982685806145143,1.885784142507859,-1.4571314983804122,-2.763299271042791,-3.037875062158537,-3.741548704974214,-2.9076841966716787,-3.276482190196368,-2.680788622451291,-3.0614667020921855,-3.1950948949400773,-2.763299271042791,-3.001443764352942
2024_11_CLE_NO,2024,11,2024-11-17T13:00-05:00,21.0,3.8306289632262494,3.7821929997274064,1.885784142507859,2.740530163679934,4.223309962850299,3.3395950032604644,3.6662866706269917,3.4169787332473343,2.047098857567033,3.7245697097434842,3.4796620469780244,3.5421203060940307,4.223309962850299,3.474269341736404
2024_11_GB_CHI,2024,11,2024-11-17T13:00-05:00,-1.0,-0.4980252491721129,-4.048282342874178,1.885784142507859,-3.847978775547958,-3.725593576132995,-3.4662671266252856,-3.910233894868086,-3.4386154142205543,-2.748208170032871,-4.299900337551525,-3.4246937537337363,-3.427705148569273,-3.725593576132995,-3.600722233294089
2024_11_IND_NYJ,2024,11,2024-11-17T13:00-05:00,-1.0,0.712961820641252,2.0415946947542363,1.885784142507859,4.628581360791296,3.109745536646639,3.4171462605796314,5.078264312020637,3.3131278490739344,3.329167036693094,1.1586347080660846,3.098026309320489,3.0848635748904454,3.109745536646639,3.573650676784212
2024_11_JAX_DET,2024,11,2024-11-17T13:00-05:00,46.0,11.404319966794782,11.695562457265774,1.885784142507859,12.088551797966188,13.142940949677138,13.474356651752554,13.38928292209216,13.542178440025836,13.465024254015635,11.982177325747836,13.434980669104666,13.711995572229256,13.142940949677138,12.854641761456005
2024_11_LA_NE,2024,11,2024-11-17T13:00-05:00,-6.0,-1.3779853786649587,-4.491484274019239,1.885784142507859,-6.125999948829642,-5.130116497674477,-5.674618977701153,-5.997804327096272,-5.648034631779203,-5.985056785251284,-3.762785760985472,-5.560424696783089,-4.36795738912037,-5.130116497674477,-5.789232133161741
2024_11_LV_MIA,2024,11,2024-11-17T13:00-05:00,15.0,5.976277555261993,7.509060425296776,1.885784142507859,7.006612154487484,8.101384264348054,8.728182585814745,10.065526874139099,8.739284878186591,7.945408474915335,7.339876361252344,8.977125087346895,8.655319835852637,8.101384264348054,8.521630212817701
2024_11_MIN_TEN,2024,11,2024-11-17T13:00-05:00,-10.0,-5.5475776620859065,-7.023186216995693,1.885784142507859,-6.253747674245964,-6.477246175806149,-6.805982992730575,-4.945720588433875,-6.921184062197282,-5.80463541215617,-6.688334826039288,-6.808068247532665,-6.547689168315394,-6.477246175806149,-6.998410492549637
2024_11_ATL_DEN,2024,11,2024-11-17T16:05-05:00,32.0,3.9744525955188683,1.183999506494232,1.885784142507859,1.177248728069129,1.0801887205017908,0.7977085659826675,-0.08651115675650334,0.8038259501193652,2.1807106097886746,2.904268017880972,0.7953081839433087,0.4194831843615505,1.0801887205017908,-0.04627144641975889
2024_11_SEA_SF,2024,11,2024-11-17T16:05-05:00,-3.0,7.690173962583126,11.70566078963346,1.885784142507859,11.845758966510807,10.668517028535339,10.506130910808336,11.839962858352106,10.52584903150477,8.300999427907215,10.263913331271757,10.506377435343648,9.838181811635359,10.668517028535339,10.432849089585115
2024_11_KC_BUF,2024,11,2024-11-17T16:25-05:00,9.0,4.70970083934227,2.7802452511478286,1.885784142507859,2.1570681624900314,3.9886497218440446,3.77246312434108,3.9242886089362075,3.8280966197593926,2.3645115055026458,3.9454668141197264,3.8666747459341755,3.989368662602519,3.9886497218440446,4.739631020806915
2024_11_CIN_LAC,2024,11,2024-11-17T20:20-05:00,7.0,4.4204132164094165,0.6173281463327873,1.885784142507859,0.2953486726828809,0.44927962896066365,0.7467301884961984,0.47838261809996396,0.8106471151838376,1.6683444319277057,0.8750686850294853,0.750770736360882,2.034288496599426,0.44927962896066365,0.3755511453716476
2024_11_HOU_DAL,2024,11,2024-11-18T20:15-05:00,-24.0,2.4453317625725255,-1.4282202632073315,1.885784142507859,-3.029463072561733,-3.23575687261175,-3.5734999276074957,-5.532919608096036,-3.7171246732634056,-2.246824556726636,0.6199660358029391,-3.5176393313889687,-4.153032938119597,-3.23575687261175,-3.2028599469884993
2024_12_PIT_CLE,2024,12,2024-11-21T20:15-05:00,5.0,-6.141101391647171,-6.7540643163746115,1.885784142507859,-6.260265879896098,-5.4082738111306226,-4.980828439481327,-2.612723661756454,-4.986322956141674,-3.9722116801271063,-6.8804175978134126,-5.127326461874608,-5.026800150894725,-5.4082738111306226,-5.341512704541564
2024_12_DAL_WAS,2024,12,2024-11-24T13:00-05:00,-8.0,4.89676622515122,6.34750672893695,1.885784142507859,7.619874365815855,6.7863017309575575,6.626477991778575,7.4694949613512405,6.656019725791836,5.564593819508163,6.003053450852878,6.678704184787225,7.676391979851633,6.7863017309575575,5.933346772684764
2024_12_DET_IND,2024,12,2024-11-24T13:00-05:00,-18.0,-6.886334548627779,-9.100237510406282,1.885784142507859,-8.908319050859198,-9.723077611354594,-9.711086358308084,-9.262244080874693,-9.560878090540577,-9.77661670201102,-9.323761128170544,-9.717387049226147,-9.661792438944918,-9.723077611354594,-9.498269003767806
2024_12_KC_CAR,2024,12,2024-11-24T13:00-05:00,-3.0,-10.404566688333421,-10.99263410774161,1.885784142507859,-10.650602893429614,-10.504750778852465,-11.113819123105198,-7.855517571290102,-10.976486085641078,-12.814997119059962,-11.171233870385954,-11.157028383614527,-10.610571078659753,-10.504750778852465,-10.547257272651624
2024_12_MIN_CHI,2024,12,2024-11-24T13:00-05:00,-3.0,-1.5546525892602174,-2.48473049464007,1.885784142507859,-0.969246151654483,-1.8102912281046535,-2.243205874423192,-1.884273576095777,-2.2150556964627413,-1.8838359199878918,-2.7430726466370245,-2.192381570396849,-2.541407010247192,-1.8102912281046535,-2.1265015815735113
2024_12_NE_MIA,2024,12,2024-11-24T13:00-05:00,19.0,7.083296124768387,8.791390654422162,1.885784142507859,8.96595975885397,9.512520878241435,10.038755985039893,10.581904456063931,9.964320364283562,10.099279122042086,8.752165537532537,10.043239033233197,9.229184755802365,9.512520878241435,9.940071131256214
2024_12_TB_NYG,2024,12,2024-11-24T13:00-05:00,-23.0,-2.5772340693882407,-4.7597474108460025,1.885784142507859,-4.1373639867211995,-4.983088791161219,-5.441252989735473,-3.957125811768392,-5.344179871514109,-5.65357719583643,-4.544879182423746,-5.429849228024258,-5.63212807584471,-4.983088791161219,-5.666530953309344
2024_12_TEN_HOU,2024,12,2024-11-24T13:00-05:00,-5.0,9.844323204782254,10.200694318358284,1.885784142507859,12.40688951433763,11.717124461260799,11.457710688768167,10.34205786315831,11.637451312997428,10.257602926566005,9.112832514748689,11.431557167372567,11.276138371693026,11.717124461260799,11.324539793798285
2024_12_DEN_LV,2024,12,2024-11-24T16:05-05:00,-10.0,-4.878968495162166,-5.8525507363616445,1.885784142507859,-5.075248515636367,-5.687457603450426,-5.782196775271953,-5.519772548060487,-5.695667251503152,-6.170419708628227,-7.31651388401879,-5.7813617732543925,-5.993668092303809,-5.687457603450426,-5.042035911590001
2024_12_ARI_SEA,2024,12,2024-11-24T16:25-05:00,10.0,1.2156589405577933,-2.9891189638735147,1.885784142507859,-4.349556496308122,-3.4763269184999004,-3.86424578761135,-5.31019846839309,-3.656587856261467,-1.8955365947777678,-3.532680388162618,-3.936810193175727,-3.453055447592801,-3.4763269184999004,-4.437226666256897
2024_12_SF_GB,2024,12,2024-11-24T16:25-05:00,28.0,1.72730259355282,3.8473500550881568,1.885784142507859,3.1432853234167117,4.024625642387012,3.402562647192452,2.887950980827468,3.5866738779517764,4.038279461709455,0.5044820759672209,3.4476791824045856,3.377014538534724,4.024625642387012,2.8882480056060973
2024_12_PHI_LA,2024,12,2024-11-24T20:20-05:00,-17.0,-1.7875778487070537,0.15534049322162924,1.885784142507859,0.389399705466119,-0.7530978174719137,0.041249416319946164,1.233483761619127,0.0007196776118681414,0.6028836424207358,-0.9360430541034777,-0.023254294770254536,-0.7669546682361574,-0.7530978174719137,-0.3891381270727907
2024_12_BAL_LAC,2024,12,2024-11-25T20:15-05:00,-7.0,0.03913036661808089,-4.621342879476867,1.885784142507859,-4.223638833104701,-4.323284509085521,-4.311368160634213,-5.171974231120979,-4.107533892769516,-2.883992181091095,-4.598037339157727,-4.269883502323909,-3.2079790725143056,-4.323284509085521,-4.255883040057539
2024_13_CHI_DET,2024,13,2024-11-28T12:30-05:00,3.0,12.655146257305212,11.087940152990733,1.885784142507859,10.001658582297974,10.611170013294233,10.33643551505245,9.529069527335137,10.203809114427619,11.028958342480225,10.921161071048765,10.24673004054533,10.386395740720992,10.611170013294233,11.044703609799512
2024_13_NYG_DAL,2024,13,2024-11-28T16:30-05:00,7.0,8.035488092519964,7.195515430542124,1.885784142507859,5.322042338728546,5.033479164838288,5.017512511254345,2.555828697477976,4.956238722744078,5.7594153574069695,6.210236519565505,5.09591882605513,4.736459362025937,5.033479164838288,5.190128442684422
2024_13_MIA_GB,2024,13,2024-11-28T20:20-05:00,13.0,5.43228937234011,4.003912540001701,1.885784142507859,3.6247569831152635,3.123638242112863,1.9121731090322474,0.7642231860260686,1.959886532237405,1.488454804794317,4.047179022839681,2.0135925641106933,1.913101211296241,3.123638242112863,1.9701945822848408
2024_13_LV_KC,2024,13,2024-11-29T15:00-05:00,2.0,11.442732367340307,14.016735891107587,1.885784142507859,14.225314117798915,13.277628161059365,13.486133282389124,13.350264835430124,13.430947904116834,13.443850375967973,13.364406056927475,13.160893674300345,13.137736744209395,13.277628161059365,13.137097163371173
2024_13_ARI_MIN,2024,13,2024-12-01T13:00-05:00,1.0,5.778167165033841,3.499667470917979,1.885784142507859,0.6537477270738101,1.7149543819743798,1.6449346503487474,0.6502415187319869,1.7668228301384903,2.053866870586535,2.7217294748522045,1.2545725875370906,1.866853247737608,1.7149543819743798,2.088890067208993
2024_13_HOU_JAX,2024,13,2024-12-01T13:00-05:00,-3.0,-1.761310215058753,-2.9076614713230926,1.885784142507859,-4.313731753172829,-5.509760956778134,-5.870250022889415,-6.763336785926727,-5.814912002554282,-4.18497266788375,-2.0516591163199145,-5.8399725775561775,-6.375916289049156,-5.509760956778134,-6.225052482077927
2024_13_IND_NE,2024,13,2024-12-01T13:00-05:00,-1.0,-1.2231304517630597,0.20778742802887296,1.885784142507859,-0.2325355109367837,0.21542324200415353,0.11051783972080864,0.7962104142407558,0.024977832669621947,-0.3228255028798269,-0.32743605413026466,0.06570079068464985,0.6516576563793277,0.21542324200415353,-1.1341065234905503
2024_13_LAC_ATL,2024,13,2024-12-01T13:00-05:00,-4.0,-2.383347860272478,0.8320827114853757,1.885784142507859,-0.20808449986666178,-0.1661886785720028,-0.736813734548569,0.6189352837178428,-0.8421930785801851,-2.3875776693619484,-0.15754451680175485,-0.7631134523911975,-1.0602954298911924,-0.1661886785720028,-1.1293491004351734
2024_13_PIT_CIN,2024,13,2024-12-01T13:00-05:00,-6.0,0.16661222195139702,0.30308776961391715,1.885784142507859,0.6970677153924538,1.8833009898267623,1.57361037745118,2.6101083430516576,1.5246106524590397,1.7157383899330125,0.36628230502610687,1.7268182606739104,1.7244948883294113,1.8833009898267623,2.001971994208014
2024_13_SEA_NYJ,2024,13,2024-12-01T13:00-05:00,-5.0,-0.635293287941888,2.0828827895567352,1.885784142507859,4.8527187070314115,1.9580376841112497,2.089927126794031,4.275705398856712,2.113667682946419,0.8390567047877246,0.6552594174289211,2.0653626087093055,1.1641898735914173,1.9580376841112497,2.7599795545398402
2024_13_TEN_WAS,2024,13,2024-12-01T13:00-05:00,23.0,7.10583948526099,7.383991980233469,1.885784142507859,8.334127437623001,6.827666834644267,6.273295611418736,4.792479395483362,6.4310291808648365,4.557895423830856,5.88557331435384,6.363066723352711,6.335716937809354,6.827666834644267,7.2157170526738
2024_13_LA_NO,2024,13,2024-12-01T16:05-05:00,-7.0,3.26545520525886,1.0677717910564015,1.885784142507859,0.47373170283928934,1.824973218750197,1.2193957180587645,0.9384698548215196,1.332980569483575,0.9178535182597798,1.8538277703443775,1.2273223725453541,1.9202511501075537,1.824973218750197,1.3504908599510839
2024_13_TB_CAR,2024,13,2024-12-01T16:05-05:00,-3.0,-7.955653291361415,-7.603025832406056,1.885784142507859,-6.907841333642592,-8.69967318189137,-9.302491165966224,-6.435023123438025,-9.145485819535242,-10.072800908041536,-8.888570525232389,-9.326899584855989,-9.319906629098096,-8.69967318189137,-9.32306344935995
2024_13_PHI_BAL,2024,13,2024-12-01T16:25-05:00,-5.0,3.5582660691668613,4.256238438059013,1.885784142507859,4.27760170808856,4.106121613786789,4.673849599448682,4.988517258217382,4.5491777248739265,5.862096886554921,4.323647264374441,4.39762211562798,4.027107906148421,4.106121613786789,4.7193603192771505
2024_13_SF_BUF,2024,13,2024-12-01T20:20-05:00,25.0,8.03866772814105,10.041374712398577,1.885784142507859,12.026944811760098,13.252864176464534,12.675035059210972,9.942691364719936,12.725378593755565,12.495197187689907,9.918280449607781,12.744312328987514,12.764886136527348,13.252864176464534,11.143591412397804
2024_13_CLE_DEN,2024,13,2024-12-02T20:15-05:00,9.0,8.891146959412367,7.955892292109058,1.885784142507859,6.57219767888019,7.312077503996894,6.387387922637223,5.478657008291705,6.252808556295983,5.903644751720426,9.13077609997357,6.391556982166873,6.920846219385884,7.312077503996894,5.9663934339207545
2024_14_GB_DET,2024,14,2024-12-05T20:15-05:00,3.0,6.681709473331051,4.02906286591967,1.885784142507859,4.074866225277421,4.625310190434182,4.660818033753709,4.357313597232898,4.609842062382699,5.702367631045091,3.8650588889138326,4.570503786408663,4.87026350215754,4.625310190434182,4.881338219976213
2024_14_ATL_MIN,2024,14,2024-12-08T13:00-05:00,21.0,7.6039807416833085,5.79147528471514,1.885784142507859,3.7230444340601383,5.1231621703501435,5.29204735808094,4.5770282694913345,5.269779707390806,5.715514568647466,6.422575442027686,5.26142681951203,4.944695054706354,5.1231621703501435,5.648922453076347
2024_14_CAR_PHI,2024,14,2024-12-08T13:00-05:00,6.0,16.251759518064894,13.137114994610945,1.885784142507859,11.927704676101937,13.728104921439115,13.374814924814771,9.83191999532919,13.432121484594596,14.223216479882343,13.373408296695507,13.44384728732184,13.549370101821868,13.728104921439115,13.510446677541045
2024_14_CLE_PIT,2024,14,2024-12-08T13:00-05:00,13.0,9.940596077590522,10.208621762285727,1.885784142507859,9.229927178532677,8.86851798824437,8.438490357101276,6.92945335804746,8.441237072144874,8.186937698996587,10.283960969561576,8.573962807246884,8.355092732676376,8.86851798824437,7.921174359573175
2024_14_JAX_TEN,2024,14,2024-12-08T13:00-05:00,-4.0,0.544475186259004,-0.7731837708421049,1.885784142507859,-1.6093533520077654,-0.47179926495558155,-0.15117140115103878,1.9501933621952172,-0.32995809436900947,0.14932638281932642,-0.7376476711698567,-0.15035649854222277,0.4010099509935666,-0.47179926495558155,-0.0024112397614680647
2024_14_LV_TB,2024,14,2024-12-08T13:00-05:00,15.0,9.024625049215683,9.319472252902854,1.885784142507859,9.573380899449457,10.698079806090652,10.730350578611137,10.121971288987563,10.735679475895111,9.393986094560908,9.623032863261402,10.683653928958245,10.737326090101904,10.698079806090652,11.166122161535057
2024_14_NO_NYG,2024,14,2024-12-08T13:00-05:00,-3.0,-1.9515876242807657,-5.592330439439834,1.885784142507859,-4.076463866386941,-4.857445233733133,-5.076786619712044,-4.826176547703274,-5.125492751449437,-5.517931602007811,-4.856769834264671,-5.1224756933110465,-5.162566967884901,-4.857445233733133,-3.9278013723675165
2024_14_NYJ_MIA,2024,14,2024-12-08T13:00-05:00,6.0,6.117903504221956,7.000109115424506,1.885784142507859,3.835993906455082,6.643650037561214,6.981678946493999,6.838462451723237,6.801096667340352,7.508869530092401,7.459865375586544,6.957614993670724,7.083432444607426,6.643650037561214,6.596407154619155
2024_14_SEA_ARI,2024,14,2024-12-08T16:05-05:00,-12.0,2.4976994344990553,4.627643776160253,1.885784142507859,6.189809070387366,5.226011977714523,5.277772431205243,6.125825083756823,5.170143619461454,3.573259157253908,4.760772840774996,5.342957963263497,4.898750282966482,5.226011977714523,5.321641425546127
2024_14_BUF_LA,2024,14,2024-12-08T16:25-05:00,2.0,-6.292538291815861,-6.713933274152325,1.885784142507859,-6.819472727054125,-7.795172582660484,-7.494808976120481,-5.36345279100372,-7.6300202469458585,-5.607802845738108,-8.643233802818486,-7.321894375431306,-8.102306493565788,-7.795172582660484,-7.493163185155736
2024_14_CHI_SF,2024,14,2024-12-08T16:25-05:00,25.0,2.9581840343616475,4.748960589413093,1.885784142507859,5.1350256407134465,4.939399141352218,5.22730246601972,6.588562941860443,5.295509654193132,4.76453260886738,4.0085769002356235,5.124588597357549,4.9723536302316855,4.939399141352218,5.151218651613168
2024_14_LAC_KC,2024,14,2024-12-08T20:20-05:00,2.0,2.4413374065316065,5.651350387292447,1.885784142507859,5.752513246414707,4.394695886875187,4.0271380538143875,4.627211945230032,3.9439781999139942,3.5107959393372665,4.451875463009291,3.9102817191659027,2.915750541916887,4.394695886875187,3.8882352125853634
2024_14_CIN_DAL,2024,14,2024-12-09T20:15-05:00,-7.0,1.5550676401304266,0.2507701363298631,1.885784142507859,-2.9011722851851958,-2.746237672198352,-2.7764694581284965,-3.260180887788309,-2.8354144877703726,-2.767566256924818,-0.27767695640236034,-2.687235762668445,-3.0158946341201864,-2.746237672198352,-2.6728505590056573
2024_15_LA_SF,2024,15,2024-12-12T20:15-05:00,-6.0,4.087730351009779,3.85370383529426,1.885784142507859,4.398102356998387,4.824488981606478,4.639029484566439,5.1745337671103995,4.781949883130334,3.4833867199680264,4.232986951611641,4.618105875680789,5.124782669261595,4.824488981606478,4.461122564362626
2024_15_BAL_NYG,2024,15,2024-12-15T13:00-05:00,-21.0,-9.020509772975604,-14.971159800618278,1.885784142507859,-12.363345512568625,-12.759213678019268,-13.167630308057507,-11.567023877228731,-13.058439341716266,-14.707015580118105,-13.526388521246975,-13.104099652087397,-12.994656421585011,-12.759213678019268,-12.015433437354176
2024_15_CIN_TEN,2024,15,2024-12-15T13:00-05:00,-10.0,-4.685386697397662,-6.384306817288581,1.885784142507859,-7.369573185542068,-7.1183391098859286,-6.866487669056788,-5.332009866635522,-6.926894851720347,-8.156991455785281,-5.902791192602372,-6.93983946698102,-6.227183227216931,-7.1183391098859286,-6.896172616702954
2024_15_DAL_CAR,2024,15,2024-12-15T13:00-05:00,-16.0,-3.5540596738373846,-1.9113510585796212,1.885784142507859,-1.3196393401988795,-1.1077739331471186,-1.5724929434559307,1.1066281521604022,-1.593693152561584,-3.2409818766807668,-2.198798583079019,-1.7419684533045037,-0.8347290630642233,-1.1077739331471186,-2.0128145139973888
2024_15_KC_CLE,2024,15,2024-12-15T13:00-05:00,-14.0,-4.183070145049221,-5.519325209588821,1.885784142507859,-5.379593101494312,-5.276557305165038,-5.438934694160668,-3.665388145976631,-5.437145678934552,-6.061913024940739,-5.588723605334344,-5.991399857047918,-5.590506441664365,-5.276557305165038,-5.171634628333445
2024_15_MIA_HOU,2024,15,2024-12-15T13:00-05:00,8.0,3.0985012452163287,0.750597315454602,1.885784142507859,2.5684944175406783,1.5632457351442648,0.6400366928565577,0.42415825042328126,0.8453458028461794,-0.4165581335216637,0.42288395996050787,0.6304193421385376,1.0975795141058975,1.5632457351442648,0.9887911401266152
2024_15_NYJ_JAX,2024,15,2024-12-15T13:00-05:00,-7.0,2.592441179974476,0.14209911190071778,1.885784142507859,-2.2852451213323075,-1.0134653745614441,-1.7606712931080608,-3.1372396783990077,-1.7867263144129684,-0.9579694452179974,1.2064201016447873,-1.7676300439364783,-1.6663725704146628,-1.0134653745614441,-2.3492769461735614
2024_15_WAS_NO,2024,15,2024-12-15T13:00-05:00,-1.0,-0.08192126310522152,-2.0304415671782174,1.885784142507859,-2.8968822324035277,-3.889396090436655,-4.062496480655743,-3.246129724835857,-4.028974594434441,-3.289098456592072,-0.9704731840436193,-4.208455602901714,-4.839088694745911,-3.889396090436655,-4.685186473624719
2024_15_BUF_DET,2024,15,2024-12-15T16:25-05:00,-6.0,3.0116348768142522,0.8206490626526868,1.885784142507859,-0.26003818490681363,0.18792446958053222,0.16541818362548488,0.1273126636695644,-0.018899032674488225,2.4010145155310343,0.152342322214726,0.08142404065323927,0.27700609557505174,0.18792446958053222,-0.3864036020309565
2024_15_IND_DEN,2024,15,2024-12-15T16:25-05:00,18.0,7.2120271616263105,6.60440385540128,1.885784142507859,6.466493381784796,7.240718280840341,6.897885402411549,6.910965572109038,6.768801544343875,7.0033021579993635,7.375124325466832,6.966162870799199,7.166227295491023,7.240718280840341,6.140491086679099
2024_15_NE_ARI,2024,15,2024-12-15T16:25-05:00,13.0,7.368956392536683,5.862256255418078,1.885784142507859,7.72228210910653,7.612887186602178,7.822938298255376,6.8896084737127605,7.777866324735343,8.216393418616072,6.927438571973026,7.954157031263508,7.390250204114494,7.612887186602178,7.560856505253755
2024_15_PIT_PHI,2024,15,2024-12-15T16:25-05:00,14.0,3.585538578116396,3.5178664118325,1.885784142507859,2.7412620377151553,4.366083769185924,3.5805691566572593,3.381020585422266,3.5571220670206123,3.01330701104409,3.3797269810678174,3.580724882262787,4.273393013953958,4.366083769185924,2.730805054622759
2024_15_TB_LAC,2024,15,2024-12-15T16:25-05:00,-23.0,3.1453072406730187,1.170601964839058,1.885784142507859,1.1114687460094914,0.7996264288612531,1.0455279952279657,0.5386359784019441,1.1604878961830631,2.87271863708295,0.9268566629937708,1.0085702086486115,1.5825275626966173,0.7996264288612531,0.4033567259001447
2024_15_GB_SEA,2024,15,2024-12-15T20:20-05:00,-17.0,-0.5841509288728446,-4.472066789896875,1.885784142507859,-4.325339454194548,-3.3917945844472275,-3.1519501393201996,-2.9954022574247405,-3.1023700665646605,-2.3651602186836866,-4.297256428579402,-3.2041190339426797,-2.4968479583148624,-3.3917945844472275,-3.3837233742114448
2024_15_CHI_MIN,2024,15,2024-12-16T20:00-05:00,18.0,8.193657638569508,8.192399291597624,1.885784142507859,5.602534748235863,7.129472390763355,7.134642505536288,7.199374441448874,7.048213766914306,6.9768991443629265,8.307219001208967,7.082191127407732,7.293502858881102,7.129472390763355,6.8737523267394804
2024_15_ATL_LV,2024,15,2024-12-16T20:30-05:00,-6.0,0.5974088985888795,-1.283855613948389,1.885784142507859,-1.3769532890629754,-1.6378850043309727,-1.801063781468301,-1.4340510553357455,-1.8293200476834333,-0.9067396962685094,-0.8397196311365474,-1.8310512280737514,-2.2050920713316766,-1.6378850043309727,-1.8946916148915771
2024_16_DEN_LAC,2024,16,2024-12-19T20:15-05:00,7.0,0.3619051769381074,-1.7239671057785522,1.885784142507859,-0.6866152123394884,-0.8024355437339274,-0.41484190075424365,-0.837482151685724,-0.2743343789555057,1.2523261173840434,-2.7466672315160414,-0.3946375375942279,-0.1071337118468314,-0.8024355437339274,0.08458796872017027
2024_16_HOU_KC,2024,16,2024-12-21T13:00-05:00,8.0,4.940338206009354,6.913705092119772,1.885784142507859,6.585678310089344,5.3686179789377775,5.574512712336787,5.133930197153944,5.574732328839804,6.633928535394251,6.492798071033351,5.495425163530795,5.1343900343716395,5.3686179789377775,4.66411102801672
2024_16_PIT_BAL,2024,16,2024-12-21T16:30-05:00,17.0,5.808493074431196,6.79900331914792,1.885784142507859,5.9281641811028685,7.543969240223358,7.346703361665583,8.452227833710106,7.1083814185427014,7.429029747174257,6.912026568537756,7.3537340207600295,7.454663764194509,7.543969240223358,7.264903119080421
2024_16_ARI_CAR,2024,16,2024-12-22T13:00-05:00,6.0,-5.18892269790176,-5.196933580933798,1.885784142507859,-7.532093043389081,-7.265449744225151,-8.080085627857553,-6.729502220106904,-8.13664210148275,-8.467730476475843,-6.79116817838465,-8.237876511258953,-8.207069581365717,-7.265449744225151,-8.083793368076932
2024_16_CLE_CIN,2024,16,2024-12-22T13:00-05:00,18.0,8.688167570256185,9.755602676571051,1.885784142507859,8.583333614167667,10.948636720478891,10.490371269884317,9.708687753086117,10.411986026904756,9.694708085377988,10.387190911741184,10.63723970155549,10.641726600068065,10.948636720478891,10.441777974827414
2024_16_DET_CHI,2024,16,2024-12-22T13:00-05:00,-17.0,-7.49034916955582,-8.244162461505491,1.885784142507859,-6.983418254999031,-7.872559132500759,-7.764900494504924,-6.470192607021879,-7.659059196983902,-9.052266988528817,-8.404073914229823,-7.63614863491771,-7.927268447177285,-7.872559132500759,-7.660679278540264
2024_16_LA_NYJ,2024,16,2024-12-22T13:00-05:00,-10.0,-1.0589422336955385,-2.3220497339506383,1.885784142507859,-0.33151051449226343,-1.5155548162941201,-1.7303602166119567,-0.7852547428528647,-1.7403459031239277,-2.456746503434126,-1.8613954073475947,-1.7224898088868783,-1.4558726369218427,-1.5155548162941201,-1.7591408355143008
2024_16_NYG_ATL,2024,16,2024-12-22T13:00-05:00,27.0,6.529609759083689,7.392021060270393,1.885784142507859,4.34429567302184,3.5691914089476655,3.3827180424813967,2.824739537053715,3.275611310188032,3.843573290175141,5.606352715627632,3.3628360062452947,4.046062758154608,3.5691914089476655,2.9272993281149593
2024_16_PHI_WAS,2024,16,2024-12-22T13:00-05:00,3.0,-1.9985596079591943,-2.428227937507456,1.885784142507859,-1.5111556730546942,-1.6783445687302625,-1.155651355766091,-0.424767384161461,-1.1480312616155313,-1.6522340443651073,-2.827409373749848,-1.0567905160111875,-0.6822910562634386,-1.6783445687302625,-0.8657217664637888
2024_16_TEN_IND,2024,16,2024-12-22T13:00-05:00,8.0,6.146485946830021,4.71464818107924,1.885784142507859,5.307330271168467,4.335325814493126,3.948855767528406,2.921181481433667,4.152559966638593,3.3653474372448704,3.987422858630562,3.904484018524826,3.669559755767954,4.335325814493126,4.584677420909552
2024_16_MIN_SEA,2024,16,2024-12-22T16:05-05:00,-3.0,-1.9431798690059665,-3.6419319680866966,1.885784142507859,-2.063806956268403,-2.511984477813564,-2.982356883716039,-2.5421635414278994,-2.8532848847553165,-2.5289953951375725,-3.824123366479306,-2.9868705808376337,-2.595565933002486,-2.511984477813564,-3.4328437086964074
2024_16_JAX_LV,2024,16,2024-12-22T16:25-05:00,5.0,0.9612110103730407,-0.41679770609694744,1.885784142507859,-0.11062582656305309,0.6461872631000524,0.6680743420681418,1.8123259183791989,0.70123713710348,0.4845104647908515,-1.1878950265884833,0.6601748643243339,0.9181208434892769,0.6461872631000524,0.8581051119392593
2024_16_NE_BUF,2024,16,2024-12-22T16:25-05:00,3.0,16.84608186392329,17.141874063910908,1.885784142507859,17.533354461146995,17.66487794185668,17.244175291981,14.219666146599979,17.417807620492468,17.140341427933848,17.927093450686773,17.530806143182186,16.626038684431336,17.66487794185668,17.198307097453103
2024_16_SF_MIA,2024,16,2024-12-22T16:25-05:00,12.0,1.3796594514279503,-0.678369676407993,1.885784142507859,-1.5283883707946018,-0.595591852118029,-0.08961828229160052,-0.1410637801290222,-0.2907354143457592,0.38877713548265136,-0.4206602956032879,-0.0696919418814097,-0.06907269815624051,-0.595591852118029,0.35620523317245567
2024_16_TB_DAL,2024,16,2024-12-22T20:20-05:00,2.0,-1.404071256811577,-0.4371189361914647,1.885784142507859,-2.5824839980063414,-2.9048651357570034,-3.0737146625291545,-2.4592481776446524,-3.0986895778981345,-3.2980409481935995,-1.3119000336597688,-3.0314059704014458,-3.681600889079249,-2.9048651357570034,-3.4825749866672
2024_16_NO_GB,2024,16,2024-12-23T20:15-05:00,34.0,9.548556477365201,11.973899201391191,1.885784142507859,10.598884889857633,11.59597364089755,11.104496520118659,10.30522085297052,11.05227696438688,10.882725458673377,10.464842092146904,11.180434712394725,11.251395340744722,11.59597364089755,10.883583774607047
2024_17_KC_PIT,2024,17,2024-12-25T13:00-05:00,-19.0,1.1302445211731835,-1.7360414205877053,1.885784142507859,-1.991429100600602,-2.070006057577057,-2.221407967864611,-3.1305105027490816,-2.1629023744199665,-1.7386359309111126,-1.480654901674451,-2.1841771652127235,-2.420545202256307,-2.070006057577057,-2.2181421135818793
2024_17_BAL_HOU,2024,17,2024-12-25T16:30-05:00,-29.0,-4.01675110954765,-6.6526564805467,1.885784142507859,-5.283839467123338,-5.817536914370838,-6.241740247253573,-5.750152947278417,-6.075236631591216,-7.127024726804981,-7.234453745901453,-6.257700139133275,-5.908106458044321,-5.817536914370838,-5.760715662893071
2024_17_SEA_CHI,2024,17,2024-12-26T20:15-05:00,-3.0,-0.8553914262368756,-1.0271581462042216,1.885784142507859,0.11843405498441106,-1.0636501350932663,-0.899868580891863,-0.49780261673650816,-0.9960972522159135,-0.41734494806128275,-1.0963767756556975,-0.8377426749134183,-1.7434959623882327,-1.0636501350932663,-0.3458543289297398
2024_17_LAC_NE,2024,17,2024-12-28T13:00-05:00,-33.0,-4.454420427936189,-3.0260447482091153,1.885784142507859,-4.213003423364174,-4.079433476196257,-4.47741475746353,-2.2149493164640237,-4.592853337552053,-6.331991615224588,-3.395999993297327,-4.579176830262116,-4.5350168333130085,-4.079433476196257,-4.704898476485191
2024_17_DEN_CIN,2024,17,2024-12-28T16:30-05:00,6.0,1.7021142025360563,1.9124188790722574,1.885784142507859,2.8196812363646853,2.4130726736962558,2.2459143935478325,3.2624192579653135,2.25809783210621,1.934163200548932,0.8384396182728038,2.2800399408038006,1.6918938101955687,2.4130726736962558,2.8703808084274947
2024_17_ARI_LA,2024,17,2024-12-28T20:15-05:00,4.0,5.174267077603758,6.965009807985812,1.885784142507859,5.6281767196795425,4.915845480860143,4.6858362971392395,4.47522674187022,4.735052611347401,4.582520284932405,4.820001688773639,4.604275481284628,3.9808250867441957,4.915845480860143,4.624941648729131
2024_17_CAR_TB,2024,17,2024-12-29T13:00-05:00,34.0,13.230547432969855,11.647478304743332,1.885784142507859,13.202428789669373,13.42160765410286,13.646901837549219,11.292129807703688,13.620853940444688,14.397530395839144,12.611506660601428,13.783247133398389,13.658211056382696,13.42160765410286,12.83604013269613
2024_17_DAL_PHI,2024,17,2024-12-29T13:00-05:00,34.0,7.8773776838390415,5.445702270669552,1.885784142507859,2.3753299113227486,-1.0658605590564503,-1.9700590432589586,-1.4750061225881128,-2.0343520261891,-2.623633110764321,6.2375738563314,-2.009949578592595,-1.4084334597554387,-1.0658605590564503,-2.289934312163494
2024_17_IND_NYG,2024,17,2024-12-29T13:00-05:00,12.0,-3.1453368124520296,-5.53890414332589,1.885784142507859,-3.0718964359192933,-2.926137910277318,-3.0768347461250953,-2.389199608622429,-3.0227905661701295,-3.457833279858454,-4.7746289366171375,-3.0674664443653543,-3.3591234641267333,-2.926137910277318,-2.5599124604123267
2024_17_LV_NO,2024,17,2024-12-29T13:00-05:00,-15.0,4.998138845292113,1.402365944027122,1.885784142507859,2.0615730924049886,1.259346073697578,1.2835897676265764,0.28184209059250076,1.4020914892298115,1.2876140537697145,2.783883176184469,1.2425036292100713,1.0784543071132293,1.259346073697578,2.1862533222274947
2024_17_NYJ_BUF,2024,17,2024-12-29T13:00-05:00,26.0,13.159015813852944,12.312136437644941,1.885784142507859,10.317794169871982,12.422190659474012,11.829074961021723,9.008164418839247,12.021888456188346,11.442639025218554,13.425739513573685,11.87274368595145,12.148782657639044,12.422190659474012,11.537784848941854
2024_17_TEN_JAX,2024,17,2024-12-29T13:00-05:00,7.0,4.652463380642662,3.7527054990721656,1.885784142507859,4.231098671032563,3.1196842264740168,2.4581366456051414,1.059149940233401,2.499439929368882,3.12605939740447,3.451217828597037,2.210098329666825,1.863531817378741,3.1196842264740168,2.4643963650219263
2024_17_MIA_CLE,2024,17,2024-12-29T16:05-05:00,-17.0,-3.3764583322222945,-4.017696299026975,1.885784142507859,-0.20364566010845042,-2.6865684126285756,-3.3867822751885694,-2.0778627292439964,-3.112261207643015,-3.501517402179191,-6.270074071139742,-3.460413347670361,-3.691868224636664,-2.6865684126285756,-3.834119203622385
2024_17_GB_MIN,2024,17,2024-12-29T16:25-05:00,2.0,-0.024086910711399234,-1.577948989132516,1.885784142507859,-3.014879690062376,-1.5717083440643087,-0.9609947541232488,-1.168713329259093,-1.0014435385611575,-0.2205354160028128,-1.5539375945714191,-0.8648660934155161,-0.8462863407413241,-1.5717083440643087,-1.4230474937379984
2024_17_ATL_WAS,2024,17,2024-12-29T20:20-05:00,6.0,5.50337062755106,2.969379661877381,1.885784142507859,4.565119912497167,5.309138216096592,5.554584531098709,4.457835747680887,5.50706257855791,6.144067784323738,3.5038351363854883,5.724959561995526,5.660810369272175,5.309138216096592,6.337441134756504
2024_17_DET_SF,2024,17,2024-12-30T20:15-05:00,-6.0,-5.563018587838837,-4.708481973878797,1.885784142507859,-3.1062429059489176,-4.305611992697026,-4.438273656472726,-1.6155515714349447,-4.2691180144193694,-5.758096406171055,-5.821871510820875,-4.421062056693544,-4.845695143594796,-4.305611992697026,-3.813680510829824
2024_18_CLE_BAL,2024,18,2025-01-04T16:30-05:00,25.0,17.72270094959495,19.716612274580484,1.885784142507859,21.24424614309976,20.846968953237337,20.99245466610485,19.816806201319302,20.814139613792864,21.80389583134255,20.848790268368216,21.10183174609509,21.193333038878343,20.846968953237337,19.915785888098213
2024_18_CIN_PIT,2024,18,2025-01-04T20:00-05:00,-2.0,0.8064323417175534,-0.34312772562377925,1.885784142507859,-0.2580446251083845,-1.7816051076284705,-1.4910603110956377,-2.719753538287308,-1.2127807587827972,-0.6342359996417072,-0.780116658624167,-1.5725070511965498,-1.7305112239255747,-1.7816051076284705,-2.2003886744414727
2024_18_BUF_NE,2024,18,2025-01-05T13:00-05:00,7.0,-12.232243398295825,-16.16853159171243,1.885784142507859,-16.013482989198987,-15.980218525473179,-15.917806042040985,-12.975539001875473,-15.878241344799495,-14.636647807821927,-17.387802648096606,-15.94580558969865,-15.497601021820586,-15.980218525473179,-14.826305325100837
2024_18_CAR_ATL,2024,18,2025-01-05T13:00-05:00,-6.0,9.925071051269008,9.444319453826374,1.885784142507859,9.74273709480001,9.129383308569189,9.144515912483271,7.56835387457941,9.226349429700434,8.659604421690238,9.017690657120614,9.252614304163883,9.499439398156543,9.129383308569189,8.484694180056186
2024_18_CHI_GB,2024,18,2025-01-05T13:00-05:00,-2.0,12.990220350332226,12.857797056108017,1.885784142507859,11.294245991213709,11.667346103369606,10.985574423985929,9.899708901766552,11.02453474276844,9.980521806131577,12.578243683037094,11.000684739644456,11.294232120799984,11.667346103369606,11.293727694899943
2024_18_HOU_TEN,2024,18,2025-01-05T13:00-05:00,-9.0,-3.595286705704563,-4.259343086967718,1.885784142507859,-2.395804753346387,-2.1841957377770425,-1.934028838958829,0.5008047896707759,-2.043003158126029,-3.0095247318085194,-3.5469346112529503,-1.960134907778067,-1.7421219153962424,-2.1841957377770425,-1.3200081163485704
2024_18_JAX_IND,2024,18,2025-01-05T13:00-05:00,3.0,2.9600841667771522,2.579277685460853,1.885784142507859,2.6743395251601383,2.6612013147061617,2.768820778701233,3.2309907854678994,2.9104871401527,1.4208210277436757,2.084127927906393,2.7412031338098437,3.0506303765756733,2.6612013147061617,3.1262746414146605
2024_18_NO_TB,2024,18,2025-01-05T13:00-05:00,8.0,11.859244008849402,12.355144131757669,1.885784142507859,12.892190741633987,14.156161617380004,13.912421694156201,13.459188106024694,13.750098026552404,13.219032905843015,11.391000682438692,13.926185302087898,14.43384243261125,14.156161617380004,14.237967353455623
2024_18_NYG_PHI,2024,18,2025-01-05T13:00-05:00,7.0,16.645855792466165,13.54924296472658,1.885784142507859,10.82948308498192,10.239261103789303,9.432122700671382,7.345288898928031,9.311376106581463,8.471888799417615,12.237113629158927,9.477038182834503,9.850696391383103,10.239261103789303,11.755115543862034
2024_18_WAS_DAL,2024,18,2025-01-05T13:00-05:00,-4.0,-0.6658492200073964,0.026880380862113196,1.885784142507859,-1.5731972480863692,-3.2109213510111227,-3.5134390760759326,-3.316355804167105,-3.3744520485241294,-3.181956399042889,-0.05867013659641784,-3.700254096474376,-4.423408540477207,-3.2109213510111227,-4.517021174281689
2024_18_KC_DEN,2024,18,2025-01-05T16:25-05:00,38.0,-0.022984892700018023,3.223527475248209,1.885784142507859,1.3866451787844831,2.9745374181924094,2.448995593502887,2.7298599430611357,2.38639351405936,2.2771857671071447,2.0148179631780376,2.5510452143204585,3.077875260617401,2.9745374181924094,-0.42478575241900896
2024_18_LAC_LV,2024,18,2025-01-05T16:25-05:00,-14.0,-4.756131724011227,-4.481369668729065,1.885784142507859,-4.933162035451032,-4.828181205007416,-5.346083362524759,-3.0856387055310894,-5.3939586459525675,-5.970711465814966,-4.965068984376241,-5.518103063666123,-5.993198605147044,-4.828181205007416,-5.4512324886909775
2024_18_MIA_NYJ,2024,18,2025-01-05T16:25-05:00,12.0,-3.4651167961418974,0.8441236565923682,1.885784142507859,8.613376414353139,7.786744254339531,7.202365765767237,5.85102054614167,7.287580549942906,7.360193972597692,-3.1278294062255263,7.169321292796711,6.974826744581951,7.786744254339531,6.653173892522784
2024_18_SEA_LA,2024,18,2025-01-05T16:25-05:00,-5.0,3.642005181451645,5.469418629700522,1.885784142507859,5.931466563933608,3.115146770947872,3.416700134779698,3.9105092355063986,3.427840069242116,2.3660277983980373,3.3543760292465676,3.455363825279992,2.305607428066295,3.115146770947872,5.183574262204944
2024_18_SF_ARI,2024,18,2025-01-05T16:25-05:00,23.0,1.3391106343860368,3.9952235791493775,1.885784142507859,6.642903059556359,6.055978572624193,6.457304826642374,7.190065202894048,6.574579548001427,6.071427868130001,1.827639804515553,6.538493338827033,6.8714759335194024,6.055978572624193,5.258719466490591
2024_18_MIN_DET,2024,18,2025-01-05T20:20-05:00,22.0,5.840669566839233,5.449169886926613,1.885784142507859,6.342354127385719,5.718758975779271,5.122307007333831,4.323507919289226,5.085649302582213,6.301952571688968,5.120603778649904,5.033588472487299,5.055309442136691,5.718758975779271,4.869435067115447
2025_01_DAL_PHI,2025,1,2025-09-04T20:20-04:00,4.0,6.451999903951762,7.557568410342214,1.8842105263157896,6.507930996032977,7.088510413875062,7.4074643250135335,9.263570944420795,7.162812160359929,5.8559557967334275,8.591023358573203,6.066261892503359,8.635491864894242,7.088510413875062,7.734232257240034
2025_01_KC_LAC,2025,1,2025-09-05T20:00-04:00,6.0,0.17513303160316362,-1.2979888615173376,1.8842105263157896,-1.1575750878764755,0.08770477206279459,0.042585825885973705,1.3438633549945909,-0.18850204169924,-1.1193935577048202,0.28058430727111394,-1.0376751362307794,1.1703135409884013,0.08770477206279459,0.10788579252941044
2025_01_ARI_NO,2025,1,2025-09-07T13:00-04:00,-7.0,0.28104620037369,-0.724039639987893,1.8842105263157896,-4.333207243189589,-4.410861426288902,-4.58427870488409,-6.086408674215124,-4.535837309965814,-3.8154281674318073,-1.4059734121175465,-5.043175663763628,-6.092895105473712,-4.410861426288902,-3.8797253949886263
2025_01_CAR_JAX,2025,1,2025-09-07T13:00-04:00,16.0,4.142343431761537,5.823764324690413,1.8842105263157896,7.136262198280909,6.8926503021796535,6.450743078400562,6.809102129661804,6.378435761599372,6.011787744902348,5.389943664618349,5.065933826894726,4.901962806334102,6.8926503021796535,6.456731558692951
2025_01_CIN_CLE,2025,1,2025-09-07T13:00-04:00,-1.0,-2.342664674510038,-7.3197864596086415,1.8842105263157896,-8.360503773832738,-8.007600610413732,-8.514741870843963,-10.323912278412273,-8.097967364626744,-7.345765042842352,-8.588389354724077,-7.927581161651041,-8.661829212236846,-8.007600610413732,-8.692574976178502
2025_01_LV_NE,2025,1,2025-09-07T13:00-04:00,-7.0,2.2187098358231916,1.7488833810634858,1.8842105263157896,0.910708787472847,-0.05238891887193864,-0.6524706257599528,-1.7448701390167873,-0.7884121347917193,-0.2363884573932724,1.027210354203136,-0.8688310700643757,-1.0428779383839863,-0.05238891887193864,-0.5722007776261984
2025_01_MIA_IND,2025,1,2025-09-07T13:00-04:00,25.0,0.40911451973977897,-1.31655514915049,1.8842105263157896,-0.9363086394017153,-2.1115968553483175,-2.860564142853548,-4.27480948755578,-2.6315512175392217,-3.4275183027693017,-1.2968011142941136,-2.660565886107885,-3.308428026694207,-2.1115968553483175,-2.9632890038068433
2025_01_NYG_WAS,2025,1,2025-09-07T13:00-04:00,15.0,6.730474726349501,5.153691467829294,1.8842105263157896,4.6949716311021215,5.759755117354786,6.428887700322544,7.523376350178149,6.07274679948469,7.248482928639152,5.96036010986851,6.450490002387236,7.087490152268878,5.759755117354786,6.601231269837299
2025_01_PIT_NYJ,2025,1,2025-09-07T13:00-04:00,-2.0,0.5448785676290391,1.4036610546784645,1.8842105263157896,-0.6927552003480222,1.2160358993549494,1.2425272842671613,1.717729794504551,1.0577435943037963,-0.4357854519710198,2.4956793585238515,1.245894113889573,0.013541517434850048,1.2160358993549494,1.2179418258292043
2025_01_TB_ATL,2025,1,2025-09-07T13:00-04:00,-3.0,-1.1052067049411587,-2.484253126971942,1.8842105263157896,-3.385786226902723,-4.139545251180795,-4.453825693584645,-5.0360222391335805,-4.226939433249055,-4.868672345097404,-4.023846858583367,-3.746035874892483,-4.184103475658086,-4.139545251180795,-4.5179266108868745
2025_01_SF_SEA,2025,1,2025-09-07T16:05-04:00,-4.0,3.67169142875323,1.312081234281774,1.8842105263157896,0.2806618000727856,2.255487511315205,2.139885777138283,1.7603499416843698,2.069771442750147,1.1603269036759989,2.128228717934739,0.9527383386107167,2.6860889915023205,2.255487511315205,2.071974753126516
2025_01_TEN_DEN,2025,1,2025-09-07T16:05-04:00,8.0,8.188471392592326,11.383074122684008,1.8842105263157896,12.267487376625407,13.528001260853607,13.209789524258987,13.789906098286918,13.126205516321361,11.706294113462604,11.51108213467295,11.69398279778061,12.530918625642947,13.528001260853607,13.387177744899198
2025_01_DET_GB,2025,1,2025-09-07T16:25-04:00,14.0,0.7717939992517415,1.055419804318456,1.8842105263157896,1.4057345527056642,0.9365089661708068,0.32836912664610196,0.9452348286297161,0.40783175539579275,-1.4142689255669378,0.3294255658858095,-0.1311980521710856,0.1643992323506771,0.9365089661708068,0.30408182419362473
2025_01_HOU_LA,2025,1,2025-09-07T16:25-04:00,5.0,2.985261871150339,4.978678468490866,1.8842105263157896,3.918546609971288,3.3653389197168564,3.0669223807153125,3.5603917385313952,3.0215195826339087,3.564472546671035,3.9094001887323166,2.856187980025225,2.3249415851697224,3.3653389197168564,3.2111804483421196
2025_01_BAL_BUF,2025,1,2025-09-07T20:20-04:00,1.0,1.1645597973872697,0.8433545312348878,1.8842105263157896,0.9569743807908544,0.8281216537307512,1.1018919446891688,-0.47120804880026057,1.3001646526020387,0.31045375594995406,1.3310224228016796,1.9895133433492769,1.3694581763574456,0.8281216537307512,0.4591570041335107
2025_01_MIN_CHI,2025,1,2025-09-08T20:15-04:00,-3.0,-0.46676508373278036,-0.7020309322300373,1.8842105263157896,2.454761369649232,3.8994644019232507,3.6654477439938056,3.127388420534716,3.521829747840079,4.343065385495875,-1.1368991154965817,2.8471676598023246,2.2797521025920067,3.8994644019232507,3.7731029222287624
2025_02_WAS_GB,2025,2,2025-09-11T20:15-04:00,9.0,4.81722599309105,5.7552468200697104,1.8842105263157896,4.291624901881667,4.578017409852677,4.24605481123694,4.130298910302716,4.323814960024145,3.7146368340569023,5.673083181994684,4.22181608586118,3.7677953970341465,4.578017409852677,4.425768859776715
2025_02_BUF_NYJ,2025,2,2025-09-14T13:00-04:00,-20.0,-2.6699546213642193,-7.355917966569186,1.8842105263157896,-8.36191201492521,-7.898942380792822,-8.528932979450122,-8.927719734090171,-8.67304083463858,-8.543052160042702,-8.094137410650433,-8.47809134723921,-7.144456857390987,-7.898942380792822,-8.31418383935082
2025_02_CHI_DET,2025,2,2025-09-14T13:00-04:00,31.0,7.546926818303376,10.741423831815837,1.8842105263157896,8.761185501505427,9.545482484263303,9.88800740314471,10.882990088419895,9.774327441615375,10.481141415856662,10.328045430334724,9.783720449660423,8.579547845864589,9.545482484263303,10.059899593758244
2025_02_CLE_BAL,2025,2,2025-09-14T13:00-04:00,24.0,10.568790037793647,13.367329724449508,1.8842105263157896,13.859933947772115,13.784678496848997,13.80572019425492,16.365292956388856,13.484251995713027,12.626926943790373,14.26588445062881,13.761810137735857,13.936593304236812,13.784678496848997,14.34375004154164
2025_02_JAX_CIN,2025,2,2025-09-14T13:00-04:00,4.0,5.023610206715068,6.302388158373397,1.8842105263157896,7.522668809707179,7.603599085904738,8.021314718127739,9.03938927636943,7.903016997619998,7.745322826690352,6.685984504261665,8.1906767875427,6.587391780415212,7.603599085904738,7.82353655282519
2025_02_LA_TEN,2025,2,2025-09-14T13:00-04:00,-14.0,-1.5752287262940783,-5.943784592163077,1.8842105263157896,-5.923087972560318,-5.884643533925997,-5.9336299606930645,-6.8210026592989355,-6.042876792347184,-5.5023935540051925,-4.880942319450269,-5.919398256734312,-5.375134553860463,-5.884643533925997,-5.969610207069348
2025_02_NE_MIA,2025,2,2025-09-14T13:00-04:00,-6.0,4.446350606726685,7.255458733046001,1.8842105263157896,7.3113322549860165,7.589476828040674,7.5448393827059075,9.261752816639236,7.501488152205403,7.083386686595714,5.403707837605953,7.478590617649503,6.161859061822408,7.589476828040674,7.659318255642278
2025_02_NYG_DAL,2025,2,2025-09-14T13:00-04:00,3.0,5.701603196166527,3.5118865516939817,1.8842105263157896,3.073031278704936,3.7317875032149184,3.623175884581747,2.8574180351202894,3.5382938012284697,4.2074609610681994,3.566065616334385,3.619485146852483,4.958652233014911,3.7317875032149184,3.757597476278911
2025_02_SEA_PIT,2025,2,2025-09-14T13:00-04:00,-14.0,3.1606811174853604,3.8456979645901557,1.8842105263157896,5.626866954160452,2.728701236001266,2.4578627323732647,2.3657847353827957,2.463785627628318,3.2651134905456836,3.0040616947942484,2.4368130813870756,1.5288380646229691,2.728701236001266,2.4899602799545164
2025_02_SF_NO,2025,2,2025-09-14T13:00-04:00,-5.0,0.0791461953821897,0.7149092875841911,1.8842105263157896,-4.144327855984755,-3.702728221407633,-3.5287659867753502,-4.502212550277294,-3.2291576027449143,-4.0154753562816685,-3.8844730992058625,-3.4157770222694865,-1.9225192693997646,-3.702728221407633,-2.8885335738524676
2025_02_CAR_ARI,2025,2,2025-09-14T16:05-04:00,5.0,7.887539705241713,6.988295865351164,1.8842105263157896,9.159731331148246,9.004895570440892,8.750881046566613,9.017471734251968,8.727185219482745,8.530756874116202,7.065591517454344,8.735854017491768,8.663638019132172,9.004895570440892,8.761187553334903
2025_02_DEN_IND,2025,2,2025-09-14T16:05-04:00,1.0,0.012176574295741371,-1.5121357843990118,1.8842105263157896,-1.5211460207383873,-1.6500506921737355,-1.9578163506003625,-2.1749489177141883,-1.7820071117871747,-2.2080208295017547,-1.8811323253676047,-2.1288037492406664,-2.0021829615671685,-1.6500506921737355,-1.258086615434536
2025_02_PHI_KC,2025,2,2025-09-14T16:25-04:00,-3.0,0.9875428816876799,0.03611944299996461,1.8842105263157896,0.9597794537247464,-0.16623318533409975,-0.2768070951902139,-1.5471733411611506,-0.10028008730382143,1.8907998702411641,-1.25947442793953,-0.43420007144212713,-0.7808919476563243,-0.16623318533409975,-0.24608287216650437
2025_02_ATL_MIN,2025,2,2025-09-14T20:20-04:00,-16.0,5.884501824631268,2.9011957204271,1.8842105263157896,1.3230482519101598,1.0805202208373865,0.6150026566522091,-0.6281382886111935,0.6872738373244942,1.014375779489126,3.1939991919852817,0.7747229663537345,0.4508123261801007,1.0805202208373865,0.7326355134858149
2025_02_TB_HOU,2025,2,2025-09-15T19:00-04:00,-1.0,-0.2747133184010022,-1.729822196329154,1.8842105263157896,-0.7227116850094916,-1.3788882443709247,-2.184113868892292,-3.2535117679977548,-1.9470351884767392,-2.1111344882915937,-3.190824445540607,-2.1320834316244177,-2.258509415433192,-1.3788882443709247,-3.2190773857629553
2025_02_LAC_LV,2025,2,2025-09-15T22:00-04:00,-11.0,-1.5668177676477946,-5.72075874499148,1.8842105263157896,-6.18831014362838,-4.942780725927824,-4.850233575996398,-5.398267480648927,-4.598593914178603,-5.0161978025029,-5.59113872805001,-4.805098330312669,-3.9191372024064006,-4.942780725927824,-4.431358485682014
2025_03_MIA_BUF,2025,3,2025-09-18T20:15-04:00,10.0,9.23964378933392,10.694161596893824,1.8842105263157896,11.158779227521942,10.808358097669643,11.079036357417218,10.598752894610227,11.255965990336213,9.382870184700703,12.217279472394521,11.047799537632063,11.28653230652897,10.808358097669643,10.577005519780908
2025_03_ATL_CAR,2025,3,2025-09-21T13:00-04:00,30.0,-2.0488044643846717,-3.6942501819056695,1.8842105263157896,-4.975123197520611,-4.43891231905482,-4.861093155082561,-5.348550726547241,-4.884008555870405,-3.5690217298471865,-3.584405752136898,-4.856574288233574,-5.025404348479489,-4.43891231905482,-5.06018683356012
2025_03_CIN_MIN,2025,3,2025-09-21T13:00-04:00,38.0,1.7820404087003245,-2.993862123770097,1.8842105263157896,-0.3700482921183337,-0.5172634356372008,-0.8308402408865887,-1.1182044338941943,-0.6059044221826768,-0.2239455804637077,-2.848237499153547,-0.8153581503558616,-0.7426151131859663,-0.5172634356372008,0.17411469881254782
2025_03_GB_CLE,2025,3,2025-09-21T13:00-04:00,3.0,-6.1237848107083686,-9.273457804026917,1.8842105263157896,-8.958066825571919,-9.746953723627229,-9.706320235343131,-10.57596233535246,-9.426015290365491,-8.72494658114288,-10.129650761523962,-9.669962951817915,-9.976248851136475,-9.746953723627229,-10.290127481598851
2025_03_HOU_JAX,2025,3,2025-09-21T13:00-04:00,7.0,1.672076860544079,2.432394687035532,1.8842105263157896,0.36422544581519944,0.6883240221904467,0.6045149572619504,1.3426869051230734,0.4141696120446652,-0.20968209055469478,2.21788020663366,0.5881935572939265,1.670457490387942,0.6883240221904467,0.8343481004103781
2025_03_IND_TEN,2025,3,2025-09-21T13:00-04:00,-21.0,-1.6783218604549823,-6.031514396157556,1.8842105263157896,-5.374001932334814,-5.822152803204182,-5.657724637134807,-6.375643975548697,-5.690660441094382,-3.840142936613895,-6.220484654984306,-5.644323064115688,-5.842502262913304,-5.822152803204182,-4.752715200574999
2025_03_LA_PHI,2025,3,2025-09-21T13:00-04:00,7.0,4.303399724485022,3.9001634951900312,1.8842105263157896,3.5493699602313553,4.047888725026603,4.179098564146493,4.169473637912484,4.135608791927515,3.119163349484581,4.9637965190965465,4.070315370951919,4.712307703104271,4.047888725026603,3.497042652216309
2025_03_LV_WAS,2025,3,2025-09-21T13:00-04:00,17.0,6.109292828877221,4.904202317469212,1.8842105263157896,4.989555156856141,3.671329992332955,3.5577526985248396,4.101189104552138,3.3182067665144857,3.681265116801378,4.680078408106435,3.6629192734620615,2.8173363869109496,3.671329992332955,5.187440910359067
2025_03_NYJ_TB,2025,3,2025-09-21T13:00-04:00,2.0,8.166897151407944,8.872893441302057,1.8842105263157896,7.937470535770873,9.767755232130149,10.232788296811359,10.69457032240945,10.173056685062816,10.30162063687852,9.248767125175087,10.195209967956353,9.31745924823795,9.767755232130149,10.523118813476636
2025_03_PIT_NE,2025,3,2025-09-21T13:00-04:00,-7.0,0.8008640860063863,-1.4073443188640034,1.8842105263157896,-3.314950896501273,-1.1611012227333934,-1.177365473275339,-1.7113295997651088,-1.3314698291892744,-1.4151763279754634,-0.19126816950535397,-1.1970015325208263,0.5096549178416357,-1.1611012227333934,-1.793358176253054
2025_03_DEN_LAC,2025,3,2025-09-21T16:05-04:00,3.0,3.6692012793815945,1.2384226466097745,1.8842105263157896,1.7694546105133602,1.762581303567942,1.7539157052428958,1.6969411926302875,1.7671436089188373,3.156576598547381,1.1945470996844763,1.8841187375921415,1.8532983343499938,1.762581303567942,2.284325320649703
2025_03_NO_SEA,2025,3,2025-09-21T16:05-04:00,31.0,6.609778567523122,5.1064441476012465,1.8842105263157896,6.861523350069682,7.961862248738921,7.737854660009143,7.734380831972723,7.792558157437149,7.360259348527249,5.716503567611501,7.767444640409606,7.125734535540669,7.961862248738921,7.777038069777204
2025_03_ARI_SF,2025,3,2025-09-21T16:25-04:00,1.0,2.20724451748224,1.1132392357868595,1.8842105263157896,-1.1029060986759265,-1.4227989529263074,-1.5763772228897612,-2.511172194660511,-1.7253997947491508,-0.3886635346918721,1.252068146024992,-1.6845710043717874,-2.2302729814202653,-1.4227989529263074,-1.6123132985110142
2025_03_DAL_CHI,2025,3,2025-09-21T16:25-04:00,17.0,0.48619483636673166,-2.714322679297986,1.8842105263157896,-2.0679627678286856,-1.7155174175980004,-1.4278866839254003,-1.4321762699387488,-1.5161185246236548,-0.6002178119011885,-1.267690662296113,-1.710404004199766,-1.5638903481745945,-1.7155174175980004,-1.000689454326174
2025_03_KC_NYG,2025,3,2025-09-21T20:20-04:00,-13.0,-2.2716600403741394,-4.670011389705684,1.8842105263157896,-4.500335842254666,-4.350711640028238,-4.771332056170825,-4.284423098601867,-4.729316481151179,-5.842932546615113,-4.284546451138821,-4.600284184892382,-4.478109231734054,-4.350711640028238,-4.378003608729593
2025_03_DET_BAL,2025,3,2025-09-22T20:15-04:00,-8.0,3.029419671298383,2.8163673656252817,1.8842105263157896,3.5044919382562605,2.945487314670739,2.701892272243847,4.138034832411997,2.7240544889493234,1.9977963703257045,2.6307188312607805,2.7192458023202493,2.4424416705725065,2.945487314670739,2.9644394476887777
2025_04_SEA_ARI,2025,4,2025-09-25T20:15-04:00,-3.0,0.45624598773094505,1.0258988986860595,1.8842105263157896,2.572146543206463,1.37671977651833,1.5810946234229761,3.2949289942419346,1.5350600690252163,1.2310003326444248,1.1215185949689994,1.607976508661859,1.2486495834154274,1.37671977651833,2.208359439881905
2025_04_MIN_PIT,2025,4,2025-09-28T09:30-04:00,3.0,-2.1729564321672266,0.006523085905653092,1.8842105263157896,1.1729917065815902,-0.0941185250927179,-0.48148517646146266,-0.7470241239012432,-0.43783135220154623,-0.24211428475255947,-1.1763235390616698,-0.47679871659741835,-0.8606266823001989,-0.0941185250927179,-1.5602376170665264
2025_04_CAR_NE,2025,4,2025-09-28T13:00-04:00,29.0,2.3910843299541424,0.31421407237905474,1.8842105263157896,1.496125522757514,1.5882617817372258,1.4684786997844508,0.5431230036514028,1.370155448367329,1.8031548943666007,1.4520863008780118,1.464903416094206,2.270145939337512,1.5882617817372258,0.6518993355821743
2025_04_CLE_DET,2025,4,2025-09-28T13:00-04:00,24.0,12.196974475370467,13.21711545977439,1.8842105263157896,12.857181146063946,14.39151681826596,14.729800188262583,15.451078352430528,14.421393040625532,14.75716020819159,14.718045424997769,14.75742511850141,15.241982836195483,14.39151681826596,15.035673692278705
2025_04_LAC_NYG,2025,4,2025-09-28T13:00-04:00,3.0,-5.081512901808139,-4.20566769827423,1.8842105263157896,-6.7990438652234335,-8.068238282905092,-8.416872772212603,-8.033758497695757,-8.109462630997058,-9.435359044901748,-5.147082781707544,-8.430095128278325,-8.940194306230968,-8.068238282905092,-8.851276999633725
2025_04_NO_BUF,2025,4,2025-09-28T13:00-04:00,12.0,11.673290124243621,14.388538054619573,1.8842105263157896,16.620487054026402,16.707729664038208,17.116217820965897,17.554556667989907,17.204599649106605,15.927315404096921,16.01047575523404,17.05814963375167,16.15487892356294,16.707729664038208,16.960628970405047
2025_04_PHI_TB,2025,4,2025-09-28T13:00-04:00,-6.0,1.1416173520109538,-0.7856827815090333,1.8842105263157896,-0.47469147822721647,-1.610940273416037,-1.218380943966558,-0.002160053302922793,-1.3396027373716188,-0.8075512487971549,0.1586241104674218,-1.1992044255050336,-1.2137616928448618,-1.610940273416037,-0.5303300330552616
2025_04_TEN_HOU,2025,4,2025-09-28T13:00-04:00,26.0,7.714749105230991,7.66706968442662,1.8842105263157896,8.629743462910499,8.590020178289821,8.20268111568096,8.212674239477284,8.329680616060932,7.718845063757868,6.764700876250134,8.237383954072044,8.245198545324227,8.590020178289821,7.97641321980263
2025_04_WAS_ATL,2025,4,2025-09-28T13:00-04:00,7.0,-1.0265722153507495,2.062761103650787,1.8842105263157896,3.4924666041047603,5.3429562549761,5.595131390045236,6.3435463387800235,5.814822173524673,4.745648989126871,0.9909570502761369,5.389349604480168,5.41344106479843,5.3429562549761,4.7342535179706555
2025_04_IND_LA,2025,4,2025-09-28T16:05-04:00,7.0,2.609251675765484,4.241464692738186,1.8842105263157896,4.7849641210268485,3.9547490900194813,4.1033211261049995,4.305954799871653,4.197297580657,5.085017950925267,3.1418053500458933,3.7747066421972795,3.377229525865442,3.9547490900194813,3.315395220868975
2025_04_JAX_SF,2025,4,2025-09-28T16:05-04:00,-5.0,3.390318488059525,2.941426523681735,1.8842105263157896,3.5325810863466924,3.2035733152154,3.475835063677496,3.7061846875528373,3.5315451119831773,4.9837911216886015,2.327020951445191,3.4628872017817294,2.0984283985883074,3.2035733152154,4.277953427752669
2025_04_BAL_KC,2025,4,2025-09-28T16:25-04:00,17.0,-0.4554120300165816,0.5135432163619345,1.8842105263157896,1.324661933629653,-0.29797760626705827,-0.9355735577623611,-1.7500135651802549,-0.7457144916050926,-1.5462790656420822,-1.6239329244157032,-0.9406917171041432,-1.0289840749952692,-0.29797760626705827,-1.6670921567794896
2025_04_CHI_LV,2025,4,2025-09-28T16:25-04:00,-1.0,1.0073864200742109,1.73181378467441,1.8842105263157896,-0.015222963981436494,1.0013465936543615,0.8106505387593148,1.0559738140088348,0.9126782087018342,0.8225316527371973,1.0947046351890084,0.8446768145725101,0.8046686622843586,1.0013465936543615,-0.26945983185228717
2025_04_GB_DAL,2025,4,2025-09-28T20:20-04:00,0.0,-3.157106131021628,-6.085680399211071,1.8842105263157896,-4.531140599322835,-5.500099457740959,-6.01242409893004,-7.286483724612518,-5.826050957354134,-5.605802268672175,-6.8761087644446235,-5.992542238756016,-4.926216591800963,-5.500099457740959,-5.996279645299897
2025_04_NYJ_MIA,2025,4,2025-09-29T19:15-04:00,6.0,3.0102736366701146,6.197761354618855,1.8842105263157896,6.397578752226501,6.435013220348898,6.428457326565455,7.510007662249781,6.440362716226533,6.429812804373293,5.244346355980194,5.811340242253863,5.1663817773817104,6.435013220348898,6.6760535998731445
2025_04_CIN_DEN,2025,4,2025-09-29T20:15-04:00,25.0,4.860798851781026,4.703801959655568,1.8842105263157896,6.419152061248981,7.59810557407673,6.986293139815467,7.82927042171297,7.0297409372117485,5.879755712935516,4.4519271752086045,6.998504810332697,7.398884262649794,7.59810557407673,6.75730458506906
2025_05_SF_LA,2025,5,2025-10-02T20:15-04:00,-3.0,4.568072343321289,10.075541691973598,1.8842105263157896,7.6252544207044615,7.395422400356279,6.850825631020427,7.56455078876373,7.0143086835453685,5.756238379565508,4.743507273699667,6.832545622265574,6.94681625405663,7.395422400356279,6.158048432082094
2025_05_MIN_CLE,2025,5,2025-10-05T09:30-04:00,-4.0,-6.166846684827248,-4.2453863041710855,1.8842105263157896,-5.1868109868007775,-4.873571480556148,-5.11006809102812,-5.0325816113444155,-4.795530019456681,-4.936626091554647,-5.703146270980167,-5.099921214207378,-5.306688181314106,-4.873571480556148,-7.670626828360504
2025_05_DAL_NYJ,2025,5,2025-10-05T13:00-04:00,-15.0,1.465408618372019,2.2215612845842383,1.8842105263157896,1.0005616363291672,1.7555278309278637,2.2049979182118022,2.5854532611570424,2.0657426359815134,2.396971295444809,3.465549168048779,2.1968632240745953,2.2057260431271786,1.7555278309278637,-0.5548616130819444
2025_05_DEN_PHI,2025,5,2025-10-05T13:00-04:00,-4.0,2.912048595642211,2.6878605180133284,1.8842105263157896,2.6537463035487834,2.5135611877657418,2.7686803618514073,2.803029146188429,2.951275448238636,2.5383778056430266,2.871754658695162,2.7609759573288604,2.6315077316775497,2.5135611877657418,2.722038652692187
2025_05_HOU_BAL,2025,5,2025-10-05T13:00-04:00,-34.0,5.445620154134003,-0.6494227682694902,1.8842105263157896,-0.41281603372895104,-0.5374738902318184,0.07526534114996508,0.11084720246658564,-0.3103664152545451,1.3897510720825919,5.385364036268116,0.038209448883132546,-0.4519731263925335,-0.5374738902318184,1.9013993505847921
2025_05_LV_IND,2025,5,2025-10-05T13:00-04:00,34.0,6.560120666758473,7.031529401117788,1.8842105263157896,6.57256550007137,6.125433817726772,5.593751773405298,6.038476254543259,5.417803782006558,4.550107962601633,6.406323233405352,5.5903065981081035,4.905644743007285,6.125433817726772,6.733188824137801
2025_05_MIA_CAR,2025,5,2025-10-05T13:00-04:00,3.0,-0.02274991357208833,-3.363956389601425,1.8842105263157896,-4.426606452299747,-4.622704304364817,-5.033758165298355,-5.054678409387564,-5.0351155662399805,-4.698277969616996,-3.6648281118697277,-5.030298960787479,-4.755086612995244,-4.622704304364817,-3.874481121009619
2025_05_NYG_NO,2025,5,2025-10-05T13:00-04:00,12.0,1.848937906932361,0.45470276241271346,1.8842105263157896,-0.7774351665428294,-0.16732780013189985,-0.17512247140164727,-0.5979649024745859,-0.3557864344722561,-0.6292357680935383,0.22477106608744835,-0.15207102269649309,0.9019509272862938,-0.16732780013189985,0.5442988776077593
2025_05_TB_SEA,2025,5,2025-10-05T16:05-04:00,-3.0,3.8534364726673354,2.079904761998028,1.8842105263157896,0.6874716938524594,1.5178709383307143,0.513017010644339,-1.1440042531078507,0.5521753287612412,0.6163374867487867,1.5430530378873077,0.5140898752008713,0.9139981926244105,1.5178709383307143,-0.03458545699609483
2025_05_TEN_ARI,2025,5,2025-10-05T16:05-04:00,-1.0,10.162350452920933,10.403778785849525,1.8842105263157896,10.799672793912318,11.355329109910898,11.538057983939122,11.899882859015133,11.472814190779513,10.883651813313303,10.475301134231513,11.494447300510007,11.856515573233839,11.355329109910898,12.327383398874701
2025_05_DET_CIN,2025,5,2025-10-05T16:25-04:00,-13.0,-6.194650295525431,-6.490751312803647,1.8842105263157896,-8.075574118456354,-10.046895472010046,-10.320546206535306,-10.574445179419868,-10.432964112822283,-9.900320483763966,-7.156979376463806,-10.414865734079653,-10.816818639117812,-10.046895472010046,-11.218634645964512
2025_05_WAS_LAC,2025,5,2025-10-05T16:25-04:00,-17.0,3.501388588351272,2.234288979540952,1.8842105263157896,2.031854239691435,2.3247871592734675,2.0004318949887976,2.4886638826769665,2.0620073403539103,2.542332893487204,2.08042430014643,2.036526725868227,1.9023386847911166,2.3247871592734675,1.8320423449731271
2025_05_NE_BUF,2025,5,2025-10-05T20:20-04:00,-3.0,8.785636567983765,11.933917962642887,1.8842105263157896,12.190719454192996,12.16677801526863,12.721266440421907,13.783177116117626,12.880542832211852,11.1133827435292,12.196803983241365,12.720927328187546,11.69592129769912,12.16677801526863,13.02892676174185
2025_05_KC_JAX,2025,5,2025-10-06T20:15-04:00,3.0,-0.8793745276606528,-3.105228805133919,1.8842105263157896,-4.226403602551927,-3.107363832493547,-3.456295270548032,-3.3929620105221883,-3.454567488100787,-5.184235137787098,-2.4326455232485786,-3.4623625534643114,-2.1689804357722,-3.107363832493547,-3.0321895098951663
2025_06_PHI_NYG,2025,6,2025-10-09T20:15-04:00,17.0,-5.561552954647292,-6.468787651868697,1.8842105263157896,-7.908650927173996,-7.959374343389629,-8.42337375788272,-8.126593996280263,-8.395972371690032,-8.140770454970305,-7.6083351647250215,-8.396751507177676,-8.681660968060216,-7.959374343389629,-8.583227761086738
2025_06_DEN_NYJ,2025,6,2025-10-12T09:30-04:00,-2.0,-8.201356700745219,-10.004268405351128,1.8842105263157896,-9.717295696622847,-9.233500533312217,-8.993899649556976,-8.625251502669101,-8.995623313948208,-8.386607447899387,-9.380785082436052,-8.968327124794904,-8.456841376870738,-9.233500533312217,-9.442833041161391
2025_06_ARI_IND,2025,6,2025-10-12T13:00-04:00,4.0,5.2934871052249575,5.6482737969503045,1.8842105263157896,5.280835984307759,6.781177766947284,5.976313192574491,6.030669161901281,6.057498930487375,4.649223440951051,4.829891027561958,6.365955095650906,6.125969240853436,6.781177766947284,5.724910281651265
2025_06_CLE_PIT,2025,6,2025-10-12T13:00-04:00,14.0,7.107320216123061,8.034434054843869,1.8842105263157896,9.37861543841777,7.1069822272848295,6.68053907236245,6.510096156771917,6.42743083335366,6.8192026134942125,8.090005724999825,6.354286063617293,6.545934714957101,7.1069822272848295,7.373978832943298
2025_06_DAL_CAR,2025,6,2025-10-12T13:00-04:00,3.0,-1.1068081068904672,-1.4262560364749506,1.8842105263157896,-3.3888764107245986,-2.8220330406403766,-2.511111276061391,-1.4099213901100573,-2.568242368813947,-2.180291603805218,-1.3677374642648137,-2.493671165111439,-3.2103398214583994,-2.8220330406403766,-2.689976933931175
2025_06_LAC_MIA,2025,6,2025-10-12T13:00-04:00,-2.0,-0.6787286818812057,2.588081028488985,1.8842105263157896,1.156147432287269,1.5105630571710966,1.664423264523736,2.448460710644893,1.592650712501654,1.730324437162416,2.341561755412139,1.4015620771986774,1.1719196140833885,1.5105630571710966,0.5376923382547235
2025_06_LA_BAL,2025,6,2025-10-12T13:00-04:00,-14.0,3.584237120751959,-5.626606572096804,1.8842105263157896,-3.8387331271095544,-4.182048428311829,-3.5939870039573916,-4.6516430188966105,-3.8138394322345484,-1.8151702721171823,1.3486248384225947,-2.797125411217551,-3.3369013063691115,-4.182048428311829,-3.687593605283837
2025_06_NE_NO,2025,6,2025-10-12T13:00-04:00,-6.0,-0.5592531232420228,1.8646908168104532,1.8842105263157896,-0.056350671644017414,-0.2220736404775554,-0.2559790504085029,1.000325348006594,-0.20700638793500692,-1.7126578055186452,0.5039538068086148,-0.16973063191481186,-0.3842584919004226,-0.2220736404775554,-0.9867749621238713
2025_06_SEA_JAX,2025,6,2025-10-12T13:00-04:00,-8.0,0.2671016020805661,-0.039658158047425146,1.8842105263157896,0.022708406917564816,-1.339023251422478,-1.5421447273315865,-1.3975067372243681,-1.4390003113908467,-2.2529557120904933,-1.35825922607372,-1.0390333874718594,-1.0467406634479297,-1.339023251422478,-1.4712125952805797
2025_06_TEN_LV,2025,6,2025-10-12T16:05-04:00,10.0,4.221364323449278,3.101372389438684,1.8842105263157896,2.415729728208424,3.4971136306353086,3.4582805454072045,3.3106175622464793,3.574189292338199,3.275315491970492,2.7583550130434604,3.4911368719465075,4.316736619224828,3.4971136306353086,3.4994964697702016
2025_06_CIN_GB,2025,6,2025-10-12T16:25-04:00,9.0,8.141284262918832,8.361341951759385,1.8842105263157896,9.33739519549767,11.314012783921523,10.678394107428677,11.44500786528132,10.74299009245939,10.07977147212896,8.010947748174887,10.894929178994033,10.80107752708782,11.314012783921523,11.46282351072509
2025_06_SF_TB,2025,6,2025-10-12T16:25-04:00,11.0,4.499054345127054,6.9691596582947275,1.8842105263157896,4.781177748389958,6.046723547222717,6.376076026592772,7.426993071921759,6.5006511127224655,5.831958729800466,3.6923337267077687,6.342205987718438,6.937090320006569,6.046723547222717,6.833882271227861
2025_06_DET_KC,2025,6,2025-10-12T20:20-04:00,13.0,-1.95783063891907,0.05637339161694954,1.8842105263157896,1.5100977745192075,-0.6593444049695187,-1.3083393634710818,-0.8336692295176102,-1.172543219198119,-1.4773142290840662,-1.7637719590176089,-1.236567721708723,-1.7627410215289425,-0.6593444049695187,-2.7086592151604325
2025_06_BUF_ATL,2025,6,2025-10-13T19:15-04:00,10.0,-2.1420007748031455,-4.054145016942372,1.8842105263157896,-4.931858303000399,-5.470616617119692,-5.8293961703579535,-5.570372174086753,-5.805437227276311,-5.726988455288256,-5.651944430910415,-5.7989684838429945,-5.44422551010935,-5.470616617119692,-5.165403167091877
2025_06_CHI_WAS,2025,6,2025-10-13T20:15-04:00,-1.0,6.997738426962977,7.032157715502281,1.8842105263157896,6.325914352003787,6.360757188604555,6.485338138137051,6.062351498366779,6.434141391427678,6.683609464403977,5.978524209622938,6.4845848268359365,6.0414449527470495,6.360757188604555,6.534258774987064
2025_07_PIT_CIN,2025,7,2025-10-16T20:15-04:00,2.0,-0.5888116008530906,-1.545471553610826,1.8842105263157896,-4.886101693240633,-4.551543141623974,-4.134791624429443,-4.864641567385248,-4.335160579088698,-3.2916988379691103,-1.1450107169174988,-4.143819106950169,-4.049597949651571,-4.551543141623974,-4.313638315919466
2025_07_LA_JAX,2025,7,2025-10-19T09:30-04:00,-28.0,-2.7801349470606787,-4.2744566031846425,1.8842105263157896,-4.730464864024008,-4.3210874247247375,-4.307357729052353,-4.728867100109937,-4.297824593964938,-4.2590082438592765,-3.561631132382404,-4.491652242438613,-2.8027084128563633,-4.3210874247247375,-5.3370913485843205
2025_07_CAR_NYJ,2025,7,2025-10-19T13:00-04:00,-7.0,2.7594965770457893,-0.8978124151492823,1.8842105263157896,-0.1286110367891493,0.4022825340181571,0.425482224695681,-0.624693171369862,0.40994106951229226,1.305279986920258,-0.7053284131226354,0.4655938584825323,0.8724996529726081,0.4022825340181571,0.40098080672936676
2025_07_LV_KC,2025,7,2025-10-19T13:00-04:00,31.0,10.90500259325098,13.30015772294761,1.8842105263157896,13.623173353635185,11.963607853001438,11.568075965138718,10.862657810063844,11.521487327394944,12.077483161156422,11.709955877484843,11.538699060860763,10.573875596537242,11.963607853001438,11.802563986100608
2025_07_MIA_CLE,2025,7,2025-10-19T13:00-04:00,25.0,-0.17289793184784763,-3.3395110297866415,1.8842105263157896,-3.212686264148771,-3.0388859808313144,-3.2891396294044624,-3.631124419787719,-3.044179641445816,-3.918880403213625,-3.957778158863632,-3.2212796270709982,-3.6271958839468286,-3.0388859808313144,-2.767236960971297
2025_07_NE_TEN,2025,7,2025-10-19T13:00-04:00,-18.0,-4.155901293816139,-6.167519442488842,1.8842105263157896,-5.510801200733644,-6.17015286554437,-6.223970856109675,-5.240999987479398,-6.114834242411354,-6.797646205390523,-6.448853056246635,-6.046992319007375,-7.162684629572685,-6.17015286554437,-5.737884612194773
2025_07_NO_CHI,2025,7,2025-10-19T13:00-04:00,12.0,5.767777785089308,2.48692686908678,1.8842105263157896,5.664358019287764,5.210475632161282,4.997926005798524,4.6050366328830314,5.092151954776097,4.9764371369272675,3.355841791266287,4.97445919419831,5.124071543023428,5.210475632161282,5.520407063822575
2025_07_PHI_MIN,2025,7,2025-10-19T13:00-04:00,-6.0,1.977111372175667,-0.13841718727114882,1.8842105263157896,0.5977365094759448,0.320727385192094,0.08956833332488756,0.2672228816605292,0.02974562607749942,0.3215611683592783,0.42063179468697354,0.1483114283912949,0.01812842277324922,0.320727385192094,0.1499847066380302
2025_07_IND_LAC,2025,7,2025-10-19T16:05-04:00,-14.0,1.4288347732434783,-0.02782344492742639,1.8842105263157896,1.2521804090575954,0.8930980483684711,1.188267326077954,1.4604629781499543,1.2622357589133895,2.291844156143426,-0.006498218748754558,1.2330116206781556,1.2289254084808,0.8930980483684711,1.0763200636999222
2025_07_NYG_DEN,2025,7,2025-10-19T16:05-04:00,1.0,9.221209895795521,9.360680337301316,1.8842105263157896,10.409805692004753,10.474179342889867,10.268924551701424,10.45421372488017,10.010440690439124,10.50464982943239,10.146083423831806,10.25213600329542,10.67548417452009,10.474179342889867,8.796364569729363
2025_07_GB_ARI,2025,7,2025-10-19T16:25-04:00,-4.0,-1.3009837075703383,-3.724640962680625,1.8842105263157896,-3.2834615082514578,-4.468847878884093,-4.458636088256824,-4.512357644543539,-4.492487723499871,-3.951641779215821,-3.462115260267716,-4.466516223059064,-4.19098583207088,-4.468847878884093,-5.069015076591075
2025_07_WAS_DAL,2025,7,2025-10-19T16:25-04:00,22.0,-0.848049639170303,1.0127006429798744,1.8842105263157896,0.47002486982970715,0.32814628790765216,-0.39410646061588095,0.2821970537493521,-0.3205645991263868,-1.2698723030554233,0.737090578619696,-0.3970540381588723,-0.002747386781215999,0.32814628790765216,-1.2377243272136016
2025_07_ATL_SF,2025,7,2025-10-19T20:20-04:00,10.0,1.960423104509475,-3.169099040751135,1.8842105263157896,-0.45278257665790644,-0.25186651782696434,-0.4505502534526493,-1.6371448158229598,-0.6709833853070087,1.190426348227526,1.119621145482748,-0.454020697669443,-1.2215696210048415,-0.25186651782696434,-0.6121608921647702
2025_07_TB_DET,2025,7,2025-10-20T19:00-04:00,15.0,6.238413369244024,6.178834424825376,1.8842105263157896,5.1763436764394175,5.528336712387895,5.449575214985067,4.5996420179616715,5.512155273192656,5.752785045739468,5.739124973142996,5.558413034669016,5.495273364784666,5.528336712387895,4.913562122627026
2025_07_HOU_SEA,2025,7,2025-10-20T22:00-04:00,8.0,3.3730295086092807,1.2158007739122483,1.8842105263157896,-0.4466031937037769,1.3393349473132883,1.409887086276358,0.26078494721557677,1.4001091655751412,2.466982551800903,2.4811564689572627,1.3979039961102546,1.7651121345295668,1.3393349473132883,0.8539351435828644
2025_08_MIN_LAC,2025,8,2025-10-23T20:15-04:00,27.0,1.632167390472856,1.9996518157123369,1.8842105263157896,2.185394070448363,2.6011587154250995,2.1796116736110154,2.9022052914293934,2.1559804283111283,1.7260662594599583,1.0667694930680027,2.186701285372785,2.471985847220542,2.6011587154250995,2.6209255001293204
2025_08_BUF_CAR,2025,8,2025-10-26T13:00-04:00,-31.0,-3.6154690024157627,-4.164051267987644,1.8842105263157896,1.5230803616395256,-1.2997352744788988,-1.8462792091875837,-2.4328679441942618,-1.8752166311269747,-2.343457748445202,-5.35620232000433,-1.801102424759908,-1.3910732688087957,-1.2997352744788988,-2.723682666687248
2025_08_CHI_BAL,2025,8,2025-10-26T13:00-04:00,14.0,3.6648299110281544,-1.1475346610437005,1.8842105263157896,-0.07723142429292029,0.14608581082968564,0.650491544829244,-0.510896172635817,0.5597274293659038,3.3450074234354084,4.496431956966647,0.8638500235517561,-0.46236153869550667,0.14608581082968564,-0.3688281553510002
2025_08_CLE_NE,2025,8,2025-10-26T13:00-04:00,19.0,6.697320101926138,5.717146484207179,1.8842105263157896,5.309997459168732,5.402974484701605,4.994905047846407,4.306140892179464,4.628770386673468,5.889038289642918,6.659098996894814,5.053589235316159,6.275566099592082,5.402974484701605,4.844609200605183
2025_08_MIA_ATL,2025,8,2025-10-26T13:00-04:00,-24.0,5.7615308502891525,4.333516441607525,1.8842105263157896,3.9926567620577798,3.2678671630077005,3.1127234179070857,3.168704767789414,3.1873912989433713,1.5446339806908689,4.285650994611725,3.0927166409139533,3.579943266002426,3.2678671630077005,4.090670676742674
2025_08_NYG_PHI,2025,8,2025-10-26T13:00-04:00,18.0,7.543245565375804,6.315687678894681,1.8842105263157896,6.585433502504865,6.951916639497684,7.17501337606091,7.299426097813849,7.072401737019814,7.309520787292335,7.208166052579643,7.259994227621544,7.28264613127558,6.951916639497684,7.653394255755847
2025_08_NYJ_CIN,2025,8,2025-10-26T13:00-04:00,-1.0,4.708370656960872,10.133401593341194,1.8842105263157896,8.283919236974219,6.374835590481703,6.242051078398948,6.595433421024947,6.142890594621105,5.8839803245766715,10.017937933995983,6.2101708082202975,5.34212225958642,6.374835590481703,4.40258177636314
2025_08_SF_HOU,2025,8,2025-10-26T13:00-04:00,11.0,4.109058328540429,6.113016199353777,1.8842105263157896,5.21640213933882,4.726209616568244,4.1621071721865315,4.875327930924062,4.417214246659655,3.0573387585012366,1.6156597427445893,4.202978344025718,4.698757347672207,4.726209616568244,3.892209633822876
2025_08_TB_NO,2025,8,2025-10-26T16:05-04:00,-20.0,-3.9986664717712355,-2.7581465836296974,1.8842105263157896,-5.346361951188728,-5.265870430295755,-5.546809500304669,-5.694296115368547,-5.6981714991938865,-5.7303820677684385,-3.9290334592842635,-5.5770292804199855,-4.957019549688589,-5.265870430295755,-6.898313210326998
2025_08_DAL_DEN,2025,8,2025-10-26T16:25-04:00,20.0,4.923272139637664,4.895295888839024,1.8842105263157896,4.414658573599948,4.906481232463765,4.967470662570459,5.240730894760725,4.931778296040981,4.9668336849710055,5.034366793312656,4.99640714006525,4.44208163341375,4.906481232463765,3.9385119482611213
2025_08_TEN_IND,2025,8,2025-10-26T16:25-04:00,24.0,13.813341144014235,15.90627093356392,1.8842105263157896,15.082361396679328,15.718558306986887,14.9909228085471,14.635054985928006,14.941900816655,13.630594040010338,15.367272950169868,14.977118958543864,15.376700419638347,15.718558306986887,14.555408669433108
2025_08_GB_PIT,2025,8,2025-10-26T20:20-04:00,-10.0,-0.577867114624123,-0.7413009056428257,1.8842105263157896,1.0054237710511167,-1.1823809552841367,-1.4611984400467106,-1.179913782872003,-1.416166852625989,-1.5027037516533257,-1.1714314066461322,-1.4261885515303816,-1.8333693456889093,-1.1823809552841367,-1.951537897463839
2025_08_WAS_KC,2025,8,2025-10-27T20:15-04:00,21.0,7.146770681114609,10.82522894283668,1.8842105263157896,13.141063168157917,14.699348356644496,14.4941849516321,14.625053627850694,14.490173418797333,13.998097278167997,9.108684920522805,14.465793128736674,13.933979370653663,14.699348356644496,14.568668430918386
2025_09_BAL_MIA,2025,9,2025-10-30T20:15-04:00,-22.0,-1.2859117312674337,-1.7743205540189477,1.8842105263157896,-2.6264084688002063,-2.9601441776721114,-3.483172715713567,-2.724797500039152,-3.5819264382240985,-4.875501799099746,-2.8658690709200525,-3.4621334448063363,-3.3583884813201297,-2.9601441776721114,-2.550601107915633
2025_09_ATL_NE,2025,9,2025-11-02T13:00-05:00,1.0,6.185592312144678,3.5615917765531058,1.8842105263157896,3.406121032899319,4.30610309407264,3.6206982776803134,2.8974505233074037,3.3242507085816326,4.717522567225805,3.918964836728325,3.6133948461474428,4.274834557168125,4.30610309407264,3.1665980601610415
2025_09_CAR_GB,2025,9,2025-11-02T13:00-05:00,-3.0,11.488959689202233,14.628656902917893,1.8842105263157896,15.034185490428225,14.89852723757801,14.534920841532067,14.691516507730359,14.481599819447291,13.611961214874281,14.663208221638865,14.376557428363812,14.343650520432817,14.89852723757801,13.460671798319952
2025_09_CHI_CIN,2025,9,2025-11-02T13:00-05:00,-5.0,1.0747394149020777,3.5458123700995117,1.8842105263157896,2.9875918656234295,3.2773475030445556,3.6010557814313198,2.856973544091855,3.483631813687145,4.534425926465546,3.117560972231167,3.333984873070885,2.5583394477323393,3.2773475030445556,3.4590631572720745
2025_09_DEN_HOU,2025,9,2025-11-02T13:00-05:00,-3.0,0.6711872926609472,0.3346769077243683,1.8842105263157896,1.5924626431048945,0.8367785025031936,0.6985634751306388,1.0878344211777358,0.7374055056469188,0.3729203225334502,-0.018196941331048433,0.7977991626367065,0.4825629609501411,0.8367785025031936,0.013349441508001547
2025_09_IND_PIT,2025,9,2025-11-02T13:00-05:00,7.0,-1.8017432131581579,-1.813838914110859,1.8842105263157896,0.1619855280881255,-2.372840838400981,-2.1325661501202338,-1.8226787593585863,-2.02801525151084,-1.44283999699793,-2.444269857875761,-1.86504083799946,-2.8215064402928243,-2.372840838400981,-2.240635482111216
2025_09_LAC_TEN,2025,9,2025-11-02T13:00-05:00,-7.0,-7.691850115470125,-9.870537099393893,1.8842105263157896,-10.52654657733418,-10.640055785274871,-10.525445578725265,-10.357416235960947,-10.46312933323371,-10.016646597826856,-9.696581000201146,-10.534658199204676,-11.006557959086983,-10.640055785274871,-10.841531785406737
2025_09_MIN_DET,2025,9,2025-11-02T13:00-05:00,-3.0,10.107061400736228,11.690529401634423,1.8842105263157896,13.472540834901931,15.048211031567217,15.152659369167036,15.898387397537817,15.209337351771957,14.710442142485181,11.241788423586728,15.13249314430212,15.349216390194853,15.048211031567217,15.068588739014075
2025_09_SF_NYG,2025,9,2025-11-02T13:00-05:00,-10.0,-0.43152729695176584,-2.3015255351592243,1.8842105263157896,-1.5395244367215408,-1.6948290767596943,-2.011697432744742,-1.10960160076265,-1.860312157971508,-1.781060917843952,-3.9551901362615007,-2.087645000534086,-1.851520124185581,-1.6948290767596943,-1.291787298193031
2025_09_JAX_LV,2025,9,2025-11-02T16:05-05:00,-1.0,-1.3656643266644521,-2.18870283283425,1.8842105263157896,-1.5644851142311607,-1.2094088349170624,-0.9533285061138215,-0.700293061211582,-0.9159783566895077,-0.644918341883448,-1.343000456650745,-0.9734591642888901,-0.9596987705743337,-1.2094088349170624,-2.368150780680801
2025_09_NO_LA,2025,9,2025-11-02T16:05-05:00,24.0,12.120939490332058,12.318463342065662,1.8842105263157896,13.65056942944225,13.596742636077567,13.267968533018822,12.500538553823466,13.299682367850805,14.260555572023518,11.878249042546118,13.507329581746564,12.304364723557246,13.596742636077567,13.81285890996146
2025_09_KC_BUF,2025,9,2025-11-02T16:25-05:00,7.0,0.3228318356359834,-0.5634856769585106,1.8842105263157896,-0.6315035298142548,0.7360011581612889,1.1606586917901696,2.114501368874332,1.2399839127764891,0.5503299328345678,1.1023258976590418,1.047556344008393,1.3131172722749513,0.7360011581612889,1.1695998345646066
2025_09_SEA_WAS,2025,9,2025-11-02T20:20-05:00,-24.0,-0.9664110385303082,-0.9738880451832705,1.8842105263157896,1.0242296279293512,-0.4685506914830566,-0.3375256690394892,0.12823334937594044,-0.23398332727426663,-0.5077594308967035,-2.0722098803250497,-0.32708161689728477,-0.5160685160217551,-0.4685506914830566,-0.5454548114672804
2025_09_ARI_DAL,2025,9,2025-11-03T20:15-05:00,-10.0,2.5516064866870334,2.116956831551124,1.8842105263157896,2.83007092803313,3.1919935244467568,2.879565946572553,2.859827730988891,2.9647942048432254,2.4296620706585896,1.485660571748566,2.8549660199263345,3.4718920373966737,3.1919935244467568,3.0302288128776413
2025_10_LV_DEN,2025,10,2025-11-06T20:15-05:00,3.0,12.712123224580644,11.922950821314771,1.8842105263157896,11.846020436552376,11.642512308005374,11.100005492503067,10.019757205227927,11.096849017318661,10.9358098333031,11.238928203221606,11.078848317614714,10.824233200612737,11.642512308005374,11.75169165457597
2025_10_ATL_IND,2025,10,2025-11-09T09:30-05:00,6.0,5.0586656138608745,3.191753553991429,1.8842105263157896,3.4338275144674397,4.15171629375581,3.113258243763722,1.8588217583777693,2.98349456073352,2.8681936226184197,3.4573597360204067,3.4692346403984424,3.370811377732122,4.15171629375581,2.1718105314632203
2025_10_BAL_MIN,2025,10,2025-11-09T13:00-05:00,-8.0,-0.21529274507930873,-3.4275457564042733,1.8842105263157896,-6.433217778156921,-7.466814095488801,-7.886447166121461,-9.3696289816511,-7.987325408741936,-7.818672004201626,-3.2228788600790574,-8.248554705682523,-7.781119357287464,-7.466814095488801,-7.70397880068896
2025_10_BUF_MIA,2025,10,2025-11-09T13:00-05:00,17.0,-6.1859873883609175,-6.204294267282942,1.8842105263157896,-6.264445310367907,-6.520852827634421,-6.939924822073523,-5.949309962944534,-6.9166627497233995,-7.344645093030811,-7.793293422782482,-6.886605492173967,-7.127196097558118,-6.520852827634421,-6.745670624995141
2025_10_CLE_NYJ,2025,10,2025-11-09T13:00-05:00,7.0,2.889029587582227,1.4718496408876083,1.8842105263157896,3.0737784011621767,0.5735639375338999,0.5524917872045889,0.17803351439228443,0.31569755854249504,2.0016820315120425,2.72500418205905,0.5502188222629611,1.4911997232358116,0.5735639375338999,-0.05332263680747795
2025_10_JAX_HOU,2025,10,2025-11-09T13:00-05:00,7.0,6.521817745677664,3.711675492639704,1.8842105263157896,2.1414042735516543,2.1925001807220776,1.9260676501406482,1.3654819033426286,1.7778430203362803,2.751746409835774,4.186157423912497,2.1908222318540185,1.1464554116364818,2.1925001807220776,2.0116372088258996
2025_10_NE_TB,2025,10,2025-11-09T13:00-05:00,-5.0,4.283895693605893,5.091451037874495,1.8842105263157896,6.088225270141907,5.87473541209052,6.098153992042393,6.75491525839393,6.341717703578125,4.982006450816474,5.346466154022958,6.11819590992417,5.526544788024794,5.87473541209052,6.440211682627039
2025_10_NO_CAR,2025,10,2025-11-09T13:00-05:00,-10.0,5.604099356909794,6.054201111384186,1.8842105263157896,5.939548609803957,6.526704193851929,6.4452295990590835,6.077364122334224,6.420762419628197,6.671281858431273,6.314967131296771,6.421764128814567,6.182178043967751,6.526704193851929,5.712111602948751
2025_10_NYG_CHI,2025,10,2025-11-09T13:00-05:00,4.0,5.764504648928804,5.256501035417111,1.8842105263157896,6.64334845441237,6.4969431695848865,6.358428290973587,6.776975200786945,6.305057315607755,4.816575660057116,6.480471716424494,6.365659014079535,7.320067402463297,6.4969431695848865,5.82323894801745
2025_10_ARI_SEA,2025,10,2025-11-09T16:05-05:00,22.0,7.016459068496888,4.607729593968461,1.8842105263157896,4.330764144575428,6.168634228370019,6.09725983793552,5.089396166732847,6.182417851758698,6.429599574537482,5.118591514206042,5.911562170987411,6.538205705306344,6.168634228370019,6.534109748354975
2025_10_DET_WAS,2025,10,2025-11-09T16:25-05:00,-22.0,-5.074008315363704,-7.917513947705352,1.8842105263157896,-6.579940297378844,-8.980260285253372,-9.43719604468233,-9.935520690293954,-9.47391709305251,-9.472763771664606,-8.017814118541544,-9.406738538151231,-9.227715726919573,-8.980260285253372,-9.038776365061537
2025_10_LA_SF,2025,10,2025-11-09T16:25-05:00,-16.0,-1.8263966436891197,-3.8064734218826244,1.8842105263157896,-5.044509280856971,-4.694934003095646,-4.629850551443375,-5.195581483951124,-4.740504312397337,-3.858364509520747,-2.2805559315524335,-4.682990535293399,-4.5054870078421505,-4.694934003095646,-4.497088826996768
2025_10_PIT_LAC,2025,10,2025-11-09T20:20-05:00,15.0,3.4402338565690607,0.8755028716596993,1.8842105263157896,0.37079474819684466,2.1097764315557637,2.0993693610093462,2.5204451053347348,2.0168984036692055,2.6147557254093012,1.4029967442833466,1.9207489539843352,2.9543458215777982,2.1097764315557637,2.2907982272574454
2025_10_PHI_GB,2025,10,2025-11-10T20:15-05:00,-3.0,2.3807171887495135,3.1018176762046954,1.8842105263157896,3.1826263520983127,3.457913880611254,3.0195398636025677,3.6859635505323816,3.002142683495002,2.265467089182612,2.650063928282914,2.572093580758385,2.7762729622609603,3.457913880611254,3.220002189481218
2025_11_NYJ_NE,2025,11,2025-11-13T20:15-05:00,13.0,8.152742471733248,7.184916221847243,1.8842105263157896,5.785340762127032,8.361135247294651,7.947290622061607,7.40262449540269,7.819353424735792,7.676287668771987,6.699642569267579,7.924685469535388,8.087786818086219,8.361135247294651,8.863286954713104
2025_11_WAS_MIA,2025,11,2025-11-16T09:30-05:00,3.0,0.6318365148975067,3.2218292652806833,1.8842105263157896,2.885745584743022,3.9054066282765474,3.8016809964023053,5.286428250298134,3.838409609537279,2.5122013210834835,2.2660933109435,3.5470217765833176,3.482028793280377,3.9054066282765474,3.259697009574622
2025_11_CAR_ATL,2025,11,2025-11-16T13:00-05:00,-3.0,5.593754896199783,4.305183453740829,1.8842105263157896,4.997350463407484,4.595187606969026,4.737467971935698,5.249439146190104,4.838366968875276,4.36644446955134,3.845686740067571,4.741127673043376,4.820660862823541,4.595187606969026,5.988146570627034
2025_11_CHI_MIN,2025,11,2025-11-16T13:00-05:00,-2.0,3.0926920277275745,0.30294058935394474,1.8842105263157896,-3.533217843587839,-3.777051553155375,-3.5113669331197883,-5.777559468695685,-3.546721632647831,-1.397629674748133,0.39194508430706154,-3.500425739084699,-4.329281904533741,-3.777051553155375,-3.6465756966818343
2025_11_CIN_PIT,2025,11,2025-11-16T13:00-05:00,22.0,5.170711429941199,5.521102531835153,1.8842105263157896,6.237318764430425,5.51435809251269,4.856716218247315,5.112378839367276,4.994230361906368,3.76041814323092,2.000712193729025,4.90370447750515,4.750414021389272,5.51435809251269,4.762534584880601
2025_11_GB_NYG,2025,11,2025-11-16T13:00-05:00,-7.0,-4.1742197342216905,-7.707231675664945,1.8842105263157896,-7.682466321678799,-9.898162346842666,-10.254517577618355,-9.87475407810034,-10.255100185296271,-9.043409859067069,-8.79732029059202,-10.286689826726004,-10.361117548439346,-9.898162346842666,-8.861862998039118
2025_11_HOU_TEN,2025,11,2025-11-16T13:00-05:00,-3.0,-8.234498650350808,-8.60822837267056,1.8842105263157896,-6.620072676634178,-7.271350800506591,-7.064948557412707,-6.499517554495372,-6.951827066481861,-5.885108402780643,-8.422453246931962,-7.102500032516593,-7.222367989721803,-7.271350800506591,-7.692948988680845
2025_11_LAC_JAX,2025,11,2025-11-16T13:00-05:00,29.0,-1.8141014923821324,-3.318694905735766,1.8842105263157896,-4.630166092264144,-4.561462505083094,-4.588256187622771,-5.054260491340628,-4.483057856272517,-4.64182626674841,-4.10926397415043,-4.596579719596939,-4.392543117891198,-4.561462505083094,-3.4949014055610093
2025_11_TB_BUF,2025,11,2025-11-16T13:00-05:00,12.0,3.540180132752487,3.3801496846363515,1.8842105263157896,3.06256417399569,2.942367520079653,3.138759790661683,3.0467160080442497,3.0434938436203964,4.170600109999608,3.7400084029865237,3.3728299364760033,2.9561529363775803,2.942367520079653,2.681115998941536
2025_11_SEA_LA,2025,11,2025-11-16T16:05-05:00,2.0,2.290332742060534,6.257723588903697,1.8842105263157896,6.536838257539021,4.925613712903299,4.677022725227133,5.755867530108829,4.660300686345501,3.6271753953330874,4.636939564720226,4.681726555811199,3.7656329006047806,4.925613712903299,4.287949495191673
2025_11_SF_ARI,2025,11,2025-11-16T16:05-05:00,-19.0,2.398114196852862,-4.335274553498745,1.8842105263157896,-4.49421937546472,-3.8504284200898193,-4.059302386629435,-3.8963471018956843,-4.069117515639561,-4.24585775820066,-4.125528437246486,-4.011260508630057,-3.7511894809935784,-3.8504284200898193,-1.4795125140088845
2025_11_BAL_CLE,2025,11,2025-11-16T16:25-05:00,-7.0,-5.7736864805212065,-6.004404806784828,1.8842105263157896,-7.186308145536188,-7.560155441201562,-7.985784028674507,-6.6231534995849035,-8.076890773967698,-8.92750626007107,-7.0719695162908565,-7.927520172724106,-8.137539702663448,-7.560155441201562,-8.879976415605736
2025_11_KC_DEN,2025,11,2025-11-16T16:25-05:00,3.0,0.06793162739684666,-3.34485126928729,1.8842105263157896,-3.658470616295471,-2.2804699584142556,-2.5032600925253026,-1.7843655633101019,-2.5000016307471156,-3.444086867781379,-2.888364949510825,-2.5744581348671614,-2.0328398774184677,-2.2804699584142556,-1.8222756934077844
2025_11_DET_PHI,2025,11,2025-11-16T20:20-05:00,7.0,-0.9862154666250218,-0.4443896443462547,1.8842105263157896,-0.07972885150841824,-1.2374475597318524,-1.6640704394216101,-1.0822950787401413,-1.7150648251154008,-1.634502844827922,-0.48985625747496897,-1.6130454269082541,-1.7653376151658522,-1.2374475597318524,-3.2616364923010206
2025_11_DAL_LV,2025,11,2025-11-17T20:15-05:00,-17.0,-1.0822231305939831,-3.1871429288524533,1.8842105263157896,-3.8136364926476753,-3.0164408231245785,-2.5589803220437304,-2.3021950282588577,-2.4161224230003375,-2.342964384610485,-2.567941190181574,-2.9805160327152462,-2.808909825052687,-3.0164408231245785,-2.8466617305699926
2025_12_BUF_HOU,2025,12,2025-11-20T20:15-05:00,4.0,0.10123278796591517,-0.9216259172030694,1.8842105263157896,-3.146939799965807,-2.9106556204206386,-3.8508469320655303,-3.568226840548302,-3.9876320067108635,-5.290391473491952,-1.8373795976066123,-3.7996409025544784,-3.7471196685879775,-2.9106556204206386,-4.214298280111256
2025_12_IND_KC,2025,12,2025-11-23T13:00-05:00,3.0,4.861959233603783,4.373027082802509,1.8842105263157896,5.384376778791815,3.8043202824779634,4.321921988788983,3.6603318092825172,4.4156431222722015,5.850852739678604,3.637279324886073,4.32670387556101,3.840379730577414,3.8043202824779634,4.6019798364291
2025_12_MIN_GB,2025,12,2025-11-23T13:00-05:00,17.0,6.1755841769175746,8.15652549645567,1.8842105263157896,10.460917604588179,11.408124438908043,11.011609943577994,12.688171018591486,10.900922334334503,10.110087775788354,7.166713989740252,11.010583108760956,10.949653518966748,11.408124438908043,11.796820694598058
2025_12_NE_CIN,2025,12,2025-11-23T13:00-05:00,-6.0,-4.190296607739913,-4.838134593023741,1.8842105263157896,-3.6925414788517568,-5.121454058422431,-4.906017873157706,-4.043814163301686,-4.920563573331076,-5.168719780648782,-2.3818110518469853,-4.884530613705913,-6.025722018859472,-5.121454058422431,-4.979362139360633
2025_12_NYG_DET,2025,12,2025-11-23T13:00-05:00,7.0,13.199792950346122,11.645505050966918,1.8842105263157896,11.385640495037443,14.248147095061036,14.968164937090883,13.64002744118114,15.161469288165694,14.718861013414278,12.810801543219856,14.994767282314623,15.267233768763242,14.248147095061036,14.96559908877755
2025_12_NYJ_BAL,2025,12,2025-11-23T13:00-05:00,13.0,10.223529159657229,10.39033433734743,1.8842105263157896,10.305963417691618,12.641238211914468,12.732605072405901,12.742089869241514,12.884017714588664,12.257227766341138,10.045115203006233,12.721378026860478,12.009272667805131,12.641238211914468,13.127203530734278
2025_12_PIT_CHI,2025,12,2025-11-23T13:00-05:00,3.0,1.1531774780475332,-0.028834825830476474,1.8842105263157896,2.836090291047925,1.892405012772788,1.8798527239209193,2.845497518512455,1.9173965481787918,0.8408072176967774,-0.03384558921500419,1.8836400942700002,2.93203612729031,1.892405012772788,2.3015123541373996
2025_12_SEA_TEN,2025,12,2025-11-23T13:00-05:00,-6.0,-11.777181611925588,-11.519817542163963,1.8842105263157896,-10.64812410411528,-12.0515079197757,-11.90431461486617,-8.843737487180329,-12.064218087483525,-11.849697669160676,-11.884126438417672,-11.89096721199245,-12.632055292191577,-12.0515079197757,-11.615997843955391
2025_12_CLE_LV,2025,12,2025-11-23T16:05-05:00,-14.0,0.9762691684638103,1.1810114264514566,1.8842105263157896,2.6021325307879177,3.0367072081779467,3.0096907993203095,2.574845412633236,2.8389710052174113,3.308416770513052,2.421871354551083,3.044582084094987,3.7515441568452594,3.0367072081779467,1.5781151123335622
2025_12_JAX_ARI,2025,12,2025-11-23T16:05-05:00,-3.0,0.7430502803002099,0.35233163593772693,1.8842105263157896,0.8786637979970564,0.37596041884797227,0.2731413957498435,1.2148484990702184,0.15690137332886533,0.3159917951464738,0.9103446998566546,0.24098398020935496,-0.16829015429039373,0.37596041884797227,0.14995335306745705
2025_12_ATL_NO,2025,12,2025-11-23T16:25-05:00,-14.0,-0.7127077323581235,-0.7132795782614836,1.8842105263157896,-1.4990895124603556,-0.8161694820349183,-1.3118061125982403,-0.7732354476885952,-1.4828542572301655,-1.3791977057307139,-0.918670512935916,-1.250730468013471,-1.191700045590124,-0.8161694820349183,-1.9280166419579787
2025_12_PHI_DAL,2025,12,2025-11-23T16:25-05:00,3.0,-2.1435576361604305,-1.7735832448551294,1.8842105263157896,-1.094642415646776,-1.5695933836943663,-2.2884841338006474,-1.8246053458051261,-2.416346198194559,-2.7208551947001816,-2.5691951434725055,-2.2628946129069454,-1.7756021704925833,-1.5695933836943663,-2.803989185459914
2025_12_TB_LA,2025,12,2025-11-23T20:20-05:00,27.0,6.485026490684384,7.958987583054588,1.8842105263157896,6.831164786708474,6.326574026836202,5.665167222572279,5.2135667042989,5.4909294465800205,5.385777512038617,6.5610469589085065,5.702884493719601,5.09151601902601,6.326574026836202,5.3872531679820135
2025_12_CAR_SF,2025,12,2025-11-24T20:15-05:00,11.0,7.435058149013271,10.017914240635873,1.8842105263157896,10.927800374599538,9.664640765033646,9.313338659823248,8.687742880912342,9.350368546007637,8.654400228491859,9.144258032574482,9.260745571699475,9.07464094238864,9.664640765033646,8.81750314107889
2025_13_GB_DET,2025,13,2025-11-27T13:00-05:00,-7.0,4.824890518250544,-0.35942851456210656,1.8842105263157896,-0.20234822169064914,0.5215839775337767,0.9257295852007907,-0.4780045740706602,1.288258208467031,2.1189747436750554,-0.11849910614695158,0.9369633880475743,1.153972762937815,0.5215839775337767,2.523145172920127
2025_13_KC_DAL,2025,13,2025-11-27T16:30-05:00,3.0,-3.165997824519714,-3.8614400872853567,1.8842105263157896,-3.927264743220068,-3.2958452489625443,-3.9321385364883934,-2.8694353450866448,-3.9709469958393484,-5.309571348643189,-3.674586428786647,-3.891139903775553,-3.1107248474780684,-3.2958452489625443,-4.160604641614055
2025_13_CIN_BAL,2025,13,2025-11-27T20:20-05:00,-18.0,10.877957733869096,8.38426698969426,1.8842105263157896,7.637438082166433,8.032640846101677,7.994181907429023,6.670593070668437,8.022397395630048,8.6424279899012,8.346651352099792,7.995362955690912,8.191097016405147,8.032640846101677,7.641074173870518
2025_13_CHI_PHI,2025,13,2025-11-28T15:00-05:00,-9.0,6.793516918253962,5.810703842091284,1.8842105263157896,4.297009864193818,4.694385034309651,4.970745148481871,3.8603321872202176,4.923663336498611,6.539294115357645,5.598717414305541,4.978547625689604,4.466450143298396,4.694385034309651,4.6710668215257956
2025_13_ARI_TB,2025,13,2025-11-30T13:00-05:00,3.0,5.32825027496648,4.443391712380357,1.8842105263157896,5.216157734180233,4.1356390772587055,4.338623830988032,3.4772365583598233,4.668037759198017,4.2716821457720044,4.94050250473077,4.336831560835973,4.325633785270563,4.1356390772587055,3.6431192941562367
2025_13_ATL_NYJ,2025,13,2025-11-30T13:00-05:00,3.0,-0.4018916809332671,-2.5291953347840743,1.8842105263157896,-1.4386483312195928,-2.457987200495668,-2.767637151682966,-3.42737615971431,-2.8734991695510947,-1.4313085589769763,-2.0541576693608454,-2.762349924748138,-2.5466307815592657,-2.457987200495668,-3.6864648562414133
2025_13_HOU_IND,2025,13,2025-11-30T13:00-05:00,-4.0,4.205248701768643,2.5975775064705284,1.8842105263157896,0.9214846781900994,1.8735205984728158,1.3211577442132654,0.2863411847405084,1.212492790783044,1.4852577368491122,2.653437030036823,1.3265411998661572,1.4100756466521316,1.8735205984728158,1.3599155408562025
2025_13_JAX_TEN,2025,13,2025-11-30T13:00-05:00,-22.0,-5.095806317876578,-6.642597383336303,1.8842105263157896,-5.6701400259859565,-5.887865384658927,-5.77115770487743,-4.500192746625267,-5.848212630674728,-5.2001145077391,-5.676799827747851,-5.610076597099995,-6.412059352645935,-5.887865384658927,-5.583513343295291
2025_13_LA_CAR,2025,13,2025-11-30T13:00-05:00,3.0,-9.133090979318487,-12.184934247887137,1.8842105263157896,-12.993439834152028,-12.61845511450294,-12.320422795004303,-11.297152161772047,-12.325554682015765,-11.843877670629151,-11.474384061277387,-12.32003692792695,-11.885444370753493,-12.61845511450294,-11.381048042571035
2025_13_NO_MIA,2025,13,2025-11-30T13:00-05:00,4.0,6.951548336289366,8.703524188396992,1.8842105263157896,9.302050738293087,9.078970851897584,9.228507276412788,8.8027302317204,9.280846169622045,9.633654392524129,8.514772119852097,9.192808759310918,8.707620031791405,9.078970851897584,9.024395643401423
2025_13_SF_CLE,2025,13,2025-11-30T13:00-05:00,-18.0,-2.2057307350528896,-5.354931371987607,1.8842105263157896,-6.376734043347025,-5.355509617496434,-5.290733066675099,-3.7535794068124932,-5.0954737225453695,-4.971751662472629,-5.808496773410225,-5.637179276680667,-5.554810566636876,-5.355509617496434,-5.778521124409666
2025_13_MIN_SEA,2025,13,2025-11-30T16:05-05:00,26.0,9.523292951345056,10.141992703364716,1.8842105263157896,10.665759959700441,12.157052652821841,11.739666746573548,10.765982892941357,11.673769360808276,11.532446506397878,10.535330241678079,12.05208082775627,12.480975442765274,12.157052652821841,10.008865694641386
2025_13_BUF_PIT,2025,13,2025-11-30T16:25-05:00,-19.0,-0.5437296882748268,1.9616240456036962,1.8842105263157896,2.833438913643708,0.5013515743588829,-0.5644231320325952,-0.12382333612277352,-0.5793635662268687,-2.864539996197524,0.4684596777374578,-0.4512837466545405,-0.8847186794852648,0.5013515743588829,-1.8576640825921342
2025_13_LV_LAC,2025,13,2025-11-30T16:25-05:00,17.0,10.677696711969432,11.87487223489979,1.8842105263157896,12.628253413588753,12.15183631615852,11.563961619318839,10.864541559075494,11.557128794289017,11.565261114274065,11.529159153342542,11.514135737976282,11.438236044484842,12.15183631615852,11.044836401041486
2025_13_DEN_WAS,2025,13,2025-11-30T20:20-05:00,-1.0,-4.458865859692608,-5.572867367749055,1.8842105263157896,-4.705367612797931,-5.839211524133414,-5.574649194348899,-4.861802332596737,-5.688654737898879,-5.215738828692152,-4.918827827344324,-5.5927939531570905,-5.526511791723847,-5.839211524133414,-5.344099485383062
2025_13_NYG_NE,2025,13,2025-12-01T20:15-05:00,18.0,8.606472070988332,6.240958826869834,1.8842105263157896,5.964483655496847,7.0970181771227825,7.240900478127271,6.461696235282871,7.207543529679768,6.283028350949552,6.823957065446301,7.242360906699383,8.121659234766547,7.0970181771227825,8.098895074738746
2025_14_DAL_DET,2025,14,2025-12-04T20:15-05:00,14.0,7.231772863095937,3.9962934046069436,1.8842105263157896,3.2328910054371756,4.774940385544279,5.617167596799447,5.23293874192828,5.897767482056498,6.434928943259765,4.239027256818241,5.582148001527475,5.074978386544263,4.774940385544279,7.3680775164373875
2025_14_CIN_BUF,2025,14,2025-12-07T13:00-05:00,5.0,10.620270742377304,5.615335722993704,1.8842105263157896,4.627731865313463,5.082543918881984,5.3065058348565834,3.837301320653088,5.125461998213508,7.120202395849555,6.516859243447417,5.491033147656973,5.469528279193401,5.082543918881984,6.165992006203043
2025_14_IND_JAX,2025,14,2025-12-07T13:00-05:00,17.0,0.4653230220935165,-2.354826996872126,1.8842105263157896,-2.7043986767015964,-3.215863631933791,-2.9111823159223915,-2.7007547500613684,-2.9496237381729147,-2.1546863958621283,-3.0713934719148814,-2.9003558061304497,-2.615373301696832,-3.215863631933791,-1.440319104636553
2025_14_MIA_NYJ,2025,14,2025-12-07T13:00-05:00,-24.0,0.8288695565734696,-3.689281256486667,1.8842105263157896,-2.8164574498319146,-4.524397247890349,-4.838550918302038,-6.159669963342397,-4.8654903122276005,-3.5762301645427073,-3.208977213365424,-4.733909580774785,-4.120153489611198,-4.524397247890349,-4.459078145488654
2025_14_NO_TB,2025,14,2025-12-07T13:00-05:00,-4.0,8.889271944627357,9.4199804229875,1.8842105263157896,11.862996384690913,11.733912612766064,11.930566406214343,10.807159571286707,12.281330311927654,11.813536505314033,10.254690884896284,11.932084366796989,11.610439048505238,11.733912612766064,11.035708411599998
2025_14_PIT_BAL,2025,14,2025-12-07T13:00-05:00,-5.0,5.569857226525393,4.466948525237526,1.8842105263157896,3.920939478135097,6.076723651677392,6.543207773905596,6.267380728144591,6.706129120703795,7.10684672140107,4.8628718017507575,6.562240416050809,6.8506173337157605,6.076723651677392,5.997650181873874
2025_14_SEA_ATL,2025,14,2025-12-07T13:00-05:00,-28.0,-5.875305211724768,-3.802251454853936,1.8842105263157896,-3.4868182995433195,-5.426268647445504,-5.115573345565073,-1.9239401943144459,-5.180975727905744,-5.905455686881453,-4.730358665246577,-5.118402193868668,-5.485443719516666,-5.426268647445504,-4.3305408247383035
2025_14_TEN_CLE,2025,14,2025-12-07T13:00-05:00,-2.0,6.804897865360749,2.6421885129483123,1.8842105263157896,4.048282038380012,4.4369618460835785,4.311903341476187,4.628986333694882,4.491497011510326,3.7782651187544944,4.022332881414738,4.344759178045238,4.065885223800062,4.4369618460835785,5.115786495724268
2025_14_WAS_MIN,2025,14,2025-12-07T13:00-05:00,31.0,2.6072636614124503,-1.460448394034867,1.8842105263157896,-4.014940569245171,-3.104572702500085,-3.332931166428749,-4.602950234875584,-3.2115274662593354,-3.20230032824266,-1.2157485740891458,-3.3061770267283075,-3.7250110291200293,-3.104572702500085,-2.9580687684059175
2025_14_DEN_LV,2025,14,2025-12-07T16:05-05:00,-7.0,-9.007021128804368,-11.863609592792443,1.8842105263157896,-11.781615700220726,-11.464363158105577,-11.1183069689589,-9.61041341370616,-11.092314261056572,-11.084695445859394,-11.863462124474456,-11.038801208307772,-10.96354519035511,-11.464363158105577,-10.236566347707988
2025_14_CHI_GB,2025,14,2025-12-07T16:25-05:00,7.0,6.380044918070504,7.594635228791951,1.8842105263157896,5.602714181020656,6.218869845822,6.309783021780734,6.069893669713993,6.133462814384709,7.698380902672015,6.796558418708134,6.322520713721783,5.577633721784164,6.218869845822,6.167666647446124
2025_14_LA_ARI,2025,14,2025-12-07T16:25-05:00,-28.0,-6.228676171579494,-9.751846543043067,1.8842105263157896,-9.624437664062912,-9.676325835421446,-9.577122548184374,-8.072991537370207,-9.704244584464302,-9.174409789291023,-9.097215015898373,-9.556170003497762,-9.10378073894357,-9.676325835421446,-8.57560849318921
2025_14_HOU_KC,2025,14,2025-12-07T20:20-05:00,-10.0,5.210070560860231,4.883956374378508,1.8842105263157896,4.1258605328711155,3.5986097892286173,3.762320413573928,2.563882626843729,3.6581493632610855,5.637693693774747,4.277101309787297,3.7491569687768758,3.2885813098852053,3.5986097892286173,4.513158948543945
2025_14_PHI_LAC,2025,14,2025-12-08T20:15-05:00,3.0,0.9854825653527008,-0.6717223799240918,1.8842105263157896,-1.444801587292904,-1.846883917429675,-2.4116583244052476,-1.8364647217525762,-2.4792312863594494,-3.23151104231198,-0.8666941952417409,-2.3528788855262976,-2.181687189656725,-1.846883917429675,-2.50636286165747
2025_15_ATL_TB,2025,15,2025-12-11T20:15-05:00,-1.0,4.693282977567598,2.978078617597779,1.8842105263157896,4.105064404729944,5.314579413240766,5.277571151430817,4.926341880463916,5.489180341584343,4.602825166914882,3.441181942471517,5.288488937795747,5.175069201208583,5.314579413240766,6.141549149063707
2025_15_ARI_HOU,2025,15,2025-12-14T13:00-05:00,20.0,10.112573890749246,10.126936040511282,1.8842105263157896,10.987258965826435,10.897388832386264,10.770718956848718,9.702269632722196,10.929492442462154,10.344679591803887,9.87028264020118,10.774702888386317,10.900159089492774,10.897388832386264,9.5577538192312
2025_15_BAL_CIN,2025,15,2025-12-14T13:00-05:00,-24.0,-1.6636981362013925,-0.9134716996194969,1.8842105263157896,-0.7751384577605568,-0.9380286905003792,-1.013641034829264,-0.1272688159033677,-1.1360433013645879,-1.4028800868806282,-0.8249597290644304,-1.015241142066131,-1.0272325221693908,-0.9380286905003792,-0.7915767886922986
2025_15_BUF_NE,2025,15,2025-12-14T13:00-05:00,-4.0,0.9675162745557939,0.13690085028580545,1.8842105263157896,-0.8769357109605741,-0.6547561825510186,-1.5379200658321523,-1.471146865190119,-1.4984906700322191,-1.973255428770398,-1.1285536297347263,-1.5557021774397919,-0.7223392498735708,-0.6547561825510186,-1.353018762797987
2025_15_CLE_CHI,2025,15,2025-12-14T13:00-05:00,28.0,8.77016720952577,12.49447034717229,1.8842105263157896,11.719053687887149,11.321446755573918,10.87946937152331,8.564098752579943,10.947566148209283,10.018716035878217,11.559039140175267,10.85596057694916,11.95589274052577,11.321446755573918,8.59074847777481
2025_15_LAC_KC,2025,15,2025-12-14T13:00-05:00,-3.0,5.238711100797651,5.966775691841243,1.8842105263157896,6.217151752428897,5.181246418514845,5.349464249766413,3.8694941203157223,5.463940503411234,6.912726406832439,5.170638776955211,5.327814114365525,4.764412569729116,5.181246418514845,5.33529269547752
2025_15_LV_PHI,2025,15,2025-12-14T13:00-05:00,31.0,12.838944247562441,13.417436036051955,1.8842105263157896,14.172505991351805,13.997181703774409,13.77690815347189,12.777379233039078,13.912949834073718,12.87561824505833,13.489056662816697,13.711350162737677,13.747122730023197,13.997181703774409,13.07238215701556
2025_15_NYJ_JAX,2025,15,2025-12-14T13:00-05:00,28.0,10.224277359110996,12.166704773856994,1.8842105263157896,12.977626928436479,13.18362486872766,12.747466541002023,12.519100828197796,12.72919983922961,11.765255053789353,11.821036515786144,12.756118329721819,13.074580013526734,13.18362486872766,11.730726619470062
2025_15_WAS_NYG,2025,15,2025-12-14T13:00-05:00,-8.0,2.4928151562219742,3.061618509361009,1.8842105263157896,1.8171972906787404,2.37907710003273,1.6433989011927177,2.422342301679788,1.5838037360291652,2.606687802565499,1.993643101517406,1.6566183530163618,1.208461031917238,2.37907710003273,1.3992380443998298
2025_15_CAR_NO,2025,15,2025-12-14T16:25-05:00,3.0,0.6408873457824238,-2.169398875064309,1.8842105263157896,-2.1090166782101187,-2.0254552159958688,-2.1893092252554616,-1.507942173028244,-2.1964850822458395,-2.7631714128214524,-2.877875933030837,-2.1529847707066914,-1.8859389427847197,-2.0254552159958688,-1.7884153148264819
2025_15_DET_LA,2025,15,2025-12-14T16:25-05:00,7.0,4.548495264512547,6.052058696861597,1.8842105263157896,6.0038162794798415,5.005864183091492,3.982757536001943,4.083145379658289,3.753748122440819,2.4509695032588796,4.823334700773021,4.052279915185737,3.585454851692862,5.005864183091492,3.10734086416637
2025_15_GB_DEN,2025,15,2025-12-14T16:25-05:00,8.0,1.2138827356233777,-1.5000673285529347,1.8842105263157896,-1.0981093246873879,-1.2193168684532052,-1.560137954252725,-1.7109286746604724,-1.5366779330398277,-1.693096146455136,-1.4920007533135335,-1.5245113131869676,-1.301203094395559,-1.2193168684532052,-1.2468592362435094
2025_15_IND_SEA,2025,15,2025-12-14T16:25-05:00,2.0,8.988160350186538,4.6845506658618365,1.8842105263157896,4.288049441521962,8.430123505450219,8.771639626174899,7.313687580051036,8.82987327253397,9.58529181957581,7.166871965305665,8.776469204073713,9.221881898920262,8.430123505450219,8.450170042742094
2025_15_TEN_SF,2025,15,2025-12-14T16:25-05:00,13.0,13.219401650253648,16.05467556410838,1.8842105263157896,15.194317289849366,14.387588186229255,14.074839525823288,12.528379684295997,14.136091152606312,13.588688525963999,14.951452753725027,14.171040684280735,14.183650696052723,14.387588186229255,14.200074865713452
2025_15_MIN_DAL,2025,15,2025-12-14T20:20-05:00,-8.0,3.7336334100470694,4.234001245394625,1.8842105263157896,6.685147906739147,6.316014935250571,5.800008657837356,5.371576895339024,5.785844176834606,7.0884876131832755,3.6489053015906716,5.810102581964105,6.420772230218346,6.316014935250571,5.678734673462948
2025_15_MIA_PIT,2025,15,2025-12-15T20:15-05:00,13.0,3.4366095316761305,0.9966559452610295,1.8842105263157896,2.6252555491186467,0.5233787301298793,-0.035546238525133056,-1.3198559812060922,-0.031243450676635476,0.4815549610640062,0.947015373346459,-0.02833670358225171,-0.40484674939810406,0.5233787301298793,0.9461048688494533
2025_16_LA_SEA,2025,16,2025-12-18T20:15-05:00,1.0,2.257688519026585,-2.1990488238477504,1.8842105263157896,-2.5842769181606475,-1.2283222094658326,-1.1496202468493026,-1.8140476216569008,-1.1073179641365867,-0.9270413187486028,-1.0179873494352638,-1.1419745058467536,-0.3313960015570827,-1.2283222094658326,-0.8827633694514476
2025_16_PHI_WAS,2025,16,2025-12-20T17:00-05:00,-11.0,-4.997603728873287,-7.3868157144078985,1.8842105263157896,-6.747680968712629,-7.645738563761881,-7.652463505430859,-7.754876248823393,-7.6213846792931745,-7.044426971923834,-7.566792734592834,-7.655797453143721,-7.630275164645811,-7.645738563761881,-6.641181632822734
2025_16_GB_CHI,2025,16,2025-12-20T20:20-05:00,6.0,0.47815807375388575,-1.5903630003956133,1.8842105263157896,-0.042433703156369296,-0.5994930567662495,-0.9099091068907614,-0.10494825421101917,-0.8605116295706798,-2.3644443005144717,-1.0662612177955637,-0.8832561066454249,-0.1696864862440841,-0.5994930567662495,-1.1055955076603103
2025_16_BUF_CLE,2025,16,2025-12-21T13:00-05:00,-3.0,-9.5231800513142,-15.047315241090898,1.8842105263157896,-12.099503901084372,-12.399332846344693,-13.052149822904664,-10.632875049834801,-12.93752434968139,-14.197683864613346,-13.057015422735734,-13.257505023667576,-13.402180669981977,-12.399332846344693,-12.40105445330294
2025_16_CIN_MIA,2025,16,2025-12-21T13:00-05:00,-24.0,5.025455676854388,4.99652594034162,1.8842105263157896,0.6216429241281918,-0.04977415427041931,-0.41579860521858514,-0.03917059861204841,-0.67309996726355,-0.7572150323461302,4.263641002359924,-0.3678825604434983,-0.35270645690131275,-0.04977415427041931,-0.9506325503004183
2025_16_KC_TEN,2025,16,2025-12-21T13:00-05:00,17.0,-9.466240424163038,-9.108487785240712,1.8842105263157896,-6.147040782160915,-5.179906516082484,-5.3239749380830474,-2.1129748057701048,-5.272669527255127,-6.914562037245581,-7.904035999635692,-5.312622842189491,-5.012709496803869,-5.179906516082484,-6.129826822333349
2025_16_LAC_DAL,2025,16,2025-12-21T13:00-05:00,-17.0,-0.36717463156074803,0.13552366555200757,1.8842105263157896,-0.3909598178802024,-0.7615284167328087,-1.049430481682459,-1.473433914818472,-1.014014928605798,-0.3290860713390144,-0.05905363042668865,-1.070559694471382,-0.906798851962846,-0.7615284167328087,-1.1721871516972706
2025_16_MIN_NYG,2025,16,2025-12-21T13:00-05:00,-3.0,-2.281432147660655,0.6604930944173917,1.8842105263157896,2.4483872722025404,2.2715641108395768,1.7465399279412677,4.0205546293063295,1.719758379481974,1.8156381992662722,-0.5928322570105777,1.76655620447562,1.5893301536457045,2.2715641108395768,0.9558738843730183
2025_16_NYJ_NO,2025,16,2025-12-21T13:00-05:00,23.0,4.139122400560614,4.417857786159645,1.8842105263157896,2.7985277727891,4.193299734717716,3.976337560037729,5.559870972355584,3.7658752511002604,2.4086316161089028,3.854784627819294,3.985411884149317,3.9910632097912795,4.193299734717716,4.876552906610556
2025_16_TB_CAR,2025,16,2025-12-21T13:00-05:00,3.0,0.15329427553557284,-0.7491363504084977,1.8842105263157896,-3.120132664422898,-2.8883722664593554,-3.597425162990165,-3.003289327068364,-3.9863155302095707,-3.508827151846216,-1.4843281292387402,-3.604406670295269,-3.5593406519048885,-2.8883722664593554,-2.973901706494173
2025_16_ATL_ARI,2025,16,2025-12-21T16:05-05:00,-7.0,0.5124124581817657,-1.0370098345670316,1.8842105263157896,-0.9402542114148269,-0.4861500102675884,-1.106377530698888,-1.4783552053913775,-1.181915137390117,-0.7217486393781879,-1.1290332861034802,-1.0775701406689917,-1.2920461470491056,-0.4861500102675884,-1.2341413309075888
2025_16_JAX_DEN,2025,16,2025-12-21T16:05-05:00,-14.0,2.905862104191263,2.618340061539044,1.8842105263157896,2.974760277278806,3.2965760509940463,3.229981683755266,3.1964250342031475,3.230034205738532,3.9780333757631654,2.565513232101507,3.247959721630422,2.770785955284208,3.2965760509940463,2.8834189572975153
2025_16_LV_HOU,2025,16,2025-12-21T16:25-05:00,2.0,16.04039169180531,15.226178672351734,1.8842105263157896,16.01767965949624,15.213147155594381,14.657934534504793,13.46469497485252,14.645630865509297,14.056537797625204,14.866449909835081,14.618753763560335,14.621717979238337,15.213147155594381,15.249295963232544
2025_16_PIT_DET,2025,16,2025-12-21T16:25-05:00,-5.0,7.243897360164855,5.724946550911151,1.8842105263157896,3.9822154746469995,6.755339259119321,7.570213279038802,6.001120534012214,7.847572232406547,9.601689680372619,6.40254885995976,7.547699465468018,8.047373013832864,6.755339259119321,6.666324602836311
2025_16_NE_BAL,2025,16,2025-12-21T20:20-05:00,-4.0,2.791515451216574,2.110509983812405,1.8842105263157896,3.655385574289908,2.9934020973229174,3.2733477031716225,3.4320682983550017,3.546388003010974,3.0635957498760362,1.865566171590138,3.3101939988030367,2.443987254716728,2.9934020973229174,3.2092970648360986
2025_16_SF_IND,2025,16,2025-12-22T20:15-05:00,-21.0,2.5868097346358976,0.5873820010933439,1.8842105263157896,0.5183326187263566,-1.4249782831645783,-2.027358669008034,-2.716452148458168,-2.008867699284745,-2.388611483804355,-0.9259097409773567,-1.9384662329367082,-1.865266106903357,-1.4249782831645783,-2.3817572768449353
2025_17_DAL_WAS,2025,17,2025-12-25T13:00-05:00,-7.0,0.6233687533090997,-2.13723371656301,1.8842105263157896,-3.0574228330206545,-4.273873446939137,-3.9604161046592132,-3.628953532683327,-3.8997671249230623,-4.353140945873921,-1.6346587416617577,-3.9430471485033847,-4.274669611110685,-4.273873446939137,-3.279302979858455
2025_17_DET_MIN,2025,17,2025-12-25T16:30-05:00,13.0,-2.444570091825712,-5.646667280654944,1.8842105263157896,-8.502134864286655,-9.291946639708137,-10.01089758626675,-9.274555159784878,-10.357199878597044,-11.318744892510452,-6.0068515884738085,-9.908704336949834,-10.06983270595714,-9.291946639708137,-9.335686077085581
2025_17_DEN_KC,2025,17,2025-12-25T20:15-05:00,-7.0,1.8004250998524483,2.63883453838378,1.8842105263157896,-0.4668813490423784,-1.4900020023404228,-1.5200639238487934,-2.2211508840609295,-1.4623410720633059,-1.5603546406281397,1.7173272344155754,-1.529234589880188,-2.0222915204185834,-1.4900020023404228,-2.606750361592378
2025_17_HOU_LAC,2025,17,2025-12-27T16:30-05:00,-4.0,2.3666865298179065,1.0350823213604488,1.8842105263157896,0.8593509399383765,1.137669110898658,1.0207033696715444,1.1933005851851215,0.8700396393282885,0.6105813028588372,1.0913202780674327,1.0262996872379966,1.2771323669483592,1.137669110898658,1.4620815970400145
2025_17_BAL_GB,2025,17,2025-12-27T20:00-05:00,-17.0,3.7346252328126033,1.7544640881223303,1.8842105263157896,0.8835144622379407,-0.03627144056821496,-0.3499752714875606,-0.4646362046162875,-0.45897097244849117,-0.6045136862816558,2.6979980140044164,-0.35353357952999864,-0.4027197284004207,-0.03627144056821496,0.7470287982410464
2025_17_ARI_CIN,2025,17,2025-12-28T13:00-05:00,23.0,5.160834805518872,5.640167453149981,1.8842105263157896,6.708640855895519,6.858052640432349,7.2660667189612465,6.9379944006829,7.429053844751596,7.38901926640386,5.880673606048242,7.232587273205485,7.134222019322676,6.858052640432349,6.859715081657184
2025_17_JAX_IND,2025,17,2025-12-28T13:00-05:00,-6.0,-1.5225313983965183,0.22169481494197485,1.8842105263157896,0.6836666174991963,-1.6869062959133485,-2.142972866899274,-1.9042070015726686,-2.08217984479311,-3.089574839306462,-1.816703423839424,-2.1126955422610116,-2.696984863513402,-1.6869062959133485,-2.66196087211822
2025_17_NE_NYJ,2025,17,2025-12-28T13:00-05:00,-32.0,-9.057711843298543,-9.109636161290952,1.8842105263157896,-7.740458125522257,-9.439965606195129,-9.073396115848528,-7.657614850698511,-9.089158138956764,-8.619577459330095,-9.08709054574842,-9.017314593510203,-9.410573028921249,-9.439965606195129,-10.762318358665743
2025_17_NO_TEN,2025,17,2025-12-28T13:00-05:00,-8.0,-0.6909453432078934,-0.8048261859307135,1.8842105263157896,0.2826181525212237,-0.1493882841150539,-0.27919027096446136,-0.44472859316342916,-0.10304816599349675,-0.28547851717386274,0.04292563898631052,-0.310363750162129,-0.7325073815248884,-0.1493882841150539,-0.9055015151048911
2025_17_PIT_CLE,2025,17,2025-12-28T13:00-05:00,7.0,-5.699013776644705,-7.500209364457582,1.8842105263157896,-10.334108295540998,-8.421335155572017,-8.196160679944008,-6.7361452574631855,-8.098685897271679,-7.486130243256159,-8.287152901114757,-8.162777342874367,-8.169795822427371,-8.421335155572017,-8.86191480504236
2025_17_SEA_CAR,2025,17,2025-12-28T13:00-05:00,-17.0,-8.623782587413352,-4.678302950112032,1.8842105263157896,-5.169171067183176,-6.042027547013914,-6.024969896004412,-2.0543304026380884,-6.31661739090877,-6.816364974156,-5.223137971280707,-6.02370670240782,-6.477074406142754,-6.042027547013914,-6.743011470145452
2025_17_TB_MIA,2025,17,2025-12-28T13:00-05:00,3.0,1.0094844045937665,1.6971579193982875,1.8842105263157896,-1.9490998690462842,-2.490807776645711,-3.1674685367435567,-2.4596028967218966,-3.452313280013265,-3.231387045027161,0.34697666688907014,-3.171093815460898,-3.3713137482080713,-2.490807776645711,-3.2639614667366903
2025_17_NYG_LV,2025,17,2025-12-28T16:05-05:00,-24.0,-0.37746979853261653,-0.573161066806426,1.8842105263157896,-0.39889260673899585,0.019075707121330276,0.4055551393884457,0.11241301098229406,0.42970070753536405,0.3128695092469639,0.6259279260624069,0.4320796958804407,0.8861101081489932,0.019075707121330276,-1.4209331761237198
2025_17_PHI_BUF,2025,17,2025-12-28T16:25-05:00,-1.0,2.6893807728249453,1.1327960590950301,1.8842105263157896,1.3060868876681868,1.7619490366733408,2.075911972432793,1.8440984302070307,2.122815984530997,3.1208842592509463,1.752688063228008,2.0699146681055565,1.7461235718938402,1.7619490366733408,2.7004242812411645
2025_17_CHI_SF,2025,17,2025-12-28T20:20-05:00,4.0,3.5922405276481926,5.879632976564321,1.8842105263157896,4.137237075617329,3.510916731468652,3.498547698071576,3.2511808979899186,3.3710259409458425,4.436077345211753,4.743291928562267,3.445184870139547,2.867318785973851,3.510916731468652,3.1695194591392513
2025_17_LA_ATL,2025,17,2025-12-29T20:15-05:00,3.0,-7.697404147679984,-8.227099842082959,1.8842105263157896,-7.76834326928614,-8.590631298143496,-8.040159325887593,-5.707349867696248,-8.133935783934076,-8.28878861222875,-7.619107227256644,-8.03515030228547,-7.574335227962582,-8.590631298143496,-8.884265539870778
2025_18_CAR_TB,2025,18,2026-01-03T16:30-05:00,2.0,4.8986275020832935,3.219278613821438,1.8842105263157896,5.365169809549446,4.8880225254250975,5.3254800471055805,5.093724891581403,5.490652490600754,5.505848429323824,3.9843220640924364,5.3297446228231165,5.236318009475433,4.8880225254250975,5.816302263128511
2025_18_SEA_SF,2025,18,2026-01-03T20:00-05:00,-10.0,-2.0300537388850746,2.8068106039961096,1.8842105263157896,2.8801121342368883,0.8703669500028863,0.8468688415720647,2.974904891483205,0.6745495230445813,0.7981826682288826,1.8300045535356784,0.7798301859107002,0.31546485278571135,0.8703669500028863,0.7769606272424396
2025_18_CLE_CIN,2025,18,2026-01-04T13:00-05:00,-2.0,6.769659052190974,10.0996242950447,1.8842105263157896,13.173220811095725,12.806633153944723,12.902412518888294,12.884476819591573,12.894438603861962,11.951557088409551,11.179112129163018,12.983285895001814,13.074463389736824,12.806633153944723,11.752092281410047
2025_18_DAL_NYG,2025,18,2026-01-04T13:00-05:00,17.0,0.36679611100864706,-0.8181825530238827,1.8842105263157896,-1.3784483679808441,-1.215515731181597,-1.620940663711787,0.1381534129883022,-1.555624442199256,-3.009393171497155,-1.9566960655505266,-1.609487370595835,-2.1795596302494893,-1.215515731181597,-0.654538179205657
2025_18_GB_MIN,2025,18,2026-01-04T13:00-05:00,13.0,1.0469917918200524,-2.5464472344459868,1.8842105263157896,0.8903505561700908,1.621204343219714,1.5921248640352617,2.4333478264061403,1.8518755210443216,-0.06768231069394198,-2.740038108944886,1.3667997420781985,1.9204504343365771,1.621204343219714,2.517671506726282
2025_18_IND_HOU,2025,18,2026-01-04T13:00-05:00,8.0,5.8841218588051785,2.3714250573541227,1.8842105263157896,6.812931692944703,7.051243150942483,7.309405524646326,8.280853132085804,7.392604867365998,7.547017260393771,4.0468376159041926,7.319130722557451,7.358675600788752,7.051243150942483,8.220985607648604
2025_18_NO_ATL,2025,18,2026-01-04T13:00-05:00,2.0,4.415652275839177,4.516531939740744,1.8842105263157896,4.6189991762239915,3.6968357301871064,3.959036567129696,3.075759871180952,4.167667308883788,3.9665923629989117,4.685996520647026,3.93930309275292,3.7765425646575723,3.6968357301871064,3.7321372399109443
2025_18_TEN_JAX,2025,18,2026-01-04T13:00-05:00,34.0,15.179821780127686,15.190774653020425,1.8842105263157896,13.852140434576743,13.972700332601846,13.539919197618868,11.419467462853708,13.441404410385752,13.819421127468159,14.602409937925888,13.579245899451365,14.165990759839381,13.972700332601846,12.57500895415166
2025_18_ARI_LA,2025,18,2026-01-04T16:25-05:00,17.0,16.34748563673557,12.731405673444105,1.8842105263157896,12.186622765216601,12.591639427107399,12.314098148550109,9.233321898013944,12.463725378919227,13.229812851794714,12.087048483869541,12.308688558438105,12.06746097501945,12.591639427107399,13.92501860944053
2025_18_DET_CHI,2025,18,2026-01-04T16:25-05:00,-3.0,1.6009760323925089,4.339354422444951,1.8842105263157896,5.354993210026437,3.955500920646414,2.918464824687835,3.7879991449214567,2.8159488641296524,-0.3563370821099978,4.734012063182499,2.9421814300973965,3.6425413579577652,3.955500920646414,1.0990329780581547
2025_18_KC_LV,2025,18,2026-01-04T16:25-05:00,2.0,-8.396430118408547,-11.304329737203012,1.8842105263157896,-8.21086491783659,-7.848190899942581,-7.7287819795236565,-5.024941652677796,-7.859677367325624,-7.545835982972618,-10.29312387515521,-7.68441809391614,-7.261856693305216,-7.848190899942581,-7.203462855330011
2025_18_LAC_DEN,2025,18,2026-01-04T16:25-05:00,16.0,3.092550805417887,4.613420231070865,1.8842105263157896,5.532533176729684,6.955717579306427,6.832073311928975,6.819143836164136,6.917018898130523,7.5416712018848795,4.114645630300426,6.815639140004337,6.703155379976728,6.955717579306427,5.953019644756505
2025_18_MIA_NE,2025,18,2026-01-04T16:25-05:00,28.0,10.206801997316207,7.7270164202358895,1.8842105263157896,8.979491499044682,9.88989701196764,9.361015763210197,7.448043599244092,9.39479103559325,10.325765082776643,8.048879441025036,9.329271929374661,10.210494733010183,9.88989701196764,8.974076174949834
2025_18_NYJ_BUF,2025,18,2026-01-04T16:25-05:00,27.0,16.56001728927444,17.00037241980926,1.8842105263157896,18.157178623092072,17.34248144931687,17.45762950819166,16.864026750581395,17.374333642871214,18.13439260711264,18.460627385136057,17.47627647758931,16.983240474694245,17.34248144931687,16.336766361208547
2025_18_WAS_PHI,2025,18,2026-01-04T16:25-05:00,-7.0,11.746419384002346,10.222862614539839,1.8842105263157896,9.494811183748569,9.50474399414227,9.28822842639738,8.811238017438843,9.267839578535177,8.741414542631547,9.790358776770924,9.183742586160559,9.307788054972354,9.50474399414227,10.008512295169842
2025_18_BAL_PIT,2025,18,2026-01-04T20:20-05:00,2.0,-0.7918944298170394,0.2398162089174265,1.8842105263157896,0.6901751220954195,-0.9358487796861199,-1.5293412195373186,-0.34713359671938115,-1.651039333227947,-2.072468965163023,-0.13952804899787452,-1.460595615198725,-1.9145219112666267,-0.9358487796861199,-1.9636892410692406
