game_id,season,week,kickoff,home_team,away_team,actual_margin,with_availability,zero_observed_availability,saved_corrected,replay_error,offense_availability,defense_availability
2018_01_ATL_PHI,2018,1,2018-09-06T20:20-04:00,PHI,ATL,6.0,0.06772435725149073,0.06772435725149073,0.06772435725149073,0.0,,
2018_01_BUF_BAL,2018,1,2018-09-09T13:00-04:00,BAL,BUF,44.0,7.881200319634855,7.881200319634855,7.881200319634855,0.0,,
2018_01_CIN_IND,2018,1,2018-09-09T13:00-04:00,IND,CIN,-11.0,0.7573062427143018,0.9872254772156048,0.7573062427143018,0.0,-0.6748898596176822,0.0
2018_01_HOU_NE,2018,1,2018-09-09T13:00-04:00,NE,HOU,7.0,12.461658787149602,12.461658787149602,12.461658787149602,0.0,,
2018_01_JAX_NYG,2018,1,2018-09-09T13:00-04:00,NYG,JAX,-5.0,-1.8790768874696264,-1.8790768874696264,-1.8790768874696264,0.0,,
2018_01_PIT_CLE,2018,1,2018-09-09T13:00-04:00,CLE,PIT,0.0,-5.862199463741618,-5.583299777058806,-5.862199463741618,0.0,0.43829588014981274,-1.5135135135135136
2018_01_SF_MIN,2018,1,2018-09-09T13:00-04:00,MIN,SF,8.0,5.403794112143007,5.403794112143007,5.403794112143007,0.0,,
2018_01_TB_NO,2018,1,2018-09-09T13:00-04:00,NO,TB,-8.0,6.387973193359612,6.387973193359612,6.387973193359612,0.0,,
2018_01_TEN_MIA,2018,1,2018-09-09T13:00-04:00,MIA,TEN,7.0,-0.3586498879785497,-0.3586498879785497,-0.3586498879785497,0.0,,
2018_01_KC_LAC,2018,1,2018-09-09T16:05-04:00,LAC,KC,-10.0,5.089201361822491,5.13099769192147,5.089201361822491,0.0,0.0,-0.14772727272727282
2018_01_DAL_CAR,2018,1,2018-09-09T16:25-04:00,CAR,DAL,8.0,1.9980657826982968,1.6567560488925865,1.9980657826982968,0.0,-0.34412428204633505,1.620706412231836
2018_01_SEA_DEN,2018,1,2018-09-09T16:25-04:00,DEN,SEA,3.0,-1.7032795578615216,-2.2725294927093977,-1.7032795578615216,0.0,0.946969696969697,0.8717361680804099
2018_01_WAS_ARI,2018,1,2018-09-09T16:25-04:00,ARI,WAS,-18.0,0.6413884851490641,0.6413884851490641,0.6413884851490641,0.0,,
2018_01_CHI_GB,2018,1,2018-09-09T20:20-04:00,GB,CHI,1.0,2.479916336277051,2.479916336277051,2.479916336277051,0.0,,
2018_01_NYJ_DET,2018,1,2018-09-10T19:10-04:00,DET,NYJ,-31.0,11.235244786894564,10.645647460767567,11.235244786894564,0.0,0.5997316768014408,1.361764705882353
2018_01_LA_OAK,2018,1,2018-09-10T22:20-04:00,LV,LAR,-20.0,-2.4179795565994526,-2.2790037174752875,-2.4179795565994526,0.0,-0.35290425666006775,-0.06626959247648906
2018_02_BAL_CIN,2018,2,2018-09-13T20:20-04:00,CIN,BAL,11.0,-0.3555267730207681,-0.6537302780769629,-0.3555267730207681,0.0,0.07500000000000001,0.9636790526745611
2018_02_CAR_ATL,2018,2,2018-09-16T13:00-04:00,ATL,CAR,7.0,3.7519458450201375,3.679309095952267,3.7519458450201375,0.0,0.21321315499257332,0.0
2018_02_CLE_NO,2018,2,2018-09-16T13:00-04:00,NO,CLE,3.0,8.278476901433185,7.757510624045359,8.278476901433185,0.0,1.2980857184247014,0.2782986111111112
2018_02_HOU_TEN,2018,2,2018-09-16T13:00-04:00,TEN,HOU,3.0,3.179441262939429,3.589190372327195,3.179441262939429,0.0,-1.9083353123964244,0.8495990854666932
2018_02_IND_WAS,2018,2,2018-09-16T13:00-04:00,WAS,IND,-12.0,6.336766571259867,5.88206851277402,6.336766571259867,0.0,0.5299862309679235,0.9689501853878298
2018_02_KC_PIT,2018,2,2018-09-16T13:00-04:00,PIT,KC,-5.0,-0.8805779503836155,-0.26391550953615095,-0.8805779503836155,0.0,-1.0960714285714286,-0.8597791881833314
2018_02_LAC_BUF,2018,2,2018-09-16T13:00-04:00,BUF,LAC,-11.0,-4.752591004152793,-4.944141207853475,-4.752591004152793,0.0,0.7830260527718551,-0.265821137873712
2018_02_MIA_NYJ,2018,2,2018-09-16T13:00-04:00,NYJ,MIA,-8.0,1.0050446874520107,1.223295670103401,1.0050446874520107,0.0,0.24555984555984559,-1.0670786337389382
2018_02_MIN_GB,2018,2,2018-09-16T13:00-04:00,GB,MIN,0.0,-5.512318075631031,-5.356673994931436,-5.512318075631031,0.0,0.10707357859531774,-0.6790450928381964
2018_02_PHI_TB,2018,2,2018-09-16T13:00-04:00,TB,PHI,6.0,1.1405854296404196,0.8757247760906335,1.1405854296404196,0.0,1.815435234760266,-1.2498393034212643
2018_02_ARI_LA,2018,2,2018-09-16T16:05-04:00,LAR,ARI,34.0,8.614021911666903,8.072102383878729,8.614021911666903,0.0,0.9846396641481904,0.7297794024010031
2018_02_DET_SF,2018,2,2018-09-16T16:05-04:00,SF,DET,3.0,0.19484487112565874,0.7592080786776134,0.19484487112565874,0.0,-1.1468257098747143,-0.6138163061326479
2018_02_NE_JAX,2018,2,2018-09-16T16:25-04:00,JAX,NE,11.0,-1.745755682178199,-1.6329921163834278,-1.745755682178199,0.0,-0.1381862458601208,-0.23216684723726982
2018_02_OAK_DEN,2018,2,2018-09-16T16:25-04:00,DEN,LV,1.0,2.9165838708163516,2.6570782423726356,2.9165838708163516,0.0,0.3398989898989899,0.5079365079365079
2018_02_NYG_DAL,2018,2,2018-09-16T20:20-04:00,DAL,NYG,7.0,4.810076546612868,5.225129502282732,4.810076546612868,0.0,-1.0,-0.26287965532809565
2018_02_SEA_CHI,2018,2,2018-09-17T20:15-04:00,CHI,SEA,7.0,0.9385676924212767,-0.2454626322961535,0.9385676924212767,0.0,1.1569178628389154,2.7918501869723906
2018_03_NYJ_CLE,2018,3,2018-09-20T20:20-04:00,CLE,NYJ,4.0,1.9227276577092105,2.1762291264564455,1.9227276577092105,0.0,-0.1944529648848642,-0.661847588685824
2018_03_BUF_MIN,2018,3,2018-09-23T13:00-04:00,MIN,BUF,-21.0,10.091160048790748,10.447582938732252,10.091160048790748,0.0,-1.079663412095368,0.040268947601694194
2018_03_CIN_CAR,2018,3,2018-09-23T13:00-04:00,CAR,CIN,10.0,1.3309800845934565,1.239364098831827,1.3309800845934565,0.0,0.132496781425826,0.16427238628358182
2018_03_DEN_BAL,2018,3,2018-09-23T13:00-04:00,BAL,DEN,13.0,7.19202846633774,7.370940598840945,7.19202846633774,0.0,0.0,-0.6323569875615569
2018_03_GB_WAS,2018,3,2018-09-23T13:00-04:00,WAS,GB,14.0,7.074714405794321,7.264848845511366,7.074714405794321,0.0,-0.9932123411978221,0.5239117869121167
2018_03_IND_PHI,2018,3,2018-09-23T13:00-04:00,PHI,IND,4.0,6.7534832528893265,5.96377145905852,6.7534832528893265,0.0,0.8120320974731517,1.813428071033014
2018_03_NO_ATL,2018,3,2018-09-23T13:00-04:00,ATL,NO,-6.0,3.1705413066357457,3.1767743306192537,3.1705413066357457,0.0,-0.18972840318206696,0.20642287326994402
2018_03_NYG_HOU,2018,3,2018-09-23T13:00-04:00,HOU,NYG,-5.0,0.7198888764615744,0.4880717025377789,0.7198888764615744,0.0,-0.2493559303387282,1.1195986250529817
2018_03_OAK_MIA,2018,3,2018-09-23T13:00-04:00,MIA,LV,8.0,3.8960122845183074,3.826854502124545,3.8960122845183074,0.0,0.2643972445464982,-0.07392735253494753
2018_03_SF_KC,2018,3,2018-09-23T13:00-04:00,KC,SF,11.0,6.781532777386074,6.540522348440682,6.781532777386074,0.0,0.6378790998973376,0.08376623376623382
2018_03_TEN_JAX,2018,3,2018-09-23T13:00-04:00,JAX,TEN,-3.0,7.18053311706155,7.3434772282151215,7.18053311706155,0.0,-0.13211450485323906,-0.416838779823705
2018_03_LAC_LA,2018,3,2018-09-23T16:05-04:00,LAR,LAC,12.0,4.253907527211215,3.8206146116639066,4.253907527211215,0.0,0.9335113479070213,0.4074074074074074
2018_03_CHI_ARI,2018,3,2018-09-23T16:25-04:00,ARI,CHI,-2.0,-1.2504004160912576,-0.7920341960916317,-1.2504004160912576,0.0,-1.0832637054290228,-0.3157100886805493
2018_03_DAL_SEA,2018,3,2018-09-23T16:25-04:00,SEA,DAL,11.0,0.8132689468856579,1.2590432337794588,0.8132689468856579,0.0,-1.1259051504334523,-0.21985961552392652
2018_03_NE_DET,2018,3,2018-09-23T20:20-04:00,DET,NE,16.0,-2.865880375435474,-2.9641323764026946,-2.865880375435474,0.0,-0.431655620755863,0.8670267101250764
2018_03_PIT_TB,2018,3,2018-09-24T20:15-04:00,TB,PIT,-3.0,1.6695812066458657,1.4443677429257826,1.6695812066458657,0.0,0.8160714285714286,-0.18662999481113385
2018_04_MIN_LA,2018,4,2018-09-27T20:20-04:00,LAR,MIN,7.0,6.5297615108344305,6.197246686209775,6.5297615108344305,0.0,0.45967653921421053,0.621759333848886
2018_04_BUF_GB,2018,4,2018-09-30T13:00-04:00,GB,BUF,22.0,0.8279512562392468,1.1162028622247817,0.8279512562392468,0.0,-0.9687750661361187,0.1476959358893084
2018_04_CIN_ATL,2018,4,2018-09-30T13:00-04:00,ATL,CIN,-1.0,4.62894981568777,4.576623938857667,4.62894981568777,0.0,0.38621202422785683,-0.28009695375581106
2018_04_DET_DAL,2018,4,2018-09-30T13:00-04:00,DAL,DET,2.0,-0.05967274159057512,0.1719609457359823,-0.05967274159057512,0.0,0.033215286462074056,-0.8586937271048409
2018_04_HOU_IND,2018,4,2018-09-30T13:00-04:00,IND,HOU,-3.0,5.628379753539676,6.068882483167049,5.628379753539676,0.0,-0.5514879278201175,-0.8928870911128975
2018_04_MIA_NE,2018,4,2018-09-30T13:00-04:00,NE,MIA,31.0,6.883707136571491,6.6806110290974665,6.883707136571491,0.0,0.04618152251838337,0.6622266977828416
2018_04_NYJ_JAX,2018,4,2018-09-30T13:00-04:00,JAX,NYJ,19.0,7.529662955935978,7.51541499158906,7.529662955935978,0.0,0.10644285093437633,-0.07780974051607359
2018_04_PHI_TEN,2018,4,2018-09-30T13:00-04:00,TEN,PHI,3.0,-1.310678612314464,-1.3028142751760787,-1.310678612314464,0.0,-0.031532719136509485,0.010172604383746092
2018_04_TB_CHI,2018,4,2018-09-30T13:00-04:00,CHI,TB,38.0,1.1048686722742094,1.3393185054819767,1.1048686722742094,0.0,-0.5571428571428572,-0.15779314106252385
2018_04_CLE_OAK,2018,4,2018-09-30T16:05-04:00,LV,CLE,3.0,2.208537163720269,2.0340537226221134,2.208537163720269,0.0,0.050173088295501156,0.5562902284119389
2018_04_SEA_ARI,2018,4,2018-09-30T16:05-04:00,ARI,SEA,-3.0,-5.995954469338624,-6.178107375964692,-5.995954469338624,0.0,0.36825171505440857,0.20039704451579576
2018_04_NO_NYG,2018,4,2018-09-30T16:25-04:00,NYG,NO,-15.0,-2.830970530262367,-2.5101557032141733,-2.830970530262367,0.0,-1.1255399298933153,0.22136428189380114
2018_04_SF_LAC,2018,4,2018-09-30T16:25-04:00,LAC,SF,2.0,8.461148393696824,8.27938858311031,8.461148393696824,0.0,-0.0865113861509127,0.7465909090909091
2018_04_BAL_PIT,2018,4,2018-09-30T20:20-04:00,PIT,BAL,-12.0,2.248731907489983,2.219884968242793,2.248731907489983,0.0,0.30000000000000004,-0.2592737499022444
2018_04_KC_DEN,2018,4,2018-10-01T20:15-04:00,DEN,KC,-4.0,-6.727793035668997,-6.631321885520681,-6.727793035668997,0.0,0.0,-0.3409729963019437
2018_05_IND_NE,2018,5,2018-10-04T20:20-04:00,NE,IND,14.0,8.660161719512995,7.698867685607895,8.660161719512995,0.0,1.517718596742094,1.5701561181230295
2018_05_ATL_PIT,2018,5,2018-10-07T13:00-04:00,PIT,ATL,24.0,0.4205109923278363,0.4126865630180181,0.4205109923278363,0.0,0.028111013806853102,-0.006193558910082553
2018_05_BAL_CLE,2018,5,2018-10-07T13:00-04:00,CLE,BAL,3.0,-5.003683223354194,-5.282961442797837,-5.003683223354194,0.0,0.30000000000000004,0.6258644893022784
2018_05_DEN_NYJ,2018,5,2018-10-07T13:00-04:00,NYJ,DEN,18.0,2.380937307260067,2.3829389605796423,2.380937307260067,0.0,0.6655011655011656,-0.808409090909091
2018_05_GB_DET,2018,5,2018-10-07T13:00-04:00,DET,GB,8.0,3.3147022879168455,3.0978175236771297,3.3147022879168455,0.0,0.7775429031440597,-0.1696749620779101
2018_05_JAX_KC,2018,5,2018-10-07T13:00-04:00,KC,JAX,16.0,4.20069690211797,4.25210097527547,4.20069690211797,0.0,-0.0997075682937752,-0.061626874304744395
2018_05_MIA_CIN,2018,5,2018-10-07T13:00-04:00,CIN,MIA,10.0,5.2424881234486636,4.9581366646317075,5.2424881234486636,0.0,-0.766974221869331,1.928546315854668
2018_05_NYG_CAR,2018,5,2018-10-07T13:00-04:00,CAR,NYG,2.0,7.312924801584835,7.179204388675673,7.312924801584835,0.0,0.4266121951910278,-0.041057692307692295
2018_05_TEN_BUF,2018,5,2018-10-07T13:00-04:00,BUF,TEN,1.0,-1.9403227594161503,-2.1972138483903763,-1.9403227594161503,0.0,-0.19778225806451616,1.1461210659351797
2018_05_OAK_LAC,2018,5,2018-10-07T16:05-04:00,LAC,LV,16.0,7.286899694135402,7.3018316040253985,7.286899694135402,0.0,0.4088267392857512,-0.5450471416029212
2018_05_ARI_SF,2018,5,2018-10-07T16:25-04:00,SF,ARI,-10.0,3.632248085208195,3.8990089606519174,3.632248085208195,0.0,-1.1367486631016044,0.4259120829932446
2018_05_LA_SEA,2018,5,2018-10-07T16:25-04:00,SEA,LAR,-2.0,-2.7854971975772878,-2.5234637187814775,-2.7854971975772878,0.0,-0.2036796536796537,-0.680893682588598
2018_05_MIN_PHI,2018,5,2018-10-07T16:25-04:00,PHI,MIN,-2.0,3.4931442284292054,3.4165180405890982,3.4931442284292054,0.0,0.04948465133244917,0.21124706370094537
2018_05_DAL_HOU,2018,5,2018-10-07T20:20-04:00,HOU,DAL,3.0,-0.4584677531752315,-0.4168719658832438,-0.4584677531752315,0.0,-0.5031663924986302,0.4588475038031472
2018_05_WAS_NO,2018,5,2018-10-08T20:15-04:00,NO,WAS,24.0,2.5641693886724566,2.3812498696754503,2.5641693886724566,0.0,0.5878919374521401,-0.06136363636363638
2018_06_PHI_NYG,2018,6,2018-10-11T20:20-04:00,NYG,PHI,-21.0,-2.6547202443449613,-2.811993717420246,-2.6547202443449613,0.0,-0.39596096503117384,1.0326553123533722
2018_06_ARI_MIN,2018,6,2018-10-14T13:00-04:00,MIN,ARI,10.0,6.942550827448608,7.325724918141098,6.942550827448608,0.0,-0.3949864864864864,-0.8787059787059787
2018_06_BUF_HOU,2018,6,2018-10-14T13:00-04:00,HOU,BUF,7.0,1.377157542710774,1.6073274037099394,1.377157542710774,0.0,-0.3834159156208098,-0.35185152373884343
2018_06_CAR_WAS,2018,6,2018-10-14T13:00-04:00,WAS,CAR,6.0,1.0094375540340497,1.462264220457482,1.0094375540340497,0.0,-1.3612535964061179,0.038598675914249675
2018_06_CHI_MIA,2018,6,2018-10-14T13:00-04:00,MIA,CHI,3.0,-4.043992393887577,-3.483252543682659,-4.043992393887577,0.0,-0.7628835227272728,-1.0633170265407108
2018_06_IND_NYJ,2018,6,2018-10-14T13:00-04:00,NYJ,IND,8.0,-0.22543228385159475,-0.8432889343473757,-0.22543228385159475,0.0,1.3267412852715648,0.5862489755920968
2018_06_LAC_CLE,2018,6,2018-10-14T13:00-04:00,CLE,LAC,-24.0,-4.757703664811425,-4.762033480033729,-4.757703664811425,0.0,-0.4607849575986831,0.5701377416456539
2018_06_PIT_CIN,2018,6,2018-10-14T13:00-04:00,CIN,PIT,-7.0,0.227200260256734,0.6211355301215968,0.227200260256734,0.0,-0.9611236386722171,-0.2350514153029633
2018_06_SEA_OAK,2018,6,2018-10-14T13:00-04:00,LV,SEA,-24.0,-6.1491609725150775,-5.763271821149592,-6.1491609725150775,0.0,-0.9985999583940085,-0.16148728337993873
2018_06_TB_ATL,2018,6,2018-10-14T13:00-04:00,ATL,TB,5.0,4.3570517220266884,4.3969366753372565,4.3570517220266884,0.0,0.1160994732056376,-0.2807677366224076
2018_06_LA_DEN,2018,6,2018-10-14T16:05-04:00,DEN,LAR,-3.0,-8.541722168342597,-8.455034639934869,-8.541722168342597,0.0,-0.11272727272727273,-0.17065756823821343
2018_06_BAL_TEN,2018,6,2018-10-14T16:25-04:00,TEN,BAL,-21.0,-0.17261660291520842,-0.17261660291520842,-0.17261660291520842,0.0,,
2018_06_JAX_DAL,2018,6,2018-10-14T16:25-04:00,DAL,JAX,33.0,0.3647581881523505,0.6286894591293916,0.3647581881523505,0.0,-0.13615776225796136,-0.7689048989160882
2018_06_KC_NE,2018,6,2018-10-14T20:20-04:00,NE,KC,3.0,2.4149315369994353,2.2877807089458977,2.4149315369994353,0.0,-0.7049219925556348,1.2982101691008063
2018_06_SF_GB,2018,6,2018-10-15T20:15-04:00,GB,SF,3.0,6.809517062841847,6.574587187967157,6.809517062841847,0.0,0.925628711933078,-0.28420641745354946
2018_07_DEN_ARI,2018,7,2018-10-18T20:20-04:00,ARI,DEN,-35.0,1.9832703911752794,2.1882846137613376,1.9832703911752794,0.0,-0.0980392156862746,-0.6065640006105377
2018_07_BUF_IND,2018,7,2018-10-21T13:00-04:00,IND,BUF,32.0,4.879067210058573,5.056312409055108,4.879067210058573,0.0,0.14182921446010344,-0.7972427762727837
2018_07_CAR_PHI,2018,7,2018-10-21T13:00-04:00,PHI,CAR,-4.0,4.2806799448842705,4.6851964331364035,4.2806799448842705,0.0,-0.19661016949152538,-1.193005964880421
2018_07_CLE_TB,2018,7,2018-10-21T13:00-04:00,TB,CLE,3.0,6.1846620290270415,6.09714707935313,6.1846620290270415,0.0,0.5209104938271605,-0.3179140527163553
2018_07_DET_MIA,2018,7,2018-10-21T13:00-04:00,MIA,DET,-11.0,-4.2858089489145765,-3.7426159674401105,-4.2858089489145765,0.0,-0.5122174804202453,-1.3031270305393112
2018_07_HOU_JAX,2018,7,2018-10-21T13:00-04:00,JAX,HOU,-13.0,4.123114988304078,3.584516979789333,4.123114988304078,0.0,0.8642144472390432,0.8630444367828373
2018_07_MIN_NYJ,2018,7,2018-10-21T13:00-04:00,NYJ,MIN,-20.0,-1.4450183056984105,-1.358690073304851,-1.4450183056984105,0.0,-0.2601283327203363,0.00809893463812772
2018_07_NE_CHI,2018,7,2018-10-21T13:00-04:00,CHI,NE,-7.0,-2.4035047555583318,-2.68438254583464,-2.4035047555583318,0.0,0.9934901601867469,-0.20351796758323065
2018_07_NO_BAL,2018,7,2018-10-21T16:05-04:00,BAL,NO,-1.0,-0.06296982698533338,-0.05280394206184891,-0.06296982698533338,0.0,-0.029288180174256162,-0.0006647782063645691
2018_07_DAL_WAS,2018,7,2018-10-21T16:25-04:00,WAS,DAL,3.0,2.3212366888748184,2.763354272283731,2.3212366888748184,0.0,-1.2896146150092265,-0.009811515007523641
2018_07_LA_SF,2018,7,2018-10-21T16:25-04:00,SF,LAR,-29.0,-7.888520575614948,-7.69120747146712,-7.888520575614948,0.0,0.389740848492507,-1.1666839270919636
2018_07_CIN_KC,2018,7,2018-10-21T20:20-04:00,KC,CIN,35.0,6.84419762973379,6.665533321621198,6.84419762973379,0.0,-0.40010537407797686,1.113250579138327
2018_07_TEN_LAC,2018,7,2018-10-21T21:30-04:00,LAC,TEN,1.0,6.527569414266836,6.318407306233896,6.527569414266836,0.0,0.081604305028463,0.6410139016891748
2018_07_NYG_ATL,2018,7,2018-10-22T20:15-04:00,ATL,NYG,3.0,8.542629663022561,8.403846424824364,8.542629663022561,0.0,0.42842192253245387,-0.025342465753424654
2018_08_MIA_HOU,2018,8,2018-10-25T20:20-04:00,HOU,MIA,19.0,4.26912740029392,5.045423143155784,4.26912740029392,0.0,-1.1678060196445803,-1.337619911947869
2018_08_BAL_CAR,2018,8,2018-10-28T13:00-04:00,CAR,BAL,15.0,0.3401676877922068,-0.19015223731493502,0.3401676877922068,0.0,0.9246718132834714,0.7609888059701493
2018_08_CLE_PIT,2018,8,2018-10-28T13:00-04:00,PIT,CLE,15.0,10.38907987282463,10.170953293975085,10.38907987282463,0.0,-0.80625,1.741769641495042
2018_08_DEN_KC,2018,8,2018-10-28T13:00-04:00,KC,DEN,7.0,10.84726631967383,10.84726631967383,10.84726631967383,0.0,,
2018_08_NYJ_CHI,2018,8,2018-10-28T13:00-04:00,CHI,NYJ,14.0,7.655060481590997,7.27773815575483,7.655060481590997,0.0,0.8621677085964472,0.29548718944099384
2018_08_SEA_DET,2018,8,2018-10-28T13:00-04:00,DET,SEA,-14.0,0.7118207963528163,0.843497610595757,0.7118207963528163,0.0,-0.19706142288996908,-0.22812289562289567
2018_08_TB_CIN,2018,8,2018-10-28T13:00-04:00,CIN,TB,3.0,2.3968866472886394,2.5015439157689063,2.3968866472886394,0.0,-0.2602739726027397,-0.05650886354974616
2018_08_WAS_NYG,2018,8,2018-10-28T13:00-04:00,NYG,WAS,-7.0,-3.6342266812651047,-3.5937548618428026,-3.6342266812651047,0.0,0.4813382941754174,-0.7226284584980236
2018_08_IND_OAK,2018,8,2018-10-28T16:05-04:00,LV,IND,-14.0,-2.881861767356121,-3.4963791012471375,-2.881861767356121,0.0,0.7973938943241354,1.2118369888736804
2018_08_GB_LA,2018,8,2018-10-28T16:25-04:00,LAR,GB,2.0,8.119149043696678,8.30450056724572,8.119149043696678,0.0,-0.5356515792023576,-0.010135135135135136
2018_08_SF_ARI,2018,8,2018-10-28T16:25-04:00,ARI,SF,3.0,1.3304425612444435,1.501720053627748,1.3304425612444435,0.0,0.309293759245985,-0.9777953434895085
2018_08_NO_MIN,2018,8,2018-10-28T20:20-04:00,MIN,NO,-10.0,-1.2867747650357582,-0.3559251619738144,-1.2867747650357582,0.0,-1.127016129032258,-1.9329990436214868
2018_08_PHI_JAX,2018,8,2018-10-28T21:30-04:00,JAX,PHI,-6.0,-5.361969978292865,-4.913516068042208,-5.361969978292865,0.0,-0.3255386429114336,-1.19305720792685
2018_08_NE_BUF,2018,8,2018-10-29T20:15-04:00,BUF,NE,-19.0,-11.756403188851824,-11.697878168387653,-11.756403188851824,0.0,0.17123444825698564,-0.4130386128049832
2018_09_OAK_SF,2018,9,2018-11-01T20:20-04:00,SF,LV,31.0,-1.12489012997495,-0.4337315410434037,-1.12489012997495,0.0,-0.573490866890067,-1.7523252113632632
2018_09_ATL_WAS,2018,9,2018-11-04T13:00-05:00,WAS,ATL,-24.0,1.5784974169480028,1.8769646076333226,1.5784974169480028,0.0,-1.4034000762978587,0.6349242424242424
2018_09_CHI_BUF,2018,9,2018-11-04T13:00-05:00,BUF,CHI,-32.0,-9.449894980456891,-9.272059703606724,-9.449894980456891,0.0,-0.0773390257952119,-0.5354264587871145
2018_09_DET_MIN,2018,9,2018-11-04T13:00-05:00,MIN,DET,15.0,2.740671410412858,3.209871471776472,2.740671410412858,0.0,-0.7392490756197567,-0.7682321012067155
2018_09_KC_CLE,2018,9,2018-11-04T13:00-05:00,CLE,KC,-16.0,-9.34996024738622,-9.159006238722878,-9.34996024738622,0.0,-0.3448716639433552,-0.25965622236046404
2018_09_NYJ_MIA,2018,9,2018-11-04T13:00-05:00,MIA,NYJ,7.0,2.23764025428933,2.136601529743988,2.23764025428933,0.0,0.36847082749229504,-0.08656126482213439
2018_09_PIT_BAL,2018,9,2018-11-04T13:00-05:00,BAL,PIT,-7.0,0.5098904981321257,1.0804062068889104,0.5098904981321257,0.0,-1.0308436532507739,-0.7752168066310905
2018_09_TB_CAR,2018,9,2018-11-04T13:00-05:00,CAR,TB,14.0,8.182405138991996,8.081185164293046,8.182405138991996,0.0,-0.33464028025096487,0.7607000710732055
2018_09_HOU_DEN,2018,9,2018-11-04T16:05-05:00,DEN,HOU,-2.0,-1.752619774965511,-1.5938841307380551,-1.752619774965511,0.0,-0.0036753901330462413,-0.5566185242439086
2018_09_LAC_SEA,2018,9,2018-11-04T16:05-05:00,SEA,LAC,-8.0,1.4988549073301654,1.5629698709319564,1.4988549073301654,0.0,-0.049338942307692285,-0.16720214640025965
2018_09_LA_NO,2018,9,2018-11-04T16:25-05:00,NO,LAR,10.0,1.7758330961476547,1.8878403364143086,1.7758330961476547,0.0,0.0,-0.39588461692968985
2018_09_GB_NE,2018,9,2018-11-04T20:20-05:00,NE,GB,14.0,7.963316405778672,8.644998164438622,7.963316405778672,0.0,-1.989042972187995,-0.014354163279063692
2018_09_TEN_DAL,2018,9,2018-11-05T20:15-05:00,DAL,TEN,-14.0,2.8681662443135942,3.2597423523459335,2.8681662443135942,0.0,-1.2333432598769107,0.1010683760683761
2018_10_CAR_PIT,2018,10,2018-11-08T20:20-05:00,PIT,CAR,31.0,2.6088536035658967,2.4899334600357528,2.6088536035658967,0.0,0.05423728813559325,0.355010490708395
2018_10_ARI_KC,2018,10,2018-11-11T13:00-05:00,KC,ARI,12.0,16.12310584999898,15.751119095625018,16.12310584999898,0.0,0.586197457039242,0.6089264463821843
2018_10_ATL_CLE,2018,10,2018-11-11T13:00-05:00,CLE,ATL,12.0,-6.366220870958584,-6.035329703495848,-6.366220870958584,0.0,-0.5458403716216217,-0.5122701516637445
2018_10_BUF_NYJ,2018,10,2018-11-11T13:00-05:00,NYJ,BUF,-31.0,5.959130166418335,5.946582533040939,5.959130166418335,0.0,-0.5383495281411002,0.6925792651975379
2018_10_DET_CHI,2018,10,2018-11-11T13:00-05:00,CHI,DET,12.0,4.380416194168395,3.898568539457831,4.380416194168395,0.0,0.6540759347690067,0.9154919980812838
2018_10_JAX_IND,2018,10,2018-11-11T13:00-05:00,IND,JAX,3.0,6.029197957338043,6.070132397116184,6.029197957338043,0.0,-0.2514391024114701,0.1580785194417429
2018_10_NE_TEN,2018,10,2018-11-11T13:00-05:00,TEN,NE,24.0,-5.027630844955197,-4.86413763992994,-5.027630844955197,0.0,-0.6033038186383256,0.1485826280855219
2018_10_NO_CIN,2018,10,2018-11-11T13:00-05:00,CIN,NO,-37.0,-5.573310740523399,-4.911178215845856,-5.573310740523399,0.0,-1.7077868852459017,-0.28392057041200425
2018_10_WAS_TB,2018,10,2018-11-11T13:00-05:00,TB,WAS,-13.0,-1.6081049547973483,-1.687754433311531,-1.6081049547973483,0.0,0.9774732620320855,-0.895464447213647
2018_10_LAC_OAK,2018,10,2018-11-11T16:05-05:00,LV,LAC,-14.0,-9.74224343102658,-9.765851974163741,-9.74224343102658,0.0,-0.30302879841112207,0.4483223191653551
2018_10_MIA_GB,2018,10,2018-11-11T16:25-05:00,GB,MIA,19.0,5.8363134754516715,5.672760951617733,5.8363134754516715,0.0,1.2262526923595307,-0.8984698097601325
2018_10_SEA_LA,2018,10,2018-11-11T16:25-05:00,LAR,SEA,5.0,4.90588845327651,4.593846296307784,4.90588845327651,0.0,0.44980769230769235,0.5612827426810478
2018_10_DAL_PHI,2018,10,2018-11-11T20:20-05:00,PHI,DAL,-7.0,6.912061864237298,6.581730887015669,6.912061864237298,0.0,1.0931870801396173,-0.14877359222698205
2018_10_NYG_SF,2018,10,2018-11-12T20:15-05:00,SF,NYG,-4.0,1.7251432022388253,2.314677840288913,1.7251432022388253,0.0,-0.7063944530046224,-1.233109786388475
2018_11_GB_SEA,2018,11,2018-11-15T20:20-05:00,SEA,GB,3.0,4.3233545289644715,3.840262806648813,4.3233545289644715,0.0,0.23076923076923078,1.4295954898225622
2018_11_CAR_DET,2018,11,2018-11-18T13:00-05:00,DET,CAR,1.0,-1.549003338315709,-0.9078903001607964,-1.549003338315709,0.0,-1.2515808344198174,-0.7589488389011645
2018_11_CIN_BAL,2018,11,2018-11-18T13:00-05:00,BAL,CIN,3.0,5.470431439542441,5.334419227476325,5.470431439542441,0.0,0.050803311755324154,0.4195565215329453
2018_11_DAL_ATL,2018,11,2018-11-18T13:00-05:00,ATL,DAL,-3.0,4.974815497165805,4.657546707863402,4.974815497165805,0.0,0.5876712328767124,0.4137536454506998
2018_11_HOU_WAS,2018,11,2018-11-18T13:00-05:00,WAS,HOU,-2.0,2.331323812268274,2.228193900006529,2.331323812268274,0.0,0.02076217583807713,0.3395082226438962
2018_11_PIT_JAX,2018,11,2018-11-18T13:00-05:00,JAX,PIT,-4.0,-6.162514311401506,-5.979691892360284,-6.162514311401506,0.0,-1.05,0.618134193240512
2018_11_TB_NYG,2018,11,2018-11-18T13:00-05:00,NYG,TB,3.0,3.2458646883557667,2.3272394910245398,3.2458646883557667,0.0,0.5495463472113119,2.5851275917065393
2018_11_TEN_IND,2018,11,2018-11-18T13:00-05:00,IND,TEN,28.0,3.0296483321904724,3.0296483321904724,3.0296483321904724,0.0,,
2018_11_DEN_LAC,2018,11,2018-11-18T16:05-05:00,LAC,DEN,-1.0,9.68205910389951,9.35247952461011,9.68205910389951,0.0,0.828882098293863,0.16682199440820128
2018_11_OAK_ARI,2018,11,2018-11-18T16:05-05:00,ARI,LV,-2.0,2.0602431703208413,2.1582980108559395,2.0602431703208413,0.0,0.49766723496306065,-0.9458148747289952
2018_11_PHI_NO,2018,11,2018-11-18T16:25-05:00,NO,PHI,41.0,8.723478233103805,8.85546010481307,8.723478233103805,0.0,-0.8605293048614266,0.5696849383566136
2018_11_MIN_CHI,2018,11,2018-11-18T20:20-05:00,CHI,MIN,5.0,2.4097314988005416,2.1705455263074787,2.4097314988005416,0.0,0.6982836103741406,0.004584304584304574
2018_11_KC_LA,2018,11,2018-11-19T20:15-05:00,LAR,KC,3.0,0.7488151255367106,0.8462602189056576,0.7488151255367106,0.0,-0.17252747252747253,-0.13667388949079093
2018_12_CHI_DET,2018,12,2018-11-22T12:30-05:00,DET,CHI,-7.0,0.6519053203473499,0.9858402143086464,0.6519053203473499,0.0,-0.8308235823664538,-0.1798779069562093
2018_12_WAS_DAL,2018,12,2018-11-22T16:30-05:00,DAL,WAS,8.0,3.2787883859420552,3.8517349270322945,3.2787883859420552,0.0,-1.2183794466403162,-0.5579953917050693
2018_12_ATL_NO,2018,12,2018-11-22T20:20-05:00,NO,ATL,14.0,10.560485043291717,10.579345566875133,10.560485043291717,0.0,-0.8685513078470826,0.9791666666666667
2018_12_CLE_CIN,2018,12,2018-11-25T13:00-05:00,CIN,CLE,-15.0,2.5559064699097154,2.6915543588917568,2.5559064699097154,0.0,-0.18683388157894742,-0.2544735327963176
2018_12_JAX_BUF,2018,12,2018-11-25T13:00-05:00,BUF,JAX,3.0,-1.7804268407452861,-1.9950173439403525,-1.7804268407452861,0.0,0.6966264905836916,-0.08035194061032347
2018_12_NE_NYJ,2018,12,2018-11-25T13:00-05:00,NYJ,NE,-14.0,-7.699745627497473,-7.203110159677561,-7.699745627497473,0.0,-0.6909190590111642,-0.9233958183129056
2018_12_NYG_PHI,2018,12,2018-11-25T13:00-05:00,PHI,NYG,3.0,4.071897049944058,4.63470612900783,4.071897049944058,0.0,0.0,-1.9892236978545172
2018_12_OAK_BAL,2018,12,2018-11-25T13:00-05:00,BAL,LV,17.0,7.905321924095983,8.25038523279595,7.905321924095983,0.0,-0.41936990185814516,-0.7146448810709376
2018_12_SEA_CAR,2018,12,2018-11-25T13:00-05:00,CAR,SEA,-3.0,1.4933855451808946,1.4131573506491208,1.4933855451808946,0.0,-0.3210774283188076,0.6701744369014971
2018_12_SF_TB,2018,12,2018-11-25T13:00-05:00,TB,SF,18.0,1.1521867769152818,1.879330999588516,1.1521867769152818,0.0,-0.19440024787298193,-2.3359803467613314
2018_12_ARI_LAC,2018,12,2018-11-25T16:05-05:00,LAC,ARI,35.0,14.886786860837532,14.317048430572482,14.886786860837532,0.0,1.0587754996145406,0.73883663016195
2018_12_MIA_IND,2018,12,2018-11-25T16:25-05:00,IND,MIA,3.0,10.092373334340241,9.942175017454176,10.092373334340241,0.0,0.6171690136156329,-0.21226799242424255
2018_12_PIT_DEN,2018,12,2018-11-25T16:25-05:00,DEN,PIT,7.0,-5.408464485100637,-5.57749089914768,-5.408464485100637,0.0,0.30000000000000004,0.2361843789689676
2018_12_GB_MIN,2018,12,2018-11-25T20:20-05:00,MIN,GB,7.0,3.497945556166132,3.40121795042639,3.497945556166132,0.0,-0.2556850381251267,0.6497514654598334
2018_12_TEN_HOU,2018,12,2018-11-26T20:15-05:00,HOU,TEN,17.0,3.815104745957164,3.9714707499859845,3.815104745957164,0.0,-0.33934174942125883,-0.1440650623885918
2018_13_NO_DAL,2018,13,2018-11-29T20:20-05:00,DAL,NO,3.0,-7.645057382306691,-7.19971224718386,-7.645057382306691,0.0,-1.1387658514492756,-0.2028571428571429
2018_13_ARI_GB,2018,13,2018-12-02T13:00-05:00,GB,ARI,-3.0,11.53408056692469,11.684987933185456,11.53408056692469,0.0,-0.5685487303163569,0.15121788557867655
2018_13_BAL_ATL,2018,13,2018-12-02T13:00-05:00,ATL,BAL,-10.0,3.8282402046282877,3.14024187892167,3.8282402046282877,0.0,0.375139355742297,1.9799917621756702
2018_13_BUF_MIA,2018,13,2018-12-02T13:00-05:00,MIA,BUF,4.0,2.5273964440658987,2.6387439333601126,2.5273964440658987,0.0,-0.7050278657907807,0.45537593984962405
2018_13_CAR_TB,2018,13,2018-12-02T13:00-05:00,TB,CAR,7.0,-2.598471992043038,-1.8132744226310706,-2.598471992043038,0.0,-1.08240702339948,-1.4719125163812243
2018_13_CHI_NYG,2018,13,2018-12-02T13:00-05:00,NYG,CHI,3.0,-3.891478349714459,-3.9256349139945383,-3.891478349714459,0.0,0.2690580195857313,-0.20324967361285562
2018_13_CLE_HOU,2018,13,2018-12-02T13:00-05:00,HOU,CLE,16.0,5.326879165395623,5.463741458018265,5.326879165395623,0.0,-0.3014500374177793,-0.1207557204700061
2018_13_DEN_CIN,2018,13,2018-12-02T13:00-05:00,CIN,DEN,-14.0,-2.2210911994802998,-2.299498728284662,-2.2210911994802998,0.0,-0.6649461839530333,1.0777940079942305
2018_13_IND_JAX,2018,13,2018-12-02T13:00-05:00,JAX,IND,6.0,-3.14791899406612,-3.6237237794946786,-3.14791899406612,0.0,0.9286027880487909,0.5635741529722054
2018_13_LA_DET,2018,13,2018-12-02T13:00-05:00,DET,LAR,-14.0,-4.935849946998666,-4.666253740859565,-4.935849946998666,0.0,-1.0164128518540283,0.2709935897435898
2018_13_KC_OAK,2018,13,2018-12-02T16:05-05:00,LV,KC,-7.0,-10.373039480008755,-10.256863239206751,-10.373039480008755,0.0,0.2604114452798663,-0.7241829004329006
2018_13_NYJ_TEN,2018,13,2018-12-02T16:05-05:00,TEN,NYJ,4.0,7.269501840438946,7.182009875745473,7.269501840438946,0.0,0.25681818181818183,0.0
2018_13_MIN_NE,2018,13,2018-12-02T16:25-05:00,NE,MIN,14.0,3.9256400979683583,3.8651221535413134,3.9256400979683583,0.0,0.06593150370156797,0.13450942940919353
2018_13_SF_SEA,2018,13,2018-12-02T16:25-05:00,SEA,SF,27.0,11.195799272994279,11.049772806944869,11.195799272994279,0.0,0.7447809030056047,-0.38067153037269
2018_13_LAC_PIT,2018,13,2018-12-02T20:20-05:00,PIT,LAC,-3.0,1.764079713546551,1.2620516701097648,1.764079713546551,0.0,1.509172077922078,-0.04280821142902397
2018_13_WAS_PHI,2018,13,2018-12-03T20:15-05:00,PHI,WAS,15.0,3.463294977469036,3.6779106088811755,3.463294977469036,0.0,0.430347982555212,-1.2767342589209596
2018_14_JAX_TEN,2018,14,2018-12-06T20:20-05:00,TEN,JAX,21.0,2.141454054809853,1.9679782422417982,2.141454054809853,0.0,0.2207596751075012,0.34732437751347645
2018_14_ATL_GB,2018,14,2018-12-09T13:00-05:00,GB,ATL,14.0,1.4337348577224789,1.7261740103422638,1.4337348577224789,0.0,-0.8618735399820305,0.004174406604747133
2018_14_BAL_KC,2018,14,2018-12-09T13:00-05:00,KC,BAL,3.0,8.006216528122115,7.534995875034223,8.006216528122115,0.0,0.11634662935418424,1.5254147306944965
2018_14_CAR_CLE,2018,14,2018-12-09T13:00-05:00,CLE,CAR,6.0,-1.6574081769096543,-1.3927946888586051,-1.6574081769096543,0.0,0.0,-0.9352646230915653
2018_14_IND_HOU,2018,14,2018-12-09T13:00-05:00,HOU,IND,-3.0,3.3988992755868788,2.847551886040392,3.3988992755868788,0.0,0.7016069569932046,1.1039033077713254
2018_14_NE_MIA,2018,14,2018-12-09T13:00-05:00,MIA,NE,1.0,-7.963937122997938,-7.351512836852816,-7.963937122997938,0.0,-1.2281115998805407,-0.6858091787439613
2018_14_NO_TB,2018,14,2018-12-09T13:00-05:00,TB,NO,-14.0,-9.680726232133864,-8.820366843214531,-9.680726232133864,0.0,-0.7708953742306929,-2.112661858064974
2018_14_NYG_WAS,2018,14,2018-12-09T13:00-05:00,WAS,NYG,-24.0,0.45124441208110655,1.1629410694858635,0.45124441208110655,0.0,-1.7995538283194432,-0.3486056160921328
2018_14_NYJ_BUF,2018,14,2018-12-09T13:00-05:00,BUF,NYJ,-4.0,3.857187710403356,4.075954795772377,3.857187710403356,0.0,-0.025572831932370532,-0.7424301333235661
2018_14_CIN_LAC,2018,14,2018-12-09T16:05-05:00,LAC,CIN,5.0,15.036383806499234,14.823296125672007,15.036383806499234,0.0,-0.2043690005646528,0.9992310049958621
2018_14_DEN_SF,2018,14,2018-12-09T16:05-05:00,SF,DEN,6.0,-4.924743372077122,-4.901119657511424,-4.924743372077122,0.0,-0.4876420454545455,0.5036760282728023
2018_14_DET_ARI,2018,14,2018-12-09T16:25-05:00,ARI,DET,-14.0,-2.122752119353137,-2.502196278426924,-2.122752119353137,0.0,0.7950058275058275,0.3838567781229814
2018_14_PHI_DAL,2018,14,2018-12-09T16:25-05:00,DAL,PHI,6.0,3.2514508561633977,3.2060647518909215,3.2514508561633977,0.0,-0.48050000637885293,0.7389883922207515
2018_14_PIT_OAK,2018,14,2018-12-09T16:25-05:00,LV,PIT,3.0,-8.73622814166526,-8.644609815337724,-8.73622814166526,0.0,-0.05859960695153399,-0.253260733355127
2018_14_LA_CHI,2018,14,2018-12-09T20:20-05:00,CHI,LAR,9.0,-1.4475879683791137,-1.3644863945314811,-1.4475879683791137,0.0,0.11153846153846154,-0.4280230186480187
2018_14_MIN_SEA,2018,14,2018-12-10T20:15-05:00,SEA,MIN,14.0,4.325109294225975,4.26336371479388,4.325109294225975,0.0,-0.8179108113836653,1.2030888030888032
2018_15_LAC_KC,2018,15,2018-12-13T20:20-05:00,KC,LAC,-1.0,2.0304669334159153,2.2429101627908374,2.0304669334159153,0.0,-0.6235919389717514,0.0
2018_15_HOU_NYJ,2018,15,2018-12-15T16:30-05:00,NYJ,HOU,-7.0,-6.75998532827175,-6.543292789737705,-6.75998532827175,0.0,-0.5151360956832125,-0.1456113896838746
2018_15_CLE_DEN,2018,15,2018-12-15T20:20-05:00,DEN,CLE,-1.0,4.48827084787224,4.481457237344384,4.48827084787224,0.0,0.0,0.024082403845561817
2018_15_ARI_ATL,2018,15,2018-12-16T13:00-05:00,ATL,ARI,26.0,10.279097489532324,10.472095462740093,10.279097489532324,0.0,-0.316017567670172,-0.30162393162393153
2018_15_DAL_IND,2018,15,2018-12-16T13:00-05:00,IND,DAL,23.0,2.013899576013376,2.5194822266632797,2.013899576013376,0.0,-0.7274494346775862,-0.9110327728008274
2018_15_DET_BUF,2018,15,2018-12-16T13:00-05:00,BUF,DET,1.0,-0.6654227990116769,-1.1147647834457788,-0.6654227990116769,0.0,0.7427078760077295,0.69387984579139
2018_15_GB_CHI,2018,15,2018-12-16T13:00-05:00,CHI,GB,7.0,3.939503637867343,3.892662582974699,3.939503637867343,0.0,0.21784862989187398,-0.09675534143276082
2018_15_MIA_MIN,2018,15,2018-12-16T13:00-05:00,MIN,MIA,24.0,7.38456745533281,7.150780060624921,7.38456745533281,0.0,-0.06283411949685544,0.901970142123039
2018_15_OAK_CIN,2018,15,2018-12-16T13:00-05:00,CIN,LV,14.0,2.1960364240852757,2.1757326928415743,2.1960364240852757,0.0,0.6320411328114419,-0.6892822539452549
2018_15_TB_BAL,2018,15,2018-12-16T13:00-05:00,BAL,TB,8.0,3.9605393235666106,4.084972367169187,3.9605393235666106,0.0,-0.11110658114082761,-0.3060189009798474
2018_15_TEN_NYG,2018,15,2018-12-16T13:00-05:00,NYG,TEN,-17.0,1.9511586411756152,2.0305568682365083,1.9511586411756152,0.0,-0.7874110236845631,0.6674972914409534
2018_15_WAS_JAX,2018,15,2018-12-16T13:00-05:00,JAX,WAS,-3.0,4.752073548096988,4.143832152353062,4.752073548096988,0.0,1.6497388632872507,0.1633407738095238
2018_15_SEA_SF,2018,15,2018-12-16T16:05-05:00,SF,SEA,3.0,-7.790944888164764,-7.997423925384015,-7.790944888164764,0.0,0.7513152806537909,-0.17487268918866983
2018_15_NE_PIT,2018,15,2018-12-16T16:25-05:00,PIT,NE,7.0,0.06366273380821164,0.14705945010515586,0.06366273380821164,0.0,-0.3623190045248869,0.14150870901639348
2018_15_PHI_LA,2018,15,2018-12-16T20:20-05:00,LAR,PHI,-7.0,10.404088488112016,9.65792986300045,10.404088488112016,0.0,1.7366666666666668,0.5461327561327561
2018_15_NO_CAR,2018,15,2018-12-17T20:15-05:00,CAR,NO,-3.0,-7.959412932844035,-7.715160253703599,-7.959412932844035,0.0,0.0,-0.863300248138958
2018_16_WAS_TEN,2018,16,2018-12-22T16:30-05:00,TEN,WAS,9.0,6.295049138589725,6.135795021627363,6.295049138589725,0.0,1.2029964938076896,-0.8856593961392791
2018_16_BAL_LAC,2018,16,2018-12-22T20:20-05:00,LAC,BAL,-12.0,6.578918893086321,6.6465585853648275,6.578918893086321,0.0,-0.41735228303459204,0.2634671437865973
2018_16_ATL_CAR,2018,16,2018-12-23T13:00-05:00,CAR,ATL,-14.0,-3.4696181966844843,-3.142363548589189,-3.4696181966844843,0.0,-0.7487338495110951,-0.2551116625310174
2018_16_BUF_NE,2018,16,2018-12-23T13:00-05:00,NE,BUF,12.0,12.816702976981961,12.841920429133875,12.816702976981961,0.0,-0.07402165712510536,0.0
2018_16_CIN_CLE,2018,16,2018-12-23T13:00-05:00,CLE,CIN,8.0,4.714709150255472,4.406514496028583,4.714709150255472,0.0,0.9629060579455663,-0.07014120605764562
2018_16_GB_NYJ,2018,16,2018-12-23T13:00-05:00,NYJ,GB,-6.0,-4.591411270195015,-4.7836926698449735,-4.591411270195015,0.0,0.34190254734372405,0.26792295970972135
2018_16_HOU_PHI,2018,16,2018-12-23T13:00-05:00,PHI,HOU,2.0,-1.5961415593505286,-1.1058461804237365,-1.5961415593505286,0.0,-0.9581039136302294,-0.5792680126258638
2018_16_JAX_MIA,2018,16,2018-12-23T13:00-05:00,MIA,JAX,-10.0,1.4870056554574507,1.4870056554574507,1.4870056554574507,0.0,,
2018_16_MIN_DET,2018,16,2018-12-23T13:00-05:00,DET,MIN,-18.0,-2.639602068187168,-2.5906832282755787,-2.639602068187168,0.0,-0.5926754385964913,0.5407429313881085
2018_16_NYG_IND,2018,16,2018-12-23T13:00-05:00,IND,NYG,1.0,7.99562397214816,7.884371685033907,7.99562397214816,0.0,0.9648565344694198,-0.7685738388232772
2018_16_TB_DAL,2018,16,2018-12-23T13:00-05:00,DAL,TB,7.0,3.5201130244285395,3.6629711456549217,3.5201130244285395,0.0,-0.24848484848484853,-0.20572344322344324
2018_16_CHI_SF,2018,16,2018-12-23T16:05-05:00,SF,CHI,-5.0,-6.109026946525823,-6.298200697594578,-6.109026946525823,0.0,-0.030797697368421043,0.7057099329282392
2018_16_LA_ARI,2018,16,2018-12-23T16:05-05:00,ARI,LAR,-22.0,-12.667933793253951,-12.424466753224406,-12.667933793253951,0.0,-0.15295022634400668,-0.6763550667714062
2018_16_PIT_NO,2018,16,2018-12-23T16:25-05:00,NO,PIT,3.0,6.907275108987551,7.035830454923936,6.907275108987551,0.0,-0.37735294117647056,0.0
2018_16_KC_SEA,2018,16,2018-12-23T20:20-05:00,SEA,KC,7.0,-1.399475450944001,-0.867937449595702,-1.399475450944001,0.0,-0.24070901884953996,-1.5888581474708245
2018_16_DEN_OAK,2018,16,2018-12-24T20:15-05:00,LV,DEN,13.0,-3.9021456813568176,-3.7892574886543917,-3.9021456813568176,0.0,0.10838770890032248,-0.529508658284549
2018_17_ATL_TB,2018,17,2018-12-30T13:00-05:00,TB,ATL,-2.0,-1.5661502793429378,-1.6893174802605793,-1.5661502793429378,0.0,1.1164108701774147,-0.908948678788317
2018_17_CAR_NO,2018,17,2018-12-30T13:00-05:00,NO,CAR,-19.0,11.30274689549496,11.174252627509771,11.30274689549496,0.0,-0.13876409724235828,0.6212440476190476
2018_17_DAL_NYG,2018,17,2018-12-30T13:00-05:00,NYG,DAL,-1.0,-0.6718843668177995,-0.5338967298035903,-0.6718843668177995,0.0,-0.17644837801087787,-0.27524852155876245
2018_17_DET_GB,2018,17,2018-12-30T13:00-05:00,GB,DET,-31.0,-0.701529805545734,-0.377186151044798,-0.701529805545734,0.0,-1.31111540446138,0.4323444490253534
2018_17_JAX_HOU,2018,17,2018-12-30T13:00-05:00,HOU,JAX,17.0,7.298082485321775,6.856507914602263,7.298082485321775,0.0,0.5045705497715278,0.9531689897465448
2018_17_MIA_BUF,2018,17,2018-12-30T13:00-05:00,BUF,MIA,25.0,2.923720307963932,2.574024179859368,2.923720307963932,0.0,-0.040163934426229536,1.284347094129703
2018_17_NYJ_NE,2018,17,2018-12-30T13:00-05:00,NE,NYJ,35.0,12.958395985152293,12.727492965977609,12.958395985152293,0.0,0.5448989945036751,0.16000000000000003
2018_17_ARI_SEA,2018,17,2018-12-30T16:25-05:00,SEA,ARI,3.0,16.632182901830042,16.891549972644732,16.632182901830042,0.0,-0.3812044136341967,-0.4577106494069544
2018_17_CHI_MIN,2018,17,2018-12-30T16:25-05:00,MIN,CHI,-14.0,1.6170696113575722,1.6498508127188563,1.6170696113575722,0.0,0.08519524678703505,-0.2184478582518261
2018_17_CIN_PIT,2018,17,2018-12-30T16:25-05:00,PIT,CIN,3.0,10.399296159985116,10.68774328744423,10.399296159985116,0.0,-0.29150000000000004,-0.6685064935064936
2018_17_CLE_BAL,2018,17,2018-12-30T16:25-05:00,BAL,CLE,2.0,6.054425194506458,6.158903999092694,6.054425194506458,0.0,-0.1750212224108659,-0.15853148879181228
2018_17_LAC_DEN,2018,17,2018-12-30T16:25-05:00,DEN,LAC,-14.0,-3.655902950361331,-3.655902950361331,-3.655902950361331,0.0,0.0,0.0
2018_17_OAK_KC,2018,17,2018-12-30T16:25-05:00,KC,LV,32.0,11.964910731111921,11.969607070518279,11.964910731111921,0.0,0.09349481870283288,-0.1291767300102178
2018_17_PHI_WAS,2018,17,2018-12-30T16:25-05:00,WAS,PHI,-24.0,-0.4436608298721735,-0.8621733863530969,-0.4436608298721735,0.0,0.9450246827785482,0.34130360228222073
2018_17_SF_LA,2018,17,2018-12-30T16:25-05:00,LAR,SF,16.0,11.458296205617335,11.839603633642465,11.458296205617335,0.0,-0.42239091768692416,-0.8391104863148152
2018_17_IND_TEN,2018,17,2018-12-30T20:20-05:00,TEN,IND,-16.0,-1.388034042820915,-1.856171944733683,-1.388034042820915,0.0,0.9677688101949341,0.4893158284414132
2019_01_GB_CHI,2019,1,2019-09-05T20:20-04:00,CHI,GB,-7.0,4.76256944338659,4.76256944338659,4.76256944338659,0.0,,
2019_01_ATL_MIN,2019,1,2019-09-08T13:00-04:00,MIN,ATL,16.0,-0.520617312025438,-0.33231125646195947,-0.520617312025438,0.0,-0.23929690998656516,-0.8131607279806501
2019_01_BAL_MIA,2019,1,2019-09-08T13:00-04:00,MIA,BAL,-49.0,-5.04999473881038,-5.04999473881038,-5.04999473881038,0.0,,
2019_01_BUF_NYJ,2019,1,2019-09-08T13:00-04:00,NYJ,BUF,-1.0,-1.314006224573614,-1.314006224573614,-1.314006224573614,0.0,,
2019_01_KC_JAX,2019,1,2019-09-08T13:00-04:00,JAX,KC,-14.0,-7.172962919232745,-7.172962919232745,-7.172962919232745,0.0,,
2019_01_LA_CAR,2019,1,2019-09-08T13:00-04:00,CAR,LAR,-3.0,-1.4754379129685415,-1.4754379129685415,-1.4754379129685415,0.0,,
2019_01_TEN_CLE,2019,1,2019-09-08T13:00-04:00,CLE,TEN,-30.0,0.7644200187172283,0.7644200187172283,0.7644200187172283,0.0,,
2019_01_WAS_PHI,2019,1,2019-09-08T13:00-04:00,PHI,WAS,5.0,8.021888911509546,7.930975558705589,8.021888911509546,0.0,0.010837922895357987,0.8096474961442066
2019_01_CIN_SEA,2019,1,2019-09-08T16:05-04:00,SEA,CIN,1.0,6.912380677127896,6.912380677127896,6.912380677127896,0.0,,
2019_01_IND_LAC,2019,1,2019-09-08T16:05-04:00,LAC,IND,6.0,2.758607552705581,2.758607552705581,2.758607552705581,0.0,,
2019_01_DET_ARI,2019,1,2019-09-08T16:25-04:00,ARI,DET,0.0,-6.054526730443343,-6.054526730443343,-6.054526730443343,0.0,,
2019_01_NYG_DAL,2019,1,2019-09-08T16:25-04:00,DAL,NYG,18.0,4.590304523181562,4.590304523181562,4.590304523181562,0.0,,
2019_01_SF_TB,2019,1,2019-09-08T16:25-04:00,TB,SF,-14.0,5.5918655676304025,5.5918655676304025,5.5918655676304025,0.0,,
2019_01_PIT_NE,2019,1,2019-09-08T20:20-04:00,NE,PIT,30.0,4.977265436981484,5.106336485106963,4.977265436981484,0.0,-0.49078306116507076,0.7443181818181819
2019_01_HOU_NO,2019,1,2019-09-09T19:10-04:00,NO,HOU,2.0,4.316078744914053,4.316078744914053,4.316078744914053,0.0,,
2019_01_DEN_OAK,2019,1,2019-09-09T22:20-04:00,LV,DEN,8.0,-0.9150340458709503,-0.9150340458709503,-0.9150340458709503,0.0,,
2019_02_TB_CAR,2019,2,2019-09-12T20:20-04:00,CAR,TB,-6.0,4.239679220923467,4.295952094370461,4.239679220923467,0.0,-0.005379534258844687,-0.5064431812414353
2019_02_ARI_BAL,2019,2,2019-09-15T13:00-04:00,BAL,ARI,6.0,11.08823775651976,11.301497221458238,11.08823775651976,0.0,-0.28590509490509497,-0.8615703874386138
2019_02_BUF_NYG,2019,2,2019-09-15T13:00-04:00,NYG,BUF,-14.0,2.3748597815376558,2.6160030477554717,2.3748597815376558,0.0,-0.6928781891955049,0.4980793854033291
2019_02_DAL_WAS,2019,2,2019-09-15T13:00-04:00,WAS,DAL,-10.0,-3.414348678546,-3.2986900444313854,-3.414348678546,0.0,0.06493506493506493,-1.3436219550190138
2019_02_IND_TEN,2019,2,2019-09-15T13:00-04:00,TEN,IND,-2.0,1.6155076690620267,1.60722018002704,1.6155076690620267,0.0,-0.19500707798377392,0.8545710225321737
2019_02_JAX_HOU,2019,2,2019-09-15T13:00-04:00,HOU,JAX,1.0,8.40549288497909,8.441609793080211,8.40549288497909,0.0,-0.35744721167916593,1.0851272129405123
2019_02_LAC_DET,2019,2,2019-09-15T13:00-04:00,DET,LAC,3.0,0.7474810390566343,0.4221335140929866,0.7474810390566343,0.0,0.5691722972972973,0.7846010303309202
2019_02_MIN_GB,2019,2,2019-09-15T13:00-04:00,GB,MIN,5.0,1.668622212149,1.668622212149,1.668622212149,0.0,,
2019_02_NE_MIA,2019,2,2019-09-15T13:00-04:00,MIA,NE,-43.0,-11.752212251716312,-11.521100407190993,-11.752212251716312,0.0,-0.2509358949644627,-1.1683395112218615
2019_02_SEA_PIT,2019,2,2019-09-15T13:00-04:00,PIT,SEA,-2.0,0.5287131557533984,0.34426744661273356,0.5287131557533984,0.0,0.3069852941176471,0.5073051948051948
2019_02_SF_CIN,2019,2,2019-09-15T13:00-04:00,CIN,SF,-24.0,1.3948940808863983,1.547945345078807,1.3948940808863983,0.0,-0.4331487623008652,0.2897777016015265
2019_02_KC_OAK,2019,2,2019-09-15T16:05-04:00,LV,KC,-18.0,-7.191261428357285,-7.343316565109839,-7.191261428357285,0.0,0.43050388050388044,-0.28858582949308764
2019_02_CHI_DEN,2019,2,2019-09-15T16:25-04:00,DEN,CHI,-2.0,-1.5537150522642045,-1.1210375962913934,-1.5537150522642045,0.0,-1.0192839001701706,0.0016431172308892794
2019_02_NO_LA,2019,2,2019-09-15T16:25-04:00,LAR,NO,18.0,2.77711186689172,2.724600442869577,2.77711186689172,0.0,-0.006120414673046276,0.516969696969697
2019_02_PHI_ATL,2019,2,2019-09-15T20:20-04:00,ATL,PHI,4.0,-0.053929909399184434,-0.038391619795006965,-0.053929909399184434,0.0,-0.04710285594431937,0.041880341880341884
2019_02_CLE_NYJ,2019,2,2019-09-16T20:15-04:00,NYJ,CLE,-20.0,0.12164873126050124,0.34472664131563335,0.12164873126050124,0.0,-0.5200219983653613,-0.021046063491590772
2019_03_TEN_JAX,2019,3,2019-09-19T20:20-04:00,JAX,TEN,13.0,-3.8493712758761287,-3.98590958527856,-3.8493712758761287,0.0,0.3198814655172414,0.006532109910515005
2019_03_ATL_IND,2019,3,2019-09-22T13:00-04:00,IND,ATL,3.0,2.3883422152279867,2.9059718864913346,2.3883422152279867,0.0,-0.7119851591625633,-2.019413337368846
2019_03_BAL_KC,2019,3,2019-09-22T13:00-04:00,KC,BAL,5.0,4.464299805272851,5.1564154194899565,4.464299805272851,0.0,-1.8506717223715903,0.8798719539957558
2019_03_CIN_BUF,2019,3,2019-09-22T13:00-04:00,BUF,CIN,4.0,4.825614877513928,4.873533228101701,4.825614877513928,0.0,-0.3940206986211545,1.1201166532342726
2019_03_DEN_GB,2019,3,2019-09-22T13:00-04:00,GB,DEN,11.0,4.678656052429922,4.673357412972904,4.678656052429922,0.0,0.12741443050932721,-0.45786323635885195
2019_03_DET_PHI,2019,3,2019-09-22T13:00-04:00,PHI,DET,-3.0,3.7265006375656897,3.890568964737838,3.7265006375656897,0.0,-0.40457475533695053,0.07260378510378518
2019_03_MIA_DAL,2019,3,2019-09-22T13:00-04:00,DAL,MIA,25.0,16.71810430159116,17.08729546695527,16.71810430159116,0.0,-0.6626472267228569,-0.8235141276980803
2019_03_NYJ_NE,2019,3,2019-09-22T13:00-04:00,NE,NYJ,16.0,17.184743681213355,16.42671158477973,17.184743681213355,0.0,1.404341977935926,1.5164613508318483
2019_03_OAK_MIN,2019,3,2019-09-22T13:00-04:00,MIN,LV,20.0,6.994377062793774,6.833566927449115,6.994377062793774,0.0,0.3999511241446726,-0.08474888598775576
2019_03_CAR_ARI,2019,3,2019-09-22T16:05-04:00,ARI,CAR,-18.0,0.48527609788278503,0.1411644025220402,0.48527609788278503,0.0,0.764909090909091,0.18088379480743594
2019_03_NYG_TB,2019,3,2019-09-22T16:05-04:00,TB,NYG,-1.0,5.956597440389489,5.85515873996656,5.956597440389489,0.0,0.4594181818854303,-0.878581051716645
2019_03_HOU_LAC,2019,3,2019-09-22T16:25-04:00,LAC,HOU,-7.0,2.290030001401317,2.392012432349179,2.290030001401317,0.0,-0.13854166666666667,-0.40476190476190477
2019_03_NO_SEA,2019,3,2019-09-22T16:25-04:00,SEA,NO,-6.0,4.1513707492123935,3.9965241148698203,4.1513707492123935,0.0,0.3904974110856463,-0.10303030303030308
2019_03_PIT_SF,2019,3,2019-09-22T16:25-04:00,SF,PIT,4.0,3.4517778826678556,4.018343159608082,3.4517778826678556,0.0,-1.2484073140789558,-0.34156925437399055
2019_03_LA_CLE,2019,3,2019-09-22T20:20-04:00,CLE,LAR,-7.0,-6.064539753667212,-5.827037940778514,-6.064539753667212,0.0,-0.134968633119529,-1.6902479548466445
2019_03_CHI_WAS,2019,3,2019-09-23T20:15-04:00,WAS,CHI,-16.0,-1.8684736444561065,-2.0856349383931603,-1.8684736444561065,0.0,0.46413101604278084,0.188191780141522
2019_04_PHI_GB,2019,4,2019-09-26T20:20-04:00,GB,PHI,-7.0,2.7485127462133034,2.7259927391021295,2.7485127462133034,0.0,-0.00842460054968712,0.24481128725169388
2019_04_CAR_HOU,2019,4,2019-09-29T13:00-04:00,HOU,CAR,-6.0,4.84010305083927,4.829414693573339,4.84010305083927,0.0,0.0,0.10026315789473685
2019_04_CLE_BAL,2019,4,2019-09-29T13:00-04:00,BAL,CLE,-15.0,7.809469215630338,7.816872553119769,7.809469215630338,0.0,0.16015725288831836,-0.7074495264207379
2019_04_KC_DET,2019,4,2019-09-29T13:00-04:00,DET,KC,-4.0,-4.862611998973223,-4.735212964065561,-4.862611998973223,0.0,-0.30000000000000004,0.0
2019_04_LAC_MIA,2019,4,2019-09-29T13:00-04:00,MIA,LAC,-20.0,-10.711307617026625,-10.859832426903804,-10.711307617026625,0.0,0.29140926640926645,0.23239436619718312
2019_04_NE_BUF,2019,4,2019-09-29T13:00-04:00,BUF,NE,-6.0,-5.662872518058014,-5.549604354636926,-5.662872518058014,0.0,-0.2298584046245642,-0.14685979513444303
2019_04_OAK_IND,2019,4,2019-09-29T13:00-04:00,IND,LV,-7.0,8.953004433523255,9.450681993386508,8.953004433523255,0.0,-0.31763679105105214,-3.4031752757600215
2019_04_TEN_ATL,2019,4,2019-09-29T13:00-04:00,ATL,TEN,-14.0,2.8205404499336657,2.831157036175971,2.8205404499336657,0.0,-0.025,0.0
2019_04_WAS_NYG,2019,4,2019-09-29T13:00-04:00,NYG,WAS,21.0,2.535832079403566,2.5679940906670193,2.535832079403566,0.0,-0.07573529411764704,0.0
2019_04_SEA_ARI,2019,4,2019-09-29T16:05-04:00,ARI,SEA,-17.0,-5.313874095660264,-5.384212122004214,-5.313874095660264,0.0,0.17366615784404582,-0.03200324675324681
2019_04_TB_LA,2019,4,2019-09-29T16:05-04:00,LAR,TB,-15.0,8.991669304449648,8.69402109370632,8.991669304449648,0.0,0.6808214078349671,0.08
2019_04_JAX_DEN,2019,4,2019-09-29T16:25-04:00,DEN,JAX,-2.0,3.083631997528074,3.1060445239355206,3.083631997528074,0.0,0.04925246722639569,-0.40644478541288115
2019_04_MIN_CHI,2019,4,2019-09-29T16:25-04:00,CHI,MIN,10.0,3.6636885951262417,3.822389976341594,3.6636885951262417,0.0,-0.25388888888888905,-0.4773226974566439
2019_04_DAL_NO,2019,4,2019-09-29T20:20-04:00,NO,DAL,2.0,-0.9149889440072947,-0.9570631474162963,-0.9149889440072947,0.0,0.07942184449537387,0.07829653895456488
2019_04_CIN_PIT,2019,4,2019-09-30T20:15-04:00,PIT,CIN,24.0,3.4817095407219005,3.7174485870444025,3.4817095407219005,0.0,-0.494759657594381,-0.24045002616431188
2019_05_LA_SEA,2019,5,2019-10-03T20:20-04:00,SEA,LAR,1.0,1.7582671002913957,1.885666135199056,1.7582671002913957,0.0,-0.30000000000000004,0.0
2019_05_ARI_CIN,2019,5,2019-10-06T13:00-04:00,CIN,ARI,-3.0,2.6465994967810267,2.4676875692959275,2.6465994967810267,0.0,0.30000000000000004,0.48322161709258493
2019_05_ATL_HOU,2019,5,2019-10-06T13:00-04:00,HOU,ATL,21.0,4.03588236174622,3.9991948985847023,4.03588236174622,0.0,0.179054054054054,-0.36912877648050074
2019_05_BAL_PIT,2019,5,2019-10-06T13:00-04:00,PIT,BAL,-3.0,0.14976621510426125,0.12265995473901092,0.14976621510426125,0.0,-0.04058296270632544,0.41593900130835976
2019_05_BUF_TEN,2019,5,2019-10-06T13:00-04:00,TEN,BUF,-7.0,5.684831007005798,5.3857804517841,5.684831007005798,0.0,0.7004405720861417,0.015000000000000003
2019_05_CHI_OAK,2019,5,2019-10-06T13:00-04:00,LV,CHI,3.0,-6.136798093750347,-6.028987962908696,-6.136798093750347,0.0,-0.30000000000000004,0.1837555886736215
2019_05_JAX_CAR,2019,5,2019-10-06T13:00-04:00,CAR,JAX,7.0,3.8235555116620334,3.8962714280659254,3.8235555116620334,0.0,0.0,-0.6821186106028817
2019_05_MIN_NYG,2019,5,2019-10-06T13:00-04:00,NYG,MIN,-18.0,-0.8802861669565327,-0.8802861669565327,-0.8802861669565327,0.0,0.0,0.0
2019_05_NE_WAS,2019,5,2019-10-06T13:00-04:00,WAS,NE,-26.0,-11.578893008824007,-11.44827929192325,-11.578893008824007,0.0,-0.28648347713399047,-0.08400000000000002
2019_05_NYJ_PHI,2019,5,2019-10-06T13:00-04:00,PHI,NYJ,25.0,12.060979198165132,12.059368919300674,12.060979198165132,0.0,0.04174515845070427,-0.1511904761904762
2019_05_TB_NO,2019,5,2019-10-06T13:00-04:00,NO,TB,7.0,2.689805590584219,2.5624065556765587,2.689805590584219,0.0,0.30000000000000004,0.0
2019_05_DEN_LAC,2019,5,2019-10-06T16:05-04:00,LAC,DEN,-7.0,7.229625665080556,7.418268185265304,7.229625665080556,0.0,-0.44353189510925983,-0.0027272727272726893
2019_05_GB_DAL,2019,5,2019-10-06T16:25-04:00,DAL,GB,-10.0,3.7032328141488704,3.6952206156347387,3.7032328141488704,0.0,-0.15441954640333,0.690304300235243
2019_05_IND_KC,2019,5,2019-10-06T20:20-04:00,KC,IND,-6.0,7.628785505403353,7.417832024324269,7.628785505403353,0.0,0.2659401034045459,0.9194713478611785
2019_05_CLE_SF,2019,5,2019-10-07T20:15-04:00,SF,CLE,28.0,2.1299421150445768,2.010739306214365,2.1299421150445768,0.0,0.2574626865671642,0.09256599378881988
2019_06_NYG_NE,2019,6,2019-10-10T20:20-04:00,NE,NYG,21.0,13.508716163688108,13.747527697615821,13.508716163688108,0.0,-0.5385565787066899,-0.09480254518378123
2019_06_CAR_TB,2019,6,2019-10-13T09:30-04:00,TB,CAR,-11.0,0.1549089647481745,0.10627249570392472,0.1549089647481745,0.0,0.10112086985221315,0.05341434639369147
2019_06_CIN_BAL,2019,6,2019-10-13T13:00-04:00,BAL,CIN,6.0,8.590345481237684,8.649198835294749,8.590345481237684,0.0,-0.15650663785118868,0.07137971666170062
2019_06_HOU_KC,2019,6,2019-10-13T13:00-04:00,KC,HOU,-7.0,4.601718522132872,4.561186559247364,4.601718522132872,0.0,0.07034195919703573,0.09999999999999998
2019_06_NO_JAX,2019,6,2019-10-13T13:00-04:00,JAX,NO,-7.0,-2.273391051466537,-2.3991576080658628,-2.273391051466537,0.0,0.30645962732919263,-0.04104616530156367
2019_06_PHI_MIN,2019,6,2019-10-13T13:00-04:00,MIN,PHI,18.0,-0.4833338216084717,-0.5635414561059326,-0.4833338216084717,0.0,0.1888734115347018,0.0
2019_06_SEA_CLE,2019,6,2019-10-13T13:00-04:00,CLE,SEA,-4.0,-4.533451261339359,-4.533451261339359,-4.533451261339359,0.0,0.0,0.0
2019_06_WAS_MIA,2019,6,2019-10-13T13:00-04:00,MIA,WAS,-1.0,-2.7069670729295967,-2.575711286914922,-2.7069670729295967,0.0,-0.23060566161948648,-0.31261763969655554
2019_06_ATL_ARI,2019,6,2019-10-13T16:05-04:00,ARI,ATL,1.0,-1.6785802868795485,-1.4527549658844512,-1.6785802868795485,0.0,-0.4263833735761287,-0.4198368768328447
2019_06_SF_LA,2019,6,2019-10-13T16:05-04:00,LAR,SF,-13.0,3.850037737183525,3.64658184782516,3.850037737183525,0.0,0.47009481241361484,0.03586956521739129
2019_06_DAL_NYJ,2019,6,2019-10-13T16:25-04:00,NYJ,DAL,2.0,-8.044640574272925,-8.00147014659293,-8.044640574272925,0.0,0.10976111888390949,-0.8422082940482094
2019_06_TEN_DEN,2019,6,2019-10-13T16:25-04:00,DEN,TEN,16.0,-0.5484266294059863,-0.4708260102635364,-0.5484266294059863,0.0,-0.17972602739726024,-0.011984126984126986
2019_06_PIT_LAC,2019,6,2019-10-13T20:20-04:00,LAC,PIT,-7.0,4.3562451442288666,4.394066732717079,4.3562451442288666,0.0,-0.08906250000000002,0.0
2019_06_DET_GB,2019,6,2019-10-14T20:15-04:00,GB,DET,1.0,3.0940715334513307,3.053734178286175,3.0940715334513307,0.0,0.054212793187151,0.16242654675889423
2019_07_KC_DEN,2019,7,2019-10-17T20:20-04:00,DEN,KC,-24.0,-3.549709599879015,-3.97960983587583,-3.549709599879015,0.0,0.9379411764705883,0.2963414634146342
2019_07_ARI_NYG,2019,7,2019-10-20T13:00-04:00,NYG,ARI,-6.0,0.667118596122239,0.47301655001828724,0.667118596122239,0.0,0.3779958592132505,0.31500997609002557
2019_07_HOU_IND,2019,7,2019-10-20T13:00-04:00,IND,HOU,7.0,-0.8402448858603013,-0.4553663189480708,-0.8402448858603013,0.0,-0.802432283029298,-0.413824091135801
2019_07_JAX_CIN,2019,7,2019-10-20T13:00-04:00,CIN,JAX,-10.0,0.90896309892317,0.815028143708226,0.90896309892317,0.0,0.22119858745326135,0.0
2019_07_LA_ATL,2019,7,2019-10-20T13:00-04:00,ATL,LAR,-27.0,-0.6970355206449298,-0.6546276121090291,-0.6970355206449298,0.0,-0.17517123287671227,0.30000000000000004
2019_07_MIA_BUF,2019,7,2019-10-20T13:00-04:00,BUF,MIA,10.0,11.600972577684221,11.45523153239368,11.600972577684221,0.0,0.3104591836734694,0.1303938197125402
2019_07_MIN_DET,2019,7,2019-10-20T13:00-04:00,DET,MIN,-12.0,0.5230205823911263,0.6161178394801586,0.5230205823911263,0.0,-0.07172131147540985,-0.587598988848989
2019_07_OAK_GB,2019,7,2019-10-20T13:00-04:00,GB,LV,18.0,4.8383256948127755,5.260888835570218,4.8383256948127755,0.0,-0.9094409282700422,-0.34104861766105415
2019_07_SF_WAS,2019,7,2019-10-20T13:00-04:00,WAS,SF,-9.0,-6.658401564663887,-6.732684346400539,-6.658401564663887,0.0,0.08186490391686929,0.3707000273448182
2019_07_LAC_TEN,2019,7,2019-10-20T16:05-04:00,TEN,LAC,3.0,-2.1788715355817794,-2.041691041740849,-2.1788715355817794,0.0,-0.25101880877742944,-0.2868771945137775
2019_07_BAL_SEA,2019,7,2019-10-20T16:25-04:00,SEA,BAL,-14.0,4.5236387289767634,4.486768441176979,4.5236387289767634,0.0,0.03846153846153849,0.19265002681463733
2019_07_NO_CHI,2019,7,2019-10-20T16:25-04:00,CHI,NO,-11.0,3.091075588674585,3.2277985192264342,3.091075588674585,0.0,-0.31690476190476197,-0.0201219512195122
2019_07_PHI_DAL,2019,7,2019-10-20T20:20-04:00,DAL,PHI,27.0,0.8598908573140785,1.4714832847982013,0.8598908573140785,0.0,-1.3885968107495548,-0.20549241315378616
2019_07_NE_NYJ,2019,7,2019-10-21T20:15-04:00,NYJ,NE,-33.0,-13.323695532887466,-13.084719317773857,-13.323695532887466,0.0,-0.4188356327088362,-0.5732672484815973
2019_08_WAS_MIN,2019,8,2019-10-24T20:20-04:00,MIN,WAS,10.0,12.690171416176558,12.536591129745517,12.690171416176558,0.0,0.2880041508128675,0.29338235294117654
2019_08_ARI_NO,2019,8,2019-10-27T13:00-04:00,NO,ARI,22.0,8.397225741581135,8.200750375164738,8.397225741581135,0.0,0.2578178400546822,0.8160138248847928
2019_08_CIN_LA,2019,8,2019-10-27T13:00-04:00,LAR,CIN,14.0,10.154485936333838,10.088447137990222,10.154485936333838,0.0,0.19318181818181823,-0.15007507507507512
2019_08_DEN_IND,2019,8,2019-10-27T13:00-04:00,IND,DEN,2.0,6.777610260428234,7.044790533162152,6.777610260428234,0.0,-0.3982955889835157,-0.9196613477288667
2019_08_LAC_CHI,2019,8,2019-10-27T13:00-04:00,CHI,LAC,-1.0,2.9904409086504047,2.8298765282928837,2.9904409086504047,0.0,0.31729646697388636,0.24220855725506407
2019_08_NYG_DET,2019,8,2019-10-27T13:00-04:00,DET,NYG,5.0,9.597754670294925,9.640953995216922,9.597754670294925,0.0,-0.066458153580673,-0.14049295774647888
2019_08_NYJ_JAX,2019,8,2019-10-27T13:00-04:00,JAX,NYJ,14.0,8.944247383600697,9.144519345757825,8.944247383600697,0.0,-0.46919427710843364,-0.009589800443458973
2019_08_PHI_BUF,2019,8,2019-10-27T13:00-04:00,BUF,PHI,-18.0,-0.5327962360466656,-0.32860634272726497,-0.5327962360466656,0.0,-0.3800344967532468,-0.4015188834154352
2019_08_SEA_ATL,2019,8,2019-10-27T13:00-04:00,ATL,SEA,-7.0,-6.48075944679671,-6.757397322050049,-6.48075944679671,0.0,0.6000000000000001,0.20487038433886878
2019_08_TB_TEN,2019,8,2019-10-27T13:00-04:00,TEN,TB,4.0,0.8758961649616821,0.7337061719275138,0.8758961649616821,0.0,0.30000000000000004,0.1387479977657119
2019_08_CAR_SF,2019,8,2019-10-27T16:05-04:00,SF,CAR,38.0,2.307481659785363,2.3605724590789166,2.307481659785363,0.0,-0.11619611546847558,-0.03514492753623188
2019_08_CLE_NE,2019,8,2019-10-27T16:25-04:00,NE,CLE,14.0,14.89322948476034,15.126394453564622,14.89322948476034,0.0,-0.4903173512620439,-0.23400000000000004
2019_08_OAK_HOU,2019,8,2019-10-27T16:25-04:00,HOU,LV,3.0,9.257673141058909,9.012338870879452,9.257673141058909,0.0,0.6023847257344084,-0.0982758620689655
2019_08_GB_KC,2019,8,2019-10-27T20:20-04:00,KC,GB,-7.0,1.3879739797536434,1.1426659183550707,1.3879739797536434,0.0,0.48889778582598314,0.3535644171776671
2019_08_MIA_PIT,2019,8,2019-10-28T20:15-04:00,PIT,MIA,13.0,14.075106255988288,14.019987383462118,14.075106255988288,0.0,0.02923809523809523,0.40057509431002536
2019_09_SF_ARI,2019,9,2019-10-31T20:20-04:00,ARI,SF,-3.0,-5.132833328912875,-5.215977522631062,-5.132833328912875,0.0,0.1957884385351491,0.0
2019_09_HOU_JAX,2019,9,2019-11-03T09:30-05:00,JAX,HOU,-23.0,-4.884966062004014,-4.935760153152126,-4.884966062004014,0.0,0.11961022589753942,0.0
2019_09_CHI_PHI,2019,9,2019-11-03T13:00-05:00,PHI,CHI,8.0,3.004056382847648,2.9712653173616115,3.004056382847648,0.0,0.10885168650793646,-0.1260214288395709
2019_09_IND_PIT,2019,9,2019-11-03T13:00-05:00,PIT,IND,2.0,2.483436797123116,2.284756286839781,2.483436797123116,0.0,0.30000000000000004,0.6686626993038403
2019_09_MIN_KC,2019,9,2019-11-03T13:00-05:00,KC,MIN,3.0,-0.6057246485344681,-0.6867092168470486,-0.6057246485344681,0.0,0.2501471515661131,-0.23680173092053503
2019_09_NYJ_MIA,2019,9,2019-11-03T13:00-05:00,MIA,NYJ,8.0,2.01625627549939,1.9612957921834122,2.01625627549939,0.0,0.15176819923371654,-0.08902113740153134
2019_09_TEN_CAR,2019,9,2019-11-03T13:00-05:00,CAR,TEN,10.0,2.0803948405921053,2.1848217180087626,2.0803948405921053,0.0,-0.26668129938542584,0.08276427469135801
2019_09_WAS_BUF,2019,9,2019-11-03T13:00-05:00,BUF,WAS,15.0,8.423956467304091,8.543154295693764,8.423956467304091,0.0,-0.1817261219792866,-0.39422315894623416
2019_09_DET_OAK,2019,9,2019-11-03T16:05-05:00,LV,DET,7.0,-0.8925150423970565,-0.8694829015427498,-0.8925150423970565,0.0,-0.055303030303030284,0.004249736026583739
2019_09_TB_SEA,2019,9,2019-11-03T16:05-05:00,SEA,TB,6.0,7.303028874070483,7.237041819654452,7.303028874070483,0.0,0.09892543859649125,0.22491888384166128
2019_09_CLE_DEN,2019,9,2019-11-03T16:25-05:00,DEN,CLE,5.0,1.5148806661473877,1.4329395569622343,1.5148806661473877,0.0,0.19295540796963945,0.0
2019_09_GB_LAC,2019,9,2019-11-03T16:25-05:00,LAC,GB,15.0,-0.4379493575999845,-0.6132722893390934,-0.4379493575999845,0.0,0.5021396981419598,-0.3556882176052488
2019_09_NE_BAL,2019,9,2019-11-03T20:20-05:00,BAL,NE,17.0,-3.7823190259185853,-4.108015199381247,-3.7823190259185853,0.0,0.8485117762766679,-0.3249041030371275
2019_09_DAL_NYG,2019,9,2019-11-04T20:15-05:00,NYG,DAL,-19.0,-8.38439730985972,-8.536587552894602,-8.38439730985972,0.0,0.27408936376881976,0.3357738095238096
2019_10_LAC_OAK,2019,10,2019-11-07T20:20-05:00,LV,LAC,2.0,-2.730381409970665,-2.5107794592062405,-2.730381409970665,0.0,-0.5718750000000001,0.21812192118226606
2019_10_ARI_TB,2019,10,2019-11-10T13:00-05:00,TB,ARI,3.0,3.949065919121357,3.968657886267478,3.949065919121357,0.0,-0.09999999999999998,0.21457528957528962
2019_10_ATL_NO,2019,10,2019-11-10T13:00-05:00,NO,ATL,-17.0,10.391719972401049,10.46200581818505,10.391719972401049,0.0,-0.16550952486008336,0.0
2019_10_BAL_CIN,2019,10,2019-11-10T13:00-05:00,CIN,BAL,-36.0,-10.357998610635782,-10.858640483823255,-10.357998610635782,0.0,1.0988987986894796,0.31875000000000003
2019_10_BUF_CLE,2019,10,2019-11-10T13:00-05:00,CLE,BUF,3.0,0.3421020055276238,0.37326728949686583,0.3421020055276238,0.0,0.0,-0.2923489278752437
2019_10_DET_CHI,2019,10,2019-11-10T13:00-05:00,CHI,DET,7.0,5.7876401423245705,5.5694372879000555,5.7876401423245705,0.0,0.4778475073313784,0.1433212764958503
2019_10_KC_TEN,2019,10,2019-11-10T13:00-05:00,TEN,KC,3.0,-5.267774575727857,-5.250706743488283,-5.267774575727857,0.0,-0.09999999999999998,0.23825317855168604
2019_10_NYG_NYJ,2019,10,2019-11-10T13:00-05:00,NYJ,NYG,7.0,-1.2478922259680227,-0.6609538697476439,-1.2478922259680227,0.0,-1.2887092125579003,-0.37213438735177873
2019_10_MIA_IND,2019,10,2019-11-10T16:05-05:00,IND,MIA,-4.0,10.425472225174918,10.362542681527234,10.425472225174918,0.0,0.30000000000000004,-0.6047622305998481
2019_10_CAR_GB,2019,10,2019-11-10T16:25-05:00,GB,CAR,8.0,5.949931842565842,6.086362865756055,5.949931842565842,0.0,-0.19840226296811508,-0.4894497809825126
2019_10_LA_PIT,2019,10,2019-11-10T16:25-05:00,PIT,LAR,5.0,-0.43856656104665837,-0.42374822360087017,-0.43856656104665837,0.0,-0.034894308555465825,0.0
2019_10_MIN_DAL,2019,10,2019-11-10T20:20-05:00,DAL,MIN,-4.0,2.7757659216103256,3.0186588747136756,2.7757659216103256,0.0,-0.5240893637688198,-0.19072022949240136
2019_10_SEA_SF,2019,10,2019-11-11T20:15-05:00,SF,SEA,-3.0,2.2554858845418293,2.3925424516968654,2.2554858845418293,0.0,-0.340995652830171,0.07271671826625387
2019_11_PIT_CLE,2019,11,2019-11-14T20:20-05:00,CLE,PIT,14.0,-3.1120099619392008,-3.094809128200456,-3.1120099619392008,0.0,-0.11581346423562415,0.30000000000000004
2019_11_ATL_CAR,2019,11,2019-11-17T13:00-05:00,CAR,ATL,-26.0,2.3883404728499675,2.4417853794853155,2.3883404728499675,0.0,0.09999999999999998,-0.8997046715647239
2019_11_BUF_MIA,2019,11,2019-11-17T13:00-05:00,MIA,BUF,-17.0,-3.464337403218173,-3.453670777623926,-3.464337403218173,0.0,0.0,-0.1000593018694296
2019_11_DAL_DET,2019,11,2019-11-17T13:00-05:00,DET,DAL,-8.0,-5.6343881976623305,-5.801402261984697,-5.6343881976623305,0.0,0.4436461647225168,-0.20061573068511765
2019_11_DEN_MIN,2019,11,2019-11-17T13:00-05:00,MIN,DEN,4.0,9.284766166481457,9.212475811355397,9.284766166481457,0.0,0.1939338235294118,-0.09442743417023884
2019_11_HOU_BAL,2019,11,2019-11-17T13:00-05:00,BAL,HOU,34.0,2.660835276664775,2.567561782052092,2.660835276664775,0.0,0.1443321367844323,0.30000000000000004
2019_11_JAX_IND,2019,11,2019-11-17T13:00-05:00,IND,JAX,20.0,5.4669362208205206,5.717152126738924,5.4669362208205206,0.0,-0.39282608695652177,-0.7823137688648074
2019_11_NO_TB,2019,11,2019-11-17T13:00-05:00,TB,NO,-17.0,-3.32329763583575,-3.3241589128570315,-3.32329763583575,0.0,0.02761164274322168,-0.10191434133679436
2019_11_NYJ_WAS,2019,11,2019-11-17T13:00-05:00,WAS,NYJ,-17.0,2.422767245032135,1.961006433556758,2.422767245032135,0.0,0.9863667344297576,0.40230477513086216
2019_11_ARI_SF,2019,11,2019-11-17T16:05-05:00,SF,ARI,10.0,7.241900439916237,7.276808789323178,7.241900439916237,0.0,-0.09221511125302762,0.03988664786123697
2019_11_CIN_OAK,2019,11,2019-11-17T16:25-05:00,LV,CIN,7.0,11.539073996306456,11.581638610080628,11.539073996306456,0.0,-0.15530303030303028,0.21938311688311693
2019_11_NE_PHI,2019,11,2019-11-17T16:25-05:00,PHI,NE,-7.0,-4.011587620365476,-4.055507561321174,-4.011587620365476,0.0,0.05396825396825397,0.19700748099826448
2019_11_CHI_LA,2019,11,2019-11-17T20:20-05:00,LAR,CHI,10.0,3.693365891754539,4.0827206385044414,3.693365891754539,0.0,-0.9318579052526422,0.05976608187134501
2019_11_KC_LAC,2019,11,2019-11-18T20:15-05:00,LAC,KC,-7.0,-3.218727726794366,-3.3026295532568613,-3.218727726794366,0.0,0.2728813559322034,-0.30000000000000004
2019_12_IND_HOU,2019,12,2019-11-21T20:20-05:00,HOU,IND,3.0,4.189007668153412,3.9276185717831584,4.189007668153412,0.0,0.49282111662924494,0.4887851388558415
2019_12_CAR_NO,2019,12,2019-11-24T13:00-05:00,NO,CAR,3.0,11.342850954254791,11.129409101734012,11.342850954254791,0.0,0.5026141352063214,0.0
2019_12_DEN_BUF,2019,12,2019-11-24T13:00-05:00,BUF,DEN,17.0,4.886586733363208,4.3597550442283985,4.886586733363208,0.0,1.2405863737900225,0.0
2019_12_DET_WAS,2019,12,2019-11-24T13:00-05:00,WAS,DET,3.0,-4.59643616417123,-4.4866253150476005,-4.59643616417123,0.0,-0.20166666666666672,-0.22673262548262557
2019_12_MIA_CLE,2019,12,2019-11-24T13:00-05:00,CLE,MIA,17.0,9.18388028063101,9.231122319183044,9.18388028063101,0.0,-0.09515942028985505,-0.06408176508760546
2019_12_NYG_CHI,2019,12,2019-11-24T13:00-05:00,CHI,NYG,5.0,9.215102300983958,9.226570588164952,9.215102300983958,0.0,0.0,-0.10757936507936507
2019_12_OAK_NYJ,2019,12,2019-11-24T13:00-05:00,NYJ,LV,31.0,-3.8801770868455643,-3.4381724146952983,-3.8801770868455643,0.0,-0.8506603690427222,-0.7575797704058574
2019_12_PIT_CIN,2019,12,2019-11-24T13:00-05:00,CIN,PIT,-6.0,-8.422833742137307,-8.28057148649042,-8.422833742137307,0.0,-0.3350000000000001,0.0
2019_12_SEA_PHI,2019,12,2019-11-24T13:00-05:00,PHI,SEA,-8.0,-0.008854608718601664,-0.18392551262995882,-0.008854608718601664,0.0,0.3917792792792793,0.08157894736842103
2019_12_TB_ATL,2019,12,2019-11-24T13:00-05:00,ATL,TB,-13.0,5.310298112522648,5.318417605194843,5.310298112522648,0.0,0.0,-0.07616567780835454
2019_12_JAX_TEN,2019,12,2019-11-24T16:05-05:00,TEN,JAX,22.0,4.308626516365924,4.44425109435598,4.308626516365924,0.0,-0.30000000000000004,-0.07716049382716048
2019_12_DAL_NE,2019,12,2019-11-24T16:25-05:00,NE,DAL,4.0,4.839863657039297,5.027760877570289,4.839863657039297,0.0,-0.3814629847238544,-0.2429933884599784
2019_12_GB_SF,2019,12,2019-11-24T20:20-05:00,SF,GB,29.0,0.06834764136065696,0.2286372227834672,0.06834764136065696,0.0,-0.3774508532321047,0.0
2019_12_BAL_LA,2019,12,2019-11-25T20:15-05:00,LAR,BAL,-39.0,-3.436357680430367,-3.5142798784990905,-3.436357680430367,0.0,0.18349165233128165,0.0
2019_13_CHI_DET,2019,13,2019-11-28T12:30-05:00,DET,CHI,-4.0,-4.66692224239781,-4.409403494018055,-4.66692224239781,0.0,-0.48380169671261936,-0.4884086954157377
2019_13_BUF_DAL,2019,13,2019-11-28T16:30-05:00,DAL,BUF,-11.0,6.075363252089378,6.059563328187359,6.075363252089378,0.0,0.03720575414123811,0.0
2019_13_NO_ATL,2019,13,2019-11-28T20:20-05:00,ATL,NO,-8.0,-3.6376532080744806,-3.7116784329558987,-3.6376532080744806,0.0,0.09900619751366022,0.30000000000000004
2019_13_CLE_PIT,2019,13,2019-12-01T13:00-05:00,PIT,CLE,7.0,1.8429364924693492,1.7486909688956738,1.8429364924693492,0.0,0.12915942028985505,0.36956018518518524
2019_13_GB_NYG,2019,13,2019-12-01T13:00-05:00,NYG,GB,-18.0,-6.452764721561772,-6.64570171294137,-6.452764721561772,0.0,0.45432916706026827,0.0
2019_13_NYJ_CIN,2019,13,2019-12-01T13:00-05:00,CIN,NYJ,16.0,-0.6942460017315616,-1.0649295023933818,-0.6942460017315616,0.0,0.8060073260073262,0.26642438679545133
2019_13_PHI_MIA,2019,13,2019-12-01T13:00-05:00,MIA,PHI,6.0,-6.914222363590461,-6.990366531473255,-6.914222363590461,0.0,0.2630630630630631,-0.33365934513138074
2019_13_SF_BAL,2019,13,2019-12-01T13:00-05:00,BAL,SF,3.0,8.65839540790854,8.903259271857856,8.65839540790854,0.0,-0.443124389705616,-0.5317403035850079
2019_13_TB_JAX,2019,13,2019-12-01T13:00-05:00,JAX,TB,-17.0,-0.7869462953486676,-0.7654350464855718,-0.7869462953486676,0.0,-0.08158645276292334,0.12321914852457555
2019_13_TEN_IND,2019,13,2019-12-01T13:00-05:00,IND,TEN,-14.0,4.931915515415456,5.2122173079761325,4.931915515415456,0.0,-0.3941496163682865,-1.0592649002215189
2019_13_WAS_CAR,2019,13,2019-12-01T13:00-05:00,CAR,WAS,-8.0,9.138705009277519,9.255067621318444,9.138705009277519,0.0,-0.14045905831620117,-0.5320184553349877
2019_13_LA_ARI,2019,13,2019-12-01T16:05-05:00,ARI,LAR,-27.0,-2.3086154762109143,-2.235057654836851,-2.3086154762109143,0.0,-0.07611111111111113,-0.3868202539889287
2019_13_LAC_DEN,2019,13,2019-12-01T16:25-05:00,DEN,LAC,3.0,-4.693909378726706,-4.872822239076897,-4.693909378726706,0.0,0.5212429378531075,-0.3981121403661727
2019_13_OAK_KC,2019,13,2019-12-01T16:25-05:00,KC,LV,31.0,10.842136717010609,10.74760261918685,10.842136717010609,0.0,0.20086084130521453,0.08663768115942026
2019_13_NE_HOU,2019,13,2019-12-01T20:20-05:00,HOU,NE,6.0,-1.9210836085274636,-2.6549180380871364,-1.9210836085274636,0.0,1.3753951143798941,1.4047854349951125
2019_13_MIN_SEA,2019,13,2019-12-02T20:15-05:00,SEA,MIN,7.0,1.3976944774140074,1.6896497445983663,1.3976944774140074,0.0,-0.6796721311475411,-0.031175052447842022
2019_14_DAL_CHI,2019,14,2019-12-05T20:20-05:00,CHI,DAL,7.0,0.09986364342516385,0.05044326513002528,0.09986364342516385,0.0,0.09999999999999998,0.06523297491039426
2019_14_BAL_BUF,2019,14,2019-12-08T13:00-05:00,BUF,BAL,-7.0,-6.394799590517682,-6.388612546767345,-6.394799590517682,0.0,-0.07867388927510854,0.25536684405842114
2019_14_CAR_ATL,2019,14,2019-12-08T13:00-05:00,ATL,CAR,20.0,4.147607394093528,4.355288433386205,4.147607394093528,0.0,-0.41193537170744776,-0.3071877106006377
2019_14_CIN_CLE,2019,14,2019-12-08T13:00-05:00,CLE,CIN,8.0,7.525614405720971,7.571452001392453,7.525614405720971,0.0,-0.10793864106907583,0.0
2019_14_DEN_HOU,2019,14,2019-12-08T13:00-05:00,HOU,DEN,-14.0,9.730062197134275,9.742538921252425,9.730062197134275,0.0,0.12121735791090628,-0.599920100611748
2019_14_DET_MIN,2019,14,2019-12-08T13:00-05:00,MIN,DET,13.0,9.514172930968536,9.60412524177346,9.514172930968536,0.0,-0.30000000000000004,0.35127257799671596
2019_14_IND_TB,2019,14,2019-12-08T13:00-05:00,TB,IND,3.0,1.0240646980669261,0.9240178642590234,1.0240646980669261,0.0,0.0,0.9384988960767777
2019_14_MIA_NYJ,2019,14,2019-12-08T13:00-05:00,NYJ,MIA,1.0,3.849585445300084,4.173995105287069,3.849585445300084,0.0,-0.6794871794871796,-0.3363533617806482
2019_14_SF_NO,2019,14,2019-12-08T13:00-05:00,NO,SF,-2.0,3.9148009383747198,3.9296882640812694,3.9148009383747198,0.0,-0.035056762519449114,0.0
2019_14_WAS_GB,2019,14,2019-12-08T13:00-05:00,GB,WAS,5.0,14.023581081094608,14.210415632002128,14.023581081094608,0.0,-0.43995910418695233,0.0
2019_14_LAC_JAX,2019,14,2019-12-08T16:05-05:00,JAX,LAC,-35.0,-4.745263047159914,-4.745263047159914,-4.745263047159914,0.0,0.0,0.0
2019_14_KC_NE,2019,14,2019-12-08T16:25-05:00,NE,KC,-7.0,1.3579773693179205,1.702773594481314,1.3579773693179205,0.0,-0.7384414708385076,-0.29274140066716847
2019_14_PIT_ARI,2019,14,2019-12-08T16:25-05:00,ARI,PIT,-6.0,-2.8795648930214455,-2.6738250073436567,-2.8795648930214455,0.0,-0.30000000000000004,-0.7348838455662723
2019_14_TEN_OAK,2019,14,2019-12-08T16:25-05:00,LV,TEN,-21.0,-1.0453207804731497,-1.0243256082664014,-1.0453207804731497,0.0,-0.07740112994350276,0.11138761923826002
2019_14_SEA_LA,2019,14,2019-12-08T20:20-05:00,LAR,SEA,16.0,-0.08671457733024734,-0.03248550040912557,-0.08671457733024734,0.0,-0.12388888888888894,-0.015177747389832963
2019_14_NYG_PHI,2019,14,2019-12-09T20:15-05:00,PHI,NYG,6.0,8.357932802892352,8.485331837800011,8.357932802892352,0.0,-0.30000000000000004,0.0
2019_15_NYJ_BAL,2019,15,2019-12-12T20:20-05:00,BAL,NYJ,21.0,15.906100519583394,15.896600548773918,15.906100519583394,0.0,-0.03325741422756345,0.22159949124627973
2019_15_CHI_GB,2019,15,2019-12-15T13:00-05:00,GB,CHI,8.0,4.166971536341368,4.22316750297604,4.166971536341368,0.0,-0.09165358283774488,-0.16204078455790788
2019_15_DEN_KC,2019,15,2019-12-15T13:00-05:00,KC,DEN,20.0,11.453830928460452,11.406706020283279,11.453830928460452,0.0,0.21734693877551026,-0.42376271186440684
2019_15_HOU_TEN,2019,15,2019-12-15T13:00-05:00,TEN,HOU,-3.0,0.4260995428813943,0.4356801941472215,0.4260995428813943,0.0,0.023414449195824194,-0.18314592469924978
2019_15_MIA_NYG,2019,15,2019-12-15T13:00-05:00,NYG,MIA,16.0,3.0629508273453285,2.891402173834859,3.0629508273453285,0.0,0.4039637826961771,0.0
2019_15_NE_CIN,2019,15,2019-12-15T13:00-05:00,CIN,NE,-21.0,-9.414401792266258,-9.729816422703337,-9.414401792266258,0.0,0.7552637415213481,-0.04988859180035654
2019_15_PHI_WAS,2019,15,2019-12-15T13:00-05:00,WAS,PHI,-10.0,-6.155734100658929,-6.129686817946889,-6.155734100658929,0.0,0.0,-0.24433902743974611
2019_15_SEA_CAR,2019,15,2019-12-15T13:00-05:00,CAR,SEA,-6.0,-6.497595224430687,-6.497490186470741,-6.497595224430687,0.0,0.09999999999999998,-0.3993449303972648
2019_15_TB_DET,2019,15,2019-12-15T13:00-05:00,DET,TB,-21.0,-0.958883312534413,-1.2176594094426612,-0.958883312534413,0.0,0.5303525311461299,0.3147636502558843
2019_15_CLE_ARI,2019,15,2019-12-15T16:05-05:00,ARI,CLE,14.0,-1.86657203671734,-1.8254989357602733,-1.86657203671734,0.0,0.00028881566194993713,-0.38644067796610176
2019_15_JAX_OAK,2019,15,2019-12-15T16:05-05:00,LV,JAX,-4.0,4.514417725399613,4.722362817516856,4.514417725399613,0.0,-0.385225788152783,-0.41606487673597514
2019_15_MIN_LAC,2019,15,2019-12-15T16:05-05:00,LAC,MIN,-29.0,0.3016897072210488,0.16851482713202603,0.3016897072210488,0.0,0.2615927873175124,0.20717969163410732
2019_15_ATL_SF,2019,15,2019-12-15T16:25-05:00,SF,ATL,-7.0,5.505582371923361,5.479125174275771,5.505582371923361,0.0,0.0,0.24818427370948384
2019_15_LA_DAL,2019,15,2019-12-15T16:25-05:00,DAL,LAR,23.0,1.46163168660919,1.4105144214428922,1.46163168660919,0.0,0.22897805721663822,-0.43264570344266745
2019_15_BUF_PIT,2019,15,2019-12-15T20:20-05:00,PIT,BUF,-7.0,2.563199820066047,2.517631024412343,2.563199820066047,0.0,0.10730566919929865,0.0
2019_15_IND_NO,2019,15,2019-12-16T20:15-05:00,NO,IND,27.0,6.078508373973747,5.812644672257752,6.078508373973747,0.0,0.4107965147276915,0.8575124880765732
2019_16_HOU_TB,2019,16,2019-12-21T13:00-05:00,TB,HOU,-3.0,-1.0672492996418808,-0.8375927984033891,-1.0672492996418808,0.0,-0.48274675692954966,-0.23124667453308168
2019_16_BUF_NE,2019,16,2019-12-21T16:30-05:00,NE,BUF,7.0,7.4245648015851256,7.592683237314157,7.4245648015851256,0.0,-0.2835192697768763,-0.44762480798771126
2019_16_LA_SF,2019,16,2019-12-21T20:15-05:00,SF,LAR,3.0,3.1719862510677856,3.0602842355644873,3.1719862510677856,0.0,0.2630365659777425,0.0
2019_16_BAL_CLE,2019,16,2019-12-22T13:00-05:00,CLE,BAL,-16.0,-9.927337893397523,-9.917962897577052,-9.927337893397523,0.0,0.09290331890331896,-0.4580323457055314
2019_16_CAR_IND,2019,16,2019-12-22T13:00-05:00,IND,CAR,32.0,8.410838412335,8.434425698229733,8.410838412335,0.0,0.059474139356688105,-0.45818374258744266
2019_16_CIN_MIA,2019,16,2019-12-22T13:00-05:00,MIA,CIN,3.0,1.8703513096072648,1.9104003702848469,1.8703513096072648,0.0,-0.07972417840375585,-0.0580951176321781
2019_16_JAX_ATL,2019,16,2019-12-22T13:00-05:00,ATL,JAX,12.0,10.113395010355443,10.176044840386783,10.113395010355443,0.0,-0.15387397249765133,0.025279035092430152
2019_16_NO_TEN,2019,16,2019-12-22T13:00-05:00,TEN,NO,-10.0,-2.947272692077767,-2.967390696093904,-2.947272692077767,0.0,0.0,0.1887188613751114
2019_16_NYG_WAS,2019,16,2019-12-22T13:00-05:00,WAS,NYG,-6.0,1.3060485619350901,1.3380294734394496,1.3060485619350901,0.0,0.0,-0.30000000000000004
2019_16_PIT_NYJ,2019,16,2019-12-22T13:00-05:00,NYJ,PIT,6.0,-2.587190953558495,-2.17900261207032,-2.587190953558495,0.0,-0.6406270959087861,-1.2770501768346598
2019_16_DET_DEN,2019,16,2019-12-22T16:05-05:00,DEN,DET,10.0,6.109916648067033,6.235261279278952,6.109916648067033,0.0,-0.3340406847866863,0.15487587017233118
2019_16_OAK_LAC,2019,16,2019-12-22T16:05-05:00,LAC,LV,-7.0,7.429515601149498,7.344582911211058,7.429515601149498,0.0,0.19999999999999996,0.0
2019_16_ARI_SEA,2019,16,2019-12-22T16:25-05:00,SEA,ARI,-14.0,10.27050124530345,10.116843375147607,10.27050124530345,0.0,0.3876847290640395,-0.10297703003225615
2019_16_DAL_PHI,2019,16,2019-12-22T16:25-05:00,PHI,DAL,8.0,-0.27460923867853015,-0.36282543751199237,-0.27460923867853015,0.0,0.2193028255528255,-0.04609339160684667
2019_16_KC_CHI,2019,16,2019-12-22T20:20-05:00,CHI,KC,-23.0,-6.267383213542977,-6.230780598851793,-6.267383213542977,0.0,0.0,-0.3433543289051764
2019_16_GB_MIN,2019,16,2019-12-23T20:15-05:00,MIN,GB,-13.0,5.289358105607687,5.231425492350998,5.289358105607687,0.0,0.09312494842638586,0.17247023809523815
2019_17_ATL_TB,2019,17,2019-12-29T13:00-05:00,TB,ATL,-6.0,-0.5459564775987558,-0.4097458890597607,-0.5459564775987558,0.0,-0.28299506578947375,-0.15039841174739693
2019_17_CHI_MIN,2019,17,2019-12-29T13:00-05:00,MIN,CHI,-2.0,4.655452985445767,4.649136142998748,4.655452985445767,0.0,0.0,0.059255744910436864
2019_17_CLE_CIN,2019,17,2019-12-29T13:00-05:00,CIN,CLE,10.0,-2.3291651129788287,-2.5747204229984257,-2.3291651129788287,0.0,0.4484415584415584,0.5170450268649518
2019_17_GB_DET,2019,17,2019-12-29T13:00-05:00,DET,GB,-3.0,-8.656648557704433,-8.711550621142763,-8.656648557704433,0.0,0.22639023405972558,-0.38683319887687917
2019_17_LAC_KC,2019,17,2019-12-29T13:00-05:00,KC,LAC,10.0,11.770147308864624,11.770147308864624,11.770147308864624,0.0,0.0,0.0
2019_17_MIA_NE,2019,17,2019-12-29T13:00-05:00,NE,MIA,-3.0,14.977506304463788,15.27085116767049,14.977506304463788,0.0,-0.6243294211692889,-0.2646732954885056
2019_17_NO_CAR,2019,17,2019-12-29T13:00-05:00,CAR,NO,-32.0,-11.141305674753067,-11.146931524998736,-11.141305674753067,0.0,0.0,0.05277382645803698
2019_17_NYJ_BUF,2019,17,2019-12-29T13:00-05:00,BUF,NYJ,-7.0,7.00991430982882,6.74868803398346,7.00991430982882,0.0,0.4030551902362643,0.844848981221215
2019_17_ARI_LA,2019,17,2019-12-29T16:25-05:00,LAR,ARI,7.0,7.868404983472295,7.84073048723395,7.868404983472295,0.0,0.06516806722689078,0.0
2019_17_IND_JAX,2019,17,2019-12-29T16:25-05:00,JAX,IND,18.0,-5.6590980727252465,-5.581222305343328,-5.6590980727252465,0.0,-0.24593646292827986,0.24919045256118377
2019_17_OAK_DEN,2019,17,2019-12-29T16:25-05:00,DEN,LV,1.0,3.943824646188048,3.9186976596254484,3.943824646188048,0.0,0.08856604788808177,-0.11710526315789475
2019_17_PHI_NYG,2019,17,2019-12-29T16:25-05:00,NYG,PHI,-17.0,-5.5434552359724485,-5.4590200970335,-5.5434552359724485,0.0,-0.043626373626373616,-0.6182620461730052
2019_17_PIT_BAL,2019,17,2019-12-29T16:25-05:00,BAL,PIT,18.0,12.176525697619276,12.312001659247835,12.176525697619276,0.0,-0.19585616438356168,-0.49063336306868877
2019_17_TEN_HOU,2019,17,2019-12-29T16:25-05:00,HOU,TEN,-21.0,0.3214064900918352,0.582110688314665,0.3214064900918352,0.0,-0.5977272727272729,-0.064456630109671
2019_17_WAS_DAL,2019,17,2019-12-29T16:25-05:00,DAL,WAS,31.0,11.88394431896334,11.878520532258856,11.88394431896334,0.0,0.12928571428571434,-0.464143719417692
2019_17_SF_SEA,2019,17,2019-12-29T20:20-05:00,SEA,SF,-5.0,2.8364044704869844,2.8143720586224275,2.8364044704869844,0.0,0.07228125595110568,-0.08126218323586742
2020_01_HOU_KC,2020,1,2020-09-10T20:20-04:00,KC,HOU,14.0,7.7199876022896134,7.680724916924404,7.7199876022896134,0.0,0.1774912891986063,0.0
2020_01_CHI_DET,2020,1,2020-09-13T13:00-04:00,DET,CHI,-4.0,0.3041865783250761,0.3041865783250761,0.3041865783250761,0.0,,
2020_01_CLE_BAL,2020,1,2020-09-13T13:00-04:00,BAL,CLE,32.0,12.467761109181058,12.467761109181058,12.467761109181058,0.0,,
2020_01_GB_MIN,2020,1,2020-09-13T13:00-04:00,MIN,GB,-9.0,0.8768194723102569,0.8768194723102569,0.8768194723102569,0.0,,
2020_01_IND_JAX,2020,1,2020-09-13T13:00-04:00,JAX,IND,7.0,-3.199864634673568,-3.41560384528217,-3.199864634673568,0.0,0.7667410714285715,0.3458587023904505
2020_01_LV_CAR,2020,1,2020-09-13T13:00-04:00,CAR,LV,-4.0,-1.9690049436689927,-2.0855357473693252,-1.9690049436689927,0.0,0.6137527036770007,-0.14423076923076925
2020_01_MIA_NE,2020,1,2020-09-13T13:00-04:00,NE,MIA,10.0,8.22415883430921,8.32219828473299,8.22415883430921,0.0,-0.23951268807545473,-0.33782085561497327
2020_01_NYJ_BUF,2020,1,2020-09-13T13:00-04:00,BUF,NYJ,10.0,4.238911910699755,4.1325364977715235,4.238911910699755,0.0,0.30000000000000004,0.30000000000000004
2020_01_PHI_WAS,2020,1,2020-09-13T13:00-04:00,WAS,PHI,10.0,-7.159538763961018,-7.159538763961018,-7.159538763961018,0.0,0.0,0.0
2020_01_SEA_ATL,2020,1,2020-09-13T13:00-04:00,ATL,SEA,-13.0,0.9009520287768833,0.9009520287768833,0.9009520287768833,0.0,,
2020_01_LAC_CIN,2020,1,2020-09-13T16:05-04:00,CIN,LAC,-3.0,-2.9191099301819694,-3.0415059708082777,-2.9191099301819694,0.0,1.873883285708033,-2.1902349828820418
2020_01_ARI_SF,2020,1,2020-09-13T16:25-04:00,SF,ARI,-4.0,4.9447696039362175,4.964574729669293,4.9447696039362175,0.0,-0.08953125000000002,0.0
2020_01_TB_NO,2020,1,2020-09-13T16:25-04:00,NO,TB,11.0,8.845950728046528,8.669232691159525,8.845950728046528,0.0,0.6565583881578947,0.23603531300160516
2020_01_DAL_LA,2020,1,2020-09-13T20:20-04:00,LAR,DAL,3.0,0.5735812047504658,0.5735812047504658,0.5735812047504658,0.0,0.0,0.0
2020_01_PIT_NYG,2020,1,2020-09-14T19:15-04:00,NYG,PIT,-10.0,-0.8850572928106265,-0.9410599377718388,-0.8850572928106265,0.0,0.2531661184210527,0.0
2020_01_TEN_DEN,2020,1,2020-09-14T22:10-04:00,DEN,TEN,-2.0,-0.7394446947809383,-0.7880147695338424,-0.7394446947809383,0.0,0.2195663670015865,0.0
2020_02_CIN_CLE,2020,2,2020-09-17T20:20-04:00,CLE,CIN,5.0,1.4705533557334118,1.663163264632887,1.4705533557334118,0.0,-0.8707142857142858,0.0
2020_02_ATL_DAL,2020,2,2020-09-20T13:00-04:00,DAL,ATL,1.0,5.209535621029644,4.984285350475394,5.209535621029644,0.0,1.1637318537518937,-0.2412568681318682
2020_02_BUF_MIA,2020,2,2020-09-20T13:00-04:00,MIA,BUF,-3.0,-2.7210617557746373,-2.654806023280809,-2.7210617557746373,0.0,-0.2995163287416809,0.0
2020_02_CAR_TB,2020,2,2020-09-20T13:00-04:00,TB,CAR,14.0,4.468549424460172,4.500310983110851,4.468549424460172,0.0,0.0,-0.2381361533377396
2020_02_DEN_PIT,2020,2,2020-09-20T13:00-04:00,PIT,DEN,5.0,3.25884061306981,3.1303291724032283,3.25884061306981,0.0,0.5809501074242063,0.0
2020_02_DET_GB,2020,2,2020-09-20T13:00-04:00,GB,DET,21.0,7.096224533191838,7.17233742954162,7.096224533191838,0.0,-0.3615384615384616,0.02896102819237148
2020_02_JAX_TEN,2020,2,2020-09-20T13:00-04:00,TEN,JAX,3.0,6.58525924316896,6.623937098384414,6.58525924316896,0.0,0.0,-0.2899919289749799
2020_02_LA_PHI,2020,2,2020-09-20T13:00-04:00,PHI,LAR,-18.0,-0.052703836838063234,0.011213726665705082,-0.052703836838063234,0.0,-0.041705178383260544,-0.410059923621941
2020_02_MIN_IND,2020,2,2020-09-20T13:00-04:00,IND,MIN,17.0,1.1216959095878192,1.1216959095878192,1.1216959095878192,0.0,,
2020_02_NYG_CHI,2020,2,2020-09-20T13:00-04:00,CHI,NYG,4.0,7.7001214066648425,7.705491300840539,7.7001214066648425,0.0,0.25697802197802205,-0.46647028731658413
2020_02_SF_NYJ,2020,2,2020-09-20T13:00-04:00,NYJ,SF,-18.0,-2.0002832239775716,-2.0002832239775716,-2.0002832239775716,0.0,,
2020_02_WAS_ARI,2020,2,2020-09-20T16:05-04:00,ARI,WAS,15.0,6.501716315713576,6.501716315713576,6.501716315713576,0.0,,
2020_02_BAL_HOU,2020,2,2020-09-20T16:25-04:00,HOU,BAL,-17.0,-6.254347711800669,-6.241290629755953,-6.254347711800669,0.0,-0.40880099644051693,0.5801165746358304
2020_02_KC_LAC,2020,2,2020-09-20T16:25-04:00,LAC,KC,-3.0,-8.307877119394234,-8.46771594701411,-8.307877119394234,0.0,-0.13074324324324324,1.4152542372881356
2020_02_NE_SEA,2020,2,2020-09-20T20:20-04:00,SEA,NE,5.0,0.7230974578758238,0.6757470650937498,0.7230974578758238,0.0,0.017737587706088298,0.3255968005320553
2020_02_NO_LV,2020,2,2020-09-21T20:15-04:00,LV,NO,10.0,-3.9856489959134827,-3.9856489959134827,-3.9856489959134827,0.0,,
2020_03_MIA_JAX,2020,3,2020-09-24T20:20-04:00,JAX,MIA,-18.0,3.6363206024995174,3.6363206024995174,3.6363206024995174,0.0,0.0,0.0
2020_03_CHI_ATL,2020,3,2020-09-27T13:00-04:00,ATL,CHI,-4.0,2.1164952408709317,2.1164952408709317,2.1164952408709317,0.0,,
2020_03_CIN_PHI,2020,3,2020-09-27T13:00-04:00,PHI,CIN,0.0,3.83745949950739,3.814762603731177,3.83745949950739,0.0,0.0,0.17017273970398974
2020_03_HOU_PIT,2020,3,2020-09-27T13:00-04:00,PIT,HOU,7.0,1.9709808306522534,1.8551516403420063,1.9709808306522534,0.0,0.38186753104741084,0.23510010537407802
2020_03_LA_BUF,2020,3,2020-09-27T13:00-04:00,BUF,LAR,3.0,-1.3189928642558308,-1.2624388527382127,-1.3189928642558308,0.0,0.0,-0.4240205874888974
2020_03_LV_NE,2020,3,2020-09-27T13:00-04:00,NE,LV,16.0,5.683761553855386,5.700184233977241,5.683761553855386,0.0,0.10750514282214685,-0.3014328423747772
2020_03_SF_NYG,2020,3,2020-09-27T13:00-04:00,NYG,SF,-27.0,-3.2232495674982067,-3.2232495674982067,-3.2232495674982067,0.0,0.0,0.0
2020_03_TEN_MIN,2020,3,2020-09-27T13:00-04:00,MIN,TEN,-1.0,-1.6252616532454864,-1.5912581122410525,-1.6252616532454864,0.0,-0.14999999999999997,-0.006164383561643836
2020_03_WAS_CLE,2020,3,2020-09-27T13:00-04:00,CLE,WAS,14.0,4.913663033592459,4.896362806550629,4.913663033592459,0.0,0.5378571428571429,-0.762348122255072
2020_03_CAR_LAC,2020,3,2020-09-27T16:05-04:00,LAC,CAR,-5.0,6.0233326854629645,6.116510965584768,6.0233326854629645,0.0,-0.24034090909090913,-0.30000000000000004
2020_03_NYJ_IND,2020,3,2020-09-27T16:05-04:00,IND,NYJ,29.0,6.478181050196708,6.626611017722866,6.478181050196708,0.0,-0.3647316749336109,-0.5079489397843124
2020_03_DAL_SEA,2020,3,2020-09-27T16:25-04:00,SEA,DAL,7.0,2.6510670523309656,2.701476286120606,2.6510670523309656,0.0,-0.1447644649257552,-0.13785141781418597
2020_03_DET_ARI,2020,3,2020-09-27T16:25-04:00,ARI,DET,-3.0,4.501963371906421,4.417467853630114,4.501963371906421,0.0,0.582174295774648,-0.3320451054322022
2020_03_TB_DEN,2020,3,2020-09-27T16:25-04:00,DEN,TB,-18.0,1.3645664487857563,1.3201771929087973,1.3645664487857563,0.0,-0.05280190677966107,0.42038803286359183
2020_03_GB_NO,2020,3,2020-09-27T20:20-04:00,NO,GB,-7.0,1.7099459307731832,1.6564712190158655,1.7099459307731832,0.0,0.20000000000000007,0.06922475531153022
2020_03_KC_BAL,2020,3,2020-09-28T20:15-04:00,BAL,KC,-14.0,3.385299359055045,3.427355865234953,3.385299359055045,0.0,0.01371567116831321,-0.3380717931628904
2020_04_DEN_NYJ,2020,4,2020-10-01T20:20-04:00,NYJ,DEN,-9.0,1.2879010107225586,1.502666330124983,1.2879010107225586,0.0,-0.8242399342299551,-0.24319255348707974
2020_04_ARI_CAR,2020,4,2020-10-04T13:00-04:00,CAR,ARI,10.0,-1.1924197487210733,-1.2794966029124104,-1.1924197487210733,0.0,0.6405457779508698,-0.40950278201732465
2020_04_BAL_WAS,2020,4,2020-10-04T13:00-04:00,WAS,BAL,-14.0,-12.719204245876655,-12.633318360295238,-12.719204245876655,0.0,-0.5292889280405852,0.23390805177000407
2020_04_CLE_DAL,2020,4,2020-10-04T13:00-04:00,DAL,CLE,-11.0,5.487608105481951,5.424230757028812,5.487608105481951,0.0,0.14302022178734508,0.23797433709550225
2020_04_JAX_CIN,2020,4,2020-10-04T13:00-04:00,CIN,JAX,8.0,2.922686430111055,2.9089714669506983,2.922686430111055,0.0,0.061999999999999986,0.0
2020_04_LAC_TB,2020,4,2020-10-04T13:00-04:00,TB,LAC,7.0,3.9978734933216575,3.9857980577997933,3.9978734933216575,0.0,-0.14457498383968975,0.33032073626741765
2020_04_MIN_HOU,2020,4,2020-10-04T13:00-04:00,HOU,MIN,-8.0,1.6925199533197766,1.6925199533197766,1.6925199533197766,0.0,0.0,0.0
2020_04_NO_DET,2020,4,2020-10-04T13:00-04:00,DET,NO,-6.0,-4.4484876226860814,-4.3449824663124925,-4.4484876226860814,0.0,0.0,-0.7760425129168226
2020_04_SEA_MIA,2020,4,2020-10-04T13:00-04:00,MIA,SEA,-8.0,-3.4617796683721256,-3.5583281952326438,-3.4617796683721256,0.0,0.2545840407470289,0.3016460027100271
2020_04_NYG_LA,2020,4,2020-10-04T16:05-04:00,LAR,NYG,8.0,12.275835674630866,12.236130776579477,12.275835674630866,0.0,0.0,0.29769230769230776
2020_04_BUF_LV,2020,4,2020-10-04T16:25-04:00,LV,BUF,-7.0,0.19572460160898075,0.2471342553770809,0.19572460160898075,0.0,0.0,-0.385450138874052
2020_04_IND_CHI,2020,4,2020-10-04T16:25-04:00,CHI,IND,-8.0,-2.7757642965038714,-2.9037350611824806,-2.7757642965038714,0.0,0.48808708414872803,0.14996344367706593
2020_04_PHI_SF,2020,4,2020-10-04T20:20-04:00,SF,PHI,-5.0,6.034750494227849,6.00946406944178,6.034750494227849,0.0,0.09859154929577463,0.026069819819819817
2020_04_NE_KC,2020,4,2020-10-05T19:05-04:00,KC,NE,16.0,9.099860307005432,8.962766664557574,9.099860307005432,0.0,0.530072463768116,0.14872881355932205
2020_04_ATL_GB,2020,4,2020-10-05T21:00-04:00,GB,ATL,14.0,7.021703120476681,6.942607569326289,7.021703120476681,0.0,0.556897935721449,-0.33061011079439206
2020_05_TB_CHI,2020,5,2020-10-08T20:20-04:00,CHI,TB,1.0,-1.222389451650908,-1.3756893505226846,-1.222389451650908,0.0,0.5503879476515454,0.2365431103948429
2020_05_ARI_NYJ,2020,5,2020-10-11T13:00-04:00,NYJ,ARI,-20.0,-2.5700206811738133,-2.5274588814825014,-2.5700206811738133,0.0,-0.11380251327619748,-0.1303660234820219
2020_05_CAR_ATL,2020,5,2020-10-11T13:00-04:00,ATL,CAR,-7.0,4.060820618081639,4.273838532812581,4.060820618081639,0.0,-0.7939432773109245,-0.28033945325795184
2020_05_CIN_BAL,2020,5,2020-10-11T13:00-04:00,BAL,CIN,24.0,9.394201421821538,9.394201421821538,9.394201421821538,0.0,,
2020_05_JAX_HOU,2020,5,2020-10-11T13:00-04:00,HOU,JAX,16.0,3.4804618360251185,3.513267826356968,3.4804618360251185,0.0,-0.14830308888134464,0.0
2020_05_LA_WAS,2020,5,2020-10-11T13:00-04:00,WAS,LAR,-20.0,-8.76607562053547,-8.667200626938778,-8.76607562053547,0.0,-0.5340909090909092,0.14448492027433416
2020_05_LV_KC,2020,5,2020-10-11T13:00-04:00,KC,LV,-8.0,12.457836901913927,12.217461033767202,12.457836901913927,0.0,1.0282700835082987,0.0968181818181818
2020_05_PHI_PIT,2020,5,2020-10-11T13:00-04:00,PIT,PHI,9.0,2.8269144486709674,2.7977143681165186,2.8269144486709674,0.0,0.0,0.21893115942028987
2020_05_MIA_SF,2020,5,2020-10-11T16:05-04:00,SF,MIA,-26.0,6.616429920110949,6.752699926732116,6.616429920110949,0.0,-0.3241082283172721,-0.4841538461538462
2020_05_IND_CLE,2020,5,2020-10-11T16:25-04:00,CLE,IND,9.0,-2.0668887080186207,-2.181307400780098,-2.0668887080186207,0.0,0.19880136986301375,0.5281476520260009
2020_05_NYG_DAL,2020,5,2020-10-11T16:25-04:00,DAL,NYG,3.0,8.81271228403659,8.727882198886054,8.81271228403659,0.0,0.0,0.6360238925059796
2020_05_MIN_SEA,2020,5,2020-10-11T20:20-04:00,SEA,MIN,1.0,6.4485385997510125,6.490201838610307,6.4485385997510125,0.0,-0.09999999999999998,-0.14652100271002716
2020_05_LAC_NO,2020,5,2020-10-12T20:15-04:00,NO,LAC,3.0,7.688458761277634,7.785828062084008,7.688458761277634,0.0,-0.13091885010682974,-0.5129037724259783
2020_05_BUF_TEN,2020,5,2020-10-13T19:00-04:00,TEN,BUF,26.0,2.652102692300694,2.620860547663515,2.652102692300694,0.0,-0.07889947682463316,0.36509988249118697
2020_06_ATL_MIN,2020,6,2020-10-18T13:00-04:00,MIN,ATL,-17.0,2.4302443238544824,2.269175174084735,2.4302443238544824,0.0,0.5091085164835164,0.363257686834103
2020_06_BAL_PHI,2020,6,2020-10-18T13:00-04:00,PHI,BAL,-2.0,-7.17540276309766,-7.451590348156505,-7.17540276309766,0.0,0.8799278264108774,0.6113527590492636
2020_06_CHI_CAR,2020,6,2020-10-18T13:00-04:00,CAR,CHI,-7.0,2.3965390372680706,2.457378768169599,2.3965390372680706,0.0,-0.15000000000000002,-0.20737198494611397
2020_06_CIN_IND,2020,6,2020-10-18T13:00-04:00,IND,CIN,4.0,7.691405727237301,7.872779768744554,7.691405727237301,0.0,-0.5503995433789954,-0.44701318116963407
2020_06_CLE_PIT,2020,6,2020-10-18T13:00-04:00,PIT,CLE,31.0,2.653133929376242,2.4315284752983684,2.653133929376242,0.0,0.755545112781955,0.40841054514082364
2020_06_DEN_NE,2020,6,2020-10-18T13:00-04:00,NE,DEN,-6.0,9.23951437171376,9.36192436249977,9.23951437171376,0.0,-0.4190833333333335,-0.22271648572322378
2020_06_DET_JAX,2020,6,2020-10-18T13:00-04:00,JAX,DET,-18.0,-0.9267544324304807,-0.890488404887036,-0.9267544324304807,0.0,-0.1253564593301435,-0.06400000000000002
2020_06_HOU_TEN,2020,6,2020-10-18T13:00-04:00,TEN,HOU,6.0,7.2360870385862475,7.231262131925596,7.2360870385862475,0.0,0.0,0.03617532517902919
2020_06_WAS_NYG,2020,6,2020-10-18T13:00-04:00,NYG,WAS,1.0,3.870584578263768,3.9646959956211747,3.870584578263768,0.0,-0.286764705882353,-0.2300004915762119
2020_06_NYJ_MIA,2020,6,2020-10-18T16:05-04:00,MIA,NYJ,24.0,8.09922515293582,7.951655368347499,8.09922515293582,0.0,0.4510295492660919,0.3583709612367238
2020_06_GB_TB,2020,6,2020-10-18T16:25-04:00,TB,GB,28.0,-3.08333762358311,-2.999792288991439,-3.08333762358311,0.0,-0.10500743570169616,-0.4522320725098133
2020_06_LA_SF,2020,6,2020-10-18T20:20-04:00,SF,LAR,8.0,-2.0490760872798317,-2.0863798821197945,-2.0490760872798317,0.0,0.0,0.279689744001251
2020_06_KC_BUF,2020,6,2020-10-19T17:00-04:00,BUF,KC,-9.0,-4.808647011256758,-4.710427704996596,-4.808647011256758,0.0,-0.2655737704918033,-0.295945945945946
2020_06_ARI_DAL,2020,6,2020-10-19T20:15-04:00,DAL,ARI,-28.0,0.5172439678980226,0.4062390579469346,0.5172439678980226,0.0,0.30000000000000004,0.3347102176261769
2020_07_NYG_PHI,2020,7,2020-10-22T20:20-04:00,PHI,NYG,1.0,5.468440552047436,5.465748589454671,5.468440552047436,0.0,0.09558823529411761,-0.13835378910349128
2020_07_BUF_NYJ,2020,7,2020-10-25T13:00-04:00,NYJ,BUF,-8.0,-6.3555811749888225,-6.221287314469753,-6.3555811749888225,0.0,-0.8891068331443783,0.4677364864864866
2020_07_CAR_NO,2020,7,2020-10-25T13:00-04:00,NO,CAR,3.0,8.551372547972637,8.485535954094427,8.551372547972637,0.0,0.10185334407735702,0.3246898263027296
2020_07_CLE_CIN,2020,7,2020-10-25T13:00-04:00,CIN,CLE,-3.0,1.1896484397592135,1.1005314926051022,1.1896484397592135,0.0,0.07585616438356163,0.5423545250039816
2020_07_DAL_WAS,2020,7,2020-10-25T13:00-04:00,WAS,DAL,22.0,-2.443328097956501,-2.453331269946192,-2.443328097956501,0.0,0.0,0.07499999999999998
2020_07_DET_ATL,2020,7,2020-10-25T13:00-04:00,ATL,DET,-1.0,2.465130925869776,2.671810265386801,2.465130925869776,0.0,-0.874503420599009,-0.09920282969063457
2020_07_GB_HOU,2020,7,2020-10-25T13:00-04:00,HOU,GB,-15.0,-2.195823084777578,-2.3241445945704564,-2.195823084777578,0.0,0.530675443523433,0.08195861359396367
2020_07_PIT_TEN,2020,7,2020-10-25T13:00-04:00,TEN,PIT,-3.0,3.9221934884626486,3.9221934884626486,3.9221934884626486,0.0,0.0,0.0
2020_07_TB_LV,2020,7,2020-10-25T16:05-04:00,LV,TB,-25.0,-1.2384359003787815,-1.0139638195616352,-1.2384359003787815,0.0,-1.080669504643963,0.10932904280115108
2020_07_JAX_LAC,2020,7,2020-10-25T16:25-04:00,LAC,JAX,10.0,6.654752820117155,6.661514615337074,6.654752820117155,0.0,-0.030567439280243802,0.0
2020_07_KC_DEN,2020,7,2020-10-25T16:25-04:00,DEN,KC,-27.0,-10.609692475255365,-10.543329750285897,-10.609692475255365,0.0,-0.30000000000000004,0.0
2020_07_SF_NE,2020,7,2020-10-25T16:25-04:00,NE,SF,-27.0,1.4392163108532057,1.5329675876666053,1.4392163108532057,0.0,-0.31221416064372143,-0.18509130347054079
2020_07_SEA_ARI,2020,7,2020-10-25T20:20-04:00,ARI,SEA,3.0,-0.39360287419602225,-0.2600262321683835,-0.39360287419602225,0.0,-0.4506167662746612,-0.2541402889967182
2020_07_CHI_LA,2020,7,2020-10-26T20:15-04:00,LAR,CHI,14.0,7.333162897061358,7.349885052556648,7.333162897061358,0.0,-0.09486842105263156,0.03196686729305587
2020_08_ATL_CAR,2020,8,2020-10-29T20:20-04:00,CAR,ATL,-8.0,-0.4983037560754613,-0.45904347857492467,-0.4983037560754613,0.0,-0.03735576923076933,-0.23240259740259742
2020_08_IND_DET,2020,8,2020-11-01T13:00-05:00,DET,IND,-20.0,-0.5368830969528755,-0.7023419233064698,-0.5368830969528755,0.0,0.7023759079903149,0.07562772843594762
2020_08_LA_MIA,2020,8,2020-11-01T13:00-05:00,MIA,LAR,11.0,-4.5932406885365795,-4.630178022200351,-4.5932406885365795,0.0,0.13415587546494007,0.05443899782135074
2020_08_LV_CLE,2020,8,2020-11-01T13:00-05:00,CLE,LV,-10.0,2.5350332110578178,2.4774904908169937,2.5350332110578178,0.0,0.2914009436890793,-0.051867163030206526
2020_08_MIN_GB,2020,8,2020-11-01T13:00-05:00,GB,MIN,-6.0,8.021762207068672,8.10893617097567,8.021762207068672,0.0,0.04384656365875994,-0.7263187778584621
2020_08_NE_BUF,2020,8,2020-11-01T13:00-05:00,BUF,NE,3.0,3.64999872265884,3.5243843934757004,3.64999872265884,0.0,0.3962163347558085,0.28466728141009523
2020_08_NYJ_KC,2020,8,2020-11-01T13:00-05:00,KC,NYJ,26.0,19.016785701407517,18.94331131805822,19.016785701407517,0.0,0.2272580144901027,0.17396616541353385
2020_08_PIT_BAL,2020,8,2020-11-01T13:00-05:00,BAL,PIT,-4.0,6.351080065666518,6.4665404618206335,6.351080065666518,0.0,0.024590201465201467,-0.9064622616803784
2020_08_TEN_CIN,2020,8,2020-11-01T13:00-05:00,CIN,TEN,11.0,-5.0805536818849175,-5.048610779732963,-5.0805536818849175,0.0,0.0,-0.23949579831932777
2020_08_LAC_DEN,2020,8,2020-11-01T16:05-05:00,DEN,LAC,1.0,-4.392102509502724,-4.3696952894703,-4.392102509502724,0.0,0.021354865959269997,-0.20341880341880345
2020_08_NO_CHI,2020,8,2020-11-01T16:25-05:00,CHI,NO,-3.0,-4.720865066295355,-4.595722089831512,-4.720865066295355,0.0,-0.2224242424242425,-0.5693747477322457
2020_08_SF_SEA,2020,8,2020-11-01T16:25-05:00,SEA,SF,10.0,1.914809562041766,1.8769945596639213,1.914809562041766,0.0,0.12794486215538853,0.07132065253451592
2020_08_DAL_PHI,2020,8,2020-11-01T20:20-05:00,PHI,DAL,14.0,5.282433387480461,5.282433387480461,5.282433387480461,0.0,0.0,0.0
2020_08_TB_NYG,2020,8,2020-11-02T20:15-05:00,NYG,TB,-2.0,-7.6819551001225355,-7.724785359743459,-7.6819551001225355,0.0,-0.07730392156862743,0.44933689011159383
2020_09_GB_SF,2020,9,2020-11-05T20:20-05:00,SF,GB,-17.0,-0.7250684442392323,-0.7732912802721899,-0.7250684442392323,0.0,0.1783839754785402,0.06569926291765127
2020_09_BAL_IND,2020,9,2020-11-08T13:00-05:00,IND,BAL,-14.0,0.28458644263718835,0.23517642866455712,0.28458644263718835,0.0,-0.20866949830990933,0.7165447306912562
2020_09_CAR_KC,2020,9,2020-11-08T13:00-05:00,KC,CAR,2.0,14.416197374339378,14.412212818772991,14.416197374339378,0.0,0.0,0.02987469052686445
2020_09_CHI_TEN,2020,9,2020-11-08T13:00-05:00,TEN,CHI,7.0,8.655122143074472,8.603809228457578,8.655122143074472,0.0,0.16497113997114,0.11111325487169589
2020_09_DEN_ATL,2020,9,2020-11-08T13:00-05:00,ATL,DEN,7.0,8.034516102035306,8.16422605334273,8.034516102035306,0.0,-0.5863681066461787,0.0
2020_09_DET_MIN,2020,9,2020-11-08T13:00-05:00,MIN,DET,14.0,3.2587285736993232,3.1876576590205428,3.2587285736993232,0.0,0.2631147540983607,0.09647595647595647
2020_09_HOU_JAX,2020,9,2020-11-08T13:00-05:00,JAX,HOU,-2.0,-6.25814228268625,-6.145497097441769,-6.25814228268625,0.0,-0.375595238095238,-0.22163050122820233
2020_09_NYG_WAS,2020,9,2020-11-08T13:00-05:00,WAS,NYG,-3.0,1.3882096078676738,1.343829080091242,1.3882096078676738,0.0,0.07346846846846845,0.21089786756453419
2020_09_SEA_BUF,2020,9,2020-11-08T13:00-05:00,BUF,SEA,10.0,-1.9031237340390683,-1.85266810765193,-1.9031237340390683,0.0,-0.06767174082747857,-0.26606077558132357
2020_09_LV_LAC,2020,9,2020-11-08T16:05-05:00,LAC,LV,-5.0,2.061814625311276,1.9911835724216074,2.061814625311276,0.0,0.2608058896030594,0.09700738797543301
2020_09_MIA_ARI,2020,9,2020-11-08T16:25-05:00,ARI,MIA,-3.0,5.6430935163757265,5.661677097099414,5.6430935163757265,0.0,0.0,-0.1393326592517695
2020_09_PIT_DAL,2020,9,2020-11-08T16:25-05:00,DAL,PIT,-5.0,-7.465540476387449,-7.42480620224574,-7.465540476387449,0.0,-0.06639740173217856,-0.19528729838709677
2020_09_NO_TB,2020,9,2020-11-08T20:20-05:00,TB,NO,-35.0,1.7012674760612396,1.7685544232417003,1.7012674760612396,0.0,-0.015453980099502496,-0.47886100386100394
2020_09_NE_NYJ,2020,9,2020-11-09T20:15-05:00,NYJ,NE,-3.0,-5.955385544271562,-6.189002743786517,-5.955385544271562,0.0,0.5928357587556997,0.7683303725008322
2020_10_IND_TEN,2020,10,2020-11-12T20:20-05:00,TEN,IND,-17.0,2.5567851716755454,2.579536908931942,2.5567851716755454,0.0,-0.10285173160173161,0.0
2020_10_HOU_CLE,2020,10,2020-11-15T13:00-05:00,CLE,HOU,3.0,0.8699852057131663,0.9875546444393852,0.8699852057131663,0.0,-0.29999999999999993,-0.3839285714285715
2020_10_JAX_GB,2020,10,2020-11-15T13:00-05:00,GB,JAX,4.0,14.048016581987214,14.13031938492939,14.048016581987214,0.0,-0.21655844155844162,-0.257904007756949
2020_10_PHI_NYG,2020,10,2020-11-15T13:00-05:00,NYG,PHI,10.0,-1.096817014705052,-1.0790823832624667,-1.096817014705052,0.0,-0.13873078961314256,0.0971232876712329
2020_10_TB_CAR,2020,10,2020-11-15T13:00-05:00,CAR,TB,-23.0,-1.407842137297243,-1.3355633519204906,-1.407842137297243,0.0,-0.17833544322216405,-0.2461421650131328
2020_10_WAS_DET,2020,10,2020-11-15T13:00-05:00,DET,WAS,3.0,4.491118607816045,4.5784768158748745,4.491118607816045,0.0,-0.3949123914020565,0.0
2020_10_BUF_ARI,2020,10,2020-11-15T16:05-05:00,ARI,BUF,2.0,2.8621814827038103,2.9480010315241314,2.8621814827038103,0.0,-0.36515234463490154,-0.03782200357781751
2020_10_DEN_LV,2020,10,2020-11-15T16:05-05:00,LV,DEN,25.0,7.120219665671375,7.105089275139216,7.120219665671375,0.0,-0.08472899056803174,0.2539685378829573
2020_10_LAC_MIA,2020,10,2020-11-15T16:05-05:00,MIA,LAC,8.0,2.467734385192644,2.425102095528109,2.467734385192644,0.0,0.2734436141420115,-0.1338769458858414
2020_10_CIN_PIT,2020,10,2020-11-15T16:25-05:00,PIT,CIN,26.0,5.531918084258644,5.465555359289178,5.531918084258644,0.0,0.30000000000000004,0.0
2020_10_SEA_LA,2020,10,2020-11-15T16:25-05:00,LAR,SEA,7.0,3.3609661710234073,3.365862618171332,3.3609661710234073,0.0,0.22350110129521894,-0.40739768037588203
2020_10_SF_NO,2020,10,2020-11-15T16:25-05:00,NO,SF,14.0,6.677896830675616,6.699617485443286,6.677896830675616,0.0,-0.0981906097632265,0.0
2020_10_BAL_NE,2020,10,2020-11-15T20:20-05:00,NE,BAL,6.0,-5.256910644116368,-4.9022491829676005,-5.256910644116368,0.0,-1.1827999914315706,-0.6973939828318135
2020_10_MIN_CHI,2020,10,2020-11-16T20:15-05:00,CHI,MIN,-6.0,-2.4224108114068192,-2.2826107051423596,-2.4224108114068192,0.0,-0.39058441558441565,-0.4003676470588236
2020_11_ARI_SEA,2020,11,2020-11-19T20:20-05:00,SEA,ARI,7.0,1.1349279704874036,1.1617263652868455,1.1349279704874036,0.0,-0.28730391688917467,0.2755813953488373
2020_11_ATL_NO,2020,11,2020-11-22T13:00-05:00,NO,ATL,15.0,1.8396481425641769,1.6473977269562798,1.8396481425641769,0.0,0.8690891567352836,0.0
2020_11_CIN_WAS,2020,11,2020-11-22T13:00-05:00,WAS,CIN,11.0,-0.697032583722222,-0.7607509092908094,-0.697032583722222,0.0,0.1339015151515152,0.2556546128099014
2020_11_DET_CAR,2020,11,2020-11-22T13:00-05:00,CAR,DET,20.0,-1.3628788196814139,-1.379294803703815,-1.3628788196814139,0.0,0.39568049532413335,-0.5331718954308383
2020_11_NE_HOU,2020,11,2020-11-22T13:00-05:00,HOU,NE,7.0,1.4854149802035186,1.092966324573021,1.4854149802035186,0.0,1.1005240286460387,1.1171662173730899
2020_11_PHI_CLE,2020,11,2020-11-22T13:00-05:00,CLE,PHI,5.0,2.4868637252931167,2.5794509421226746,2.4868637252931167,0.0,-0.2799121155053359,-0.2299379217273954
2020_11_PIT_JAX,2020,11,2020-11-22T13:00-05:00,JAX,PIT,-24.0,-9.199471052573212,-9.188822789249954,-9.199471052573212,0.0,-0.04813664596273293,0.0
2020_11_TEN_BAL,2020,11,2020-11-22T13:00-05:00,BAL,TEN,-6.0,4.958678613679019,5.00538564142052,4.958678613679019,0.0,0.22214057871952614,-0.7186211154373063
2020_11_MIA_DEN,2020,11,2020-11-22T16:05-05:00,DEN,MIA,7.0,-6.6617534589658245,-6.519443481592492,-6.6617534589658245,0.0,-0.537494166792112,-0.1755297133679269
2020_11_NYJ_LAC,2020,11,2020-11-22T16:05-05:00,LAC,NYJ,6.0,9.850003539187746,9.85042355643439,9.850003539187746,0.0,-0.00189873417721519,0.0
2020_11_DAL_MIN,2020,11,2020-11-22T16:25-05:00,MIN,DAL,-3.0,7.778751855364228,7.848631211935182,7.778751855364228,0.0,-0.3539887651956618,0.06317626294638035
2020_11_GB_IND,2020,11,2020-11-22T16:25-05:00,IND,GB,3.0,0.6911221806103716,0.7664396450778989,0.6911221806103716,0.0,-0.37305547461155636,0.05402632589867756
2020_11_KC_LV,2020,11,2020-11-22T20:20-05:00,LV,KC,-4.0,-5.158854180426406,-5.221161405536627,-5.158854180426406,0.0,0.28166666666666673,0.0
2020_11_LA_TB,2020,11,2020-11-23T20:15-05:00,TB,LAR,-3.0,1.1909441692134453,1.2178495340222397,1.1909441692134453,0.0,0.0,-0.20172624870782208
2020_12_HOU_DET,2020,12,2020-11-26T12:30-05:00,DET,HOU,-16.0,-2.321385042576748,-2.2626475037273535,-2.321385042576748,0.0,0.0,-0.4403918495297806
2020_12_WAS_DAL,2020,12,2020-11-26T16:30-05:00,DAL,WAS,-25.0,0.9839343588161569,0.9210016720507574,0.9839343588161569,0.0,0.28449413489736075,0.0
2020_12_ARI_NE,2020,12,2020-11-29T13:00-05:00,NE,ARI,3.0,-0.26696368217281463,-0.029107139238849555,-0.26696368217281463,0.0,-0.5649550224887556,-0.8463567390810929
2020_12_CAR_MIN,2020,12,2020-11-29T13:00-05:00,MIN,CAR,1.0,4.831271286078468,4.655390719072599,4.831271286078468,0.0,0.6553417093469912,0.23177419354838713
2020_12_CLE_JAX,2020,12,2020-11-29T13:00-05:00,JAX,CLE,-2.0,-4.212577363291632,-4.364894503006675,-4.212577363291632,0.0,0.5,0.3127452832630483
2020_12_LAC_BUF,2020,12,2020-11-29T13:00-05:00,BUF,LAC,10.0,2.6036150211311657,2.6361077695093553,2.6036150211311657,0.0,-0.02635003253090436,-0.19991570073761855
2020_12_LV_ATL,2020,12,2020-11-29T13:00-05:00,ATL,LV,37.0,-1.5926417241911754,-1.5163048569255908,-1.5926417241911754,0.0,-0.258400206431986,-0.14377735267635067
2020_12_MIA_NYJ,2020,12,2020-11-29T13:00-05:00,NYJ,MIA,-17.0,-5.939463681677417,-5.9797206219382595,-5.939463681677417,0.0,0.18510457885811196,-0.005172413793103449
2020_12_NYG_CIN,2020,12,2020-11-29T13:00-05:00,CIN,NYG,-2.0,-1.1509668221134366,-1.0972355661817426,-1.1509668221134366,0.0,-0.12081943170984273,-0.2024725274725275
2020_12_TEN_IND,2020,12,2020-11-29T13:00-05:00,IND,TEN,-19.0,2.3590431364821405,2.4815353377776614,2.3590431364821405,0.0,-0.2708337314859054,-0.46921106557377057
2020_12_NO_DEN,2020,12,2020-11-29T16:05-05:00,DEN,NO,-28.0,-6.165056696702613,-5.9756188933392655,-6.165056696702613,0.0,-0.6116036441130017,-0.405962643678161
2020_12_SF_LA,2020,12,2020-11-29T16:05-05:00,LAR,SF,-3.0,7.165380726119793,7.134819597990797,7.165380726119793,0.0,-0.12112984927106503,0.4300347262148426
2020_12_KC_TB,2020,12,2020-11-29T16:25-05:00,TB,KC,-3.0,-4.626537143720649,-4.426455886138131,-4.626537143720649,0.0,-0.5943750000000001,-0.5143376681475997
2020_12_CHI_GB,2020,12,2020-11-29T20:20-05:00,GB,CHI,16.0,7.59583809815044,7.766892806359517,7.59583809815044,0.0,-0.6438650215020079,-0.2146262988424006
2020_12_SEA_PHI,2020,12,2020-11-30T20:15-05:00,PHI,SEA,-6.0,-3.3500167496864206,-3.3805602018373015,-3.3500167496864206,0.0,-0.029506593055759034,0.2779411764705883
2020_12_BAL_PIT,2020,12,2020-12-02T15:40-05:00,PIT,BAL,5.0,5.615085108880997,5.532152001307356,5.615085108880997,0.0,0.2634412128225479,0.18487274655355246
2020_13_CIN_MIA,2020,13,2020-12-06T13:00-05:00,MIA,CIN,12.0,8.698518950413936,8.754973580147556,8.698518950413936,0.0,-0.44800000000000006,0.3197513718503555
2020_13_CLE_TEN,2020,13,2020-12-06T13:00-05:00,TEN,CLE,-6.0,7.315484390627305,7.3450813227781255,7.315484390627305,0.0,-0.019903846153846244,-0.18889523705313183
2020_13_DET_CHI,2020,13,2020-12-06T13:00-05:00,CHI,DET,-4.0,4.41210944201873,4.749727893364336,4.41210944201873,0.0,-1.1497608861726512,-0.6244086865572129
2020_13_IND_HOU,2020,13,2020-12-06T13:00-05:00,HOU,IND,-6.0,1.2888347329288545,1.17370601668344,1.2888347329288545,0.0,0.34762548262548265,0.2866400925024343
2020_13_JAX_MIN,2020,13,2020-12-06T13:00-05:00,MIN,JAX,3.0,9.601890514943731,9.468478301571393,9.601890514943731,0.0,0.49095789942866414,0.18600000000000005
2020_13_LV_NYJ,2020,13,2020-12-06T13:00-05:00,NYJ,LV,-3.0,-6.586705632625453,-6.529394597633436,-6.586705632625453,0.0,-0.472434086629002,0.35385532894335725
2020_13_NO_ATL,2020,13,2020-12-06T13:00-05:00,ATL,NO,-5.0,0.7286124851887847,0.9518961302445383,0.7286124851887847,0.0,-0.8731339734020334,-0.22596691798529542
2020_13_LA_ARI,2020,13,2020-12-06T16:05-05:00,ARI,LAR,-10.0,0.8537714655201949,0.8323537963249299,0.8537714655201949,0.0,0.0,0.16058158265201147
2020_13_NYG_SEA,2020,13,2020-12-06T16:05-05:00,SEA,NYG,-5.0,7.907451206113389,7.993268602949304,7.907451206113389,0.0,-0.31037970919811725,-0.12864858712971092
2020_13_NE_LAC,2020,13,2020-12-06T16:25-05:00,LAC,NE,-45.0,2.871950643998278,2.633249643766897,2.871950643998278,0.0,0.5999483860690493,0.7946501959979853
2020_13_PHI_GB,2020,13,2020-12-06T16:25-05:00,GB,PHI,14.0,10.549542339822418,10.655891192483818,10.549542339822418,0.0,-0.29866751630450256,-0.3020108413872171
2020_13_DEN_KC,2020,13,2020-12-06T20:20-05:00,KC,DEN,6.0,19.305163290762934,19.236331378443847,19.305163290762934,0.0,0.17440622932340044,0.2268155809859155
2020_13_WAS_PIT,2020,13,2020-12-07T17:00-05:00,PIT,WAS,-6.0,8.72983589960282,8.66316149874345,8.72983589960282,0.0,0.3014089651534656,0.0
2020_13_BUF_SF,2020,13,2020-12-07T20:15-05:00,SF,BUF,-10.0,-1.8238491205058802,-1.8496181815462376,-1.8238491205058802,0.0,0.0,0.1932066728452271
2020_13_DAL_BAL,2020,13,2020-12-08T20:05-05:00,BAL,DAL,17.0,11.993207069514721,12.13825915360739,11.993207069514721,0.0,-0.17699564586357042,-0.7939909434053409
2020_14_NE_LA,2020,14,2020-12-10T20:20-05:00,LAR,NE,21.0,5.551584786582646,5.266936125998876,5.551584786582646,0.0,0.4609624292331447,1.3696624260572823
2020_14_ARI_NYG,2020,14,2020-12-13T13:00-05:00,NYG,ARI,-19.0,-1.3860168911994417,-1.4683877266321104,-1.3860168911994417,0.0,0.3527855059712042,0.03247577681256264
2020_14_DAL_CIN,2020,14,2020-12-13T13:00-05:00,CIN,DAL,-23.0,0.6763384069527969,0.7158735668509051,0.6763384069527969,0.0,-0.07527241991972802,-0.1715772026010456
2020_14_DEN_CAR,2020,14,2020-12-13T13:00-05:00,CAR,DEN,-5.0,8.734338580686483,8.924812826665264,8.734338580686483,0.0,-0.18985576923076924,-1.1132200776466135
2020_14_HOU_CHI,2020,14,2020-12-13T13:00-05:00,CHI,HOU,29.0,-2.037339796661437,-1.98516284088485,-2.037339796661437,0.0,-0.12839918438157286,-0.17824763437307722
2020_14_KC_MIA,2020,14,2020-12-13T13:00-05:00,MIA,KC,-6.0,-6.060236289927973,-6.1002489778867375,-6.060236289927973,0.0,0.0,0.30000000000000004
2020_14_MIN_TB,2020,14,2020-12-13T13:00-05:00,TB,MIN,12.0,4.144847335552536,4.174221643455092,4.144847335552536,0.0,0.17190985348824334,-0.5053571686607712
2020_14_TEN_JAX,2020,14,2020-12-13T13:00-05:00,JAX,TEN,-21.0,-8.351535230099882,-8.26644615371557,-8.351535230099882,0.0,-0.26740977112676056,-0.19445536445536443
2020_14_IND_LV,2020,14,2020-12-13T16:05-05:00,LV,IND,-17.0,-1.4915589168416097,-1.558280725459969,-1.4915589168416097,0.0,-0.11292068226850827,0.6875385826267941
2020_14_NYJ_SEA,2020,14,2020-12-13T16:05-05:00,SEA,NYJ,37.0,11.952381921756,11.827619099800817,11.952381921756,0.0,0.5838856304985339,-0.032974413646055425
2020_14_ATL_LAC,2020,14,2020-12-13T16:25-05:00,LAC,ATL,3.0,-0.922030738662732,-0.9993726864265068,-0.922030738662732,0.0,0.20004679497301575,0.24809465196502606
2020_14_GB_DET,2020,14,2020-12-13T16:25-05:00,DET,GB,-7.0,-8.869180646828443,-8.811927526326095,-8.869180646828443,0.0,-0.18883039092055492,-0.11607910113296127
2020_14_NO_PHI,2020,14,2020-12-13T16:25-05:00,PHI,NO,3.0,-5.912202063241239,-5.8650378158952945,-5.912202063241239,0.0,0.0,-0.35361968729430654
2020_14_WAS_SF,2020,14,2020-12-13T16:25-05:00,SF,WAS,-8.0,-0.4856698764816836,-0.6174736219071515,-0.4856698764816836,0.0,0.5958333333333334,0.0
2020_14_PIT_BUF,2020,14,2020-12-13T20:20-05:00,BUF,PIT,11.0,-0.860064706060227,-0.8334008242213197,-0.860064706060227,0.0,0.0,-0.19991570073761855
2020_14_BAL_CLE,2020,14,2020-12-14T20:15-05:00,CLE,BAL,-5.0,-2.8062833884663023,-2.918748038496489,-2.8062833884663023,0.0,-0.15150684931506844,1.0944978859274404
2020_15_LAC_LV,2020,15,2020-12-17T20:20-05:00,LV,LAC,-3.0,1.3772186361774694,1.2698045322104359,1.3772186361774694,0.0,0.3931337548497973,0.1533214651093074
2020_15_BUF_DEN,2020,15,2020-12-19T16:30-05:00,DEN,BUF,-29.0,-8.35607184728531,-8.253468487748266,-8.35607184728531,0.0,-0.4638297760569082,0.0
2020_15_CAR_GB,2020,15,2020-12-19T20:15-05:00,GB,CAR,8.0,9.588369234270145,9.570637349023349,9.588369234270145,0.0,0.04020172772754177,0.06627071333700552
2020_15_CHI_MIN,2020,15,2020-12-20T13:00-05:00,MIN,CHI,-6.0,2.9836991792870315,2.921136296866402,2.9836991792870315,0.0,0.11021704769322402,0.2862732220085162
2020_15_DET_TEN,2020,15,2020-12-20T13:00-05:00,TEN,DET,21.0,10.580687436716913,10.580899045586591,10.580687436716913,0.0,0.053977272727272735,-0.09111013909544222
2020_15_HOU_IND,2020,15,2020-12-20T13:00-05:00,IND,HOU,7.0,6.446045485613114,6.708492488821118,6.446045485613114,0.0,-0.6112254284118148,-0.9539852959066757
2020_15_JAX_BAL,2020,15,2020-12-20T13:00-05:00,BAL,JAX,26.0,12.387016139845354,12.462524072771645,12.387016139845354,0.0,0.061690140845070414,-0.6684456129435756
2020_15_NE_MIA,2020,15,2020-12-20T13:00-05:00,MIA,NE,10.0,2.9071047653608844,2.875800627215281,2.9071047653608844,0.0,0.17741118840616465,-0.05953732629705988
2020_15_SEA_WAS,2020,15,2020-12-20T13:00-05:00,WAS,SEA,-5.0,-2.9213488713930573,-2.9433401821991465,-2.9213488713930573,0.0,0.0,0.16488253047697954
2020_15_SF_DAL,2020,15,2020-12-20T13:00-05:00,DAL,SF,8.0,0.42747774281092,0.36712396348733956,0.42747774281092,0.0,0.0,0.45250980928183204
2020_15_TB_ATL,2020,15,2020-12-20T13:00-05:00,ATL,TB,-4.0,-0.9096845808622364,-0.7092783184017012,-0.9096845808622364,0.0,-1.088879456706282,0.3033819968468618
2020_15_NYJ_LA,2020,15,2020-12-20T16:05-05:00,LAR,NYJ,-3.0,16.46847528578851,16.507584802699636,16.46847528578851,0.0,0.05944190665342608,-0.391815266007533
2020_15_PHI_ARI,2020,15,2020-12-20T16:05-05:00,ARI,PHI,7.0,8.726581800297055,8.775665903822548,8.726581800297055,0.0,-0.15654638201398074,-0.10837528754773101
2020_15_KC_NO,2020,15,2020-12-20T16:25-05:00,NO,KC,-3.0,-0.6630411042305113,-0.7254602369157561,-0.6630411042305113,0.0,0.28217255717255724,0.0
2020_15_CLE_NYG,2020,15,2020-12-20T20:20-05:00,NYG,CLE,-14.0,-4.114941249840982,-4.297129149191424,-4.114941249840982,0.0,0.471424232948743,0.5840990516332982
2020_15_PIT_CIN,2020,15,2020-12-21T20:15-05:00,CIN,PIT,10.0,-11.061099640746349,-11.04534888099743,-11.061099640746349,0.0,0.0,-0.11809323906319044
2020_16_MIN_NO,2020,16,2020-12-25T16:30-05:00,NO,MIN,19.0,6.750181915704879,6.73776704276324,6.750181915704879,0.0,0.0,0.09308202154101078
2020_16_TB_DET,2020,16,2020-12-26T13:00-05:00,DET,TB,-40.0,-6.078227117003209,-5.948021626381866,-6.078227117003209,0.0,-0.7624822043628016,0.2883772679238389
2020_16_SF_ARI,2020,16,2020-12-26T16:30-05:00,ARI,SF,-8.0,6.079153794446226,6.3304628500504885,6.079153794446226,0.0,-1.1180308930683351,-0.029919010151272296
2020_16_MIA_LV,2020,16,2020-12-26T20:15-05:00,LV,MIA,-1.0,-1.2957446954352714,-1.3502086408263851,-1.2957446954352714,0.0,0.4438262941877401,-0.32775450356095526
2020_16_ATL_KC,2020,16,2020-12-27T13:00-05:00,KC,ATL,3.0,9.313518502931286,9.300920775455776,9.313518502931286,0.0,-0.07628236225662532,0.22097050011292355
2020_16_CHI_JAX,2020,16,2020-12-27T13:00-05:00,JAX,CHI,-24.0,-6.289579755360354,-6.4886108211601705,-6.289579755360354,0.0,0.30290321291560107,0.9898819386909694
2020_16_CIN_HOU,2020,16,2020-12-27T13:00-05:00,HOU,CIN,-6.0,7.5151427346347255,7.504938392770933,7.5151427346347255,0.0,0.0,0.07650829562594266
2020_16_CLE_NYJ,2020,16,2020-12-27T13:00-05:00,NYJ,CLE,7.0,-7.748553520673665,-7.81607602208498,-7.748553520673665,0.0,0.19181818181818178,0.1881196581196581
2020_16_IND_PIT,2020,16,2020-12-27T13:00-05:00,PIT,IND,4.0,-0.3196430930409533,-0.5598407465555821,-0.3196430930409533,0.0,0.3414830627945382,1.2345471398305086
2020_16_NYG_BAL,2020,16,2020-12-27T13:00-05:00,BAL,NYG,14.0,13.026322179640381,13.114275251960578,13.026322179640381,0.0,-0.3674406388759488,-0.05002312360998529
2020_16_CAR_WAS,2020,16,2020-12-27T16:05-05:00,WAS,CAR,-7.0,2.0103713579682605,2.0211457591564645,2.0103713579682605,0.0,-0.33319015895278165,0.47182749991979733
2020_16_DEN_LAC,2020,16,2020-12-27T16:05-05:00,LAC,DEN,3.0,9.581134269435482,9.576032518818149,9.581134269435482,0.0,0.0262423155737705,-0.005272987058545703
2020_16_LA_SEA,2020,16,2020-12-27T16:25-05:00,SEA,LAR,11.0,2.539198782446572,2.5543892246773536,2.539198782446572,0.0,-0.10998583484310354,0.0685239402516796
2020_16_PHI_DAL,2020,16,2020-12-27T16:25-05:00,DAL,PHI,20.0,2.144989238609193,2.1778935439598666,2.144989238609193,0.0,-0.2839696101568712,0.224271499644634
2020_16_TEN_GB,2020,16,2020-12-27T20:20-05:00,GB,TEN,26.0,1.519120770008689,1.5977937064364782,1.519120770008689,0.0,-0.15831906043552724,-0.3272811033521444
2020_16_BUF_NE,2020,16,2020-12-28T20:15-05:00,NE,BUF,-29.0,-4.2340375733812,-3.9397666505469253,-4.2340375733812,0.0,-0.6557845166574958,-1.1186858872924448
2020_17_ATL_TB,2020,17,2021-01-03T13:00-05:00,TB,ATL,17.0,5.633194740790488,5.560332997463018,5.633194740790488,0.0,0.4863517433077527,-0.2603450183613518
2020_17_BAL_CIN,2020,17,2021-01-03T13:00-05:00,CIN,BAL,-35.0,-9.483537588449295,-9.699900412963448,-9.483537588449295,0.0,0.3884183463595229,0.9779984664369895
2020_17_DAL_NYG,2020,17,2021-01-03T13:00-05:00,NYG,DAL,4.0,-0.7437132254367419,-0.7312956084375754,-0.7437132254367419,0.0,-0.15385841836734693,0.16207805907173
2020_17_MIA_BUF,2020,17,2021-01-03T13:00-05:00,BUF,MIA,30.0,6.739647721606943,6.60097679403592,6.739647721606943,0.0,0.5135731052984575,0.18791958041958043
2020_17_MIN_DET,2020,17,2021-01-03T13:00-05:00,DET,MIN,-2.0,-4.539617935118718,-4.414953537191002,-4.539617935118718,0.0,-0.5635591274397245,0.0
2020_17_NYJ_NE,2020,17,2021-01-03T13:00-05:00,NE,NYJ,14.0,5.570404771806168,5.817480843294768,5.570404771806168,0.0,-0.4046465306979653,-1.1813596494375906
2020_17_PIT_CLE,2020,17,2021-01-03T13:00-05:00,CLE,PIT,2.0,1.4846779590849015,1.5702320087114197,1.4846779590849015,0.0,-0.25726977248104005,-0.21475917195801913
2020_17_ARI_LA,2020,17,2021-01-03T16:25-05:00,LAR,ARI,11.0,4.223645610453223,4.170171061419731,4.223645610453223,0.0,0.22189783689992082,0.03290505226480839
2020_17_GB_CHI,2020,17,2021-01-03T16:25-05:00,CHI,GB,-19.0,-4.517688433441688,-4.413263899592371,-4.517688433441688,0.0,-0.3077784118209736,-0.2724722235810769
2020_17_JAX_IND,2020,17,2021-01-03T16:25-05:00,IND,JAX,14.0,14.838311458496559,15.123770000652998,14.838311458496559,0.0,-0.8632702650165232,-0.7084901545363907
2020_17_LAC_KC,2020,17,2021-01-03T16:25-05:00,KC,LAC,-17.0,4.674670313215072,4.720762120019696,4.674670313215072,0.0,-0.09222509899482183,-0.1926197302579301
2020_17_LV_DEN,2020,17,2021-01-03T16:25-05:00,DEN,LV,-1.0,-3.917674242949717,-3.9190114085300514,-3.917674242949717,0.0,-0.10000000000000009,0.17587976539589448
2020_17_NO_CAR,2020,17,2021-01-03T16:25-05:00,CAR,NO,-26.0,-4.980440630924572,-4.92985846690595,-4.980440630924572,0.0,0.0,-0.3792459337204453
2020_17_SEA_SF,2020,17,2021-01-03T16:25-05:00,SF,SEA,-3.0,-6.632786821521735,-6.579207151190537,-6.632786821521735,0.0,0.0,-0.4017201022816681
2020_17_TEN_HOU,2020,17,2021-01-03T16:25-05:00,HOU,TEN,-3.0,-3.8955638083049187,-3.9560403681789613,-3.8955638083049187,0.0,0.2720989304812835,0.002142857142857143
2020_17_WAS_PHI,2020,17,2021-01-03T20:20-05:00,PHI,WAS,-6.0,-1.0065551773233552,-1.1622790303477917,-1.0065551773233552,0.0,0.7039668116224229,0.0
2021_01_DAL_TB,2021,1,2021-09-09T20:20-04:00,TB,DAL,2.0,5.99961749464355,5.99961749464355,5.99961749464355,0.0,0.0,0.0
2021_01_ARI_TEN,2021,1,2021-09-12T13:00-04:00,TEN,ARI,-25.0,3.936800396960414,3.936800396960414,3.936800396960414,0.0,0.0,0.0
2021_01_JAX_HOU,2021,1,2021-09-12T13:00-04:00,HOU,JAX,16.0,4.209160804772379,4.209160804772379,4.209160804772379,0.0,,
2021_01_LAC_WAS,2021,1,2021-09-12T13:00-04:00,WAS,LAC,-4.0,1.7092110194678596,1.6334440074987437,1.7092110194678596,0.0,0.1835927770859278,0.0
2021_01_MIN_CIN,2021,1,2021-09-12T13:00-04:00,CIN,MIN,3.0,-0.28292169578156035,-0.28292169578156035,-0.28292169578156035,0.0,0.0,0.0
2021_01_NYJ_CAR,2021,1,2021-09-12T13:00-04:00,CAR,NYJ,5.0,3.1850830891828785,3.1850830891828785,3.1850830891828785,0.0,0.0,0.0
2021_01_PHI_ATL,2021,1,2021-09-12T13:00-04:00,ATL,PHI,-26.0,5.8613766196784916,5.8587891252455355,5.8613766196784916,0.0,0.09999999999999998,-0.2417603762011859
2021_01_PIT_BUF,2021,1,2021-09-12T13:00-04:00,BUF,PIT,-7.0,4.66781626219854,4.7198626085898265,4.66781626219854,0.0,-0.15930009589291308,0.08559586466165411
2021_01_SEA_IND,2021,1,2021-09-12T13:00-04:00,IND,SEA,-12.0,-0.19375775931843742,-0.3061224245252194,-0.19375775931843742,0.0,0.388582995951417,-0.30000000000000004
2021_01_SF_DET,2021,1,2021-09-12T13:00-04:00,DET,SF,-8.0,-3.3645959499629177,-3.3645959499629177,-3.3645959499629177,0.0,,
2021_01_CLE_KC,2021,1,2021-09-12T16:25-04:00,KC,CLE,4.0,5.658717022135221,5.4916751589614226,5.658717022135221,0.0,0.30000000000000004,0.2702174499508512
2021_01_DEN_NYG,2021,1,2021-09-12T16:25-04:00,NYG,DEN,-14.0,1.7912569462520431,1.7912569462520431,1.7912569462520431,0.0,,
2021_01_GB_NO,2021,1,2021-09-12T16:25-04:00,NO,GB,35.0,-3.4659070566159684,-3.3305346681724672,-3.4659070566159684,0.0,-0.350752840909091,0.0586252027903959
2021_01_MIA_NE,2021,1,2021-09-12T16:25-04:00,NE,MIA,-1.0,-1.5136342920386405,-1.501081042619052,-1.5136342920386405,0.0,0.0858915441176471,-0.30000000000000004
2021_01_CHI_LA,2021,1,2021-09-12T20:20-04:00,LAR,CHI,20.0,5.722701053699538,5.5182319600067355,5.722701053699538,0.0,0.10454059829059832,1.0082910623471122
2021_01_BAL_LV,2021,1,2021-09-13T20:15-04:00,LV,BAL,6.0,-5.832230381711419,-5.9704204608615425,-5.832230381711419,0.0,0.24508281573498972,0.23154248768472913
2021_02_NYG_WAS,2021,2,2021-09-16T20:20-04:00,WAS,NYG,1.0,4.378739556778596,4.295771742696424,4.378739556778596,0.0,0.2010412051395658,0.0
2021_02_BUF_MIA,2021,2,2021-09-19T13:00-04:00,MIA,BUF,-35.0,-2.530220699217672,-2.8347922101775964,-2.530220699217672,0.0,0.5008970844164695,0.6116014851767395
2021_02_CIN_CHI,2021,2,2021-09-19T13:00-04:00,CHI,CIN,3.0,2.5418471480827356,2.6078832117135944,2.5418471480827356,0.0,-0.19074122457767967,0.07925672896261135
2021_02_DEN_JAX,2021,2,2021-09-19T13:00-04:00,JAX,DEN,-10.0,-4.049806929737831,-4.087849746393306,-4.049806929737831,0.0,0.0,0.2377681902985075
2021_02_HOU_CLE,2021,2,2021-09-19T13:00-04:00,CLE,HOU,10.0,4.432523928608029,4.649352068610758,4.432523928608029,0.0,-0.389266312783262,-0.35113583263052606
2021_02_LA_IND,2021,2,2021-09-19T13:00-04:00,IND,LAR,-3.0,-3.5362623363485546,-3.0308729585999483,-3.5362623363485546,0.0,-0.7653282824311245,-1.1846628916668798
2021_02_LV_PIT,2021,2,2021-09-19T13:00-04:00,PIT,LV,-9.0,5.374215838973168,5.3150029025984145,5.374215838973168,0.0,-0.0643603436266543,0.5360878512188035
2021_02_NE_NYJ,2021,2,2021-09-19T13:00-04:00,NYJ,NE,-19.0,-1.3764996119132098,-1.3764996119132098,-1.3764996119132098,0.0,,
2021_02_NO_CAR,2021,2,2021-09-19T13:00-04:00,CAR,NO,19.0,-8.034612025299985,-8.019364134227379,-8.034612025299985,0.0,-0.09999999999999998,0.16263270211930936
2021_02_SF_PHI,2021,2,2021-09-19T13:00-04:00,PHI,SF,-6.0,-0.14148953026712663,-0.13518359747375364,-0.14148953026712663,0.0,-0.1151738556338028,0.25765834735176996
2021_02_ATL_TB,2021,2,2021-09-19T16:05-04:00,TB,ATL,23.0,5.634435240880448,5.947298705864608,5.634435240880448,0.0,-0.4188181967286445,-0.8751342525399131
2021_02_MIN_ARI,2021,2,2021-09-19T16:05-04:00,ARI,MIN,1.0,3.7789597444002756,4.189547446326484,3.7789597444002756,0.0,-1.1112140471090883,0.30000000000000004
2021_02_DAL_LAC,2021,2,2021-09-19T16:25-04:00,LAC,DAL,-3.0,2.239199834373613,2.2386061076144146,2.239199834373613,0.0,0.0,0.0037108013937282025
2021_02_TEN_SEA,2021,2,2021-09-19T16:25-04:00,SEA,TEN,-3.0,5.650762565934913,5.860643681179005,5.650762565934913,0.0,-0.6000000000000001,0.23583333333333334
2021_02_KC_BAL,2021,2,2021-09-19T20:20-04:00,BAL,KC,1.0,0.5690610947979255,0.816820646131992,0.5690610947979255,0.0,-0.3100755166931638,-0.7487162371931068
2021_02_DET_GB,2021,2,2021-09-20T20:15-04:00,GB,DET,18.0,12.012900327058185,12.022035512966397,12.012900327058185,0.0,-0.045735585169547455,0.060871774059274075
2021_03_CAR_HOU,2021,3,2021-09-23T20:20-04:00,HOU,CAR,-15.0,-1.4481052566266268,-1.4481052566266268,-1.4481052566266268,0.0,0.0,0.0
2021_03_ARI_JAX,2021,3,2021-09-26T13:00-04:00,JAX,ARI,-12.0,-7.443903308826478,-7.9540632539879645,-7.443903308826478,0.0,0.8811226593298556,0.9158079625292741
2021_03_ATL_NYG,2021,3,2021-09-26T13:00-04:00,NYG,ATL,-3.0,0.6046927713949253,0.8760465170641245,0.6046927713949253,0.0,-0.6187535885404292,-0.09999999999999998
2021_03_BAL_DET,2021,3,2021-09-26T13:00-04:00,DET,BAL,-2.0,-5.542147628485639,-5.542147628485639,-5.542147628485639,0.0,,
2021_03_CHI_CLE,2021,3,2021-09-26T13:00-04:00,CLE,CHI,20.0,4.931504025922241,4.861413469936783,4.931504025922241,0.0,-0.15195516638414192,0.8300084441199347
2021_03_CIN_PIT,2021,3,2021-09-26T13:00-04:00,PIT,CIN,-14.0,5.2790773249105385,5.2678463415993315,5.2790773249105385,0.0,0.0,0.07019381875327396
2021_03_IND_TEN,2021,3,2021-09-26T13:00-04:00,TEN,IND,9.0,2.098140431465854,1.977692943991801,2.098140431465854,0.0,0.36477267949624487,-0.18806774982161867
2021_03_LAC_KC,2021,3,2021-09-26T13:00-04:00,KC,LAC,-6.0,5.765403856057386,5.762114249757355,5.765403856057386,0.0,0.0,0.020560090064734
2021_03_NO_NE,2021,3,2021-09-26T13:00-04:00,NE,NO,-15.0,-2.4445843182832467,-2.455621991650771,-2.4445843182832467,0.0,0.09028592375366566,-0.16389089161259315
2021_03_WAS_BUF,2021,3,2021-09-26T13:00-04:00,BUF,WAS,22.0,7.863135830310797,8.224195452482316,7.863135830310797,0.0,-0.6283030931682474,-0.6360318576675327
2021_03_MIA_LV,2021,3,2021-09-26T16:05-04:00,LV,MIA,3.0,3.9099094154018275,3.917488191197565,3.9099094154018275,0.0,0.0,-0.047367465504720395
2021_03_NYJ_DEN,2021,3,2021-09-26T16:05-04:00,DEN,NYJ,26.0,8.577927414673415,8.728519184038854,8.577927414673415,0.0,-0.3045219273480143,-0.15574060093311606
2021_03_SEA_MIN,2021,3,2021-09-26T16:25-04:00,MIN,SEA,13.0,-1.811740023472135,-2.059354379020516,-1.811740023472135,0.0,0.6000000000000001,0.0
2021_03_TB_LA,2021,3,2021-09-26T16:25-04:00,LAR,TB,10.0,3.1663797549791157,3.123155046748302,3.1663797549791157,0.0,0.14069433428971362,-0.09274097839642761
2021_03_GB_SF,2021,3,2021-09-26T20:20-04:00,SF,GB,-2.0,-2.5911376665314636,-2.5188782883712686,-2.5911376665314636,0.0,0.0,-0.45162222694602855
2021_03_PHI_DAL,2021,3,2021-09-27T20:15-04:00,DAL,PHI,20.0,3.233835378956943,3.196362800232894,3.233835378956943,0.0,0.09080066131317902,0.0
2021_04_JAX_CIN,2021,4,2021-09-30T20:20-04:00,CIN,JAX,3.0,9.82842332425452,9.82842332425452,9.82842332425452,0.0,0.0,0.0
2021_04_CAR_DAL,2021,4,2021-10-03T13:00-04:00,DAL,CAR,8.0,2.5791140036128297,2.480475151564246,2.5791140036128297,0.0,0.30000000000000004,-0.15730242360379348
2021_04_CLE_MIN,2021,4,2021-10-03T13:00-04:00,MIN,CLE,-7.0,0.17133394110368294,0.44246763156238844,0.17133394110368294,0.0,-0.4078323883770376,-0.6426584620933617
2021_04_DET_CHI,2021,4,2021-10-03T13:00-04:00,CHI,DET,10.0,3.0949849457590117,3.094348413941326,3.0949849457590117,0.0,-0.10043115082135048,0.2630226669881842
2021_04_HOU_BUF,2021,4,2021-10-03T13:00-04:00,BUF,HOU,40.0,13.738135891482383,14.034392836830543,13.738135891482383,0.0,-0.6534566699123662,-0.1661349409463468
2021_04_IND_MIA,2021,4,2021-10-03T13:00-04:00,MIA,IND,-10.0,-1.046214530621759,-1.4452312388002457,-1.046214530621759,0.0,0.9280966285912973,0.09999999999999998
2021_04_KC_PHI,2021,4,2021-10-03T13:00-04:00,PHI,KC,-12.0,-5.052365888339966,-5.052365888339966,-5.052365888339966,0.0,0.0,0.0
2021_04_NYG_NO,2021,4,2021-10-03T13:00-04:00,NO,NYG,-6.0,9.561909517188177,9.397858916758851,9.561909517188177,0.0,0.28370515561891185,0.2935516714746309
2021_04_TEN_NYJ,2021,4,2021-10-03T13:00-04:00,NYJ,TEN,3.0,-9.126281826560557,-9.017465199312268,-9.126281826560557,0.0,-0.2832866635634492,0.05058208600617723
2021_04_WAS_ATL,2021,4,2021-10-03T13:00-04:00,ATL,WAS,-4.0,2.3206177419066516,2.243342196972235,2.3206177419066516,0.0,0.17894030851777334,0.021428571428571432
2021_04_ARI_LA,2021,4,2021-10-03T16:05-04:00,LAR,ARI,-17.0,4.684667897179663,4.45583977344556,4.684667897179663,0.0,0.42771015108949184,0.326976856316297
2021_04_SEA_SF,2021,4,2021-10-03T16:05-04:00,SF,SEA,-7.0,-0.10498216229740498,-0.11173818975278249,-0.10498216229740498,0.0,0.07134313624879657,-0.1417916853261681
2021_04_BAL_DEN,2021,4,2021-10-03T16:25-04:00,DEN,BAL,-16.0,1.9675324955803737,1.4838047895401794,1.9675324955803737,0.0,0.6727674792981034,1.2880212776545035
2021_04_PIT_GB,2021,4,2021-10-03T16:25-04:00,GB,PIT,10.0,8.133802956302576,8.182981957223214,8.133802956302576,0.0,-0.0977187953160493,-0.05532121998702143
2021_04_TB_NE,2021,4,2021-10-03T20:20-04:00,NE,TB,-2.0,-3.9375713268698362,-3.7385614892660963,-3.9375713268698362,0.0,-0.30000000000000004,-0.4700177827325257
2021_04_LV_LAC,2021,4,2021-10-04T20:15-04:00,LAC,LV,14.0,3.816531429550291,3.7175477104138386,3.816531429550291,0.0,0.2398497104513283,0.0
2021_05_LA_SEA,2021,5,2021-10-07T20:20-04:00,SEA,LAR,-9.0,0.3075292373864227,0.5113387959706887,0.3075292373864227,0.0,-0.3906359189378058,-0.2662368421052632
2021_05_NYJ_ATL,2021,5,2021-10-10T09:30-04:00,ATL,NYJ,7.0,6.556838766462452,6.507238423279864,6.556838766462452,0.0,0.0,0.31000290918289913
2021_05_DEN_PIT,2021,5,2021-10-10T13:00-04:00,PIT,DEN,8.0,3.7278617580086406,3.254920575163684,3.7278617580086406,0.0,1.0073416530385075,0.357630626223092
2021_05_DET_MIN,2021,5,2021-10-10T13:00-04:00,MIN,DET,2.0,8.361504623163784,7.975974069648787,8.361504623163784,0.0,0.8608872725291491,0.18906593406593408
2021_05_GB_CIN,2021,5,2021-10-10T13:00-04:00,CIN,GB,-3.0,-5.4318750343565,-5.181127126702093,-5.4318750343565,0.0,-0.46322804739201606,-0.3723637322646262
2021_05_MIA_TB,2021,5,2021-10-10T13:00-04:00,TB,MIA,28.0,8.821126609084653,9.04790188715155,8.821126609084653,0.0,-0.2688908765652952,-0.7237926774483379
2021_05_NE_HOU,2021,5,2021-10-10T13:00-04:00,HOU,NE,-3.0,-5.08438201065823,-5.009935791015905,-5.08438201065823,0.0,-0.5330434093287251,0.9096008727156268
2021_05_NO_WAS,2021,5,2021-10-10T13:00-04:00,WAS,NO,-11.0,-3.9614435810882376,-3.7255613544124144,-3.9614435810882376,0.0,-0.36848242130254383,-0.5238325281803543
2021_05_PHI_CAR,2021,5,2021-10-10T13:00-04:00,CAR,PHI,-3.0,2.9790090081787053,2.9985313869163557,2.9790090081787053,0.0,0.0,-0.12201516793066092
2021_05_TEN_JAX,2021,5,2021-10-10T13:00-04:00,JAX,TEN,-18.0,-7.23303433455216,-7.41775774044563,-7.23303433455216,0.0,0.36390625,0.21589253187613844
2021_05_CHI_LV,2021,5,2021-10-10T16:05-04:00,LV,CHI,-11.0,3.739454040837935,3.6905024770335446,3.739454040837935,0.0,0.05422827522715448,0.1660758142381567
2021_05_CLE_LAC,2021,5,2021-10-10T16:05-04:00,LAC,CLE,5.0,2.043424003065205,1.6291288256898393,2.043424003065205,0.0,0.5815756434400503,1.0892800633833177
2021_05_NYG_DAL,2021,5,2021-10-10T16:25-04:00,DAL,NYG,24.0,4.864552157413859,4.955404036109813,4.864552157413859,0.0,-0.15506904131439836,-0.16785256473570098
2021_05_SF_ARI,2021,5,2021-10-10T16:25-04:00,ARI,SF,7.0,6.178392504821314,6.178392504821314,6.178392504821314,0.0,,
2021_05_BUF_KC,2021,5,2021-10-10T20:20-04:00,KC,BUF,-18.0,-1.7507901057550723,-2.1112377983360258,-1.7507901057550723,0.0,0.6534566699123662,0.567328100266581
2021_05_IND_BAL,2021,5,2021-10-11T20:15-04:00,BAL,IND,6.0,4.401266826351838,4.670574627344569,4.401266826351838,0.0,-0.5424949290060852,-0.2839084953902968
2021_06_TB_PHI,2021,6,2021-10-14T20:20-04:00,PHI,TB,-6.0,-5.440716905300603,-5.606857312038086,-5.440716905300603,0.0,0.30000000000000004,0.2645833333333334
2021_06_MIA_JAX,2021,6,2021-10-17T09:30-04:00,JAX,MIA,3.0,-4.131609917272147,-4.2322577318545065,-4.131609917272147,0.0,0.30000000000000004,-0.14474637681159425
2021_06_CIN_DET,2021,6,2021-10-17T13:00-04:00,DET,CIN,-23.0,-2.884647961491354,-2.8321093734095504,-2.884647961491354,0.0,-0.04459542957809015,-0.21334098737083815
2021_06_GB_CHI,2021,6,2021-10-17T13:00-04:00,CHI,GB,-10.0,-6.152055911942904,-6.070349046937339,-6.152055911942904,0.0,0.1709463632919958,-0.9515949771699195
2021_06_HOU_IND,2021,6,2021-10-17T13:00-04:00,IND,HOU,28.0,9.940784382694616,9.85656920834337,9.940784382694616,0.0,0.22910710496340075,-0.06459498775801154
2021_06_KC_WAS,2021,6,2021-10-17T13:00-04:00,WAS,KC,-18.0,-3.903109243452028,-3.914613850914531,-3.903109243452028,0.0,-0.14100473658317303,0.4356006724427778
2021_06_LAC_BAL,2021,6,2021-10-17T13:00-04:00,BAL,LAC,28.0,3.030109996208594,3.2015152723339053,3.030109996208594,0.0,-0.06991549295774649,-0.8909510084935164
2021_06_LA_NYG,2021,6,2021-10-17T13:00-04:00,NYG,LAR,-27.0,-6.065770408604649,-5.835522596358526,-6.065770408604649,0.0,-0.49689313808204105,-0.1574046920821114
2021_06_MIN_CAR,2021,6,2021-10-17T13:00-04:00,CAR,MIN,-6.0,-0.11949644527017744,-0.25287843240971686,-0.11949644527017744,0.0,0.2150645134980833,0.2789187227866473
2021_06_ARI_CLE,2021,6,2021-10-17T16:05-04:00,CLE,ARI,-23.0,-0.5994615968328977,-0.4974025705164353,-0.5994615968328977,0.0,-0.057046882939648214,-0.4907281748030752
2021_06_DAL_NE,2021,6,2021-10-17T16:25-04:00,NE,DAL,-6.0,-3.227943653299212,-3.3291250541152566,-3.227943653299212,0.0,0.15954292832100753,0.22087263945441327
2021_06_LV_DEN,2021,6,2021-10-17T16:25-04:00,DEN,LV,-10.0,2.466178212266925,2.6271226369765044,2.466178212266925,0.0,-0.41061227045550286,0.053196359312003505
2021_06_SEA_PIT,2021,6,2021-10-17T20:20-04:00,PIT,SEA,3.0,2.496823587750928,2.275894885074439,2.496823587750928,0.0,0.48541105121293804,0.12877611940298508
2021_06_BUF_TEN,2021,6,2021-10-18T20:15-04:00,TEN,BUF,3.0,-6.540244820862694,-6.677848364019777,-6.540244820862694,0.0,0.16173096336296855,0.4428679421628457
2021_07_DEN_CLE,2021,7,2021-10-21T20:20-04:00,CLE,DEN,3.0,3.4775700105672716,3.5699022266295795,3.4775700105672716,0.0,0.021664292497625803,-0.6329569715823692
2021_07_ATL_MIA,2021,7,2021-10-24T13:00-04:00,MIA,ATL,-2.0,-1.2124694106280225,-0.9187701443374866,-1.2124694106280225,0.0,-0.3914786387075544,-0.8258752542638086
2021_07_CAR_NYG,2021,7,2021-10-24T13:00-04:00,NYG,CAR,22.0,0.35186446799682036,0.6512157496735751,0.35186446799682036,0.0,-0.6090553178007746,-0.30000000000000004
2021_07_CIN_BAL,2021,7,2021-10-24T13:00-04:00,BAL,CIN,-24.0,5.902394301139912,6.33942100356969,5.902394301139912,0.0,-0.6000000000000001,-1.1838300866637306
2021_07_KC_TEN,2021,7,2021-10-24T13:00-04:00,TEN,KC,24.0,0.114872495809613,-0.03787285718476108,0.114872495809613,0.0,0.24460336854001463,0.3237498224611828
2021_07_NYJ_NE,2021,7,2021-10-24T13:00-04:00,NE,NYJ,41.0,5.802712535121994,6.139994287227119,5.802712535121994,0.0,-0.10455508474576274,-1.8383348586938224
2021_07_WAS_GB,2021,7,2021-10-24T13:00-04:00,GB,WAS,14.0,11.055461384051698,10.96492939369965,11.055461384051698,0.0,0.3356797428915143,-0.30000000000000004
2021_07_DET_LA,2021,7,2021-10-24T16:05-04:00,LAR,DET,9.0,14.64728659538882,14.491457796374412,14.64728659538882,0.0,0.29449508520308215,0.21433457711442788
2021_07_PHI_LV,2021,7,2021-10-24T16:05-04:00,LV,PHI,11.0,3.292007852618858,3.248554988668051,3.292007852618858,0.0,0.16634071024189395,-0.1574652777777778
2021_07_CHI_TB,2021,7,2021-10-24T16:25-04:00,TB,CHI,35.0,9.765162002265665,9.672328638071015,9.765162002265665,0.0,0.10568826334670692,0.3076058344149034
2021_07_HOU_ARI,2021,7,2021-10-24T16:25-04:00,ARI,HOU,26.0,16.25679071479788,16.00754179810815,16.25679071479788,0.0,0.7224510244686624,-0.3056246579269723
2021_07_IND_SF,2021,7,2021-10-24T20:20-04:00,SF,IND,-12.0,-0.20603219639752746,-0.20252091848270404,-0.20603219639752746,0.0,0.0,-0.02194554107293044
2021_07_NO_SEA,2021,7,2021-10-25T20:15-04:00,SEA,NO,-3.0,-5.006318836445503,-4.702776913173025,-5.006318836445503,0.0,-0.6339423076923079,-0.262
2021_08_GB_ARI,2021,8,2021-10-28T20:20-04:00,ARI,GB,-3.0,1.9019916609895333,2.022085539937687,1.9019916609895333,0.0,-0.36842622950819676,0.19970149253731345
2021_08_CAR_ATL,2021,8,2021-10-31T13:00-04:00,ATL,CAR,-6.0,5.2398777831308365,5.150608842213607,5.2398777831308365,0.0,0.09999999999999998,0.30000000000000004
2021_08_CIN_NYJ,2021,8,2021-10-31T13:00-04:00,NYJ,CIN,3.0,-9.229660790749318,-9.042313985842291,-9.229660790749318,0.0,-0.21224446786090626,-0.6234734727173848
2021_08_LA_HOU,2021,8,2021-10-31T13:00-04:00,HOU,LAR,-16.0,-14.29264480638015,-14.299059294468728,-14.29264480638015,0.0,-0.1693074974670719,0.4767892976588629
2021_08_MIA_BUF,2021,8,2021-10-31T13:00-04:00,BUF,MIA,15.0,15.231079112367766,15.163743062902952,15.231079112367766,0.0,0.12888716759108387,0.0884097673160173
2021_08_PHI_DET,2021,8,2021-10-31T13:00-04:00,DET,PHI,-38.0,-1.90963018129046,-1.7533252297872575,-1.90963018129046,0.0,-0.1944078300216408,-0.47546785304247996
2021_08_PIT_CLE,2021,8,2021-10-31T13:00-04:00,CLE,PIT,-5.0,2.6234641482244525,2.9194064389234384,2.6234641482244525,0.0,-0.5204120504665711,-0.5073333333333333
2021_08_SF_CHI,2021,8,2021-10-31T13:00-04:00,CHI,SF,-11.0,-3.491602471238494,-3.7107253321855302,-3.491602471238494,0.0,0.5854676573426574,-0.14058868097774868
2021_08_TEN_IND,2021,8,2021-10-31T13:00-04:00,IND,TEN,-3.0,0.6892551405792101,0.7789206259843644,0.6892551405792101,0.0,-0.2604142140234656,0.1112815924612377
2021_08_JAX_SEA,2021,8,2021-10-31T16:05-04:00,SEA,JAX,24.0,7.865571514657308,8.36702685008434,7.865571514657308,0.0,-1.1276923076923078,-0.22542136024194015
2021_08_NE_LAC,2021,8,2021-10-31T16:05-04:00,LAC,NE,-3.0,4.411921138254366,4.035817271016947,4.411921138254366,0.0,0.42378606473811664,1.2575740070484516
2021_08_TB_NO,2021,8,2021-10-31T16:25-04:00,NO,TB,9.0,-1.1031838747905711,-1.261448188499652,-1.1031838747905711,0.0,0.10461618905889493,0.7193155025051579
2021_08_WAS_DEN,2021,8,2021-10-31T16:25-04:00,DEN,WAS,7.0,4.01077150507883,3.999176781997392,4.01077150507883,0.0,0.0280954383014505,0.0
2021_08_DAL_MIN,2021,8,2021-10-31T20:20-04:00,MIN,DAL,-4.0,3.394366865679035,3.2539306186014105,3.394366865679035,0.0,0.2940789473684211,0.11920424403183025
2021_08_NYG_KC,2021,8,2021-11-01T20:15-04:00,KC,NYG,3.0,7.02512034894535,6.811172980146274,7.02512034894535,0.0,0.6110543376770999,-0.23893188854489167
2021_09_NYJ_IND,2021,9,2021-11-04T20:20-04:00,IND,NYJ,15.0,12.728922963151364,12.730827688963274,12.728922963151364,0.0,-0.004615384615384577,0.0
2021_09_ATL_NO,2021,9,2021-11-07T13:00-05:00,NO,ATL,-2.0,5.359144093333268,5.46948928750914,5.359144093333268,0.0,-0.09999999999999998,-0.4317269076305221
2021_09_BUF_JAX,2021,9,2021-11-07T13:00-05:00,JAX,BUF,3.0,-15.590562526165739,-15.978499828044585,-15.590562526165739,0.0,0.6388788752703678,0.7767394166014843
2021_09_CLE_CIN,2021,9,2021-11-07T13:00-05:00,CIN,CLE,-25.0,2.3960168712992553,2.0744884165570303,2.3960168712992553,0.0,0.46153657653538344,0.8191060911657927
2021_09_DEN_DAL,2021,9,2021-11-07T13:00-05:00,DAL,DEN,-14.0,5.911234871243697,5.923098647798978,5.911234871243697,0.0,-0.05533244151407585,0.06857142857142857
2021_09_HOU_MIA,2021,9,2021-11-07T13:00-05:00,MIA,HOU,8.0,3.559538680503509,3.5890792996274836,3.559538680503509,0.0,0.0679077643667807,-0.35978535353535357
2021_09_LV_NYG,2021,9,2021-11-07T13:00-05:00,NYG,LV,7.0,-1.3135187454391914,-1.1244182590771672,-1.3135187454391914,0.0,-0.4582137072220193,0.0
2021_09_MIN_BAL,2021,9,2021-11-07T13:00-05:00,BAL,MIN,3.0,3.875693825228085,4.059297475272667,3.875693825228085,0.0,-0.4923466349017273,0.1223951421827233
2021_09_NE_CAR,2021,9,2021-11-07T13:00-05:00,CAR,NE,-18.0,-0.9462924616247927,-1.1517466490696955,-0.9462924616247927,0.0,-0.0905251842751843,1.5175854876750405
2021_09_LAC_PHI,2021,9,2021-11-07T16:05-05:00,PHI,LAC,-3.0,0.1699708429042226,0.13997091686724383,0.1699708429042226,0.0,0.0,0.18750000000000003
2021_09_ARI_SF,2021,9,2021-11-07T16:25-05:00,SF,ARI,-14.0,-0.9387417305285377,-0.8638704048702974,-0.9387417305285377,0.0,-0.18142241913016566,0.0
2021_09_GB_KC,2021,9,2021-11-07T16:25-05:00,KC,GB,6.0,2.1743027011850904,2.143825164385334,2.1743027011850904,0.0,0.0,0.19048507462686567
2021_09_TEN_LA,2021,9,2021-11-07T20:20-05:00,LAR,TEN,-12.0,2.8346409796006857,2.759033773143293,2.8346409796006857,0.0,0.18543936863993288,-0.0057617421701929294
2021_09_CHI_PIT,2021,9,2021-11-08T20:15-05:00,PIT,CHI,2.0,8.833018194448584,8.779801688563786,8.833018194448584,0.0,0.24525974025974032,-0.30000000000000004
2021_10_BAL_MIA,2021,10,2021-11-11T20:20-05:00,MIA,BAL,12.0,-5.570320545743494,-5.541437356281179,-5.570320545743494,0.0,-0.06998751602672248,0.0
2021_10_ATL_DAL,2021,10,2021-11-14T13:00-05:00,DAL,ATL,40.0,3.0704457350865333,3.1802175188928206,3.0704457350865333,0.0,-0.2659905163329821,0.0
2021_10_BUF_NYJ,2021,10,2021-11-14T13:00-05:00,NYJ,BUF,-28.0,-13.892227819986324,-13.980278644617488,-13.892227819986324,0.0,0.15319843661541355,0.15517082657544737
2021_10_CLE_NE,2021,10,2021-11-14T13:00-05:00,NE,CLE,38.0,0.18729894159782678,0.2998874763360102,0.18729894159782678,0.0,-0.0013475854880763694,-0.7002042193357908
2021_10_DET_PIT,2021,10,2021-11-14T13:00-05:00,PIT,DET,0.0,6.942912028091073,6.819104850316883,6.942912028091073,0.0,0.30000000000000004,0.0
2021_10_JAX_IND,2021,10,2021-11-14T13:00-05:00,IND,JAX,6.0,12.747568142222,12.692733591303933,12.747568142222,0.0,0.22868117797695267,-0.24712573385518596
2021_10_NO_TEN,2021,10,2021-11-14T13:00-05:00,TEN,NO,2.0,3.3558197705523414,3.512227345369145,3.3558197705523414,0.0,-0.30298336814375765,-0.19605791508960518
2021_10_TB_WAS,2021,10,2021-11-14T13:00-05:00,WAS,TB,10.0,-8.699204437796157,-8.641143673668195,-8.699204437796157,0.0,-0.3524614931434482,0.5462312113174184
2021_10_CAR_ARI,2021,10,2021-11-14T16:05-05:00,ARI,CAR,-24.0,10.640113368190459,10.722237265884,10.640113368190459,0.0,-0.1755254237288136,-0.060538940266845864
2021_10_MIN_LAC,2021,10,2021-11-14T16:05-05:00,LAC,MIN,-7.0,1.6702496999399483,1.7814964611074413,1.6702496999399483,0.0,-0.2726071428571429,0.00784778284778287
2021_10_PHI_DEN,2021,10,2021-11-14T16:25-05:00,DEN,PHI,-17.0,1.4192762319831034,1.8110890819039667,1.4192762319831034,0.0,-0.6566228763420858,-0.7551941492641576
2021_10_SEA_GB,2021,10,2021-11-14T16:25-05:00,GB,SEA,17.0,5.709688462013721,5.467925939149485,5.709688462013721,0.0,0.6746153846153847,-0.22903118951565893
2021_10_KC_LV,2021,10,2021-11-14T20:20-05:00,LV,KC,-27.0,-1.9443744533987806,-1.9912684554314855,-1.9443744533987806,0.0,0.0,0.2930882352941177
2021_10_LA_SF,2021,10,2021-11-15T20:15-05:00,SF,LAR,21.0,-4.87507095380512,-5.023129133285219,-4.87507095380512,0.0,0.3307692307692308,0.07220536318321569
2021_11_NE_ATL,2021,11,2021-11-18T20:20-05:00,ATL,NE,-25.0,-2.673013819194827,-3.0434087090813877,-2.673013819194827,0.0,0.41972177511226755,1.232375924569566
2021_11_BAL_CHI,2021,11,2021-11-21T13:00-05:00,CHI,BAL,-3.0,-1.7213631352570862,-2.1887347801191632,-1.7213631352570862,0.0,0.9169568922072899,0.555952380952381
2021_11_DET_CLE,2021,11,2021-11-21T13:00-05:00,CLE,DET,3.0,10.034030283347873,10.018415725672162,10.034030283347873,0.0,0.016440450613284252,0.05518600086883679
2021_11_GB_MIN,2021,11,2021-11-21T13:00-05:00,MIN,GB,3.0,-3.1741153856436517,-2.958199628934203,-3.1741153856436517,0.0,-0.3097173924702015,-0.5506157479967578
2021_11_HOU_TEN,2021,11,2021-11-21T13:00-05:00,TEN,HOU,-9.0,13.018757800744543,13.093816606859273,13.018757800744543,0.0,-0.08136947597629762,-0.2592405694911213
2021_11_IND_BUF,2021,11,2021-11-21T13:00-05:00,BUF,IND,-26.0,6.534695984618449,6.763488602956123,6.534695984618449,0.0,-0.5623234473913766,0.02045616535994299
2021_11_MIA_NYJ,2021,11,2021-11-21T13:00-05:00,NYJ,MIA,-7.0,-4.358152810002612,-4.252677735883462,-4.358152810002612,0.0,-0.30000000000000004,0.11457593032339908
2021_11_NO_PHI,2021,11,2021-11-21T13:00-05:00,PHI,NO,11.0,-0.30607646151121715,-0.26776494028351305,-0.30607646151121715,0.0,0.08056755695208172,-0.44725731548986325
2021_11_SF_JAX,2021,11,2021-11-21T13:00-05:00,JAX,SF,-20.0,-6.054808281372603,-5.966754537902618,-6.054808281372603,0.0,-0.190044814340589,-0.06015037593984961
2021_11_WAS_CAR,2021,11,2021-11-21T13:00-05:00,CAR,WAS,-6.0,5.203523269344617,5.064805424802067,5.203523269344617,0.0,0.1354922864587364,0.5175103543488266
2021_11_CIN_LV,2021,11,2021-11-21T16:05-05:00,LV,CIN,-19.0,0.6311128426853512,0.6985999025117429,0.6311128426853512,0.0,-0.05334138486312399,-0.2842105263157895
2021_11_ARI_SEA,2021,11,2021-11-21T16:25-05:00,SEA,ARI,-10.0,1.2532778605207138,1.0687035106699692,1.2532778605207138,0.0,0.4159529159365226,0.0807157895448194
2021_11_DAL_KC,2021,11,2021-11-21T16:25-05:00,KC,DAL,10.0,2.7216760121315775,2.8389417028865727,2.7216760121315775,0.0,-0.1713961836387682,-0.2908263305322129
2021_11_PIT_LAC,2021,11,2021-11-21T20:20-05:00,LAC,PIT,4.0,2.9269435500468335,2.9495968432671003,2.9269435500468335,0.0,-0.03892857142857143,-0.041174089068825914
2021_11_NYG_TB,2021,11,2021-11-22T20:15-05:00,TB,NYG,20.0,8.352905523968298,8.36504592000156,8.352905523968298,0.0,0.2735021554780339,-0.781327942872333
2021_12_CHI_DET,2021,12,2021-11-25T12:30-05:00,DET,CHI,-2.0,-0.33040057955044055,-0.370643078167,-0.33040057955044055,0.0,-0.07220684812688449,0.43776098901098903
2021_12_LV_DAL,2021,12,2021-11-25T16:30-05:00,DAL,LV,-3.0,6.925222853689648,6.802353609080413,6.925222853689648,0.0,0.2977272727272728,0.0
2021_12_BUF_NO,2021,12,2021-11-25T20:20-05:00,NO,BUF,-25.0,-4.857504029332262,-4.733696851558072,-4.857504029332262,0.0,-0.30000000000000004,0.0
2021_12_ATL_JAX,2021,12,2021-11-28T13:00-05:00,JAX,ATL,-7.0,-2.5254330624295824,-2.597432855452405,-2.5254330624295824,0.0,0.17446434282059484,0.0
2021_12_CAR_MIA,2021,12,2021-11-28T13:00-05:00,MIA,CAR,23.0,-1.247541828440334,-1.215541907334223,-1.247541828440334,0.0,0.0,-0.19999999999999996
2021_12_NYJ_HOU,2021,12,2021-11-28T13:00-05:00,HOU,NYJ,-7.0,7.0086667690970295,7.167980164639554,7.0086667690970295,0.0,-0.6389127093727727,0.652250789930197
2021_12_PHI_NYG,2021,12,2021-11-28T13:00-05:00,NYG,PHI,6.0,-2.496619439789338,-2.360888383423295,-2.496619439789338,0.0,-0.2901231527093596,-0.09999999999999998
2021_12_PIT_CIN,2021,12,2021-11-28T13:00-05:00,CIN,PIT,31.0,2.33238902668532,2.33238902668532,2.33238902668532,0.0,0.0,0.0
2021_12_TB_IND,2021,12,2021-11-28T13:00-05:00,IND,TB,-7.0,0.7557085219145618,0.7300796639752989,0.7557085219145618,0.0,-0.10939528875896534,0.4423464935931667
2021_12_TEN_NE,2021,12,2021-11-28T13:00-05:00,NE,TEN,23.0,2.021673826801255,2.1186878324858585,2.021673826801255,0.0,-0.31930515536715415,0.21725196123237356
2021_12_LAC_DEN,2021,12,2021-11-28T16:05-05:00,DEN,LAC,15.0,-0.798217431130861,-0.7977728992553572,-0.798217431130861,0.0,-0.013941299790356396,0.03318077803203662
2021_12_LA_GB,2021,12,2021-11-28T16:25-05:00,GB,LAR,8.0,1.265129042506779,1.438728754054527,1.265129042506779,0.0,-0.4494850447903617,0.07436604548782408
2021_12_MIN_SF,2021,12,2021-11-28T16:25-05:00,SF,MIN,8.0,1.8681696497817484,1.9328654390279418,1.8681696497817484,0.0,-0.1955357142857143,0.09999999999999998
2021_12_CLE_BAL,2021,12,2021-11-28T20:20-05:00,BAL,CLE,6.0,2.5157438402708148,2.7431168417456657,2.5157438402708148,0.0,-0.3902730248681614,-0.414444744122258
2021_12_SEA_WAS,2021,12,2021-11-29T20:15-05:00,WAS,SEA,2.0,-0.8273870966395672,-0.9980359444687829,-0.8273870966395672,0.0,0.3663505761067951,0.12162162162162163
2021_13_DAL_NO,2021,13,2021-12-02T20:20-05:00,NO,DAL,-10.0,-1.4585531151854814,-1.5809882682396306,-1.4585531151854814,0.0,0.2966754155662685,0.0
2021_13_ARI_CHI,2021,13,2021-12-05T13:00-05:00,CHI,ARI,-11.0,-6.132298733141736,-6.601600329493861,-6.132298733141736,0.0,1.1371754161331626,0.0
2021_13_IND_HOU,2021,13,2021-12-05T13:00-05:00,HOU,IND,-31.0,-8.41451399150134,-8.369190525332563,-8.41451399150134,0.0,-0.19822004403007384,0.22800107001755926
2021_13_LAC_CIN,2021,13,2021-12-05T13:00-05:00,CIN,LAC,-19.0,3.0158382496660976,3.0158382496660976,3.0158382496660976,0.0,0.0,0.0
2021_13_MIN_DET,2021,13,2021-12-05T13:00-05:00,DET,MIN,2.0,-4.526876349779987,-4.404453583960161,-4.526876349779987,0.0,-0.30000000000000004,0.008652596047185684
2021_13_NYG_MIA,2021,13,2021-12-05T13:00-05:00,MIA,NYG,11.0,4.579647195191994,4.558683088553097,4.579647195191994,0.0,0.1935673234811166,-0.36824657534246574
2021_13_PHI_NYJ,2021,13,2021-12-05T13:00-05:00,NYJ,PHI,-15.0,-7.823127792352575,-7.569240395203562,-7.823127792352575,0.0,-0.4256003864556497,-0.48903946482006616
2021_13_TB_ATL,2021,13,2021-12-05T13:00-05:00,ATL,TB,-13.0,-7.4745305709367535,-7.692410969800948,-7.4745305709367535,0.0,0.20631009590228028,0.8296155649306747
2021_13_JAX_LA,2021,13,2021-12-05T16:05-05:00,LAR,JAX,30.0,11.98646571739734,12.19779722405286,11.98646571739734,0.0,-0.5363001997403802,0.06246603260869564
2021_13_WAS_LV,2021,13,2021-12-05T16:05-05:00,LV,WAS,-2.0,1.0832521723215902,0.9021556873030248,1.0832521723215902,0.0,0.4532406711688577,-0.037198067632850246
2021_13_BAL_PIT,2021,13,2021-12-05T16:25-05:00,PIT,BAL,1.0,-1.0491751041171504,-1.5939469111459101,-1.0491751041171504,0.0,0.7804043839758127,1.3919175526387684
2021_13_SF_SEA,2021,13,2021-12-05T16:25-05:00,SEA,SF,7.0,-0.3383877452143361,-0.16290691755570846,-0.3383877452143361,0.0,-0.4131204768361183,-0.031186909801367627
2021_13_DEN_KC,2021,13,2021-12-05T20:20-05:00,KC,DEN,13.0,7.310759988746188,6.987434077228661,7.310759988746188,0.0,0.5965206118980991,0.482172855682482
2021_13_NE_BUF,2021,13,2021-12-06T20:15-05:00,BUF,NE,-4.0,3.928693063128912,4.077927757594921,3.928693063128912,0.0,-0.560484707006838,0.5129517109050209
2021_14_PIT_MIN,2021,14,2021-12-09T20:20-05:00,MIN,PIT,8.0,3.9795317870933022,4.102135858587271,3.9795317870933022,0.0,-0.23301587301587304,-0.1652542372881356
2021_14_ATL_CAR,2021,14,2021-12-12T13:00-05:00,CAR,ATL,-8.0,3.226504643317767,3.040372968599018,3.226504643317767,0.0,0.548662436009655,-0.25185156545348325
2021_14_BAL_CLE,2021,14,2021-12-12T13:00-05:00,CLE,BAL,2.0,1.5127384151634948,1.3419878498182183,1.5127384151634948,0.0,0.1268361581920905,0.7400422999025486
2021_14_DAL_WAS,2021,14,2021-12-12T13:00-05:00,WAS,DAL,-7.0,-1.6482043918999816,-1.5441861265622272,-1.6482043918999816,0.0,-0.0804904051172708,-0.44250504317232375
2021_14_JAX_TEN,2021,14,2021-12-12T13:00-05:00,TEN,JAX,20.0,12.744517105366107,12.758502528214626,12.744517105366107,0.0,0.0,-0.08740910830463067
2021_14_LV_KC,2021,14,2021-12-12T13:00-05:00,KC,LV,39.0,9.53088100722641,9.568621381729042,9.53088100722641,0.0,-0.031829268292682934,-0.15377997231885687
2021_14_NO_NYJ,2021,14,2021-12-12T13:00-05:00,NYJ,NO,-21.0,-5.067933511425871,-4.827222517522758,-5.067933511425871,0.0,-0.35854116222760296,-0.5796541115918106
2021_14_SEA_HOU,2021,14,2021-12-12T13:00-05:00,HOU,SEA,-20.0,-8.664032235649172,-8.813617688666556,-8.664032235649172,0.0,0.24452929253727435,0.3041914648193211
2021_14_DET_DEN,2021,14,2021-12-12T16:05-05:00,DEN,DET,28.0,7.029324799312205,6.484340405317568,7.029324799312205,0.0,1.0468212543852145,0.7060711794994169
2021_14_NYG_LAC,2021,14,2021-12-12T16:05-05:00,LAC,NYG,16.0,7.105702537415537,6.94150320638807,7.105702537415537,0.0,0.46371220159151194,-0.16981499513145087
2021_14_BUF_TB,2021,14,2021-12-12T16:25-05:00,TB,BUF,6.0,1.2141042817630776,1.3629890860695064,1.2141042817630776,0.0,-0.0909835050435926,-0.6958565136816178
2021_14_SF_CIN,2021,14,2021-12-12T16:25-05:00,CIN,SF,-3.0,-0.6671102995991576,-0.533080472304214,-0.6671102995991576,0.0,-0.2108842429049052,-0.29375000000000007
2021_14_CHI_GB,2021,14,2021-12-12T20:20-05:00,GB,CHI,15.0,13.981410152255496,14.122969188999651,13.981410152255496,0.0,-0.26119324899812696,-0.21104452054794526
2021_14_LA_ARI,2021,14,2021-12-13T20:15-05:00,ARI,LAR,-7.0,2.279087769237507,2.4504515417841732,2.279087769237507,0.0,-0.4112662013958126,-0.01023802639269128
2021_15_KC_LAC,2021,15,2021-12-16T20:20-05:00,LAC,KC,-6.0,-3.31467844556162,-3.305465820023149,-3.31467844556162,0.0,0.09398628613787996,-0.30000000000000004
2021_15_NE_IND,2021,15,2021-12-18T20:20-05:00,IND,NE,10.0,1.9006155085978733,1.6167566036980021,1.9006155085978733,0.0,0.4793089241293532,0.5378302070582874
2021_15_ARI_DET,2021,15,2021-12-19T13:00-05:00,DET,ARI,18.0,-9.035793176570877,-9.166275322952767,-9.035793176570877,0.0,0.4101586926696531,-0.24241614483631302
2021_15_CAR_BUF,2021,15,2021-12-19T13:00-05:00,BUF,CAR,17.0,10.47826520342941,10.352526502181714,10.47826520342941,0.0,0.4113569097611315,-0.27515333839593437
2021_15_DAL_NYG,2021,15,2021-12-19T13:00-05:00,NYG,DAL,-15.0,-5.469807694287501,-5.296791489960387,-5.469807694287501,0.0,-0.26451343134626487,-0.39908848142187536
2021_15_HOU_JAX,2021,15,2021-12-19T13:00-05:00,JAX,HOU,-14.0,1.9279606821608681,1.823165887519056,1.9279606821608681,0.0,0.2530626780626781,0.002238805970149254
2021_15_NYJ_MIA,2021,15,2021-12-19T13:00-05:00,MIA,NYJ,7.0,11.908882237596714,11.97864418405075,11.908882237596714,0.0,-0.233527709272553,0.16633004926108377
2021_15_TEN_PIT,2021,15,2021-12-19T13:00-05:00,PIT,TEN,6.0,-3.6020380471180533,-3.654631744679392,-3.6020380471180533,0.0,0.2154929577464789,-0.22711442786069658
2021_15_ATL_SF,2021,15,2021-12-19T16:05-05:00,SF,ATL,18.0,5.149094109804848,5.06026767880578,5.149094109804848,0.0,0.2779420970266041,-0.16173575953600466
2021_15_CIN_DEN,2021,15,2021-12-19T16:05-05:00,DEN,CIN,-5.0,4.510610546860967,4.741421551828912,4.510610546860967,0.0,-0.37900853889943087,-0.4649870617475398
2021_15_GB_BAL,2021,15,2021-12-19T16:25-05:00,BAL,GB,-1.0,-5.751113122410718,-5.597180155602071,-5.751113122410718,0.0,-0.19047982350841575,-0.4707745079778979
2021_15_NO_TB,2021,15,2021-12-19T20:20-05:00,TB,NO,-9.0,9.791668739685242,10.049379822739766,9.791668739685242,0.0,-0.38638388225692677,-0.6140895747617621
2021_15_LV_CLE,2021,15,2021-12-20T17:00-05:00,CLE,LV,-2.0,2.8140140184980957,3.0502048969499778,2.8140140184980957,0.0,-0.5151831977432276,-0.14737298388614178
2021_15_MIN_CHI,2021,15,2021-12-20T20:15-05:00,CHI,MIN,-8.0,-6.5708477872486135,-6.508064717351593,-6.5708477872486135,0.0,0.0,-0.39239515428074756
2021_15_SEA_LA,2021,15,2021-12-21T19:00-05:00,LAR,SEA,10.0,5.10030926855333,5.032533271024924,5.10030926855333,0.0,0.20000000000000007,-0.09226348364279396
2021_15_WAS_PHI,2021,15,2021-12-21T19:00-05:00,PHI,WAS,10.0,5.463701532209349,5.425937556520112,5.463701532209349,0.0,0.09150675195451312,0.0
2021_16_SF_TEN,2021,16,2021-12-23T20:20-05:00,TEN,SF,3.0,1.2103648337172306,1.1706368684230433,1.2103648337172306,0.0,0.0,0.24830039525691702
2021_16_CLE_GB,2021,16,2021-12-25T16:30-05:00,GB,CLE,2.0,5.112556594472907,5.177631077423356,5.112556594472907,0.0,-0.35449408585931946,0.5076380728554641
2021_16_IND_ARI,2021,16,2021-12-25T20:15-05:00,ARI,IND,-6.0,-0.9029428378625475,-0.7791356600883572,-0.9029428378625475,0.0,-0.30000000000000004,0.0
2021_16_BAL_CIN,2021,16,2021-12-26T13:00-05:00,CIN,BAL,20.0,2.2753532627528266,2.0279600694818933,2.2753532627528266,0.0,0.26326802993469667,0.8671581003563913
2021_16_BUF_NE,2021,16,2021-12-26T13:00-05:00,NE,BUF,-12.0,0.1250585398573587,0.3606951821274308,0.1250585398573587,0.0,-0.3023709113269716,-0.692820531199555
2021_16_DET_ATL,2021,16,2021-12-26T13:00-05:00,ATL,DET,4.0,6.74384402964829,6.617717085433882,6.74384402964829,0.0,0.1808921982283893,0.32171601650912
2021_16_JAX_NYJ,2021,16,2021-12-26T13:00-05:00,NYJ,JAX,5.0,1.3347730330389396,1.4714195630630145,1.3347730330389396,0.0,-0.031690140845070436,-0.7723038229376259
2021_16_LAC_HOU,2021,16,2021-12-26T13:00-05:00,HOU,LAC,12.0,-9.492367583703366,-9.539735887972281,-9.492367583703366,0.0,0.0,0.29605263157894746
2021_16_LA_MIN,2021,16,2021-12-26T13:00-05:00,MIN,LAR,-7.0,-2.658965656404131,-2.5152001819559358,-2.658965656404131,0.0,-0.41866361684201886,0.18133208255159483
2021_16_NYG_PHI,2021,16,2021-12-26T13:00-05:00,PHI,NYG,24.0,6.022109896542523,6.0071320708454055,6.022109896542523,0.0,-0.06919615706128268,0.27209085056604965
2021_16_TB_CAR,2021,16,2021-12-26T13:00-05:00,CAR,TB,-26.0,-8.304572420450654,-8.366581219434226,-8.304572420450654,0.0,0.024935428181558195,0.3232394366197183
2021_16_CHI_SEA,2021,16,2021-12-26T16:05-05:00,SEA,CHI,-1.0,9.264033045250702,9.356205195409038,9.264033045250702,0.0,-0.20062202520714956,-0.058608442563183885
2021_16_DEN_LV,2021,16,2021-12-26T16:25-05:00,LV,DEN,4.0,1.0661207350868107,0.9962916207726789,1.0661207350868107,0.0,-0.18794226776845632,0.9211967722151575
2021_16_PIT_KC,2021,16,2021-12-26T16:25-05:00,KC,PIT,26.0,10.42339721468748,10.449472774775373,10.42339721468748,0.0,0.0,-0.16297265234765232
2021_16_WAS_DAL,2021,16,2021-12-26T20:20-05:00,DAL,WAS,42.0,7.689776061492063,7.609744350636517,7.689776061492063,0.0,0.21905844155844162,-0.0648229548229548
2021_16_MIA_NO,2021,16,2021-12-27T20:15-05:00,NO,MIA,-17.0,1.0693140957197174,1.1851791848106923,1.0693140957197174,0.0,-0.20571428571428574,-0.1935550935550936
2021_17_ATL_BUF,2021,17,2022-01-02T13:00-05:00,BUF,ATL,14.0,12.12360629368732,12.159480112035236,12.12360629368732,0.0,-0.03187085725052663,-0.14200669625279833
2021_17_JAX_NE,2021,17,2022-01-02T13:00-05:00,NE,JAX,40.0,14.850787750883008,15.232951448563629,14.850787750883008,0.0,-0.4984895833333334,-1.102763569662795
2021_17_KC_CIN,2021,17,2022-01-02T13:00-05:00,CIN,KC,3.0,-5.195977599738997,-5.195977599738997,-5.195977599738997,0.0,0.0,0.0
2021_17_LA_BAL,2021,17,2022-01-02T13:00-05:00,BAL,LAR,-1.0,-7.243171701457811,-6.749948611621608,-7.243171701457811,0.0,-1.3599035597340683,0.4249780232738031
2021_17_LV_IND,2021,17,2022-01-02T13:00-05:00,IND,LV,-3.0,9.926317353514282,10.067637916411211,9.926317353514282,0.0,-0.45144927536231894,0.28117760617760623
2021_17_MIA_TEN,2021,17,2022-01-02T13:00-05:00,TEN,MIA,31.0,3.886967031869546,3.82959518951072,3.886967031869546,0.0,0.0,0.35857489878542514
2021_17_NYG_CHI,2021,17,2022-01-02T13:00-05:00,CHI,NYG,26.0,3.761552856666646,3.703530516392353,3.761552856666646,0.0,0.06179661807808262,0.20324710946840463
2021_17_PHI_WAS,2021,17,2022-01-02T13:00-05:00,WAS,PHI,-4.0,-5.693721765504083,-5.691241986858794,-5.693721765504083,0.0,0.1086309523809524,-0.2956929212362912
2021_17_TB_NYJ,2021,17,2022-01-02T13:00-05:00,NYJ,TB,-4.0,-11.794276351187229,-12.347169725929062,-11.794276351187229,0.0,1.0001309663960267,0.8759317443120261
2021_17_DEN_LAC,2021,17,2022-01-02T16:05-05:00,LAC,DEN,21.0,5.017042676511768,4.678267625115329,5.017042676511768,0.0,0.5670892456689421,0.6546432049497548
2021_17_HOU_SF,2021,17,2022-01-02T16:05-05:00,SF,HOU,16.0,8.923799808925883,8.927611456036347,8.923799808925883,0.0,-0.02100391134289442,0.030353009259259264
2021_17_ARI_DAL,2021,17,2022-01-02T16:25-05:00,DAL,ARI,-3.0,3.1464133682733406,2.8757097077086695,3.1464133682733406,0.0,0.45000000000000007,0.5312068965517243
2021_17_CAR_NO,2021,17,2022-01-02T16:25-05:00,NO,CAR,8.0,4.671881187799783,4.733621867485766,4.671881187799783,0.0,-0.28088490456911513,0.3386125724994592
2021_17_DET_SEA,2021,17,2022-01-02T16:25-05:00,SEA,DET,22.0,9.891566408516974,10.067637718039734,9.891566408516974,0.0,-0.3880357142857143,-0.09957912457912459
2021_17_MIN_GB,2021,17,2022-01-02T20:20-05:00,GB,MIN,27.0,9.867225307939181,9.844531455533252,9.867225307939181,0.0,0.08232543022470562,-0.07050691244239633
2021_17_CLE_PIT,2021,17,2022-01-03T20:15-05:00,PIT,CLE,12.0,-1.2307294538006328,-1.1327882522084236,-1.2307294538006328,0.0,-0.30000000000000004,0.161662749706228
2021_18_KC_DEN,2021,18,2022-01-08T16:30-05:00,DEN,KC,-4.0,-10.268539197783165,-10.242717315275698,-10.268539197783165,0.0,0.0,-0.16138716356107663
2021_18_DAL_PHI,2021,18,2022-01-08T20:15-05:00,PHI,DAL,-25.0,0.2453111332911906,0.21317981449528212,0.2453111332911906,0.0,0.0,0.20082123758594347
2021_18_CHI_MIN,2021,18,2022-01-09T13:00-05:00,MIN,CHI,14.0,4.075002404248479,4.112965832294407,4.075002404248479,0.0,-0.21460317460317457,0.3162588000323446
2021_18_CIN_CLE,2021,18,2022-01-09T13:00-05:00,CLE,CIN,5.0,0.6914544019194393,0.7774731855407395,0.6914544019194393,0.0,-0.02971058118552447,-0.4609855506915367
2021_18_GB_DET,2021,18,2022-01-09T13:00-05:00,DET,GB,7.0,-12.825537414235322,-12.502261613763235,-12.825537414235322,0.0,-0.6179919085889236,-0.4264782608695653
2021_18_IND_JAX,2021,18,2022-01-09T13:00-05:00,JAX,IND,15.0,-14.774481980289703,-14.81152407258747,-14.774481980289703,0.0,0.0,0.23151364764267995
2021_18_PIT_BAL,2021,18,2022-01-09T13:00-05:00,BAL,PIT,-3.0,0.37092822536490644,0.9704479861325868,0.37092822536490644,0.0,-1.1545421002884002,-0.7690712538467609
2021_18_TEN_HOU,2021,18,2022-01-09T13:00-05:00,HOU,TEN,-3.0,-9.764540823665415,-9.737118619816307,-9.764540823665415,0.0,-0.06644736842105264,0.0
2021_18_WAS_NYG,2021,18,2022-01-09T13:00-05:00,NYG,WAS,-15.0,-0.6036000201646994,-0.3314034435582196,-0.6036000201646994,0.0,-0.6078032412365246,-0.13351218421640954
2021_18_CAR_TB,2021,18,2022-01-09T16:25-05:00,TB,CAR,24.0,14.472195029902721,14.477220568549981,14.472195029902721,0.0,-0.0071465163934426035,-0.012976523005033352
2021_18_NE_MIA,2021,18,2022-01-09T16:25-05:00,MIA,NE,9.0,-5.883359651178249,-6.317574022735874,-5.883359651178249,0.0,0.9053195711459723,0.3787353166628686
2021_18_NO_ATL,2021,18,2022-01-09T16:25-05:00,ATL,NO,-10.0,1.528126974992767,1.513316248283497,1.528126974992767,0.0,-0.03884728438763596,0.192766947275144
2021_18_NYJ_BUF,2021,18,2022-01-09T16:25-05:00,BUF,NYJ,17.0,17.96974092398731,18.113613220209068,17.96974092398731,0.0,-0.3065282996885492,-0.10856870879745395
2021_18_SEA_ARI,2021,18,2022-01-09T16:25-05:00,ARI,SEA,-8.0,2.784279695345698,3.1064794510458777,2.784279695345698,0.0,-0.6484690133308308,-0.3411426805553961
2021_18_SF_LA,2021,18,2022-01-09T16:25-05:00,LAR,SF,-3.0,5.832869575333026,5.643584766948935,5.832869575333026,0.0,0.30000000000000004,0.40923620025673946
2021_18_LAC_LV,2021,18,2022-01-09T20:20-05:00,LV,LAC,3.0,-2.7563549323580663,-2.4722450843516235,-2.7563549323580663,0.0,-0.5905624568668048,-0.2524398581626032
2022_01_BUF_LA,2022,1,2022-09-08T20:20-04:00,LAR,BUF,-21.0,-1.2609968058225598,-1.2979544374167387,-1.2609968058225598,0.0,0.08199289904291446,0.0
2022_01_BAL_NYJ,2022,1,2022-09-11T13:00-04:00,NYJ,BAL,-15.0,-5.006960345269004,-4.872017820489556,-5.006960345269004,0.0,-0.30000000000000004,0.004276681693109297
2022_01_CLE_CAR,2022,1,2022-09-11T13:00-04:00,CAR,CLE,-2.0,0.2755837744189854,0.2755837744189854,0.2755837744189854,0.0,,
2022_01_IND_HOU,2022,1,2022-09-11T13:00-04:00,HOU,IND,0.0,-5.633416596885983,-5.768639154054631,-5.633416596885983,0.0,0.30000000000000004,0.0
2022_01_JAX_WAS,2022,1,2022-09-11T13:00-04:00,WAS,JAX,6.0,6.126538795802678,6.196792665421299,6.126538795802678,0.0,-0.17800998036452126,0.15245644599303138
2022_01_NE_MIA,2022,1,2022-09-11T13:00-04:00,MIA,NE,13.0,-2.0682067634192682,-2.2727501717392156,-2.0682067634192682,0.0,0.5270701128150891,-0.5044244178995878
2022_01_NO_ATL,2022,1,2022-09-11T13:00-04:00,ATL,NO,-1.0,-2.1407590762375905,-2.1407590762375905,-2.1407590762375905,0.0,,
2022_01_PHI_DET,2022,1,2022-09-11T13:00-04:00,DET,PHI,-3.0,-1.0841854494633139,-0.9489628922946656,-1.0841854494633139,0.0,-0.30000000000000004,0.0
2022_01_PIT_CIN,2022,1,2022-09-11T13:00-04:00,CIN,PIT,-3.0,3.034885427639809,3.0397196004879437,3.034885427639809,0.0,-0.010724925521350546,0.0
2022_01_SF_CHI,2022,1,2022-09-11T13:00-04:00,CHI,SF,9.0,-3.451951919734645,-3.451951919734645,-3.451951919734645,0.0,,
2022_01_GB_MIN,2022,1,2022-09-11T16:25-04:00,MIN,GB,16.0,-3.99579333295938,-3.9735318274510494,-3.99579333295938,0.0,-0.04798434557438797,-0.009666511194029892
2022_01_KC_ARI,2022,1,2022-09-11T16:25-04:00,ARI,KC,-23.0,-3.2308166575852484,-2.9569151348805045,-3.2308166575852484,0.0,-0.5745215311004785,-0.22817460317460325
2022_01_LV_LAC,2022,1,2022-09-11T16:25-04:00,LAC,LV,5.0,4.084163391992403,4.094271696323882,4.084163391992403,0.0,0.0,-0.154375
2022_01_NYG_TEN,2022,1,2022-09-11T16:25-04:00,TEN,NYG,-1.0,8.232467975512549,8.196621939847809,8.232467975512549,0.0,0.081055900621118,-0.010526315789473686
2022_01_TB_DAL,2022,1,2022-09-11T20:20-04:00,DAL,TB,-16.0,0.8908319878680188,0.5532528425424024,0.8908319878680188,0.0,0.7495550086867533,-0.004225352112676051
2022_01_DEN_SEA,2022,1,2022-09-12T20:15-04:00,SEA,DEN,1.0,1.0446662219515743,1.1296907258055926,1.0446662219515743,0.0,-0.2118724559023067,0.15997949419002053
2022_02_LAC_KC,2022,2,2022-09-15T20:15-04:00,KC,LAC,3.0,7.152324483577436,7.269536078647924,7.152324483577436,0.0,-0.30000000000000004,0.27506515264333586
2022_02_CAR_NYG,2022,2,2022-09-18T13:00-04:00,NYG,CAR,3.0,1.0079135577426959,0.9533404398800037,1.0079135577426959,0.0,0.12107399609658798,0.0
2022_02_IND_JAX,2022,2,2022-09-18T13:00-04:00,JAX,IND,24.0,-6.39910215709786,-6.433905083133206,-6.39910215709786,0.0,0.0,0.53151364764268
2022_02_MIA_BAL,2022,2,2022-09-18T13:00-04:00,BAL,MIA,-4.0,2.0043194249461678,1.8901459937159775,2.0043194249461678,0.0,0.3149793526399985,-0.42457875012893753
2022_02_NE_PIT,2022,2,2022-09-18T13:00-04:00,PIT,NE,-3.0,-0.13064125245246472,-0.13064125245246472,-0.13064125245246472,0.0,,
2022_02_NYJ_CLE,2022,2,2022-09-18T13:00-04:00,CLE,NYJ,-1.0,6.552522040101117,6.30052968191878,6.552522040101117,0.0,0.49378078817733995,0.44937668695097416
2022_02_TB_NO,2022,2,2022-09-18T13:00-04:00,NO,TB,-10.0,-4.604958726668754,-4.939503989313684,-4.604958726668754,0.0,0.6750351548292199,0.46241866962645445
2022_02_WAS_DET,2022,2,2022-09-18T13:00-04:00,DET,WAS,9.0,0.5207038306528876,0.5750185548816757,0.5207038306528876,0.0,-0.16707021791767557,0.32057377049180324
2022_02_ATL_LA,2022,2,2022-09-18T16:05-04:00,LAR,ATL,4.0,5.658285708215919,5.772416835190229,5.658285708215919,0.0,-0.1730769230769231,-0.5515993133944914
2022_02_SEA_SF,2022,2,2022-09-18T16:05-04:00,SF,SEA,20.0,0.2662172427400944,0.2662172427400944,0.2662172427400944,0.0,0.0,0.0
2022_02_ARI_LV,2022,2,2022-09-18T16:25-04:00,LV,ARI,-6.0,-0.5685059676775128,-1.0447618776017145,-0.5685059676775128,0.0,0.9806867296553632,0.5226012492198472
2022_02_CIN_DAL,2022,2,2022-09-18T16:25-04:00,DAL,CIN,3.0,2.1153232425960065,1.9926788364848278,2.1153232425960065,0.0,0.25825939849624063,0.09523809523809525
2022_02_HOU_DEN,2022,2,2022-09-18T16:25-04:00,DEN,HOU,7.0,7.422807692950421,7.377762482373537,7.422807692950421,0.0,0.14941084053417125,-0.34057552989018713
2022_02_CHI_GB,2022,2,2022-09-18T20:20-04:00,GB,CHI,17.0,8.942582753185707,9.181723118535466,8.942582753185707,0.0,-0.5305483870967743,0.0
2022_02_TEN_BUF,2022,2,2022-09-19T19:15-04:00,BUF,TEN,34.0,6.610568292038397,6.597563768339816,6.610568292038397,0.0,0.06989243747266857,-0.28251734437626747
2022_02_MIN_PHI,2022,2,2022-09-19T20:30-04:00,PHI,MIN,17.0,0.7232301542189448,0.7035864858824676,0.7232301542189448,0.0,0.0,0.30000000000000004
2022_03_PIT_CLE,2022,3,2022-09-22T20:15-04:00,CLE,PIT,12.0,0.06639788054551488,0.13423563455759147,0.06639788054551488,0.0,-0.15321327683615815,0.01866071428571428
2022_03_BAL_NE,2022,3,2022-09-25T13:00-04:00,NE,BAL,-11.0,3.147165443574846,3.147165443574846,3.147165443574846,0.0,,
2022_03_BUF_MIA,2022,3,2022-09-25T13:00-04:00,MIA,BUF,2.0,-5.721704480802192,-5.836813649114202,-5.721704480802192,0.0,0.3114662395195671,-0.3861046091809285
2022_03_CIN_NYJ,2022,3,2022-09-25T13:00-04:00,NYJ,CIN,-15.0,-3.940968888523244,-3.821338553567243,-3.940968888523244,0.0,-0.17318568159529263,-0.6348350798273442
2022_03_DET_MIN,2022,3,2022-09-25T13:00-04:00,MIN,DET,4.0,4.415409285991235,4.0711548401523405,4.415409285991235,0.0,0.7269404364969105,0.25339406744205517
2022_03_HOU_CHI,2022,3,2022-09-25T13:00-04:00,CHI,HOU,3.0,1.7548205140223065,1.6452900594999322,1.7548205140223065,0.0,0.19260127931769724,0.3469361596156101
2022_03_KC_IND,2022,3,2022-09-25T13:00-04:00,IND,KC,3.0,-5.578896502368486,-5.5630165958462,-5.578896502368486,0.0,0.0,-0.24251946607341493
2022_03_LV_TEN,2022,3,2022-09-25T13:00-04:00,TEN,LV,2.0,4.026809045438323,3.909912927585843,4.026809045438323,0.0,0.22198092200288883,0.2571824851307373
2022_03_NO_CAR,2022,3,2022-09-25T13:00-04:00,CAR,NO,8.0,0.3202815149006637,-0.037549485467809035,0.3202815149006637,0.0,0.805410168589765,-0.07943131746431165
2022_03_PHI_WAS,2022,3,2022-09-25T13:00-04:00,WAS,PHI,-16.0,-2.642222015746688,-2.7727402900473246,-2.642222015746688,0.0,0.30000000000000004,-0.07184426229508198
2022_03_JAX_LAC,2022,3,2022-09-25T16:05-04:00,LAC,JAX,-28.0,4.578485805988599,4.822787892606624,4.578485805988599,0.0,-0.542,0.0
2022_03_ATL_SEA,2022,3,2022-09-25T16:25-04:00,SEA,ATL,-4.0,3.841219048991526,3.8608627173280032,3.841219048991526,0.0,0.0,-0.30000000000000004
2022_03_GB_TB,2022,3,2022-09-25T16:25-04:00,TB,GB,-2.0,3.229126769900092,3.2436993229161972,3.229126769900092,0.0,0.0009672068355337515,-0.22921146953405025
2022_03_LA_ARI,2022,3,2022-09-25T16:25-04:00,ARI,LAR,-8.0,-0.06551002620987822,0.7580396159281217,-0.06551002620987822,0.0,-1.8270982136010256,0.0
2022_03_SF_DEN,2022,3,2022-09-25T20:20-04:00,DEN,SF,1.0,-1.6882519948294687,-1.371107934997458,-1.6882519948294687,0.0,-0.5704032809295968,-0.9169279065595539
2022_03_DAL_NYG,2022,3,2022-09-26T20:15-04:00,NYG,DAL,-7.0,-3.466473949035425,-3.466473949035425,-3.466473949035425,0.0,,
2022_04_MIA_CIN,2022,4,2022-09-29T20:15-04:00,CIN,MIA,12.0,2.076671097758626,1.7894941649171918,2.076671097758626,0.0,0.5320504421880119,0.7232792915096138
2022_04_MIN_NO,2022,4,2022-10-02T09:30-04:00,NO,MIN,-3.0,-3.3832802839940825,-3.152202692512568,-3.3832802839940825,0.0,-0.5323388781742207,0.13546079566066097
2022_04_BUF_BAL,2022,4,2022-10-02T13:00-04:00,BAL,BUF,-3.0,-4.315226847435722,-4.94103183646843,-4.315226847435722,0.0,1.3056941053826856,0.5692521736976517
2022_04_CHI_NYG,2022,4,2022-10-02T13:00-04:00,NYG,CHI,8.0,2.5143816077873935,2.5143816077873935,2.5143816077873935,0.0,,
2022_04_CLE_ATL,2022,4,2022-10-02T13:00-04:00,ATL,CLE,3.0,-0.17854181963868,-0.1759707200269408,-0.17854181963868,0.0,-0.02741657648567103,0.14946341219926124
2022_04_JAX_PHI,2022,4,2022-10-02T13:00-04:00,PHI,JAX,8.0,5.941396062623669,6.067625347576325,5.941396062623669,0.0,-0.29999999999999993,0.13734612184362727
2022_04_LAC_HOU,2022,4,2022-10-02T13:00-04:00,HOU,LAC,-10.0,-3.9521047199085615,-3.910778537743157,-3.9521047199085615,0.0,-0.04661339790153349,-0.3102613871635611
2022_04_NYJ_PIT,2022,4,2022-10-02T13:00-04:00,PIT,NYJ,-4.0,7.171487799543101,7.043977215924105,7.171487799543101,0.0,0.30000000000000004,-0.11777800486477924
2022_04_SEA_DET,2022,4,2022-10-02T13:00-04:00,DET,SEA,-3.0,0.2182346805268695,0.3258700270356933,0.2182346805268695,0.0,-0.23879598662207357,0.0
2022_04_TEN_IND,2022,4,2022-10-02T13:00-04:00,IND,TEN,-7.0,1.2030852202544355,1.0740605263367429,1.2030852202544355,0.0,0.2223726872827323,0.4397144468394977
2022_04_WAS_DAL,2022,4,2022-10-02T13:00-04:00,DAL,WAS,15.0,6.555686707355113,6.70541602310243,6.555686707355113,0.0,-0.33218418335465105,0.0
2022_04_ARI_CAR,2022,4,2022-10-02T16:05-04:00,CAR,ARI,-10.0,-1.693069332699974,-2.075296239264663,-1.693069332699974,0.0,0.825163969178683,0.15716463548208087
2022_04_DEN_LV,2022,4,2022-10-02T16:25-04:00,LV,DEN,9.0,-0.3545223089069729,-0.5015862324464624,-0.3545223089069729,0.0,0.30000000000000004,0.1808424908424909
2022_04_NE_GB,2022,4,2022-10-02T16:25-04:00,GB,NE,3.0,6.243732529207085,6.323955224835057,6.243732529207085,0.0,-0.29032198348307153,0.7733419267853296
2022_04_KC_TB,2022,4,2022-10-02T20:20-04:00,TB,KC,-10.0,-0.23977134398874822,0.02412234611488484,-0.23977134398874822,0.0,-0.5418844907566622,-0.30000000000000004
2022_04_LA_SF,2022,4,2022-10-03T20:15-04:00,SF,LAR,15.0,1.4903934301793447,1.5529319972720308,1.4903934301793447,0.0,-0.10637992038920831,-0.2227997941327844
2022_05_IND_DEN,2022,5,2022-10-06T20:15-04:00,DEN,IND,-3.0,1.2436887762974895,1.4359370078276639,1.2436887762974895,0.0,-0.4265151515151515,0.0
2022_05_NYG_GB,2022,5,2022-10-09T09:30-04:00,GB,NYG,-5.0,7.779832100697625,8.030914451259608,7.779832100697625,0.0,-0.5134617043298257,-0.30000000000000004
2022_05_ATL_TB,2022,5,2022-10-09T13:00-04:00,TB,ATL,6.0,8.15592694248415,8.538610769122727,8.15592694248415,0.0,-0.8054281014283422,-0.30000000000000004
2022_05_CHI_MIN,2022,5,2022-10-09T13:00-04:00,MIN,CHI,7.0,8.169950840554053,8.090088961618264,8.169950840554053,0.0,0.18791000841042893,-0.07387154727150234
2022_05_DET_NE,2022,5,2022-10-09T13:00-04:00,NE,DET,29.0,2.7797733941386302,2.564895649073026,2.7797733941386302,0.0,0.5757997403211721,-0.6820411317326347
2022_05_HOU_JAX,2022,5,2022-10-09T13:00-04:00,JAX,HOU,-7.0,4.891283497364087,4.891283497364087,4.891283497364087,0.0,,
2022_05_LAC_CLE,2022,5,2022-10-09T13:00-04:00,CLE,LAC,-2.0,0.018582031632278895,-0.04943509451947614,0.018582031632278895,0.0,0.24794029850746271,-0.6680006564478531
2022_05_MIA_NYJ,2022,5,2022-10-09T13:00-04:00,NYJ,MIA,23.0,-4.963588568457252,-5.337643237170459,-4.963588568457252,0.0,0.7827047166721258,0.32463729321642426
2022_05_PIT_BUF,2022,5,2022-10-09T13:00-04:00,BUF,PIT,35.0,13.10503473356366,13.311966428254607,13.10503473356366,0.0,-0.3985277862065977,-0.4169059420770323
2022_05_SEA_NO,2022,5,2022-10-09T13:00-04:00,NO,SEA,7.0,-1.4819756945262024,-1.2949902790845491,-1.4819756945262024,0.0,-0.4402923538230885,0.17521337126600287
2022_05_TEN_WAS,2022,5,2022-10-09T13:00-04:00,WAS,TEN,-4.0,-3.5754843468610753,-3.6387095848375672,-3.5754843468610753,0.0,0.11458791208791207,0.17678474510564066
2022_05_SF_CAR,2022,5,2022-10-09T16:05-04:00,CAR,SF,-22.0,-6.24029472625044,-6.1192345198423235,-6.24029472625044,0.0,-0.25150580551523954,-0.11753424657534248
2022_05_DAL_LA,2022,5,2022-10-09T16:25-04:00,LAR,DAL,-12.0,0.8485009214392312,0.5848418923597827,0.8485009214392312,0.0,0.5356429303278689,0.3393817204301075
2022_05_PHI_ARI,2022,5,2022-10-09T16:25-04:00,ARI,PHI,-3.0,-0.22768659660136553,0.10310262546911964,-0.22768659660136553,0.0,-0.7726405066173552,0.2668370472331589
2022_05_CIN_BAL,2022,5,2022-10-09T20:20-04:00,BAL,CIN,2.0,0.8709784367593171,0.7758147756574776,0.8709784367593171,0.0,0.3060114670868348,-0.6531649054588251
2022_05_LV_KC,2022,5,2022-10-10T20:15-04:00,KC,LV,1.0,10.12269015013133,10.349563551603172,10.12269015013133,0.0,-0.5033333333333334,0.0
2022_06_WAS_CHI,2022,6,2022-10-13T20:15-04:00,CHI,WAS,-5.0,0.3617524638865901,0.33392409846854276,0.3617524638865901,0.0,0.06594419094419095,-0.028947368421052635
2022_06_BAL_NYG,2022,6,2022-10-16T13:00-04:00,NYG,BAL,4.0,-2.7708776308773935,-2.7971734907191976,-2.7708776308773935,0.0,0.016857829927389822,0.28554743367508206
2022_06_CIN_NO,2022,6,2022-10-16T13:00-04:00,NO,CIN,-4.0,-2.620170370876668,-2.777905442954536,-2.620170370876668,0.0,0.44798489825034493,-0.6748811710677383
2022_06_JAX_IND,2022,6,2022-10-16T13:00-04:00,IND,JAX,7.0,4.313537803563251,4.196156812438468,4.313537803563251,0.0,0.2344736842105264,0.17859017519752668
2022_06_MIN_MIA,2022,6,2022-10-16T13:00-04:00,MIA,MIN,-8.0,-1.7474574721010945,-1.6936631908196915,-1.7474574721010945,0.0,-0.08482659377530949,-0.2376244283023944
2022_06_NE_CLE,2022,6,2022-10-16T13:00-04:00,CLE,NE,-23.0,0.25701461152041893,0.06095501771389533,0.25701461152041893,0.0,0.40809254786958776,0.18502451758530614
2022_06_NYJ_GB,2022,6,2022-10-16T13:00-04:00,GB,NYJ,-17.0,9.418581414238325,9.364309439453882,9.418581414238325,0.0,0.1519212523719166,-0.21694460146975694
2022_06_SF_ATL,2022,6,2022-10-16T13:00-04:00,ATL,SF,14.0,-6.013094642682459,-5.911226982948744,-6.013094642682459,0.0,-0.22599999999999998,0.0
2022_06_TB_PIT,2022,6,2022-10-16T13:00-04:00,PIT,TB,2.0,-7.4176184951124675,-7.559047295076855,-7.4176184951124675,0.0,0.23608615761535323,0.53475073313783
2022_06_ARI_SEA,2022,6,2022-10-16T16:05-04:00,SEA,ARI,10.0,0.295861588882908,0.35463744049411644,0.295861588882908,0.0,-0.16746925991029166,0.2551899168211621
2022_06_CAR_LA,2022,6,2022-10-16T16:05-04:00,LAR,CAR,14.0,8.648915130090433,8.671878443972933,8.648915130090433,0.0,-0.0628760450323389,0.08212648480622176
2022_06_BUF_KC,2022,6,2022-10-16T16:25-04:00,KC,BUF,-4.0,-0.48446172825339984,-0.7587169914002625,-0.48446172825339984,0.0,0.5709239130434783,0.2583421480480304
2022_06_DAL_PHI,2022,6,2022-10-16T20:20-04:00,PHI,DAL,9.0,2.882532157336732,2.7926299703408572,2.882532157336732,0.0,0.25115353858456624,-0.35588910944986824
2022_06_DEN_LAC,2022,6,2022-10-17T20:15-04:00,LAC,DEN,3.0,4.037171615677993,3.727613835015676,4.037171615677993,0.0,0.6644153389795393,0.15391183500044262
2022_07_NO_ARI,2022,7,2022-10-20T20:15-04:00,ARI,NO,8.0,3.809907496449762,3.733859782862617,3.809907496449762,0.0,0.21229752770673488,-0.30000000000000004
2022_07_ATL_CIN,2022,7,2022-10-23T13:00-04:00,CIN,ATL,18.0,5.083780335238314,5.11227295373529,5.083780335238314,0.0,-0.0632127192982456,0.0
2022_07_CLE_BAL,2022,7,2022-10-23T13:00-04:00,BAL,CLE,3.0,6.473023898264856,7.1064652516522475,6.473023898264856,0.0,-1.3437958651517976,-0.4235915957858138
2022_07_DET_DAL,2022,7,2022-10-23T13:00-04:00,DAL,DET,18.0,9.211769123816993,9.093287103084814,9.211769123816993,0.0,0.24490644490644495,0.12358844747002642
2022_07_GB_WAS,2022,7,2022-10-23T13:00-04:00,WAS,GB,2.0,-4.396416161881948,-4.462281138945174,-4.396416161881948,0.0,0.1416531709406606,0.030787992495309575
2022_07_IND_TEN,2022,7,2022-10-23T13:00-04:00,TEN,IND,9.0,2.841672505796706,2.8711692924278003,2.841672505796706,0.0,-0.09999999999999998,0.23789954337899546
2022_07_NYG_JAX,2022,7,2022-10-23T13:00-04:00,JAX,NYG,-6.0,-0.019129325065125713,0.004783501156244208,-0.019129325065125713,0.0,0.034788732394366195,-0.6046767344048433
2022_07_TB_CAR,2022,7,2022-10-23T13:00-04:00,CAR,TB,18.0,-10.699453383636582,-10.633987110396795,-10.699453383636582,0.0,-0.10538585215657881,-0.2743549454008313
2022_07_HOU_LV,2022,7,2022-10-23T16:05-04:00,LV,HOU,18.0,6.433932345118185,6.551222173657708,6.433932345118185,0.0,-0.22243024992677118,-0.2601022012578617
2022_07_NYJ_DEN,2022,7,2022-10-23T16:05-04:00,DEN,NYJ,-7.0,-0.6602148209683498,-0.6166200316023533,-0.6602148209683498,0.0,-0.06534668721109405,-0.2159520609873914
2022_07_KC_SF,2022,7,2022-10-23T16:25-04:00,SF,KC,-21.0,-0.8386640960243776,-0.8908536724776901,-0.8386640960243776,0.0,0.21406455862977608,-0.6765276145710929
2022_07_SEA_LAC,2022,7,2022-10-23T16:25-04:00,LAC,SEA,-14.0,2.4643350113298244,2.4450820391955475,2.4643350113298244,0.0,0.07128993992844893,-0.1967105263157895
2022_07_PIT_MIA,2022,7,2022-10-23T20:20-04:00,MIA,PIT,6.0,4.229573655590298,4.721963028294756,4.229573655590298,0.0,-1.0011035356802123,-0.6284483893041374
2022_07_CHI_NE,2022,7,2022-10-24T20:15-04:00,NE,CHI,-19.0,9.516432571446257,9.915198867228034,9.516432571446257,0.0,-0.7732758620689656,-0.7669417448267726
2022_08_BAL_TB,2022,8,2022-10-27T20:15-04:00,TB,BAL,-5.0,1.568372814623115,1.3141314200085426,1.568372814623115,0.0,0.4653318189847452,0.6795604395604397
2022_08_DEN_JAX,2022,8,2022-10-30T09:30-04:00,JAX,DEN,-4.0,-2.8848243235790476,-2.8858070440015666,-2.8848243235790476,0.0,0.0,0.015008201202843085
2022_08_ARI_MIN,2022,8,2022-10-30T13:00-04:00,MIN,ARI,8.0,1.9456457452436313,1.8108670019067603,1.9456457452436313,0.0,0.24404643746611154,0.3783936651583711
2022_08_CAR_ATL,2022,8,2022-10-30T13:00-04:00,ATL,CAR,3.0,6.272982932470864,6.213440413751401,6.272982932470864,0.0,0.0,0.9093390964389652
2022_08_CHI_DAL,2022,8,2022-10-30T13:00-04:00,DAL,CHI,20.0,10.452760608632644,10.708419339978947,10.452760608632644,0.0,-0.5328649492583919,-0.23632339235787514
2022_08_LV_NO,2022,8,2022-10-30T13:00-04:00,NO,LV,24.0,0.9935791071822424,0.9169188103752703,0.9935791071822424,0.0,0.15878896103896112,0.07769626599815282
2022_08_MIA_DET,2022,8,2022-10-30T13:00-04:00,DET,MIA,-4.0,-2.9815961655990835,-3.0740527264604633,-2.9815961655990835,0.0,0.10032349391099993,0.7214013505491982
2022_08_NE_NYJ,2022,8,2022-10-30T13:00-04:00,NYJ,NE,-5.0,-1.6099304643910701,-1.7111973384447927,-1.6099304643910701,0.0,0.08991379310344827,0.9276113237006246
2022_08_PIT_PHI,2022,8,2022-10-30T13:00-04:00,PHI,PIT,22.0,10.5685682992419,10.760767594384324,10.5685682992419,0.0,-0.3727131079157873,-0.36961370329175147
2022_08_TEN_HOU,2022,8,2022-10-30T16:05-04:00,HOU,TEN,-7.0,-1.3105194370613709,-1.1652570266499558,-1.3105194370613709,0.0,-0.35071364852810005,0.19577164502164507
2022_08_NYG_SEA,2022,8,2022-10-30T16:25-04:00,SEA,NYG,14.0,3.8385806454953437,4.256428395048165,3.8385806454953437,0.0,-0.9177944818230652,-0.0635221516207432
2022_08_SF_LA,2022,8,2022-10-30T16:25-04:00,LAR,SF,-17.0,0.14644952595114358,0.21348991273308204,0.14644952595114358,0.0,-0.12496212121212119,-0.16363636363636364
2022_08_WAS_IND,2022,8,2022-10-30T16:25-04:00,IND,WAS,-1.0,2.24669169225359,2.048230153420892,2.24669169225359,0.0,0.506862056862057,-0.4581996425853447
2022_08_GB_BUF,2022,8,2022-10-30T20:20-04:00,BUF,GB,10.0,9.675832524042887,9.578050780527342,9.675832524042887,0.0,0.2294382422532523,-0.08606858689226862
2022_08_CIN_CLE,2022,8,2022-10-31T20:15-04:00,CLE,CIN,19.0,-5.386168371378181,-5.353556059455685,-5.386168371378181,0.0,-0.0022442134748636433,-0.4826097208249498
2022_09_PHI_HOU,2022,9,2022-11-03T20:15-04:00,HOU,PHI,-12.0,-9.827206693844497,-10.028965370362595,-9.827206693844497,0.0,0.4594640217731886,-0.08156811489006677
2022_09_BUF_NYJ,2022,9,2022-11-06T13:00-05:00,NYJ,BUF,3.0,-9.249827698646751,-9.45783977259621,-9.249827698646751,0.0,0.4534051543998142,0.05564224332881048
2022_09_CAR_CIN,2022,9,2022-11-06T13:00-05:00,CIN,CAR,21.0,9.539932537306584,9.663845544993112,9.539932537306584,0.0,-0.30000000000000004,0.1727205319556066
2022_09_GB_DET,2022,9,2022-11-06T13:00-05:00,DET,GB,6.0,-4.234924241012926,-4.446119371204485,-4.234924241012926,0.0,0.469905817664632,-0.009332637490532203
2022_09_IND_NE,2022,9,2022-11-06T13:00-05:00,NE,IND,23.0,5.561740734612748,5.495762397796899,5.561740734612748,0.0,0.267962962962963,-0.8369687245764852
2022_09_LAC_ATL,2022,9,2022-11-06T13:00-05:00,ATL,LAC,-3.0,-0.6978194531342397,-0.7945835518393318,-0.6978194531342397,0.0,0.21467741935483875,0.0
2022_09_LV_JAX,2022,9,2022-11-06T13:00-05:00,JAX,LV,7.0,-1.19382824551821,-1.2462332255736623,-1.19382824551821,0.0,0.05997203947368417,0.38750000000000007
2022_09_MIA_CHI,2022,9,2022-11-06T13:00-05:00,CHI,MIA,-3.0,-2.971789337140061,-3.2471259774291337,-2.971789337140061,0.0,0.47808346940138124,0.913949599773544
2022_09_MIN_WAS,2022,9,2022-11-06T13:00-05:00,WAS,MIN,-3.0,-4.644503627786387,-4.625838439958492,-4.644503627786387,0.0,-0.1285714285714286,0.6000000000000001
2022_09_SEA_ARI,2022,9,2022-11-06T16:05-05:00,ARI,SEA,-10.0,-0.3466286129051679,-0.127046178721405,-0.3466286129051679,0.0,-0.4351884200511007,-0.35774576954069304
2022_09_LA_TB,2022,9,2022-11-06T16:25-05:00,TB,LAR,3.0,4.028168060085825,3.983617615459626,4.028168060085825,0.0,0.2107525448122161,-0.7703940217391305
2022_09_TEN_KC,2022,9,2022-11-06T20:20-05:00,KC,TEN,3.0,12.73662160440956,12.66617885544922,12.73662160440956,0.0,0.09999999999999998,0.3874311478322673
2022_09_BAL_NO,2022,9,2022-11-07T20:15-05:00,NO,BAL,-14.0,-0.25400206250241397,-0.5900203818705223,-0.25400206250241397,0.0,0.6074325486344612,0.9502763413057533
2022_10_ATL_CAR,2022,10,2022-11-10T20:15-05:00,CAR,ATL,10.0,-4.411063788605161,-4.248079422491879,-4.411063788605161,0.0,-0.33754940711462456,-0.16549942594718717
2022_10_SEA_TB,2022,10,2022-11-13T09:30-05:00,TB,SEA,5.0,-1.7272799312087208,-1.6861182541978899,-1.7272799312087208,0.0,-0.11648919269200214,0.17326007326007328
2022_10_CLE_MIA,2022,10,2022-11-13T13:00-05:00,MIA,CLE,22.0,2.8866567959397704,3.2415144774604574,2.8866567959397704,0.0,-0.735017108356152,-0.3597297297297298
2022_10_DEN_TEN,2022,10,2022-11-13T13:00-05:00,TEN,DEN,7.0,0.1606863313684923,0.4997449895048063,0.1606863313684923,0.0,-0.755674378000873,0.023754439915135053
2022_10_DET_CHI,2022,10,2022-11-13T13:00-05:00,CHI,DET,-1.0,1.378704889540121,1.378704889540121,1.378704889540121,0.0,0.0,0.0
2022_10_HOU_NYG,2022,10,2022-11-13T13:00-05:00,NYG,HOU,8.0,7.301071105208845,7.169309997005439,7.301071105208845,0.0,0.27031657065760106,0.1514704117721359
2022_10_JAX_KC,2022,10,2022-11-13T13:00-05:00,KC,JAX,10.0,11.892636078727929,11.946410679891287,11.892636078727929,0.0,-0.14479166666666668,0.17546208861456308
2022_10_MIN_BUF,2022,10,2022-11-13T13:00-05:00,BUF,MIN,-3.0,4.128053361557621,4.536820024822324,4.128053361557621,0.0,-0.8321277239709444,-0.5145454545454546
2022_10_NO_PIT,2022,10,2022-11-13T13:00-05:00,PIT,NO,10.0,-3.623559554004067,-3.524455315037076,-3.623559554004067,0.0,-0.23450980392156867,0.1007827888042288
2022_10_IND_LV,2022,10,2022-11-13T16:05-05:00,LV,IND,-5.0,3.153461358700244,3.0650532281067138,3.153461358700244,0.0,0.13125000000000003,0.4466822794691648
2022_10_ARI_LA,2022,10,2022-11-13T16:25-05:00,LAR,ARI,-10.0,-0.46843197410054793,-0.4861684128603906,-0.46843197410054793,0.0,0.020820845820845812,0.1275466257486806
2022_10_DAL_GB,2022,10,2022-11-13T16:25-05:00,GB,DAL,3.0,-4.02768426158031,-3.683674640154522,-4.02768426158031,0.0,-0.7445821914194193,-0.1282132460508622
2022_10_LAC_SF,2022,10,2022-11-13T20:20-05:00,SF,LAC,6.0,4.29600550925396,4.355756320100539,4.29600550925396,0.0,-0.13256104328523866,0.0
2022_10_WAS_PHI,2022,10,2022-11-14T20:15-05:00,PHI,WAS,-11.0,11.083130227270715,11.05010969808999,11.083130227270715,0.0,0.1336573849923009,-0.41577441081864036
2022_11_TEN_GB,2022,11,2022-11-17T20:15-05:00,GB,TEN,-10.0,0.5810186865738606,0.9546905312233075,0.5810186865738606,0.0,-0.8528194611563619,0.16386323016564958
2022_11_CAR_BAL,2022,11,2022-11-20T13:00-05:00,BAL,CAR,10.0,7.059147926114996,7.464548309681554,7.059147926114996,0.0,-0.827105402542373,-0.4977078274137098
2022_11_CHI_ATL,2022,11,2022-11-20T13:00-05:00,ATL,CHI,3.0,3.664141372127336,3.529096106525463,3.664141372127336,0.0,0.26725461714048565,0.22270417422867517
2022_11_CLE_BUF,2022,11,2022-11-20T13:00-05:00,BUF,CLE,8.0,8.252498465175343,8.009799799289292,8.252498465175343,0.0,0.5491377822478642,-0.07362247024787161
2022_11_DET_NYG,2022,11,2022-11-20T13:00-05:00,NYG,DET,-13.0,3.738701972483322,3.86309576998967,3.738701972483322,0.0,-0.28244581505451083,0.044538835942620425
2022_11_LA_NO,2022,11,2022-11-20T13:00-05:00,NO,LAR,7.0,0.3440573703400551,0.5271742624856174,0.3440573703400551,0.0,-0.4586529157117392,0.36068377608333224
2022_11_NYJ_NE,2022,11,2022-11-20T13:00-05:00,NE,NYJ,7.0,5.20422277533132,5.1914324306940385,5.20422277533132,0.0,0.10464285714285715,-0.5250023144585138
2022_11_PHI_IND,2022,11,2022-11-20T13:00-05:00,IND,PHI,-1.0,-7.327938411719058,-7.313409394408117,-7.327938411719058,0.0,-0.008716449641243795,-0.16188649334178828
2022_11_WAS_HOU,2022,11,2022-11-20T13:00-05:00,HOU,WAS,-13.0,-3.155692354512542,-3.169587042629568,-3.155692354512542,0.0,0.10389610389610388,-0.5029961942105872
2022_11_LV_DEN,2022,11,2022-11-20T16:05-05:00,DEN,LV,-6.0,2.4033034748693556,2.5969351558442204,2.4033034748693556,0.0,-0.4385149630448746,0.06147580719134102
2022_11_CIN_PIT,2022,11,2022-11-20T16:25-05:00,PIT,CIN,-7.0,-8.019385854000873,-8.038825071585286,-8.019385854000873,0.0,0.02431077694235589,0.12952773417059132
2022_11_DAL_MIN,2022,11,2022-11-20T16:25-05:00,MIN,DAL,-37.0,-1.224260682739562,-1.3252672595500186,-1.224260682739562,0.0,0.18769268412038173,0.2505483319219113
2022_11_KC_LAC,2022,11,2022-11-20T20:20-05:00,LAC,KC,-3.0,-5.938792418389983,-5.7733891809194855,-5.938792418389983,0.0,-0.3814847105018169,0.09999999999999998
2022_11_SF_ARI,2022,11,2022-11-21T20:15-05:00,ARI,SF,-28.0,-4.061010786188632,-3.9340581426470105,-4.061010786188632,0.0,-0.2816526610644258,0.0
2022_12_BUF_DET,2022,12,2022-11-24T12:30-05:00,DET,BUF,-3.0,-5.95625512485517,-5.890593000248051,-5.95625512485517,0.0,-0.14567567567567577,0.0
2022_12_NYG_DAL,2022,12,2022-11-24T16:30-05:00,DAL,NYG,8.0,10.991425588417242,10.784418648855652,10.991425588417242,0.0,0.585854145854146,-0.8714570806506136
2022_12_NE_MIN,2022,12,2022-11-24T20:20-05:00,MIN,NE,7.0,0.3414323995583439,0.18690850724887142,0.3414323995583439,0.0,0.32738095238095244,0.10628758884636413
2022_12_ATL_WAS,2022,12,2022-11-27T13:00-05:00,WAS,ATL,6.0,2.3121126137871904,2.348144034572372,2.3121126137871904,0.0,-0.10413999856133598,0.16660079051383397
2022_12_BAL_JAX,2022,12,2022-11-27T13:00-05:00,JAX,BAL,1.0,-4.320089285008286,-4.584110247022167,-4.320089285008286,0.0,0.47113493379215143,0.7889676113360325
2022_12_CHI_NYJ,2022,12,2022-11-27T13:00-05:00,NYJ,CHI,21.0,3.2300896957741814,3.3653122529428297,3.2300896957741814,0.0,-0.30000000000000004,0.0
2022_12_CIN_TEN,2022,12,2022-11-27T13:00-05:00,TEN,CIN,-4.0,-0.28851108425183514,-0.2450753861559004,-0.28851108425183514,0.0,-0.02108150470219436,-0.5182338797221017
2022_12_DEN_CAR,2022,12,2022-11-27T13:00-05:00,CAR,DEN,13.0,-2.750337749093821,-2.3711343269081837,-2.750337749093821,0.0,-0.8521153478966007,0.07453748782862708
2022_12_HOU_MIA,2022,12,2022-11-27T13:00-05:00,MIA,HOU,15.0,11.299687267644327,11.35641404203041,11.299687267644327,0.0,-0.09999999999999998,-0.17795945945945946
2022_12_TB_CLE,2022,12,2022-11-27T13:00-05:00,CLE,TB,6.0,-3.495425918247125,-3.5487284313068748,-3.495425918247125,0.0,0.03401812366737747,0.5798680801584726
2022_12_LAC_ARI,2022,12,2022-11-27T16:05-05:00,ARI,LAC,-1.0,1.2909130270145883,1.2719837151230418,1.2909130270145883,0.0,0.0,0.2890902793812053
2022_12_LV_SEA,2022,12,2022-11-27T16:05-05:00,SEA,LV,-6.0,6.022948758614729,5.927949799118469,6.022948758614729,0.0,0.2062660919516403,0.030944293478260873
2022_12_LA_KC,2022,12,2022-11-27T16:25-05:00,KC,LAR,16.0,13.491835271424522,13.382537982052932,13.491835271424522,0.0,0.23842105263157898,0.027962312455346527
2022_12_NO_SF,2022,12,2022-11-27T16:25-05:00,SF,NO,13.0,9.433339473109653,9.258712164561047,9.433339473109653,0.0,0.3366962310839039,0.3491846375573823
2022_12_GB_PHI,2022,12,2022-11-27T20:20-05:00,PHI,GB,7.0,4.278599902200315,4.20703677067781,4.278599902200315,0.0,0.2016178484795148,-0.2949724810171861
2022_12_PIT_IND,2022,12,2022-11-28T20:15-05:00,IND,PIT,-7.0,4.427413067621737,4.473728505552046,4.427413067621737,0.0,0.0,-0.7073338411691137
2022_13_BUF_NE,2022,13,2022-12-01T20:15-05:00,NE,BUF,-14.0,-3.5561563934980103,-3.416814280071107,-3.5561563934980103,0.0,-0.29133205504173254,-0.12258242803147364
2022_13_CLE_HOU,2022,13,2022-12-04T13:00-05:00,HOU,CLE,-13.0,-5.9625327528004,-6.285122921079459,-5.9625327528004,0.0,0.7149340796019902,0.0051841657667165975
2022_13_DEN_BAL,2022,13,2022-12-04T13:00-05:00,BAL,DEN,1.0,7.8686482098523225,7.691438284926899,7.8686482098523225,0.0,0.5395302448640797,-1.0076367389060887
2022_13_GB_CHI,2022,13,2022-12-04T13:00-05:00,CHI,GB,-9.0,-3.542331244571763,-3.567898651858172,-3.542331244571763,0.0,0.01314219847775161,0.30000000000000004
2022_13_JAX_DET,2022,13,2022-12-04T13:00-05:00,DET,JAX,26.0,2.642905109669819,2.4094808448834497,2.642905109669819,0.0,0.517866847826087,0.0
2022_13_NYJ_MIN,2022,13,2022-12-04T13:00-05:00,MIN,NYJ,5.0,3.220684541334795,3.0854619841661464,3.220684541334795,0.0,0.30000000000000004,0.0
2022_13_PIT_ATL,2022,13,2022-12-04T13:00-05:00,ATL,PIT,-3.0,2.571334085434927,2.5307889880978256,2.571334085434927,0.0,0.010056516103970792,0.5499818665377177
2022_13_TEN_PHI,2022,13,2022-12-04T13:00-05:00,PHI,TEN,25.0,3.8906082022187802,4.027626364666409,3.8906082022187802,0.0,-0.28719457013574656,-0.11557233184223098
2022_13_WAS_NYG,2022,13,2022-12-04T13:00-05:00,NYG,WAS,0.0,0.23561721523755602,0.6852320092673785,0.23561721523755602,0.0,-0.9466824310608097,-0.34981343283582095
2022_13_MIA_SF,2022,13,2022-12-04T16:05-05:00,SF,MIA,16.0,4.897064494641496,5.1455973943163205,4.897064494641496,0.0,-0.5448583908514378,-0.044936871341990786
2022_13_SEA_LA,2022,13,2022-12-04T16:05-05:00,LAR,SEA,-4.0,-5.9652890206861775,-5.71085665664614,-5.9652890206861775,0.0,-0.588421052631579,0.16484142173615862
2022_13_KC_CIN,2022,13,2022-12-04T16:25-05:00,CIN,KC,3.0,-2.799589551683158,-2.6396736040118736,-2.799589551683158,0.0,-0.2879934210526316,-0.45977041070938446
2022_13_LAC_LV,2022,13,2022-12-04T16:25-05:00,LV,LAC,7.0,0.6977919724042584,0.7743221054288891,0.6977919724042584,0.0,-0.24350649350649353,0.5074678853754941
2022_13_IND_DAL,2022,13,2022-12-04T20:20-05:00,DAL,IND,35.0,10.587519330204138,10.693163081723078,10.587519330204138,0.0,-0.1506191580839487,-0.5765734559847783
2022_13_NO_TB,2022,13,2022-12-05T20:15-05:00,TB,NO,1.0,5.632932059852122,5.918604811302222,5.632932059852122,0.0,-0.5979484896041548,-0.24668007688905524
2022_14_LV_LA,2022,14,2022-12-08T20:15-05:00,LAR,LV,1.0,-1.9414196641979609,-1.906979951254459,-1.9414196641979609,0.0,-0.039561688311688326,-0.2536329334365326
2022_14_BAL_PIT,2022,14,2022-12-11T13:00-05:00,PIT,BAL,-2.0,-1.054001521420633,-1.3780454069431365,-1.054001521420633,0.0,0.6401524361174677,0.5421653473669418
2022_14_CLE_CIN,2022,14,2022-12-11T13:00-05:00,CIN,CLE,13.0,6.3652426312597274,5.891358329290343,6.3652426312597274,0.0,1.0191564865954628,0.221564742583206
2022_14_HOU_DAL,2022,14,2022-12-11T13:00-05:00,DAL,HOU,4.0,18.11939408201642,18.11380764849637,18.11939408201642,0.0,0.0,0.08531655225019069
2022_14_JAX_TEN,2022,14,2022-12-11T13:00-05:00,TEN,JAX,-14.0,5.819517180163253,5.676557686856684,5.819517180163253,0.0,0.37633928571428577,-0.4073430913348947
2022_14_MIN_DET,2022,14,2022-12-11T13:00-05:00,DET,MIN,11.0,0.43405952863537955,0.5586658178254031,0.43405952863537955,0.0,-0.2374716038164471,-0.26829862649534786
2022_14_NYJ_BUF,2022,14,2022-12-11T13:00-05:00,BUF,NYJ,8.0,9.880677756577594,10.157453367896956,9.880677756577594,0.0,-0.526883116883117,-0.6000000000000001
2022_14_PHI_NYG,2022,14,2022-12-11T13:00-05:00,NYG,PHI,-26.0,-6.740129120927424,-6.864451720911869,-6.740129120927424,0.0,0.22357273369403863,0.35964276687168245
2022_14_KC_DEN,2022,14,2022-12-11T16:05-05:00,DEN,KC,-6.0,-8.896889631683747,-9.021000618884287,-8.896889631683747,0.0,0.30000000000000004,-0.16969696969696976
2022_14_CAR_SEA,2022,14,2022-12-11T16:25-05:00,SEA,CAR,-6.0,7.129945225681856,7.189410892633347,7.129945225681856,0.0,-0.13214204268436536,0.0014704400077534263
2022_14_TB_SF,2022,14,2022-12-11T16:25-05:00,SF,TB,28.0,3.002325840145135,2.919021702593861,3.002325840145135,0.0,0.1828571428571429,0.013481739110544927
2022_14_MIA_LAC,2022,14,2022-12-11T20:20-05:00,LAC,MIA,6.0,0.31748025382052236,0.0981659970863884,0.31748025382052236,0.0,0.4477116704805493,0.2674429222497829
2022_14_NE_ARI,2022,14,2022-12-12T20:15-05:00,ARI,NE,-14.0,0.2874923615610726,0.17343669986856547,0.2874923615610726,0.0,0.30000000000000004,-0.32326287198866327
2022_15_SF_SEA,2022,15,2022-12-15T20:15-05:00,SEA,SF,-8.0,-3.0537922573941065,-3.105793254787633,-3.0537922573941065,0.0,0.1419129720853859,-0.18273245614035089
2022_15_IND_MIN,2022,15,2022-12-17T13:00-05:00,MIN,IND,3.0,5.0383482772675485,5.079801277935675,5.0383482772675485,0.0,0.0,-0.6330742296918769
2022_15_BAL_CLE,2022,15,2022-12-17T16:30-05:00,CLE,BAL,10.0,1.1170086832869437,0.710798351144524,1.1170086832869437,0.0,0.7853391812865499,0.7975866338229795
2022_15_MIA_BUF,2022,15,2022-12-17T20:15-05:00,BUF,MIA,3.0,7.304845616447519,7.411911099621292,7.304845616447519,0.0,-0.2441406419667289,0.04549440298507468
2022_15_ATL_NO,2022,15,2022-12-18T13:00-05:00,NO,ATL,3.0,5.250027829786081,5.36179406254885,5.250027829786081,0.0,-0.24796062528985266,0.0
2022_15_DAL_JAX,2022,15,2022-12-18T13:00-05:00,JAX,DAL,6.0,-8.599844923991089,-8.309186872360456,-8.599844923991089,0.0,-0.6000000000000001,-0.3086939304885348
2022_15_DET_NYJ,2022,15,2022-12-18T13:00-05:00,NYJ,DET,-3.0,-0.686100819922201,-0.9061650002818356,-0.686100819922201,0.0,0.42347082494969823,0.44576431050889265
2022_15_KC_HOU,2022,15,2022-12-18T13:00-05:00,HOU,KC,-6.0,-14.75012572049595,-14.74598510273719,-14.75012572049595,0.0,0.02636857822729706,-0.24475122579301062
2022_15_PHI_CHI,2022,15,2022-12-18T13:00-05:00,CHI,PHI,-5.0,-10.884891431232482,-11.020004133156164,-10.884891431232482,0.0,0.2794117647058823,0.14004702194357355
2022_15_PIT_CAR,2022,15,2022-12-18T13:00-05:00,CAR,PIT,-8.0,1.5141756156534876,1.8408913703605339,1.5141756156534876,0.0,-0.6836363636363638,-0.2836368977673326
2022_15_ARI_DEN,2022,15,2022-12-18T16:05-05:00,DEN,ARI,9.0,-1.2659019195657515,-1.2233913049044853,-1.2659019195657515,0.0,-0.07065128563074197,-0.1628787878787879
2022_15_NE_LV,2022,15,2022-12-18T16:05-05:00,LV,NE,6.0,0.378540303555001,0.2969890102142072,0.378540303555001,0.0,0.20764790764790764,-0.1839418686336495
2022_15_CIN_TB,2022,15,2022-12-18T16:25-05:00,TB,CIN,-11.0,-3.008313743229781,-3.152019879632599,-3.008313743229781,0.0,0.5250649350649351,-1.4197339214100642
2022_15_TEN_LAC,2022,15,2022-12-18T16:25-05:00,LAC,TEN,3.0,3.0073107650517867,3.060346443241759,3.0073107650517867,0.0,-0.0782608695652175,-0.2712359248219905
2022_15_NYG_WAS,2022,15,2022-12-18T20:20-05:00,WAS,NYG,-8.0,4.772693633435495,4.641005034308574,4.772693633435495,0.0,0.20463461424551999,0.6025027358357378
2022_15_LA_GB,2022,15,2022-12-19T20:15-05:00,GB,LAR,12.0,6.462139153666662,6.339302607468207,6.462139153666662,0.0,0.23205686475409842,0.27854477611940304
2022_16_JAX_NYJ,2022,16,2022-12-22T20:15-05:00,NYJ,JAX,-16.0,1.6413552140335956,1.288822900583748,1.6413552140335956,0.0,0.7571428571428572,0.17190784797815437
2022_16_ATL_BAL,2022,16,2022-12-24T13:00-05:00,BAL,ATL,8.0,5.291598180982703,5.803522527537222,5.291598180982703,0.0,-1.0911157831239802,-0.3071645021645022
2022_16_BUF_CHI,2022,16,2022-12-24T13:00-05:00,CHI,BUF,-22.0,-10.144846610881109,-10.273182314045044,-10.144846610881109,0.0,0.2338322694254898,0.35030694934609957
2022_16_CIN_NE,2022,16,2022-12-24T13:00-05:00,NE,CIN,-4.0,-3.4272376405065,-3.1744743335294543,-3.4272376405065,0.0,-0.5795842034613221,0.12950055712132136
2022_16_DET_CAR,2022,16,2022-12-24T13:00-05:00,CAR,DET,14.0,-3.3505293265158045,-3.358753350340885,-3.3505293265158045,0.0,0.0,0.12559808612440193
2022_16_NO_CLE,2022,16,2022-12-24T13:00-05:00,CLE,NO,-7.0,4.33748622827941,4.2409824404120915,4.33748622827941,0.0,0.2589163946017712,-0.30850656338406013
2022_16_NYG_MIN,2022,16,2022-12-24T13:00-05:00,MIN,NYG,3.0,3.115391246202814,3.1109834819289146,3.115391246202814,0.0,0.029059696342305028,-0.13272455648926246
2022_16_SEA_KC,2022,16,2022-12-24T13:00-05:00,KC,SEA,14.0,9.992681072717764,9.842478671544228,9.992681072717764,0.0,0.3565054223744293,-0.16019688644688646
2022_16_HOU_TEN,2022,16,2022-12-24T14:00-05:00,TEN,HOU,-5.0,3.3848276551833134,3.4669491052082124,3.3848276551833134,0.0,-0.26540847108998883,0.5728449979296388
2022_16_WAS_SF,2022,16,2022-12-24T16:05-05:00,SF,WAS,17.0,9.276367913248087,9.331279425019645,9.276367913248087,0.0,-0.13257936507936507,0.07403236592321849
2022_16_PHI_DAL,2022,16,2022-12-24T16:25-05:00,DAL,PHI,6.0,4.499325430538695,4.3253132067741324,4.499325430538695,0.0,0.4337610177896237,-0.3283809717068648
2022_16_LV_PIT,2022,16,2022-12-24T20:15-05:00,PIT,LV,3.0,-0.4200381546609042,-0.5401060831646991,-0.4200381546609042,0.0,0.33337412587412596,-0.4611828650456814
2022_16_GB_MIA,2022,16,2022-12-25T13:00-05:00,MIA,GB,-6.0,1.0469803096957002,1.246242576534483,1.0469803096957002,0.0,-0.33241243198381043,-0.7549008011196048
2022_16_DEN_LA,2022,16,2022-12-25T16:30-05:00,LAR,DEN,37.0,-0.14928114558614825,-0.5244767234506356,-0.14928114558614825,0.0,0.7745702163658739,0.3980574229691877
2022_16_TB_ARI,2022,16,2022-12-25T20:20-05:00,ARI,TB,-3.0,-4.114620584557795,-4.140305437286133,-4.114620584557795,0.0,-0.07822217249988217,0.9307252442901445
2022_16_LAC_IND,2022,16,2022-12-26T20:15-05:00,IND,LAC,-17.0,-3.729192257521056,-3.729192257521056,-3.729192257521056,0.0,0.0,0.0
2022_17_DAL_TEN,2022,17,2022-12-29T20:15-05:00,TEN,DAL,-14.0,-10.41490692166799,-10.440120193586377,-10.41490692166799,0.0,0.0,0.3850595238095239
2022_17_ARI_ATL,2022,17,2023-01-01T13:00-05:00,ATL,ARI,1.0,2.8739739432399114,2.7996586343397833,2.8739739432399114,0.0,0.15555555555555556,0.06414141414141415
2022_17_CAR_TB,2022,17,2023-01-01T13:00-05:00,TB,CAR,6.0,3.942946559692709,3.9521812672542187,3.942946559692709,0.0,0.12913523017902817,-1.0299709793130847
2022_17_CHI_DET,2022,17,2023-01-01T13:00-05:00,DET,CHI,31.0,7.777600349421618,7.763011954576603,7.777600349421618,0.0,0.032365298698250555,0.0
2022_17_CLE_WAS,2022,17,2023-01-01T13:00-05:00,WAS,CLE,-14.0,0.4677687084806763,0.13944448188905945,0.4677687084806763,0.0,0.683531746031746,0.3089217995934414
2022_17_DEN_KC,2022,17,2023-01-01T13:00-05:00,KC,DEN,3.0,13.765131489057921,13.534886621735911,13.765131489057921,0.0,0.496286231884058,0.09999999999999998
2022_17_IND_NYG,2022,17,2023-01-01T13:00-05:00,NYG,IND,28.0,6.93697588816531,6.9539292995900945,6.93697588816531,0.0,0.0,-0.25891413662239093
2022_17_JAX_HOU,2022,17,2023-01-01T13:00-05:00,HOU,JAX,-28.0,-4.104840642125996,-4.264435524131007,-4.104840642125996,0.0,0.27713542014221,0.5296110802556607
2022_17_MIA_NE,2022,17,2023-01-01T13:00-05:00,NE,MIA,2.0,2.2203435931215236,2.4216191685046247,2.2203435931215236,0.0,-0.41455574518136784,-0.22019230769230774
2022_17_NO_PHI,2022,17,2023-01-01T13:00-05:00,PHI,NO,-10.0,6.971294183518332,7.012635756870212,6.971294183518332,0.0,-0.11896284829721354,0.1875407630666513
2022_17_NYJ_SEA,2022,17,2023-01-01T16:05-05:00,SEA,NYJ,17.0,3.874700313413565,4.0623452823012585,3.874700313413565,0.0,-0.4418071588889784,0.17556818181818185
2022_17_SF_LV,2022,17,2023-01-01T16:05-05:00,LV,SF,-3.0,-6.895739018054501,-6.905933223101098,-6.895739018054501,0.0,0.0,0.15568688401747613
2022_17_LA_LAC,2022,17,2023-01-01T16:25-05:00,LAC,LAR,21.0,4.644312492241184,4.504709836766536,4.644312492241184,0.0,0.2694871794871795,0.2769366197183099
2022_17_MIN_GB,2022,17,2023-01-01T16:25-05:00,GB,MIN,24.0,4.254576619967937,4.502183174056579,4.254576619967937,0.0,-0.5158494255576751,-0.23048076923076924
2022_17_PIT_BAL,2022,17,2023-01-01T20:20-05:00,BAL,PIT,-3.0,1.7953420334525725,2.251843179234889,1.7953420334525725,0.0,-1.0206043956043958,0.05387957474973604
2022_18_KC_LV,2022,18,2023-01-07T16:30-05:00,LV,KC,-18.0,-9.016880118679651,-9.066183451678121,-9.016880118679651,0.0,0.06580188679245283,0.30000000000000004
2022_18_TEN_JAX,2022,18,2023-01-07T20:15-05:00,JAX,TEN,4.0,7.461395132610984,7.487669299827954,7.461395132610984,0.0,-0.07695512820512818,0.12848002800784575
2022_18_BAL_CIN,2022,18,2023-01-08T13:00-05:00,CIN,BAL,11.0,9.686519784265627,9.5378090202524,9.686519784265627,0.0,0.30000000000000004,0.20599319760760104
2022_18_CAR_NO,2022,18,2023-01-08T13:00-05:00,NO,CAR,-3.0,3.3537138293855344,3.332270498037837,3.3537138293855344,0.0,0.012266766892996994,0.2430429864253394
2022_18_CLE_PIT,2022,18,2023-01-08T13:00-05:00,PIT,CLE,14.0,0.8380850653528823,0.67533565903693,0.8380850653528823,0.0,0.3808477633477634,-0.13614496596304998
2022_18_HOU_IND,2022,18,2023-01-08T13:00-05:00,IND,HOU,-1.0,1.580845102816796,1.5785374888276071,1.580845102816796,0.0,0.0,0.035242103709882844
2022_18_MIN_CHI,2022,18,2023-01-08T13:00-05:00,CHI,MIN,-16.0,-7.64978747825717,-7.64978747825717,-7.64978747825717,0.0,0.0,0.0
2022_18_NE_BUF,2022,18,2023-01-08T13:00-05:00,BUF,NE,12.0,8.142232565464372,8.263284118632193,8.142232565464372,0.0,-0.3121414602346806,0.30000000000000004
2022_18_NYJ_MIA,2022,18,2023-01-08T13:00-05:00,MIA,NYJ,5.0,2.3794162802847847,2.505995297418565,2.3794162802847847,0.0,-0.2020980392156863,-0.541929913307032
2022_18_TB_ATL,2022,18,2023-01-08T13:00-05:00,ATL,TB,13.0,0.07550565291811906,0.09057459529846512,0.07550565291811906,0.0,-0.1444444444444445,0.7641884486821197
2022_18_ARI_SF,2022,18,2023-01-08T16:25-05:00,SF,ARI,25.0,10.673607934145618,10.675926595084862,10.673607934145618,0.0,0.0,-0.03541081379803157
2022_18_DAL_WAS,2022,18,2023-01-08T16:25-05:00,WAS,DAL,20.0,-10.388781816597966,-10.527497623160137,-10.388781816597966,0.0,0.30775,0.0
2022_18_LAC_DEN,2022,18,2023-01-08T16:25-05:00,DEN,LAC,3.0,-4.6294225535136695,-4.405005086486019,-4.6294225535136695,0.0,-0.49788468372423605,0.0
2022_18_LA_SEA,2022,18,2023-01-08T16:25-05:00,SEA,LAR,3.0,4.4858279164506225,4.7938976042162125,4.4858279164506225,0.0,-0.662868974753426,-0.1418303571428572
2022_18_NYG_PHI,2022,18,2023-01-08T16:25-05:00,PHI,NYG,6.0,9.391953119985935,9.582859291020124,9.391953119985935,0.0,-0.3792657840678234,-0.3047578506972134
2022_18_DET_GB,2022,18,2023-01-08T20:20-05:00,GB,DET,-4.0,4.587747562242612,4.594792227133585,4.587747562242612,0.0,-0.05240645297811808,0.2531673326673327
2023_01_DET_KC,2023,1,2023-09-07T20:20-04:00,KC,DET,-1.0,6.825715674107752,6.825715674107752,6.825715674107752,0.0,0.0,0.0
2023_01_ARI_WAS,2023,1,2023-09-10T13:00-04:00,WAS,ARI,4.0,2.503460220412154,2.3294441410533957,2.503460220412154,0.0,0.5139160839160839,-0.17240259740259742
2023_01_CAR_ATL,2023,1,2023-09-10T13:00-04:00,ATL,CAR,14.0,3.7489326694276675,3.734375867621181,3.7489326694276675,0.0,0.03895562416940515,0.0
2023_01_CIN_CLE,2023,1,2023-09-10T13:00-04:00,CLE,CIN,21.0,-3.9635315358410033,-3.9529702434852902,-3.9635315358410033,0.0,-0.055345394736842086,0.09680851063829785
2023_01_HOU_BAL,2023,1,2023-09-10T13:00-04:00,BAL,HOU,16.0,7.9450197213959495,7.9450197213959495,7.9450197213959495,0.0,0.0,0.0
2023_01_JAX_IND,2023,1,2023-09-10T13:00-04:00,IND,JAX,-10.0,-6.339575825357885,-6.3314924680256786,-6.339575825357885,0.0,0.0,-0.0773260073260073
2023_01_SF_PIT,2023,1,2023-09-10T13:00-04:00,PIT,SF,-23.0,-1.1971107509420702,-1.2981473828473313,-1.1971107509420702,0.0,0.2621394230769231,0.029475818025258338
2023_01_TB_MIN,2023,1,2023-09-10T13:00-04:00,MIN,TB,-3.0,0.6810354411032036,0.6810354411032036,0.6810354411032036,0.0,,
2023_01_TEN_NO,2023,1,2023-09-10T13:00-04:00,NO,TEN,1.0,2.1265282509703605,2.0977608260656773,2.1265282509703605,0.0,0.0,0.275191361399672
2023_01_GB_CHI,2023,1,2023-09-10T16:25-04:00,CHI,GB,-18.0,-4.286268899179857,-4.387767005155361,-4.286268899179857,0.0,0.2524458874458875,0.06854099862574438
2023_01_LA_SEA,2023,1,2023-09-10T16:25-04:00,SEA,LAR,-17.0,2.928126125318225,2.821292647801812,2.928126125318225,0.0,0.2858982937437271,0.0
2023_01_LV_DEN,2023,1,2023-09-10T16:25-04:00,DEN,LV,-1.0,-0.4240059942821275,-0.4375691617553543,-0.4240059942821275,0.0,0.06427156690140846,-0.09999999999999998
2023_01_MIA_LAC,2023,1,2023-09-10T16:25-04:00,LAC,MIA,-2.0,2.6649716721080035,2.6649716721080035,2.6649716721080035,0.0,0.0,0.0
2023_01_PHI_NE,2023,1,2023-09-10T16:25-04:00,NE,PHI,-5.0,-1.1641794945132626,-1.0953367830555674,-1.1641794945132626,0.0,-0.18423076923076928,0.0
2023_01_DAL_NYG,2023,1,2023-09-10T20:20-04:00,NYG,DAL,-40.0,0.02421351883825995,-0.052692947995456096,0.02421351883825995,0.0,0.10741363628514355,0.35173038229376263
2023_01_BUF_NYJ,2023,1,2023-09-11T20:15-04:00,NYJ,BUF,6.0,-4.885270822188872,-4.601183346406421,-4.885270822188872,0.0,-0.7602497502497504,0.0
2023_02_MIN_PHI,2023,2,2023-09-14T20:15-04:00,PHI,MIN,6.0,6.020755927305557,5.923936704637458,6.020755927305557,0.0,0.28593750000000007,-0.0959372663177011
2023_02_BAL_CIN,2023,2,2023-09-17T13:00-04:00,CIN,BAL,-3.0,4.099282694828584,3.9536760704530947,4.099282694828584,0.0,0.41088212334113977,-0.07586256469235192
2023_02_CHI_TB,2023,2,2023-09-17T13:00-04:00,TB,CHI,10.0,9.341371361746592,9.438239601336594,9.341371361746592,0.0,-0.13006429844665143,-0.46171875000000007
2023_02_GB_ATL,2023,2,2023-09-17T13:00-04:00,ATL,GB,1.0,-1.2735482876985784,-1.223884204203036,-1.2735482876985784,0.0,-0.16071428571428573,0.09940176499687067
2023_02_IND_HOU,2023,2,2023-09-17T13:00-04:00,HOU,IND,-11.0,0.982227693856961,0.9287512313206683,0.982227693856961,0.0,0.1431089743589744,0.0
2023_02_KC_JAX,2023,2,2023-09-17T13:00-04:00,JAX,KC,-8.0,-2.786442957379364,-2.786442957379364,-2.786442957379364,0.0,,
2023_02_LAC_TEN,2023,2,2023-09-17T13:00-04:00,TEN,LAC,3.0,-1.7471384179374785,-1.6610651275957442,-1.7471384179374785,0.0,-0.2664615384615385,0.12911454904542463
2023_02_LV_BUF,2023,2,2023-09-17T13:00-04:00,BUF,LV,28.0,5.038352108088489,5.038352108088489,5.038352108088489,0.0,0.0,0.0
2023_02_SEA_DET,2023,2,2023-09-17T13:00-04:00,DET,SEA,-6.0,5.264153732746996,5.354172472831602,5.264153732746996,0.0,-0.30000000000000004,0.2112592592592593
2023_02_NYG_ARI,2023,2,2023-09-17T16:05-04:00,ARI,NYG,-3.0,-1.1793956359868933,-1.0881118020647598,-1.1793956359868933,0.0,-0.24428571428571433,0.0
2023_02_SF_LA,2023,2,2023-09-17T16:05-04:00,LAR,SF,-7.0,-3.512821287433614,-3.254385404364643,-3.512821287433614,0.0,-0.5333333333333334,-0.5657543819766713
2023_02_NYJ_DAL,2023,2,2023-09-17T16:25-04:00,DAL,NYJ,20.0,8.305671593401733,8.159503834232929,8.305671593401733,0.0,0.42233337972143953,-0.11142857142857145
2023_02_WAS_DEN,2023,2,2023-09-17T16:25-04:00,DEN,WAS,-2.0,3.0637668836065144,3.039747546193752,3.0637668836065144,0.0,0.06427842416819758,0.0
2023_02_MIA_NE,2023,2,2023-09-17T20:20-04:00,NE,MIA,-7.0,0.44403116214520555,0.7996632960597525,0.44403116214520555,0.0,-0.9517112299465241,0.0
2023_02_NO_CAR,2023,2,2023-09-18T19:15-04:00,CAR,NO,-3.0,-1.0768014368996623,-0.9975592749956435,-1.0768014368996623,0.0,-0.21277208706786174,0.0025423728813559325
2023_02_CLE_PIT,2023,2,2023-09-18T20:15-04:00,PIT,CLE,4.0,0.41539366753290025,0.3282688603774951,0.41539366753290025,0.0,0.14923063820122645,0.30000000000000004
2023_03_NYG_SF,2023,3,2023-09-21T20:15-04:00,SF,NYG,18.0,8.65638297171202,8.557871396235475,8.65638297171202,0.0,0.21239878542510124,0.18312470477090223
2023_03_ATL_DET,2023,3,2023-09-24T13:00-04:00,DET,ATL,14.0,2.8431985651896055,2.9431759741086925,2.8431985651896055,0.0,-0.4100824005617282,0.5094963859669743
2023_03_BUF_WAS,2023,3,2023-09-24T13:00-04:00,WAS,BUF,-34.0,-5.895265889351132,-5.856331460826024,-5.895265889351132,0.0,-0.18811792733770102,0.30000000000000004
2023_03_DEN_MIA,2023,3,2023-09-24T13:00-04:00,MIA,DEN,50.0,6.2359921435503916,6.2359921435503916,6.2359921435503916,0.0,,
2023_03_HOU_JAX,2023,3,2023-09-24T13:00-04:00,JAX,HOU,-20.0,7.163922407970967,7.208789447556606,7.163922407970967,0.0,0.0,-0.42920149253731354
2023_03_IND_BAL,2023,3,2023-09-24T13:00-04:00,BAL,IND,-3.0,7.1318862829534035,6.957974938498637,7.1318862829534035,0.0,0.30000000000000004,0.5912637362637363
2023_03_LAC_MIN,2023,3,2023-09-24T13:00-04:00,MIN,LAC,-4.0,-1.052196091280539,-1.052196091280539,-1.052196091280539,0.0,,
2023_03_NE_NYJ,2023,3,2023-09-24T13:00-04:00,NYJ,NE,-5.0,-2.3742096719445778,-2.641085800195874,-2.3742096719445778,0.0,0.6714596949891068,0.15274545804702788
2023_03_NO_GB,2023,3,2023-09-24T13:00-04:00,GB,NO,1.0,4.475835084796472,4.489709656037155,4.475835084796472,0.0,0.0,-0.13272519737901328
2023_03_TEN_CLE,2023,3,2023-09-24T13:00-04:00,CLE,TEN,24.0,2.341010444397707,2.2503786728255655,2.341010444397707,0.0,0.18784022749539997,0.19553336259877088
2023_03_CAR_SEA,2023,3,2023-09-24T16:05-04:00,SEA,CAR,10.0,4.434304831327427,4.643518177504038,4.434304831327427,0.0,-0.3052100840336135,-0.9103412945079612
2023_03_CHI_KC,2023,3,2023-09-24T16:25-04:00,KC,CHI,31.0,16.467356649387437,16.44045575035507,16.467356649387437,0.0,0.12279220008743569,-0.18159914712153521
2023_03_DAL_ARI,2023,3,2023-09-24T16:25-04:00,ARI,DAL,12.0,-7.501543774393438,-7.5941982447861065,-7.501543774393438,0.0,0.2932835820895523,-0.16203703703703703
2023_03_PIT_LV,2023,3,2023-09-24T20:20-04:00,LV,PIT,-5.0,1.8598895577248875,1.8821391439572581,1.8598895577248875,0.0,0.0,-0.2128412239243807
2023_03_PHI_TB,2023,3,2023-09-25T19:15-04:00,TB,PHI,-14.0,-0.861865061497914,-0.5890258949152225,-0.861865061497914,0.0,-0.5158450704225352,-0.7660511363636365
2023_03_LA_CIN,2023,3,2023-09-25T20:15-04:00,CIN,LAR,3.0,1.6287039717326193,1.6574840965591644,1.6287039717326193,0.0,-0.0539583333333333,-0.08243243243243241
2023_04_DET_GB,2023,4,2023-09-28T20:15-04:00,GB,DET,-14.0,1.6582677249679076,1.6254423002444416,1.6582677249679076,0.0,0.11955366859499394,-0.11334817424381599
2023_04_ATL_JAX,2023,4,2023-10-01T09:30-04:00,JAX,ATL,16.0,2.0311721790493795,2.090105247055227,2.0311721790493795,0.0,-0.1700704225352113,0.0441785714285714
2023_04_BAL_CLE,2023,4,2023-10-01T13:00-04:00,CLE,BAL,-25.0,-2.7220094023223727,-2.6324280508781337,-2.7220094023223727,0.0,-0.20120834883831823,-0.1376990400903445
2023_04_CIN_TEN,2023,4,2023-10-01T13:00-04:00,TEN,CIN,24.0,-4.3036926038140635,-4.274398004956445,-4.3036926038140635,0.0,0.0,-0.28023434728677704
2023_04_DEN_CHI,2023,4,2023-10-01T13:00-04:00,CHI,DEN,-3.0,-3.576445441352945,-3.5573558845095095,-3.576445441352945,0.0,-0.0510857818797827,0.0
2023_04_LA_IND,2023,4,2023-10-01T13:00-04:00,IND,LAR,-6.0,-1.5279822332850237,-1.4188602668095038,-1.5279822332850237,0.0,-0.24782407407407414,-0.15799264074418878
2023_04_MIA_BUF,2023,4,2023-10-01T13:00-04:00,BUF,MIA,28.0,4.791512749707516,4.694612179014043,4.791512749707516,0.0,0.33780219780219783,-0.28055555555555556
2023_04_MIN_CAR,2023,4,2023-10-01T13:00-04:00,CAR,MIN,-8.0,-1.0620336859828816,-0.9277576077404226,-1.0620336859828816,0.0,-0.4406818181818182,0.2907739444005646
2023_04_PIT_HOU,2023,4,2023-10-01T13:00-04:00,HOU,PIT,24.0,-0.5782117400692975,-0.5626926941917717,-0.5782117400692975,0.0,-0.10389285714285712,0.22292088764323187
2023_04_TB_NO,2023,4,2023-10-01T13:00-04:00,NO,TB,-17.0,0.23613618559298954,0.393332659764726,0.23613618559298954,0.0,-0.6348471041153969,0.7655823863636364
2023_04_WAS_PHI,2023,4,2023-10-01T13:00-04:00,PHI,WAS,3.0,10.980780740247834,11.00624809713439,10.980780740247834,0.0,-0.09937499999999998,0.11160498001534178
2023_04_LV_LAC,2023,4,2023-10-01T16:05-04:00,LAC,LV,7.0,9.16290122362577,9.165914858916512,9.16290122362577,0.0,-0.09037598204264868,0.2942309287212487
2023_04_ARI_SF,2023,4,2023-10-01T16:25-04:00,SF,ARI,19.0,10.99023117435106,10.992511352783538,10.99023117435106,0.0,0.02850024532519213,-0.12368984276026532
2023_04_NE_DAL,2023,4,2023-10-01T16:25-04:00,DAL,NE,35.0,5.036834616270622,5.303307715578461,5.036834616270622,0.0,-0.7669630773336384,0.1924980352844352
2023_04_KC_NYJ,2023,4,2023-10-01T20:20-04:00,NYJ,KC,-3.0,-11.61678343990325,-11.632768098416427,-11.61678343990325,0.0,0.026486796785304238,0.058230277185501056
2023_04_SEA_NYG,2023,4,2023-10-02T20:15-04:00,NYG,SEA,-21.0,-0.19075247961210828,-0.4493174071734174,-0.19075247961210828,0.0,0.5998759029927762,0.3291245791245792
2023_05_CHI_WAS,2023,5,2023-10-05T20:15-04:00,WAS,CHI,-20.0,6.96879134320955,6.89986128478958,6.96879134320955,0.0,0.10318255687974003,0.2905519480519481
2023_05_JAX_BUF,2023,5,2023-10-08T09:30-04:00,BUF,JAX,-5.0,7.776320667320784,7.776320667320784,7.776320667320784,0.0,,
2023_05_BAL_PIT,2023,5,2023-10-08T13:00-04:00,PIT,BAL,7.0,-3.3125075887444186,-3.3884866898664034,-3.3125075887444186,0.0,0.2666220238095239,-0.22625000000000006
2023_05_CAR_DET,2023,5,2023-10-08T13:00-04:00,DET,CAR,18.0,8.515307868256134,9.00751775224985,8.515307868256134,0.0,-1.1906810788831663,-0.4522872128504448
2023_05_HOU_ATL,2023,5,2023-10-08T13:00-04:00,ATL,HOU,2.0,-1.6612283297904513,-1.9422475004240898,-1.6612283297904513,0.0,0.5957712182184014,0.5585962450021376
2023_05_NO_NE,2023,5,2023-10-08T13:00-04:00,NE,NO,-34.0,2.0745559856081073,2.0767125701880707,2.0745559856081073,0.0,0.1166160785013245,-0.43748795805133844
2023_05_NYG_MIA,2023,5,2023-10-08T13:00-04:00,MIA,NYG,15.0,8.959534790195155,8.985931573565729,8.959534790195155,0.0,-0.048745147518272025,-0.07826835456145803
2023_05_TEN_IND,2023,5,2023-10-08T13:00-04:00,IND,TEN,7.0,-0.12410403802662118,-0.04506713316585009,-0.12410403802662118,0.0,-0.23599358974358978,0.08751387347391786
2023_05_CIN_ARI,2023,5,2023-10-08T16:05-04:00,ARI,CIN,-14.0,-1.6455186631968532,-1.5830584201076277,-1.6455186631968532,0.0,-0.30000000000000004,0.4748859248859249
2023_05_PHI_LA,2023,5,2023-10-08T16:05-04:00,LAR,PHI,-9.0,-2.2489696846332947,-2.1757458924734805,-2.2489696846332947,0.0,-0.27934210526315795,0.29807692307692313
2023_05_KC_MIN,2023,5,2023-10-08T16:25-04:00,MIN,KC,-7.0,-7.291542892980521,-7.110162148132977,-7.291542892980521,0.0,-0.30000000000000004,-0.6627165850932053
2023_05_NYJ_DEN,2023,5,2023-10-08T16:25-04:00,DEN,NYJ,-10.0,2.7482771131784327,2.760517081328927,2.7482771131784327,0.0,0.0,-0.11708846064546088
2023_05_DAL_SF,2023,5,2023-10-08T20:20-04:00,SF,DAL,32.0,4.3011650627600435,4.428776804803212,4.3011650627600435,0.0,-0.5467780748663102,0.733779053175635
2023_05_GB_LV,2023,5,2023-10-09T20:15-04:00,LV,GB,4.0,-0.8260840124577538,-0.8596306559837539,-0.8260840124577538,0.0,-0.03315097140871215,0.43941177964832734
2023_06_DEN_KC,2023,6,2023-10-12T20:15-04:00,KC,DEN,11.0,13.621264442536088,13.640676114146917,13.621264442536088,0.0,0.015093083425335219,-0.23964552238805972
2023_06_BAL_TEN,2023,6,2023-10-15T09:30-04:00,TEN,BAL,-8.0,-3.2446462880007796,-3.2446462880007796,-3.2446462880007796,0.0,,
2023_06_CAR_MIA,2023,6,2023-10-15T13:00-04:00,MIA,CAR,21.0,9.898076788369156,9.922786748548063,9.898076788369156,0.0,-0.08144684077143355,0.054763977547875875
2023_06_IND_JAX,2023,6,2023-10-15T13:00-04:00,JAX,IND,17.0,5.798738080028618,5.641265629075769,5.798738080028618,0.0,0.3844866071428572,0.13200071073205405
2023_06_MIN_CHI,2023,6,2023-10-15T13:00-04:00,CHI,MIN,-6.0,-4.713054782248678,-4.554675501653656,-4.713054782248678,0.0,-0.3645602108768036,-0.21190476190476193
2023_06_NO_HOU,2023,6,2023-10-15T13:00-04:00,HOU,NO,7.0,1.3666557680749443,1.3814780803066984,1.3666557680749443,0.0,0.017861274029595364,-0.20563858695652176
2023_06_SEA_CIN,2023,6,2023-10-15T13:00-04:00,CIN,SEA,4.0,1.865461955220765,1.9251229426059369,1.865461955220765,0.0,-0.06315476190476194,-0.3449673811742778
2023_06_SF_CLE,2023,6,2023-10-15T13:00-04:00,CLE,SF,2.0,-12.174892670632698,-12.121523665637058,-12.174892670632698,0.0,-0.14282140600271442,0.0
2023_06_WAS_ATL,2023,6,2023-10-15T13:00-04:00,ATL,WAS,-8.0,2.624585656381343,2.632571769531871,2.624585656381343,0.0,0.0,-0.07639576213260427
2023_06_NE_LV,2023,6,2023-10-15T16:05-04:00,LV,NE,4.0,3.661942960554587,3.3869536013996298,3.661942960554587,0.0,0.5209904959904961,0.7682271113711369
2023_06_ARI_LA,2023,6,2023-10-15T16:25-04:00,LAR,ARI,17.0,5.355400955854989,5.16467085881961,5.355400955854989,0.0,0.5730877573131095,-0.22403115619332759
2023_06_DET_TB,2023,6,2023-10-15T16:25-04:00,TB,DET,-14.0,-0.48447545996677666,-0.5252446311161884,-0.48447545996677666,0.0,0.24272727272727276,-0.47765625000000006
2023_06_PHI_NYJ,2023,6,2023-10-15T16:25-04:00,NYJ,PHI,6.0,-6.729620423630138,-6.710921518211126,-6.729620423630138,0.0,-0.0500403551251009,0.0
2023_06_NYG_BUF,2023,6,2023-10-15T20:20-04:00,BUF,NYG,5.0,17.337364884137713,16.98245250781673,17.337364884137713,0.0,0.8883405700953152,0.2196406314914832
2023_06_DAL_LAC,2023,6,2023-10-16T20:15-04:00,LAC,DAL,-3.0,1.2700307372277266,1.157990652796634,1.2700307372277266,0.0,0.31479643964865645,-0.05349303062744071
2023_07_JAX_NO,2023,7,2023-10-19T20:15-04:00,NO,JAX,-7.0,0.7182528360337266,0.6301704946545112,0.7182528360337266,0.0,0.40781764712740687,-0.6151898734177216
2023_07_ATL_TB,2023,7,2023-10-22T13:00-04:00,TB,ATL,-3.0,5.836968314892532,5.960255924858417,5.836968314892532,0.0,-0.2113807847082495,-0.4237730871722617
2023_07_BUF_NE,2023,7,2023-10-22T13:00-04:00,NE,BUF,4.0,-10.876473846335557,-10.320983072927458,-10.876473846335557,0.0,-1.1669570707070707,-1.1424412461936886
2023_07_CLE_IND,2023,7,2023-10-22T13:00-04:00,IND,CLE,-1.0,0.15383157933276426,0.14947056018084748,0.15383157933276426,0.0,-0.115170923875336,0.4534098704056191
2023_07_DET_BAL,2023,7,2023-10-22T13:00-04:00,BAL,DET,32.0,-0.9293479395109792,-0.9440067166069515,-0.9293479395109792,0.0,0.09275974025974028,-0.1913536463536464
2023_07_LV_CHI,2023,7,2023-10-22T13:00-04:00,CHI,LV,18.0,-4.809657086861601,-4.652098011491592,-4.809657086861601,0.0,-0.38011363636363643,-0.14846106552710883
2023_07_WAS_NYG,2023,7,2023-10-22T13:00-04:00,NYG,WAS,7.0,-1.205126550601207,-1.1900200643017642,-1.205126550601207,0.0,-0.06819596143346865,0.09926470588235292
2023_07_ARI_SEA,2023,7,2023-10-22T16:05-04:00,SEA,ARI,10.0,8.04669290503957,8.04669290503957,8.04669290503957,0.0,,
2023_07_PIT_LA,2023,7,2023-10-22T16:05-04:00,LAR,PIT,-7.0,3.8514785848548962,3.9471350666492357,3.8514785848548962,0.0,-0.0487987012987013,-0.7406204312865499
2023_07_GB_DEN,2023,7,2023-10-22T16:25-04:00,DEN,GB,2.0,-1.0633151483985184,-1.3287445568938723,-1.0633151483985184,0.0,0.4170238095238096,1.0484170659782355
2023_07_LAC_KC,2023,7,2023-10-22T16:25-04:00,KC,LAC,14.0,7.573776786573676,7.4531240183718666,7.573776786573676,0.0,0.2752673796791444,0.17019783377542
2023_07_MIA_PHI,2023,7,2023-10-22T20:20-04:00,PHI,MIA,14.0,1.6370240064501618,1.5817683848704611,1.6370240064501618,0.0,0.16107856665826437,-0.04721485411140582
2023_07_SF_MIN,2023,7,2023-10-23T20:15-04:00,MIN,SF,5.0,-7.165345981573192,-7.245119364996982,-7.165345981573192,0.0,0.20202782962837268,0.04094594594594597
2023_08_TB_BUF,2023,8,2023-10-26T20:15-04:00,BUF,TB,6.0,10.137150896201414,9.959911642413687,10.137150896201414,0.0,0.5378646881287727,-0.22717657342657346
2023_08_ATL_TEN,2023,8,2023-10-29T13:00-04:00,TEN,ATL,5.0,-1.5665742367654838,-1.6113438773032431,-1.5665742367654838,0.0,0.02781254889688625,0.32885053425964483
2023_08_HOU_CAR,2023,8,2023-10-29T13:00-04:00,CAR,HOU,2.0,-4.176671979410301,-4.001171265364077,-4.176671979410301,0.0,-0.2533346064309618,-0.7732787112037725
2023_08_JAX_PIT,2023,8,2023-10-29T13:00-04:00,PIT,JAX,-10.0,-1.2070830040174634,-1.3974232415289911,-1.2070830040174634,0.0,0.5931818181818183,-0.2995891690009337
2023_08_LA_DAL,2023,8,2023-10-29T13:00-04:00,DAL,LAR,23.0,4.831439644982095,4.760955122471949,4.831439644982095,0.0,0.04474789915966387,0.5143036351471901
2023_08_MIN_GB,2023,8,2023-10-29T13:00-04:00,GB,MIN,-14.0,-0.8195739284467258,-0.5238924627847772,-0.8195739284467258,0.0,-0.6413649425287357,-0.5358767303889256
2023_08_NE_MIA,2023,8,2023-10-29T13:00-04:00,MIA,NE,14.0,6.833608371149262,7.13096818461493,6.833608371149262,0.0,-0.8333467799672492,0.13432975600211838
2023_08_NO_IND,2023,8,2023-10-29T13:00-04:00,IND,NO,-11.0,-2.401404835591986,-2.6967133820168896,-2.401404835591986,0.0,0.5436855933617232,0.8814756944444444
2023_08_NYJ_NYG,2023,8,2023-10-29T13:00-04:00,NYG,NYJ,-3.0,-1.0709889498586924,-0.8045815863414519,-1.0709889498586924,0.0,-0.6376470588235295,-0.269128469381037
2023_08_PHI_WAS,2023,8,2023-10-29T13:00-04:00,WAS,PHI,-7.0,-6.57011421006112,-6.498191738472935,-6.57011421006112,0.0,-0.1979638009049774,0.019629120879120776
2023_08_CLE_SEA,2023,8,2023-10-29T16:05-04:00,SEA,CLE,4.0,6.379397968710981,6.254101154218081,6.379397968710981,0.0,0.3807384637675352,-0.16239568013115335
2023_08_BAL_ARI,2023,8,2023-10-29T16:25-04:00,ARI,BAL,-7.0,-7.308564328072305,-7.280698230000299,-7.308564328072305,0.0,0.0,-0.2665692007797271
2023_08_CIN_SF,2023,8,2023-10-29T16:25-04:00,SF,CIN,-14.0,2.78911093070405,2.930136885619974,2.78911093070405,0.0,-0.29727272727272736,-0.2864285714285715
2023_08_KC_DEN,2023,8,2023-10-29T16:25-04:00,DEN,KC,15.0,-9.943141959825375,-9.943141959825375,-9.943141959825375,0.0,0.0,0.0
2023_08_CHI_LAC,2023,8,2023-10-29T20:20-04:00,LAC,CHI,17.0,8.937923413818744,9.087423844518238,8.937923413818744,0.0,-0.27430199741626515,-0.4496076266509911
2023_08_LV_DET,2023,8,2023-10-30T20:15-04:00,DET,LV,12.0,5.996159157496769,6.116044820513659,5.996159157496769,0.0,-0.3853896103896105,0.23078523560719152
2023_09_TEN_PIT,2023,9,2023-11-02T20:15-04:00,PIT,TEN,4.0,3.9017705559593523,3.839744600878233,3.9017705559593523,0.0,0.21985294117647064,-0.1925452558115992
2023_09_MIA_KC,2023,9,2023-11-05T09:30-05:00,KC,MIA,7.0,4.030821535703512,3.647503030423729,4.030821535703512,0.0,0.9179749220845113,0.38544432722290667
2023_09_ARI_CLE,2023,9,2023-11-05T13:00-05:00,CLE,ARI,27.0,7.13698259465898,7.334393538159258,7.13698259465898,0.0,-0.5752340337008531,0.1677937915742794
2023_09_CHI_NO,2023,9,2023-11-05T13:00-05:00,NO,CHI,7.0,9.154020258391933,9.085704855708139,9.154020258391933,0.0,0.23870764932041133,-0.19977829942618675
2023_09_LA_GB,2023,9,2023-11-05T13:00-05:00,GB,LAR,17.0,4.244757897640483,4.171368039824421,4.244757897640483,0.0,0.0743288383865344,0.4363557411941824
2023_09_MIN_ATL,2023,9,2023-11-05T13:00-05:00,ATL,MIN,-3.0,-1.7326465984328923,-1.6885658378350161,-1.7326465984328923,0.0,0.0,-0.42167988829920255
2023_09_SEA_BAL,2023,9,2023-11-05T13:00-05:00,BAL,SEA,34.0,4.285369968595959,4.113603627401412,4.285369968595959,0.0,0.30000000000000004,0.570744472918386
2023_09_TB_HOU,2023,9,2023-11-05T13:00-05:00,HOU,TB,2.0,2.090617772759139,1.9368791981198052,2.090617772759139,0.0,0.2376590019569472,0.6211347348303872
2023_09_WAS_NE,2023,9,2023-11-05T13:00-05:00,NE,WAS,-3.0,0.976218464886859,1.2264205141169842,0.976218464886859,0.0,-0.5491176470588236,-0.43056601662149185
2023_09_IND_CAR,2023,9,2023-11-05T16:05-05:00,CAR,IND,-14.0,0.7975976677039767,0.7517831643257082,0.7975976677039767,0.0,0.1172055245749275,0.019300051466803914
2023_09_DAL_PHI,2023,9,2023-11-05T16:25-05:00,PHI,DAL,5.0,2.8238395981000624,2.5607162862887494,2.8238395981000624,0.0,0.5751412872841445,0.46114722440617273
2023_09_NYG_LV,2023,9,2023-11-05T16:25-05:00,LV,NYG,24.0,1.1563369763846334,0.9821390553812188,1.1563369763846334,0.0,0.5761904761904764,-0.39327023596176824
2023_09_BUF_CIN,2023,9,2023-11-05T20:20-05:00,CIN,BUF,6.0,-2.3757878136185386,-2.3299520453486338,-2.3757878136185386,0.0,-0.22714866434378633,0.3735012285012285
2023_09_LAC_NYJ,2023,9,2023-11-06T20:15-05:00,NYJ,LAC,-21.0,-3.839762226430591,-3.858624867622144,-3.839762226430591,0.0,-0.19619175465407057,0.8817519848838177
2023_10_CAR_CHI,2023,10,2023-11-09T20:15-05:00,CHI,CAR,3.0,1.1548898835557821,1.1483476453681112,1.1548898835557821,0.0,-0.14375000000000002,0.5764348500725782
2023_10_IND_NE,2023,10,2023-11-12T09:30-05:00,NE,IND,-4.0,0.013052508431833589,0.13755923849562574,0.013052508431833587,1.734723475976807e-18,-0.1500378906238593,-0.6547126816845129
2023_10_CLE_BAL,2023,10,2023-11-12T13:00-05:00,BAL,CLE,-2.0,5.301751565014126,5.14771841343088,5.301751565014126,0.0,0.3462739726027398,0.2356956755702585
2023_10_GB_PIT,2023,10,2023-11-12T13:00-05:00,PIT,GB,4.0,1.78361780264065,1.5714248333974044,1.78361780264065,0.0,0.4437040441176471,0.44378162273188687
2023_10_HOU_CIN,2023,10,2023-11-12T13:00-05:00,CIN,HOU,-3.0,4.648031769091219,4.627993278303284,4.648031769091219,0.0,-0.06250256327235443,0.41511249133200356
2023_10_NO_MIN,2023,10,2023-11-12T13:00-05:00,MIN,NO,8.0,-0.8854139205110432,-0.8131462548903259,-0.8854139205110432,0.0,-0.10947127144258295,-0.30000000000000004
2023_10_SF_JAX,2023,10,2023-11-12T13:00-05:00,JAX,SF,-31.0,-0.9452524755488956,-0.9034897977979468,-0.9452524755488956,0.0,-0.012067625340069998,-0.35636778451433637
2023_10_TEN_TB,2023,10,2023-11-12T13:00-05:00,TB,TEN,14.0,5.059619919224041,5.327899723640551,5.059619919224041,0.0,-0.4537337662337663,-0.9444601051122792
2023_10_ATL_ARI,2023,10,2023-11-12T16:05-05:00,ARI,ATL,2.0,1.1243609452797134,1.361304944150489,1.1243609452797134,0.0,-0.6905993294397121,0.20200443190975023
2023_10_DET_LAC,2023,10,2023-11-12T16:05-05:00,LAC,DET,-3.0,1.7355264796229957,1.7504114059693938,1.7355264796229957,0.0,0.042857142857142864,-0.2955882352941177
2023_10_NYG_DAL,2023,10,2023-11-12T16:25-05:00,DAL,NYG,32.0,13.643546842999992,13.629263733010273,13.643546842999992,0.0,0.014823529411764708,0.08364485823077564
2023_10_WAS_SEA,2023,10,2023-11-12T16:25-05:00,SEA,WAS,3.0,3.0631030538534008,2.9372585759126224,3.0631030538534008,0.0,0.28105459575134406,0.1991750361888714
2023_10_NYJ_LV,2023,10,2023-11-12T20:20-05:00,LV,NYJ,4.0,3.106134561755745,3.3008149836481353,3.106134561755745,0.0,-0.36964285714285716,-0.5409957061704481
2023_10_DEN_BUF,2023,10,2023-11-13T20:15-05:00,BUF,DEN,-2.0,10.184654005267285,10.251190905529562,10.184654005267285,0.0,-0.0941351045788581,-0.30000000000000004
2023_11_CIN_BAL,2023,11,2023-11-16T20:15-05:00,BAL,CIN,14.0,2.680654522378113,2.9052139079561847,2.680654522378113,0.0,-0.48769005847953223,-0.40484650752973744
2023_11_ARI_HOU,2023,11,2023-11-19T13:00-05:00,HOU,ARI,5.0,6.935904125672481,6.846871280876016,6.935904125672481,0.0,0.27403846153846156,-0.1278878312966344
2023_11_CHI_DET,2023,11,2023-11-19T13:00-05:00,DET,CHI,5.0,8.708778197373098,8.57093832443909,8.708778197373098,0.0,0.22918800682885193,0.4993271221532092
2023_11_DAL_CAR,2023,11,2023-11-19T13:00-05:00,CAR,DAL,-23.0,-9.253342538014904,-9.26688483201038,-9.253342538014904,0.0,0.1575230962089249,-0.43353825136612034
2023_11_LAC_GB,2023,11,2023-11-19T13:00-05:00,GB,LAC,3.0,-2.8966261673720926,-2.865561259154269,-2.8966261673720926,0.0,0.01513373215353117,-0.35126656839892134
2023_11_LV_MIA,2023,11,2023-11-19T13:00-05:00,MIA,LV,7.0,8.123620184233749,8.127889142565353,8.123620184233749,0.0,-0.06574779165397493,0.19418604651162785
2023_11_NYG_WAS,2023,11,2023-11-19T13:00-05:00,WAS,NYG,-12.0,10.057490940704007,10.068845198331129,10.057490940704007,0.0,0.07610644257703075,-0.38066712916009326
2023_11_PIT_CLE,2023,11,2023-11-19T13:00-05:00,CLE,PIT,3.0,1.3613538629529307,1.523073293303879,1.3613538629529307,0.0,-0.38068156979571777,-0.18622919084886624
2023_11_TEN_JAX,2023,11,2023-11-19T13:00-05:00,JAX,TEN,20.0,6.8053803895120755,6.911774643130038,6.8053803895120755,0.0,-0.2359100600891646,-0.1744871794871795
2023_11_TB_SF,2023,11,2023-11-19T16:05-05:00,SF,TB,13.0,8.767604753669046,8.767604753669046,8.767604753669046,0.0,,
2023_11_NYJ_BUF,2023,11,2023-11-19T16:25-05:00,BUF,NYJ,26.0,12.32066619697985,12.261253521929138,12.32066619697985,0.0,0.19287393705116074,-0.12110446247464507
2023_11_SEA_LA,2023,11,2023-11-19T16:25-05:00,LAR,SEA,1.0,-0.18335657570439712,-0.18076090174854598,-0.18335657570439712,0.0,-0.05475734355044701,0.1709061602138468
2023_11_MIN_DEN,2023,11,2023-11-19T20:20-05:00,DEN,MIN,1.0,0.6905191393517941,0.7134621228451666,0.6905191393517941,0.0,-0.0613979811069808,0.0
2023_11_PHI_KC,2023,11,2023-11-20T20:15-05:00,KC,PHI,-4.0,3.866735217992807,3.866735217992807,3.866735217992807,0.0,0.0,0.0
2023_12_GB_DET,2023,12,2023-11-23T12:30-05:00,DET,GB,-7.0,6.548619574652545,6.4464432567004115,6.548619574652545,0.0,0.25220588235294117,0.07588675213675211
2023_12_WAS_DAL,2023,12,2023-11-23T16:30-05:00,DAL,WAS,35.0,11.414238450447662,11.561285286430483,11.414238450447662,0.0,-0.36959878100042043,-0.08548677771503863
2023_12_SF_SEA,2023,12,2023-11-23T20:20-05:00,SEA,SF,-18.0,-7.577696225449888,-7.582348655179224,-7.577696225449888,0.0,0.0,0.044505494505494514
2023_12_MIA_NYJ,2023,12,2023-11-24T15:00-05:00,NYJ,MIA,-21.0,-8.31415760461646,-8.824631338312848,-8.31415760461646,0.0,1.3660846099703732,0.0
2023_12_CAR_TEN,2023,12,2023-11-26T13:00-05:00,TEN,CAR,7.0,3.857764756017214,3.704058507322204,3.857764756017214,0.0,0.29552238805970155,0.41398601398601403
2023_12_JAX_HOU,2023,12,2023-11-26T13:00-05:00,HOU,JAX,-3.0,0.1634410782256266,0.1634410782256266,0.1634410782256266,0.0,,
2023_12_NE_NYG,2023,12,2023-11-26T13:00-05:00,NYG,NE,3.0,-3.544927585493498,-3.4703520396954204,-3.544927585493498,0.0,-0.4015721120984278,0.7220715005127072
2023_12_NO_ATL,2023,12,2023-11-26T13:00-05:00,ATL,NO,9.0,-2.738508277034419,-2.649300038926403,-2.738508277034419,0.0,-0.1851387738193869,-0.19157239819004526
2023_12_PIT_CIN,2023,12,2023-11-26T13:00-05:00,CIN,PIT,-6.0,0.8775289864974629,0.7443116011936695,0.8775289864974629,0.0,0.2952217593727028,0.21906263051520936
2023_12_TB_IND,2023,12,2023-11-26T13:00-05:00,IND,TB,7.0,-0.4589934398569452,-0.6608304534361413,-0.4589934398569452,0.0,0.323664984559765,0.773809523809524
2023_12_CLE_DEN,2023,12,2023-11-26T16:05-05:00,DEN,CLE,17.0,2.318878615006363,2.1718577941275576,2.318878615006363,0.0,0.2551538461538462,0.4943348134913208
2023_12_LA_ARI,2023,12,2023-11-26T16:05-05:00,ARI,LAR,-23.0,-0.4358967404331948,-0.236131848837015,-0.4358967404331948,0.0,-0.4767517719546391,-0.2067606971105307
2023_12_BUF_PHI,2023,12,2023-11-26T16:25-05:00,PHI,BUF,3.0,-1.8660961785423655,-1.6986341354352543,-1.8660961785423655,0.0,-0.44814709306646194,0.0
2023_12_KC_LV,2023,12,2023-11-26T16:25-05:00,LV,KC,-14.0,-9.406952107389728,-9.153974347077991,-9.406952107389728,0.0,-0.30000000000000004,-1.3476190476190477
2023_12_BAL_LAC,2023,12,2023-11-26T20:20-05:00,LAC,BAL,-10.0,-0.40814725385685136,-0.540604484933235,-0.40814725385685136,0.0,0.42397776453874164,-0.24846256684491982
2023_12_CHI_MIN,2023,12,2023-11-27T20:15-05:00,MIN,CHI,-2.0,3.6346424909669413,3.6090222456163548,3.6346424909669413,0.0,0.08030303030303032,-0.0419674355495251
2023_13_SEA_DAL,2023,13,2023-11-30T20:15-05:00,DAL,SEA,6.0,11.130879439098647,11.27888830968949,11.130879439098647,0.0,-0.4562957875457877,0.2152189870320529
2023_13_ARI_PIT,2023,13,2023-12-03T13:00-05:00,PIT,ARI,-14.0,6.178709516724767,6.08204047981031,6.178709516724767,0.0,0.22245772871783043,0.12954196411344782
2023_13_ATL_NYJ,2023,13,2023-12-03T13:00-05:00,NYJ,ATL,-5.0,-3.648733430232468,-3.573478723388809,-3.648733430232468,0.0,-0.2793426059836946,0.27865082956259424
2023_13_DEN_HOU,2023,13,2023-12-03T13:00-05:00,HOU,DEN,5.0,0.8954044421020408,1.1762944686511707,0.8954044421020408,0.0,-0.646894499178982,-0.3746146541482191
2023_13_DET_NO,2023,13,2023-12-03T13:00-05:00,NO,DET,-5.0,-0.5707394436522613,-0.45264813992952707,-0.5707394436522613,0.0,-0.2472564935064936,-0.24582288250048237
2023_13_IND_TEN,2023,13,2023-12-03T13:00-05:00,TEN,IND,-3.0,-0.9531292961389358,-0.9379816658019472,-0.9531292961389358,0.0,-0.07412895927601804,0.1200793184488837
2023_13_LAC_NE,2023,13,2023-12-03T13:00-05:00,NE,LAC,-6.0,-4.197404474452066,-4.283721236303011,-4.197404474452066,0.0,0.16148582559681707,0.24846256684491982
2023_13_MIA_WAS,2023,13,2023-12-03T13:00-05:00,WAS,MIA,-30.0,-7.257667324231406,-7.471271803858549,-7.257667324231406,0.0,0.5473232323232323,0.08688524590163933
2023_13_CAR_TB,2023,13,2023-12-03T16:05-05:00,TB,CAR,3.0,8.30692265452145,8.224214244917306,8.30692265452145,0.0,0.03932322750059683,0.6506293909202598
2023_13_CLE_LA,2023,13,2023-12-03T16:25-05:00,LAR,CLE,17.0,2.63903547177402,2.5635531073455398,2.63903547177402,0.0,0.28199121882683525,-0.28594081844081853
2023_13_SF_PHI,2023,13,2023-12-03T16:25-05:00,PHI,SF,-23.0,-2.945035637988984,-3.0302120520552913,-2.945035637988984,0.0,0.2073235232509427,0.07370166498286485
2023_13_KC_GB,2023,13,2023-12-03T20:20-05:00,GB,KC,8.0,-5.771004730701744,-5.54573191997005,-5.771004730701744,0.0,-0.3330007002801121,-0.9646265157256537
2023_13_CIN_JAX,2023,13,2023-12-04T20:15-05:00,JAX,CIN,-3.0,5.772322787645416,5.913569656399572,5.772322787645416,0.0,-0.3143717568569311,-0.2274193548387097
2023_14_NE_PIT,2023,14,2023-12-07T20:15-05:00,PIT,NE,-3.0,4.794073459756307,4.9752943399701195,4.794073459756307,0.0,-0.3940885275309736,-0.32485678509527793
2023_14_CAR_NO,2023,14,2023-12-10T13:00-05:00,NO,CAR,22.0,7.05873634224848,7.00150628977781,7.05873634224848,0.0,0.15816700370445747,-0.01791957426093005
2023_14_DET_CHI,2023,14,2023-12-10T13:00-05:00,CHI,DET,15.0,-2.5192025150356483,-2.421888506247926,-2.5192025150356483,0.0,-0.2070702396195354,-0.19071620583717364
2023_14_HOU_NYJ,2023,14,2023-12-10T13:00-05:00,NYJ,HOU,24.0,-5.739392081516185,-5.94849924234803,-5.739392081516185,0.0,0.49837423935091285,0.21883749460742025
2023_14_IND_CIN,2023,14,2023-12-10T13:00-05:00,CIN,IND,20.0,2.8752932986675006,2.9658438910374145,2.8752932986675006,0.0,-0.2482596002694813,0.021219367588932808
2023_14_JAX_CLE,2023,14,2023-12-10T13:00-05:00,CLE,JAX,4.0,-0.6036456876513022,-0.5599558773763558,-0.6036456876513022,0.0,-0.01208935197325045,-0.3747252155172415
2023_14_LA_BAL,2023,14,2023-12-10T13:00-05:00,BAL,LAR,6.0,6.080937365588158,6.039041480388053,6.080937365588158,0.0,-0.10227272727272729,0.76636511375948
2023_14_TB_ATL,2023,14,2023-12-10T13:00-05:00,ATL,TB,-4.0,-0.27621952646959413,-0.1555442751081857,-0.27621952646959413,0.0,-0.16651796941085023,-0.5591504842189774
2023_14_MIN_LV,2023,14,2023-12-10T16:05-05:00,LV,MIN,-3.0,-0.7632508187837126,-0.7371575018449845,-0.7632508187837126,0.0,0.0,-0.24961064243997408
2023_14_SEA_SF,2023,14,2023-12-10T16:05-05:00,SF,SEA,12.0,14.984025985223962,14.907358399779291,14.984025985223962,0.0,0.06950628583223306,0.48494951355515004
2023_14_BUF_KC,2023,14,2023-12-10T16:25-05:00,KC,BUF,-3.0,-0.2503162831402218,-0.3146242934739413,-0.2503162831402218,0.0,0.2000704225352113,-0.09999999999999998
2023_14_DEN_LAC,2023,14,2023-12-10T16:25-05:00,LAC,DEN,-17.0,3.320805418124906,3.4164517654975106,3.320805418124906,0.0,-0.18325760855244583,-0.25988428492239474
2023_14_PHI_DAL,2023,14,2023-12-10T20:20-05:00,DAL,PHI,20.0,6.073219668132406,6.38613723869144,6.073219668132406,0.0,-0.783806403397616,-0.19158483509754173
2023_14_GB_NYG,2023,14,2023-12-11T20:15-05:00,NYG,GB,2.0,-6.867095199031432,-6.806853987522203,-6.867095199031432,0.0,-0.10369083530848247,-0.20561688053841265
2023_14_TEN_MIA,2023,14,2023-12-11T20:15-05:00,MIA,TEN,-1.0,11.542435649850251,11.524494186434254,11.542435649850251,0.0,0.009329950559458733,0.13827838827838831
2023_15_LAC_LV,2023,15,2023-12-14T20:15-05:00,LV,LAC,42.0,0.24975056454027833,0.4115232178220397,0.24975056454027833,0.0,-0.2947632058287797,-0.49386363636363645
2023_15_MIN_CIN,2023,15,2023-12-16T13:00-05:00,CIN,MIN,3.0,3.213547671192077,3.1775430097440736,3.213547671192077,0.0,0.09635248719881276,0.0
2023_15_PIT_IND,2023,15,2023-12-16T16:30-05:00,IND,PIT,17.0,1.6530907692614534,1.564739026570944,1.6530907692614534,0.0,0.30000000000000004,-0.2272058823529412
2023_15_DEN_DET,2023,15,2023-12-16T20:15-05:00,DET,DEN,25.0,1.162149249478449,1.4174684426008695,1.162149249478449,0.0,-0.766200392048972,0.29647083669339686
2023_15_ATL_CAR,2023,15,2023-12-17T13:00-05:00,CAR,ATL,2.0,-3.263875033080502,-3.3201786756682052,-3.263875033080502,0.0,0.3328828828828829,-0.6513241683186302
2023_15_CHI_CLE,2023,15,2023-12-17T13:00-05:00,CLE,CHI,3.0,0.5766279402065204,0.4478627837693343,0.5766279402065204,0.0,0.3719642857142858,-0.0978529260722551
2023_15_HOU_TEN,2023,15,2023-12-17T13:00-05:00,TEN,HOU,-3.0,3.5735136626765787,3.765874199043168,3.5735136626765787,0.0,-0.40734953226573656,-0.384016554765312
2023_15_KC_NE,2023,15,2023-12-17T13:00-05:00,NE,KC,-10.0,-8.989271217497244,-8.70904871366082,-8.989271217497244,0.0,-0.609303060455541,-0.5026041064198961
2023_15_NYG_NO,2023,15,2023-12-17T13:00-05:00,NO,NYG,18.0,7.772525940985975,7.559958720296759,7.772525940985975,0.0,0.48694483376130737,0.29279244514182845
2023_15_NYJ_MIA,2023,15,2023-12-17T13:00-05:00,MIA,NYJ,30.0,11.650293371097646,11.921383010133162,11.650293371097646,0.0,-0.7304412209529911,0.017784190296322944
2023_15_TB_GB,2023,15,2023-12-17T13:00-05:00,GB,TB,-14.0,2.8545166628651377,2.9334900719022072,2.8545166628651377,0.0,-0.20434538398692798,-0.025008959484147608
2023_15_SF_ARI,2023,15,2023-12-17T16:05-05:00,ARI,SF,-16.0,-11.656321892677276,-11.617573464265515,-11.656321892677276,0.0,-0.30865186472922623,0.7326420460956142
2023_15_WAS_LA,2023,15,2023-12-17T16:05-05:00,LAR,WAS,8.0,8.837131564980359,8.86484367650705,8.837131564980359,0.0,0.0,-0.26509615384615387
2023_15_DAL_BUF,2023,15,2023-12-17T16:25-05:00,BUF,DAL,21.0,0.8706800768813888,0.5796062025874857,0.8706800768813888,0.0,0.6812283078971142,0.3493038686665448
2023_15_BAL_JAX,2023,15,2023-12-17T20:20-05:00,JAX,BAL,-16.0,-2.467875274023178,-2.235990612674187,-2.467875274023178,0.0,-0.6710500098399147,0.18052109181141443
2023_15_PHI_SEA,2023,15,2023-12-18T20:15-05:00,SEA,PHI,3.0,-3.501160236429231,-3.4829322195119263,-3.501160236429231,0.0,-0.11352907961603614,0.23145247800901098
2023_16_NO_LA,2023,16,2023-12-21T20:15-05:00,LAR,NO,8.0,1.725626088884666,1.7687445178506098,1.725626088884666,0.0,-0.12554758674161662,0.03631048387096773
2023_16_CIN_PIT,2023,16,2023-12-23T16:30-05:00,PIT,CIN,23.0,-5.222108662651611,-5.10812405935495,-5.222108662651611,0.0,-0.30000000000000004,-0.018000000000000002
2023_16_BUF_LAC,2023,16,2023-12-23T20:00-05:00,LAC,BUF,-2.0,-13.227686271430045,-13.18216236663429,-13.227686271430045,0.0,0.005606096689687999,-0.45552476766380384
2023_16_CLE_HOU,2023,16,2023-12-24T13:00-05:00,HOU,CLE,-14.0,-0.6120615981161543,-0.7775955575711974,-0.6120615981161543,0.0,0.5239670687278853,-0.28947162658614234
2023_16_DET_MIN,2023,16,2023-12-24T13:00-05:00,MIN,DET,-6.0,-1.130041964509926,-0.9687446009713169,-1.130041964509926,0.0,-0.15235367372353675,-0.9983766233766236
2023_16_GB_CAR,2023,16,2023-12-24T13:00-05:00,CAR,GB,-3.0,-5.114988665635107,-5.27825260880944,-5.114988665635107,0.0,0.22437721417204848,0.7597324450197561
2023_16_IND_ATL,2023,16,2023-12-24T13:00-05:00,ATL,IND,19.0,-0.9875093111674176,-0.9400029900247784,-0.9875093111674176,0.0,-0.07909429280397022,-0.17171719457013584
2023_16_SEA_TEN,2023,16,2023-12-24T13:00-05:00,TEN,SEA,-3.0,-0.7899704115831474,-0.8506911389560317,-0.7899704115831474,0.0,-0.1479983833413765,1.10989672000908
2023_16_WAS_NYJ,2023,16,2023-12-24T13:00-05:00,NYJ,WAS,2.0,-1.2963601038400898,-1.3365516527782288,-1.2963601038400898,0.0,-0.011029411764705885,0.4239013268743751
2023_16_JAX_TB,2023,16,2023-12-24T16:05-05:00,TB,JAX,18.0,2.2775584446834856,2.043231920853448,2.2775584446834856,0.0,0.5849217348331024,0.15071361195145994
2023_16_ARI_CHI,2023,16,2023-12-24T16:25-05:00,CHI,ARI,11.0,4.7226083634671046,4.751396348529669,4.7226083634671046,0.0,-0.14221982793047636,0.2329934832877865
2023_16_DAL_MIA,2023,16,2023-12-24T16:25-05:00,MIA,DAL,2.0,0.6477939951024027,0.7518425638039153,0.6477939951024027,0.0,-0.36356309592565095,0.304262630537936
2023_16_NE_DEN,2023,16,2023-12-24T20:15-05:00,DEN,NE,-3.0,6.250388467183013,6.129656927030087,6.250388467183013,0.0,0.0,1.1549270401729421
2023_16_LV_KC,2023,16,2023-12-25T13:00-05:00,KC,LV,-6.0,9.331242927871807,9.097467631830312,9.331242927871807,0.0,0.5,0.44900326797385626
2023_16_NYG_PHI,2023,16,2023-12-25T16:30-05:00,PHI,NYG,8.0,11.114771693659883,11.112598375330018,11.114771693659883,0.0,-0.09706851119894597,0.3677729528535981
2023_16_BAL_SF,2023,16,2023-12-25T20:15-05:00,SF,BAL,-14.0,6.283153121406262,6.328064985384362,6.283153121406262,0.0,0.0043703024515867606,-0.4452524468846981
2023_17_NYJ_CLE,2023,17,2023-12-28T20:15-05:00,CLE,NYJ,17.0,9.053655645796365,9.082992220717603,9.053655645796365,0.0,0.0034945643722521513,-0.29312762540153203
2023_17_DET_DAL,2023,17,2023-12-30T20:15-05:00,DAL,DET,1.0,4.673046352817972,4.8091799101267965,4.673046352817972,0.0,-0.37959428782599514,0.054640587460280665
2023_17_ARI_PHI,2023,17,2023-12-31T13:00-05:00,PHI,ARI,-4.0,12.154743516397328,12.026474801389453,12.154743516397328,0.0,0.297887323943662,0.16219490186194632
2023_17_ATL_CHI,2023,17,2023-12-31T13:00-05:00,CHI,ATL,20.0,2.514662878504865,2.601992439667943,2.514662878504865,0.0,-0.28815768723245694,0.19465240641711234
2023_17_CAR_JAX,2023,17,2023-12-31T13:00-05:00,JAX,CAR,26.0,6.185121423186873,6.106767843678882,6.185121423186873,0.0,0.05398274816362292,0.5565685738857705
2023_17_LA_NYG,2023,17,2023-12-31T13:00-05:00,NYG,LAR,-1.0,-6.948243340226339,-7.053390184518806,-6.948243340226339,0.0,0.17370629370629373,0.3849090564894746
2023_17_LV_IND,2023,17,2023-12-31T13:00-05:00,IND,LV,3.0,0.5172312312963541,0.4096820268688729,0.5172312312963541,0.0,0.3090953206334368,-0.0760738068812431
2023_17_MIA_BAL,2023,17,2023-12-31T13:00-05:00,BAL,MIA,37.0,2.3074254982630458,2.0401442155801317,2.3074254982630458,0.0,0.4711809930621983,0.8725410035973417
2023_17_NE_BUF,2023,17,2023-12-31T13:00-05:00,BUF,NE,6.0,14.162046820071708,14.023464840443538,14.162046820071708,0.0,0.04549544144859696,1.1630568800210639
2023_17_NO_TB,2023,17,2023-12-31T13:00-05:00,TB,NO,-10.0,2.672928243886992,2.542027114631533,2.672928243886992,0.0,0.3407309605817069,0.0342271505376344
2023_17_SF_WAS,2023,17,2023-12-31T13:00-05:00,WAS,SF,-17.0,-11.546433210170237,-11.752788589069546,-11.546433210170237,0.0,0.541984774973105,0.036622744849846345
2023_17_TEN_HOU,2023,17,2023-12-31T13:00-05:00,HOU,TEN,23.0,4.105634143755245,4.139785412227666,4.105634143755245,0.0,0.08889058653764531,-0.6444434865408758
2023_17_PIT_SEA,2023,17,2023-12-31T16:05-05:00,SEA,PIT,-7.0,3.1345443021596298,3.3488905855744164,3.1345443021596298,0.0,-0.3129490348534558,-0.9317795690169897
2023_17_CIN_KC,2023,17,2023-12-31T16:25-05:00,KC,CIN,8.0,6.245594213006106,6.250804428953865,6.245594213006106,0.0,0.06998193826276328,-0.30000000000000004
2023_17_LAC_DEN,2023,17,2023-12-31T16:25-05:00,DEN,LAC,7.0,2.692822959705233,2.684429349289878,2.692822959705233,0.0,-0.1313760504201681,0.549913076662144
2023_17_GB_MIN,2023,17,2023-12-31T20:20-05:00,MIN,GB,-23.0,-0.46237407337861525,-0.5035053808448837,-0.46237407337861525,0.0,-0.0202306945505476,0.46578219698673595
2023_18_PIT_BAL,2023,18,2024-01-06T16:30-05:00,BAL,PIT,-7.0,8.566622128652629,8.44237426600375,8.566622128652629,0.0,0.2785539215686275,0.19284064798565614
2023_18_HOU_IND,2023,18,2024-01-06T20:15-05:00,IND,HOU,-4.0,-1.3904005387095597,-1.1272213119167795,-1.3904005387095597,0.0,-0.7205585229028363,0.058128923718610226
2023_18_ATL_NO,2023,18,2024-01-07T13:00-05:00,NO,ATL,31.0,6.381078454373385,6.480665004954594,6.381078454373385,0.0,-0.321572112363443,0.19684491701437123
2023_18_CLE_CIN,2023,18,2024-01-07T13:00-05:00,CIN,CLE,17.0,1.1527210525974572,0.9882760100425612,1.1527210525974572,0.0,0.3999608379378988,0.14338658867524703
2023_18_JAX_TEN,2023,18,2024-01-07T13:00-05:00,TEN,JAX,8.0,-3.2607873844726534,-3.4257937146734534,-3.2607873844726534,0.0,0.44157533160965656,0.0
2023_18_MIN_DET,2023,18,2024-01-07T13:00-05:00,DET,MIN,10.0,7.828312616199325,7.785843260523157,7.828312616199325,0.0,0.30000000000000004,-0.6661202651515152
2023_18_NYJ_NE,2023,18,2024-01-07T13:00-05:00,NE,NYJ,-14.0,5.5024259602760965,5.842212061685003,5.5024259602760965,0.0,-0.42617536618669316,-1.727005494505495
2023_18_TB_CAR,2023,18,2024-01-07T13:00-05:00,CAR,TB,-9.0,-4.762620841380056,-5.004891238807094,-4.762620841380056,0.0,0.65014400921659,-0.006439393939393967
2023_18_CHI_GB,2023,18,2024-01-07T16:25-05:00,GB,CHI,8.0,2.944308120504415,3.120575563059162,2.944308120504415,0.0,-0.4630491613788287,-0.030963918530894974
2023_18_DAL_WAS,2023,18,2024-01-07T16:25-05:00,WAS,DAL,-28.0,-10.068761252701387,-10.445545901037555,-10.068761252701387,0.0,0.6776454033771108,1.1820271269021314
2023_18_DEN_LV,2023,18,2024-01-07T16:25-05:00,LV,DEN,13.0,2.813151843673032,2.8927929217431494,2.813151843673032,0.0,-0.16333806818181817,-0.17798141186299082
2023_18_KC_LAC,2023,18,2024-01-07T16:25-05:00,LAC,KC,-1.0,-2.0274380125485516,-2.0994513609932035,-2.0274380125485516,0.0,0.13964695752009187,0.18970063887753952
2023_18_LA_SF,2023,18,2024-01-07T16:25-05:00,SF,LAR,-1.0,6.326610161718002,6.6266098421653306,6.326610161718002,0.0,-0.7326064213564215,-0.25103168754605754
2023_18_PHI_NYG,2023,18,2024-01-07T16:25-05:00,NYG,PHI,17.0,-7.860380754495361,-7.849842336456938,-7.860380754495361,0.0,-0.0278289810547875,-0.001333333333333333
2023_18_SEA_ARI,2023,18,2024-01-07T16:25-05:00,ARI,SEA,-1.0,-0.20580025110313427,-0.07787999240318899,-0.20580025110313427,0.0,-0.2648943054357205,-0.2767989728486201
2023_18_BUF_MIA,2023,18,2024-01-07T20:20-05:00,MIA,BUF,-7.0,-2.0976647681074825,-2.218444510084069,-2.0976647681074825,0.0,0.48347826086956525,-0.5728618421052631
2024_01_BAL_KC,2024,1,2024-09-05T20:20-04:00,KC,BAL,7.0,-0.03522350707756433,-0.03522350707756433,-0.03522350707756433,0.0,0.0,0.0
2024_01_GB_PHI,2024,1,2024-09-06T20:15-04:00,PHI,GB,5.0,-0.7937157724875354,-0.8584325526470871,-0.7937157724875354,0.0,0.2927540106951872,0.0
2024_01_ARI_BUF,2024,1,2024-09-08T13:00-04:00,BUF,ARI,6.0,8.947241532021245,8.947241532021245,8.947241532021245,0.0,,
2024_01_CAR_NO,2024,1,2024-09-08T13:00-04:00,NO,CAR,37.0,10.296177917687963,10.31431110650972,10.296177917687963,0.0,-0.0075000000000000015,-0.15787863335033148
2024_01_HOU_IND,2024,1,2024-09-08T13:00-04:00,IND,HOU,-2.0,-0.7863431311507394,-0.7863431311507394,-0.7863431311507394,0.0,0.0,0.0
2024_01_JAX_MIA,2024,1,2024-09-08T13:00-04:00,MIA,JAX,3.0,4.9103434963856145,5.024990567864361,4.9103434963856145,0.0,-0.28913043478260875,-0.48614771150120717
2024_01_MIN_NYG,2024,1,2024-09-08T13:00-04:00,NYG,MIN,-22.0,1.7354587530340995,1.6967815127554644,1.7354587530340995,0.0,-0.0029642545771578024,0.37691537155543964
2024_01_NE_CIN,2024,1,2024-09-08T13:00-04:00,CIN,NE,-6.0,4.9413352673193645,4.867416137796765,4.9413352673193645,0.0,0.14192814961410063,0.4076923076923078
2024_01_PIT_ATL,2024,1,2024-09-08T13:00-04:00,ATL,PIT,-8.0,-0.2653153284256823,-0.20015327460131138,-0.2653153284256823,0.0,-0.09830508474576269,-0.41618577741881185
2024_01_TEN_CHI,2024,1,2024-09-08T13:00-04:00,CHI,TEN,7.0,2.352533975033288,2.3867581636218946,2.352533975033288,0.0,-0.04415158371040723,-0.23443294888547606
2024_01_DEN_SEA,2024,1,2024-09-08T16:05-04:00,SEA,DEN,6.0,5.401371952957767,5.454037861903792,5.401371952957767,0.0,-0.23824046920821118,0.0
2024_01_LV_LAC,2024,1,2024-09-08T16:05-04:00,LAC,LV,12.0,0.5615905809177689,0.5928966993904029,0.5615905809177689,0.0,0.0,-0.30000000000000004
2024_01_DAL_CLE,2024,1,2024-09-08T16:25-04:00,CLE,DAL,-16.0,-3.7246021706742862,-3.71793384059638,-3.7246021706742862,0.0,0.0,-0.06390121551225157
2024_01_WAS_TB,2024,1,2024-09-08T16:25-04:00,TB,WAS,17.0,8.811802143778706,8.876960267583373,8.811802143778706,0.0,-0.2475448374641923,-0.09999999999999998
2024_01_LA_DET,2024,1,2024-09-08T20:20-04:00,DET,LAR,6.0,2.589322895066235,2.562393835750423,2.589322895066235,0.0,0.0,0.2580555555555556
2024_01_NYJ_SF,2024,1,2024-09-09T20:15-04:00,SF,NYJ,13.0,8.380824320658217,8.444774392359268,8.380824320658217,0.0,-0.2892857142857143,0.0
2024_02_BUF_MIA,2024,2,2024-09-12T20:15-04:00,MIA,BUF,-21.0,-0.6409162286911891,-0.5964820565521525,-0.6409162286911891,0.0,-0.16124593716143015,-0.08422149122807016
2024_02_CLE_JAX,2024,2,2024-09-15T13:00-04:00,JAX,CLE,-5.0,2.107504099129623,2.0811474691645864,2.107504099129623,0.0,0.09634146341463412,0.04848121627231211
2024_02_IND_GB,2024,2,2024-09-15T13:00-04:00,GB,IND,6.0,2.907947433172112,2.907947433172112,2.907947433172112,0.0,,
2024_02_LAC_CAR,2024,2,2024-09-15T13:00-04:00,CAR,LAC,-23.0,-6.877252225921935,-6.7632063066317105,-6.877252225921935,0.0,-0.6299460054852635,0.24159356870310228
2024_02_LV_BAL,2024,2,2024-09-15T13:00-04:00,BAL,LV,-3.0,7.976427903297648,7.991034498078241,7.976427903297648,0.0,0.0,-0.13997194950911643
2024_02_NO_DAL,2024,2,2024-09-15T13:00-04:00,DAL,NO,-25.0,3.9252304012481614,3.7903580651397286,3.9252304012481614,0.0,0.46767299864314793,0.30173927965759506
2024_02_NYG_WAS,2024,2,2024-09-15T13:00-04:00,WAS,NYG,3.0,0.5802714109532814,0.5802714109532814,0.5802714109532814,0.0,,
2024_02_NYJ_TEN,2024,2,2024-09-15T13:00-04:00,TEN,NYJ,-7.0,-1.050957099540624,-1.0477777631867453,-1.050957099540624,0.0,0.0,-0.03046691677849972
2024_02_SEA_NE,2024,2,2024-09-15T13:00-04:00,NE,SEA,-3.0,1.029028006592176,1.144026903377652,1.029028006592176,0.0,-0.5161741995443936,-0.008551761012100867
2024_02_SF_MIN,2024,2,2024-09-15T13:00-04:00,MIN,SF,6.0,-5.161259979031221,-4.968730985214412,-5.161259979031221,0.0,-0.6000000000000001,-0.573930697785187
2024_02_TB_DET,2024,2,2024-09-15T13:00-04:00,DET,TB,-4.0,3.3242462640629467,3.37954397252901,3.3242462640629467,0.0,-0.4183399591008288,0.35630111414009713
2024_02_LA_ARI,2024,2,2024-09-15T16:05-04:00,ARI,LAR,31.0,-1.2653791141790984,-1.429013364065396,-1.2653791141790984,0.0,0.3805970149253732,0.7618196584925985
2024_02_CIN_KC,2024,2,2024-09-15T16:25-04:00,KC,CIN,1.0,4.625310442145626,4.5389716750478755,4.625310442145626,0.0,0.34807854729729726,0.08999999999999998
2024_02_PIT_DEN,2024,2,2024-09-15T16:25-04:00,DEN,PIT,-7.0,-3.8878865664648963,-3.8878865664648963,-3.8878865664648963,0.0,0.0,0.0
2024_02_CHI_HOU,2024,2,2024-09-15T20:20-04:00,HOU,CHI,6.0,4.076189190624902,4.001987405757628,4.076189190624902,0.0,0.2303571428571429,0.2230737704918033
2024_02_ATL_PHI,2024,2,2024-09-16T20:15-04:00,PHI,ATL,-1.0,5.116894042222845,5.125620172864314,5.116894042222845,0.0,-0.03947368421052632,0.0
2024_03_NE_NYJ,2024,3,2024-09-19T20:15-04:00,NYJ,NE,21.0,2.0390935161395225,1.8972950296754014,2.0390935161395225,0.0,0.45000000000000007,0.40554945054945063
2024_03_CHI_IND,2024,3,2024-09-22T13:00-04:00,IND,CHI,5.0,1.0379667163244237,1.1976791382981382,1.0379667163244237,0.0,-0.6663690476190478,-0.1188607594936709
2024_03_DEN_TB,2024,3,2024-09-22T13:00-04:00,TB,DEN,-19.0,7.749294765672576,7.785153910507391,7.749294765672576,0.0,-0.0806547619047619,-0.17277239709443099
2024_03_GB_TEN,2024,3,2024-09-22T13:00-04:00,TEN,GB,-16.0,-3.5611948203981485,-3.677448278762992,-3.5611948203981485,0.0,0.4893452591050537,0.07740814299900695
2024_03_HOU_MIN,2024,3,2024-09-22T13:00-04:00,MIN,HOU,27.0,0.07627301115103613,0.009005748019125901,0.07627301115103613,0.0,0.30000000000000004,0.009090909090909092
2024_03_LAC_PIT,2024,3,2024-09-22T13:00-04:00,PIT,LAC,10.0,3.3339995559589055,3.1910989542951023,3.3339995559589055,0.0,0.30000000000000004,0.7338694082013049
2024_03_NYG_CLE,2024,3,2024-09-22T13:00-04:00,CLE,NYG,-6.0,4.480549640470606,4.460779782853018,4.480549640470606,0.0,-0.09868421052631578,0.39850214191464756
2024_03_PHI_NO,2024,3,2024-09-22T13:00-04:00,NO,PHI,-3.0,6.698846619100727,6.733814520962733,6.698846619100727,0.0,-0.17589215132693392,0.037518206423849454
2024_03_CAR_LV,2024,3,2024-09-22T16:05-04:00,LV,CAR,-14.0,6.9712686066554355,7.000592715705938,6.9712686066554355,0.0,0.07154882154882153,-0.4325751815570082
2024_03_MIA_SEA,2024,3,2024-09-22T16:05-04:00,SEA,MIA,21.0,3.346815482294188,3.418830614597749,3.346815482294188,0.0,-0.1520192452258557,-0.3680698157396167
2024_03_BAL_DAL,2024,3,2024-09-22T16:25-04:00,DAL,BAL,-3.0,2.4190171449532487,2.4124530651019294,2.4190171449532487,0.0,-0.03568064182194617,0.1384877501725328
2024_03_DET_ARI,2024,3,2024-09-22T16:25-04:00,ARI,DET,-7.0,-0.9700947524233421,-1.0056674936633216,-0.9700947524233421,0.0,0.10830210772833729,0.11145996860282575
2024_03_SF_LA,2024,3,2024-09-22T16:25-04:00,LAR,SF,3.0,-3.9194392258146737,-3.905554443185792,-3.9194392258146737,0.0,0.0,-0.1330549742953837
2024_03_KC_ATL,2024,3,2024-09-22T20:20-04:00,ATL,KC,-5.0,-3.216727440270135,-3.152345009235658,-3.216727440270135,0.0,-0.09999999999999998,-0.4051243220686526
2024_03_JAX_BUF,2024,3,2024-09-23T19:30-04:00,BUF,JAX,37.0,10.267043839552027,10.234964854706625,10.267043839552027,0.0,0.07922187211318224,0.13958333333333336
2024_03_WAS_CIN,2024,3,2024-09-23T20:15-04:00,CIN,WAS,-5.0,6.566013352623537,6.566013352623537,6.566013352623537,0.0,,
2024_04_DAL_NYG,2024,4,2024-09-26T20:15-04:00,NYG,DAL,-5.0,-5.04846603349869,-4.975845116057384,-5.04846603349869,0.0,-0.2393345771144279,-0.1889069338621577
2024_04_CIN_CAR,2024,4,2024-09-29T13:00-04:00,CAR,CIN,-10.0,-4.834246399077015,-4.701211955403233,-4.834246399077015,0.0,-0.516720109940449,-0.1802261914237663
2024_04_DEN_NYJ,2024,4,2024-09-29T13:00-04:00,NYJ,DEN,-1.0,5.831633711692957,5.831633711692957,5.831633711692957,0.0,0.0,0.0
2024_04_JAX_HOU,2024,4,2024-09-29T13:00-04:00,HOU,JAX,4.0,3.845456027163175,3.7806591190886767,3.845456027163175,0.0,0.26826999734254586,0.052634557344064414
2024_04_LA_CHI,2024,4,2024-09-29T13:00-04:00,CHI,LAR,6.0,-0.8954641577661189,-0.910793708353923,-0.8954641577661189,0.0,0.17179779477995483,-0.2170349811478844
2024_04_MIN_GB,2024,4,2024-09-29T13:00-04:00,GB,MIN,-2.0,1.0996457481455701,1.1108891211332552,1.0996457481455701,0.0,-0.29552238805970155,0.5182890065756827
2024_04_NO_ATL,2024,4,2024-09-29T13:00-04:00,ATL,NO,2.0,-4.654346327513288,-4.662849553590411,-4.654346327513288,0.0,0.23209721122540505,-0.410187952454303
2024_04_PHI_TB,2024,4,2024-09-29T13:00-04:00,TB,PHI,17.0,-0.2583494433443291,-0.02795208605186217,-0.2583494433443291,0.0,-0.7661869517543859,-0.5847664150405925
2024_04_PIT_IND,2024,4,2024-09-29T13:00-04:00,IND,PIT,3.0,-2.950819258118436,-3.02893734196535,-2.950819258118436,0.0,0.44999999999999996,-0.20468655816757084
2024_04_NE_SF,2024,4,2024-09-29T16:05-04:00,SF,NE,17.0,9.27552229234052,9.308434714225747,9.27552229234052,0.0,-0.04537629623897238,-0.21926814258731503
2024_04_WAS_ARI,2024,4,2024-09-29T16:05-04:00,ARI,WAS,-28.0,2.6703526545591827,2.6817096700809784,2.6703526545591827,0.0,-0.05137480318607024,0.0
2024_04_CLE_LV,2024,4,2024-09-29T16:25-04:00,LV,CLE,4.0,0.7336063874696881,0.6759558490464939,0.7336063874696881,0.0,0.11976785696373579,0.2987379540400297
2024_04_KC_LAC,2024,4,2024-09-29T16:25-04:00,LAC,KC,-7.0,-3.5771202629728913,-3.4739293639513353,-3.5771202629728913,0.0,-0.32717391304347826,-0.295774647887324
2024_04_BUF_BAL,2024,4,2024-09-29T20:20-04:00,BAL,BUF,25.0,-2.37210532260696,-2.305786729731796,-2.37210532260696,0.0,-0.30000000000000004,0.0
2024_04_TEN_MIA,2024,4,2024-09-30T19:30-04:00,MIA,TEN,-19.0,6.640762901493499,6.640762901493499,6.640762901493499,0.0,,
2024_04_SEA_DET,2024,4,2024-09-30T20:15-04:00,DET,SEA,13.0,4.119905794721925,4.096445261729,4.119905794721925,0.0,0.11157330125687351,-0.01153846153846154
2024_05_TB_ATL,2024,5,2024-10-03T20:15-04:00,ATL,TB,6.0,-0.6445120270954795,-0.6870870714206373,-0.6445120270954795,0.0,0.1778950216450216,0.03113659022931206
2024_05_NYJ_MIN,2024,5,2024-10-06T09:30-04:00,MIN,NYJ,6.0,1.2228432425311453,1.2802834451866374,1.2228432425311453,0.0,0.0,-0.5504374747610715
2024_05_BAL_CIN,2024,5,2024-10-06T13:00-04:00,CIN,BAL,-3.0,-1.9678195476488893,-1.9678195476488893,-1.9678195476488893,0.0,,
2024_05_BUF_HOU,2024,5,2024-10-06T13:00-04:00,HOU,BUF,3.0,-5.113406989291709,-5.1128880004627835,-5.113406989291709,0.0,-0.05188928773852259,0.10494842732763354
2024_05_CAR_CHI,2024,5,2024-10-06T13:00-04:00,CHI,CAR,26.0,4.538654869188134,4.486150815061279,4.538654869188134,0.0,0.06634726759726756,0.36258595327990206
2024_05_CLE_WAS,2024,5,2024-10-06T13:00-04:00,WAS,CLE,21.0,4.759795796251589,4.805784816648797,4.759795796251589,0.0,-0.18038055105951523,-0.05858668785310738
2024_05_IND_JAX,2024,5,2024-10-06T13:00-04:00,JAX,IND,3.0,1.105381103944275,1.1291026049799726,1.105381103944275,0.0,0.12276911305176547,-0.4873911516744631
2024_05_MIA_NE,2024,5,2024-10-06T13:00-04:00,NE,MIA,-5.0,0.7645454244214689,0.9487004731397746,0.7645454244214689,0.0,-0.5914905359227953,-0.5117112997613849
2024_05_ARI_SF,2024,5,2024-10-06T16:05-04:00,SF,ARI,-1.0,9.181881223080119,9.165496949986508,9.181881223080119,0.0,0.30820178224109884,-0.4958847455117822
2024_05_LV_DEN,2024,5,2024-10-06T16:05-04:00,DEN,LV,16.0,1.6714664539093578,1.5632407889398965,1.6714664539093578,0.0,0.34795466774280337,0.30000000000000004
2024_05_GB_LA,2024,5,2024-10-06T16:25-04:00,LAR,GB,-5.0,-1.151520034471458,-1.192529002705205,-1.151520034471458,0.0,0.01577067669172938,0.3595719281864793
2024_05_NYG_SEA,2024,5,2024-10-06T16:25-04:00,SEA,NYG,-9.0,4.255361480679362,4.296538297783033,4.255361480679362,0.0,-0.05417293893803295,-0.2798293904265554
2024_05_DAL_PIT,2024,5,2024-10-06T20:20-04:00,PIT,DAL,-3.0,-1.7725082312673106,-1.8222350042606468,-1.7725082312673106,0.0,-0.0034722222222222376,0.4838768115942028
2024_05_NO_KC,2024,5,2024-10-07T20:15-04:00,KC,NO,13.0,1.2423750527726851,1.155804701096107,1.2423750527726851,0.0,0.3916112266112266,0.0
2024_06_SF_SEA,2024,6,2024-10-10T20:15-04:00,SEA,SF,-12.0,-3.5909093439286224,-3.529476965235411,-3.5909093439286224,0.0,0.06153923541247486,-0.7190578137883807
2024_06_JAX_CHI,2024,6,2024-10-13T09:30-04:00,CHI,JAX,19.0,2.0246106964564685,1.9292748707541618,2.0246106964564685,0.0,0.3051934827354934,0.2670642605633803
2024_06_ARI_GB,2024,6,2024-10-13T13:00-04:00,GB,ARI,21.0,4.7184304103568735,4.816781940885653,4.7184304103568735,0.0,-0.3567261151867781,-0.18679687687040622
2024_06_CLE_PHI,2024,6,2024-10-13T13:00-04:00,PHI,CLE,4.0,6.052651710678321,6.00239271178176,6.052651710678321,0.0,0.03938879456706281,0.39818063836716644
2024_06_HOU_NE,2024,6,2024-10-13T13:00-04:00,NE,HOU,-20.0,-4.239035149904622,-4.0798324904690695,-4.239035149904622,0.0,-0.3177034394593461,-0.8525858227187801
2024_06_IND_TEN,2024,6,2024-10-13T13:00-04:00,TEN,IND,-3.0,-2.077349462502857,-2.3656300902040313,-2.077349462502857,0.0,1.0457142857142858,0.5473015873015873
2024_06_TB_NO,2024,6,2024-10-13T13:00-04:00,NO,TB,-24.0,-0.019189034063975097,-0.2274998775734267,-0.019189034063975097,0.0,0.45822453092189946,1.025500717033225
2024_06_WAS_BAL,2024,6,2024-10-13T13:00-04:00,BAL,WAS,7.0,5.895252312841004,5.895252312841004,5.895252312841004,0.0,,
2024_06_LAC_DEN,2024,6,2024-10-13T16:05-04:00,DEN,LAC,-7.0,-0.7870186566772603,-0.8915431129662275,-0.7870186566772603,0.0,0.2869565217391305,0.39375000000000004
2024_06_PIT_LV,2024,6,2024-10-13T16:05-04:00,LV,PIT,-19.0,-3.472886092603984,-3.472886092603984,-3.472886092603984,0.0,,
2024_06_ATL_CAR,2024,6,2024-10-13T16:25-04:00,CAR,ATL,-18.0,-4.350460599240087,-4.36045927650278,-4.350460599240087,0.0,-0.08822510822510832,0.2827104938062702
2024_06_DET_DAL,2024,6,2024-10-13T16:25-04:00,DAL,DET,-38.0,2.402580153799007,2.403418710543809,2.402580153799007,0.0,0.0,-0.008035714285714287
2024_06_CIN_NYG,2024,6,2024-10-13T20:20-04:00,NYG,CIN,-10.0,-2.5011313899050642,-2.529177161060107,-2.5011313899050642,0.0,0.08554405392392876,0.08754103654965728
2024_06_BUF_NYJ,2024,6,2024-10-14T20:15-04:00,NYJ,BUF,-3.0,-5.238440145649898,-5.226131898130372,-5.238440145649898,0.0,-0.10449476986709258,0.10341339017712836
2024_07_DEN_NO,2024,7,2024-10-17T20:15-04:00,NO,DEN,-23.0,2.899836365044396,2.915897515770461,2.899836365044396,0.0,-0.09333921794720085,0.043818283563522936
2024_07_NE_JAX,2024,7,2024-10-20T09:30-04:00,JAX,NE,16.0,4.811961834587211,4.7744823410046635,4.811961834587211,0.0,0.15203125000000003,0.03709656637015307
2024_07_CIN_CLE,2024,7,2024-10-20T13:00-04:00,CLE,CIN,-7.0,-5.380462378786631,-5.225521211451917,-5.380462378786631,0.0,-0.43298995090166575,-0.5675269498216605
2024_07_DET_MIN,2024,7,2024-10-20T13:00-04:00,MIN,DET,-2.0,-1.8965188439946106,-1.7942075057466826,-1.8965188439946106,0.0,-0.1821428571428572,-0.5945784528565334
2024_07_HOU_GB,2024,7,2024-10-20T13:00-04:00,GB,HOU,2.0,4.308068581538411,4.395994807458354,4.308068581538411,0.0,-0.38990003353713587,-0.01661803555352165
2024_07_MIA_IND,2024,7,2024-10-20T13:00-04:00,IND,MIA,6.0,4.1858782773671885,4.252218272811696,4.1858782773671885,0.0,-0.3136278195488722,0.028663950991537235
2024_07_PHI_NYG,2024,7,2024-10-20T13:00-04:00,NYG,PHI,-25.0,-0.9758156366123576,-0.8889772185802627,-0.9758156366123576,0.0,-0.24390659218565838,-0.3154649603569408
2024_07_SEA_ATL,2024,7,2024-10-20T13:00-04:00,ATL,SEA,-20.0,3.596653151609531,3.7074150917368796,3.596653151609531,0.0,-0.09128523025267743,-0.8680307666156722
2024_07_TEN_BUF,2024,7,2024-10-20T13:00-04:00,BUF,TEN,24.0,12.028609175368052,12.040446763185281,12.028609175368052,0.0,-0.05354872881355933,0.0
2024_07_CAR_WAS,2024,7,2024-10-20T16:05-04:00,WAS,CAR,33.0,10.814184736719886,10.846092477280168,10.814184736719886,0.0,-0.07768906921449287,-0.14118941062151896
2024_07_LV_LA,2024,7,2024-10-20T16:05-04:00,LAR,LV,5.0,6.654735263485719,6.654503050286216,6.654735263485719,0.0,-0.3669784876140809,0.7796290969513838
2024_07_KC_SF,2024,7,2024-10-20T16:25-04:00,SF,KC,-10.0,3.2555945040118073,3.2555945040118073,3.2555945040118073,0.0,,
2024_07_NYJ_PIT,2024,7,2024-10-20T20:20-04:00,PIT,NYJ,22.0,4.87018015086998,4.814204174878788,4.87018015086998,0.0,0.260587899543379,-0.015620908771593708
2024_07_BAL_TB,2024,7,2024-10-21T20:15-04:00,TB,BAL,-10.0,-1.4619080415325478,-1.3121948421974081,-1.4619080415325478,0.0,-0.3448451209498876,-0.704153618997816
2024_07_LAC_ARI,2024,7,2024-10-21T21:00-04:00,ARI,LAC,2.0,-0.03451951548387899,-0.05152500484973266,-0.03451951548387899,0.0,0.3065812595657843,-0.4864988593158096
2024_08_MIN_LA,2024,8,2024-10-24T20:15-04:00,LAR,MIN,10.0,0.09113148146628847,0.16800524980837517,0.09113148146628847,0.0,-0.21250601829561871,-0.2864944882770125
2024_08_ARI_MIA,2024,8,2024-10-27T13:00-04:00,MIA,ARI,-1.0,-3.6697632760016976,-3.550034512542033,-3.6697632760016976,0.0,-0.46226543179594914,-0.1680769230769231
2024_08_ATL_TB,2024,8,2024-10-27T13:00-04:00,TB,ATL,-5.0,4.409194355888938,4.2928934417296745,4.409194355888938,0.0,0.320866688678378,0.4347663529739002
2024_08_BAL_CLE,2024,8,2024-10-27T13:00-04:00,CLE,BAL,5.0,-9.092534551619348,-9.107668389565312,-9.092534551619348,0.0,-0.00901270070385854,0.16411683284740095
2024_08_GB_JAX,2024,8,2024-10-27T13:00-04:00,JAX,GB,-3.0,-3.164158434216665,-3.1583709229421713,-3.164158434216665,0.0,0.02652947719688542,-0.1116603127537153
2024_08_IND_HOU,2024,8,2024-10-27T13:00-04:00,HOU,IND,3.0,4.33467154501129,4.186747769767224,4.33467154501129,0.0,0.4827169913419915,0.3949394416715693
2024_08_NYJ_NE,2024,8,2024-10-27T13:00-04:00,NE,NYJ,3.0,-3.7084452939735395,-3.611024015822738,-3.7084452939735395,0.0,-0.08637186343068692,-0.7505984179754672
2024_08_PHI_CIN,2024,8,2024-10-27T13:00-04:00,CIN,PHI,-20.0,3.150199032053624,3.150199032053624,3.150199032053624,0.0,0.0,0.0
2024_08_TEN_DET,2024,8,2024-10-27T13:00-04:00,DET,TEN,38.0,12.024787167699953,11.96631344530925,12.024787167699953,0.0,0.0,0.560341478696742
2024_08_BUF_SEA,2024,8,2024-10-27T16:05-04:00,SEA,BUF,-21.0,-5.484907758650843,-5.453152817021346,-5.484907758650843,0.0,0.0,-0.30430097864661465
2024_08_NO_LAC,2024,8,2024-10-27T16:05-04:00,LAC,NO,18.0,6.254954948813641,6.334342269820797,6.254954948813641,0.0,-0.24442819372167207,-0.24295769666100742
2024_08_CAR_DEN,2024,8,2024-10-27T16:25-04:00,DEN,CAR,14.0,11.204938499190789,11.01514605297481,11.204938499190789,0.0,0.49847972972972976,0.7627665382151919
2024_08_CHI_WAS,2024,8,2024-10-27T16:25-04:00,WAS,CHI,3.0,0.22739618866572386,0.3709209201229571,0.22739618866572386,0.0,-0.5394263156268349,-0.2326518131377756
2024_08_KC_LV,2024,8,2024-10-27T16:25-04:00,LV,KC,-7.0,-5.754953220688684,-5.687888017801472,-5.754953220688684,0.0,-0.28539144471347866,-0.0381012368300504
2024_08_DAL_SF,2024,8,2024-10-27T20:20-04:00,SF,DAL,6.0,3.755402029285265,3.867887606057206,3.755402029285265,0.0,-0.5101934523809524,0.0028633004926107986
2024_08_NYG_PIT,2024,8,2024-10-28T20:15-04:00,PIT,NYG,8.0,9.957786246338333,9.934633878914827,9.957786246338333,0.0,-0.005464094728800606,0.23343939323526178
2024_09_HOU_NYJ,2024,9,2024-10-31T20:15-04:00,NYJ,HOU,8.0,-1.7852392655224496,-1.6950166228759977,-1.7852392655224496,0.0,-0.38970319634703204,-0.039041095890410965
2024_09_DAL_ATL,2024,9,2024-11-03T13:00-05:00,ATL,DAL,6.0,0.6080071194835635,0.6634497720552037,0.6080071194835635,0.0,-0.2860509045997137,0.07467223106154763
2024_09_DEN_BAL,2024,9,2024-11-03T13:00-05:00,BAL,DEN,31.0,7.042651377281652,7.082565963497768,7.042651377281652,0.0,0.015995785036880924,-0.4163784734862275
2024_09_LAC_CLE,2024,9,2024-11-03T13:00-05:00,CLE,LAC,-17.0,-3.01419842525208,-2.940944413310793,-3.01419842525208,0.0,-0.36308210041232103,0.06717186664185879
2024_09_LV_CIN,2024,9,2024-11-03T13:00-05:00,CIN,LV,17.0,8.294633083859189,8.200790772099392,8.294633083859189,0.0,0.28414084289851965,0.29734994635899953
2024_09_MIA_BUF,2024,9,2024-11-03T13:00-05:00,BUF,MIA,3.0,11.803225738735117,11.744948362075661,11.803225738735117,0.0,0.03962621538312856,0.47451612903225815
2024_09_NE_TEN,2024,9,2024-11-03T13:00-05:00,TEN,NE,3.0,1.1177922462959677,1.1763931749149847,1.1177922462959677,0.0,-0.15805202911023009,-0.22674450747560215
2024_09_NO_CAR,2024,9,2024-11-03T13:00-05:00,CAR,NO,1.0,-5.473514673478812,-5.506398922224706,-5.473514673478812,0.0,0.14875578923000368,0.0
2024_09_WAS_NYG,2024,9,2024-11-03T13:00-05:00,NYG,WAS,-5.0,-3.5751064797370042,-3.60423382226254,-3.5751064797370042,0.0,0.10047003525264403,0.0662864479798529
2024_09_CHI_ARI,2024,9,2024-11-03T16:05-05:00,ARI,CHI,20.0,1.141283819234512,1.1172245729017216,1.141283819234512,0.0,0.18552380952380956,-0.1624571917808219
2024_09_JAX_PHI,2024,9,2024-11-03T16:05-05:00,PHI,JAX,5.0,6.205047804888018,6.088822701492372,6.205047804888018,0.0,0.5257580040084281,0.0
2024_09_DET_GB,2024,9,2024-11-03T16:25-05:00,GB,DET,-10.0,-2.7345529763417162,-2.562691515254749,-2.7345529763417162,0.0,-0.6972906403940887,-0.16977844873290648
2024_09_LA_SEA,2024,9,2024-11-03T16:25-05:00,SEA,LAR,-6.0,-0.26098350352422905,-0.33617014238110343,-0.26098350352422905,0.0,0.4503420398009951,-0.2335025577016424
2024_09_IND_MIN,2024,9,2024-11-03T20:20-05:00,MIN,IND,8.0,3.9332160721382823,3.9124543883404765,3.9332160721382823,0.0,0.0886405529953917,0.011179552435312656
2024_09_TB_KC,2024,9,2024-11-04T20:15-05:00,KC,TB,6.0,5.821133662014269,5.624527159963002,5.821133662014269,0.0,0.6231455156371156,0.563973361223046
2024_10_CIN_BAL,2024,10,2024-11-07T20:15-05:00,BAL,CIN,1.0,5.9542771148157305,5.945256362450093,5.9542771148157305,0.0,-0.10811688311688313,0.31547779622328287
2024_10_NYG_CAR,2024,10,2024-11-10T09:30-05:00,CAR,NYG,3.0,-4.351268250301508,-4.272094327063842,-4.351268250301508,0.0,-0.0608686163247491,-0.6297636675596865
2024_10_ATL_NO,2024,10,2024-11-10T13:00-05:00,NO,ATL,3.0,-0.5224964012640234,-0.504431907881356,-0.5224964012640234,0.0,0.04513307240704506,-0.2687177548478919
2024_10_BUF_IND,2024,10,2024-11-10T13:00-05:00,IND,BUF,-10.0,-8.661243102042077,-8.577257979382027,-8.661243102042077,0.0,-0.20158102766798425,-0.3777845120941045
2024_10_DEN_KC,2024,10,2024-11-10T13:00-05:00,KC,DEN,2.0,9.165993198106895,9.12171239429034,9.165993198106895,0.0,0.30000000000000004,-0.2111835334476844
2024_10_MIN_JAX,2024,10,2024-11-10T13:00-05:00,JAX,MIN,-5.0,-3.386235140154079,-3.331447258550374,-3.386235140154079,0.0,-0.7528990924950005,1.069913663663664
2024_10_NE_CHI,2024,10,2024-11-10T13:00-05:00,CHI,NE,-16.0,8.058049466732516,7.866616678099872,8.058049466732516,0.0,0.45827075098814235,0.8636639272942817
2024_10_PIT_WAS,2024,10,2024-11-10T13:00-05:00,WAS,PIT,-1.0,-1.0992801078014656,-0.9801880005265218,-1.0992801078014656,0.0,-0.4844143167775708,-0.11505598588848835
2024_10_SF_TB,2024,10,2024-11-10T13:00-05:00,TB,SF,-3.0,-2.703416135312627,-2.7295029774611916,-2.703416135312627,0.0,0.09678842575154117,0.04494905503392288
2024_10_TEN_LAC,2024,10,2024-11-10T16:05-05:00,LAC,TEN,10.0,9.773315146240652,9.742353131649363,9.773315146240652,0.0,0.31007784025009194,-0.36016351498908095
2024_10_NYJ_ARI,2024,10,2024-11-10T16:25-05:00,ARI,NYJ,25.0,3.9281689892549183,3.7288712485984923,3.9281689892549183,0.0,0.8373470522803116,0.13600037785754773
2024_10_PHI_DAL,2024,10,2024-11-10T16:25-05:00,DAL,PHI,-28.0,-3.0676779820602955,-2.981216713361283,-3.0676779820602955,0.0,0.013633533928200874,-0.8574214468396055
2024_10_DET_HOU,2024,10,2024-11-10T20:20-05:00,HOU,DET,-3.0,-3.5009151768195834,-3.382702971444282,-3.5009151768195834,0.0,-0.31769275028768706,-0.45980549966465467
2024_10_MIA_LA,2024,10,2024-11-11T20:15-05:00,LAR,MIA,-8.0,2.9301157665591457,2.9014528321451336,2.9301157665591457,0.0,0.021449275362318887,0.22923297151181254
2024_11_WAS_PHI,2024,11,2024-11-14T20:15-05:00,PHI,WAS,8.0,5.068692709784596,4.919275062532771,5.068692709784596,0.0,0.6067339790150439,0.14653846153846156
2024_11_BAL_PIT,2024,11,2024-11-17T13:00-05:00,PIT,BAL,2.0,-2.8698692438787776,-2.850102432380128,-2.8698692438787776,0.0,-0.12639860139860143,0.0783404029692471
2024_11_CLE_NO,2024,11,2024-11-17T13:00-05:00,NO,CLE,21.0,4.359446931812011,4.4987814527725085,4.359446931812011,0.0,-0.43214178441168366,-0.41976846266940615
2024_11_GB_CHI,2024,11,2024-11-17T13:00-05:00,CHI,GB,-1.0,-3.5186812599271744,-3.580510156507034,-3.5186812599271744,0.0,0.09999999999999998,0.3806543342911877
2024_11_IND_NYJ,2024,11,2024-11-17T13:00-05:00,NYJ,IND,-1.0,2.5656312757231463,2.501656063175088,2.5656312757231463,0.0,0.014940577249575537,0.5814111295973603
2024_11_JAX_DET,2024,11,2024-11-17T13:00-05:00,DET,JAX,46.0,12.396810552193864,12.249113899949391,12.396810552193864,0.0,0.5946289511431287,0.15568970503181023
2024_11_LA_NE,2024,11,2024-11-17T13:00-05:00,NE,LAR,-6.0,-4.04599559248427,-3.9104151662137037,-4.04599559248427,0.0,-0.30000000000000004,-0.6637216950668585
2024_11_LV_MIA,2024,11,2024-11-17T13:00-05:00,MIA,LV,15.0,7.489949821293147,7.623679848263965,7.489949821293147,0.0,-0.4221428571428572,-0.38724340175953076
2024_11_MIN_TEN,2024,11,2024-11-17T13:00-05:00,TEN,MIN,-10.0,-6.709044580271981,-6.712730789007974,-6.709044580271981,0.0,-0.1750360490266763,0.40611892227358337
2024_11_ATL_DEN,2024,11,2024-11-17T16:05-05:00,DEN,ATL,32.0,0.09830280651993517,0.00041589672625796795,0.09830280651993517,0.0,0.3681670662124462,0.1581081081081081
2024_11_SEA_SF,2024,11,2024-11-17T16:05-05:00,SF,SEA,-3.0,9.359748750553898,9.521939749000005,9.359748750553898,0.0,-0.5976923076923077,-0.2880966135502644
2024_11_KC_BUF,2024,11,2024-11-17T16:25-05:00,BUF,KC,9.0,5.2863400364140185,5.33019588008953,5.2863400364140185,0.0,-0.1983870967741936,0.0
2024_11_CIN_LAC,2024,11,2024-11-17T20:20-05:00,LAC,CIN,7.0,1.1429739513003645,1.0806055740139389,1.1429739513003645,0.0,0.07672998643147895,0.4351190476190477
2024_11_HOU_DAL,2024,11,2024-11-18T20:15-05:00,DAL,HOU,-24.0,-3.505294963995724,-3.4030873910103256,-3.505294963995724,0.0,-0.5346753246753247,0.15321743850527098
2024_12_PIT_CLE,2024,12,2024-11-21T20:15-05:00,CLE,PIT,5.0,-6.225283457943682,-6.3231592949640145,-6.225283457943682,0.0,0.29388111888111895,0.3153686662866182
2024_12_DAL_WAS,2024,12,2024-11-24T13:00-05:00,WAS,DAL,-8.0,7.234385805414147,7.2896754564727635,7.234385805414147,0.0,-0.21169059684684688,-0.08138577805567411
2024_12_DET_IND,2024,12,2024-11-24T13:00-05:00,IND,DET,-18.0,-9.763085975701376,-9.630890176328737,-9.763085975701376,0.0,-0.30000000000000004,-0.6312875218471528
2024_12_KC_CAR,2024,12,2024-11-24T13:00-05:00,CAR,KC,-3.0,-9.613399594111613,-9.613399594111613,-9.613399594111613,0.0,,
2024_12_MIN_CHI,2024,12,2024-11-24T13:00-05:00,CHI,MIN,-3.0,-1.9513479619211438,-1.9080359555109996,-1.9513479619211438,0.0,-0.4689985190670123,0.5784722222222223
2024_12_NE_MIA,2024,12,2024-11-24T13:00-05:00,MIA,NE,19.0,8.339590116736563,8.196480279793501,8.339590116736563,0.0,-0.15870723299108608,1.7075956414312015
2024_12_TB_NYG,2024,12,2024-11-24T13:00-05:00,NYG,TB,-23.0,-5.05270793579861,-5.093265390909677,-5.05270793579861,0.0,-0.08208274484136555,0.5625369585796821
2024_12_TEN_HOU,2024,12,2024-11-24T13:00-05:00,HOU,TEN,-5.0,11.426540164921349,11.424257168772115,11.426540164921349,0.0,0.0,0.021877475656048834
2024_12_DEN_LV,2024,12,2024-11-24T16:05-05:00,LV,DEN,-10.0,-5.509678489263527,-5.445264954621353,-5.509678489263527,0.0,-0.30000000000000004,0.018255775477137692
2024_12_ARI_SEA,2024,12,2024-11-24T16:25-05:00,SEA,ARI,10.0,-3.73320863997834,-3.789918452494654,-3.73320863997834,0.0,0.22161764705882359,0.07396551724137931
2024_12_SF_GB,2024,12,2024-11-24T16:25-05:00,GB,SF,28.0,3.148112099890166,3.1714161475861857,3.148112099890166,0.0,-0.06576354679802955,-0.08400493421052632
2024_12_PHI_LA,2024,12,2024-11-24T20:20-05:00,LAR,PHI,-17.0,-2.0624593028131435,-2.0771278055182045,-2.0624593028131435,0.0,0.0663547071905115,0.0
2024_12_BAL_LAC,2024,12,2024-11-25T20:15-05:00,LAC,BAL,-7.0,-3.3935973488896507,-3.3788270457400627,-3.3935973488896507,0.0,0.07334935492031369,-0.29692333016685496
2024_13_CHI_DET,2024,13,2024-11-28T12:30-05:00,DET,CHI,3.0,10.840648242000757,10.929073277961752,10.840648242000757,0.0,-0.40000111037086394,0.0
2024_13_NYG_DAL,2024,13,2024-11-28T16:30-05:00,DAL,NYG,7.0,5.031727126091803,5.008009552035425,5.031727126091803,0.0,0.13907692307692304,-0.06733870967741942
2024_13_MIA_GB,2024,13,2024-11-28T20:20-05:00,GB,MIA,13.0,3.1848012215830175,3.205459069039417,3.1848012215830175,0.0,-0.022639751552795018,-0.15000000000000002
2024_13_LV_KC,2024,13,2024-11-29T15:00-05:00,KC,LV,2.0,9.373732403306537,9.353727432929992,9.373732403306537,0.0,0.09049484997760858,0.0
2024_13_ARI_MIN,2024,13,2024-12-01T13:00-05:00,MIN,ARI,1.0,1.799191973508401,1.799191973508401,1.799191973508401,0.0,,
2024_13_HOU_JAX,2024,13,2024-12-01T13:00-05:00,JAX,HOU,-3.0,-6.3941428980058,-6.375452530693925,-6.3941428980058,0.0,-0.038747373949579944,-0.0970238095238095
2024_13_IND_NE,2024,13,2024-12-01T13:00-05:00,NE,IND,-1.0,-0.6310086971314246,-0.508191198822026,-0.6310086971314246,0.0,-0.23813608409610987,-0.672469169282893
2024_13_LAC_ATL,2024,13,2024-12-01T13:00-05:00,ATL,LAC,-4.0,-1.190909416811242,-1.0682550287945547,-1.190909416811242,0.0,-0.4883995037220844,-0.14075039552032015
2024_13_PIT_CIN,2024,13,2024-12-01T13:00-05:00,CIN,PIT,-6.0,2.28003421807259,2.298378440824645,2.28003421807259,0.0,-0.08298226164079821,0.0
2024_13_SEA_NYJ,2024,13,2024-12-01T13:00-05:00,NYJ,SEA,-5.0,1.3019994912680604,1.3820819389778416,1.3019994912680604,0.0,-0.22165704478077705,-0.29785714285714293
2024_13_TEN_WAS,2024,13,2024-12-01T13:00-05:00,WAS,TEN,23.0,8.243244005350618,8.270118063052177,8.243244005350618,0.0,-0.10000579134848203,-0.04567713976164679
2024_13_LA_NO,2024,13,2024-12-01T16:05-05:00,NO,LAR,-7.0,2.284112425862157,2.246474114651754,2.284112425862157,0.0,0.17026135316796892,0.0
2024_13_TB_CAR,2024,13,2024-12-01T16:05-05:00,CAR,TB,-3.0,-8.77400261075784,-8.841672261599877,-8.77400261075784,0.0,0.2931805045692416,0.027393262818524167
2024_13_PHI_BAL,2024,13,2024-12-01T16:25-05:00,BAL,PHI,-5.0,3.2884482121045746,3.2832873470880557,3.2884482121045746,0.0,0.0,0.04945549242424242
2024_13_SF_BUF,2024,13,2024-12-01T20:20-05:00,BUF,SF,25.0,13.77147680044269,13.6672359840302,13.77147680044269,0.0,0.4170068027210885,0.11553462148541893
2024_13_CLE_DEN,2024,13,2024-12-02T20:15-05:00,DEN,CLE,9.0,7.597952994724011,7.592126308163909,7.597952994724011,0.0,0.0,0.05583592132505174
2024_14_GB_DET,2024,14,2024-12-05T20:15-05:00,DET,GB,3.0,4.897383692895841,4.8579365438045485,4.897383692895841,0.0,0.16658119658119655,0.02512972572275759
2024_14_ATL_MIN,2024,14,2024-12-08T13:00-05:00,MIN,ATL,21.0,5.24035756134241,5.207297065334632,5.24035756134241,0.0,0.18314983823458386,-0.07117109572833691
2024_14_CAR_PHI,2024,14,2024-12-08T13:00-05:00,PHI,CAR,6.0,14.172263813616155,14.010580406544568,14.172263813616155,0.0,0.4814568512217755,0.529464591173452
2024_14_CLE_PIT,2024,14,2024-12-08T13:00-05:00,PIT,CLE,13.0,8.598123093810548,8.572666617557697,8.598123093810548,0.0,0.0,0.243944099378882
2024_14_JAX_TEN,2024,14,2024-12-08T13:00-05:00,TEN,JAX,-4.0,-0.1579881764676363,-0.17764103419302057,-0.1579881764676363,0.0,0.16916666666666663,-0.17003187353785337
2024_14_LV_TB,2024,14,2024-12-08T13:00-05:00,TB,LV,15.0,8.03531665140068,8.090055695959789,8.03531665140068,0.0,-0.09794888573336014,-0.3170588235294118
2024_14_NO_NYG,2024,14,2024-12-08T13:00-05:00,NYG,NO,-3.0,-3.7182029577714895,-3.573541571894622,-3.7182029577714895,0.0,-0.45775879923757073,-0.4165478493540928
2024_14_NYJ_MIA,2024,14,2024-12-08T13:00-05:00,MIA,NYJ,6.0,6.193345615564807,6.149643111703135,6.193345615564807,0.0,0.5456896551724139,-0.7371919626267454
2024_14_SEA_ARI,2024,14,2024-12-08T16:05-05:00,ARI,SEA,-12.0,4.82689772646997,4.8328172420092335,4.82689772646997,0.0,0.08892156862745096,-0.24509611359552402
2024_14_BUF_LA,2024,14,2024-12-08T16:25-05:00,LAR,BUF,2.0,-8.526275699902634,-8.394036129087647,-8.526275699902634,0.0,-0.6000000000000001,0.0038102609464838733
2024_14_CHI_SF,2024,14,2024-12-08T16:25-05:00,SF,CHI,25.0,4.008330547210099,3.955634951059772,4.008330547210099,0.0,0.4759390547263682,-0.5032540067994173
2024_14_LAC_KC,2024,14,2024-12-08T20:20-05:00,KC,LAC,2.0,2.938803073588562,2.928145751594694,2.938803073588562,0.0,0.0,0.10212689257390052
2024_14_CIN_DAL,2024,14,2024-12-09T20:15-05:00,DAL,CIN,-7.0,-3.063001689807499,-2.9860186789827248,-3.063001689807499,0.0,-0.20987889137607202,-0.29310661764705886
2024_15_LA_SF,2024,15,2024-12-12T20:15-05:00,SF,LAR,-6.0,4.786731087024517,4.626590549987736,4.786731087024517,0.0,0.9162865780053282,-0.40645969649036384
2024_15_BAL_NYG,2024,15,2024-12-15T13:00-05:00,NYG,BAL,-21.0,-11.344572245507166,-11.226051809547103,-11.344572245507166,0.0,-0.6846958672212908,0.3146968118117025
2024_15_CIN_TEN,2024,15,2024-12-15T13:00-05:00,TEN,CIN,-10.0,-6.713340496443925,-6.6873826115181725,-6.713340496443925,0.0,-0.1174235631383854,0.0
2024_15_DAL_CAR,2024,15,2024-12-15T13:00-05:00,CAR,DAL,-16.0,-0.7117083487732117,-0.6222727553631839,-0.7117083487732117,0.0,-0.30000000000000004,-0.22152539180229047
2024_15_KC_CLE,2024,15,2024-12-15T13:00-05:00,CLE,KC,-14.0,-5.563901754663238,-5.563901754663238,-5.563901754663238,0.0,,
2024_15_MIA_HOU,2024,15,2024-12-15T13:00-05:00,HOU,MIA,8.0,2.2174673060487096,2.231665658315051,2.2174673060487096,0.0,-0.14865628562396044,0.17885225885225886
2024_15_NYJ_JAX,2024,15,2024-12-15T13:00-05:00,JAX,NYJ,-7.0,-1.3286337049231438,-1.4522472760707323,-1.3286337049231438,0.0,0.5591806118999325,0.0
2024_15_WAS_NO,2024,15,2024-12-15T13:00-05:00,NO,WAS,-1.0,-5.236878890668677,-5.269907719934912,-5.236878890668677,0.0,0.03512625389138707,0.2420972454775272
2024_15_BUF_DET,2024,15,2024-12-15T16:25-05:00,DET,BUF,-6.0,-0.5535552425061745,-0.6405394522352492,-0.5535552425061745,0.0,0.30024891100053325,0.19750700280112046
2024_15_IND_DEN,2024,15,2024-12-15T16:25-05:00,DEN,IND,18.0,6.958777219983355,6.834773787941311,6.958777219983355,0.0,0.30795657467532467,0.535926640926641
2024_15_NE_ARI,2024,15,2024-12-15T16:25-05:00,ARI,NE,13.0,7.048433224941316,6.973962113795005,7.048433224941316,0.0,0.0013157894736842146,0.7108537603258747
2024_15_PIT_PHI,2024,15,2024-12-15T16:25-05:00,PHI,PIT,14.0,3.7989798520570375,3.8077408475941588,3.7989798520570375,0.0,-0.11470588235294119,0.15903709223381352
2024_15_TB_LAC,2024,15,2024-12-15T16:25-05:00,LAC,TB,-23.0,0.839491309913441,0.6344530061227904,0.839491309913441,0.0,0.5451422605868312,0.8100149343157166
2024_15_GB_SEA,2024,15,2024-12-15T20:20-05:00,SEA,GB,-17.0,-2.8835707040426195,-2.8837881076431238,-2.88357070404262,4.440892098500626e-16,0.0,0.0020833333333333337
2024_15_CHI_MIN,2024,15,2024-12-16T20:00-05:00,MIN,CHI,18.0,6.788417574532929,6.776738994982095,6.788417574532929,0.0,0.18840174129353235,-0.28719512195121955
2024_15_ATL_LV,2024,15,2024-12-16T20:30-05:00,LV,ATL,-6.0,-0.6799051755650861,-0.7933598444305799,-0.6799051755650861,0.0,0.39356985190318516,0.25347766732177446
2024_16_DEN_LAC,2024,16,2024-12-19T20:15-05:00,LAC,DEN,7.0,-0.39925160180539715,-0.2930758495509656,-0.39925160180539715,0.0,-0.3439339875111508,-0.2888734862021045
2024_16_HOU_KC,2024,16,2024-12-21T13:00-05:00,KC,HOU,8.0,3.830850536551749,3.794245372542294,3.830850536551749,0.0,0.07569444444444443,0.19042923395390193
2024_16_PIT_BAL,2024,16,2024-12-21T16:30-05:00,BAL,PIT,17.0,7.170464058421182,7.295338886077639,7.170464058421182,0.0,-0.4997913950456324,-0.13789592760181
2024_16_ARI_CAR,2024,16,2024-12-22T13:00-05:00,CAR,ARI,6.0,-7.462986434606888,-7.357797969708046,-7.462986434606888,0.0,-0.5001736949266389,0.051564238871224244
2024_16_CLE_CIN,2024,16,2024-12-22T13:00-05:00,CIN,CLE,18.0,7.469988448884215,7.485544308489121,7.469988448884215,0.0,-0.2139328683594658,0.3041248606465998
2024_16_DET_CHI,2024,16,2024-12-22T13:00-05:00,CHI,DET,-17.0,-7.789428695304624,-7.689235515080916,-7.789428695304624,0.0,-0.5932835820895523,0.2966761363636365
2024_16_LA_NYJ,2024,16,2024-12-22T13:00-05:00,NYJ,LAR,-10.0,-1.4365843390375779,-1.487786193830903,-1.4365843390375779,0.0,0.23161764705882354,0.0
2024_16_NYG_ATL,2024,16,2024-12-22T13:00-05:00,ATL,NYG,27.0,3.7095075586468544,3.6925984690404174,3.7095075586468544,0.0,-0.17043189512763546,0.5230776329604108
2024_16_PHI_WAS,2024,16,2024-12-22T13:00-05:00,WAS,PHI,3.0,-1.0112100633491665,-0.9434114911346907,-1.0112100633491665,0.0,-0.10177341070198884,-0.4341037131882202
2024_16_TEN_IND,2024,16,2024-12-22T13:00-05:00,IND,TEN,8.0,4.608566698574265,4.644385842405367,4.608566698574265,0.0,0.024210858585858586,-0.3945354398962309
2024_16_MIN_SEA,2024,16,2024-12-22T16:05-05:00,SEA,MIN,-3.0,-2.7802921082534224,-2.791563949760274,-2.7802921082534224,0.0,0.0825936752591018,-0.06694997571636718
2024_16_JAX_LV,2024,16,2024-12-22T16:25-05:00,LV,JAX,5.0,0.841492136290019,0.7647761369047659,0.841492136290019,0.0,0.3470338983050847,0.0
2024_16_NE_BUF,2024,16,2024-12-22T16:25-05:00,BUF,NE,3.0,17.465222025977603,17.34585749682733,17.465222025977603,0.0,0.290625,0.5281880506902125
2024_16_SF_MIA,2024,16,2024-12-22T16:25-05:00,MIA,SF,12.0,-0.2681165195849291,-0.08067205081508877,-0.2681165195849291,0.0,-0.8174813587406795,-0.06449624917117386
2024_16_TB_DAL,2024,16,2024-12-22T20:20-05:00,DAL,TB,2.0,-4.087391156662112,-4.096856152040447,-4.087391156662112,0.0,0.2208781362007168,-0.37720513280950396
2024_16_NO_GB,2024,16,2024-12-23T20:15-05:00,GB,NO,34.0,11.078498593645989,11.10430849182783,11.078498593645989,0.0,-0.11577067669172934,-0.0020833333333333337
2024_17_KC_PIT,2024,17,2024-12-25T13:00-05:00,PIT,KC,-19.0,-1.9556360329374192,-2.021954625812583,-1.9556360329374192,0.0,0.30000000000000004,0.0
2024_17_BAL_HOU,2024,17,2024-12-25T16:30-05:00,HOU,BAL,-29.0,-5.101227284415411,-5.154547393774395,-5.101227284415411,0.0,0.2526790595954074,-0.02431751078809903
2024_17_SEA_CHI,2024,17,2024-12-26T20:15-05:00,CHI,SEA,-3.0,-1.1131216112272164,-1.0889105580287513,-1.1131216112272164,0.0,-0.01119402985074627,-0.20829614047923908
2024_17_LAC_NE,2024,17,2024-12-28T13:00-05:00,NE,LAC,-33.0,-4.4555913172753066,-4.422508496848275,-4.4555913172753066,0.0,0.12546193816145068,-0.5828031776701091
2024_17_DEN_CIN,2024,17,2024-12-28T16:30-05:00,CIN,DEN,6.0,2.1838891317787326,2.378972106762138,2.1838891317787326,0.0,-0.6614206981016535,-0.4682919254658386
2024_17_ARI_LA,2024,17,2024-12-28T20:15-05:00,LAR,ARI,4.0,4.119752480349566,4.0574215257655535,4.119752480349566,0.0,0.19494773519163766,0.18432904411764708
2024_17_CAR_TB,2024,17,2024-12-29T13:00-05:00,TB,CAR,34.0,12.372692264141,12.259735632515445,12.372692264141,0.0,0.4964465626730221,0.030772004339071235
2024_17_DAL_PHI,2024,17,2024-12-29T13:00-05:00,PHI,DAL,34.0,5.554872940597309,5.365936237101044,5.554872940597309,0.0,0.6064838438765222,0.5257712142070927
2024_17_IND_NYG,2024,17,2024-12-29T13:00-05:00,NYG,IND,12.0,-2.3381691782744483,-2.4743066234808753,-2.3381691782744483,0.0,0.2834153659960113,0.7041922271246749
2024_17_LV_NO,2024,17,2024-12-29T13:00-05:00,NO,LV,-15.0,2.129673174356225,2.1841992967464634,2.129673174356225,0.0,-0.21945378151260508,-0.05762358331323851
2024_17_NYJ_BUF,2024,17,2024-12-29T13:00-05:00,BUF,NYJ,26.0,12.681497553610996,12.503321858657504,12.681497553610996,0.0,0.5080375253549696,0.6311984890109892
2024_17_TEN_JAX,2024,17,2024-12-29T13:00-05:00,JAX,TEN,7.0,2.565641175381564,2.5283511938545127,2.565641175381564,0.0,0.19161446135831384,-0.04857219827586208
2024_17_MIA_CLE,2024,17,2024-12-29T16:05-05:00,CLE,MIA,-17.0,-3.4261737846670988,-3.5773269522105235,-3.4261737846670988,0.0,0.4487081816339939,0.4979299832112333
2024_17_GB_MIN,2024,17,2024-12-29T16:25-05:00,MIN,GB,2.0,-1.7890713393280335,-1.7941695627838374,-1.7890713393280335,0.0,0.12224446987032797,-0.21010634702539843
2024_17_ATL_WAS,2024,17,2024-12-29T20:20-05:00,WAS,ATL,6.0,6.3558843949591495,6.330071394434766,6.3558843949591495,0.0,0.16753581940149107,-0.10754573884726903
2024_17_DET_SF,2024,17,2024-12-30T20:15-05:00,SF,DET,-6.0,-4.448074462888025,-4.367683885045809,-4.448074462888025,0.0,-0.30000000000000004,-0.13484889523451724
2024_18_CLE_BAL,2024,18,2025-01-04T16:30-05:00,BAL,CLE,25.0,19.918076070410727,19.9382234562202,19.918076070410727,0.0,-0.3392625625647697,0.5256224924868993
2024_18_CIN_PIT,2024,18,2025-01-04T20:00-05:00,PIT,CIN,-2.0,-2.6028729009563016,-2.7854614804069127,-2.6028729009563016,0.0,0.6843441081270231,0.30000000000000004
2024_18_BUF_NE,2024,18,2025-01-05T13:00-05:00,NE,BUF,7.0,-14.786866846815323,-14.695965220054536,-14.786866846815323,0.0,-0.17325929363287285,-0.5040604278602467
2024_18_CAR_ATL,2024,18,2025-01-05T13:00-05:00,ATL,CAR,-6.0,8.629807993054719,8.566108820343345,8.629807993054719,0.0,0.35351229791326694,-0.13846131554286192
2024_18_CHI_GB,2024,18,2025-01-05T13:00-05:00,GB,CHI,-2.0,11.835852493146284,11.902042804862514,11.835852493146284,0.0,-0.2551875,-0.09370109546165882
2024_18_HOU_TEN,2024,18,2025-01-05T13:00-05:00,TEN,HOU,-9.0,-1.6897484765226718,-1.6594418735896346,-1.6897484765226718,0.0,-0.13709550347405003,0.0
2024_18_JAX_IND,2024,18,2025-01-05T13:00-05:00,IND,JAX,3.0,2.879025411512758,2.972364740216218,2.879025411512758,0.0,-0.10000000000000009,-0.6826122293698555
2024_18_NO_TB,2024,18,2025-01-05T13:00-05:00,TB,NO,8.0,14.509767561361244,14.551432491031804,14.509767561361244,0.0,-0.09012664083228603,-0.20834288052373165
2024_18_NYG_PHI,2024,18,2025-01-05T13:00-05:00,PHI,NYG,7.0,12.994539249947412,13.092017485922138,12.994539249947412,0.0,-0.20920333550630163,-0.49093917440721924
2024_18_WAS_DAL,2024,18,2025-01-05T13:00-05:00,DAL,WAS,-4.0,-5.149876621882076,-5.269297108492652,-5.149876621882076,0.0,0.47218402079847865,0.14411132282733377
2024_18_KC_DEN,2024,18,2025-01-05T16:25-05:00,DEN,KC,38.0,0.9396872781891874,0.6586848505783128,0.9396872781891874,0.0,0.3021621621621622,2.0526900811649558
2024_18_LAC_LV,2024,18,2025-01-05T16:25-05:00,LV,LAC,-14.0,-6.035018568101167,-5.953882517245197,-6.035018568101167,0.0,-0.391044776119403,0.05087580716924178
2024_18_MIA_NYJ,2024,18,2025-01-05T16:25-05:00,NYJ,MIA,12.0,-2.0203262856387125,-2.0998881757827483,-2.0203262856387125,0.0,0.18394607843137256,0.3727553119349005
2024_18_SEA_LA,2024,18,2025-01-05T16:25-05:00,LAR,SEA,-5.0,4.678043694473896,4.639258938426535,4.678043694473896,0.0,0.09999999999999998,0.15982714468629963
2024_18_SF_ARI,2024,18,2025-01-05T16:25-05:00,ARI,SF,23.0,5.207106999360947,5.1348816300989455,5.207106999360947,0.0,0.5279265873015874,-0.42623417669272246
2024_18_MIN_DET,2024,18,2025-01-05T20:20-05:00,DET,MIN,22.0,5.084956986068003,5.078261184927582,5.084956986068003,0.0,-0.10934335443037976,0.2957964193579008
2025_01_DAL_PHI,2025,1,2025-09-04T20:20-04:00,PHI,DAL,4.0,7.22964134171494,7.22964134171494,7.22964134171494,0.0,0.0,0.0
2025_01_KC_LAC,2025,1,2025-09-05T20:00-04:00,LAC,KC,6.0,0.6828789052170445,0.7541111436133903,0.6828789052170445,0.0,-0.26812500000000006,0.0
2025_01_ARI_NO,2025,1,2025-09-07T13:00-04:00,NO,ARI,-7.0,-5.4094705262254195,-5.4670377883783585,-5.4094705262254195,0.0,0.0,0.3330161821175086
2025_01_CAR_JAX,2025,1,2025-09-07T13:00-04:00,JAX,CAR,16.0,3.740553887685018,3.6777082809514843,3.740553887685018,0.0,0.19999999999999996,0.05618217399039316
2025_01_CIN_CLE,2025,1,2025-09-07T13:00-04:00,CLE,CIN,-1.0,-8.021409340454735,-8.021409340454735,-8.021409340454735,0.0,,
2025_01_LV_NE,2025,1,2025-09-07T13:00-04:00,NE,LV,-7.0,-0.36923092025492066,-0.36923092025492066,-0.36923092025492066,0.0,,
2025_01_MIA_IND,2025,1,2025-09-07T13:00-04:00,IND,MIA,25.0,-1.3832628819984647,-1.423553869247073,-1.3832628819984647,0.0,0.31333333333333335,-0.24846756949394158
2025_01_NYG_WAS,2025,1,2025-09-07T13:00-04:00,WAS,NYG,15.0,6.5068983510240175,6.384019763178324,6.5068983510240175,0.0,0.580163871357294,-0.18078947368421056
2025_01_PIT_NYJ,2025,1,2025-09-07T13:00-04:00,NYJ,PIT,-2.0,0.7448949901410644,0.7468885897046658,0.7448949901410644,0.0,-0.0075041006014215424,0.0
2025_01_TB_ATL,2025,1,2025-09-07T13:00-04:00,ATL,TB,-3.0,-3.3206411753588063,-3.3034461016392487,-3.3206411753588063,0.0,-0.17677238805970147,0.1722007339057724
2025_01_SF_SEA,2025,1,2025-09-07T16:05-04:00,SEA,SF,-4.0,1.6074875877163863,1.5126643954736152,1.6074875877163863,0.0,0.2536989795918368,0.15863989909606896
2025_01_TEN_DEN,2025,1,2025-09-07T16:05-04:00,DEN,TEN,8.0,11.95300832237341,11.95300832237341,11.95300832237341,0.0,,
2025_01_DET_GB,2025,1,2025-09-07T16:25-04:00,GB,DET,14.0,0.2283879660971722,0.2283879660971722,0.2283879660971722,0.0,,
2025_01_HOU_LA,2025,1,2025-09-07T16:25-04:00,LAR,HOU,5.0,2.5695366475685244,2.6928716643827357,2.5695366475685244,0.0,-0.4,-0.09873417721518984
2025_01_BAL_BUF,2025,1,2025-09-07T20:20-04:00,BUF,BAL,1.0,1.3248731958950826,1.3248731958950826,1.3248731958950826,0.0,0.0,0.0
2025_01_MIN_CHI,2025,1,2025-09-08T20:15-04:00,CHI,MIN,-3.0,1.7472083355119024,1.7472083355119024,1.7472083355119024,0.0,0.0,0.0
2025_02_WAS_GB,2025,2,2025-09-11T20:15-04:00,GB,WAS,9.0,3.960550295857995,3.960550295857995,3.960550295857995,0.0,,
2025_02_BUF_NYJ,2025,2,2025-09-14T13:00-04:00,NYJ,BUF,-20.0,-6.246328839546361,-6.183082382585303,-6.246328839546361,0.0,-0.26250000000000007,0.037551566080977844
2025_02_CHI_DET,2025,2,2025-09-14T13:00-04:00,DET,CHI,31.0,7.804043519427504,7.897877441851319,7.804043519427504,0.0,-0.30000000000000004,-0.08175982849307684
2025_02_CLE_BAL,2025,2,2025-09-14T13:00-04:00,BAL,CLE,24.0,14.512488003723112,14.512488003723112,14.512488003723112,0.0,,
2025_02_JAX_CIN,2025,2,2025-09-14T13:00-04:00,CIN,JAX,4.0,5.896452347086619,5.896452347086619,5.896452347086619,0.0,0.0,0.0
2025_02_LA_TEN,2025,2,2025-09-14T13:00-04:00,TEN,LAR,-14.0,-5.071622057340419,-5.162484013461046,-5.071622057340419,0.0,0.4061004784688996,-0.09849206349206348
2025_02_NE_MIA,2025,2,2025-09-14T13:00-04:00,MIA,NE,-6.0,5.780032138138863,5.692488246437474,5.780032138138863,0.0,0.30000000000000004,0.045373140326123856
2025_02_NYG_DAL,2025,2,2025-09-14T13:00-04:00,DAL,NYG,3.0,5.24273689505164,5.128843504195405,5.24273689505164,0.0,0.31273914106736395,0.17822218011873187
2025_02_SEA_PIT,2025,2,2025-09-14T13:00-04:00,PIT,SEA,-14.0,1.6412599089918456,1.6378802002769004,1.6412599089918456,0.0,0.0,0.01955100261551873
2025_02_SF_NO,2025,2,2025-09-14T13:00-04:00,NO,SF,-5.0,-1.214585253375119,-1.2873032200310355,-1.214585253375119,0.0,0.23930921052631582,0.0528799663653563
2025_02_CAR_ARI,2025,2,2025-09-14T16:05-04:00,ARI,CAR,5.0,8.647076872020076,8.596547646914722,8.647076872020076,0.0,0.30000000000000004,-0.16875
2025_02_DEN_IND,2025,2,2025-09-14T16:05-04:00,IND,DEN,1.0,-1.0572499004485059,-1.0142982408065906,-1.0572499004485059,0.0,0.0,-0.24846756949394158
2025_02_PHI_KC,2025,2,2025-09-14T16:25-04:00,KC,PHI,-3.0,-0.9713563605053013,-0.9713563605053013,-0.9713563605053013,0.0,0.0,0.0
2025_02_ATL_MIN,2025,2,2025-09-14T20:20-04:00,MIN,ATL,-16.0,1.4065337908174598,1.3285889007562635,1.4065337908174598,0.0,-0.20000000000000007,0.7582653430106326
2025_02_TB_HOU,2025,2,2025-09-15T19:00-04:00,HOU,TB,-1.0,-2.466811213481419,-2.466811213481419,-2.466811213481419,0.0,,
2025_02_LAC_LV,2025,2,2025-09-15T22:00-04:00,LV,LAC,-11.0,-3.6333573789995395,-3.6145405074094645,-3.6333573789995395,0.0,-0.2775401069518717,0.31768292682926835
2025_03_MIA_BUF,2025,3,2025-09-18T20:15-04:00,BUF,MIA,10.0,10.872919845105613,10.845527072994937,10.872919845105613,0.0,0.22055921052631583,-0.18050229672725432
2025_03_ATL_CAR,2025,3,2025-09-21T13:00-04:00,CAR,ATL,30.0,-4.611799747843797,-4.643118705163104,-4.611799747843797,0.0,0.04974798387096774,0.10471973405155299
2025_03_CIN_MIN,2025,3,2025-09-21T13:00-04:00,MIN,CIN,38.0,0.28113903497994264,0.4144501928196248,0.28113903497994264,0.0,-0.30000000000000004,-0.31012848329933684
2025_03_GB_CLE,2025,3,2025-09-21T13:00-04:00,CLE,GB,3.0,-10.608898187244694,-10.69535084110657,-10.608898187244694,0.0,0.32541610847237445,0.0
2025_03_HOU_JAX,2025,3,2025-09-21T13:00-04:00,JAX,HOU,7.0,1.7876566733839905,1.8848583278682558,1.7876566733839905,0.0,-0.31570635936833125,-0.07710336538461537
2025_03_IND_TEN,2025,3,2025-09-21T13:00-04:00,TEN,IND,-21.0,-5.088842497551553,-5.232825365078401,-5.088842497551553,0.0,0.248340729307351,0.45125449511778076
2025_03_LA_PHI,2025,3,2025-09-21T13:00-04:00,PHI,LAR,7.0,4.030706083559387,3.8979893505469,4.030706083559387,0.0,0.41961722488038283,0.12285714285714287
2025_03_LV_WAS,2025,3,2025-09-21T13:00-04:00,WAS,LV,17.0,4.255478963884664,4.434048784213588,4.255478963884664,0.0,-0.6825202964596956,0.01593137254901958
2025_03_NYJ_TB,2025,3,2025-09-21T13:00-04:00,TB,NYJ,2.0,8.798586122636705,8.864694436472348,8.798586122636705,0.0,-0.27840517241379314,0.04543996960486325
2025_03_PIT_NE,2025,3,2025-09-21T13:00-04:00,NE,PIT,-7.0,0.05716027279852631,0.05716027279852631,0.05716027279852631,0.0,,
2025_03_DEN_LAC,2025,3,2025-09-21T16:05-04:00,LAC,DEN,3.0,2.4345137433059874,2.4851087464356687,2.4345137433059874,0.0,0.0,-0.29268292682926833
2025_03_NO_SEA,2025,3,2025-09-21T16:05-04:00,SEA,NO,31.0,7.049094831866656,7.055011609722081,7.049094831866656,0.0,0.04279720279720278,-0.09999999999999998
2025_03_ARI_SF,2025,3,2025-09-21T16:25-04:00,SF,ARI,1.0,-2.1940414179162735,-2.2243774901039264,-2.1940414179162735,0.0,-0.008209561009783414,0.18810547467253197
2025_03_DAL_CHI,2025,3,2025-09-21T16:25-04:00,CHI,DAL,17.0,-1.7530264636734008,-1.6954006673115964,-1.7530264636734008,0.0,-0.21690904283447915,0.0
2025_03_KC_NYG,2025,3,2025-09-21T20:20-04:00,NYG,KC,-13.0,-3.449561747951676,-3.449561747951676,-3.449561747951676,0.0,,
2025_03_DET_BAL,2025,3,2025-09-22T20:15-04:00,BAL,DET,-8.0,3.2608227265232372,3.025947840600656,3.2608227265232372,0.0,0.30000000000000004,0.8976562500000002
2025_04_SEA_ARI,2025,4,2025-09-25T20:15-04:00,ARI,SEA,-3.0,1.568383040450836,1.5890559827178137,1.568383040450836,0.0,0.04459606183290393,-0.18812629874868972
2025_04_MIN_PIT,2025,4,2025-09-28T09:30-04:00,PIT,MIN,3.0,-0.9713665891163981,-1.038219772805489,-0.9713665891163981,0.0,0.05589285714285713,0.3008351003834875
2025_04_CAR_NE,2025,4,2025-09-28T13:00-04:00,NE,CAR,29.0,1.3385856818394597,1.2854354299236046,1.3385856818394597,0.0,0.4660753676470589,-0.40881933132780607
2025_04_CLE_DET,2025,4,2025-09-28T13:00-04:00,DET,CLE,24.0,14.991535238342058,15.095429922802364,14.991535238342058,0.0,-0.30000000000000004,-0.1399595141700405
2025_04_LAC_NYG,2025,4,2025-09-28T13:00-04:00,NYG,LAC,3.0,-9.123623643967207,-9.12428162199293,-9.123623643967207,0.0,-0.14620953601481024,0.22850714822332577
2025_04_NO_BUF,2025,4,2025-09-28T13:00-04:00,BUF,NO,12.0,15.342035536013155,15.325701526311356,15.342035536013155,0.0,0.1257042253521127,-0.09869816779170686
2025_04_PHI_TB,2025,4,2025-09-28T13:00-04:00,TB,PHI,-6.0,-1.4535853284819187,-1.1474727284263153,-1.4535853284819187,0.0,-0.862581168831169,-0.4451555023923446
2025_04_TEN_HOU,2025,4,2025-09-28T13:00-04:00,HOU,TEN,26.0,8.159578896402575,8.190756561277578,8.159578896402575,0.0,0.0,-0.18035714285714288
2025_04_WAS_ATL,2025,4,2025-09-28T13:00-04:00,ATL,WAS,7.0,0.9947815692985915,0.9392133727266252,0.9947815692985915,0.0,0.2613633413957878,-0.08022204739096944
2025_04_IND_LA,2025,4,2025-09-28T16:05-04:00,LAR,IND,7.0,1.3034496521700139,1.6224319685662816,1.3034496521700139,0.0,-1.3931231861322462,0.2957544442064682
2025_04_JAX_SF,2025,4,2025-09-28T16:05-04:00,SF,JAX,-5.0,2.3199550575313506,2.5655999750187046,2.3199550575313506,0.0,-0.8601882426938026,-0.09903846153846155
2025_04_BAL_KC,2025,4,2025-09-28T16:25-04:00,KC,BAL,17.0,-1.122380021452749,-1.2305733651548851,-1.122380021452749,0.0,0.49834609075997816,-0.14
2025_04_CHI_LV,2025,4,2025-09-28T16:25-04:00,LV,CHI,-1.0,-0.17846108802447125,-0.2342709818186236,-0.17846108802447125,0.0,0.21007381082558776,0.0
2025_04_GB_DAL,2025,4,2025-09-28T20:20-04:00,DAL,GB,0.0,-4.0910730715670285,-4.174577823923514,-4.0910730715670285,0.0,0.09902714932126695,0.3308708434114015
2025_04_NYJ_MIA,2025,4,2025-09-29T19:15-04:00,MIA,NYJ,6.0,4.15493960529862,4.22857878416475,4.15493960529862,0.0,-0.2771849555480742,0.0
2025_04_CIN_DEN,2025,4,2025-09-29T20:15-04:00,DEN,CIN,25.0,7.580167879569375,7.612222452912391,7.580167879569375,0.0,-0.12065649867374006,0.0
2025_05_SF_LA,2025,5,2025-10-02T20:15-04:00,LAR,SF,-3.0,6.403060203045966,6.393564732388176,6.403060203045966,0.0,0.0,0.05492957746478874
2025_05_MIN_CLE,2025,5,2025-10-05T09:30-04:00,CLE,MIN,-4.0,-7.066001120344751,-7.057566273730361,-7.066001120344751,0.0,0.003712121212121222,-0.05449900099900096
2025_05_DAL_NYJ,2025,5,2025-10-05T13:00-04:00,NYJ,DAL,-15.0,-0.8815876896371193,-1.0131479744423533,-0.8815876896371193,0.0,0.30000000000000004,0.30000000000000004
2025_05_DEN_PHI,2025,5,2025-10-05T13:00-04:00,PHI,DEN,-4.0,2.250315401061093,2.3001323143699164,2.250315401061093,0.0,0.0,-0.28818181818181826
2025_05_HOU_BAL,2025,5,2025-10-05T13:00-04:00,BAL,HOU,-34.0,0.365931845022768,0.35862881490877196,0.365931845022768,0.0,-0.029532163742690062,0.08763295729250606
2025_05_LV_IND,2025,5,2025-10-05T13:00-04:00,IND,LV,34.0,6.4928900059408114,6.695281945937499,6.4928900059408114,0.0,-0.28767123287671237,-0.7286956521739131
2025_05_MIA_CAR,2025,5,2025-10-05T13:00-04:00,CAR,MIA,3.0,-2.6877490279121066,-2.644762903344433,-2.6877490279121066,0.0,0.09515482900220126,-0.3949048212061911
2025_05_NYG_NO,2025,5,2025-10-05T13:00-04:00,NO,NYG,12.0,1.5666465924242092,1.7668020098331279,1.5666465924242092,0.0,-1.2336886518442276,0.7381209379305478
2025_05_TB_SEA,2025,5,2025-10-05T16:05-04:00,SEA,TB,-3.0,1.3086181365639737,1.3028069121794286,1.3086181365639737,0.0,0.0,0.03361688024745911
2025_05_TEN_ARI,2025,5,2025-10-05T16:05-04:00,ARI,TEN,-1.0,12.032910864398866,12.032910864398866,12.032910864398866,0.0,,
2025_05_DET_CIN,2025,5,2025-10-05T16:25-04:00,CIN,DET,-13.0,-11.274173964356315,-11.319360493140504,-11.274173964356315,0.0,-0.0021739130434782613,0.2647368421052632
2025_05_WAS_LAC,2025,5,2025-10-05T16:25-04:00,LAC,WAS,-17.0,2.0062544301288634,1.8946240186097125,2.0062544301288634,0.0,0.2188057487188455,0.30949197860962574
2025_05_NE_BUF,2025,5,2025-10-05T20:20-04:00,BUF,NE,-3.0,11.291500757194882,11.272313884326524,11.291500757194882,0.0,-0.30000000000000004,0.5720449963410752
2025_05_KC_JAX,2025,5,2025-10-06T20:15-04:00,JAX,KC,3.0,-1.5641435595021458,-1.447799342253217,-1.5641435595021458,0.0,-0.3774939191977731,-0.09288194444444442
2025_06_PHI_NYG,2025,6,2025-10-09T20:15-04:00,NYG,PHI,17.0,-8.56421194319842,-8.466455721101916,-8.56421194319842,0.0,-0.35108420163334275,-0.025941306755260074
2025_06_DEN_NYJ,2025,6,2025-10-12T09:30-04:00,NYJ,DEN,-2.0,-8.270364137589391,-8.244575920824662,-8.270364137589391,0.0,0.0,-0.14918016194331987
2025_06_ARI_IND,2025,6,2025-10-12T13:00-04:00,IND,ARI,4.0,7.081934999989654,7.0062532687854215,7.081934999989654,0.0,0.15000000000000002,0.20727889735056593
2025_06_CLE_PIT,2025,6,2025-10-12T13:00-04:00,PIT,CLE,14.0,7.030101983437641,7.190712577906008,7.030101983437641,0.0,-0.274325964408892,-0.5075076985603302
2025_06_DAL_CAR,2025,6,2025-10-12T13:00-04:00,CAR,DAL,3.0,-3.516865728955282,-3.626104185383272,-3.516865728955282,0.0,0.30000000000000004,0.17087226687413032
2025_06_LAC_MIA,2025,6,2025-10-12T13:00-04:00,MIA,LAC,-2.0,-0.7607171794859453,-0.6988031226715903,-0.7607171794859453,0.0,-0.35446404341926735,0.18659340659340662
2025_06_LA_BAL,2025,6,2025-10-12T13:00-04:00,BAL,LAR,-14.0,-3.4330789779327624,-3.51379818754664,-3.4330789779327624,0.0,0.3038348725937465,0.0
2025_06_NE_NO,2025,6,2025-10-12T13:00-04:00,NO,NE,-6.0,-1.044611632376561,-1.0792170303594113,-1.044611632376561,0.0,-0.2206603966469025,0.5393059855521156
2025_06_SEA_JAX,2025,6,2025-10-12T13:00-04:00,JAX,SEA,-8.0,-0.6041234974173397,-0.471177543573265,-0.6041234974173397,0.0,-0.39219835269531,-0.16632160110420974
2025_06_TEN_LV,2025,6,2025-10-12T16:05-04:00,LV,TEN,10.0,4.348877817012377,4.245250037265615,4.348877817012377,0.0,0.3900649350649351,0.0
2025_06_CIN_GB,2025,6,2025-10-12T16:25-04:00,GB,CIN,9.0,12.278016379637961,12.451032111153415,12.278016379637961,0.0,-0.51519549432491,-0.20909090909090913
2025_06_SF_TB,2025,6,2025-10-12T16:25-04:00,TB,SF,11.0,6.982016925331008,6.758847106219946,6.982016925331008,0.0,0.507775119617225,0.5106271583141113
2025_06_DET_KC,2025,6,2025-10-12T20:20-04:00,KC,DET,13.0,-2.1501779839019277,-2.2883364440816125,-2.1501779839019277,0.0,0.15415004985044867,0.5623174872665535
2025_06_BUF_ATL,2025,6,2025-10-13T19:15-04:00,ATL,BUF,10.0,-4.7199363777259,-4.6227131531830405,-4.7199363777259,0.0,-0.09999999999999998,-0.4087346024636058
2025_06_CHI_WAS,2025,6,2025-10-13T20:15-04:00,WAS,CHI,-1.0,5.884848867511654,5.932095312037541,5.884848867511654,0.0,-0.17784016371936825,0.0
2025_07_PIT_CIN,2025,7,2025-10-16T20:15-04:00,CIN,PIT,2.0,-4.756638765236765,-4.725544293321215,-4.756638765236765,0.0,-0.2973214285714286,0.2770599868160844
2025_07_LA_JAX,2025,7,2025-10-19T09:30-04:00,JAX,LAR,-28.0,-3.192019220568729,-3.3276276792922412,-3.192019220568729,0.0,0.41606114097866664,0.1450503890802399
2025_07_CAR_NYJ,2025,7,2025-10-19T13:00-04:00,NYJ,CAR,-7.0,0.7409610943569427,0.7409610943569427,0.7409610943569427,0.0,,
2025_07_LV_KC,2025,7,2025-10-19T13:00-04:00,KC,LV,31.0,11.11078426583951,11.089660232271918,11.11078426583951,0.0,0.01646795827123696,0.09689006750241078
2025_07_MIA_CLE,2025,7,2025-10-19T13:00-04:00,CLE,MIA,25.0,-2.6151915717363883,-2.630087495213346,-2.6151915717363883,0.0,0.028540698471532087,0.042307692307692324
2025_07_NE_TEN,2025,7,2025-10-19T13:00-04:00,TEN,NE,-18.0,-6.640987051175991,-6.6390227999486315,-6.640987051175991,0.0,0.16811655405405407,-0.26973131379081294
2025_07_NO_CHI,2025,7,2025-10-19T13:00-04:00,CHI,NO,12.0,5.552783441358142,5.615328563309676,5.552783441358142,0.0,-0.23542585774077374,0.0
2025_07_PHI_MIN,2025,7,2025-10-19T13:00-04:00,MIN,PHI,-6.0,0.17056769171381259,0.17056769171381259,0.17056769171381259,0.0,,
2025_07_IND_LAC,2025,7,2025-10-19T16:05-04:00,LAC,IND,-14.0,0.5422778616225192,0.5118779974299903,0.5422778616225192,0.0,-0.26938285409667473,0.589856423051409
2025_07_NYG_DEN,2025,7,2025-10-19T16:05-04:00,DEN,NYG,1.0,9.31322523623209,9.200827006070721,9.31322523623209,0.0,0.14009344012204422,0.434902003021328
2025_07_GB_ARI,2025,7,2025-10-19T16:25-04:00,ARI,GB,-4.0,-4.497781230646123,-4.616158084208179,-4.497781230646123,0.0,0.3163796900783463,0.19856325325245433
2025_07_WAS_DAL,2025,7,2025-10-19T16:25-04:00,DAL,WAS,22.0,0.023900560347730693,-0.2656738709561768,0.023900560347730693,0.0,0.6143155149934811,0.7310301214969633
2025_07_ATL_SF,2025,7,2025-10-19T20:20-04:00,SF,ATL,10.0,-1.088078693050846,-1.1818343560030213,-1.088078693050846,0.0,0.5700649350649352,-0.33373985485464
2025_07_TB_DET,2025,7,2025-10-20T19:00-04:00,DET,TB,15.0,4.7123320467527225,4.705270625852059,4.7123320467527225,0.0,0.09524256226828592,-0.10552366987850859
2025_07_HOU_SEA,2025,7,2025-10-20T22:00-04:00,SEA,HOU,8.0,0.9749825737267681,0.9749825737267681,0.9749825737267681,0.0,,
2025_08_MIN_LAC,2025,8,2025-10-23T20:15-04:00,LAC,MIN,27.0,3.2123206155320854,3.347398650517804,3.2123206155320854,0.0,-0.1124112999403698,-0.6086436234536585
2025_08_BUF_CAR,2025,8,2025-10-26T13:00-04:00,CAR,BUF,-31.0,-2.9974198360647826,-2.9974198360647826,-2.9974198360647826,0.0,,
2025_08_CHI_BAL,2025,8,2025-10-26T13:00-04:00,BAL,CHI,14.0,-1.853693715126989,-1.8509019941432778,-1.853693715126989,0.0,-0.01050830642991657,0.0
2025_08_CLE_NE,2025,8,2025-10-26T13:00-04:00,NE,CLE,19.0,6.830544833318253,6.741363173046329,6.830544833318253,0.0,0.32456646920607607,0.01709256844850065
2025_08_MIA_ATL,2025,8,2025-10-26T13:00-04:00,ATL,MIA,-24.0,4.708746699183207,4.83691213023196,4.708746699183207,0.0,-0.2686213786213786,-0.3285853497274262
2025_08_NYG_PHI,2025,8,2025-10-26T13:00-04:00,PHI,NYG,18.0,7.782987423929967,7.671239089706317,7.782987423929967,0.0,0.2087224356940671,0.3256705927573237
2025_08_NYJ_CIN,2025,8,2025-10-26T13:00-04:00,CIN,NYJ,-1.0,3.346926993787416,3.2182505629733367,3.346926993787416,0.0,0.4549142247862761,0.04523883670631429
2025_08_SF_HOU,2025,8,2025-10-26T13:00-04:00,HOU,SF,11.0,5.131328579545276,5.096307147789845,5.131328579545276,0.0,0.0,0.20259263788675555
2025_08_TB_NO,2025,8,2025-10-26T16:05-04:00,NO,TB,-20.0,-5.888061755883879,-5.936374262026876,-5.888061755883879,0.0,0.03218283582089551,0.23001918158567777
2025_08_DAL_DEN,2025,8,2025-10-26T16:25-04:00,DEN,DAL,20.0,3.2256694401936397,3.127709432529775,3.2256694401936397,0.0,0.30000000000000004,0.10562848408559614
2025_08_TEN_IND,2025,8,2025-10-26T16:25-04:00,IND,TEN,24.0,15.739854699304157,15.785508923042492,15.739854699304157,0.0,0.016854407209236835,-0.2900039635406629
2025_08_GB_PIT,2025,8,2025-10-26T20:20-04:00,PIT,GB,-10.0,-2.048435455676104,-2.1457419889448426,-2.048435455676104,0.0,0.23869446954163487,0.19606512890094982
2025_08_WAS_KC,2025,8,2025-10-27T20:15-04:00,KC,WAS,21.0,6.90170737417997,6.711634669237066,6.90170737417997,0.0,0.4821052631578948,0.3586168465710421
2025_09_BAL_MIA,2025,9,2025-10-30T20:15-04:00,MIA,BAL,-22.0,-2.2764104791913624,-2.190184757693648,-2.2764104791913624,0.0,-0.037033492822966516,-0.4418855733082707
2025_09_ATL_NE,2025,9,2025-11-02T13:00-05:00,NE,ATL,1.0,4.806380312935681,4.625646396822493,4.806380312935681,0.0,0.09999999999999998,0.8918288236002673
2025_09_CAR_GB,2025,9,2025-11-02T13:00-05:00,GB,CAR,-3.0,13.457775437673973,13.277871158027942,13.457775437673973,0.0,0.5182614696921088,0.2442279942279943
2025_09_CHI_CIN,2025,9,2025-11-02T13:00-05:00,CIN,CHI,-5.0,-3.385843583509056,-3.3335031359064935,-3.385843583509056,0.0,-0.30000000000000004,0.15827240599207593
2025_09_DEN_HOU,2025,9,2025-11-02T13:00-05:00,HOU,DEN,-3.0,0.10541003865610993,0.20400096788719752,0.10541003865610993,0.0,-0.31457746478873244,-0.08687500000000001
2025_09_IND_PIT,2025,9,2025-11-02T13:00-05:00,PIT,IND,7.0,-3.359762961149741,-3.4002531126064315,-3.359762961149741,0.0,-0.19557083466581385,0.5347895412953433
2025_09_LAC_TEN,2025,9,2025-11-02T13:00-05:00,TEN,LAC,-7.0,-11.578815419314672,-11.531087813461387,-11.578815419314672,0.0,0.0,-0.276095553070499
2025_09_MIN_DET,2025,9,2025-11-02T13:00-05:00,DET,MIN,-3.0,14.80717393836327,14.628292751357442,14.80717393836327,0.0,0.22012982720311441,0.6964906324046417
2025_09_SF_NYG,2025,9,2025-11-02T13:00-05:00,NYG,SF,-10.0,-0.7637433183782619,-0.8756575873886586,-0.7637433183782619,0.0,-0.013460881224039115,0.6680910099889014
2025_09_JAX_LV,2025,9,2025-11-02T16:05-05:00,LV,JAX,-1.0,-2.6996351584034692,-2.7461355282656683,-2.6996351584034692,0.0,0.07983746130030958,0.14629870129870126
2025_09_NO_LA,2025,9,2025-11-02T16:05-05:00,LAR,NO,24.0,13.127245679851052,13.13709513385469,13.127245679851052,0.0,-0.07079870129870136,0.05182906655121372
2025_09_KC_BUF,2025,9,2025-11-02T16:25-05:00,BUF,KC,7.0,0.7533058325677717,0.5955426989607678,0.7533058325677717,0.0,0.5938356164383563,0.0
2025_09_SEA_WAS,2025,9,2025-11-02T20:20-05:00,WAS,SEA,-24.0,-1.052479960473849,-0.8731722833052047,-1.052479960473849,0.0,-0.6221817641760938,-0.08106774858728433
2025_09_ARI_DAL,2025,9,2025-11-03T20:15-05:00,DAL,ARI,-10.0,3.788075926774804,3.788075926774804,3.788075926774804,0.0,,
2025_10_LV_DEN,2025,10,2025-11-06T20:15-05:00,DEN,LV,3.0,12.031360695017751,11.943482004527523,12.031360695017751,0.0,0.0,0.5083623035397121
2025_10_ATL_IND,2025,10,2025-11-09T09:30-05:00,IND,ATL,6.0,4.673527457655052,4.596806031797492,4.673527457655052,0.0,0.30000000000000004,-0.01723286387873138
2025_10_BAL_MIN,2025,10,2025-11-09T13:00-05:00,MIN,BAL,-8.0,-7.351720164105233,-7.323630905701212,-7.351720164105233,0.0,0.0288289429246876,-0.2067967832681017
2025_10_BUF_MIA,2025,10,2025-11-09T13:00-05:00,MIA,BUF,17.0,-6.9364613575865945,-6.932835940098649,-6.9364613575865945,0.0,-0.07986270022883298,0.10176391877848456
2025_10_CLE_NYJ,2025,10,2025-11-09T13:00-05:00,NYJ,CLE,7.0,0.8979909720524826,0.8593836391924277,0.8979909720524826,0.0,-0.04988385598141695,0.30000000000000004
2025_10_JAX_HOU,2025,10,2025-11-09T13:00-05:00,HOU,JAX,7.0,2.009470508407717,1.9978623138388794,2.009470508407717,0.0,0.01818982387475536,0.03919642857142856
2025_10_NE_TB,2025,10,2025-11-09T13:00-05:00,TB,NE,-5.0,5.191929311457857,5.328946724901236,5.191929311457857,0.0,-0.3219764924218992,-0.2977941176470589
2025_10_NO_CAR,2025,10,2025-11-09T13:00-05:00,CAR,NO,-10.0,5.5559870627739105,5.528753742368769,5.5559870627739105,0.0,-0.08823700759343098,0.2931461088804913
2025_10_NYG_CHI,2025,10,2025-11-09T13:00-05:00,CHI,NYG,4.0,6.8773894442354795,6.7977509833023815,6.8773894442354795,0.0,0.04444616977225674,0.3923873557087949
2025_10_ARI_SEA,2025,10,2025-11-09T16:05-05:00,SEA,ARI,22.0,6.644906685208344,6.660264904260467,6.644906685208344,0.0,-0.17082602787761902,0.17368799300876206
2025_10_DET_WAS,2025,10,2025-11-09T16:25-05:00,WAS,DET,-22.0,-8.1595390972151,-8.087083335652187,-8.1595390972151,0.0,0.16347735955775636,-0.6703822241096311
2025_10_LA_SF,2025,10,2025-11-09T16:25-05:00,SF,LAR,-16.0,-4.47183858004903,-4.484148856258564,-4.47183858004903,0.0,0.44178483606557384,-0.6077404978416728
2025_10_PIT_LAC,2025,10,2025-11-09T20:20-05:00,LAC,PIT,15.0,2.902250447063085,2.932091455378695,2.902250447063085,0.0,0.0,-0.17262482682258018
2025_10_PHI_GB,2025,10,2025-11-10T20:15-05:00,GB,PHI,-3.0,2.7237313445350524,2.85856236473858,2.7237313445350524,0.0,-0.5896849960445827,0.12627927627927632
2025_11_NYJ_NE,2025,11,2025-11-13T20:15-05:00,NE,NYJ,13.0,9.622461561247524,9.565739985683866,9.622461561247524,0.0,-0.03306431273644389,0.3789386423019193
2025_11_WAS_MIA,2025,11,2025-11-16T09:30-05:00,MIA,WAS,3.0,3.2515250996050296,3.1410086237443613,3.2515250996050296,0.0,0.47087447378492164,-0.08434158370398806
2025_11_CAR_ATL,2025,11,2025-11-16T13:00-05:00,ATL,CAR,-3.0,5.46411414237639,5.729378440135301,5.46411414237639,0.0,-0.6925595238095239,-0.4701517730037719
2025_11_CHI_MIN,2025,11,2025-11-16T13:00-05:00,MIN,CHI,-2.0,-4.7882839195776885,-4.800108280498846,-4.7882839195776885,0.0,0.0,0.06840178571428579
2025_11_CIN_PIT,2025,11,2025-11-16T13:00-05:00,PIT,CIN,22.0,6.83259049948828,6.845005936954212,6.83259049948828,0.0,-0.046732901358942536,0.0
2025_11_GB_NYG,2025,11,2025-11-16T13:00-05:00,NYG,GB,-7.0,-8.611772114837246,-8.684021903505801,-8.611772114837246,0.0,0.5770328674468308,-0.46885604816639315
2025_11_HOU_TEN,2025,11,2025-11-16T13:00-05:00,TEN,HOU,-3.0,-8.452240674358736,-8.366779383784422,-8.452240674358736,0.0,-0.019253485996236525,-0.464788529069383
2025_11_LAC_JAX,2025,11,2025-11-16T13:00-05:00,JAX,LAC,29.0,-3.240788999054266,-3.3871239682426935,-3.240788999054266,0.0,0.24118422618035967,0.47585938721555965
2025_11_TB_BUF,2025,11,2025-11-16T13:00-05:00,BUF,TB,12.0,2.397673271581669,2.498644814732576,2.397673271581669,0.0,0.0,-0.584102084154992
2025_11_SEA_LA,2025,11,2025-11-16T16:05-05:00,LAR,SEA,2.0,3.0757181455522966,3.2945276032084267,3.0757181455522966,0.0,-0.5370419254658386,-0.44042481908335573
2025_11_SF_ARI,2025,11,2025-11-16T16:05-05:00,ARI,SF,-19.0,-0.9467327414674249,-0.7400900676695685,-0.9467327414674249,0.0,-0.5399335783232361,-0.36559816695747116
2025_11_BAL_CLE,2025,11,2025-11-16T16:25-05:00,CLE,BAL,-7.0,-8.612020326141236,-8.623348209085094,-8.612020326141236,0.0,0.27321428571428574,-0.35435726830645176
2025_11_KC_DEN,2025,11,2025-11-16T16:25-05:00,DEN,KC,3.0,-1.4313579136992818,-1.4313579136992818,-1.4313579136992818,0.0,0.0,0.0
2025_11_DET_PHI,2025,11,2025-11-16T20:20-05:00,PHI,DET,7.0,-2.276700118138334,-2.5382518894509594,-2.276700118138334,0.0,0.7970732668067227,0.288054435483871
2025_11_DAL_LV,2025,11,2025-11-17T20:15-05:00,LV,DAL,-17.0,-4.037002918721537,-4.089092381515507,-4.037002918721537,0.0,0.0,0.3013281052365292
2025_12_BUF_HOU,2025,12,2025-11-20T20:15-05:00,HOU,BUF,4.0,-3.2199083340058605,-3.2654082955643897,-3.2199083340058605,0.0,0.1712662337662338,0.0
2025_12_IND_KC,2025,12,2025-11-23T13:00-05:00,KC,IND,3.0,3.3500495124732055,3.478791968820328,3.3500495124732055,0.0,-0.5338975155279504,0.07576400679117146
2025_12_MIN_GB,2025,12,2025-11-23T13:00-05:00,GB,MIN,17.0,11.906150810135873,11.973519836154424,11.906150810135873,0.0,-0.1533595876062477,-0.1540282506203609
2025_12_NE_CIN,2025,12,2025-11-23T13:00-05:00,CIN,NE,-6.0,-6.442588008968956,-6.542860257314977,-6.442588008968956,0.0,0.17776187319189973,0.3068649885583524
2025_12_NYG_DET,2025,12,2025-11-23T13:00-05:00,DET,NYG,7.0,13.807761842128762,14.168031536729746,13.807761842128762,0.0,-1.1271219361143965,-0.35188728585254825
2025_12_NYJ_BAL,2025,12,2025-11-23T13:00-05:00,BAL,NYJ,13.0,12.280150231008895,12.199096882519353,12.280150231008895,0.0,0.0,0.4688789366101415
2025_12_PIT_CHI,2025,12,2025-11-23T13:00-05:00,CHI,PIT,3.0,3.624720378173091,3.4685323283202893,3.624720378173091,0.0,0.53151364764268,0.08666740613388058
2025_12_SEA_TEN,2025,12,2025-11-23T13:00-05:00,TEN,SEA,-6.0,-12.550362347367493,-12.578944828023818,-12.550362347367493,0.0,0.33407690722251526,-0.3480787415492025
2025_12_CLE_LV,2025,12,2025-11-23T16:05-05:00,LV,CLE,-14.0,2.504839783651634,2.389364586525642,2.504839783651634,0.0,0.2781818181818182,0.24048176647708266
2025_12_JAX_ARI,2025,12,2025-11-23T16:05-05:00,ARI,JAX,-3.0,-0.15908791834961977,-0.14451125359963102,-0.15908791834961977,0.0,0.06226021161082246,-0.18000743402801667
2025_12_ATL_NO,2025,12,2025-11-23T16:25-05:00,NO,ATL,-14.0,-1.022191761766036,-1.317343487959556,-1.022191761766036,0.0,0.510415773848342,0.9229711831708332
2025_12_PHI_DAL,2025,12,2025-11-23T16:25-05:00,DAL,PHI,3.0,-1.6955910807342778,-1.746812965204523,-1.6955910807342778,0.0,0.2770833333333334,-0.12952380952380954
2025_12_TB_LA,2025,12,2025-11-23T20:20-05:00,LAR,TB,27.0,5.23998218040614,5.292339614812249,5.23998218040614,0.0,-0.0468011159925264,-0.23095238095238096
2025_12_CAR_SF,2025,12,2025-11-24T20:15-05:00,SF,CAR,11.0,8.598137910998187,8.608253999082825,8.598137910998187,0.0,0.0,-0.05851973684210528
2025_13_GB_DET,2025,13,2025-11-27T13:00-05:00,DET,GB,-7.0,1.7930224361210136,2.0225803658199,1.7930224361210136,0.0,-0.8069068669677781,-0.08786317445451386
2025_13_KC_DAL,2025,13,2025-11-27T16:30-05:00,DAL,KC,3.0,-2.7716029661764616,-2.7716029661764616,-2.7716029661764616,0.0,0.0,0.0
2025_13_CIN_BAL,2025,13,2025-11-27T20:20-05:00,BAL,CIN,-18.0,7.60368095486101,7.630247757060113,7.60368095486101,0.0,-0.09999999999999998,0.0
2025_13_CHI_PHI,2025,13,2025-11-28T15:00-05:00,PHI,CHI,-9.0,3.9951219438068772,3.91025125850891,3.9951219438068772,0.0,0.0,0.4909615384615385
2025_13_ARI_TB,2025,13,2025-11-30T13:00-05:00,TB,ARI,3.0,2.8149902073772806,3.0433738113198596,2.8149902073772806,0.0,-0.3505128030974497,-0.7824751939379667
2025_13_ATL_NYJ,2025,13,2025-11-30T13:00-05:00,NYJ,ATL,3.0,-2.9993056741182405,-3.1465172809825237,-2.9993056741182405,0.0,0.3875193506132657,0.2560367033228672
2025_13_HOU_IND,2025,13,2025-11-30T13:00-05:00,IND,HOU,-4.0,1.9018853828925457,1.973026895133655,1.9018853828925457,0.0,-0.2563348416289593,-0.017594768845954803
2025_13_JAX_TEN,2025,13,2025-11-30T13:00-05:00,TEN,JAX,-22.0,-6.248709091952167,-6.1106227547518,-6.248709091952167,0.0,-0.465099697201945,-0.08401998491704377
2025_13_LA_CAR,2025,13,2025-11-30T13:00-05:00,CAR,LAR,3.0,-10.91938175744335,-11.087649903541589,-10.91938175744335,0.0,0.236259228876128,0.610307781649245
2025_13_NO_MIA,2025,13,2025-11-30T13:00-05:00,MIA,NO,4.0,7.976077824475336,8.087923938146595,7.976077824475336,0.0,-0.1769447205443841,-0.3750735366318563
2025_13_SF_CLE,2025,13,2025-11-30T13:00-05:00,CLE,SF,-18.0,-6.647028916207926,-6.629792844004932,-6.647028916207926,0.0,-0.06487823439878235,0.0
2025_13_MIN_SEA,2025,13,2025-11-30T16:05-05:00,SEA,MIN,26.0,11.523734532899907,11.412436131540414,11.523734532899907,0.0,-0.07604166666666666,0.7607050676314745
2025_13_BUF_PIT,2025,13,2025-11-30T16:25-05:00,PIT,BUF,-19.0,-1.2859063127891635,-1.2212276378183624,-1.2859063127891635,0.0,-0.24345675661703892,0.0
2025_13_LV_LAC,2025,13,2025-11-30T16:25-05:00,LAC,LV,17.0,11.461159699661952,11.40618399469884,11.461159699661952,0.0,0.05166666666666665,0.2386210221793636
2025_13_DEN_WAS,2025,13,2025-11-30T20:20-05:00,WAS,DEN,-1.0,-5.955072740909147,-5.625190606545411,-5.955072740909147,0.0,-0.8663064582639934,-0.5769327731092437
2025_13_NYG_NE,2025,13,2025-12-01T20:15-05:00,NE,NYG,18.0,8.551004429463276,8.612346998681202,8.551004429463276,0.0,-0.30000000000000004,0.10619676335788861
2025_14_DAL_DET,2025,14,2025-12-04T20:15-05:00,DET,DAL,14.0,5.213405204858339,5.5384114607392805,5.213405204858339,0.0,-1.160629539951574,-0.0963988095238095
2025_14_CIN_BUF,2025,14,2025-12-07T13:00-05:00,BUF,CIN,5.0,6.290975578591556,6.315411353876293,6.290975578591556,0.0,-0.09197860962566848,0.0
2025_14_IND_JAX,2025,14,2025-12-07T13:00-05:00,JAX,IND,17.0,-1.8231941938537641,-1.712635184831645,-1.8231941938537641,0.0,-0.01775528169014084,-0.6122767857142858
2025_14_MIA_NYJ,2025,14,2025-12-07T13:00-05:00,NYJ,MIA,-24.0,-2.981871994498897,-3.0897149626392535,-2.981871994498897,0.0,0.30000000000000004,0.16279961995020867
2025_14_NO_TB,2025,14,2025-12-07T13:00-05:00,TB,NO,-4.0,10.539582296991133,10.509065011152586,10.539582296991133,0.0,0.17993852459016396,-0.09999999999999998
2025_14_PIT_BAL,2025,14,2025-12-07T13:00-05:00,BAL,PIT,-5.0,5.736132699486088,5.704952774139986,5.736132699486088,0.0,-0.012772808586762108,0.19999999999999996
2025_14_SEA_ATL,2025,14,2025-12-07T13:00-05:00,ATL,SEA,-28.0,-5.351719855679068,-5.237008096344155,-5.351719855679068,0.0,-0.1226049810471452,-0.4751623376623377
2025_14_TEN_CLE,2025,14,2025-12-07T13:00-05:00,CLE,TEN,-2.0,4.496046672631171,4.639434493676425,4.496046672631171,0.0,-0.07377690802348337,-0.7160891623717344
2025_14_WAS_MIN,2025,14,2025-12-07T13:00-05:00,MIN,WAS,31.0,-3.2458857467142352,-3.2432223172329486,-3.2458857467142352,0.0,-0.023594959407313376,0.020854252871325252
2025_14_DEN_LV,2025,14,2025-12-07T16:05-05:00,LV,DEN,-7.0,-10.833776976287737,-10.561420833151008,-10.833776976287737,0.0,-0.5432027649769586,-0.7407144604844631
2025_14_CHI_GB,2025,14,2025-12-07T16:25-05:00,GB,CHI,7.0,4.938790958693156,5.156336891624408,4.938790958693156,0.0,-0.566703262015762,-0.38753078817733994
2025_14_LA_ARI,2025,14,2025-12-07T16:25-05:00,ARI,LAR,-28.0,-7.861647964018591,-7.934116629711741,-7.861647964018591,0.0,0.03987341772151903,0.3579389837494743
2025_14_HOU_KC,2025,14,2025-12-07T20:20-05:00,KC,HOU,-10.0,3.793062759515094,3.7412028813071703,3.793062759515094,0.0,0.0,0.30000000000000004
2025_14_PHI_LAC,2025,14,2025-12-08T20:15-05:00,LAC,PHI,3.0,-2.8269756968258224,-2.6608346427974023,-2.8269756968258224,0.0,-0.5675383233192498,-0.08887951996235001
2025_15_ATL_TB,2025,15,2025-12-11T20:15-05:00,TB,ATL,-1.0,6.105239583185031,6.054306611462106,6.105239583185031,0.0,-0.14671365954631727,0.5201136363636364
2025_15_ARI_HOU,2025,15,2025-12-14T13:00-05:00,HOU,ARI,20.0,9.780972748447676,9.751152809970545,9.780972748447676,0.0,-0.007644690447771274,0.1842516182129591
2025_15_BAL_CIN,2025,15,2025-12-14T13:00-05:00,CIN,BAL,-24.0,-0.4869951474602095,-0.6573234821195071,-0.4869951474602095,0.0,0.30000000000000004,0.5242661448140902
2025_15_BUF_NE,2025,15,2025-12-14T13:00-05:00,NE,BUF,-4.0,0.1840101276706697,0.20886993090978045,0.1840101276706697,0.0,0.15000000000000002,-0.37433566433566434
2025_15_CLE_CHI,2025,15,2025-12-14T13:00-05:00,CHI,CLE,28.0,10.338951866164795,10.204180814316128,10.338951866164795,0.0,0.3751419814910864,0.20309239940387483
2025_15_LAC_KC,2025,15,2025-12-14T13:00-05:00,KC,LAC,-3.0,4.913077095661542,4.856710816638489,4.913077095661542,0.0,0.16621345328153747,0.07062500000000001
2025_15_LV_PHI,2025,15,2025-12-14T13:00-05:00,PHI,LV,31.0,13.527649554772333,13.469946661523785,13.527649554772333,0.0,0.021993670886075945,0.30000000000000004
2025_15_NYJ_JAX,2025,15,2025-12-14T13:00-05:00,JAX,NYJ,28.0,12.494870611906359,12.584721702669325,12.494870611906359,0.0,-0.3398909586551567,0.0025862068965517245
2025_15_WAS_NYG,2025,15,2025-12-14T13:00-05:00,NYG,WAS,-8.0,2.0024003260734933,1.9198870933031102,2.0024003260734933,0.0,0.7235131910629063,-0.6346009056011943
2025_15_CAR_NO,2025,15,2025-12-14T16:25-05:00,NO,CAR,3.0,-1.6077851559705012,-1.6077851559705012,-1.6077851559705012,0.0,0.0,0.0
2025_15_DET_LA,2025,15,2025-12-14T16:25-05:00,LAR,DET,7.0,3.7803194271428744,3.830234947272957,3.7803194271428744,0.0,-0.047947005728400216,-0.2150652985074627
2025_15_GB_DEN,2025,15,2025-12-14T16:25-05:00,DEN,GB,8.0,-0.6964034260956464,-0.7704083301314606,-0.6964034260956464,0.0,0.20116188842603933,0.11895104895104897
2025_15_IND_SEA,2025,15,2025-12-14T16:25-05:00,SEA,IND,2.0,8.315050844414408,8.315050844414408,8.315050844414408,0.0,,
2025_15_TEN_SF,2025,15,2025-12-14T16:25-05:00,SF,TEN,13.0,14.508464610963577,14.34523604485361,14.508464610963577,0.0,0.6000000000000001,0.022142857142857148
2025_15_MIN_DAL,2025,15,2025-12-14T20:20-05:00,DAL,MIN,-8.0,6.943448553948748,6.867866803530873,6.943448553948748,0.0,0.1640943051880551,0.18503981523244573
2025_15_MIA_PIT,2025,15,2025-12-15T20:15-05:00,PIT,MIA,13.0,1.335133214016296,1.4185035199096347,1.335133214016296,0.0,-0.31381385410455176,0.0
2025_16_LA_SEA,2025,16,2025-12-18T20:15-05:00,SEA,LAR,1.0,-0.04345020272494776,-0.0690930023973298,-0.04345020272494776,0.0,0.0,0.14833895040924414
2025_16_PHI_WAS,2025,16,2025-12-20T17:00-05:00,WAS,PHI,-11.0,-6.991011239257768,-6.878789349972906,-6.991011239257768,0.0,0.0,-0.6491832983193276
2025_16_GB_CHI,2025,16,2025-12-20T20:20-05:00,CHI,GB,6.0,-0.021735313684615454,-0.087611034664423,-0.021735313684615454,0.0,0.31008359456635315,-0.09547018703555255
2025_16_BUF_CLE,2025,16,2025-12-21T13:00-05:00,CLE,BUF,-3.0,-12.536255385792725,-12.615849198332727,-12.536255385792725,0.0,0.02761569416498994,0.417994844138912
2025_16_CIN_MIA,2025,16,2025-12-21T13:00-05:00,MIA,CIN,-24.0,-0.33110821299263904,-0.43088571444764145,-0.33110821299263904,0.0,0.2389140271493213,0.21002180697823308
2025_16_KC_TEN,2025,16,2025-12-21T13:00-05:00,TEN,KC,17.0,-5.865147414347799,-5.605105574933835,-5.865147414347799,0.0,-0.6945057172978673,-0.436949806949807
2025_16_LAC_DAL,2025,16,2025-12-21T13:00-05:00,DAL,LAC,-17.0,-0.6191195654042315,-0.6977092983195606,-0.6191195654042315,0.0,0.16624369345719164,0.19913718019962814
2025_16_MIN_NYG,2025,16,2025-12-21T13:00-05:00,NYG,MIN,-3.0,1.5948538490489923,1.47089071560989,1.5948538490489923,0.0,0.390625,0.11677560599691744
2025_16_NYJ_NO,2025,16,2025-12-21T13:00-05:00,NO,NYJ,23.0,6.8837354781499975,6.9309356892579155,6.8837354781499975,0.0,-0.05904797601199399,-0.18229729729729732
2025_16_TB_CAR,2025,16,2025-12-21T13:00-05:00,CAR,TB,3.0,-2.014173155168307,-2.031459781237615,-2.014173155168307,0.0,0.0,0.09999999999999998
2025_16_ATL_ARI,2025,16,2025-12-21T16:05-05:00,ARI,ATL,-7.0,-0.5191679085176693,-0.5883493551582897,-0.5191679085176693,0.0,0.15685111135916285,0.15914685739389056
2025_16_JAX_DEN,2025,16,2025-12-21T16:05-05:00,DEN,JAX,-14.0,2.195886528083865,2.2490201324820713,2.195886528083865,0.0,-0.20000000000000007,0.0
2025_16_LV_HOU,2025,16,2025-12-21T16:25-05:00,HOU,LV,2.0,16.055617600767526,16.07487901846789,16.055617600767526,0.0,0.12270374229932268,-0.30000000000000004
2025_16_PIT_DET,2025,16,2025-12-21T16:25-05:00,DET,PIT,-5.0,5.990169693354483,6.108814138042542,5.990169693354483,0.0,-0.4548076923076924,0.012630662020905958
2025_16_NE_BAL,2025,16,2025-12-21T20:20-05:00,BAL,NE,-4.0,1.7824045205861612,1.7728540632609213,1.7824045205861612,0.0,-0.29750000000000004,0.5124579748089579
2025_16_SF_IND,2025,16,2025-12-22T20:15-05:00,IND,SF,-21.0,-1.5487576538596035,-1.4628415600431688,-1.5487576538596035,0.0,0.0,-0.4970090373446413
2025_17_DAL_WAS,2025,17,2025-12-25T13:00-05:00,WAS,DAL,-7.0,-3.9589078522375787,-4.042308801699524,-3.9589078522375787,0.0,0.30000000000000004,0.021406970046082968
2025_17_DET_MIN,2025,17,2025-12-25T16:30-05:00,MIN,DET,13.0,-8.31982295119561,-8.605357707647432,-8.31982295119561,0.0,0.6232957517634938,0.6938601349071865
2025_17_DEN_KC,2025,17,2025-12-25T20:15-05:00,KC,DEN,-7.0,-3.1228302475439156,-3.0790474602385953,-3.1228302475439156,0.0,0.18050420168067233,-0.5306818181818183
2025_17_HOU_LAC,2025,17,2025-12-27T16:30-05:00,LAC,HOU,-4.0,1.4530856374105032,1.5534438716839372,1.4530856374105032,0.0,-0.30000000000000004,-0.11950179053622217
2025_17_BAL_GB,2025,17,2025-12-27T20:00-05:00,GB,BAL,-17.0,0.8416366466617617,1.1111592047015546,0.8416366466617617,0.0,-0.8013504771932063,-0.32759059873949586
2025_17_ARI_CIN,2025,17,2025-12-28T13:00-05:00,CIN,ARI,23.0,6.321839243404026,6.069512080493698,6.321839243404026,0.0,0.3944078315860797,0.8535246487285713
2025_17_JAX_IND,2025,17,2025-12-28T13:00-05:00,IND,JAX,-6.0,-2.8704031175102154,-2.947881380084254,-2.8704031175102154,0.0,0.09999999999999998,0.29451357466063344
2025_17_NE_NYJ,2025,17,2025-12-28T13:00-05:00,NYJ,NE,-32.0,-7.609813010607002,-7.637868062548781,-7.609813010607002,0.0,0.10259875259875262,0.004615384615384617
2025_17_NO_TEN,2025,17,2025-12-28T13:00-05:00,TEN,NO,-8.0,-1.196140824053085,-1.1823584937894396,-1.196140824053085,0.0,0.09773243674772789,-0.22992753623188406
2025_17_PIT_CLE,2025,17,2025-12-28T13:00-05:00,CLE,PIT,7.0,-9.280246133432474,-9.197082000138165,-9.280246133432474,0.0,-0.6573316283034953,0.5291250000000001
2025_17_SEA_CAR,2025,17,2025-12-28T13:00-05:00,CAR,SEA,-17.0,-7.218047897220572,-7.169879191518233,-7.218047897220572,0.0,-0.18131164353670245,0.0
2025_17_TB_MIA,2025,17,2025-12-28T13:00-05:00,MIA,TB,3.0,-2.885202175699069,-2.865742918799168,-2.885202175699069,0.0,0.052090395480225975,-0.19262295081967218
2025_17_NYG_LV,2025,17,2025-12-28T16:05-05:00,LV,NYG,-24.0,-1.778856923417913,-1.7823992648255578,-1.778856923417913,0.0,0.0,0.02049180327868852
2025_17_PHI_BUF,2025,17,2025-12-28T16:25-05:00,BUF,PHI,-1.0,1.8289771836208035,1.8816933096987385,1.8289771836208035,0.0,-0.19842857142857148,0.0
2025_17_CHI_SF,2025,17,2025-12-28T20:20-05:00,SF,CHI,4.0,2.545531718277731,2.3121919265544806,2.545531718277731,0.0,0.33841591394942094,0.8297368421052633
2025_17_LA_ATL,2025,17,2025-12-29T20:15-05:00,ATL,LAR,3.0,-9.33356882934778,-9.071322835515808,-9.33356882934778,0.0,-0.8579663194085463,-0.1984874242215221
2025_18_CAR_TB,2025,18,2026-01-03T16:30-05:00,TB,CAR,2.0,4.983660707515524,5.094881743751071,4.983660707515524,0.0,-0.3810461956521739,-0.057785985011628904
2025_18_SEA_SF,2025,18,2026-01-03T20:00-05:00,SF,SEA,-10.0,0.17228974527721985,0.25344944354914123,0.17228974527721985,0.0,-0.0109640455376937,-0.45264415200042285
2025_18_CLE_CIN,2025,18,2026-01-04T13:00-05:00,CIN,CLE,-2.0,11.986067718408167,11.916195896252695,11.986067718408167,0.0,0.0798076923076923,0.28154406883845334
2025_18_DAL_NYG,2025,18,2026-01-04T13:00-05:00,NYG,DAL,17.0,-0.662522525847888,-0.662522525847888,-0.662522525847888,0.0,,
2025_18_GB_MIN,2025,18,2026-01-04T13:00-05:00,MIN,GB,13.0,1.9675715107717116,1.974080634565179,1.9675715107717116,0.0,0.09999999999999998,-0.19133823951509418
2025_18_IND_HOU,2025,18,2026-01-04T13:00-05:00,HOU,IND,8.0,7.880130353265852,7.9410004440187425,7.880130353265852,0.0,-0.22912087912087914,0.0
2025_18_NO_ATL,2025,18,2026-01-04T13:00-05:00,ATL,NO,2.0,2.7726437806218085,3.146907532966644,2.7726437806218085,0.0,-0.9806285288920489,-0.6579775041704365
2025_18_TEN_JAX,2025,18,2026-01-04T13:00-05:00,JAX,TEN,34.0,13.686558443810828,13.694847363928467,13.686558443810828,0.0,0.027700032047858147,-0.09052045655493927
2025_18_ARI_LA,2025,18,2026-01-04T16:25-05:00,LAR,ARI,17.0,13.489714501215348,13.719911036993842,13.489714501215348,0.0,-0.7138830532212885,-0.23452024087136714
2025_18_DET_CHI,2025,18,2026-01-04T16:25-05:00,CHI,DET,-3.0,3.40239718982938,3.222391617640641,3.40239718982938,0.0,0.8727638676983438,-0.30000000000000004
2025_18_KC_LV,2025,18,2026-01-04T16:25-05:00,LV,KC,2.0,-7.112740912983667,-7.173399297852803,-7.112740912983667,0.0,0.14575260804769002,0.12689912826899127
2025_18_LAC_DEN,2025,18,2026-01-04T16:25-05:00,DEN,LAC,16.0,5.94058629220029,5.802444066506089,5.94058629220029,0.0,0.20121387621387624,0.48989393802918396
2025_18_MIA_NE,2025,18,2026-01-04T16:25-05:00,NE,MIA,28.0,10.607940006874145,10.523496636344962,10.607940006874145,0.0,0.12360832860832868,0.2985232060859701
2025_18_NYJ_BUF,2025,18,2026-01-04T16:25-05:00,BUF,NYJ,27.0,15.619845350590928,15.637728313964423,15.619845350590928,0.0,0.09486607142857145,-0.24924380704041726
2025_18_WAS_PHI,2025,18,2026-01-04T16:25-05:00,PHI,WAS,-7.0,10.29900461295039,10.144236960995954,10.29900461295039,0.0,0.5169398907103826,0.10084821428571429
2025_18_BAL_PIT,2025,18,2026-01-04T20:20-05:00,PIT,BAL,2.0,-1.7328310427171947,-1.7831292571721868,-1.7328310427171947,0.0,0.00849143206854347,0.2779160739687056
